time_sec,time_nsec,timestamp,frame_id,child_frame_id,gt_x,gt_y,gt_z,gt_orient_x,gt_orient_y,gt_orient_z,gt_orient_w
20,174000000,20.174,odom,base_footprint,-3.569207474423866e-06,1.7807144902872724e-13,0.0,0.0,0.0,-4.9891033401910384e-08,0.9999999999999988
20,203000000,20.203,indoor_world,differential_drive_robot,-3.5741685225951495e-06,-2.993451338640735e-08,-4.433823484413102e-07,-4.104671596714432e-10,8.208607569723231e-07,-4.9890855494449206e-08,0.9999999999996618
20,223000000,20.223,indoor_world,differential_drive_robot,-3.5741685225951495e-06,-2.993451338640735e-08,-4.433823484413102e-07,-4.104671596714432e-10,8.208607569723231e-07,-4.9890855494449206e-08,0.9999999999996618
20,243000000,20.243,indoor_world,differential_drive_robot,-3.5741685225951495e-06,-2.993451338640735e-08,-4.433823484413102e-07,-4.104671596714432e-10,8.208607569723231e-07,-4.9890855494449206e-08,0.9999999999996618
20,263000000,20.263,indoor_world,differential_drive_robot,-3.5741685225951495e-06,-2.993451338640735e-08,-4.433823484413102e-07,-4.104671596714432e-10,8.208607569723231e-07,-4.9890855494449206e-08,0.9999999999996618
20,283000000,20.283,indoor_world,differential_drive_robot,-3.5741685225951495e-06,-2.993451338640735e-08,-4.433823484413102e-07,-4.104671596714432e-10,8.208607569723231e-07,-4.9890855494449206e-08,0.9999999999996618
20,303000000,20.303,indoor_world,differential_drive_robot,-3.5741685225951495e-06,-2.993451338640735e-08,-4.433823484413102e-07,-4.104671596714432e-10,8.208607569723231e-07,-4.9890855494449206e-08,0.9999999999996618
20,323000000,20.323,indoor_world,differential_drive_robot,-3.5741685225951495e-06,-2.993451338640735e-08,-4.433823484413102e-07,-4.104671596714432e-10,8.208607569723231e-07,-4.9890855494449206e-08,0.9999999999996618
20,343000000,20.343,indoor_world,differential_drive_robot,-3.5741685225951495e-06,-2.993451338640735e-08,-4.433823484413102e-07,-4.104671596714432e-10,8.208607569723231e-07,-4.9890855494449206e-08,0.9999999999996618
20,363000000,20.363,indoor_world,differential_drive_robot,-3.5741685225951495e-06,-2.993451338640735e-08,-4.433823484413102e-07,-4.104671596714432e-10,8.208607569723231e-07,-4.9890855494449206e-08,0.9999999999996618
20,383000000,20.383,indoor_world,differential_drive_robot,-3.5741685225951495e-06,-2.993451338640735e-08,-4.433823484413102e-07,-4.104671596714432e-10,8.208607569723231e-07,-4.9890855494449206e-08,0.9999999999996618
20,403000000,20.403,indoor_world,differential_drive_robot,-3.5741685225951495e-06,-2.993451338640735e-08,-4.433823484413102e-07,-4.104671596714432e-10,8.208607569723231e-07,-4.9890855494449206e-08,0.9999999999996618
20,423000000,20.423000000000002,indoor_world,differential_drive_robot,-3.5741685225951495e-06,-2.993451338640735e-08,-4.433823484413102e-07,-4.104671596714432e-10,8.208607569723231e-07,-4.9890855494449206e-08,0.9999999999996618
20,443000000,20.443,indoor_world,differential_drive_robot,-3.5741685225951495e-06,-2.993451338640735e-08,-4.433823484413102e-07,-4.104671596714432e-10,8.208607569723231e-07,-4.9890855494449206e-08,0.9999999999996618
20,463000000,20.463,indoor_world,differential_drive_robot,-3.5741685225951495e-06,-2.993451338640735e-08,-4.433823484413102e-07,-4.104671596714432e-10,8.208607569723231e-07,-4.9890855494449206e-08,0.9999999999996618
20,483000000,20.483,indoor_world,differential_drive_robot,-3.5741685225951495e-06,-2.993451338640735e-08,-4.433823484413102e-07,-4.104671596714432e-10,8.208607569723231e-07,-4.9890855494449206e-08,0.9999999999996618
20,503000000,20.503,indoor_world,differential_drive_robot,-3.5741685225951495e-06,-2.993451338640735e-08,-4.433823484413102e-07,-4.104671596714432e-10,8.208607569723231e-07,-4.9890855494449206e-08,0.9999999999996618
20,523000000,20.523,indoor_world,differential_drive_robot,-3.5741685225951495e-06,-2.993451338640735e-08,-4.433823484413102e-07,-4.104671596714432e-10,8.208607569723231e-07,-4.9890855494449206e-08,0.9999999999996618
20,543000000,20.543,indoor_world,differential_drive_robot,-3.5741685225951495e-06,-2.993451338640735e-08,-4.433823484413102e-07,-4.104671596714432e-10,8.208607569723231e-07,-4.9890855494449206e-08,0.9999999999996618
20,563000000,20.563,indoor_world,differential_drive_robot,-3.5741685225951495e-06,-2.993451338640735e-08,-4.433823484413102e-07,-4.104671596714432e-10,8.208607569723231e-07,-4.9890855494449206e-08,0.9999999999996618
20,583000000,20.583,indoor_world,differential_drive_robot,-3.5741685225951495e-06,-2.993451338640735e-08,-4.433823484413102e-07,-4.104671596714432e-10,8.208607569723231e-07,-4.9890855494449206e-08,0.9999999999996618
20,603000000,20.603,indoor_world,differential_drive_robot,-3.5741685225951495e-06,-2.993451338640735e-08,-4.433823484413102e-07,-4.104671596714432e-10,8.208607569723231e-07,-4.9890855494449206e-08,0.9999999999996618
20,623000000,20.623,indoor_world,differential_drive_robot,-3.5741685225951495e-06,-2.993451338640735e-08,-4.433823484413102e-07,-4.104671596714432e-10,8.208607569723231e-07,-4.9890855494449206e-08,0.9999999999996618
20,643000000,20.643,indoor_world,differential_drive_robot,-3.5741685225951495e-06,-2.993451338640735e-08,-4.433823484413102e-07,-4.104671596714432e-10,8.208607569723231e-07,-4.9890855494449206e-08,0.9999999999996618
20,663000000,20.663,indoor_world,differential_drive_robot,-3.5741685225951495e-06,-2.993451338640735e-08,-4.433823484413102e-07,-4.104671596714432e-10,8.208607569723231e-07,-4.9890855494449206e-08,0.9999999999996618
20,683000000,20.683,indoor_world,differential_drive_robot,-3.5741685225951495e-06,-2.993451338640735e-08,-4.433823484413102e-07,-4.104671596714432e-10,8.208607569723231e-07,-4.9890855494449206e-08,0.9999999999996618
20,703000000,20.703,indoor_world,differential_drive_robot,-3.5741685225951495e-06,-2.993451338640735e-08,-4.433823484413102e-07,-4.104671596714432e-10,8.208607569723231e-07,-4.9890855494449206e-08,0.9999999999996618
20,723000000,20.723,indoor_world,differential_drive_robot,-3.5741685225951495e-06,-2.993451338640735e-08,-4.433823484413102e-07,-4.104671596714432e-10,8.208607569723231e-07,-4.9890855494449206e-08,0.9999999999996618
20,743000000,20.743,indoor_world,differential_drive_robot,-3.5741685225951495e-06,-2.993451338640735e-08,-4.433823484413102e-07,-4.104671596714432e-10,8.208607569723231e-07,-4.9890855494449206e-08,0.9999999999996618
20,763000000,20.763,indoor_world,differential_drive_robot,-3.5741685225951495e-06,-2.993451338640735e-08,-4.433823484413102e-07,-4.104671596714432e-10,8.208607569723231e-07,-4.9890855494449206e-08,0.9999999999996618
20,783000000,20.783,indoor_world,differential_drive_robot,-3.5741685225951495e-06,-2.993451338640735e-08,-4.433823484413102e-07,-4.104671596714432e-10,8.208607569723231e-07,-4.9890855494449206e-08,0.9999999999996618
20,803000000,20.803,indoor_world,differential_drive_robot,-3.5741685225951495e-06,-2.993451338640735e-08,-4.433823484413102e-07,-4.104671596714432e-10,8.208607569723231e-07,-4.9890855494449206e-08,0.9999999999996618
20,823000000,20.823,indoor_world,differential_drive_robot,-3.5741685225951495e-06,-2.993451338640735e-08,-4.433823484413102e-07,-4.104671596714432e-10,8.208607569723231e-07,-4.9890855494449206e-08,0.9999999999996618
20,843000000,20.843,indoor_world,differential_drive_robot,-3.5741685225951495e-06,-2.993451338640735e-08,-4.433823484413102e-07,-4.104671596714432e-10,8.208607569723231e-07,-4.9890855494449206e-08,0.9999999999996618
20,863000000,20.863,indoor_world,differential_drive_robot,-3.5741685225951495e-06,-2.993451338640735e-08,-4.433823484413102e-07,-4.104671596714432e-10,8.208607569723231e-07,-4.9890855494449206e-08,0.9999999999996618
20,883000000,20.883,indoor_world,differential_drive_robot,-3.5741685225951495e-06,-2.993451338640735e-08,-4.433823484413102e-07,-4.104671596714432e-10,8.208607569723231e-07,-4.9890855494449206e-08,0.9999999999996618
20,903000000,20.903,indoor_world,differential_drive_robot,-3.5741685225951495e-06,-2.993451338640735e-08,-4.433823484413102e-07,-4.104671596714432e-10,8.208607569723231e-07,-4.9890855494449206e-08,0.9999999999996618
20,923000000,20.923000000000002,indoor_world,differential_drive_robot,-3.5741685225951495e-06,-2.993451338640735e-08,-4.433823484413102e-07,-4.104671596714432e-10,8.208607569723231e-07,-4.9890855494449206e-08,0.9999999999996618
20,943000000,20.943,indoor_world,differential_drive_robot,-3.5741685225951495e-06,-2.993451338640735e-08,-4.433823484413102e-07,-4.104671596714432e-10,8.208607569723231e-07,-4.9890855494449206e-08,0.9999999999996618
20,963000000,20.963,indoor_world,differential_drive_robot,-3.5741685225951495e-06,-2.993451338640735e-08,-4.433823484413102e-07,-4.104671596714432e-10,8.208607569723231e-07,-4.9890855494449206e-08,0.9999999999996618
20,983000000,20.983,indoor_world,differential_drive_robot,-3.5741685225951495e-06,-2.993451338640735e-08,-4.433823484413102e-07,-4.104671596714432e-10,8.208607569723231e-07,-4.9890855494449206e-08,0.9999999999996618
21,3000000,21.003,indoor_world,differential_drive_robot,-3.5741685225951495e-06,-2.993451338640735e-08,-4.433823484413102e-07,-4.104671596714432e-10,8.208607569723231e-07,-4.9890855494449206e-08,0.9999999999996618
21,23000000,21.023,indoor_world,differential_drive_robot,-3.5741685225951495e-06,-2.993451338640735e-08,-4.433823484413102e-07,-4.104671596714432e-10,8.208607569723231e-07,-4.9890855494449206e-08,0.9999999999996618
21,43000000,21.043,indoor_world,differential_drive_robot,-3.5741685225951495e-06,-2.993451338640735e-08,-4.433823484413102e-07,-4.104671596714432e-10,8.208607569723231e-07,-4.9890855494449206e-08,0.9999999999996618
21,63000000,21.063,indoor_world,differential_drive_robot,-3.5741685225951495e-06,-2.993451338640735e-08,-4.433823484413102e-07,-4.104671596714432e-10,8.208607569723231e-07,-4.9890855494449206e-08,0.9999999999996618
21,83000000,21.083,indoor_world,differential_drive_robot,-3.5741685225951495e-06,-2.993451338640735e-08,-4.433823484413102e-07,-4.104671596714432e-10,8.208607569723231e-07,-4.9890855494449206e-08,0.9999999999996618
21,103000000,21.103,indoor_world,differential_drive_robot,-3.5741685225951495e-06,-2.993451338640735e-08,-4.433823484413102e-07,-4.104671596714432e-10,8.208607569723231e-07,-4.9890855494449206e-08,0.9999999999996618
21,123000000,21.123,indoor_world,differential_drive_robot,-3.5741685225951495e-06,-2.993451338640735e-08,-4.433823484413102e-07,-4.104671596714432e-10,8.208607569723231e-07,-4.9890855494449206e-08,0.9999999999996618
21,143000000,21.143,indoor_world,differential_drive_robot,-3.5741685225951495e-06,-2.993451338640735e-08,-4.433823484413102e-07,-4.104671596714432e-10,8.208607569723231e-07,-4.9890855494449206e-08,0.9999999999996618
21,163000000,21.163,indoor_world,differential_drive_robot,-3.5741685225951495e-06,-2.993451338640735e-08,-4.433823484413102e-07,-4.104671596714432e-10,8.208607569723231e-07,-4.9890855494449206e-08,0.9999999999996618
21,183000000,21.183,indoor_world,differential_drive_robot,-3.5741685225951495e-06,-2.993451338640735e-08,-4.433823484413102e-07,-4.104671596714432e-10,8.208607569723231e-07,-4.9890855494449206e-08,0.9999999999996618
21,203000000,21.203,indoor_world,differential_drive_robot,-3.5741685225951495e-06,-2.993451338640735e-08,-4.433823484413102e-07,-4.104671596714432e-10,8.208607569723231e-07,-4.9890855494449206e-08,0.9999999999996618
21,223000000,21.223,indoor_world,differential_drive_robot,-3.5741685225951495e-06,-2.993451338640735e-08,-4.433823484413102e-07,-4.104671596714432e-10,8.208607569723231e-07,-4.9890855494449206e-08,0.9999999999996618
21,243000000,21.243,indoor_world,differential_drive_robot,-3.5741685225951495e-06,-2.993451338640735e-08,-4.433823484413102e-07,-4.104671596714432e-10,8.208607569723231e-07,-4.9890855494449206e-08,0.9999999999996618
21,263000000,21.263,indoor_world,differential_drive_robot,-3.5741685225951495e-06,-2.993451338640735e-08,-4.433823484413102e-07,-4.104671596714432e-10,8.208607569723231e-07,-4.9890855494449206e-08,0.9999999999996618
21,283000000,21.283,indoor_world,differential_drive_robot,-3.5741685225951495e-06,-2.993451338640735e-08,-4.433823484413102e-07,-4.104671596714432e-10,8.208607569723231e-07,-4.9890855494449206e-08,0.9999999999996618
21,303000000,21.303,indoor_world,differential_drive_robot,-3.5741685225951495e-06,-2.993451338640735e-08,-4.433823484413102e-07,-4.104671596714432e-10,8.208607569723231e-07,-4.9890855494449206e-08,0.9999999999996618
21,323000000,21.323,indoor_world,differential_drive_robot,-3.5741685225951495e-06,-2.993451338640735e-08,-4.433823484413102e-07,-4.104671596714432e-10,8.208607569723231e-07,-4.9890855494449206e-08,0.9999999999996618
21,343000000,21.343,indoor_world,differential_drive_robot,-3.5741685225951495e-06,-2.993451338640735e-08,-4.433823484413102e-07,-4.104671596714432e-10,8.208607569723231e-07,-4.9890855494449206e-08,0.9999999999996618
21,363000000,21.363,indoor_world,differential_drive_robot,-3.5741685225951495e-06,-2.993451338640735e-08,-4.433823484413102e-07,-4.104671596714432e-10,8.208607569723231e-07,-4.9890855494449206e-08,0.9999999999996618
21,383000000,21.383,indoor_world,differential_drive_robot,-3.5741685225951495e-06,-2.993451338640735e-08,-4.433823484413102e-07,-4.104671596714432e-10,8.208607569723231e-07,-4.9890855494449206e-08,0.9999999999996618
21,403000000,21.403,indoor_world,differential_drive_robot,-3.5741685225951495e-06,-2.993451338640735e-08,-4.433823484413102e-07,-4.104671596714432e-10,8.208607569723231e-07,-4.9890855494449206e-08,0.9999999999996618
21,423000000,21.423000000000002,indoor_world,differential_drive_robot,-3.5741685225951495e-06,-2.993451338640735e-08,-4.433823484413102e-07,-4.104671596714432e-10,8.208607569723231e-07,-4.9890855494449206e-08,0.9999999999996618
21,443000000,21.443,indoor_world,differential_drive_robot,-3.5741685225951495e-06,-2.993451338640735e-08,-4.433823484413102e-07,-4.104671596714432e-10,8.208607569723231e-07,-4.9890855494449206e-08,0.9999999999996618
21,463000000,21.463,indoor_world,differential_drive_robot,-3.5741685225951495e-06,-2.993451338640735e-08,-4.433823484413102e-07,-4.104671596714432e-10,8.208607569723231e-07,-4.9890855494449206e-08,0.9999999999996618
21,483000000,21.483,indoor_world,differential_drive_robot,-3.5741685225951495e-06,-2.993451338640735e-08,-4.433823484413102e-07,-4.104671596714432e-10,8.208607569723231e-07,-4.9890855494449206e-08,0.9999999999996618
21,503000000,21.503,indoor_world,differential_drive_robot,-3.5741685225951495e-06,-2.993451338640735e-08,-4.433823484413102e-07,-4.104671596714432e-10,8.208607569723231e-07,-4.9890855494449206e-08,0.9999999999996618
21,523000000,21.523,indoor_world,differential_drive_robot,-3.5741685225951495e-06,-2.993451338640735e-08,-4.433823484413102e-07,-4.104671596714432e-10,8.208607569723231e-07,-4.9890855494449206e-08,0.9999999999996618
21,543000000,21.543,indoor_world,differential_drive_robot,-3.5741685225951495e-06,-2.993451338640735e-08,-4.433823484413102e-07,-4.104671596714432e-10,8.208607569723231e-07,-4.9890855494449206e-08,0.9999999999996618
21,563000000,21.563,indoor_world,differential_drive_robot,-3.5741685225951495e-06,-2.993451338640735e-08,-4.433823484413102e-07,-4.104671596714432e-10,8.208607569723231e-07,-4.9890855494449206e-08,0.9999999999996618
21,583000000,21.583,indoor_world,differential_drive_robot,-3.5741685225951495e-06,-2.993451338640735e-08,-4.433823484413102e-07,-4.104671596714432e-10,8.208607569723231e-07,-4.9890855494449206e-08,0.9999999999996618
21,603000000,21.603,indoor_world,differential_drive_robot,-3.5741685225951495e-06,-2.993451338640735e-08,-4.433823484413102e-07,-4.104671596714432e-10,8.208607569723231e-07,-4.9890855494449206e-08,0.9999999999996618
21,623000000,21.623,indoor_world,differential_drive_robot,-3.5741685225951495e-06,-2.993451338640735e-08,-4.433823484413102e-07,-4.104671596714432e-10,8.208607569723231e-07,-4.9890855494449206e-08,0.9999999999996618
21,643000000,21.643,indoor_world,differential_drive_robot,-3.5741685225951495e-06,-2.993451338640735e-08,-4.433823484413102e-07,-4.104671596714432e-10,8.208607569723231e-07,-4.9890855494449206e-08,0.9999999999996618
21,663000000,21.663,indoor_world,differential_drive_robot,-3.5741685225951495e-06,-2.993451338640735e-08,-4.433823484413102e-07,-4.104671596714432e-10,8.208607569723231e-07,-4.9890855494449206e-08,0.9999999999996618
21,683000000,21.683,indoor_world,differential_drive_robot,-3.5741685225951495e-06,-2.993451338640735e-08,-4.433823484413102e-07,-4.104671596714432e-10,8.208607569723231e-07,-4.9890855494449206e-08,0.9999999999996618
21,703000000,21.703,indoor_world,differential_drive_robot,-3.5741685225951495e-06,-2.993451338640735e-08,-4.433823484413102e-07,-4.104671596714432e-10,8.208607569723231e-07,-4.9890855494449206e-08,0.9999999999996618
21,723000000,21.723,indoor_world,differential_drive_robot,-3.5741685225951495e-06,-2.993451338640735e-08,-4.433823484413102e-07,-4.104671596714432e-10,8.208607569723231e-07,-4.9890855494449206e-08,0.9999999999996618
21,743000000,21.743,indoor_world,differential_drive_robot,-3.5741685225951495e-06,-2.993451338640735e-08,-4.433823484413102e-07,-4.104671596714432e-10,8.208607569723231e-07,-4.9890855494449206e-08,0.9999999999996618
21,763000000,21.763,indoor_world,differential_drive_robot,-3.5741685225951495e-06,-2.993451338640735e-08,-4.433823484413102e-07,-4.104671596714432e-10,8.208607569723231e-07,-4.9890855494449206e-08,0.9999999999996618
21,783000000,21.783,indoor_world,differential_drive_robot,-3.5741685225951495e-06,-2.993451338640735e-08,-4.433823484413102e-07,-4.104671596714432e-10,8.208607569723231e-07,-4.9890855494449206e-08,0.9999999999996618
21,803000000,21.803,indoor_world,differential_drive_robot,-3.5741685225951495e-06,-2.993451338640735e-08,-4.433823484413102e-07,-4.104671596714432e-10,8.208607569723231e-07,-4.9890855494449206e-08,0.9999999999996618
21,823000000,21.823,indoor_world,differential_drive_robot,-3.5741685225951495e-06,-2.993451338640735e-08,-4.433823484413102e-07,-4.104671596714432e-10,8.208607569723231e-07,-4.9890855494449206e-08,0.9999999999996618
21,843000000,21.843,indoor_world,differential_drive_robot,-3.5741685225951495e-06,-2.993451338640735e-08,-4.433823484413102e-07,-4.104671596714432e-10,8.208607569723231e-07,-4.9890855494449206e-08,0.9999999999996618
21,863000000,21.863,indoor_world,differential_drive_robot,-3.5741685225951495e-06,-2.993451338640735e-08,-4.433823484413102e-07,-4.104671596714432e-10,8.208607569723231e-07,-4.9890855494449206e-08,0.9999999999996618
21,883000000,21.883,indoor_world,differential_drive_robot,-3.5741685225951495e-06,-2.993451338640735e-08,-4.433823484413102e-07,-4.104671596714432e-10,8.208607569723231e-07,-4.9890855494449206e-08,0.9999999999996618
21,903000000,21.903,indoor_world,differential_drive_robot,-3.5741685225951495e-06,-2.993451338640735e-08,-4.433823484413102e-07,-4.104671596714432e-10,8.208607569723231e-07,-4.9890855494449206e-08,0.9999999999996618
21,923000000,21.923000000000002,indoor_world,differential_drive_robot,-3.5741685225951495e-06,-2.993451338640735e-08,-4.433823484413102e-07,-4.104671596714432e-10,8.208607569723231e-07,-4.9890855494449206e-08,0.9999999999996618
21,943000000,21.943,indoor_world,differential_drive_robot,-3.5741685225951495e-06,-2.993451338640735e-08,-4.433823484413102e-07,-4.104671596714432e-10,8.208607569723231e-07,-4.9890855494449206e-08,0.9999999999996618
21,963000000,21.963,indoor_world,differential_drive_robot,-3.5741685225951495e-06,-2.993451338640735e-08,-4.433823484413102e-07,-4.104671596714432e-10,8.208607569723231e-07,-4.9890855494449206e-08,0.9999999999996618
21,983000000,21.983,indoor_world,differential_drive_robot,-3.5741685225951495e-06,-2.993451338640735e-08,-4.433823484413102e-07,-4.104671596714432e-10,8.208607569723231e-07,-4.9890855494449206e-08,0.9999999999996618
22,3000000,22.003,indoor_world,differential_drive_robot,-3.5741685225951495e-06,-2.993451338640735e-08,-4.433823484413102e-07,-4.104671596714432e-10,8.208607569723231e-07,-4.9890855494449206e-08,0.9999999999996618
22,23000000,22.023,indoor_world,differential_drive_robot,-3.5741685225951495e-06,-2.993451338640735e-08,-4.433823484413102e-07,-4.104671596714432e-10,8.208607569723231e-07,-4.9890855494449206e-08,0.9999999999996618
22,43000000,22.043,indoor_world,differential_drive_robot,-3.5741685225951495e-06,-2.993451338640735e-08,-4.433823484413102e-07,-4.104671596714432e-10,8.208607569723231e-07,-4.9890855494449206e-08,0.9999999999996618
22,63000000,22.063,indoor_world,differential_drive_robot,-3.5741685225951495e-06,-2.993451338640735e-08,-4.433823484413102e-07,-4.104671596714432e-10,8.208607569723231e-07,-4.9890855494449206e-08,0.9999999999996618
22,83000000,22.083,indoor_world,differential_drive_robot,-3.5741685225951495e-06,-2.993451338640735e-08,-4.433823484413102e-07,-4.104671596714432e-10,8.208607569723231e-07,-4.9890855494449206e-08,0.9999999999996618
22,103000000,22.103,indoor_world,differential_drive_robot,-3.5741685225951495e-06,-2.993451338640735e-08,-4.433823484413102e-07,-4.104671596714432e-10,8.208607569723231e-07,-4.9890855494449206e-08,0.9999999999996618
22,123000000,22.123,indoor_world,differential_drive_robot,-3.5741685225951495e-06,-2.993451338640735e-08,-4.433823484413102e-07,-4.104671596714432e-10,8.208607569723231e-07,-4.9890855494449206e-08,0.9999999999996618
22,143000000,22.143,indoor_world,differential_drive_robot,-3.5741685225951495e-06,-2.993451338640735e-08,-4.433823484413102e-07,-4.104671596714432e-10,8.208607569723231e-07,-4.9890855494449206e-08,0.9999999999996618
22,163000000,22.163,indoor_world,differential_drive_robot,-3.5741685225951495e-06,-2.993451338640735e-08,-4.433823484413102e-07,-4.104671596714432e-10,8.208607569723231e-07,-4.9890855494449206e-08,0.9999999999996618
22,183000000,22.183,indoor_world,differential_drive_robot,-3.5741685225951495e-06,-2.993451338640735e-08,-4.433823484413102e-07,-4.104671596714432e-10,8.208607569723231e-07,-4.9890855494449206e-08,0.9999999999996618
22,203000000,22.203,indoor_world,differential_drive_robot,-3.5741685225951495e-06,-2.993451338640735e-08,-4.433823484413102e-07,-4.104671596714432e-10,8.208607569723231e-07,-4.9890855494449206e-08,0.9999999999996618
22,223000000,22.223,indoor_world,differential_drive_robot,-3.5741685225951495e-06,-2.993451338640735e-08,-4.433823484413102e-07,-4.104671596714432e-10,8.208607569723231e-07,-4.9890855494449206e-08,0.9999999999996618
22,243000000,22.243,indoor_world,differential_drive_robot,-3.5741685225951495e-06,-2.993451338640735e-08,-4.433823484413102e-07,-4.104671596714432e-10,8.208607569723231e-07,-4.9890855494449206e-08,0.9999999999996618
22,263000000,22.263,indoor_world,differential_drive_robot,-3.5741685225951495e-06,-2.993451338640735e-08,-4.433823484413102e-07,-4.104671596714432e-10,8.208607569723231e-07,-4.9890855494449206e-08,0.9999999999996618
22,283000000,22.283,indoor_world,differential_drive_robot,-3.5741685225951495e-06,-2.993451338640735e-08,-4.433823484413102e-07,-4.104671596714432e-10,8.208607569723231e-07,-4.9890855494449206e-08,0.9999999999996618
22,303000000,22.303,indoor_world,differential_drive_robot,-3.5741685225951495e-06,-2.993451338640735e-08,-4.433823484413102e-07,-4.104671596714432e-10,8.208607569723231e-07,-4.9890855494449206e-08,0.9999999999996618
22,323000000,22.323,indoor_world,differential_drive_robot,-3.5741685225951495e-06,-2.993451338640735e-08,-4.433823484413102e-07,-4.104671596714432e-10,8.208607569723231e-07,-4.9890855494449206e-08,0.9999999999996618
22,343000000,22.343,indoor_world,differential_drive_robot,-3.5741685225951495e-06,-2.993451338640735e-08,-4.433823484413102e-07,-4.104671596714432e-10,8.208607569723231e-07,-4.9890855494449206e-08,0.9999999999996618
22,363000000,22.363,indoor_world,differential_drive_robot,-3.5741685225951495e-06,-2.993451338640735e-08,-4.433823484413102e-07,-4.104671596714432e-10,8.208607569723231e-07,-4.9890855494449206e-08,0.9999999999996618
22,383000000,22.383,indoor_world,differential_drive_robot,-3.5741685225951495e-06,-2.993451338640735e-08,-4.433823484413102e-07,-4.104671596714432e-10,8.208607569723231e-07,-4.9890855494449206e-08,0.9999999999996618
22,403000000,22.403,indoor_world,differential_drive_robot,-3.5741685225951495e-06,-2.993451338640735e-08,-4.433823484413102e-07,-4.104671596714432e-10,8.208607569723231e-07,-4.9890855494449206e-08,0.9999999999996618
22,423000000,22.423000000000002,indoor_world,differential_drive_robot,-3.5741685225951495e-06,-2.993451338640735e-08,-4.433823484413102e-07,-4.104671596714432e-10,8.208607569723231e-07,-4.9890855494449206e-08,0.9999999999996618
22,443000000,22.443,indoor_world,differential_drive_robot,-3.5741685225951495e-06,-2.993451338640735e-08,-4.433823484413102e-07,-4.104671596714432e-10,8.208607569723231e-07,-4.9890855494449206e-08,0.9999999999996618
22,463000000,22.463,indoor_world,differential_drive_robot,-3.5741685225951495e-06,-2.993451338640735e-08,-4.433823484413102e-07,-4.104671596714432e-10,8.208607569723231e-07,-4.9890855494449206e-08,0.9999999999996618
22,483000000,22.483,indoor_world,differential_drive_robot,-3.5741685225951495e-06,-2.993451338640735e-08,-4.433823484413102e-07,-4.104671596714432e-10,8.208607569723231e-07,-4.9890855494449206e-08,0.9999999999996618
22,503000000,22.503,indoor_world,differential_drive_robot,-3.5741685225951495e-06,-2.993451338640735e-08,-4.433823484413102e-07,-4.104671596714432e-10,8.208607569723231e-07,-4.9890855494449206e-08,0.9999999999996618
22,523000000,22.523,indoor_world,differential_drive_robot,-3.5741685225951495e-06,-2.993451338640735e-08,-4.433823484413102e-07,-4.104671596714432e-10,8.208607569723231e-07,-4.9890855494449206e-08,0.9999999999996618
22,543000000,22.543,indoor_world,differential_drive_robot,-3.5741685225951495e-06,-2.993451338640735e-08,-4.433823484413102e-07,-4.104671596714432e-10,8.208607569723231e-07,-4.9890855494449206e-08,0.9999999999996618
22,563000000,22.563,indoor_world,differential_drive_robot,-3.5741685225951495e-06,-2.993451338640735e-08,-4.433823484413102e-07,-4.104671596714432e-10,8.208607569723231e-07,-4.9890855494449206e-08,0.9999999999996618
22,583000000,22.583,indoor_world,differential_drive_robot,-3.5741685225951495e-06,-2.993451338640735e-08,-4.433823484413102e-07,-4.104671596714432e-10,8.208607569723231e-07,-4.9890855494449206e-08,0.9999999999996618
22,603000000,22.603,indoor_world,differential_drive_robot,-3.5741685225951495e-06,-2.993451338640735e-08,-4.433823484413102e-07,-4.104671596714432e-10,8.208607569723231e-07,-4.9890855494449206e-08,0.9999999999996618
22,623000000,22.623,indoor_world,differential_drive_robot,-3.5741685225951495e-06,-2.993451338640735e-08,-4.433823484413102e-07,-4.104671596714432e-10,8.208607569723231e-07,-4.9890855494449206e-08,0.9999999999996618
22,643000000,22.643,indoor_world,differential_drive_robot,-3.5741685225951495e-06,-2.993451338640735e-08,-4.433823484413102e-07,-4.104671596714432e-10,8.208607569723231e-07,-4.9890855494449206e-08,0.9999999999996618
22,663000000,22.663,indoor_world,differential_drive_robot,-3.5741685225951495e-06,-2.993451338640735e-08,-4.433823484413102e-07,-4.104671596714432e-10,8.208607569723231e-07,-4.9890855494449206e-08,0.9999999999996618
22,683000000,22.683,indoor_world,differential_drive_robot,-3.5741685225951495e-06,-2.993451338640735e-08,-4.433823484413102e-07,-4.104671596714432e-10,8.208607569723231e-07,-4.9890855494449206e-08,0.9999999999996618
22,703000000,22.703,indoor_world,differential_drive_robot,-3.5741685225951495e-06,-2.993451338640735e-08,-4.433823484413102e-07,-4.104671596714432e-10,8.208607569723231e-07,-4.9890855494449206e-08,0.9999999999996618
22,723000000,22.723,indoor_world,differential_drive_robot,-3.5741685225951495e-06,-2.993451338640735e-08,-4.433823484413102e-07,-4.104671596714432e-10,8.208607569723231e-07,-4.9890855494449206e-08,0.9999999999996618
22,743000000,22.743,indoor_world,differential_drive_robot,-3.5741685225951495e-06,-2.993451338640735e-08,-4.433823484413102e-07,-4.104671596714432e-10,8.208607569723231e-07,-4.9890855494449206e-08,0.9999999999996618
22,763000000,22.763,indoor_world,differential_drive_robot,-3.5741685225951495e-06,-2.993451338640735e-08,-4.433823484413102e-07,-4.104671596714432e-10,8.208607569723231e-07,-4.9890855494449206e-08,0.9999999999996618
22,783000000,22.783,indoor_world,differential_drive_robot,-3.5741685225951495e-06,-2.993451338640735e-08,-4.433823484413102e-07,-4.104671596714432e-10,8.208607569723231e-07,-4.9890855494449206e-08,0.9999999999996618
22,803000000,22.803,indoor_world,differential_drive_robot,-3.5741685225951495e-06,-2.993451338640735e-08,-4.433823484413102e-07,-4.104671596714432e-10,8.208607569723231e-07,-4.9890855494449206e-08,0.9999999999996618
22,823000000,22.823,indoor_world,differential_drive_robot,-3.5741685225951495e-06,-2.993451338640735e-08,-4.433823484413102e-07,-4.104671596714432e-10,8.208607569723231e-07,-4.9890855494449206e-08,0.9999999999996618
22,843000000,22.843,indoor_world,differential_drive_robot,-3.5741685225951495e-06,-2.993451338640735e-08,-4.433823484413102e-07,-4.104671596714432e-10,8.208607569723231e-07,-4.9890855494449206e-08,0.9999999999996618
22,863000000,22.863,indoor_world,differential_drive_robot,-3.5741685225951495e-06,-2.993451338640735e-08,-4.433823484413102e-07,-4.104671596714432e-10,8.208607569723231e-07,-4.9890855494449206e-08,0.9999999999996618
22,883000000,22.883,indoor_world,differential_drive_robot,-3.5741685225951495e-06,-2.993451338640735e-08,-4.433823484413102e-07,-4.104671596714432e-10,8.208607569723231e-07,-4.9890855494449206e-08,0.9999999999996618
22,903000000,22.903,indoor_world,differential_drive_robot,-3.5741685225951495e-06,-2.993451338640735e-08,-4.433823484413102e-07,-4.104671596714432e-10,8.208607569723231e-07,-4.9890855494449206e-08,0.9999999999996618
22,923000000,22.923000000000002,indoor_world,differential_drive_robot,-3.5741685225951495e-06,-2.993451338640735e-08,-4.433823484413102e-07,-4.104671596714432e-10,8.208607569723231e-07,-4.9890855494449206e-08,0.9999999999996618
22,943000000,22.943,indoor_world,differential_drive_robot,-3.5741685225951495e-06,-2.993451338640735e-08,-4.433823484413102e-07,-4.104671596714432e-10,8.208607569723231e-07,-4.9890855494449206e-08,0.9999999999996618
22,963000000,22.963,indoor_world,differential_drive_robot,-3.5741685225951495e-06,-2.993451338640735e-08,-4.433823484413102e-07,-4.104671596714432e-10,8.208607569723231e-07,-4.9890855494449206e-08,0.9999999999996618
22,983000000,22.983,indoor_world,differential_drive_robot,-3.5741685225951495e-06,-2.993451338640735e-08,-4.433823484413102e-07,-4.104671596714432e-10,8.208607569723231e-07,-4.9890855494449206e-08,0.9999999999996618
23,3000000,23.003,indoor_world,differential_drive_robot,-3.5741685225951495e-06,-2.993451338640735e-08,-4.433823484413102e-07,-4.104671596714432e-10,8.208607569723231e-07,-4.9890855494449206e-08,0.9999999999996618
23,23000000,23.023,indoor_world,differential_drive_robot,-3.5741685225951495e-06,-2.993451338640735e-08,-4.433823484413102e-07,-4.104671596714432e-10,8.208607569723231e-07,-4.9890855494449206e-08,0.9999999999996618
23,43000000,23.043,indoor_world,differential_drive_robot,-3.5741685225951495e-06,-2.993451338640735e-08,-4.433823484413102e-07,-4.104671596714432e-10,8.208607569723231e-07,-4.9890855494449206e-08,0.9999999999996618
23,63000000,23.063,indoor_world,differential_drive_robot,-3.5741685225951495e-06,-2.993451338640735e-08,-4.433823484413102e-07,-4.104671596714432e-10,8.208607569723231e-07,-4.9890855494449206e-08,0.9999999999996618
23,83000000,23.083,indoor_world,differential_drive_robot,-3.5741685225951495e-06,-2.993451338640735e-08,-4.433823484413102e-07,-4.104671596714432e-10,8.208607569723231e-07,-4.9890855494449206e-08,0.9999999999996618
23,103000000,23.103,indoor_world,differential_drive_robot,-3.5741685225951495e-06,-2.993451338640735e-08,-4.433823484413102e-07,-4.104671596714432e-10,8.208607569723231e-07,-4.9890855494449206e-08,0.9999999999996618
23,123000000,23.123,indoor_world,differential_drive_robot,-3.5741685225951495e-06,-2.993451338640735e-08,-4.433823484413102e-07,-4.104671596714432e-10,8.208607569723231e-07,-4.9890855494449206e-08,0.9999999999996618
23,143000000,23.143,indoor_world,differential_drive_robot,-3.5741685225951495e-06,-2.993451338640735e-08,-4.433823484413102e-07,-4.104671596714432e-10,8.208607569723231e-07,-4.9890855494449206e-08,0.9999999999996618
23,163000000,23.163,indoor_world,differential_drive_robot,-3.5741685225951495e-06,-2.993451338640735e-08,-4.433823484413102e-07,-4.104671596714432e-10,8.208607569723231e-07,-4.9890855494449206e-08,0.9999999999996618
23,183000000,23.183,indoor_world,differential_drive_robot,-3.5741685225951495e-06,-2.993451338640735e-08,-4.433823484413102e-07,-4.104671596714432e-10,8.208607569723231e-07,-4.9890855494449206e-08,0.9999999999996618
23,203000000,23.203,indoor_world,differential_drive_robot,-3.5741685225951495e-06,-2.993451338640735e-08,-4.433823484413102e-07,-4.104671596714432e-10,8.208607569723231e-07,-4.9890855494449206e-08,0.9999999999996618
23,223000000,23.223,indoor_world,differential_drive_robot,-3.5741685225951495e-06,-2.993451338640735e-08,-4.433823484413102e-07,-4.104671596714432e-10,8.208607569723231e-07,-4.9890855494449206e-08,0.9999999999996618
23,243000000,23.243,indoor_world,differential_drive_robot,-3.5741685225951495e-06,-2.993451338640735e-08,-4.433823484413102e-07,-4.104671596714432e-10,8.208607569723231e-07,-4.9890855494449206e-08,0.9999999999996618
23,263000000,23.263,indoor_world,differential_drive_robot,-3.5741685225951495e-06,-2.993451338640735e-08,-4.433823484413102e-07,-4.104671596714432e-10,8.208607569723231e-07,-4.9890855494449206e-08,0.9999999999996618
23,283000000,23.283,indoor_world,differential_drive_robot,-3.5741685225951495e-06,-2.993451338640735e-08,-4.433823484413102e-07,-4.104671596714432e-10,8.208607569723231e-07,-4.9890855494449206e-08,0.9999999999996618
23,303000000,23.303,indoor_world,differential_drive_robot,-3.5741685225951495e-06,-2.993451338640735e-08,-4.433823484413102e-07,-4.104671596714432e-10,8.208607569723231e-07,-4.9890855494449206e-08,0.9999999999996618
23,323000000,23.323,indoor_world,differential_drive_robot,-3.5741685225951495e-06,-2.993451338640735e-08,-4.433823484413102e-07,-4.104671596714432e-10,8.208607569723231e-07,-4.9890855494449206e-08,0.9999999999996618
23,343000000,23.343,indoor_world,differential_drive_robot,-3.5741685225951495e-06,-2.993451338640735e-08,-4.433823484413102e-07,-4.104671596714432e-10,8.208607569723231e-07,-4.9890855494449206e-08,0.9999999999996618
23,363000000,23.363,indoor_world,differential_drive_robot,-3.5741685225951495e-06,-2.993451338640735e-08,-4.433823484413102e-07,-4.104671596714432e-10,8.208607569723231e-07,-4.9890855494449206e-08,0.9999999999996618
23,383000000,23.383,indoor_world,differential_drive_robot,-3.5741685225951495e-06,-2.993451338640735e-08,-4.433823484413102e-07,-4.104671596714432e-10,8.208607569723231e-07,-4.9890855494449206e-08,0.9999999999996618
23,403000000,23.403,indoor_world,differential_drive_robot,-3.5741685225951495e-06,-2.993451338640735e-08,-4.433823484413102e-07,-4.104671596714432e-10,8.208607569723231e-07,-4.9890855494449206e-08,0.9999999999996618
23,423000000,23.423000000000002,indoor_world,differential_drive_robot,-3.5741685225951495e-06,-2.993451338640735e-08,-4.433823484413102e-07,-4.104671596714432e-10,8.208607569723231e-07,-4.9890855494449206e-08,0.9999999999996618
23,443000000,23.443,indoor_world,differential_drive_robot,-3.5741685225951495e-06,-2.993451338640735e-08,-4.433823484413102e-07,-4.104671596714432e-10,8.208607569723231e-07,-4.9890855494449206e-08,0.9999999999996618
23,463000000,23.463,indoor_world,differential_drive_robot,-3.5741685225951495e-06,-2.993451338640735e-08,-4.433823484413102e-07,-4.104671596714432e-10,8.208607569723231e-07,-4.9890855494449206e-08,0.9999999999996618
23,483000000,23.483,indoor_world,differential_drive_robot,-3.5741685225951495e-06,-2.993451338640735e-08,-4.433823484413102e-07,-4.104671596714432e-10,8.208607569723231e-07,-4.9890855494449206e-08,0.9999999999996618
23,503000000,23.503,indoor_world,differential_drive_robot,-3.5741685225951495e-06,-2.993451338640735e-08,-4.433823484413102e-07,-4.104671596714432e-10,8.208607569723231e-07,-4.9890855494449206e-08,0.9999999999996618
23,523000000,23.523,indoor_world,differential_drive_robot,-3.5741685225951495e-06,-2.993451338640735e-08,-4.433823484413102e-07,-4.104671596714432e-10,8.208607569723231e-07,-4.9890855494449206e-08,0.9999999999996618
23,543000000,23.543,indoor_world,differential_drive_robot,-3.5741685225951495e-06,-2.993451338640735e-08,-4.433823484413102e-07,-4.104671596714432e-10,8.208607569723231e-07,-4.9890855494449206e-08,0.9999999999996618
23,563000000,23.563,indoor_world,differential_drive_robot,-3.5741685225951495e-06,-2.993451338640735e-08,-4.433823484413102e-07,-4.104671596714432e-10,8.208607569723231e-07,-4.9890855494449206e-08,0.9999999999996618
23,583000000,23.583,indoor_world,differential_drive_robot,-3.5741685225951495e-06,-2.993451338640735e-08,-4.433823484413102e-07,-4.104671596714432e-10,8.208607569723231e-07,-4.9890855494449206e-08,0.9999999999996618
23,603000000,23.603,indoor_world,differential_drive_robot,-3.5741685225951495e-06,-2.993451338640735e-08,-4.433823484413102e-07,-4.104671596714432e-10,8.208607569723231e-07,-4.9890855494449206e-08,0.9999999999996618
23,623000000,23.623,indoor_world,differential_drive_robot,-3.5741685225951495e-06,-2.993451338640735e-08,-4.433823484413102e-07,-4.104671596714432e-10,8.208607569723231e-07,-4.9890855494449206e-08,0.9999999999996618
23,643000000,23.643,indoor_world,differential_drive_robot,-3.5741685225951495e-06,-2.993451338640735e-08,-4.433823484413102e-07,-4.104671596714432e-10,8.208607569723231e-07,-4.9890855494449206e-08,0.9999999999996618
23,663000000,23.663,indoor_world,differential_drive_robot,-3.5741685225951495e-06,-2.993451338640735e-08,-4.433823484413102e-07,-4.104671596714432e-10,8.208607569723231e-07,-4.9890855494449206e-08,0.9999999999996618
23,683000000,23.683,indoor_world,differential_drive_robot,-3.5741685225951495e-06,-2.993451338640735e-08,-4.433823484413102e-07,-4.104671596714432e-10,8.208607569723231e-07,-4.9890855494449206e-08,0.9999999999996618
23,703000000,23.703,indoor_world,differential_drive_robot,-3.5741685225951495e-06,-2.993451338640735e-08,-4.433823484413102e-07,-4.104671596714432e-10,8.208607569723231e-07,-4.9890855494449206e-08,0.9999999999996618
23,723000000,23.723,indoor_world,differential_drive_robot,-3.5741685225951495e-06,-2.993451338640735e-08,-4.433823484413102e-07,-4.104671596714432e-10,8.208607569723231e-07,-4.9890855494449206e-08,0.9999999999996618
23,743000000,23.743,indoor_world,differential_drive_robot,-3.5741685225951495e-06,-2.993451338640735e-08,-4.433823484413102e-07,-4.104671596714432e-10,8.208607569723231e-07,-4.9890855494449206e-08,0.9999999999996618
23,763000000,23.763,indoor_world,differential_drive_robot,-3.5741685225951495e-06,-2.993451338640735e-08,-4.433823484413102e-07,-4.104671596714432e-10,8.208607569723231e-07,-4.9890855494449206e-08,0.9999999999996618
23,783000000,23.783,indoor_world,differential_drive_robot,-3.5741685225951495e-06,-2.993451338640735e-08,-4.433823484413102e-07,-4.104671596714432e-10,8.208607569723231e-07,-4.9890855494449206e-08,0.9999999999996618
23,803000000,23.803,indoor_world,differential_drive_robot,-3.5741685225951495e-06,-2.993451338640735e-08,-4.433823484413102e-07,-4.104671596714432e-10,8.208607569723231e-07,-4.9890855494449206e-08,0.9999999999996618
23,823000000,23.823,indoor_world,differential_drive_robot,-3.5741685225951495e-06,-2.993451338640735e-08,-4.433823484413102e-07,-4.104671596714432e-10,8.208607569723231e-07,-4.9890855494449206e-08,0.9999999999996618
23,843000000,23.843,indoor_world,differential_drive_robot,-3.5741685225951495e-06,-2.993451338640735e-08,-4.433823484413102e-07,-4.104671596714432e-10,8.208607569723231e-07,-4.9890855494449206e-08,0.9999999999996618
23,863000000,23.863,indoor_world,differential_drive_robot,-3.5741685225951495e-06,-2.993451338640735e-08,-4.433823484413102e-07,-4.104671596714432e-10,8.208607569723231e-07,-4.9890855494449206e-08,0.9999999999996618
23,883000000,23.883,indoor_world,differential_drive_robot,-3.5741685225951495e-06,-2.993451338640735e-08,-4.433823484413102e-07,-4.104671596714432e-10,8.208607569723231e-07,-4.9890855494449206e-08,0.9999999999996618
23,903000000,23.903,indoor_world,differential_drive_robot,-3.5741685225951495e-06,-2.993451338640735e-08,-4.433823484413102e-07,-4.104671596714432e-10,8.208607569723231e-07,-4.9890855494449206e-08,0.9999999999996618
23,923000000,23.923000000000002,indoor_world,differential_drive_robot,-3.5741685225951495e-06,-2.993451338640735e-08,-4.433823484413102e-07,-4.104671596714432e-10,8.208607569723231e-07,-4.9890855494449206e-08,0.9999999999996618
23,943000000,23.943,indoor_world,differential_drive_robot,-3.5741685225951495e-06,-2.993451338640735e-08,-4.433823484413102e-07,-4.104671596714432e-10,8.208607569723231e-07,-4.9890855494449206e-08,0.9999999999996618
23,963000000,23.963,indoor_world,differential_drive_robot,-3.5741685225951495e-06,-2.993451338640735e-08,-4.433823484413102e-07,-4.104671596714432e-10,8.208607569723231e-07,-4.9890855494449206e-08,0.9999999999996618
23,983000000,23.983,indoor_world,differential_drive_robot,-3.5741685225951495e-06,-2.993451338640735e-08,-4.433823484413102e-07,-4.104671596714432e-10,8.208607569723231e-07,-4.9890855494449206e-08,0.9999999999996618
24,3000000,24.003,indoor_world,differential_drive_robot,-3.5741685225951495e-06,-2.993451338640735e-08,-4.433823484413102e-07,-4.104671596714432e-10,8.208607569723231e-07,-4.9890855494449206e-08,0.9999999999996618
24,23000000,24.023,indoor_world,differential_drive_robot,-3.5741685225951495e-06,-2.993451338640735e-08,-4.433823484413102e-07,-4.104671596714432e-10,8.208607569723231e-07,-4.9890855494449206e-08,0.9999999999996618
24,43000000,24.043,indoor_world,differential_drive_robot,-3.5741685225951495e-06,-2.993451338640735e-08,-4.433823484413102e-07,-4.104671596714432e-10,8.208607569723231e-07,-4.9890855494449206e-08,0.9999999999996618
24,63000000,24.063,indoor_world,differential_drive_robot,-3.5741685225951495e-06,-2.993451338640735e-08,-4.433823484413102e-07,-4.104671596714432e-10,8.208607569723231e-07,-4.9890855494449206e-08,0.9999999999996618
24,83000000,24.083,indoor_world,differential_drive_robot,-3.5741685225951495e-06,-2.993451338640735e-08,-4.433823484413102e-07,-4.104671596714432e-10,8.208607569723231e-07,-4.9890855494449206e-08,0.9999999999996618
24,103000000,24.103,indoor_world,differential_drive_robot,-3.5741685225951495e-06,-2.993451338640735e-08,-4.433823484413102e-07,-4.104671596714432e-10,8.208607569723231e-07,-4.9890855494449206e-08,0.9999999999996618
24,123000000,24.123,indoor_world,differential_drive_robot,-3.5741685225951495e-06,-2.993451338640735e-08,-4.433823484413102e-07,-4.104671596714432e-10,8.208607569723231e-07,-4.9890855494449206e-08,0.9999999999996618
24,143000000,24.143,indoor_world,differential_drive_robot,-3.5741685225951495e-06,-2.993451338640735e-08,-4.433823484413102e-07,-4.104671596714432e-10,8.208607569723231e-07,-4.9890855494449206e-08,0.9999999999996618
24,163000000,24.163,indoor_world,differential_drive_robot,-3.5741685225951495e-06,-2.993451338640735e-08,-4.433823484413102e-07,-4.104671596714432e-10,8.208607569723231e-07,-4.9890855494449206e-08,0.9999999999996618
24,183000000,24.183,indoor_world,differential_drive_robot,-3.5741685225951495e-06,-2.993451338640735e-08,-4.433823484413102e-07,-4.104671596714432e-10,8.208607569723231e-07,-4.9890855494449206e-08,0.9999999999996618
24,203000000,24.203,indoor_world,differential_drive_robot,-3.5741685225951495e-06,-2.993451338640735e-08,-4.433823484413102e-07,-4.104671596714432e-10,8.208607569723231e-07,-4.9890855494449206e-08,0.9999999999996618
24,223000000,24.223,indoor_world,differential_drive_robot,-3.5741685225951495e-06,-2.993451338640735e-08,-4.433823484413102e-07,-4.104671596714432e-10,8.208607569723231e-07,-4.9890855494449206e-08,0.9999999999996618
24,243000000,24.243,indoor_world,differential_drive_robot,-3.5741685225951495e-06,-2.993451338640735e-08,-4.433823484413102e-07,-4.104671596714432e-10,8.208607569723231e-07,-4.9890855494449206e-08,0.9999999999996618
24,263000000,24.263,indoor_world,differential_drive_robot,-3.5741685225951495e-06,-2.993451338640735e-08,-4.433823484413102e-07,-4.104671596714432e-10,8.208607569723231e-07,-4.9890855494449206e-08,0.9999999999996618
24,283000000,24.283,indoor_world,differential_drive_robot,-3.5741685225951495e-06,-2.993451338640735e-08,-4.433823484413102e-07,-4.104671596714432e-10,8.208607569723231e-07,-4.9890855494449206e-08,0.9999999999996618
24,303000000,24.303,indoor_world,differential_drive_robot,-3.5741685225951495e-06,-2.993451338640735e-08,-4.433823484413102e-07,-4.104671596714432e-10,8.208607569723231e-07,-4.9890855494449206e-08,0.9999999999996618
24,323000000,24.323,indoor_world,differential_drive_robot,-3.5741685225951495e-06,-2.993451338640735e-08,-4.433823484413102e-07,-4.104671596714432e-10,8.208607569723231e-07,-4.9890855494449206e-08,0.9999999999996618
24,343000000,24.343,indoor_world,differential_drive_robot,-3.5741685225951495e-06,-2.993451338640735e-08,-4.433823484413102e-07,-4.104671596714432e-10,8.208607569723231e-07,-4.9890855494449206e-08,0.9999999999996618
24,363000000,24.363,indoor_world,differential_drive_robot,-3.5741685225951495e-06,-2.993451338640735e-08,-4.433823484413102e-07,-4.104671596714432e-10,8.208607569723231e-07,-4.9890855494449206e-08,0.9999999999996618
24,383000000,24.383,indoor_world,differential_drive_robot,-3.5741685225951495e-06,-2.993451338640735e-08,-4.433823484413102e-07,-4.104671596714432e-10,8.208607569723231e-07,-4.9890855494449206e-08,0.9999999999996618
24,403000000,24.403,indoor_world,differential_drive_robot,-3.5741685225951495e-06,-2.993451338640735e-08,-4.433823484413102e-07,-4.104671596714432e-10,8.208607569723231e-07,-4.9890855494449206e-08,0.9999999999996618
24,423000000,24.423000000000002,indoor_world,differential_drive_robot,-3.5741685225951495e-06,-2.993451338640735e-08,-4.433823484413102e-07,-4.104671596714432e-10,8.208607569723231e-07,-4.9890855494449206e-08,0.9999999999996618
24,443000000,24.443,indoor_world,differential_drive_robot,-3.5741685225951495e-06,-2.993451338640735e-08,-4.433823484413102e-07,-4.104671596714432e-10,8.208607569723231e-07,-4.9890855494449206e-08,0.9999999999996618
24,463000000,24.463,indoor_world,differential_drive_robot,-3.5741685225951495e-06,-2.993451338640735e-08,-4.433823484413102e-07,-4.104671596714432e-10,8.208607569723231e-07,-4.9890855494449206e-08,0.9999999999996618
24,483000000,24.483,indoor_world,differential_drive_robot,-3.5741685225951495e-06,-2.993451338640735e-08,-4.433823484413102e-07,-4.104671596714432e-10,8.208607569723231e-07,-4.9890855494449206e-08,0.9999999999996618
24,503000000,24.503,indoor_world,differential_drive_robot,-3.5741685225951495e-06,-2.993451338640735e-08,-4.433823484413102e-07,-4.104671596714432e-10,8.208607569723231e-07,-4.9890855494449206e-08,0.9999999999996618
24,523000000,24.523,indoor_world,differential_drive_robot,-3.5741685225951495e-06,-2.993451338640735e-08,-4.433823484413102e-07,-4.104671596714432e-10,8.208607569723231e-07,-4.9890855494449206e-08,0.9999999999996618
24,543000000,24.543,indoor_world,differential_drive_robot,-3.5741685225951495e-06,-2.993451338640735e-08,-4.433823484413102e-07,-4.104671596714432e-10,8.208607569723231e-07,-4.9890855494449206e-08,0.9999999999996618
24,563000000,24.563,indoor_world,differential_drive_robot,-3.5741685225951495e-06,-2.993451338640735e-08,-4.433823484413102e-07,-4.104671596714432e-10,8.208607569723231e-07,-4.9890855494449206e-08,0.9999999999996618
24,583000000,24.583,indoor_world,differential_drive_robot,-3.5741685225951495e-06,-2.993451338640735e-08,-4.433823484413102e-07,-4.104671596714432e-10,8.208607569723231e-07,-4.9890855494449206e-08,0.9999999999996618
24,603000000,24.603,indoor_world,differential_drive_robot,-3.5741685225951495e-06,-2.993451338640735e-08,-4.433823484413102e-07,-4.104671596714432e-10,8.208607569723231e-07,-4.9890855494449206e-08,0.9999999999996618
24,623000000,24.623,indoor_world,differential_drive_robot,-3.5741685225951495e-06,-2.993451338640735e-08,-4.433823484413102e-07,-4.104671596714432e-10,8.208607569723231e-07,-4.9890855494449206e-08,0.9999999999996618
24,643000000,24.643,indoor_world,differential_drive_robot,-3.5741685225951495e-06,-2.993451338640735e-08,-4.433823484413102e-07,-4.104671596714432e-10,8.208607569723231e-07,-4.9890855494449206e-08,0.9999999999996618
24,663000000,24.663,indoor_world,differential_drive_robot,-3.5741685225951495e-06,-2.993451338640735e-08,-4.433823484413102e-07,-4.104671596714432e-10,8.208607569723231e-07,-4.9890855494449206e-08,0.9999999999996618
24,683000000,24.683,indoor_world,differential_drive_robot,-3.5741685225951495e-06,-2.993451338640735e-08,-4.433823484413102e-07,-4.104671596714432e-10,8.208607569723231e-07,-4.9890855494449206e-08,0.9999999999996618
24,703000000,24.703,indoor_world,differential_drive_robot,-3.5741685225951495e-06,-2.993451338640735e-08,-4.433823484413102e-07,-4.104671596714432e-10,8.208607569723231e-07,-4.9890855494449206e-08,0.9999999999996618
24,723000000,24.723,indoor_world,differential_drive_robot,-3.5741685225951495e-06,-2.993451338640735e-08,-4.433823484413102e-07,-4.104671596714432e-10,8.208607569723231e-07,-4.9890855494449206e-08,0.9999999999996618
24,743000000,24.743,indoor_world,differential_drive_robot,-3.5741685225951495e-06,-2.993451338640735e-08,-4.433823484413102e-07,-4.104671596714432e-10,8.208607569723231e-07,-4.9890855494449206e-08,0.9999999999996618
24,763000000,24.763,indoor_world,differential_drive_robot,-3.5741685225951495e-06,-2.993451338640735e-08,-4.433823484413102e-07,-4.104671596714432e-10,8.208607569723231e-07,-4.9890855494449206e-08,0.9999999999996618
24,783000000,24.783,indoor_world,differential_drive_robot,-3.5741685225951495e-06,-2.993451338640735e-08,-4.433823484413102e-07,-4.104671596714432e-10,8.208607569723231e-07,-4.9890855494449206e-08,0.9999999999996618
24,803000000,24.803,indoor_world,differential_drive_robot,-3.5741685225951495e-06,-2.993451338640735e-08,-4.433823484413102e-07,-4.104671596714432e-10,8.208607569723231e-07,-4.9890855494449206e-08,0.9999999999996618
24,823000000,24.823,indoor_world,differential_drive_robot,-3.5741685225951495e-06,-2.993451338640735e-08,-4.433823484413102e-07,-4.104671596714432e-10,8.208607569723231e-07,-4.9890855494449206e-08,0.9999999999996618
24,843000000,24.843,indoor_world,differential_drive_robot,-3.5741685225951495e-06,-2.993451338640735e-08,-4.433823484413102e-07,-4.104671596714432e-10,8.208607569723231e-07,-4.9890855494449206e-08,0.9999999999996618
24,863000000,24.863,indoor_world,differential_drive_robot,-3.5741685225951495e-06,-2.993451338640735e-08,-4.433823484413102e-07,-4.104671596714432e-10,8.208607569723231e-07,-4.9890855494449206e-08,0.9999999999996618
24,883000000,24.883,indoor_world,differential_drive_robot,-3.5741685225951495e-06,-2.993451338640735e-08,-4.433823484413102e-07,-4.104671596714432e-10,8.208607569723231e-07,-4.9890855494449206e-08,0.9999999999996618
24,903000000,24.903,indoor_world,differential_drive_robot,-3.5741685225951495e-06,-2.993451338640735e-08,-4.433823484413102e-07,-4.104671596714432e-10,8.208607569723231e-07,-4.9890855494449206e-08,0.9999999999996618
24,923000000,24.923000000000002,indoor_world,differential_drive_robot,-3.5741685225951495e-06,-2.993451338640735e-08,-4.433823484413102e-07,-4.104671596714432e-10,8.208607569723231e-07,-4.9890855494449206e-08,0.9999999999996618
24,943000000,24.943,indoor_world,differential_drive_robot,-3.5741685225951495e-06,-2.993451338640735e-08,-4.433823484413102e-07,-4.104671596714432e-10,8.208607569723231e-07,-4.9890855494449206e-08,0.9999999999996618
24,963000000,24.963,indoor_world,differential_drive_robot,-3.5741685225951495e-06,-2.993451338640735e-08,-4.433823484413102e-07,-4.104671596714432e-10,8.208607569723231e-07,-4.9890855494449206e-08,0.9999999999996618
24,983000000,24.983,indoor_world,differential_drive_robot,-3.5741685225951495e-06,-2.993451338640735e-08,-4.433823484413102e-07,-4.104671596714432e-10,8.208607569723231e-07,-4.9890855494449206e-08,0.9999999999996618
25,3000000,25.003,indoor_world,differential_drive_robot,-3.5741685225951495e-06,-2.993451338640735e-08,-4.433823484413102e-07,-4.104671596714432e-10,8.208607569723231e-07,-4.9890855494449206e-08,0.9999999999996618
25,23000000,25.023,indoor_world,differential_drive_robot,-3.5741685225951495e-06,-2.993451338640735e-08,-4.433823484413102e-07,-4.104671596714432e-10,8.208607569723231e-07,-4.9890855494449206e-08,0.9999999999996618
25,43000000,25.043,indoor_world,differential_drive_robot,-3.5741685225951495e-06,-2.993451338640735e-08,-4.433823484413102e-07,-4.104671596714432e-10,8.208607569723231e-07,-4.9890855494449206e-08,0.9999999999996618
25,63000000,25.063,indoor_world,differential_drive_robot,-3.5741685225951495e-06,-2.993451338640735e-08,-4.433823484413102e-07,-4.104671596714432e-10,8.208607569723231e-07,-4.9890855494449206e-08,0.9999999999996618
25,83000000,25.083,indoor_world,differential_drive_robot,-3.5741685225951495e-06,-2.993451338640735e-08,-4.433823484413102e-07,-4.104671596714432e-10,8.208607569723231e-07,-4.9890855494449206e-08,0.9999999999996618
25,103000000,25.103,indoor_world,differential_drive_robot,-3.5741685225951495e-06,-2.993451338640735e-08,-4.433823484413102e-07,-4.104671596714432e-10,8.208607569723231e-07,-4.9890855494449206e-08,0.9999999999996618
25,123000000,25.123,indoor_world,differential_drive_robot,-3.5741685225951495e-06,-2.993451338640735e-08,-4.433823484413102e-07,-4.104671596714432e-10,8.208607569723231e-07,-4.9890855494449206e-08,0.9999999999996618
25,143000000,25.143,indoor_world,differential_drive_robot,-3.5741685225951495e-06,-2.993451338640735e-08,-4.433823484413102e-07,-4.104671596714432e-10,8.208607569723231e-07,-4.9890855494449206e-08,0.9999999999996618
25,163000000,25.163,indoor_world,differential_drive_robot,-3.5741685225951495e-06,-2.993451338640735e-08,-4.433823484413102e-07,-4.104671596714432e-10,8.208607569723231e-07,-4.9890855494449206e-08,0.9999999999996618
25,183000000,25.183,indoor_world,differential_drive_robot,-3.5741685225951495e-06,-2.993451338640735e-08,-4.433823484413102e-07,-4.104671596714432e-10,8.208607569723231e-07,-4.9890855494449206e-08,0.9999999999996618
25,203000000,25.203,indoor_world,differential_drive_robot,-3.5741685225951495e-06,-2.993451338640735e-08,-4.433823484413102e-07,-4.104671596714432e-10,8.208607569723231e-07,-4.9890855494449206e-08,0.9999999999996618
25,223000000,25.223,indoor_world,differential_drive_robot,-3.5741685225951495e-06,-2.993451338640735e-08,-4.433823484413102e-07,-4.104671596714432e-10,8.208607569723231e-07,-4.9890855494449206e-08,0.9999999999996618
25,243000000,25.243,indoor_world,differential_drive_robot,-3.5741685225951495e-06,-2.993451338640735e-08,-4.433823484413102e-07,-4.104671596714432e-10,8.208607569723231e-07,-4.9890855494449206e-08,0.9999999999996618
25,263000000,25.263,indoor_world,differential_drive_robot,-3.5741685225951495e-06,-2.993451338640735e-08,-4.433823484413102e-07,-4.104671596714432e-10,8.208607569723231e-07,-4.9890855494449206e-08,0.9999999999996618
25,283000000,25.283,indoor_world,differential_drive_robot,-3.5741685225951495e-06,-2.993451338640735e-08,-4.433823484413102e-07,-4.104671596714432e-10,8.208607569723231e-07,-4.9890855494449206e-08,0.9999999999996618
25,303000000,25.303,indoor_world,differential_drive_robot,-3.5741685225951495e-06,-2.993451338640735e-08,-4.433823484413102e-07,-4.104671596714432e-10,8.208607569723231e-07,-4.9890855494449206e-08,0.9999999999996618
25,323000000,25.323,indoor_world,differential_drive_robot,-3.5741685225951495e-06,-2.993451338640735e-08,-4.433823484413102e-07,-4.104671596714432e-10,8.208607569723231e-07,-4.9890855494449206e-08,0.9999999999996618
25,343000000,25.343,indoor_world,differential_drive_robot,-3.5741685225951495e-06,-2.993451338640735e-08,-4.433823484413102e-07,-4.104671596714432e-10,8.208607569723231e-07,-4.9890855494449206e-08,0.9999999999996618
25,363000000,25.363,indoor_world,differential_drive_robot,-3.5741685225951495e-06,-2.993451338640735e-08,-4.433823484413102e-07,-4.104671596714432e-10,8.208607569723231e-07,-4.9890855494449206e-08,0.9999999999996618
25,383000000,25.383,indoor_world,differential_drive_robot,-3.5741685225951495e-06,-2.993451338640735e-08,-4.433823484413102e-07,-4.104671596714432e-10,8.208607569723231e-07,-4.9890855494449206e-08,0.9999999999996618
25,403000000,25.403,indoor_world,differential_drive_robot,-3.5741685225951495e-06,-2.993451338640735e-08,-4.433823484413102e-07,-4.104671596714432e-10,8.208607569723231e-07,-4.9890855494449206e-08,0.9999999999996618
25,423000000,25.423000000000002,indoor_world,differential_drive_robot,-3.5741685225951495e-06,-2.993451338640735e-08,-4.433823484413102e-07,-4.104671596714432e-10,8.208607569723231e-07,-4.9890855494449206e-08,0.9999999999996618
25,443000000,25.443,indoor_world,differential_drive_robot,-3.5741685225951495e-06,-2.993451338640735e-08,-4.433823484413102e-07,-4.104671596714432e-10,8.208607569723231e-07,-4.9890855494449206e-08,0.9999999999996618
25,463000000,25.463,indoor_world,differential_drive_robot,-3.5741685225951495e-06,-2.993451338640735e-08,-4.433823484413102e-07,-4.104671596714432e-10,8.208607569723231e-07,-4.9890855494449206e-08,0.9999999999996618
25,483000000,25.483,indoor_world,differential_drive_robot,-3.5741685225951495e-06,-2.993451338640735e-08,-4.433823484413102e-07,-4.104671596714432e-10,8.208607569723231e-07,-4.9890855494449206e-08,0.9999999999996618
25,503000000,25.503,indoor_world,differential_drive_robot,-3.5741685225951495e-06,-2.993451338640735e-08,-4.433823484413102e-07,-4.104671596714432e-10,8.208607569723231e-07,-4.9890855494449206e-08,0.9999999999996618
25,523000000,25.523,indoor_world,differential_drive_robot,-3.5741685225951495e-06,-2.993451338640735e-08,-4.433823484413102e-07,-4.104671596714432e-10,8.208607569723231e-07,-4.9890855494449206e-08,0.9999999999996618
25,543000000,25.543,indoor_world,differential_drive_robot,-3.5741685225951495e-06,-2.993451338640735e-08,-4.433823484413102e-07,-4.104671596714432e-10,8.208607569723231e-07,-4.9890855494449206e-08,0.9999999999996618
25,563000000,25.563,indoor_world,differential_drive_robot,-3.5741685225951495e-06,-2.993451338640735e-08,-4.433823484413102e-07,-4.104671596714432e-10,8.208607569723231e-07,-4.9890855494449206e-08,0.9999999999996618
25,583000000,25.583,indoor_world,differential_drive_robot,-3.5741685225951495e-06,-2.993451338640735e-08,-4.433823484413102e-07,-4.104671596714432e-10,8.208607569723231e-07,-4.9890855494449206e-08,0.9999999999996618
25,603000000,25.603,indoor_world,differential_drive_robot,-3.5741685225951495e-06,-2.993451338640735e-08,-4.433823484413102e-07,-4.104671596714432e-10,8.208607569723231e-07,-4.9890855494449206e-08,0.9999999999996618
25,623000000,25.623,indoor_world,differential_drive_robot,-3.5741685225951495e-06,-2.993451338640735e-08,-4.433823484413102e-07,-4.104671596714432e-10,8.208607569723231e-07,-4.9890855494449206e-08,0.9999999999996618
25,643000000,25.643,indoor_world,differential_drive_robot,-3.5741685225951495e-06,-2.993451338640735e-08,-4.433823484413102e-07,-4.104671596714432e-10,8.208607569723231e-07,-4.9890855494449206e-08,0.9999999999996618
25,663000000,25.663,indoor_world,differential_drive_robot,-3.5741685225951495e-06,-2.993451338640735e-08,-4.433823484413102e-07,-4.104671596714432e-10,8.208607569723231e-07,-4.9890855494449206e-08,0.9999999999996618
25,683000000,25.683,indoor_world,differential_drive_robot,-3.5741685225951495e-06,-2.993451338640735e-08,-4.433823484413102e-07,-4.104671596714432e-10,8.208607569723231e-07,-4.9890855494449206e-08,0.9999999999996618
25,703000000,25.703,indoor_world,differential_drive_robot,-3.5741685225951495e-06,-2.993451338640735e-08,-4.433823484413102e-07,-4.104671596714432e-10,8.208607569723231e-07,-4.9890855494449206e-08,0.9999999999996618
25,723000000,25.723,indoor_world,differential_drive_robot,-3.5741685225951495e-06,-2.993451338640735e-08,-4.433823484413102e-07,-4.104671596714432e-10,8.208607569723231e-07,-4.9890855494449206e-08,0.9999999999996618
25,743000000,25.743,indoor_world,differential_drive_robot,-3.5741685225951495e-06,-2.993451338640735e-08,-4.433823484413102e-07,-4.104671596714432e-10,8.208607569723231e-07,-4.9890855494449206e-08,0.9999999999996618
25,763000000,25.763,indoor_world,differential_drive_robot,-3.5741685225951495e-06,-2.993451338640735e-08,-4.433823484413102e-07,-4.104671596714432e-10,8.208607569723231e-07,-4.9890855494449206e-08,0.9999999999996618
25,783000000,25.783,indoor_world,differential_drive_robot,-3.5741685225951495e-06,-2.993451338640735e-08,-4.433823484413102e-07,-4.104671596714432e-10,8.208607569723231e-07,-4.9890855494449206e-08,0.9999999999996618
25,803000000,25.803,indoor_world,differential_drive_robot,-3.5741685225951495e-06,-2.993451338640735e-08,-4.433823484413102e-07,-4.104671596714432e-10,8.208607569723231e-07,-4.9890855494449206e-08,0.9999999999996618
25,823000000,25.823,indoor_world,differential_drive_robot,-3.5741685225951495e-06,-2.993451338640735e-08,-4.433823484413102e-07,-4.104671596714432e-10,8.208607569723231e-07,-4.9890855494449206e-08,0.9999999999996618
25,843000000,25.843,indoor_world,differential_drive_robot,-3.5741685225951495e-06,-2.993451338640735e-08,-4.433823484413102e-07,-4.104671596714432e-10,8.208607569723231e-07,-4.9890855494449206e-08,0.9999999999996618
25,863000000,25.863,indoor_world,differential_drive_robot,-3.5741685225951495e-06,-2.993451338640735e-08,-4.433823484413102e-07,-4.104671596714432e-10,8.208607569723231e-07,-4.9890855494449206e-08,0.9999999999996618
25,883000000,25.883,indoor_world,differential_drive_robot,-3.5741685225951495e-06,-2.993451338640735e-08,-4.433823484413102e-07,-4.104671596714432e-10,8.208607569723231e-07,-4.9890855494449206e-08,0.9999999999996618
25,903000000,25.903,indoor_world,differential_drive_robot,-3.5741685225951495e-06,-2.993451338640735e-08,-4.433823484413102e-07,-4.104671596714432e-10,8.208607569723231e-07,-4.9890855494449206e-08,0.9999999999996618
25,923000000,25.923000000000002,indoor_world,differential_drive_robot,-3.5741685225951495e-06,-2.993451338640735e-08,-4.433823484413102e-07,-4.104671596714432e-10,8.208607569723231e-07,-4.9890855494449206e-08,0.9999999999996618
25,943000000,25.943,indoor_world,differential_drive_robot,-3.5741685225951495e-06,-2.993451338640735e-08,-4.433823484413102e-07,-4.104671596714432e-10,8.208607569723231e-07,-4.9890855494449206e-08,0.9999999999996618
25,963000000,25.963,indoor_world,differential_drive_robot,-3.5741685225951495e-06,-2.993451338640735e-08,-4.433823484413102e-07,-4.104671596714432e-10,8.208607569723231e-07,-4.9890855494449206e-08,0.9999999999996618
25,983000000,25.983,indoor_world,differential_drive_robot,-3.5741685225951495e-06,-2.993451338640735e-08,-4.433823484413102e-07,-4.104671596714432e-10,8.208607569723231e-07,-4.9890855494449206e-08,0.9999999999996618
26,3000000,26.003,indoor_world,differential_drive_robot,-3.5741685225951495e-06,-2.993451338640735e-08,-4.433823484413102e-07,-4.104671596714432e-10,8.208607569723231e-07,-4.9890855494449206e-08,0.9999999999996618
26,23000000,26.023,indoor_world,differential_drive_robot,-3.5741685225951495e-06,-2.993451338640735e-08,-4.433823484413102e-07,-4.104671596714432e-10,8.208607569723231e-07,-4.9890855494449206e-08,0.9999999999996618
26,43000000,26.043,indoor_world,differential_drive_robot,-3.5741685225951495e-06,-2.993451338640735e-08,-4.433823484413102e-07,-4.104671596714432e-10,8.208607569723231e-07,-4.9890855494449206e-08,0.9999999999996618
26,63000000,26.063,indoor_world,differential_drive_robot,-3.5741685225951495e-06,-2.993451338640735e-08,-4.433823484413102e-07,-4.104671596714432e-10,8.208607569723231e-07,-4.9890855494449206e-08,0.9999999999996618
26,83000000,26.083,indoor_world,differential_drive_robot,-3.5741685225951495e-06,-2.993451338640735e-08,-4.433823484413102e-07,-4.104671596714432e-10,8.208607569723231e-07,-4.9890855494449206e-08,0.9999999999996618
26,103000000,26.103,indoor_world,differential_drive_robot,-3.5741685225951495e-06,-2.993451338640735e-08,-4.433823484413102e-07,-4.104671596714432e-10,8.208607569723231e-07,-4.9890855494449206e-08,0.9999999999996618
26,123000000,26.123,indoor_world,differential_drive_robot,-3.5741685225951495e-06,-2.993451338640735e-08,-4.433823484413102e-07,-4.104671596714432e-10,8.208607569723231e-07,-4.9890855494449206e-08,0.9999999999996618
26,143000000,26.143,indoor_world,differential_drive_robot,-3.5741685225951495e-06,-2.993451338640735e-08,-4.433823484413102e-07,-4.104671596714432e-10,8.208607569723231e-07,-4.9890855494449206e-08,0.9999999999996618
26,163000000,26.163,indoor_world,differential_drive_robot,-3.5741685225951495e-06,-2.993451338640735e-08,-4.433823484413102e-07,-4.104671596714432e-10,8.208607569723231e-07,-4.9890855494449206e-08,0.9999999999996618
26,183000000,26.183,indoor_world,differential_drive_robot,-3.5741685225951495e-06,-2.993451338640735e-08,-4.433823484413102e-07,-4.104671596714432e-10,8.208607569723231e-07,-4.9890855494449206e-08,0.9999999999996618
26,203000000,26.203,indoor_world,differential_drive_robot,-3.5741685225951495e-06,-2.993451338640735e-08,-4.433823484413102e-07,-4.104671596714432e-10,8.208607569723231e-07,-4.9890855494449206e-08,0.9999999999996618
26,223000000,26.223,indoor_world,differential_drive_robot,-3.5741685225951495e-06,-2.993451338640735e-08,-4.433823484413102e-07,-4.104671596714432e-10,8.208607569723231e-07,-4.9890855494449206e-08,0.9999999999996618
26,243000000,26.243,indoor_world,differential_drive_robot,-3.5741685225951495e-06,-2.993451338640735e-08,-4.433823484413102e-07,-4.104671596714432e-10,8.208607569723231e-07,-4.9890855494449206e-08,0.9999999999996618
26,263000000,26.263,indoor_world,differential_drive_robot,-3.5741685225951495e-06,-2.993451338640735e-08,-4.433823484413102e-07,-4.104671596714432e-10,8.208607569723231e-07,-4.9890855494449206e-08,0.9999999999996618
26,283000000,26.283,indoor_world,differential_drive_robot,-3.5741685225951495e-06,-2.993451338640735e-08,-4.433823484413102e-07,-4.104671596714432e-10,8.208607569723231e-07,-4.9890855494449206e-08,0.9999999999996618
26,303000000,26.303,indoor_world,differential_drive_robot,-3.5741685225951495e-06,-2.993451338640735e-08,-4.433823484413102e-07,-4.104671596714432e-10,8.208607569723231e-07,-4.9890855494449206e-08,0.9999999999996618
26,323000000,26.323,indoor_world,differential_drive_robot,-3.5741685225951495e-06,-2.993451338640735e-08,-4.433823484413102e-07,-4.104671596714432e-10,8.208607569723231e-07,-4.9890855494449206e-08,0.9999999999996618
26,343000000,26.343,indoor_world,differential_drive_robot,-3.5741685225951495e-06,-2.993451338640735e-08,-4.433823484413102e-07,-4.104671596714432e-10,8.208607569723231e-07,-4.9890855494449206e-08,0.9999999999996618
26,363000000,26.363,indoor_world,differential_drive_robot,-3.5741685225951495e-06,-2.993451338640735e-08,-4.433823484413102e-07,-4.104671596714432e-10,8.208607569723231e-07,-4.9890855494449206e-08,0.9999999999996618
26,383000000,26.383,indoor_world,differential_drive_robot,-3.5741685225951495e-06,-2.993451338640735e-08,-4.433823484413102e-07,-4.104671596714432e-10,8.208607569723231e-07,-4.9890855494449206e-08,0.9999999999996618
26,403000000,26.403,indoor_world,differential_drive_robot,-3.5741685225951495e-06,-2.993451338640735e-08,-4.433823484413102e-07,-4.104671596714432e-10,8.208607569723231e-07,-4.9890855494449206e-08,0.9999999999996618
26,423000000,26.423000000000002,indoor_world,differential_drive_robot,-3.5741685225951495e-06,-2.993451338640735e-08,-4.433823484413102e-07,-4.104671596714432e-10,8.208607569723231e-07,-4.9890855494449206e-08,0.9999999999996618
26,443000000,26.443,indoor_world,differential_drive_robot,-3.5741685225951495e-06,-2.993451338640735e-08,-4.433823484413102e-07,-4.104671596714432e-10,8.208607569723231e-07,-4.9890855494449206e-08,0.9999999999996618
26,463000000,26.463,indoor_world,differential_drive_robot,-3.5741685225951495e-06,-2.993451338640735e-08,-4.433823484413102e-07,-4.104671596714432e-10,8.208607569723231e-07,-4.9890855494449206e-08,0.9999999999996618
26,483000000,26.483,indoor_world,differential_drive_robot,-3.5741685225951495e-06,-2.993451338640735e-08,-4.433823484413102e-07,-4.104671596714432e-10,8.208607569723231e-07,-4.9890855494449206e-08,0.9999999999996618
26,503000000,26.503,indoor_world,differential_drive_robot,-3.5741685225951495e-06,-2.993451338640735e-08,-4.433823484413102e-07,-4.104671596714432e-10,8.208607569723231e-07,-4.9890855494449206e-08,0.9999999999996618
26,523000000,26.523,indoor_world,differential_drive_robot,-3.5741685225951495e-06,-2.993451338640735e-08,-4.433823484413102e-07,-4.104671596714432e-10,8.208607569723231e-07,-4.9890855494449206e-08,0.9999999999996618
26,543000000,26.543,indoor_world,differential_drive_robot,-3.5741685225951495e-06,-2.993451338640735e-08,-4.433823484413102e-07,-4.104671596714432e-10,8.208607569723231e-07,-4.9890855494449206e-08,0.9999999999996618
26,563000000,26.563,indoor_world,differential_drive_robot,-3.5741685225951495e-06,-2.993451338640735e-08,-4.433823484413102e-07,-4.104671596714432e-10,8.208607569723231e-07,-4.9890855494449206e-08,0.9999999999996618
26,583000000,26.583,indoor_world,differential_drive_robot,-3.5741685225951495e-06,-2.993451338640735e-08,-4.433823484413102e-07,-4.104671596714432e-10,8.208607569723231e-07,-4.9890855494449206e-08,0.9999999999996618
26,603000000,26.603,indoor_world,differential_drive_robot,-3.5741685225951495e-06,-2.993451338640735e-08,-4.433823484413102e-07,-4.104671596714432e-10,8.208607569723231e-07,-4.9890855494449206e-08,0.9999999999996618
26,623000000,26.623,indoor_world,differential_drive_robot,-3.5741685225951495e-06,-2.993451338640735e-08,-4.433823484413102e-07,-4.104671596714432e-10,8.208607569723231e-07,-4.9890855494449206e-08,0.9999999999996618
26,643000000,26.643,indoor_world,differential_drive_robot,-3.5741685225951495e-06,-2.993451338640735e-08,-4.433823484413102e-07,-4.104671596714432e-10,8.208607569723231e-07,-4.9890855494449206e-08,0.9999999999996618
26,663000000,26.663,indoor_world,differential_drive_robot,-3.5741685225951495e-06,-2.993451338640735e-08,-4.433823484413102e-07,-4.104671596714432e-10,8.208607569723231e-07,-4.9890855494449206e-08,0.9999999999996618
26,683000000,26.683,indoor_world,differential_drive_robot,-3.5741685225951495e-06,-2.993451338640735e-08,-4.433823484413102e-07,-4.104671596714432e-10,8.208607569723231e-07,-4.9890855494449206e-08,0.9999999999996618
26,703000000,26.703,indoor_world,differential_drive_robot,-3.5741685225951495e-06,-2.993451338640735e-08,-4.433823484413102e-07,-4.104671596714432e-10,8.208607569723231e-07,-4.9890855494449206e-08,0.9999999999996618
26,723000000,26.723,indoor_world,differential_drive_robot,-3.5741685225951495e-06,-2.993451338640735e-08,-4.433823484413102e-07,-4.104671596714432e-10,8.208607569723231e-07,-4.9890855494449206e-08,0.9999999999996618
26,743000000,26.743,indoor_world,differential_drive_robot,-3.5741685225951495e-06,-2.993451338640735e-08,-4.433823484413102e-07,-4.104671596714432e-10,8.208607569723231e-07,-4.9890855494449206e-08,0.9999999999996618
26,763000000,26.763,indoor_world,differential_drive_robot,-3.5741685225951495e-06,-2.993451338640735e-08,-4.433823484413102e-07,-4.104671596714432e-10,8.208607569723231e-07,-4.9890855494449206e-08,0.9999999999996618
26,783000000,26.783,indoor_world,differential_drive_robot,-3.5741685225951495e-06,-2.993451338640735e-08,-4.433823484413102e-07,-4.104671596714432e-10,8.208607569723231e-07,-4.9890855494449206e-08,0.9999999999996618
26,803000000,26.803,indoor_world,differential_drive_robot,-3.5741685225951495e-06,-2.993451338640735e-08,-4.433823484413102e-07,-4.104671596714432e-10,8.208607569723231e-07,-4.9890855494449206e-08,0.9999999999996618
26,823000000,26.823,indoor_world,differential_drive_robot,-3.5741685225951495e-06,-2.993451338640735e-08,-4.433823484413102e-07,-4.104671596714432e-10,8.208607569723231e-07,-4.9890855494449206e-08,0.9999999999996618
26,843000000,26.843,indoor_world,differential_drive_robot,-3.5741685225951495e-06,-2.993451338640735e-08,-4.433823484413102e-07,-4.104671596714432e-10,8.208607569723231e-07,-4.9890855494449206e-08,0.9999999999996618
26,863000000,26.863,indoor_world,differential_drive_robot,-3.5741685225951495e-06,-2.993451338640735e-08,-4.433823484413102e-07,-4.104671596714432e-10,8.208607569723231e-07,-4.9890855494449206e-08,0.9999999999996618
26,883000000,26.883,indoor_world,differential_drive_robot,-3.5741685225951495e-06,-2.993451338640735e-08,-4.433823484413102e-07,-4.104671596714432e-10,8.208607569723231e-07,-4.9890855494449206e-08,0.9999999999996618
26,903000000,26.903,indoor_world,differential_drive_robot,-3.5741685225951495e-06,-2.993451338640735e-08,-4.433823484413102e-07,-4.104671596714432e-10,8.208607569723231e-07,-4.9890855494449206e-08,0.9999999999996618
26,923000000,26.923000000000002,indoor_world,differential_drive_robot,-3.5741685225951495e-06,-2.993451338640735e-08,-4.433823484413102e-07,-4.104671596714432e-10,8.208607569723231e-07,-4.9890855494449206e-08,0.9999999999996618
26,943000000,26.943,indoor_world,differential_drive_robot,-3.5741685225951495e-06,-2.993451338640735e-08,-4.433823484413102e-07,-4.104671596714432e-10,8.208607569723231e-07,-4.9890855494449206e-08,0.9999999999996618
26,963000000,26.963,indoor_world,differential_drive_robot,-3.5741685225951495e-06,-2.993451338640735e-08,-4.433823484413102e-07,-4.104671596714432e-10,8.208607569723231e-07,-4.9890855494449206e-08,0.9999999999996618
26,983000000,26.983,indoor_world,differential_drive_robot,-3.5741685225951495e-06,-2.993451338640735e-08,-4.433823484413102e-07,-4.104671596714432e-10,8.208607569723231e-07,-4.9890855494449206e-08,0.9999999999996618
27,3000000,27.003,indoor_world,differential_drive_robot,-3.5741685225951495e-06,-2.993451338640735e-08,-4.433823484413102e-07,-4.104671596714432e-10,8.208607569723231e-07,-4.9890855494449206e-08,0.9999999999996618
27,23000000,27.023,indoor_world,differential_drive_robot,-3.5741685225951495e-06,-2.993451338640735e-08,-4.433823484413102e-07,-4.104671596714432e-10,8.208607569723231e-07,-4.9890855494449206e-08,0.9999999999996618
27,43000000,27.043,indoor_world,differential_drive_robot,-3.5741685225951495e-06,-2.993451338640735e-08,-4.433823484413102e-07,-4.104671596714432e-10,8.208607569723231e-07,-4.9890855494449206e-08,0.9999999999996618
27,63000000,27.063,indoor_world,differential_drive_robot,-3.5741685225951495e-06,-2.993451338640735e-08,-4.433823484413102e-07,-4.104671596714432e-10,8.208607569723231e-07,-4.9890855494449206e-08,0.9999999999996618
27,83000000,27.083,indoor_world,differential_drive_robot,-3.5741685225951495e-06,-2.993451338640735e-08,-4.433823484413102e-07,-4.104671596714432e-10,8.208607569723231e-07,-4.9890855494449206e-08,0.9999999999996618
27,103000000,27.103,indoor_world,differential_drive_robot,-3.5741685225951495e-06,-2.993451338640735e-08,-4.433823484413102e-07,-4.104671596714432e-10,8.208607569723231e-07,-4.9890855494449206e-08,0.9999999999996618
27,123000000,27.123,indoor_world,differential_drive_robot,-3.5741685225951495e-06,-2.993451338640735e-08,-4.433823484413102e-07,-4.104671596714432e-10,8.208607569723231e-07,-4.9890855494449206e-08,0.9999999999996618
27,143000000,27.143,indoor_world,differential_drive_robot,-3.5741685225951495e-06,-2.993451338640735e-08,-4.433823484413102e-07,-4.104671596714432e-10,8.208607569723231e-07,-4.9890855494449206e-08,0.9999999999996618
27,163000000,27.163,indoor_world,differential_drive_robot,-3.5741685225951495e-06,-2.993451338640735e-08,-4.433823484413102e-07,-4.104671596714432e-10,8.208607569723231e-07,-4.9890855494449206e-08,0.9999999999996618
27,183000000,27.183,indoor_world,differential_drive_robot,-3.5741685225951495e-06,-2.993451338640735e-08,-4.433823484413102e-07,-4.104671596714432e-10,8.208607569723231e-07,-4.9890855494449206e-08,0.9999999999996618
27,203000000,27.203,indoor_world,differential_drive_robot,-3.5741685225951495e-06,-2.993451338640735e-08,-4.433823484413102e-07,-4.104671596714432e-10,8.208607569723231e-07,-4.9890855494449206e-08,0.9999999999996618
27,223000000,27.223,indoor_world,differential_drive_robot,-3.5741685225951495e-06,-2.993451338640735e-08,-4.433823484413102e-07,-4.104671596714432e-10,8.208607569723231e-07,-4.9890855494449206e-08,0.9999999999996618
27,243000000,27.243,indoor_world,differential_drive_robot,-3.5741685225951495e-06,-2.993451338640735e-08,-4.433823484413102e-07,-4.104671596714432e-10,8.208607569723231e-07,-4.9890855494449206e-08,0.9999999999996618
27,263000000,27.263,indoor_world,differential_drive_robot,-3.5741685225951495e-06,-2.993451338640735e-08,-4.433823484413102e-07,-4.104671596714432e-10,8.208607569723231e-07,-4.9890855494449206e-08,0.9999999999996618
27,283000000,27.283,indoor_world,differential_drive_robot,-3.5741685225951495e-06,-2.993451338640735e-08,-4.433823484413102e-07,-4.104671596714432e-10,8.208607569723231e-07,-4.9890855494449206e-08,0.9999999999996618
27,303000000,27.303,indoor_world,differential_drive_robot,-3.5741685225951495e-06,-2.993451338640735e-08,-4.433823484413102e-07,-4.104671596714432e-10,8.208607569723231e-07,-4.9890855494449206e-08,0.9999999999996618
27,323000000,27.323,indoor_world,differential_drive_robot,-3.5741685225951495e-06,-2.993451338640735e-08,-4.433823484413102e-07,-4.104671596714432e-10,8.208607569723231e-07,-4.9890855494449206e-08,0.9999999999996618
27,343000000,27.343,indoor_world,differential_drive_robot,-3.5741685225951495e-06,-2.993451338640735e-08,-4.433823484413102e-07,-4.104671596714432e-10,8.208607569723231e-07,-4.9890855494449206e-08,0.9999999999996618
27,363000000,27.363,indoor_world,differential_drive_robot,-3.5741685225951495e-06,-2.993451338640735e-08,-4.433823484413102e-07,-4.104671596714432e-10,8.208607569723231e-07,-4.9890855494449206e-08,0.9999999999996618
27,383000000,27.383,indoor_world,differential_drive_robot,-3.5741685225951495e-06,-2.993451338640735e-08,-4.433823484413102e-07,-4.104671596714432e-10,8.208607569723231e-07,-4.9890855494449206e-08,0.9999999999996618
27,403000000,27.403,indoor_world,differential_drive_robot,-3.5741685225951495e-06,-2.993451338640735e-08,-4.433823484413102e-07,-4.104671596714432e-10,8.208607569723231e-07,-4.9890855494449206e-08,0.9999999999996618
27,423000000,27.423000000000002,indoor_world,differential_drive_robot,-3.5741685225951495e-06,-2.993451338640735e-08,-4.433823484413102e-07,-4.104671596714432e-10,8.208607569723231e-07,-4.9890855494449206e-08,0.9999999999996618
27,443000000,27.443,indoor_world,differential_drive_robot,-3.5741685225951495e-06,-2.993451338640735e-08,-4.433823484413102e-07,-4.104671596714432e-10,8.208607569723231e-07,-4.9890855494449206e-08,0.9999999999996618
27,463000000,27.463,indoor_world,differential_drive_robot,-3.5741685225951495e-06,-2.993451338640735e-08,-4.433823484413102e-07,-4.104671596714432e-10,8.208607569723231e-07,-4.9890855494449206e-08,0.9999999999996618
27,483000000,27.483,indoor_world,differential_drive_robot,-3.5741685225951495e-06,-2.993451338640735e-08,-4.433823484413102e-07,-4.104671596714432e-10,8.208607569723231e-07,-4.9890855494449206e-08,0.9999999999996618
27,503000000,27.503,indoor_world,differential_drive_robot,-3.5741685225951495e-06,-2.993451338640735e-08,-4.433823484413102e-07,-4.104671596714432e-10,8.208607569723231e-07,-4.9890855494449206e-08,0.9999999999996618
27,523000000,27.523,indoor_world,differential_drive_robot,-3.5741685225951495e-06,-2.993451338640735e-08,-4.433823484413102e-07,-4.104671596714432e-10,8.208607569723231e-07,-4.9890855494449206e-08,0.9999999999996618
27,543000000,27.543,indoor_world,differential_drive_robot,-3.5741685225951495e-06,-2.993451338640735e-08,-4.433823484413102e-07,-4.104671596714432e-10,8.208607569723231e-07,-4.9890855494449206e-08,0.9999999999996618
27,563000000,27.563,indoor_world,differential_drive_robot,-3.5741685225951495e-06,-2.993451338640735e-08,-4.433823484413102e-07,-4.104671596714432e-10,8.208607569723231e-07,-4.9890855494449206e-08,0.9999999999996618
27,583000000,27.583,indoor_world,differential_drive_robot,-3.5741685225951495e-06,-2.993451338640735e-08,-4.433823484413102e-07,-4.104671596714432e-10,8.208607569723231e-07,-4.9890855494449206e-08,0.9999999999996618
27,603000000,27.603,indoor_world,differential_drive_robot,-3.5741685225951495e-06,-2.993451338640735e-08,-4.433823484413102e-07,-4.104671596714432e-10,8.208607569723231e-07,-4.9890855494449206e-08,0.9999999999996618
27,623000000,27.623,indoor_world,differential_drive_robot,-3.5741685225951495e-06,-2.993451338640735e-08,-4.433823484413102e-07,-4.104671596714432e-10,8.208607569723231e-07,-4.9890855494449206e-08,0.9999999999996618
27,643000000,27.643,indoor_world,differential_drive_robot,-3.5741685225951495e-06,-2.993451338640735e-08,-4.433823484413102e-07,-4.104671596714432e-10,8.208607569723231e-07,-4.9890855494449206e-08,0.9999999999996618
27,663000000,27.663,indoor_world,differential_drive_robot,-3.5741685225951495e-06,-2.993451338640735e-08,-4.433823484413102e-07,-4.104671596714432e-10,8.208607569723231e-07,-4.9890855494449206e-08,0.9999999999996618
27,683000000,27.683,indoor_world,differential_drive_robot,-3.5741685225951495e-06,-2.993451338640735e-08,-4.433823484413102e-07,-4.104671596714432e-10,8.208607569723231e-07,-4.9890855494449206e-08,0.9999999999996618
27,703000000,27.703,indoor_world,differential_drive_robot,-3.5741685225951495e-06,-2.993451338640735e-08,-4.433823484413102e-07,-4.104671596714432e-10,8.208607569723231e-07,-4.9890855494449206e-08,0.9999999999996618
27,723000000,27.723,indoor_world,differential_drive_robot,-3.5741685225951495e-06,-2.993451338640735e-08,-4.433823484413102e-07,-4.104671596714432e-10,8.208607569723231e-07,-4.9890855494449206e-08,0.9999999999996618
27,743000000,27.743,indoor_world,differential_drive_robot,-3.5741685225951495e-06,-2.993451338640735e-08,-4.433823484413102e-07,-4.104671596714432e-10,8.208607569723231e-07,-4.9890855494449206e-08,0.9999999999996618
27,763000000,27.763,indoor_world,differential_drive_robot,-3.5741685225951495e-06,-2.993451338640735e-08,-4.433823484413102e-07,-4.104671596714432e-10,8.208607569723231e-07,-4.9890855494449206e-08,0.9999999999996618
27,783000000,27.783,indoor_world,differential_drive_robot,-3.5741685225951495e-06,-2.993451338640735e-08,-4.433823484413102e-07,-4.104671596714432e-10,8.208607569723231e-07,-4.9890855494449206e-08,0.9999999999996618
27,803000000,27.803,indoor_world,differential_drive_robot,-3.5741685225951495e-06,-2.993451338640735e-08,-4.433823484413102e-07,-4.104671596714432e-10,8.208607569723231e-07,-4.9890855494449206e-08,0.9999999999996618
27,823000000,27.823,indoor_world,differential_drive_robot,-3.5741685225951495e-06,-2.993451338640735e-08,-4.433823484413102e-07,-4.104671596714432e-10,8.208607569723231e-07,-4.9890855494449206e-08,0.9999999999996618
27,843000000,27.843,indoor_world,differential_drive_robot,-3.5741685225951495e-06,-2.993451338640735e-08,-4.433823484413102e-07,-4.104671596714432e-10,8.208607569723231e-07,-4.9890855494449206e-08,0.9999999999996618
27,863000000,27.863,indoor_world,differential_drive_robot,-3.5741685225951495e-06,-2.993451338640735e-08,-4.433823484413102e-07,-4.104671596714432e-10,8.208607569723231e-07,-4.9890855494449206e-08,0.9999999999996618
27,883000000,27.883,indoor_world,differential_drive_robot,-3.5741685225951495e-06,-2.993451338640735e-08,-4.433823484413102e-07,-4.104671596714432e-10,8.208607569723231e-07,-4.9890855494449206e-08,0.9999999999996618
27,903000000,27.903,indoor_world,differential_drive_robot,-3.5741685225951495e-06,-2.993451338640735e-08,-4.433823484413102e-07,-4.104671596714432e-10,8.208607569723231e-07,-4.9890855494449206e-08,0.9999999999996618
27,923000000,27.923000000000002,indoor_world,differential_drive_robot,-3.5741685225951495e-06,-2.993451338640735e-08,-4.433823484413102e-07,-4.104671596714432e-10,8.208607569723231e-07,-4.9890855494449206e-08,0.9999999999996618
27,943000000,27.943,indoor_world,differential_drive_robot,-3.5741685225951495e-06,-2.993451338640735e-08,-4.433823484413102e-07,-4.104671596714432e-10,8.208607569723231e-07,-4.9890855494449206e-08,0.9999999999996618
27,963000000,27.963,indoor_world,differential_drive_robot,-3.5741685225951495e-06,-2.993451338640735e-08,-4.433823484413102e-07,-4.104671596714432e-10,8.208607569723231e-07,-4.9890855494449206e-08,0.9999999999996618
27,983000000,27.983,indoor_world,differential_drive_robot,-3.5741685225951495e-06,-2.993451338640735e-08,-4.433823484413102e-07,-4.104671596714432e-10,8.208607569723231e-07,-4.9890855494449206e-08,0.9999999999996618
28,3000000,28.003,indoor_world,differential_drive_robot,-3.5741685225951495e-06,-2.993451338640735e-08,-4.433823484413102e-07,-4.104671596714432e-10,8.208607569723231e-07,-4.9890855494449206e-08,0.9999999999996618
28,23000000,28.023,indoor_world,differential_drive_robot,-3.5741685225951495e-06,-2.993451338640735e-08,-4.433823484413102e-07,-4.104671596714432e-10,8.208607569723231e-07,-4.9890855494449206e-08,0.9999999999996618
28,43000000,28.043,indoor_world,differential_drive_robot,-3.5741685225951495e-06,-2.993451338640735e-08,-4.433823484413102e-07,-4.104671596714432e-10,8.208607569723231e-07,-4.9890855494449206e-08,0.9999999999996618
28,63000000,28.063,indoor_world,differential_drive_robot,-3.5741685225951495e-06,-2.993451338640735e-08,-4.433823484413102e-07,-4.104671596714432e-10,8.208607569723231e-07,-4.9890855494449206e-08,0.9999999999996618
28,83000000,28.083,indoor_world,differential_drive_robot,-3.5741685225951495e-06,-2.993451338640735e-08,-4.433823484413102e-07,-4.104671596714432e-10,8.208607569723231e-07,-4.9890855494449206e-08,0.9999999999996618
28,103000000,28.103,indoor_world,differential_drive_robot,-3.5741685225951495e-06,-2.993451338640735e-08,-4.433823484413102e-07,-4.104671596714432e-10,8.208607569723231e-07,-4.9890855494449206e-08,0.9999999999996618
28,123000000,28.123,indoor_world,differential_drive_robot,-3.5741685225951495e-06,-2.993451338640735e-08,-4.433823484413102e-07,-4.104671596714432e-10,8.208607569723231e-07,-4.9890855494449206e-08,0.9999999999996618
28,143000000,28.143,indoor_world,differential_drive_robot,-3.5741685225951495e-06,-2.993451338640735e-08,-4.433823484413102e-07,-4.104671596714432e-10,8.208607569723231e-07,-4.9890855494449206e-08,0.9999999999996618
28,163000000,28.163,indoor_world,differential_drive_robot,-3.5741685225951495e-06,-2.993451338640735e-08,-4.433823484413102e-07,-4.104671596714432e-10,8.208607569723231e-07,-4.9890855494449206e-08,0.9999999999996618
28,183000000,28.183,indoor_world,differential_drive_robot,-3.5741685225951495e-06,-2.993451338640735e-08,-4.433823484413102e-07,-4.104671596714432e-10,8.208607569723231e-07,-4.9890855494449206e-08,0.9999999999996618
28,203000000,28.203,indoor_world,differential_drive_robot,-3.5741685225951495e-06,-2.993451338640735e-08,-4.433823484413102e-07,-4.104671596714432e-10,8.208607569723231e-07,-4.9890855494449206e-08,0.9999999999996618
28,223000000,28.223,indoor_world,differential_drive_robot,-3.5741685225951495e-06,-2.993451338640735e-08,-4.433823484413102e-07,-4.104671596714432e-10,8.208607569723231e-07,-4.9890855494449206e-08,0.9999999999996618
28,243000000,28.243,indoor_world,differential_drive_robot,-3.5741685225951495e-06,-2.993451338640735e-08,-4.433823484413102e-07,-4.104671596714432e-10,8.208607569723231e-07,-4.9890855494449206e-08,0.9999999999996618
28,263000000,28.263,indoor_world,differential_drive_robot,-3.5741685225951495e-06,-2.993451338640735e-08,-4.433823484413102e-07,-4.104671596714432e-10,8.208607569723231e-07,-4.9890855494449206e-08,0.9999999999996618
28,283000000,28.283,indoor_world,differential_drive_robot,-3.5741685225951495e-06,-2.993451338640735e-08,-4.433823484413102e-07,-4.104671596714432e-10,8.208607569723231e-07,-4.9890855494449206e-08,0.9999999999996618
28,303000000,28.303,indoor_world,differential_drive_robot,-3.5741685225951495e-06,-2.993451338640735e-08,-4.433823484413102e-07,-4.104671596714432e-10,8.208607569723231e-07,-4.9890855494449206e-08,0.9999999999996618
28,323000000,28.323,indoor_world,differential_drive_robot,-3.5741685225951495e-06,-2.993451338640735e-08,-4.433823484413102e-07,-4.104671596714432e-10,8.208607569723231e-07,-4.9890855494449206e-08,0.9999999999996618
28,343000000,28.343,indoor_world,differential_drive_robot,-3.5741685225951495e-06,-2.993451338640735e-08,-4.433823484413102e-07,-4.104671596714432e-10,8.208607569723231e-07,-4.9890855494449206e-08,0.9999999999996618
28,363000000,28.363,indoor_world,differential_drive_robot,-3.5741685225951495e-06,-2.993451338640735e-08,-4.433823484413102e-07,-4.104671596714432e-10,8.208607569723231e-07,-4.9890855494449206e-08,0.9999999999996618
28,383000000,28.383,indoor_world,differential_drive_robot,-3.5741685225951495e-06,-2.993451338640735e-08,-4.433823484413102e-07,-4.104671596714432e-10,8.208607569723231e-07,-4.9890855494449206e-08,0.9999999999996618
28,403000000,28.403,indoor_world,differential_drive_robot,-3.5741685225951495e-06,-2.993451338640735e-08,-4.433823484413102e-07,-4.104671596714432e-10,8.208607569723231e-07,-4.9890855494449206e-08,0.9999999999996618
28,423000000,28.423000000000002,indoor_world,differential_drive_robot,-3.5741685225951495e-06,-2.993451338640735e-08,-4.433823484413102e-07,-4.104671596714432e-10,8.208607569723231e-07,-4.9890855494449206e-08,0.9999999999996618
28,443000000,28.443,indoor_world,differential_drive_robot,-3.5741685225951495e-06,-2.993451338640735e-08,-4.433823484413102e-07,-4.104671596714432e-10,8.208607569723231e-07,-4.9890855494449206e-08,0.9999999999996618
28,463000000,28.463,indoor_world,differential_drive_robot,-3.5741685225951495e-06,-2.993451338640735e-08,-4.433823484413102e-07,-4.104671596714432e-10,8.208607569723231e-07,-4.9890855494449206e-08,0.9999999999996618
28,483000000,28.483,indoor_world,differential_drive_robot,-3.5741685225951495e-06,-2.993451338640735e-08,-4.433823484413102e-07,-4.104671596714432e-10,8.208607569723231e-07,-4.9890855494449206e-08,0.9999999999996618
28,503000000,28.503,indoor_world,differential_drive_robot,-3.5741685225951495e-06,-2.993451338640735e-08,-4.433823484413102e-07,-4.104671596714432e-10,8.208607569723231e-07,-4.9890855494449206e-08,0.9999999999996618
28,523000000,28.523,indoor_world,differential_drive_robot,-3.5741685225951495e-06,-2.993451338640735e-08,-4.433823484413102e-07,-4.104671596714432e-10,8.208607569723231e-07,-4.9890855494449206e-08,0.9999999999996618
28,543000000,28.543,indoor_world,differential_drive_robot,-3.5741685225951495e-06,-2.993451338640735e-08,-4.433823484413102e-07,-4.104671596714432e-10,8.208607569723231e-07,-4.9890855494449206e-08,0.9999999999996618
28,563000000,28.563,indoor_world,differential_drive_robot,-3.5741685225951495e-06,-2.993451338640735e-08,-4.433823484413102e-07,-4.104671596714432e-10,8.208607569723231e-07,-4.9890855494449206e-08,0.9999999999996618
28,583000000,28.583,indoor_world,differential_drive_robot,-3.5741685225951495e-06,-2.993451338640735e-08,-4.433823484413102e-07,-4.104671596714432e-10,8.208607569723231e-07,-4.9890855494449206e-08,0.9999999999996618
28,603000000,28.603,indoor_world,differential_drive_robot,-3.5741685225951495e-06,-2.993451338640735e-08,-4.433823484413102e-07,-4.104671596714432e-10,8.208607569723231e-07,-4.9890855494449206e-08,0.9999999999996618
28,623000000,28.623,indoor_world,differential_drive_robot,-3.5741685225951495e-06,-2.993451338640735e-08,-4.433823484413102e-07,-4.104671596714432e-10,8.208607569723231e-07,-4.9890855494449206e-08,0.9999999999996618
28,643000000,28.643,indoor_world,differential_drive_robot,-3.5741685225951495e-06,-2.993451338640735e-08,-4.433823484413102e-07,-4.104671596714432e-10,8.208607569723231e-07,-4.9890855494449206e-08,0.9999999999996618
28,663000000,28.663,indoor_world,differential_drive_robot,-3.5741685225951495e-06,-2.993451338640735e-08,-4.433823484413102e-07,-4.104671596714432e-10,8.208607569723231e-07,-4.9890855494449206e-08,0.9999999999996618
28,683000000,28.683,indoor_world,differential_drive_robot,-3.5741685225951495e-06,-2.993451338640735e-08,-4.433823484413102e-07,-4.104671596714432e-10,8.208607569723231e-07,-4.9890855494449206e-08,0.9999999999996618
28,703000000,28.703,indoor_world,differential_drive_robot,-3.5741685225951495e-06,-2.993451338640735e-08,-4.433823484413102e-07,-4.104671596714432e-10,8.208607569723231e-07,-4.9890855494449206e-08,0.9999999999996618
28,723000000,28.723,indoor_world,differential_drive_robot,-3.5741685225951495e-06,-2.993451338640735e-08,-4.433823484413102e-07,-4.104671596714432e-10,8.208607569723231e-07,-4.9890855494449206e-08,0.9999999999996618
28,743000000,28.743,indoor_world,differential_drive_robot,-3.5741685225951495e-06,-2.993451338640735e-08,-4.433823484413102e-07,-4.104671596714432e-10,8.208607569723231e-07,-4.9890855494449206e-08,0.9999999999996618
28,763000000,28.763,indoor_world,differential_drive_robot,-3.5741685225951495e-06,-2.993451338640735e-08,-4.433823484413102e-07,-4.104671596714432e-10,8.208607569723231e-07,-4.9890855494449206e-08,0.9999999999996618
28,783000000,28.783,indoor_world,differential_drive_robot,-3.5741685225951495e-06,-2.993451338640735e-08,-4.433823484413102e-07,-4.104671596714432e-10,8.208607569723231e-07,-4.9890855494449206e-08,0.9999999999996618
28,803000000,28.803,indoor_world,differential_drive_robot,-3.5741685225951495e-06,-2.993451338640735e-08,-4.433823484413102e-07,-4.104671596714432e-10,8.208607569723231e-07,-4.9890855494449206e-08,0.9999999999996618
28,823000000,28.823,indoor_world,differential_drive_robot,-3.5741685225951495e-06,-2.993451338640735e-08,-4.433823484413102e-07,-4.104671596714432e-10,8.208607569723231e-07,-4.9890855494449206e-08,0.9999999999996618
28,843000000,28.843,indoor_world,differential_drive_robot,-3.5741685225951495e-06,-2.993451338640735e-08,-4.433823484413102e-07,-4.104671596714432e-10,8.208607569723231e-07,-4.9890855494449206e-08,0.9999999999996618
28,863000000,28.863,indoor_world,differential_drive_robot,-3.5741685225951495e-06,-2.993451338640735e-08,-4.433823484413102e-07,-4.104671596714432e-10,8.208607569723231e-07,-4.9890855494449206e-08,0.9999999999996618
28,883000000,28.883,indoor_world,differential_drive_robot,-3.5741685225951495e-06,-2.993451338640735e-08,-4.433823484413102e-07,-4.104671596714432e-10,8.208607569723231e-07,-4.9890855494449206e-08,0.9999999999996618
28,903000000,28.903,indoor_world,differential_drive_robot,-3.5741685225951495e-06,-2.993451338640735e-08,-4.433823484413102e-07,-4.104671596714432e-10,8.208607569723231e-07,-4.9890855494449206e-08,0.9999999999996618
28,923000000,28.923000000000002,indoor_world,differential_drive_robot,-3.5741685225951495e-06,-2.993451338640735e-08,-4.433823484413102e-07,-4.104671596714432e-10,8.208607569723231e-07,-4.9890855494449206e-08,0.9999999999996618
28,943000000,28.943,indoor_world,differential_drive_robot,-3.5741685225951495e-06,-2.993451338640735e-08,-4.433823484413102e-07,-4.104671596714432e-10,8.208607569723231e-07,-4.9890855494449206e-08,0.9999999999996618
28,963000000,28.963,indoor_world,differential_drive_robot,-3.5741685225951495e-06,-2.993451338640735e-08,-4.433823484413102e-07,-4.104671596714432e-10,8.208607569723231e-07,-4.9890855494449206e-08,0.9999999999996618
28,983000000,28.983,indoor_world,differential_drive_robot,-3.5741685225951495e-06,-2.993451338640735e-08,-4.433823484413102e-07,-4.104671596714432e-10,8.208607569723231e-07,-4.9890855494449206e-08,0.9999999999996618
29,3000000,29.003,indoor_world,differential_drive_robot,-3.5741685225951495e-06,-2.993451338640735e-08,-4.433823484413102e-07,-4.104671596714432e-10,8.208607569723231e-07,-4.9890855494449206e-08,0.9999999999996618
29,23000000,29.023,indoor_world,differential_drive_robot,-3.5741685225951495e-06,-2.993451338640735e-08,-4.433823484413102e-07,-4.104671596714432e-10,8.208607569723231e-07,-4.9890855494449206e-08,0.9999999999996618
29,43000000,29.043,indoor_world,differential_drive_robot,-3.5741685225951495e-06,-2.993451338640735e-08,-4.433823484413102e-07,-4.104671596714432e-10,8.208607569723231e-07,-4.9890855494449206e-08,0.9999999999996618
29,63000000,29.063,indoor_world,differential_drive_robot,-3.5741685225951495e-06,-2.993451338640735e-08,-4.433823484413102e-07,-4.104671596714432e-10,8.208607569723231e-07,-4.9890855494449206e-08,0.9999999999996618
29,83000000,29.083,indoor_world,differential_drive_robot,-3.5741685225951495e-06,-2.993451338640735e-08,-4.433823484413102e-07,-4.104671596714432e-10,8.208607569723231e-07,-4.9890855494449206e-08,0.9999999999996618
29,103000000,29.103,indoor_world,differential_drive_robot,-3.5741685225951495e-06,-2.993451338640735e-08,-4.433823484413102e-07,-4.104671596714432e-10,8.208607569723231e-07,-4.9890855494449206e-08,0.9999999999996618
29,123000000,29.123,indoor_world,differential_drive_robot,-3.5741685225951495e-06,-2.993451338640735e-08,-4.433823484413102e-07,-4.104671596714432e-10,8.208607569723231e-07,-4.9890855494449206e-08,0.9999999999996618
29,143000000,29.143,indoor_world,differential_drive_robot,-3.5741685225951495e-06,-2.993451338640735e-08,-4.433823484413102e-07,-4.104671596714432e-10,8.208607569723231e-07,-4.9890855494449206e-08,0.9999999999996618
29,163000000,29.163,indoor_world,differential_drive_robot,-3.5741685225951495e-06,-2.993451338640735e-08,-4.433823484413102e-07,-4.104671596714432e-10,8.208607569723231e-07,-4.9890855494449206e-08,0.9999999999996618
29,183000000,29.183,indoor_world,differential_drive_robot,-3.5741685225951495e-06,-2.993451338640735e-08,-4.433823484413102e-07,-4.104671596714432e-10,8.208607569723231e-07,-4.9890855494449206e-08,0.9999999999996618
29,203000000,29.203,indoor_world,differential_drive_robot,-3.5741685225951495e-06,-2.993451338640735e-08,-4.433823484413102e-07,-4.104671596714432e-10,8.208607569723231e-07,-4.9890855494449206e-08,0.9999999999996618
29,223000000,29.223,indoor_world,differential_drive_robot,-3.5741685225951495e-06,-2.993451338640735e-08,-4.433823484413102e-07,-4.104671596714432e-10,8.208607569723231e-07,-4.9890855494449206e-08,0.9999999999996618
29,243000000,29.243,indoor_world,differential_drive_robot,-3.5741685225951495e-06,-2.993451338640735e-08,-4.433823484413102e-07,-4.104671596714432e-10,8.208607569723231e-07,-4.9890855494449206e-08,0.9999999999996618
29,263000000,29.263,indoor_world,differential_drive_robot,-3.5741685225951495e-06,-2.993451338640735e-08,-4.433823484413102e-07,-4.104671596714432e-10,8.208607569723231e-07,-4.9890855494449206e-08,0.9999999999996618
29,283000000,29.283,indoor_world,differential_drive_robot,-3.5741685225951495e-06,-2.993451338640735e-08,-4.433823484413102e-07,-4.104671596714432e-10,8.208607569723231e-07,-4.9890855494449206e-08,0.9999999999996618
29,303000000,29.303,indoor_world,differential_drive_robot,-3.5741685225951495e-06,-2.993451338640735e-08,-4.433823484413102e-07,-4.104671596714432e-10,8.208607569723231e-07,-4.9890855494449206e-08,0.9999999999996618
29,323000000,29.323,indoor_world,differential_drive_robot,-3.5741685225951495e-06,-2.993451338640735e-08,-4.433823484413102e-07,-4.104671596714432e-10,8.208607569723231e-07,-4.9890855494449206e-08,0.9999999999996618
29,343000000,29.343,indoor_world,differential_drive_robot,-3.5741685225951495e-06,-2.993451338640735e-08,-4.433823484413102e-07,-4.104671596714432e-10,8.208607569723231e-07,-4.9890855494449206e-08,0.9999999999996618
29,363000000,29.363,indoor_world,differential_drive_robot,-3.5741685225951495e-06,-2.993451338640735e-08,-4.433823484413102e-07,-4.104671596714432e-10,8.208607569723231e-07,-4.9890855494449206e-08,0.9999999999996618
29,383000000,29.383,indoor_world,differential_drive_robot,-3.5741685225951495e-06,-2.993451338640735e-08,-4.433823484413102e-07,-4.104671596714432e-10,8.208607569723231e-07,-4.9890855494449206e-08,0.9999999999996618
29,403000000,29.403,indoor_world,differential_drive_robot,-3.5741685225951495e-06,-2.993451338640735e-08,-4.433823484413102e-07,-4.104671596714432e-10,8.208607569723231e-07,-4.9890855494449206e-08,0.9999999999996618
29,423000000,29.423000000000002,indoor_world,differential_drive_robot,-3.5741685225951495e-06,-2.993451338640735e-08,-4.433823484413102e-07,-4.104671596714432e-10,8.208607569723231e-07,-4.9890855494449206e-08,0.9999999999996618
29,443000000,29.443,indoor_world,differential_drive_robot,-3.5741685225951495e-06,-2.993451338640735e-08,-4.433823484413102e-07,-4.104671596714432e-10,8.208607569723231e-07,-4.9890855494449206e-08,0.9999999999996618
29,463000000,29.463,indoor_world,differential_drive_robot,-3.5741685225951495e-06,-2.993451338640735e-08,-4.433823484413102e-07,-4.104671596714432e-10,8.208607569723231e-07,-4.9890855494449206e-08,0.9999999999996618
29,483000000,29.483,indoor_world,differential_drive_robot,-3.5741685225951495e-06,-2.993451338640735e-08,-4.433823484413102e-07,-4.104671596714432e-10,8.208607569723231e-07,-4.9890855494449206e-08,0.9999999999996618
29,503000000,29.503,indoor_world,differential_drive_robot,-3.5741685225951495e-06,-2.993451338640735e-08,-4.433823484413102e-07,-4.104671596714432e-10,8.208607569723231e-07,-4.9890855494449206e-08,0.9999999999996618
29,523000000,29.523,indoor_world,differential_drive_robot,-3.5741685225951495e-06,-2.993451338640735e-08,-4.433823484413102e-07,-4.104671596714432e-10,8.208607569723231e-07,-4.9890855494449206e-08,0.9999999999996618
29,543000000,29.543,indoor_world,differential_drive_robot,-3.5741685225951495e-06,-2.993451338640735e-08,-4.433823484413102e-07,-4.104671596714432e-10,8.208607569723231e-07,-4.9890855494449206e-08,0.9999999999996618
29,563000000,29.563,indoor_world,differential_drive_robot,-3.5741685225951495e-06,-2.993451338640735e-08,-4.433823484413102e-07,-4.104671596714432e-10,8.208607569723231e-07,-4.9890855494449206e-08,0.9999999999996618
29,583000000,29.583,indoor_world,differential_drive_robot,-3.5741685225951495e-06,-2.993451338640735e-08,-4.433823484413102e-07,-4.104671596714432e-10,8.208607569723231e-07,-4.9890855494449206e-08,0.9999999999996618
29,603000000,29.603,indoor_world,differential_drive_robot,-3.5741685225951495e-06,-2.993451338640735e-08,-4.433823484413102e-07,-4.104671596714432e-10,8.208607569723231e-07,-4.9890855494449206e-08,0.9999999999996618
29,623000000,29.623,indoor_world,differential_drive_robot,-3.5741685225951495e-06,-2.993451338640735e-08,-4.433823484413102e-07,-4.104671596714432e-10,8.208607569723231e-07,-4.9890855494449206e-08,0.9999999999996618
29,643000000,29.643,indoor_world,differential_drive_robot,-3.5741685225951495e-06,-2.993451338640735e-08,-4.433823484413102e-07,-4.104671596714432e-10,8.208607569723231e-07,-4.9890855494449206e-08,0.9999999999996618
29,663000000,29.663,indoor_world,differential_drive_robot,-3.5741685225951495e-06,-2.993451338640735e-08,-4.433823484413102e-07,-4.104671596714432e-10,8.208607569723231e-07,-4.9890855494449206e-08,0.9999999999996618
29,683000000,29.683,indoor_world,differential_drive_robot,-3.5741685225951495e-06,-2.993451338640735e-08,-4.433823484413102e-07,-4.104671596714432e-10,8.208607569723231e-07,-4.9890855494449206e-08,0.9999999999996618
29,703000000,29.703,indoor_world,differential_drive_robot,-3.5741685225951495e-06,-2.993451338640735e-08,-4.433823484413102e-07,-4.104671596714432e-10,8.208607569723231e-07,-4.9890855494449206e-08,0.9999999999996618
29,723000000,29.723,indoor_world,differential_drive_robot,-3.5741685225951495e-06,-2.993451338640735e-08,-4.433823484413102e-07,-4.104671596714432e-10,8.208607569723231e-07,-4.9890855494449206e-08,0.9999999999996618
29,743000000,29.743,indoor_world,differential_drive_robot,-3.5741685225951495e-06,-2.993451338640735e-08,-4.433823484413102e-07,-4.104671596714432e-10,8.208607569723231e-07,-4.9890855494449206e-08,0.9999999999996618
29,763000000,29.763,indoor_world,differential_drive_robot,-3.5741685225951495e-06,-2.993451338640735e-08,-4.433823484413102e-07,-4.104671596714432e-10,8.208607569723231e-07,-4.9890855494449206e-08,0.9999999999996618
29,783000000,29.783,indoor_world,differential_drive_robot,-3.5741685225951495e-06,-2.993451338640735e-08,-4.433823484413102e-07,-4.104671596714432e-10,8.208607569723231e-07,-4.9890855494449206e-08,0.9999999999996618
29,803000000,29.803,indoor_world,differential_drive_robot,-3.5741685225951495e-06,-2.993451338640735e-08,-4.433823484413102e-07,-4.104671596714432e-10,8.208607569723231e-07,-4.9890855494449206e-08,0.9999999999996618
29,823000000,29.823,indoor_world,differential_drive_robot,-3.5741685225951495e-06,-2.993451338640735e-08,-4.433823484413102e-07,-4.104671596714432e-10,8.208607569723231e-07,-4.9890855494449206e-08,0.9999999999996618
29,843000000,29.843,indoor_world,differential_drive_robot,-3.5741685225951495e-06,-2.993451338640735e-08,-4.433823484413102e-07,-4.104671596714432e-10,8.208607569723231e-07,-4.9890855494449206e-08,0.9999999999996618
29,863000000,29.863,indoor_world,differential_drive_robot,-3.5741685225951495e-06,-2.993451338640735e-08,-4.433823484413102e-07,-4.104671596714432e-10,8.208607569723231e-07,-4.9890855494449206e-08,0.9999999999996618
29,883000000,29.883,indoor_world,differential_drive_robot,-3.5741685225951495e-06,-2.993451338640735e-08,-4.433823484413102e-07,-4.104671596714432e-10,8.208607569723231e-07,-4.9890855494449206e-08,0.9999999999996618
29,903000000,29.903,indoor_world,differential_drive_robot,-3.5741685225951495e-06,-2.993451338640735e-08,-4.433823484413102e-07,-4.104671596714432e-10,8.208607569723231e-07,-4.9890855494449206e-08,0.9999999999996618
29,923000000,29.923000000000002,indoor_world,differential_drive_robot,-3.5741685225951495e-06,-2.993451338640735e-08,-4.433823484413102e-07,-4.104671596714432e-10,8.208607569723231e-07,-4.9890855494449206e-08,0.9999999999996618
29,943000000,29.943,indoor_world,differential_drive_robot,-3.5741685225951495e-06,-2.993451338640735e-08,-4.433823484413102e-07,-4.104671596714432e-10,8.208607569723231e-07,-4.9890855494449206e-08,0.9999999999996618
29,963000000,29.963,indoor_world,differential_drive_robot,-3.5741685225951495e-06,-2.993451338640735e-08,-4.433823484413102e-07,-4.104671596714432e-10,8.208607569723231e-07,-4.9890855494449206e-08,0.9999999999996618
29,983000000,29.983,indoor_world,differential_drive_robot,-3.5741685225951495e-06,-2.993451338640735e-08,-4.433823484413102e-07,-4.104671596714432e-10,8.208607569723231e-07,-4.9890855494449206e-08,0.9999999999996618
30,3000000,30.003,indoor_world,differential_drive_robot,-3.5741685225951495e-06,-2.993451338640735e-08,-4.433823484413102e-07,-4.104671596714432e-10,8.208607569723231e-07,-4.9890855494449206e-08,0.9999999999996618
30,23000000,30.023,indoor_world,differential_drive_robot,-3.5741685225951495e-06,-2.993451338640735e-08,-4.433823484413102e-07,-4.104671596714432e-10,8.208607569723231e-07,-4.9890855494449206e-08,0.9999999999996618
30,43000000,30.043,indoor_world,differential_drive_robot,-3.5741685225951495e-06,-2.993451338640735e-08,-4.433823484413102e-07,-4.104671596714432e-10,8.208607569723231e-07,-4.9890855494449206e-08,0.9999999999996618
30,63000000,30.063,indoor_world,differential_drive_robot,-3.5741685225951495e-06,-2.993451338640735e-08,-4.433823484413102e-07,-4.104671596714432e-10,8.208607569723231e-07,-4.9890855494449206e-08,0.9999999999996618
30,83000000,30.083,indoor_world,differential_drive_robot,-3.5741685225951495e-06,-2.993451338640735e-08,-4.433823484413102e-07,-4.104671596714432e-10,8.208607569723231e-07,-4.9890855494449206e-08,0.9999999999996618
30,103000000,30.103,indoor_world,differential_drive_robot,-3.5741685225951495e-06,-2.993451338640735e-08,-4.433823484413102e-07,-4.104671596714432e-10,8.208607569723231e-07,-4.9890855494449206e-08,0.9999999999996618
30,123000000,30.123,indoor_world,differential_drive_robot,-3.5741685225951495e-06,-2.993451338640735e-08,-4.433823484413102e-07,-4.104671596714432e-10,8.208607569723231e-07,-4.9890855494449206e-08,0.9999999999996618
30,143000000,30.143,indoor_world,differential_drive_robot,-3.5741685225951495e-06,-2.993451338640735e-08,-4.433823484413102e-07,-4.104671596714432e-10,8.208607569723231e-07,-4.9890855494449206e-08,0.9999999999996618
30,163000000,30.163,indoor_world,differential_drive_robot,-3.5741685225951495e-06,-2.993451338640735e-08,-4.433823484413102e-07,-4.104671596714432e-10,8.208607569723231e-07,-4.9890855494449206e-08,0.9999999999996618
30,183000000,30.183,indoor_world,differential_drive_robot,-3.5741685225951495e-06,-2.993451338640735e-08,-4.433823484413102e-07,-4.104671596714432e-10,8.208607569723231e-07,-4.9890855494449206e-08,0.9999999999996618
30,203000000,30.203,indoor_world,differential_drive_robot,-3.5741685225951495e-06,-2.993451338640735e-08,-4.433823484413102e-07,-4.104671596714432e-10,8.208607569723231e-07,-4.9890855494449206e-08,0.9999999999996618
30,223000000,30.223,indoor_world,differential_drive_robot,-3.5741685225951495e-06,-2.993451338640735e-08,-4.433823484413102e-07,-4.104671596714432e-10,8.208607569723231e-07,-4.9890855494449206e-08,0.9999999999996618
30,243000000,30.243,indoor_world,differential_drive_robot,-3.5741685225951495e-06,-2.993451338640735e-08,-4.433823484413102e-07,-4.104671596714432e-10,8.208607569723231e-07,-4.9890855494449206e-08,0.9999999999996618
30,263000000,30.263,indoor_world,differential_drive_robot,-3.5741685225951495e-06,-2.993451338640735e-08,-4.433823484413102e-07,-4.104671596714432e-10,8.208607569723231e-07,-4.9890855494449206e-08,0.9999999999996618
30,283000000,30.283,indoor_world,differential_drive_robot,-3.5741685225951495e-06,-2.993451338640735e-08,-4.433823484413102e-07,-4.104671596714432e-10,8.208607569723231e-07,-4.9890855494449206e-08,0.9999999999996618
30,303000000,30.303,indoor_world,differential_drive_robot,-3.5741685225951495e-06,-2.993451338640735e-08,-4.433823484413102e-07,-4.104671596714432e-10,8.208607569723231e-07,-4.9890855494449206e-08,0.9999999999996618
30,323000000,30.323,indoor_world,differential_drive_robot,-3.5741685225951495e-06,-2.993451338640735e-08,-4.433823484413102e-07,-4.104671596714432e-10,8.208607569723231e-07,-4.9890855494449206e-08,0.9999999999996618
30,343000000,30.343,indoor_world,differential_drive_robot,-3.5741685225951495e-06,-2.993451338640735e-08,-4.433823484413102e-07,-4.104671596714432e-10,8.208607569723231e-07,-4.9890855494449206e-08,0.9999999999996618
30,363000000,30.363,indoor_world,differential_drive_robot,-3.5741685225951495e-06,-2.993451338640735e-08,-4.433823484413102e-07,-4.104671596714432e-10,8.208607569723231e-07,-4.9890855494449206e-08,0.9999999999996618
30,383000000,30.383,indoor_world,differential_drive_robot,-3.5741685225951495e-06,-2.993451338640735e-08,-4.433823484413102e-07,-4.104671596714432e-10,8.208607569723231e-07,-4.9890855494449206e-08,0.9999999999996618
30,403000000,30.403,indoor_world,differential_drive_robot,-3.5741685225951495e-06,-2.993451338640735e-08,-4.433823484413102e-07,-4.104671596714432e-10,8.208607569723231e-07,-4.9890855494449206e-08,0.9999999999996618
30,423000000,30.423000000000002,indoor_world,differential_drive_robot,-3.5741685225951495e-06,-2.993451338640735e-08,-4.433823484413102e-07,-4.104671596714432e-10,8.208607569723231e-07,-4.9890855494449206e-08,0.9999999999996618
30,443000000,30.443,indoor_world,differential_drive_robot,-3.5741685225951495e-06,-2.993451338640735e-08,-4.433823484413102e-07,-4.104671596714432e-10,8.208607569723231e-07,-4.9890855494449206e-08,0.9999999999996618
30,463000000,30.463,indoor_world,differential_drive_robot,-3.5741685225951495e-06,-2.993451338640735e-08,-4.433823484413102e-07,-4.104671596714432e-10,8.208607569723231e-07,-4.9890855494449206e-08,0.9999999999996618
30,483000000,30.483,indoor_world,differential_drive_robot,-3.5741685225951495e-06,-2.993451338640735e-08,-4.433823484413102e-07,-4.104671596714432e-10,8.208607569723231e-07,-4.9890855494449206e-08,0.9999999999996618
30,503000000,30.503,indoor_world,differential_drive_robot,-3.5741685225951495e-06,-2.993451338640735e-08,-4.433823484413102e-07,-4.104671596714432e-10,8.208607569723231e-07,-4.9890855494449206e-08,0.9999999999996618
30,523000000,30.523,indoor_world,differential_drive_robot,-3.5741685225951495e-06,-2.993451338640735e-08,-4.433823484413102e-07,-4.104671596714432e-10,8.208607569723231e-07,-4.9890855494449206e-08,0.9999999999996618
30,543000000,30.543,indoor_world,differential_drive_robot,-3.5741685225951495e-06,-2.993451338640735e-08,-4.433823484413102e-07,-4.104671596714432e-10,8.208607569723231e-07,-4.9890855494449206e-08,0.9999999999996618
30,563000000,30.563,indoor_world,differential_drive_robot,-3.5741685225951495e-06,-2.993451338640735e-08,-4.433823484413102e-07,-4.104671596714432e-10,8.208607569723231e-07,-4.9890855494449206e-08,0.9999999999996618
30,583000000,30.583,indoor_world,differential_drive_robot,-3.5741685225951495e-06,-2.993451338640735e-08,-4.433823484413102e-07,-4.104671596714432e-10,8.208607569723231e-07,-4.9890855494449206e-08,0.9999999999996618
30,603000000,30.603,indoor_world,differential_drive_robot,-3.5741685225951495e-06,-2.993451338640735e-08,-4.433823484413102e-07,-4.104671596714432e-10,8.208607569723231e-07,-4.9890855494449206e-08,0.9999999999996618
30,623000000,30.623,indoor_world,differential_drive_robot,-3.5741685225951495e-06,-2.993451338640735e-08,-4.433823484413102e-07,-4.104671596714432e-10,8.208607569723231e-07,-4.9890855494449206e-08,0.9999999999996618
30,643000000,30.643,indoor_world,differential_drive_robot,-3.5741685225951495e-06,-2.993451338640735e-08,-4.433823484413102e-07,-4.104671596714432e-10,8.208607569723231e-07,-4.9890855494449206e-08,0.9999999999996618
30,663000000,30.663,indoor_world,differential_drive_robot,-3.5741685225951495e-06,-2.993451338640735e-08,-4.433823484413102e-07,-4.104671596714432e-10,8.208607569723231e-07,-4.9890855494449206e-08,0.9999999999996618
30,683000000,30.683,indoor_world,differential_drive_robot,-3.5741685225951495e-06,-2.993451338640735e-08,-4.433823484413102e-07,-4.104671596714432e-10,8.208607569723231e-07,-4.9890855494449206e-08,0.9999999999996618
30,703000000,30.703,indoor_world,differential_drive_robot,-3.5741685225951495e-06,-2.993451338640735e-08,-4.433823484413102e-07,-4.104671596714432e-10,8.208607569723231e-07,-4.9890855494449206e-08,0.9999999999996618
30,723000000,30.723,indoor_world,differential_drive_robot,-3.5741685225951495e-06,-2.993451338640735e-08,-4.433823484413102e-07,-4.104671596714432e-10,8.208607569723231e-07,-4.9890855494449206e-08,0.9999999999996618
30,743000000,30.743,indoor_world,differential_drive_robot,-3.5741685225951495e-06,-2.993451338640735e-08,-4.433823484413102e-07,-4.104671596714432e-10,8.208607569723231e-07,-4.9890855494449206e-08,0.9999999999996618
30,763000000,30.763,indoor_world,differential_drive_robot,-3.5741685225951495e-06,-2.993451338640735e-08,-4.433823484413102e-07,-4.104671596714432e-10,8.208607569723231e-07,-4.9890855494449206e-08,0.9999999999996618
30,783000000,30.783,indoor_world,differential_drive_robot,-3.5741685225951495e-06,-2.993451338640735e-08,-4.433823484413102e-07,-4.104671596714432e-10,8.208607569723231e-07,-4.9890855494449206e-08,0.9999999999996618
30,803000000,30.803,indoor_world,differential_drive_robot,-3.5741685225951495e-06,-2.993451338640735e-08,-4.433823484413102e-07,-4.104671596714432e-10,8.208607569723231e-07,-4.9890855494449206e-08,0.9999999999996618
30,823000000,30.823,indoor_world,differential_drive_robot,-3.5741685225951495e-06,-2.993451338640735e-08,-4.433823484413102e-07,-4.104671596714432e-10,8.208607569723231e-07,-4.9890855494449206e-08,0.9999999999996618
30,843000000,30.843,indoor_world,differential_drive_robot,-3.5741685225951495e-06,-2.993451338640735e-08,-4.433823484413102e-07,-4.104671596714432e-10,8.208607569723231e-07,-4.9890855494449206e-08,0.9999999999996618
30,863000000,30.863,indoor_world,differential_drive_robot,-3.5741685225951495e-06,-2.993451338640735e-08,-4.433823484413102e-07,-4.104671596714432e-10,8.208607569723231e-07,-4.9890855494449206e-08,0.9999999999996618
30,883000000,30.883,indoor_world,differential_drive_robot,-3.5741685225951495e-06,-2.993451338640735e-08,-4.433823484413102e-07,-4.104671596714432e-10,8.208607569723231e-07,-4.9890855494449206e-08,0.9999999999996618
30,903000000,30.903,indoor_world,differential_drive_robot,-3.5741685225951495e-06,-2.993451338640735e-08,-4.433823484413102e-07,-4.104671596714432e-10,8.208607569723231e-07,-4.9890855494449206e-08,0.9999999999996618
30,923000000,30.923000000000002,indoor_world,differential_drive_robot,-3.5741685225951495e-06,-2.993451338640735e-08,-4.433823484413102e-07,-4.104671596714432e-10,8.208607569723231e-07,-4.9890855494449206e-08,0.9999999999996618
30,943000000,30.943,indoor_world,differential_drive_robot,-3.5741685225951495e-06,-2.993451338640735e-08,-4.433823484413102e-07,-4.104671596714432e-10,8.208607569723231e-07,-4.9890855494449206e-08,0.9999999999996618
30,963000000,30.963,indoor_world,differential_drive_robot,-3.5741685225951495e-06,-2.993451338640735e-08,-4.433823484413102e-07,-4.104671596714432e-10,8.208607569723231e-07,-4.9890855494449206e-08,0.9999999999996618
30,983000000,30.983,indoor_world,differential_drive_robot,-3.5741685225951495e-06,-2.993451338640735e-08,-4.433823484413102e-07,-4.104671596714432e-10,8.208607569723231e-07,-4.9890855494449206e-08,0.9999999999996618
31,3000000,31.003,indoor_world,differential_drive_robot,-3.5741685225951495e-06,-2.993451338640735e-08,-4.433823484413102e-07,-4.104671596714432e-10,8.208607569723231e-07,-4.9890855494449206e-08,0.9999999999996618
31,23000000,31.023,indoor_world,differential_drive_robot,-3.5741685225951495e-06,-2.993451338640735e-08,-4.433823484413102e-07,-4.104671596714432e-10,8.208607569723231e-07,-4.9890855494449206e-08,0.9999999999996618
31,43000000,31.043,indoor_world,differential_drive_robot,-3.5741685225951495e-06,-2.993451338640735e-08,-4.433823484413102e-07,-4.104671596714432e-10,8.208607569723231e-07,-4.9890855494449206e-08,0.9999999999996618
31,63000000,31.063,indoor_world,differential_drive_robot,-3.5741685225951495e-06,-2.993451338640735e-08,-4.433823484413102e-07,-4.104671596714432e-10,8.208607569723231e-07,-4.9890855494449206e-08,0.9999999999996618
31,83000000,31.083,indoor_world,differential_drive_robot,-3.5741685225951495e-06,-2.993451338640735e-08,-4.433823484413102e-07,-4.104671596714432e-10,8.208607569723231e-07,-4.9890855494449206e-08,0.9999999999996618
31,103000000,31.103,indoor_world,differential_drive_robot,-3.5741685225951495e-06,-2.993451338640735e-08,-4.433823484413102e-07,-4.104671596714432e-10,8.208607569723231e-07,-4.9890855494449206e-08,0.9999999999996618
31,123000000,31.123,indoor_world,differential_drive_robot,-3.5741685225951495e-06,-2.993451338640735e-08,-4.433823484413102e-07,-4.104671596714432e-10,8.208607569723231e-07,-4.9890855494449206e-08,0.9999999999996618
31,143000000,31.143,indoor_world,differential_drive_robot,-3.5741685225951495e-06,-2.993451338640735e-08,-4.433823484413102e-07,-4.104671596714432e-10,8.208607569723231e-07,-4.9890855494449206e-08,0.9999999999996618
31,163000000,31.163,indoor_world,differential_drive_robot,-3.5741685225951495e-06,-2.993451338640735e-08,-4.433823484413102e-07,-4.104671596714432e-10,8.208607569723231e-07,-4.9890855494449206e-08,0.9999999999996618
31,183000000,31.183,indoor_world,differential_drive_robot,-3.5741685225951495e-06,-2.993451338640735e-08,-4.433823484413102e-07,-4.104671596714432e-10,8.208607569723231e-07,-4.9890855494449206e-08,0.9999999999996618
31,203000000,31.203,indoor_world,differential_drive_robot,-3.5741685225951495e-06,-2.993451338640735e-08,-4.433823484413102e-07,-4.104671596714432e-10,8.208607569723231e-07,-4.9890855494449206e-08,0.9999999999996618
31,223000000,31.223,indoor_world,differential_drive_robot,-3.5741685225951495e-06,-2.993451338640735e-08,-4.433823484413102e-07,-4.104671596714432e-10,8.208607569723231e-07,-4.9890855494449206e-08,0.9999999999996618
31,243000000,31.243,indoor_world,differential_drive_robot,-3.5741685225951495e-06,-2.993451338640735e-08,-4.433823484413102e-07,-4.104671596714432e-10,8.208607569723231e-07,-4.9890855494449206e-08,0.9999999999996618
31,263000000,31.263,indoor_world,differential_drive_robot,-3.5741685225951495e-06,-2.993451338640735e-08,-4.433823484413102e-07,-4.104671596714432e-10,8.208607569723231e-07,-4.9890855494449206e-08,0.9999999999996618
31,283000000,31.283,indoor_world,differential_drive_robot,-3.5741685225951495e-06,-2.993451338640735e-08,-4.433823484413102e-07,-4.104671596714432e-10,8.208607569723231e-07,-4.9890855494449206e-08,0.9999999999996618
31,303000000,31.303,indoor_world,differential_drive_robot,-3.5741685225951495e-06,-2.993451338640735e-08,-4.433823484413102e-07,-4.104671596714432e-10,8.208607569723231e-07,-4.9890855494449206e-08,0.9999999999996618
31,323000000,31.323,indoor_world,differential_drive_robot,-3.5741685225951495e-06,-2.993451338640735e-08,-4.433823484413102e-07,-4.104671596714432e-10,8.208607569723231e-07,-4.9890855494449206e-08,0.9999999999996618
31,343000000,31.343,indoor_world,differential_drive_robot,-3.5741685225951495e-06,-2.993451338640735e-08,-4.433823484413102e-07,-4.104671596714432e-10,8.208607569723231e-07,-4.9890855494449206e-08,0.9999999999996618
31,363000000,31.363,indoor_world,differential_drive_robot,-3.5741685225951495e-06,-2.993451338640735e-08,-4.433823484413102e-07,-4.104671596714432e-10,8.208607569723231e-07,-4.9890855494449206e-08,0.9999999999996618
31,383000000,31.383,indoor_world,differential_drive_robot,-3.5741685225951495e-06,-2.993451338640735e-08,-4.433823484413102e-07,-4.104671596714432e-10,8.208607569723231e-07,-4.9890855494449206e-08,0.9999999999996618
31,403000000,31.403,indoor_world,differential_drive_robot,-3.5741685225951495e-06,-2.993451338640735e-08,-4.433823484413102e-07,-4.104671596714432e-10,8.208607569723231e-07,-4.9890855494449206e-08,0.9999999999996618
31,423000000,31.423000000000002,indoor_world,differential_drive_robot,-3.5741685225951495e-06,-2.993451338640735e-08,-4.433823484413102e-07,-4.104671596714432e-10,8.208607569723231e-07,-4.9890855494449206e-08,0.9999999999996618
31,443000000,31.443,indoor_world,differential_drive_robot,-3.5741685225951495e-06,-2.993451338640735e-08,-4.433823484413102e-07,-4.104671596714432e-10,8.208607569723231e-07,-4.9890855494449206e-08,0.9999999999996618
31,463000000,31.463,indoor_world,differential_drive_robot,-3.5741685225951495e-06,-2.993451338640735e-08,-4.433823484413102e-07,-4.104671596714432e-10,8.208607569723231e-07,-4.9890855494449206e-08,0.9999999999996618
31,483000000,31.483,indoor_world,differential_drive_robot,-3.5741685225951495e-06,-2.993451338640735e-08,-4.433823484413102e-07,-4.104671596714432e-10,8.208607569723231e-07,-4.9890855494449206e-08,0.9999999999996618
31,503000000,31.503,indoor_world,differential_drive_robot,-3.5741685225951495e-06,-2.993451338640735e-08,-4.433823484413102e-07,-4.104671596714432e-10,8.208607569723231e-07,-4.9890855494449206e-08,0.9999999999996618
31,523000000,31.523,indoor_world,differential_drive_robot,-3.5741685225951495e-06,-2.993451338640735e-08,-4.433823484413102e-07,-4.104671596714432e-10,8.208607569723231e-07,-4.9890855494449206e-08,0.9999999999996618
31,543000000,31.543,indoor_world,differential_drive_robot,-3.5741685225951495e-06,-2.993451338640735e-08,-4.433823484413102e-07,-4.104671596714432e-10,8.208607569723231e-07,-4.9890855494449206e-08,0.9999999999996618
31,563000000,31.563,indoor_world,differential_drive_robot,-3.5741685225951495e-06,-2.993451338640735e-08,-4.433823484413102e-07,-4.104671596714432e-10,8.208607569723231e-07,-4.9890855494449206e-08,0.9999999999996618
31,583000000,31.583,indoor_world,differential_drive_robot,-3.5741685225951495e-06,-2.993451338640735e-08,-4.433823484413102e-07,-4.104671596714432e-10,8.208607569723231e-07,-4.9890855494449206e-08,0.9999999999996618
31,603000000,31.603,indoor_world,differential_drive_robot,-3.5741685225951495e-06,-2.993451338640735e-08,-4.433823484413102e-07,-4.104671596714432e-10,8.208607569723231e-07,-4.9890855494449206e-08,0.9999999999996618
31,623000000,31.623,indoor_world,differential_drive_robot,-3.5741685225951495e-06,-2.993451338640735e-08,-4.433823484413102e-07,-4.104671596714432e-10,8.208607569723231e-07,-4.9890855494449206e-08,0.9999999999996618
31,643000000,31.643,indoor_world,differential_drive_robot,-3.5741685225951495e-06,-2.993451338640735e-08,-4.433823484413102e-07,-4.104671596714432e-10,8.208607569723231e-07,-4.9890855494449206e-08,0.9999999999996618
31,663000000,31.663,indoor_world,differential_drive_robot,-3.5741685225951495e-06,-2.993451338640735e-08,-4.433823484413102e-07,-4.104671596714432e-10,8.208607569723231e-07,-4.9890855494449206e-08,0.9999999999996618
31,683000000,31.683,indoor_world,differential_drive_robot,-3.5741685225951495e-06,-2.993451338640735e-08,-4.433823484413102e-07,-4.104671596714432e-10,8.208607569723231e-07,-4.9890855494449206e-08,0.9999999999996618
31,703000000,31.703,indoor_world,differential_drive_robot,-3.5741685225951495e-06,-2.993451338640735e-08,-4.433823484413102e-07,-4.104671596714432e-10,8.208607569723231e-07,-4.9890855494449206e-08,0.9999999999996618
31,723000000,31.723,indoor_world,differential_drive_robot,-3.5741685225951495e-06,-2.993451338640735e-08,-4.433823484413102e-07,-4.104671596714432e-10,8.208607569723231e-07,-4.9890855494449206e-08,0.9999999999996618
31,743000000,31.743,indoor_world,differential_drive_robot,-3.5741685225951495e-06,-2.993451338640735e-08,-4.433823484413102e-07,-4.104671596714432e-10,8.208607569723231e-07,-4.9890855494449206e-08,0.9999999999996618
31,763000000,31.763,indoor_world,differential_drive_robot,-3.5741685225951495e-06,-2.993451338640735e-08,-4.433823484413102e-07,-4.104671596714432e-10,8.208607569723231e-07,-4.9890855494449206e-08,0.9999999999996618
31,783000000,31.783,indoor_world,differential_drive_robot,-3.5741685225951495e-06,-2.993451338640735e-08,-4.433823484413102e-07,-4.104671596714432e-10,8.208607569723231e-07,-4.9890855494449206e-08,0.9999999999996618
31,803000000,31.803,indoor_world,differential_drive_robot,-3.5741685225951495e-06,-2.993451338640735e-08,-4.433823484413102e-07,-4.104671596714432e-10,8.208607569723231e-07,-4.9890855494449206e-08,0.9999999999996618
31,823000000,31.823,indoor_world,differential_drive_robot,-3.5741685225951495e-06,-2.993451338640735e-08,-4.433823484413102e-07,-4.104671596714432e-10,8.208607569723231e-07,-4.9890855494449206e-08,0.9999999999996618
31,843000000,31.843,indoor_world,differential_drive_robot,-3.5741685225951495e-06,-2.993451338640735e-08,-4.433823484413102e-07,-4.104671596714432e-10,8.208607569723231e-07,-4.9890855494449206e-08,0.9999999999996618
31,863000000,31.863,indoor_world,differential_drive_robot,-3.5741685225951495e-06,-2.993451338640735e-08,-4.433823484413102e-07,-4.104671596714432e-10,8.208607569723231e-07,-4.9890855494449206e-08,0.9999999999996618
31,883000000,31.883,indoor_world,differential_drive_robot,-3.5741685225951495e-06,-2.993451338640735e-08,-4.433823484413102e-07,-4.104671596714432e-10,8.208607569723231e-07,-4.9890855494449206e-08,0.9999999999996618
31,903000000,31.903,indoor_world,differential_drive_robot,-3.5741685225951495e-06,-2.993451338640735e-08,-4.433823484413102e-07,-4.104671596714432e-10,8.208607569723231e-07,-4.9890855494449206e-08,0.9999999999996618
31,923000000,31.923000000000002,indoor_world,differential_drive_robot,-3.5741685225951495e-06,-2.993451338640735e-08,-4.433823484413102e-07,-4.104671596714432e-10,8.208607569723231e-07,-4.9890855494449206e-08,0.9999999999996618
31,943000000,31.943,indoor_world,differential_drive_robot,-3.5741685225951495e-06,-2.993451338640735e-08,-4.433823484413102e-07,-4.104671596714432e-10,8.208607569723231e-07,-4.9890855494449206e-08,0.9999999999996618
31,963000000,31.963,indoor_world,differential_drive_robot,-3.5741685225951495e-06,-2.993451338640735e-08,-4.433823484413102e-07,-4.104671596714432e-10,8.208607569723231e-07,-4.9890855494449206e-08,0.9999999999996618
31,983000000,31.983,indoor_world,differential_drive_robot,-3.5741685225951495e-06,-2.993451338640735e-08,-4.433823484413102e-07,-4.104671596714432e-10,8.208607569723231e-07,-4.9890855494449206e-08,0.9999999999996618
32,3000000,32.003,indoor_world,differential_drive_robot,-3.5741685225951495e-06,-2.993451338640735e-08,-4.433823484413102e-07,-4.104671596714432e-10,8.208607569723231e-07,-4.9890855494449206e-08,0.9999999999996618
32,23000000,32.023,indoor_world,differential_drive_robot,-3.5741685225951495e-06,-2.993451338640735e-08,-4.433823484413102e-07,-4.104671596714432e-10,8.208607569723231e-07,-4.9890855494449206e-08,0.9999999999996618
32,43000000,32.043,indoor_world,differential_drive_robot,-3.5741685225951495e-06,-2.993451338640735e-08,-4.433823484413102e-07,-4.104671596714432e-10,8.208607569723231e-07,-4.9890855494449206e-08,0.9999999999996618
32,63000000,32.063,indoor_world,differential_drive_robot,-3.5741685225951495e-06,-2.993451338640735e-08,-4.433823484413102e-07,-4.104671596714432e-10,8.208607569723231e-07,-4.9890855494449206e-08,0.9999999999996618
32,83000000,32.083,indoor_world,differential_drive_robot,-3.5741685225951495e-06,-2.993451338640735e-08,-4.433823484413102e-07,-4.104671596714432e-10,8.208607569723231e-07,-4.9890855494449206e-08,0.9999999999996618
32,103000000,32.103,indoor_world,differential_drive_robot,-3.5741685225951495e-06,-2.993451338640735e-08,-4.433823484413102e-07,-4.104671596714432e-10,8.208607569723231e-07,-4.9890855494449206e-08,0.9999999999996618
32,123000000,32.123,indoor_world,differential_drive_robot,-3.5741685225951495e-06,-2.993451338640735e-08,-4.433823484413102e-07,-4.104671596714432e-10,8.208607569723231e-07,-4.9890855494449206e-08,0.9999999999996618
32,143000000,32.143,indoor_world,differential_drive_robot,-3.5741685225951495e-06,-2.993451338640735e-08,-4.433823484413102e-07,-4.104671596714432e-10,8.208607569723231e-07,-4.9890855494449206e-08,0.9999999999996618
32,163000000,32.163,indoor_world,differential_drive_robot,-3.5741685225951495e-06,-2.993451338640735e-08,-4.433823484413102e-07,-4.104671596714432e-10,8.208607569723231e-07,-4.9890855494449206e-08,0.9999999999996618
32,183000000,32.183,indoor_world,differential_drive_robot,-3.5741685225951495e-06,-2.993451338640735e-08,-4.433823484413102e-07,-4.104671596714432e-10,8.208607569723231e-07,-4.9890855494449206e-08,0.9999999999996618
32,203000000,32.203,indoor_world,differential_drive_robot,-3.5741685225951495e-06,-2.993451338640735e-08,-4.433823484413102e-07,-4.104671596714432e-10,8.208607569723231e-07,-4.9890855494449206e-08,0.9999999999996618
32,223000000,32.223,indoor_world,differential_drive_robot,-3.5741685225951495e-06,-2.993451338640735e-08,-4.433823484413102e-07,-4.104671596714432e-10,8.208607569723231e-07,-4.9890855494449206e-08,0.9999999999996618
32,243000000,32.243,indoor_world,differential_drive_robot,-3.5741685225951495e-06,-2.993451338640735e-08,-4.433823484413102e-07,-4.104671596714432e-10,8.208607569723231e-07,-4.9890855494449206e-08,0.9999999999996618
32,263000000,32.263,indoor_world,differential_drive_robot,-3.5741685225951495e-06,-2.993451338640735e-08,-4.433823484413102e-07,-4.104671596714432e-10,8.208607569723231e-07,-4.9890855494449206e-08,0.9999999999996618
32,283000000,32.283,indoor_world,differential_drive_robot,-3.5741685225951495e-06,-2.993451338640735e-08,-4.433823484413102e-07,-4.104671596714432e-10,8.208607569723231e-07,-4.9890855494449206e-08,0.9999999999996618
32,303000000,32.303,indoor_world,differential_drive_robot,-3.5741685225951495e-06,-2.993451338640735e-08,-4.433823484413102e-07,-4.104671596714432e-10,8.208607569723231e-07,-4.9890855494449206e-08,0.9999999999996618
32,323000000,32.323,indoor_world,differential_drive_robot,-3.5741685225951495e-06,-2.993451338640735e-08,-4.433823484413102e-07,-4.104671596714432e-10,8.208607569723231e-07,-4.9890855494449206e-08,0.9999999999996618
32,343000000,32.343,indoor_world,differential_drive_robot,-3.5741685225951495e-06,-2.993451338640735e-08,-4.433823484413102e-07,-4.104671596714432e-10,8.208607569723231e-07,-4.9890855494449206e-08,0.9999999999996618
32,363000000,32.363,indoor_world,differential_drive_robot,-3.5741685225951495e-06,-2.993451338640735e-08,-4.433823484413102e-07,-4.104671596714432e-10,8.208607569723231e-07,-4.9890855494449206e-08,0.9999999999996618
32,383000000,32.383,indoor_world,differential_drive_robot,-3.5741685225951495e-06,-2.993451338640735e-08,-4.433823484413102e-07,-4.104671596714432e-10,8.208607569723231e-07,-4.9890855494449206e-08,0.9999999999996618
32,403000000,32.403,indoor_world,differential_drive_robot,-3.5741685225951495e-06,-2.993451338640735e-08,-4.433823484413102e-07,-4.104671596714432e-10,8.208607569723231e-07,-4.9890855494449206e-08,0.9999999999996618
32,423000000,32.423,indoor_world,differential_drive_robot,-3.5741685225951495e-06,-2.993451338640735e-08,-4.433823484413102e-07,-4.104671596714432e-10,8.208607569723231e-07,-4.9890855494449206e-08,0.9999999999996618
32,443000000,32.443,indoor_world,differential_drive_robot,-3.5741685225951495e-06,-2.993451338640735e-08,-4.433823484413102e-07,-4.104671596714432e-10,8.208607569723231e-07,-4.9890855494449206e-08,0.9999999999996618
32,463000000,32.463,indoor_world,differential_drive_robot,-3.5741685225951495e-06,-2.993451338640735e-08,-4.433823484413102e-07,-4.104671596714432e-10,8.208607569723231e-07,-4.9890855494449206e-08,0.9999999999996618
32,483000000,32.483,indoor_world,differential_drive_robot,-3.5741685225951495e-06,-2.993451338640735e-08,-4.433823484413102e-07,-4.104671596714432e-10,8.208607569723231e-07,-4.9890855494449206e-08,0.9999999999996618
32,503000000,32.503,indoor_world,differential_drive_robot,-3.5741685225951495e-06,-2.993451338640735e-08,-4.433823484413102e-07,-4.104671596714432e-10,8.208607569723231e-07,-4.9890855494449206e-08,0.9999999999996618
32,523000000,32.523,indoor_world,differential_drive_robot,-3.5741685225951495e-06,-2.993451338640735e-08,-4.433823484413102e-07,-4.104671596714432e-10,8.208607569723231e-07,-4.9890855494449206e-08,0.9999999999996618
32,543000000,32.543,indoor_world,differential_drive_robot,-3.5741685225951495e-06,-2.993451338640735e-08,-4.433823484413102e-07,-4.104671596714432e-10,8.208607569723231e-07,-4.9890855494449206e-08,0.9999999999996618
32,563000000,32.563,indoor_world,differential_drive_robot,-3.5741685225951495e-06,-2.993451338640735e-08,-4.433823484413102e-07,-4.104671596714432e-10,8.208607569723231e-07,-4.9890855494449206e-08,0.9999999999996618
32,583000000,32.583,indoor_world,differential_drive_robot,-3.5741685225951495e-06,-2.993451338640735e-08,-4.433823484413102e-07,-4.104671596714432e-10,8.208607569723231e-07,-4.9890855494449206e-08,0.9999999999996618
32,603000000,32.603,indoor_world,differential_drive_robot,-3.5741685225951495e-06,-2.993451338640735e-08,-4.433823484413102e-07,-4.104671596714432e-10,8.208607569723231e-07,-4.9890855494449206e-08,0.9999999999996618
32,623000000,32.623,indoor_world,differential_drive_robot,-3.5741685225951495e-06,-2.993451338640735e-08,-4.433823484413102e-07,-4.104671596714432e-10,8.208607569723231e-07,-4.9890855494449206e-08,0.9999999999996618
32,643000000,32.643,indoor_world,differential_drive_robot,-3.5741685225951495e-06,-2.993451338640735e-08,-4.433823484413102e-07,-4.104671596714432e-10,8.208607569723231e-07,-4.9890855494449206e-08,0.9999999999996618
32,663000000,32.663,indoor_world,differential_drive_robot,-3.5741685225951495e-06,-2.993451338640735e-08,-4.433823484413102e-07,-4.104671596714432e-10,8.208607569723231e-07,-4.9890855494449206e-08,0.9999999999996618
32,683000000,32.683,indoor_world,differential_drive_robot,-3.5741685225951495e-06,-2.993451338640735e-08,-4.433823484413102e-07,-4.104671596714432e-10,8.208607569723231e-07,-4.9890855494449206e-08,0.9999999999996618
32,703000000,32.703,indoor_world,differential_drive_robot,-3.5741685225951495e-06,-2.993451338640735e-08,-4.433823484413102e-07,-4.104671596714432e-10,8.208607569723231e-07,-4.9890855494449206e-08,0.9999999999996618
32,723000000,32.723,indoor_world,differential_drive_robot,-3.5741685225951495e-06,-2.993451338640735e-08,-4.433823484413102e-07,-4.104671596714432e-10,8.208607569723231e-07,-4.9890855494449206e-08,0.9999999999996618
32,743000000,32.743,indoor_world,differential_drive_robot,-3.5741685225951495e-06,-2.993451338640735e-08,-4.433823484413102e-07,-4.104671596714432e-10,8.208607569723231e-07,-4.9890855494449206e-08,0.9999999999996618
32,763000000,32.763,indoor_world,differential_drive_robot,-3.5741685225951495e-06,-2.993451338640735e-08,-4.433823484413102e-07,-4.104671596714432e-10,8.208607569723231e-07,-4.9890855494449206e-08,0.9999999999996618
32,783000000,32.783,indoor_world,differential_drive_robot,-3.5741685225951495e-06,-2.993451338640735e-08,-4.433823484413102e-07,-4.104671596714432e-10,8.208607569723231e-07,-4.9890855494449206e-08,0.9999999999996618
32,803000000,32.803,indoor_world,differential_drive_robot,-3.5741685225951495e-06,-2.993451338640735e-08,-4.433823484413102e-07,-4.104671596714432e-10,8.208607569723231e-07,-4.9890855494449206e-08,0.9999999999996618
32,823000000,32.823,indoor_world,differential_drive_robot,-3.5741685225951495e-06,-2.993451338640735e-08,-4.433823484413102e-07,-4.104671596714432e-10,8.208607569723231e-07,-4.9890855494449206e-08,0.9999999999996618
32,843000000,32.843,indoor_world,differential_drive_robot,-3.5741685225951495e-06,-2.993451338640735e-08,-4.433823484413102e-07,-4.104671596714432e-10,8.208607569723231e-07,-4.9890855494449206e-08,0.9999999999996618
32,863000000,32.863,indoor_world,differential_drive_robot,-3.5741685225951495e-06,-2.993451338640735e-08,-4.433823484413102e-07,-4.104671596714432e-10,8.208607569723231e-07,-4.9890855494449206e-08,0.9999999999996618
32,883000000,32.883,indoor_world,differential_drive_robot,-3.5741685225951495e-06,-2.993451338640735e-08,-4.433823484413102e-07,-4.104671596714432e-10,8.208607569723231e-07,-4.9890855494449206e-08,0.9999999999996618
32,903000000,32.903,indoor_world,differential_drive_robot,-3.5741685225951495e-06,-2.993451338640735e-08,-4.433823484413102e-07,-4.104671596714432e-10,8.208607569723231e-07,-4.9890855494449206e-08,0.9999999999996618
32,923000000,32.923,indoor_world,differential_drive_robot,-3.5741685225951495e-06,-2.993451338640735e-08,-4.433823484413102e-07,-4.104671596714432e-10,8.208607569723231e-07,-4.9890855494449206e-08,0.9999999999996618
32,943000000,32.943,indoor_world,differential_drive_robot,-3.5741685225951495e-06,-2.993451338640735e-08,-4.433823484413102e-07,-4.104671596714432e-10,8.208607569723231e-07,-4.9890855494449206e-08,0.9999999999996618
32,963000000,32.963,indoor_world,differential_drive_robot,-3.5741685225951495e-06,-2.993451338640735e-08,-4.433823484413102e-07,-4.104671596714432e-10,8.208607569723231e-07,-4.9890855494449206e-08,0.9999999999996618
32,983000000,32.983,indoor_world,differential_drive_robot,-3.5741685225951495e-06,-2.993451338640735e-08,-4.433823484413102e-07,-4.104671596714432e-10,8.208607569723231e-07,-4.9890855494449206e-08,0.9999999999996618
33,3000000,33.003,indoor_world,differential_drive_robot,-3.5741685225951495e-06,-2.993451338640735e-08,-4.433823484413102e-07,-4.104671596714432e-10,8.208607569723231e-07,-4.9890855494449206e-08,0.9999999999996618
33,23000000,33.023,indoor_world,differential_drive_robot,-3.5741685225951495e-06,-2.993451338640735e-08,-4.433823484413102e-07,-4.104671596714432e-10,8.208607569723231e-07,-4.9890855494449206e-08,0.9999999999996618
33,43000000,33.043,indoor_world,differential_drive_robot,-3.5741685225951495e-06,-2.993451338640735e-08,-4.433823484413102e-07,-4.104671596714432e-10,8.208607569723231e-07,-4.9890855494449206e-08,0.9999999999996618
33,63000000,33.063,indoor_world,differential_drive_robot,-3.5741685225951495e-06,-2.993451338640735e-08,-4.433823484413102e-07,-4.104671596714432e-10,8.208607569723231e-07,-4.9890855494449206e-08,0.9999999999996618
33,83000000,33.083,indoor_world,differential_drive_robot,-3.5741685225951495e-06,-2.993451338640735e-08,-4.433823484413102e-07,-4.104671596714432e-10,8.208607569723231e-07,-4.9890855494449206e-08,0.9999999999996618
33,103000000,33.103,indoor_world,differential_drive_robot,-3.5741685225951495e-06,-2.993451338640735e-08,-4.433823484413102e-07,-4.104671596714432e-10,8.208607569723231e-07,-4.9890855494449206e-08,0.9999999999996618
33,123000000,33.123,indoor_world,differential_drive_robot,-3.5741685225951495e-06,-2.993451338640735e-08,-4.433823484413102e-07,-4.104671596714432e-10,8.208607569723231e-07,-4.9890855494449206e-08,0.9999999999996618
33,143000000,33.143,indoor_world,differential_drive_robot,-3.5741685225951495e-06,-2.993451338640735e-08,-4.433823484413102e-07,-4.104671596714432e-10,8.208607569723231e-07,-4.9890855494449206e-08,0.9999999999996618
33,163000000,33.163,indoor_world,differential_drive_robot,-3.5741685225951495e-06,-2.993451338640735e-08,-4.433823484413102e-07,-4.104671596714432e-10,8.208607569723231e-07,-4.9890855494449206e-08,0.9999999999996618
33,183000000,33.183,indoor_world,differential_drive_robot,-3.5741685225951495e-06,-2.993451338640735e-08,-4.433823484413102e-07,-4.104671596714432e-10,8.208607569723231e-07,-4.9890855494449206e-08,0.9999999999996618
33,203000000,33.203,indoor_world,differential_drive_robot,-3.5741685225951495e-06,-2.993451338640735e-08,-4.433823484413102e-07,-4.104671596714432e-10,8.208607569723231e-07,-4.9890855494449206e-08,0.9999999999996618
33,223000000,33.223,indoor_world,differential_drive_robot,-3.5741685225951495e-06,-2.993451338640735e-08,-4.433823484413102e-07,-4.104671596714432e-10,8.208607569723231e-07,-4.9890855494449206e-08,0.9999999999996618
33,243000000,33.243,indoor_world,differential_drive_robot,-3.5741685225951495e-06,-2.993451338640735e-08,-4.433823484413102e-07,-4.104671596714432e-10,8.208607569723231e-07,-4.9890855494449206e-08,0.9999999999996618
33,263000000,33.263,indoor_world,differential_drive_robot,-3.5741685225951495e-06,-2.993451338640735e-08,-4.433823484413102e-07,-4.104671596714432e-10,8.208607569723231e-07,-4.9890855494449206e-08,0.9999999999996618
33,283000000,33.283,indoor_world,differential_drive_robot,-3.5741685225951495e-06,-2.993451338640735e-08,-4.433823484413102e-07,-4.104671596714432e-10,8.208607569723231e-07,-4.9890855494449206e-08,0.9999999999996618
33,303000000,33.303,indoor_world,differential_drive_robot,-3.5741685225951495e-06,-2.993451338640735e-08,-4.433823484413102e-07,-4.104671596714432e-10,8.208607569723231e-07,-4.9890855494449206e-08,0.9999999999996618
33,323000000,33.323,indoor_world,differential_drive_robot,-3.5741685225951495e-06,-2.993451338640735e-08,-4.433823484413102e-07,-4.104671596714432e-10,8.208607569723231e-07,-4.9890855494449206e-08,0.9999999999996618
33,343000000,33.343,indoor_world,differential_drive_robot,-3.5741685225951495e-06,-2.993451338640735e-08,-4.433823484413102e-07,-4.104671596714432e-10,8.208607569723231e-07,-4.9890855494449206e-08,0.9999999999996618
33,363000000,33.363,indoor_world,differential_drive_robot,-3.5741685225951495e-06,-2.993451338640735e-08,-4.433823484413102e-07,-4.104671596714432e-10,8.208607569723231e-07,-4.9890855494449206e-08,0.9999999999996618
33,383000000,33.383,indoor_world,differential_drive_robot,-3.5741685225951495e-06,-2.993451338640735e-08,-4.433823484413102e-07,-4.104671596714432e-10,8.208607569723231e-07,-4.9890855494449206e-08,0.9999999999996618
33,403000000,33.403,indoor_world,differential_drive_robot,-3.5741685225951495e-06,-2.993451338640735e-08,-4.433823484413102e-07,-4.104671596714432e-10,8.208607569723231e-07,-4.9890855494449206e-08,0.9999999999996618
33,423000000,33.423,indoor_world,differential_drive_robot,-3.5741685225951495e-06,-2.993451338640735e-08,-4.433823484413102e-07,-4.104671596714432e-10,8.208607569723231e-07,-4.9890855494449206e-08,0.9999999999996618
33,443000000,33.443,indoor_world,differential_drive_robot,-3.5741685225951495e-06,-2.993451338640735e-08,-4.433823484413102e-07,-4.104671596714432e-10,8.208607569723231e-07,-4.9890855494449206e-08,0.9999999999996618
33,463000000,33.463,indoor_world,differential_drive_robot,-3.5741685225951495e-06,-2.993451338640735e-08,-4.433823484413102e-07,-4.104671596714432e-10,8.208607569723231e-07,-4.9890855494449206e-08,0.9999999999996618
33,483000000,33.483,indoor_world,differential_drive_robot,-3.5741685225951495e-06,-2.993451338640735e-08,-4.433823484413102e-07,-4.104671596714432e-10,8.208607569723231e-07,-4.9890855494449206e-08,0.9999999999996618
33,503000000,33.503,indoor_world,differential_drive_robot,-3.5741685225951495e-06,-2.993451338640735e-08,-4.433823484413102e-07,-4.104671596714432e-10,8.208607569723231e-07,-4.9890855494449206e-08,0.9999999999996618
33,523000000,33.523,indoor_world,differential_drive_robot,-3.5741685225951495e-06,-2.993451338640735e-08,-4.433823484413102e-07,-4.104671596714432e-10,8.208607569723231e-07,-4.9890855494449206e-08,0.9999999999996618
33,543000000,33.543,indoor_world,differential_drive_robot,-3.5741685225951495e-06,-2.993451338640735e-08,-4.433823484413102e-07,-4.104671596714432e-10,8.208607569723231e-07,-4.9890855494449206e-08,0.9999999999996618
33,563000000,33.563,indoor_world,differential_drive_robot,-3.5741685225951495e-06,-2.993451338640735e-08,-4.433823484413102e-07,-4.104671596714432e-10,8.208607569723231e-07,-4.9890855494449206e-08,0.9999999999996618
33,583000000,33.583,indoor_world,differential_drive_robot,-3.5741685225951495e-06,-2.993451338640735e-08,-4.433823484413102e-07,-4.104671596714432e-10,8.208607569723231e-07,-4.9890855494449206e-08,0.9999999999996618
33,603000000,33.603,indoor_world,differential_drive_robot,-3.5741685225951495e-06,-2.993451338640735e-08,-4.433823484413102e-07,-4.104671596714432e-10,8.208607569723231e-07,-4.9890855494449206e-08,0.9999999999996618
33,623000000,33.623,indoor_world,differential_drive_robot,-3.5741685225951495e-06,-2.993451338640735e-08,-4.433823484413102e-07,-4.104671596714432e-10,8.208607569723231e-07,-4.9890855494449206e-08,0.9999999999996618
33,643000000,33.643,indoor_world,differential_drive_robot,-3.5741685225951495e-06,-2.993451338640735e-08,-4.433823484413102e-07,-4.104671596714432e-10,8.208607569723231e-07,-4.9890855494449206e-08,0.9999999999996618
33,663000000,33.663,indoor_world,differential_drive_robot,-3.5741685225951495e-06,-2.993451338640735e-08,-4.433823484413102e-07,-4.104671596714432e-10,8.208607569723231e-07,-4.9890855494449206e-08,0.9999999999996618
33,683000000,33.683,indoor_world,differential_drive_robot,-3.5741685225951495e-06,-2.993451338640735e-08,-4.433823484413102e-07,-4.104671596714432e-10,8.208607569723231e-07,-4.9890855494449206e-08,0.9999999999996618
33,703000000,33.703,indoor_world,differential_drive_robot,-3.5741685225951495e-06,-2.993451338640735e-08,-4.433823484413102e-07,-4.104671596714432e-10,8.208607569723231e-07,-4.9890855494449206e-08,0.9999999999996618
33,723000000,33.723,indoor_world,differential_drive_robot,-3.5741685225951495e-06,-2.993451338640735e-08,-4.433823484413102e-07,-4.104671596714432e-10,8.208607569723231e-07,-4.9890855494449206e-08,0.9999999999996618
33,743000000,33.743,indoor_world,differential_drive_robot,-3.5741685225951495e-06,-2.993451338640735e-08,-4.433823484413102e-07,-4.104671596714432e-10,8.208607569723231e-07,-4.9890855494449206e-08,0.9999999999996618
33,763000000,33.763,indoor_world,differential_drive_robot,-3.5741685225951495e-06,-2.993451338640735e-08,-4.433823484413102e-07,-4.104671596714432e-10,8.208607569723231e-07,-4.9890855494449206e-08,0.9999999999996618
33,783000000,33.783,indoor_world,differential_drive_robot,-3.5741685225951495e-06,-2.993451338640735e-08,-4.433823484413102e-07,-4.104671596714432e-10,8.208607569723231e-07,-4.9890855494449206e-08,0.9999999999996618
33,803000000,33.803,indoor_world,differential_drive_robot,-3.5741685225951495e-06,-2.993451338640735e-08,-4.433823484413102e-07,-4.104671596714432e-10,8.208607569723231e-07,-4.9890855494449206e-08,0.9999999999996618
33,823000000,33.823,indoor_world,differential_drive_robot,-3.5741685225951495e-06,-2.993451338640735e-08,-4.433823484413102e-07,-4.104671596714432e-10,8.208607569723231e-07,-4.9890855494449206e-08,0.9999999999996618
33,843000000,33.843,indoor_world,differential_drive_robot,-3.5741685225951495e-06,-2.993451338640735e-08,-4.433823484413102e-07,-4.104671596714432e-10,8.208607569723231e-07,-4.9890855494449206e-08,0.9999999999996618
33,863000000,33.863,indoor_world,differential_drive_robot,-3.5741685225951495e-06,-2.993451338640735e-08,-4.433823484413102e-07,-4.104671596714432e-10,8.208607569723231e-07,-4.9890855494449206e-08,0.9999999999996618
33,883000000,33.883,indoor_world,differential_drive_robot,-3.5741685225951495e-06,-2.993451338640735e-08,-4.433823484413102e-07,-4.104671596714432e-10,8.208607569723231e-07,-4.9890855494449206e-08,0.9999999999996618
33,903000000,33.903,indoor_world,differential_drive_robot,-3.5741685225951495e-06,-2.993451338640735e-08,-4.433823484413102e-07,-4.104671596714432e-10,8.208607569723231e-07,-4.9890855494449206e-08,0.9999999999996618
33,923000000,33.923,indoor_world,differential_drive_robot,-3.5741685225951495e-06,-2.993451338640735e-08,-4.433823484413102e-07,-4.104671596714432e-10,8.208607569723231e-07,-4.9890855494449206e-08,0.9999999999996618
33,943000000,33.943,indoor_world,differential_drive_robot,-3.5741685225951495e-06,-2.993451338640735e-08,-4.433823484413102e-07,-4.104671596714432e-10,8.208607569723231e-07,-4.9890855494449206e-08,0.9999999999996618
33,963000000,33.963,indoor_world,differential_drive_robot,-3.5741685225951495e-06,-2.993451338640735e-08,-4.433823484413102e-07,-4.104671596714432e-10,8.208607569723231e-07,-4.9890855494449206e-08,0.9999999999996618
33,983000000,33.983,indoor_world,differential_drive_robot,-3.5741685225951495e-06,-2.993451338640735e-08,-4.433823484413102e-07,-4.104671596714432e-10,8.208607569723231e-07,-4.9890855494449206e-08,0.9999999999996618
34,3000000,34.003,indoor_world,differential_drive_robot,-3.5741685225951495e-06,-2.993451338640735e-08,-4.433823484413102e-07,-4.104671596714432e-10,8.208607569723231e-07,-4.9890855494449206e-08,0.9999999999996618
34,23000000,34.023,indoor_world,differential_drive_robot,-3.5741685225951495e-06,-2.993451338640735e-08,-4.433823484413102e-07,-4.104671596714432e-10,8.208607569723231e-07,-4.9890855494449206e-08,0.9999999999996618
34,43000000,34.043,indoor_world,differential_drive_robot,-3.5741685225951495e-06,-2.993451338640735e-08,-4.433823484413102e-07,-4.104671596714432e-10,8.208607569723231e-07,-4.9890855494449206e-08,0.9999999999996618
34,63000000,34.063,indoor_world,differential_drive_robot,-3.5741685225951495e-06,-2.993451338640735e-08,-4.433823484413102e-07,-4.104671596714432e-10,8.208607569723231e-07,-4.9890855494449206e-08,0.9999999999996618
34,83000000,34.083,indoor_world,differential_drive_robot,-3.5741685225951495e-06,-2.993451338640735e-08,-4.433823484413102e-07,-4.104671596714432e-10,8.208607569723231e-07,-4.9890855494449206e-08,0.9999999999996618
34,103000000,34.103,indoor_world,differential_drive_robot,-3.5741685225951495e-06,-2.993451338640735e-08,-4.433823484413102e-07,-4.104671596714432e-10,8.208607569723231e-07,-4.9890855494449206e-08,0.9999999999996618
34,123000000,34.123,indoor_world,differential_drive_robot,-3.5741685225951495e-06,-2.993451338640735e-08,-4.433823484413102e-07,-4.104671596714432e-10,8.208607569723231e-07,-4.9890855494449206e-08,0.9999999999996618
34,143000000,34.143,indoor_world,differential_drive_robot,-3.5741685225951495e-06,-2.993451338640735e-08,-4.433823484413102e-07,-4.104671596714432e-10,8.208607569723231e-07,-4.9890855494449206e-08,0.9999999999996618
34,163000000,34.163,indoor_world,differential_drive_robot,-3.5741685225951495e-06,-2.993451338640735e-08,-4.433823484413102e-07,-4.104671596714432e-10,8.208607569723231e-07,-4.9890855494449206e-08,0.9999999999996618
34,183000000,34.183,indoor_world,differential_drive_robot,-3.5741685225951495e-06,-2.993451338640735e-08,-4.433823484413102e-07,-4.104671596714432e-10,8.208607569723231e-07,-4.9890855494449206e-08,0.9999999999996618
34,203000000,34.203,indoor_world,differential_drive_robot,-3.5741685225951495e-06,-2.993451338640735e-08,-4.433823484413102e-07,-4.104671596714432e-10,8.208607569723231e-07,-4.9890855494449206e-08,0.9999999999996618
34,223000000,34.223,indoor_world,differential_drive_robot,-3.5741685225951495e-06,-2.993451338640735e-08,-4.433823484413102e-07,-4.104671596714432e-10,8.208607569723231e-07,-4.9890855494449206e-08,0.9999999999996618
34,243000000,34.243,indoor_world,differential_drive_robot,-3.5741685225951495e-06,-2.993451338640735e-08,-4.433823484413102e-07,-4.104671596714432e-10,8.208607569723231e-07,-4.9890855494449206e-08,0.9999999999996618
34,263000000,34.263,indoor_world,differential_drive_robot,-3.5741685225951495e-06,-2.993451338640735e-08,-4.433823484413102e-07,-4.104671596714432e-10,8.208607569723231e-07,-4.9890855494449206e-08,0.9999999999996618
34,283000000,34.283,indoor_world,differential_drive_robot,-3.5741685225951495e-06,-2.993451338640735e-08,-4.433823484413102e-07,-4.104671596714432e-10,8.208607569723231e-07,-4.9890855494449206e-08,0.9999999999996618
34,303000000,34.303,indoor_world,differential_drive_robot,-3.5741685225951495e-06,-2.993451338640735e-08,-4.433823484413102e-07,-4.104671596714432e-10,8.208607569723231e-07,-4.9890855494449206e-08,0.9999999999996618
34,323000000,34.323,indoor_world,differential_drive_robot,-3.5741685225951495e-06,-2.993451338640735e-08,-4.433823484413102e-07,-4.104671596714432e-10,8.208607569723231e-07,-4.9890855494449206e-08,0.9999999999996618
34,343000000,34.343,indoor_world,differential_drive_robot,-3.5741685225951495e-06,-2.993451338640735e-08,-4.433823484413102e-07,-4.104671596714432e-10,8.208607569723231e-07,-4.9890855494449206e-08,0.9999999999996618
34,363000000,34.363,indoor_world,differential_drive_robot,-3.5741685225951495e-06,-2.993451338640735e-08,-4.433823484413102e-07,-4.104671596714432e-10,8.208607569723231e-07,-4.9890855494449206e-08,0.9999999999996618
34,383000000,34.383,indoor_world,differential_drive_robot,-3.5741685225951495e-06,-2.993451338640735e-08,-4.433823484413102e-07,-4.104671596714432e-10,8.208607569723231e-07,-4.9890855494449206e-08,0.9999999999996618
34,403000000,34.403,indoor_world,differential_drive_robot,-3.5741685225951495e-06,-2.993451338640735e-08,-4.433823484413102e-07,-4.104671596714432e-10,8.208607569723231e-07,-4.9890855494449206e-08,0.9999999999996618
34,423000000,34.423,indoor_world,differential_drive_robot,-3.5741685225951495e-06,-2.993451338640735e-08,-4.433823484413102e-07,-4.104671596714432e-10,8.208607569723231e-07,-4.9890855494449206e-08,0.9999999999996618
34,443000000,34.443,indoor_world,differential_drive_robot,-3.5741685225951495e-06,-2.993451338640735e-08,-4.433823484413102e-07,-4.104671596714432e-10,8.208607569723231e-07,-4.9890855494449206e-08,0.9999999999996618
34,463000000,34.463,indoor_world,differential_drive_robot,-3.5741685225951495e-06,-2.993451338640735e-08,-4.433823484413102e-07,-4.104671596714432e-10,8.208607569723231e-07,-4.9890855494449206e-08,0.9999999999996618
34,483000000,34.483,indoor_world,differential_drive_robot,-3.5741685225951495e-06,-2.993451338640735e-08,-4.433823484413102e-07,-4.104671596714432e-10,8.208607569723231e-07,-4.9890855494449206e-08,0.9999999999996618
34,503000000,34.503,indoor_world,differential_drive_robot,-3.5741685225951495e-06,-2.993451338640735e-08,-4.433823484413102e-07,-4.104671596714432e-10,8.208607569723231e-07,-4.9890855494449206e-08,0.9999999999996618
34,523000000,34.523,indoor_world,differential_drive_robot,-3.5741685225951495e-06,-2.993451338640735e-08,-4.433823484413102e-07,-4.104671596714432e-10,8.208607569723231e-07,-4.9890855494449206e-08,0.9999999999996618
34,543000000,34.543,indoor_world,differential_drive_robot,-3.5741685225951495e-06,-2.993451338640735e-08,-4.433823484413102e-07,-4.104671596714432e-10,8.208607569723231e-07,-4.9890855494449206e-08,0.9999999999996618
34,563000000,34.563,indoor_world,differential_drive_robot,-3.5741685225951495e-06,-2.993451338640735e-08,-4.433823484413102e-07,-4.104671596714432e-10,8.208607569723231e-07,-4.9890855494449206e-08,0.9999999999996618
34,583000000,34.583,indoor_world,differential_drive_robot,-3.5741685225951495e-06,-2.993451338640735e-08,-4.433823484413102e-07,-4.104671596714432e-10,8.208607569723231e-07,-4.9890855494449206e-08,0.9999999999996618
34,603000000,34.603,indoor_world,differential_drive_robot,-3.5741685225951495e-06,-2.993451338640735e-08,-4.433823484413102e-07,-4.104671596714432e-10,8.208607569723231e-07,-4.9890855494449206e-08,0.9999999999996618
34,623000000,34.623,indoor_world,differential_drive_robot,-3.5741685225951495e-06,-2.993451338640735e-08,-4.433823484413102e-07,-4.104671596714432e-10,8.208607569723231e-07,-4.9890855494449206e-08,0.9999999999996618
34,643000000,34.643,indoor_world,differential_drive_robot,-3.5741685225951495e-06,-2.993451338640735e-08,-4.433823484413102e-07,-4.104671596714432e-10,8.208607569723231e-07,-4.9890855494449206e-08,0.9999999999996618
34,663000000,34.663,indoor_world,differential_drive_robot,-3.5741685225951495e-06,-2.993451338640735e-08,-4.433823484413102e-07,-4.104671596714432e-10,8.208607569723231e-07,-4.9890855494449206e-08,0.9999999999996618
34,683000000,34.683,indoor_world,differential_drive_robot,-3.5741685225951495e-06,-2.993451338640735e-08,-4.433823484413102e-07,-4.104671596714432e-10,8.208607569723231e-07,-4.9890855494449206e-08,0.9999999999996618
34,703000000,34.703,indoor_world,differential_drive_robot,-3.5741685225951495e-06,-2.993451338640735e-08,-4.433823484413102e-07,-4.104671596714432e-10,8.208607569723231e-07,-4.9890855494449206e-08,0.9999999999996618
34,723000000,34.723,indoor_world,differential_drive_robot,-3.5741685225951495e-06,-2.993451338640735e-08,-4.433823484413102e-07,-4.104671596714432e-10,8.208607569723231e-07,-4.9890855494449206e-08,0.9999999999996618
34,743000000,34.743,indoor_world,differential_drive_robot,-3.5741685225951495e-06,-2.993451338640735e-08,-4.433823484413102e-07,-4.104671596714432e-10,8.208607569723231e-07,-4.9890855494449206e-08,0.9999999999996618
34,763000000,34.763,indoor_world,differential_drive_robot,-3.5741685225951495e-06,-2.993451338640735e-08,-4.433823484413102e-07,-4.104671596714432e-10,8.208607569723231e-07,-4.9890855494449206e-08,0.9999999999996618
34,783000000,34.783,indoor_world,differential_drive_robot,-3.5741685225951495e-06,-2.993451338640735e-08,-4.433823484413102e-07,-4.104671596714432e-10,8.208607569723231e-07,-4.9890855494449206e-08,0.9999999999996618
34,803000000,34.803,indoor_world,differential_drive_robot,-3.5741685225951495e-06,-2.993451338640735e-08,-4.433823484413102e-07,-4.104671596714432e-10,8.208607569723231e-07,-4.9890855494449206e-08,0.9999999999996618
34,823000000,34.823,indoor_world,differential_drive_robot,-3.5741685225951495e-06,-2.993451338640735e-08,-4.433823484413102e-07,-4.104671596714432e-10,8.208607569723231e-07,-4.9890855494449206e-08,0.9999999999996618
34,843000000,34.843,indoor_world,differential_drive_robot,-3.5741685225951495e-06,-2.993451338640735e-08,-4.433823484413102e-07,-4.104671596714432e-10,8.208607569723231e-07,-4.9890855494449206e-08,0.9999999999996618
34,863000000,34.863,indoor_world,differential_drive_robot,-3.5741685225951495e-06,-2.993451338640735e-08,-4.433823484413102e-07,-4.104671596714432e-10,8.208607569723231e-07,-4.9890855494449206e-08,0.9999999999996618
34,883000000,34.883,indoor_world,differential_drive_robot,-3.5741685225951495e-06,-2.993451338640735e-08,-4.433823484413102e-07,-4.104671596714432e-10,8.208607569723231e-07,-4.9890855494449206e-08,0.9999999999996618
34,903000000,34.903,indoor_world,differential_drive_robot,-3.5741685225951495e-06,-2.993451338640735e-08,-4.433823484413102e-07,-4.104671596714432e-10,8.208607569723231e-07,-4.9890855494449206e-08,0.9999999999996618
34,923000000,34.923,indoor_world,differential_drive_robot,-3.5741685225951495e-06,-2.993451338640735e-08,-4.433823484413102e-07,-4.104671596714432e-10,8.208607569723231e-07,-4.9890855494449206e-08,0.9999999999996618
34,943000000,34.943,indoor_world,differential_drive_robot,-3.5741685225951495e-06,-2.993451338640735e-08,-4.433823484413102e-07,-4.104671596714432e-10,8.208607569723231e-07,-4.9890855494449206e-08,0.9999999999996618
34,963000000,34.963,indoor_world,differential_drive_robot,-3.5741685225951495e-06,-2.993451338640735e-08,-4.433823484413102e-07,-4.104671596714432e-10,8.208607569723231e-07,-4.9890855494449206e-08,0.9999999999996618
34,983000000,34.983,indoor_world,differential_drive_robot,-3.5741685225951495e-06,-2.993451338640735e-08,-4.433823484413102e-07,-4.104671596714432e-10,8.208607569723231e-07,-4.9890855494449206e-08,0.9999999999996618
35,3000000,35.003,indoor_world,differential_drive_robot,-3.5741685225951495e-06,-2.993451338640735e-08,-4.433823484413102e-07,-4.104671596714432e-10,8.208607569723231e-07,-4.9890855494449206e-08,0.9999999999996618
35,23000000,35.023,indoor_world,differential_drive_robot,-3.5741685225951495e-06,-2.993451338640735e-08,-4.433823484413102e-07,-4.104671596714432e-10,8.208607569723231e-07,-4.9890855494449206e-08,0.9999999999996618
35,43000000,35.043,indoor_world,differential_drive_robot,-3.5741685225951495e-06,-2.993451338640735e-08,-4.433823484413102e-07,-4.104671596714432e-10,8.208607569723231e-07,-4.9890855494449206e-08,0.9999999999996618
35,63000000,35.063,indoor_world,differential_drive_robot,-3.5741685225951495e-06,-2.993451338640735e-08,-4.433823484413102e-07,-4.104671596714432e-10,8.208607569723231e-07,-4.9890855494449206e-08,0.9999999999996618
35,83000000,35.083,indoor_world,differential_drive_robot,-3.5741685225951495e-06,-2.993451338640735e-08,-4.433823484413102e-07,-4.104671596714432e-10,8.208607569723231e-07,-4.9890855494449206e-08,0.9999999999996618
35,103000000,35.103,indoor_world,differential_drive_robot,-3.5741685225951495e-06,-2.993451338640735e-08,-4.433823484413102e-07,-4.104671596714432e-10,8.208607569723231e-07,-4.9890855494449206e-08,0.9999999999996618
35,123000000,35.123,indoor_world,differential_drive_robot,-3.5741685225951495e-06,-2.993451338640735e-08,-4.433823484413102e-07,-4.104671596714432e-10,8.208607569723231e-07,-4.9890855494449206e-08,0.9999999999996618
35,143000000,35.143,indoor_world,differential_drive_robot,-3.5741685225951495e-06,-2.993451338640735e-08,-4.433823484413102e-07,-4.104671596714432e-10,8.208607569723231e-07,-4.9890855494449206e-08,0.9999999999996618
35,163000000,35.163,indoor_world,differential_drive_robot,-3.5741685225951495e-06,-2.993451338640735e-08,-4.433823484413102e-07,-4.104671596714432e-10,8.208607569723231e-07,-4.9890855494449206e-08,0.9999999999996618
35,183000000,35.183,indoor_world,differential_drive_robot,-3.5741685225951495e-06,-2.993451338640735e-08,-4.433823484413102e-07,-4.104671596714432e-10,8.208607569723231e-07,-4.9890855494449206e-08,0.9999999999996618
35,203000000,35.203,indoor_world,differential_drive_robot,-3.5741685225951495e-06,-2.993451338640735e-08,-4.433823484413102e-07,-4.104671596714432e-10,8.208607569723231e-07,-4.9890855494449206e-08,0.9999999999996618
35,223000000,35.223,indoor_world,differential_drive_robot,-3.5741685225951495e-06,-2.993451338640735e-08,-4.433823484413102e-07,-4.104671596714432e-10,8.208607569723231e-07,-4.9890855494449206e-08,0.9999999999996618
35,243000000,35.243,indoor_world,differential_drive_robot,-3.5741685225951495e-06,-2.993451338640735e-08,-4.433823484413102e-07,-4.104671596714432e-10,8.208607569723231e-07,-4.9890855494449206e-08,0.9999999999996618
35,263000000,35.263,indoor_world,differential_drive_robot,-3.5741685225951495e-06,-2.993451338640735e-08,-4.433823484413102e-07,-4.104671596714432e-10,8.208607569723231e-07,-4.9890855494449206e-08,0.9999999999996618
35,283000000,35.283,indoor_world,differential_drive_robot,-3.5741685225951495e-06,-2.993451338640735e-08,-4.433823484413102e-07,-4.104671596714432e-10,8.208607569723231e-07,-4.9890855494449206e-08,0.9999999999996618
35,303000000,35.303,indoor_world,differential_drive_robot,-3.5741685225951495e-06,-2.993451338640735e-08,-4.433823484413102e-07,-4.104671596714432e-10,8.208607569723231e-07,-4.9890855494449206e-08,0.9999999999996618
35,323000000,35.323,indoor_world,differential_drive_robot,-3.5741685225951495e-06,-2.993451338640735e-08,-4.433823484413102e-07,-4.104671596714432e-10,8.208607569723231e-07,-4.9890855494449206e-08,0.9999999999996618
35,343000000,35.343,indoor_world,differential_drive_robot,-3.5741685225951495e-06,-2.993451338640735e-08,-4.433823484413102e-07,-4.104671596714432e-10,8.208607569723231e-07,-4.9890855494449206e-08,0.9999999999996618
35,363000000,35.363,indoor_world,differential_drive_robot,-3.5741685225951495e-06,-2.993451338640735e-08,-4.433823484413102e-07,-4.104671596714432e-10,8.208607569723231e-07,-4.9890855494449206e-08,0.9999999999996618
35,383000000,35.383,indoor_world,differential_drive_robot,-3.5741685225951495e-06,-2.993451338640735e-08,-4.433823484413102e-07,-4.104671596714432e-10,8.208607569723231e-07,-4.9890855494449206e-08,0.9999999999996618
35,403000000,35.403,indoor_world,differential_drive_robot,-3.5741685225951495e-06,-2.993451338640735e-08,-4.433823484413102e-07,-4.104671596714432e-10,8.208607569723231e-07,-4.9890855494449206e-08,0.9999999999996618
35,423000000,35.423,indoor_world,differential_drive_robot,-3.5741685225951495e-06,-2.993451338640735e-08,-4.433823484413102e-07,-4.104671596714432e-10,8.208607569723231e-07,-4.9890855494449206e-08,0.9999999999996618
35,443000000,35.443,indoor_world,differential_drive_robot,-3.5741685225951495e-06,-2.993451338640735e-08,-4.433823484413102e-07,-4.104671596714432e-10,8.208607569723231e-07,-4.9890855494449206e-08,0.9999999999996618
35,463000000,35.463,indoor_world,differential_drive_robot,-3.5741685225951495e-06,-2.993451338640735e-08,-4.433823484413102e-07,-4.104671596714432e-10,8.208607569723231e-07,-4.9890855494449206e-08,0.9999999999996618
35,483000000,35.483,indoor_world,differential_drive_robot,-3.5741685225951495e-06,-2.993451338640735e-08,-4.433823484413102e-07,-4.104671596714432e-10,8.208607569723231e-07,-4.9890855494449206e-08,0.9999999999996618
35,503000000,35.503,indoor_world,differential_drive_robot,-3.5741685225951495e-06,-2.993451338640735e-08,-4.433823484413102e-07,-4.104671596714432e-10,8.208607569723231e-07,-4.9890855494449206e-08,0.9999999999996618
35,523000000,35.523,indoor_world,differential_drive_robot,-3.5741685225951495e-06,-2.993451338640735e-08,-4.433823484413102e-07,-4.104671596714432e-10,8.208607569723231e-07,-4.9890855494449206e-08,0.9999999999996618
35,543000000,35.543,indoor_world,differential_drive_robot,-3.5741685225951495e-06,-2.993451338640735e-08,-4.433823484413102e-07,-4.104671596714432e-10,8.208607569723231e-07,-4.9890855494449206e-08,0.9999999999996618
35,563000000,35.563,indoor_world,differential_drive_robot,-3.5741685225951495e-06,-2.993451338640735e-08,-4.433823484413102e-07,-4.104671596714432e-10,8.208607569723231e-07,-4.9890855494449206e-08,0.9999999999996618
35,583000000,35.583,indoor_world,differential_drive_robot,-3.5741685225951495e-06,-2.993451338640735e-08,-4.433823484413102e-07,-4.104671596714432e-10,8.208607569723231e-07,-4.9890855494449206e-08,0.9999999999996618
35,603000000,35.603,indoor_world,differential_drive_robot,-3.5741685225951495e-06,-2.993451338640735e-08,-4.433823484413102e-07,-4.104671596714432e-10,8.208607569723231e-07,-4.9890855494449206e-08,0.9999999999996618
35,623000000,35.623,indoor_world,differential_drive_robot,-3.5741685225951495e-06,-2.993451338640735e-08,-4.433823484413102e-07,-4.104671596714432e-10,8.208607569723231e-07,-4.9890855494449206e-08,0.9999999999996618
35,643000000,35.643,indoor_world,differential_drive_robot,-3.5741685225951495e-06,-2.993451338640735e-08,-4.433823484413102e-07,-4.104671596714432e-10,8.208607569723231e-07,-4.9890855494449206e-08,0.9999999999996618
35,663000000,35.663,indoor_world,differential_drive_robot,-3.5741685225951495e-06,-2.993451338640735e-08,-4.433823484413102e-07,-4.104671596714432e-10,8.208607569723231e-07,-4.9890855494449206e-08,0.9999999999996618
35,683000000,35.683,indoor_world,differential_drive_robot,-3.5741685225951495e-06,-2.993451338640735e-08,-4.433823484413102e-07,-4.104671596714432e-10,8.208607569723231e-07,-4.9890855494449206e-08,0.9999999999996618
35,703000000,35.703,indoor_world,differential_drive_robot,-3.5741685225951495e-06,-2.993451338640735e-08,-4.433823484413102e-07,-4.104671596714432e-10,8.208607569723231e-07,-4.9890855494449206e-08,0.9999999999996618
35,723000000,35.723,indoor_world,differential_drive_robot,-3.5741685225951495e-06,-2.993451338640735e-08,-4.433823484413102e-07,-4.104671596714432e-10,8.208607569723231e-07,-4.9890855494449206e-08,0.9999999999996618
35,743000000,35.743,indoor_world,differential_drive_robot,-3.5741685225951495e-06,-2.993451338640735e-08,-4.433823484413102e-07,-4.104671596714432e-10,8.208607569723231e-07,-4.9890855494449206e-08,0.9999999999996618
35,763000000,35.763,indoor_world,differential_drive_robot,-3.5741685225951495e-06,-2.993451338640735e-08,-4.433823484413102e-07,-4.104671596714432e-10,8.208607569723231e-07,-4.9890855494449206e-08,0.9999999999996618
35,783000000,35.783,indoor_world,differential_drive_robot,-3.5741685225951495e-06,-2.993451338640735e-08,-4.433823484413102e-07,-4.104671596714432e-10,8.208607569723231e-07,-4.9890855494449206e-08,0.9999999999996618
35,803000000,35.803,indoor_world,differential_drive_robot,-3.5741685225951495e-06,-2.993451338640735e-08,-4.433823484413102e-07,-4.104671596714432e-10,8.208607569723231e-07,-4.9890855494449206e-08,0.9999999999996618
35,823000000,35.823,indoor_world,differential_drive_robot,-3.5741685225951495e-06,-2.993451338640735e-08,-4.433823484413102e-07,-4.104671596714432e-10,8.208607569723231e-07,-4.9890855494449206e-08,0.9999999999996618
35,843000000,35.843,indoor_world,differential_drive_robot,-3.5741685225951495e-06,-2.993451338640735e-08,-4.433823484413102e-07,-4.104671596714432e-10,8.208607569723231e-07,-4.9890855494449206e-08,0.9999999999996618
35,863000000,35.863,indoor_world,differential_drive_robot,-3.5741685225951495e-06,-2.993451338640735e-08,-4.433823484413102e-07,-4.104671596714432e-10,8.208607569723231e-07,-4.9890855494449206e-08,0.9999999999996618
35,883000000,35.883,indoor_world,differential_drive_robot,-3.5741685225951495e-06,-2.993451338640735e-08,-4.433823484413102e-07,-4.104671596714432e-10,8.208607569723231e-07,-4.9890855494449206e-08,0.9999999999996618
35,903000000,35.903,indoor_world,differential_drive_robot,-3.5741685225951495e-06,-2.993451338640735e-08,-4.433823484413102e-07,-4.104671596714432e-10,8.208607569723231e-07,-4.9890855494449206e-08,0.9999999999996618
35,923000000,35.923,indoor_world,differential_drive_robot,-3.5741685225951495e-06,-2.993451338640735e-08,-4.433823484413102e-07,-4.104671596714432e-10,8.208607569723231e-07,-4.9890855494449206e-08,0.9999999999996618
35,943000000,35.943,indoor_world,differential_drive_robot,-3.5741685225951495e-06,-2.993451338640735e-08,-4.433823484413102e-07,-4.104671596714432e-10,8.208607569723231e-07,-4.9890855494449206e-08,0.9999999999996618
35,963000000,35.963,indoor_world,differential_drive_robot,-3.5741685225951495e-06,-2.993451338640735e-08,-4.433823484413102e-07,-4.104671596714432e-10,8.208607569723231e-07,-4.9890855494449206e-08,0.9999999999996618
35,983000000,35.983,indoor_world,differential_drive_robot,-3.5741685225951495e-06,-2.993451338640735e-08,-4.433823484413102e-07,-4.104671596714432e-10,8.208607569723231e-07,-4.9890855494449206e-08,0.9999999999996618
36,3000000,36.003,indoor_world,differential_drive_robot,-3.5741685225951495e-06,-2.993451338640735e-08,-4.433823484413102e-07,-4.104671596714432e-10,8.208607569723231e-07,-4.9890855494449206e-08,0.9999999999996618
36,23000000,36.023,indoor_world,differential_drive_robot,-3.5741685225951495e-06,-2.993451338640735e-08,-4.433823484413102e-07,-4.104671596714432e-10,8.208607569723231e-07,-4.9890855494449206e-08,0.9999999999996618
36,43000000,36.043,indoor_world,differential_drive_robot,-3.5741685225951495e-06,-2.993451338640735e-08,-4.433823484413102e-07,-4.104671596714432e-10,8.208607569723231e-07,-4.9890855494449206e-08,0.9999999999996618
36,63000000,36.063,indoor_world,differential_drive_robot,-3.5741685225951495e-06,-2.993451338640735e-08,-4.433823484413102e-07,-4.104671596714432e-10,8.208607569723231e-07,-4.9890855494449206e-08,0.9999999999996618
36,83000000,36.083,indoor_world,differential_drive_robot,-3.5741685225951495e-06,-2.993451338640735e-08,-4.433823484413102e-07,-4.104671596714432e-10,8.208607569723231e-07,-4.9890855494449206e-08,0.9999999999996618
36,103000000,36.103,indoor_world,differential_drive_robot,-3.5741685225951495e-06,-2.993451338640735e-08,-4.433823484413102e-07,-4.104671596714432e-10,8.208607569723231e-07,-4.9890855494449206e-08,0.9999999999996618
36,123000000,36.123,indoor_world,differential_drive_robot,-3.5741685225951495e-06,-2.993451338640735e-08,-4.433823484413102e-07,-4.104671596714432e-10,8.208607569723231e-07,-4.9890855494449206e-08,0.9999999999996618
36,143000000,36.143,indoor_world,differential_drive_robot,-3.5741685225951495e-06,-2.993451338640735e-08,-4.433823484413102e-07,-4.104671596714432e-10,8.208607569723231e-07,-4.9890855494449206e-08,0.9999999999996618
36,163000000,36.163,indoor_world,differential_drive_robot,-3.5741685225951495e-06,-2.993451338640735e-08,-4.433823484413102e-07,-4.104671596714432e-10,8.208607569723231e-07,-4.9890855494449206e-08,0.9999999999996618
36,183000000,36.183,indoor_world,differential_drive_robot,-3.5741685225951495e-06,-2.993451338640735e-08,-4.433823484413102e-07,-4.104671596714432e-10,8.208607569723231e-07,-4.9890855494449206e-08,0.9999999999996618
36,203000000,36.203,indoor_world,differential_drive_robot,-3.5741685225951495e-06,-2.993451338640735e-08,-4.433823484413102e-07,-4.104671596714432e-10,8.208607569723231e-07,-4.9890855494449206e-08,0.9999999999996618
36,223000000,36.223,indoor_world,differential_drive_robot,-3.5741685225951495e-06,-2.993451338640735e-08,-4.433823484413102e-07,-4.104671596714432e-10,8.208607569723231e-07,-4.9890855494449206e-08,0.9999999999996618
36,243000000,36.243,indoor_world,differential_drive_robot,-3.5741685225951495e-06,-2.993451338640735e-08,-4.433823484413102e-07,-4.104671596714432e-10,8.208607569723231e-07,-4.9890855494449206e-08,0.9999999999996618
36,263000000,36.263,indoor_world,differential_drive_robot,-3.5741685225951495e-06,-2.993451338640735e-08,-4.433823484413102e-07,-4.104671596714432e-10,8.208607569723231e-07,-4.9890855494449206e-08,0.9999999999996618
36,283000000,36.283,indoor_world,differential_drive_robot,-3.5741685225951495e-06,-2.993451338640735e-08,-4.433823484413102e-07,-4.104671596714432e-10,8.208607569723231e-07,-4.9890855494449206e-08,0.9999999999996618
36,303000000,36.303,indoor_world,differential_drive_robot,-3.5741685225951495e-06,-2.993451338640735e-08,-4.433823484413102e-07,-4.104671596714432e-10,8.208607569723231e-07,-4.9890855494449206e-08,0.9999999999996618
36,323000000,36.323,indoor_world,differential_drive_robot,-3.5741685225951495e-06,-2.993451338640735e-08,-4.433823484413102e-07,-4.104671596714432e-10,8.208607569723231e-07,-4.9890855494449206e-08,0.9999999999996618
36,343000000,36.343,indoor_world,differential_drive_robot,-3.5741685225951495e-06,-2.993451338640735e-08,-4.433823484413102e-07,-4.104671596714432e-10,8.208607569723231e-07,-4.9890855494449206e-08,0.9999999999996618
36,363000000,36.363,indoor_world,differential_drive_robot,-3.5741685225951495e-06,-2.993451338640735e-08,-4.433823484413102e-07,-4.104671596714432e-10,8.208607569723231e-07,-4.9890855494449206e-08,0.9999999999996618
36,383000000,36.383,indoor_world,differential_drive_robot,-3.5741685225951495e-06,-2.993451338640735e-08,-4.433823484413102e-07,-4.104671596714432e-10,8.208607569723231e-07,-4.9890855494449206e-08,0.9999999999996618
36,403000000,36.403,indoor_world,differential_drive_robot,-3.5741685225951495e-06,-2.993451338640735e-08,-4.433823484413102e-07,-4.104671596714432e-10,8.208607569723231e-07,-4.9890855494449206e-08,0.9999999999996618
36,423000000,36.423,indoor_world,differential_drive_robot,-3.5741685225951495e-06,-2.993451338640735e-08,-4.433823484413102e-07,-4.104671596714432e-10,8.208607569723231e-07,-4.9890855494449206e-08,0.9999999999996618
36,443000000,36.443,indoor_world,differential_drive_robot,-3.5741685225951495e-06,-2.993451338640735e-08,-4.433823484413102e-07,-4.104671596714432e-10,8.208607569723231e-07,-4.9890855494449206e-08,0.9999999999996618
36,463000000,36.463,indoor_world,differential_drive_robot,-3.5741685225951495e-06,-2.993451338640735e-08,-4.433823484413102e-07,-4.104671596714432e-10,8.208607569723231e-07,-4.9890855494449206e-08,0.9999999999996618
36,483000000,36.483,indoor_world,differential_drive_robot,-3.5741685225951495e-06,-2.993451338640735e-08,-4.433823484413102e-07,-4.104671596714432e-10,8.208607569723231e-07,-4.9890855494449206e-08,0.9999999999996618
36,503000000,36.503,indoor_world,differential_drive_robot,-3.5741685225951495e-06,-2.993451338640735e-08,-4.433823484413102e-07,-4.104671596714432e-10,8.208607569723231e-07,-4.9890855494449206e-08,0.9999999999996618
36,523000000,36.523,indoor_world,differential_drive_robot,-3.5741685225951495e-06,-2.993451338640735e-08,-4.433823484413102e-07,-4.104671596714432e-10,8.208607569723231e-07,-4.9890855494449206e-08,0.9999999999996618
36,543000000,36.543,indoor_world,differential_drive_robot,-3.5741685225951495e-06,-2.993451338640735e-08,-4.433823484413102e-07,-4.104671596714432e-10,8.208607569723231e-07,-4.9890855494449206e-08,0.9999999999996618
36,563000000,36.563,indoor_world,differential_drive_robot,-3.5741685225951495e-06,-2.993451338640735e-08,-4.433823484413102e-07,-4.104671596714432e-10,8.208607569723231e-07,-4.9890855494449206e-08,0.9999999999996618
36,583000000,36.583,indoor_world,differential_drive_robot,-3.5741685225951495e-06,-2.993451338640735e-08,-4.433823484413102e-07,-4.104671596714432e-10,8.208607569723231e-07,-4.9890855494449206e-08,0.9999999999996618
36,603000000,36.603,indoor_world,differential_drive_robot,-3.5741685225951495e-06,-2.993451338640735e-08,-4.433823484413102e-07,-4.104671596714432e-10,8.208607569723231e-07,-4.9890855494449206e-08,0.9999999999996618
36,623000000,36.623,indoor_world,differential_drive_robot,-3.5741685225951495e-06,-2.993451338640735e-08,-4.433823484413102e-07,-4.104671596714432e-10,8.208607569723231e-07,-4.9890855494449206e-08,0.9999999999996618
36,643000000,36.643,indoor_world,differential_drive_robot,-3.5741685225951495e-06,-2.993451338640735e-08,-4.433823484413102e-07,-4.104671596714432e-10,8.208607569723231e-07,-4.9890855494449206e-08,0.9999999999996618
36,663000000,36.663,indoor_world,differential_drive_robot,-3.5741685225951495e-06,-2.993451338640735e-08,-4.433823484413102e-07,-4.104671596714432e-10,8.208607569723231e-07,-4.9890855494449206e-08,0.9999999999996618
36,683000000,36.683,indoor_world,differential_drive_robot,-3.5741685225951495e-06,-2.993451338640735e-08,-4.433823484413102e-07,-4.104671596714432e-10,8.208607569723231e-07,-4.9890855494449206e-08,0.9999999999996618
36,703000000,36.703,indoor_world,differential_drive_robot,-3.5741685225951495e-06,-2.993451338640735e-08,-4.433823484413102e-07,-4.104671596714432e-10,8.208607569723231e-07,-4.9890855494449206e-08,0.9999999999996618
36,723000000,36.723,indoor_world,differential_drive_robot,-3.5741685225951495e-06,-2.993451338640735e-08,-4.433823484413102e-07,-4.104671596714432e-10,8.208607569723231e-07,-4.9890855494449206e-08,0.9999999999996618
36,743000000,36.743,indoor_world,differential_drive_robot,-3.5741685225951495e-06,-2.993451338640735e-08,-4.433823484413102e-07,-4.104671596714432e-10,8.208607569723231e-07,-4.9890855494449206e-08,0.9999999999996618
36,763000000,36.763,indoor_world,differential_drive_robot,-3.5741685225951495e-06,-2.993451338640735e-08,-4.433823484413102e-07,-4.104671596714432e-10,8.208607569723231e-07,-4.9890855494449206e-08,0.9999999999996618
36,783000000,36.783,indoor_world,differential_drive_robot,-3.5741685225951495e-06,-2.993451338640735e-08,-4.433823484413102e-07,-4.104671596714432e-10,8.208607569723231e-07,-4.9890855494449206e-08,0.9999999999996618
36,803000000,36.803,indoor_world,differential_drive_robot,-3.5741685225951495e-06,-2.993451338640735e-08,-4.433823484413102e-07,-4.104671596714432e-10,8.208607569723231e-07,-4.9890855494449206e-08,0.9999999999996618
36,823000000,36.823,indoor_world,differential_drive_robot,-3.5741685225951495e-06,-2.993451338640735e-08,-4.433823484413102e-07,-4.104671596714432e-10,8.208607569723231e-07,-4.9890855494449206e-08,0.9999999999996618
36,843000000,36.843,indoor_world,differential_drive_robot,-3.5741685225951495e-06,-2.993451338640735e-08,-4.433823484413102e-07,-4.104671596714432e-10,8.208607569723231e-07,-4.9890855494449206e-08,0.9999999999996618
36,863000000,36.863,indoor_world,differential_drive_robot,-3.5741685225951495e-06,-2.993451338640735e-08,-4.433823484413102e-07,-4.104671596714432e-10,8.208607569723231e-07,-4.9890855494449206e-08,0.9999999999996618
36,883000000,36.883,indoor_world,differential_drive_robot,-3.5741685225951495e-06,-2.993451338640735e-08,-4.433823484413102e-07,-4.104671596714432e-10,8.208607569723231e-07,-4.9890855494449206e-08,0.9999999999996618
36,903000000,36.903,indoor_world,differential_drive_robot,-3.5741685225951495e-06,-2.993451338640735e-08,-4.433823484413102e-07,-4.104671596714432e-10,8.208607569723231e-07,-4.9890855494449206e-08,0.9999999999996618
36,923000000,36.923,indoor_world,differential_drive_robot,-3.5741685225951495e-06,-2.993451338640735e-08,-4.433823484413102e-07,-4.104671596714432e-10,8.208607569723231e-07,-4.9890855494449206e-08,0.9999999999996618
36,943000000,36.943,indoor_world,differential_drive_robot,-3.5741685225951495e-06,-2.993451338640735e-08,-4.433823484413102e-07,-4.104671596714432e-10,8.208607569723231e-07,-4.9890855494449206e-08,0.9999999999996618
36,963000000,36.963,indoor_world,differential_drive_robot,-3.5741685225951495e-06,-2.993451338640735e-08,-4.433823484413102e-07,-4.104671596714432e-10,8.208607569723231e-07,-4.9890855494449206e-08,0.9999999999996618
36,983000000,36.983,indoor_world,differential_drive_robot,-3.5741685225951495e-06,-2.993451338640735e-08,-4.433823484413102e-07,-4.104671596714432e-10,8.208607569723231e-07,-4.9890855494449206e-08,0.9999999999996618
37,3000000,37.003,indoor_world,differential_drive_robot,-3.5741685225951495e-06,-2.993451338640735e-08,-4.433823484413102e-07,-4.104671596714432e-10,8.208607569723231e-07,-4.9890855494449206e-08,0.9999999999996618
37,23000000,37.023,indoor_world,differential_drive_robot,-3.5741685225951495e-06,-2.993451338640735e-08,-4.433823484413102e-07,-4.104671596714432e-10,8.208607569723231e-07,-4.9890855494449206e-08,0.9999999999996618
37,43000000,37.043,indoor_world,differential_drive_robot,-3.5741685225951495e-06,-2.993451338640735e-08,-4.433823484413102e-07,-4.104671596714432e-10,8.208607569723231e-07,-4.9890855494449206e-08,0.9999999999996618
37,63000000,37.063,indoor_world,differential_drive_robot,-3.5741685225951495e-06,-2.993451338640735e-08,-4.433823484413102e-07,-4.104671596714432e-10,8.208607569723231e-07,-4.9890855494449206e-08,0.9999999999996618
37,83000000,37.083,indoor_world,differential_drive_robot,-3.5741685225951495e-06,-2.993451338640735e-08,-4.433823484413102e-07,-4.104671596714432e-10,8.208607569723231e-07,-4.9890855494449206e-08,0.9999999999996618
37,103000000,37.103,indoor_world,differential_drive_robot,-3.5741685225951495e-06,-2.993451338640735e-08,-4.433823484413102e-07,-4.104671596714432e-10,8.208607569723231e-07,-4.9890855494449206e-08,0.9999999999996618
37,123000000,37.123,indoor_world,differential_drive_robot,-3.5741685225951495e-06,-2.993451338640735e-08,-4.433823484413102e-07,-4.104671596714432e-10,8.208607569723231e-07,-4.9890855494449206e-08,0.9999999999996618
37,143000000,37.143,indoor_world,differential_drive_robot,-3.5741685225951495e-06,-2.993451338640735e-08,-4.433823484413102e-07,-4.104671596714432e-10,8.208607569723231e-07,-4.9890855494449206e-08,0.9999999999996618
37,163000000,37.163,indoor_world,differential_drive_robot,-3.5741685225951495e-06,-2.993451338640735e-08,-4.433823484413102e-07,-4.104671596714432e-10,8.208607569723231e-07,-4.9890855494449206e-08,0.9999999999996618
37,183000000,37.183,indoor_world,differential_drive_robot,-3.5741685225951495e-06,-2.993451338640735e-08,-4.433823484413102e-07,-4.104671596714432e-10,8.208607569723231e-07,-4.9890855494449206e-08,0.9999999999996618
37,203000000,37.203,indoor_world,differential_drive_robot,-3.5741685225951495e-06,-2.993451338640735e-08,-4.433823484413102e-07,-4.104671596714432e-10,8.208607569723231e-07,-4.9890855494449206e-08,0.9999999999996618
37,223000000,37.223,indoor_world,differential_drive_robot,-3.5741685225951495e-06,-2.993451338640735e-08,-4.433823484413102e-07,-4.104671596714432e-10,8.208607569723231e-07,-4.9890855494449206e-08,0.9999999999996618
37,243000000,37.243,indoor_world,differential_drive_robot,-3.5741685225951495e-06,-2.993451338640735e-08,-4.433823484413102e-07,-4.104671596714432e-10,8.208607569723231e-07,-4.9890855494449206e-08,0.9999999999996618
37,263000000,37.263,indoor_world,differential_drive_robot,-3.5741685225951495e-06,-2.993451338640735e-08,-4.433823484413102e-07,-4.104671596714432e-10,8.208607569723231e-07,-4.9890855494449206e-08,0.9999999999996618
37,283000000,37.283,indoor_world,differential_drive_robot,-3.5741685225951495e-06,-2.993451338640735e-08,-4.433823484413102e-07,-4.104671596714432e-10,8.208607569723231e-07,-4.9890855494449206e-08,0.9999999999996618
37,303000000,37.303,indoor_world,differential_drive_robot,-3.5741685225951495e-06,-2.993451338640735e-08,-4.433823484413102e-07,-4.104671596714432e-10,8.208607569723231e-07,-4.9890855494449206e-08,0.9999999999996618
37,323000000,37.323,indoor_world,differential_drive_robot,-3.5741685225951495e-06,-2.993451338640735e-08,-4.433823484413102e-07,-4.104671596714432e-10,8.208607569723231e-07,-4.9890855494449206e-08,0.9999999999996618
37,343000000,37.343,indoor_world,differential_drive_robot,-3.5741685225951495e-06,-2.993451338640735e-08,-4.433823484413102e-07,-4.104671596714432e-10,8.208607569723231e-07,-4.9890855494449206e-08,0.9999999999996618
37,363000000,37.363,indoor_world,differential_drive_robot,-3.5741685225951495e-06,-2.993451338640735e-08,-4.433823484413102e-07,-4.104671596714432e-10,8.208607569723231e-07,-4.9890855494449206e-08,0.9999999999996618
37,383000000,37.383,indoor_world,differential_drive_robot,-3.5741685225951495e-06,-2.993451338640735e-08,-4.433823484413102e-07,-4.104671596714432e-10,8.208607569723231e-07,-4.9890855494449206e-08,0.9999999999996618
37,403000000,37.403,indoor_world,differential_drive_robot,-3.5741685225951495e-06,-2.993451338640735e-08,-4.433823484413102e-07,-4.104671596714432e-10,8.208607569723231e-07,-4.9890855494449206e-08,0.9999999999996618
37,423000000,37.423,indoor_world,differential_drive_robot,-3.5741685225951495e-06,-2.993451338640735e-08,-4.433823484413102e-07,-4.104671596714432e-10,8.208607569723231e-07,-4.9890855494449206e-08,0.9999999999996618
37,443000000,37.443,indoor_world,differential_drive_robot,-3.5741685225951495e-06,-2.993451338640735e-08,-4.433823484413102e-07,-4.104671596714432e-10,8.208607569723231e-07,-4.9890855494449206e-08,0.9999999999996618
37,463000000,37.463,indoor_world,differential_drive_robot,-3.5741685225951495e-06,-2.993451338640735e-08,-4.433823484413102e-07,-4.104671596714432e-10,8.208607569723231e-07,-4.9890855494449206e-08,0.9999999999996618
37,483000000,37.483,indoor_world,differential_drive_robot,-3.5741685225951495e-06,-2.993451338640735e-08,-4.433823484413102e-07,-4.104671596714432e-10,8.208607569723231e-07,-4.9890855494449206e-08,0.9999999999996618
37,503000000,37.503,indoor_world,differential_drive_robot,-3.5741685225951495e-06,-2.993451338640735e-08,-4.433823484413102e-07,-4.104671596714432e-10,8.208607569723231e-07,-4.9890855494449206e-08,0.9999999999996618
37,523000000,37.523,indoor_world,differential_drive_robot,-3.5741685225951495e-06,-2.993451338640735e-08,-4.433823484413102e-07,-4.104671596714432e-10,8.208607569723231e-07,-4.9890855494449206e-08,0.9999999999996618
37,543000000,37.543,indoor_world,differential_drive_robot,-3.5741685225951495e-06,-2.993451338640735e-08,-4.433823484413102e-07,-4.104671596714432e-10,8.208607569723231e-07,-4.9890855494449206e-08,0.9999999999996618
37,563000000,37.563,indoor_world,differential_drive_robot,-3.5741685225951495e-06,-2.993451338640735e-08,-4.433823484413102e-07,-4.104671596714432e-10,8.208607569723231e-07,-4.9890855494449206e-08,0.9999999999996618
37,583000000,37.583,indoor_world,differential_drive_robot,-3.5741685225951495e-06,-2.993451338640735e-08,-4.433823484413102e-07,-4.104671596714432e-10,8.208607569723231e-07,-4.9890855494449206e-08,0.9999999999996618
37,603000000,37.603,indoor_world,differential_drive_robot,-3.5741685225951495e-06,-2.993451338640735e-08,-4.433823484413102e-07,-4.104671596714432e-10,8.208607569723231e-07,-4.9890855494449206e-08,0.9999999999996618
37,623000000,37.623,indoor_world,differential_drive_robot,-3.5741685225951495e-06,-2.993451338640735e-08,-4.433823484413102e-07,-4.104671596714432e-10,8.208607569723231e-07,-4.9890855494449206e-08,0.9999999999996618
37,643000000,37.643,indoor_world,differential_drive_robot,-3.5741685225951495e-06,-2.993451338640735e-08,-4.433823484413102e-07,-4.104671596714432e-10,8.208607569723231e-07,-4.9890855494449206e-08,0.9999999999996618
37,663000000,37.663,indoor_world,differential_drive_robot,-3.5741685225951495e-06,-2.993451338640735e-08,-4.433823484413102e-07,-4.104671596714432e-10,8.208607569723231e-07,-4.9890855494449206e-08,0.9999999999996618
37,683000000,37.683,indoor_world,differential_drive_robot,-3.5741685225951495e-06,-2.993451338640735e-08,-4.433823484413102e-07,-4.104671596714432e-10,8.208607569723231e-07,-4.9890855494449206e-08,0.9999999999996618
37,703000000,37.703,indoor_world,differential_drive_robot,-3.5741685225951495e-06,-2.993451338640735e-08,-4.433823484413102e-07,-4.104671596714432e-10,8.208607569723231e-07,-4.9890855494449206e-08,0.9999999999996618
37,723000000,37.723,indoor_world,differential_drive_robot,-3.5741685225951495e-06,-2.993451338640735e-08,-4.433823484413102e-07,-4.104671596714432e-10,8.208607569723231e-07,-4.9890855494449206e-08,0.9999999999996618
37,743000000,37.743,indoor_world,differential_drive_robot,-3.5741685225951495e-06,-2.993451338640735e-08,-4.433823484413102e-07,-4.104671596714432e-10,8.208607569723231e-07,-4.9890855494449206e-08,0.9999999999996618
37,763000000,37.763,indoor_world,differential_drive_robot,-3.5741685225951495e-06,-2.993451338640735e-08,-4.433823484413102e-07,-4.104671596714432e-10,8.208607569723231e-07,-4.9890855494449206e-08,0.9999999999996618
37,783000000,37.783,indoor_world,differential_drive_robot,-3.5741685225951495e-06,-2.993451338640735e-08,-4.433823484413102e-07,-4.104671596714432e-10,8.208607569723231e-07,-4.9890855494449206e-08,0.9999999999996618
37,803000000,37.803,indoor_world,differential_drive_robot,-3.5741685225951495e-06,-2.993451338640735e-08,-4.433823484413102e-07,-4.104671596714432e-10,8.208607569723231e-07,-4.9890855494449206e-08,0.9999999999996618
37,823000000,37.823,indoor_world,differential_drive_robot,-3.5741685225951495e-06,-2.993451338640735e-08,-4.433823484413102e-07,-4.104671596714432e-10,8.208607569723231e-07,-4.9890855494449206e-08,0.9999999999996618
37,843000000,37.843,indoor_world,differential_drive_robot,-3.5741685225951495e-06,-2.993451338640735e-08,-4.433823484413102e-07,-4.104671596714432e-10,8.208607569723231e-07,-4.9890855494449206e-08,0.9999999999996618
37,863000000,37.863,indoor_world,differential_drive_robot,-3.5741685225951495e-06,-2.993451338640735e-08,-4.433823484413102e-07,-4.104671596714432e-10,8.208607569723231e-07,-4.9890855494449206e-08,0.9999999999996618
37,883000000,37.883,indoor_world,differential_drive_robot,-3.5741685225951495e-06,-2.993451338640735e-08,-4.433823484413102e-07,-4.104671596714432e-10,8.208607569723231e-07,-4.9890855494449206e-08,0.9999999999996618
37,903000000,37.903,indoor_world,differential_drive_robot,-3.5741685225951495e-06,-2.993451338640735e-08,-4.433823484413102e-07,-4.104671596714432e-10,8.208607569723231e-07,-4.9890855494449206e-08,0.9999999999996618
37,923000000,37.923,indoor_world,differential_drive_robot,-3.5741685225951495e-06,-2.993451338640735e-08,-4.433823484413102e-07,-4.104671596714432e-10,8.208607569723231e-07,-4.9890855494449206e-08,0.9999999999996618
37,943000000,37.943,indoor_world,differential_drive_robot,-3.5741685225951495e-06,-2.993451338640735e-08,-4.433823484413102e-07,-4.104671596714432e-10,8.208607569723231e-07,-4.9890855494449206e-08,0.9999999999996618
37,963000000,37.963,indoor_world,differential_drive_robot,-3.5741685225951495e-06,-2.993451338640735e-08,-4.433823484413102e-07,-4.104671596714432e-10,8.208607569723231e-07,-4.9890855494449206e-08,0.9999999999996618
37,983000000,37.983,indoor_world,differential_drive_robot,-3.5741685225951495e-06,-2.993451338640735e-08,-4.433823484413102e-07,-4.104671596714432e-10,8.208607569723231e-07,-4.9890855494449206e-08,0.9999999999996618
38,3000000,38.003,indoor_world,differential_drive_robot,-3.5741685225951495e-06,-2.993451338640735e-08,-4.433823484413102e-07,-4.104671596714432e-10,8.208607569723231e-07,-4.9890855494449206e-08,0.9999999999996618
38,23000000,38.023,indoor_world,differential_drive_robot,-3.5741685225951495e-06,-2.993451338640735e-08,-4.433823484413102e-07,-4.104671596714432e-10,8.208607569723231e-07,-4.9890855494449206e-08,0.9999999999996618
38,43000000,38.043,indoor_world,differential_drive_robot,-3.5741685225951495e-06,-2.993451338640735e-08,-4.433823484413102e-07,-4.104671596714432e-10,8.208607569723231e-07,-4.9890855494449206e-08,0.9999999999996618
38,63000000,38.063,indoor_world,differential_drive_robot,-3.5741685225951495e-06,-2.993451338640735e-08,-4.433823484413102e-07,-4.104671596714432e-10,8.208607569723231e-07,-4.9890855494449206e-08,0.9999999999996618
38,83000000,38.083,indoor_world,differential_drive_robot,-3.5741685225951495e-06,-2.993451338640735e-08,-4.433823484413102e-07,-4.104671596714432e-10,8.208607569723231e-07,-4.9890855494449206e-08,0.9999999999996618
38,103000000,38.103,indoor_world,differential_drive_robot,-3.5741685225951495e-06,-2.993451338640735e-08,-4.433823484413102e-07,-4.104671596714432e-10,8.208607569723231e-07,-4.9890855494449206e-08,0.9999999999996618
38,123000000,38.123,indoor_world,differential_drive_robot,-3.5741685225951495e-06,-2.993451338640735e-08,-4.433823484413102e-07,-4.104671596714432e-10,8.208607569723231e-07,-4.9890855494449206e-08,0.9999999999996618
38,143000000,38.143,indoor_world,differential_drive_robot,-3.5741685225951495e-06,-2.993451338640735e-08,-4.433823484413102e-07,-4.104671596714432e-10,8.208607569723231e-07,-4.9890855494449206e-08,0.9999999999996618
38,163000000,38.163,indoor_world,differential_drive_robot,-3.5741685225951495e-06,-2.993451338640735e-08,-4.433823484413102e-07,-4.104671596714432e-10,8.208607569723231e-07,-4.9890855494449206e-08,0.9999999999996618
38,183000000,38.183,indoor_world,differential_drive_robot,-3.5741685225951495e-06,-2.993451338640735e-08,-4.433823484413102e-07,-4.104671596714432e-10,8.208607569723231e-07,-4.9890855494449206e-08,0.9999999999996618
38,203000000,38.203,indoor_world,differential_drive_robot,-3.5741685225951495e-06,-2.993451338640735e-08,-4.433823484413102e-07,-4.104671596714432e-10,8.208607569723231e-07,-4.9890855494449206e-08,0.9999999999996618
38,223000000,38.223,indoor_world,differential_drive_robot,-3.5741685225951495e-06,-2.993451338640735e-08,-4.433823484413102e-07,-4.104671596714432e-10,8.208607569723231e-07,-4.9890855494449206e-08,0.9999999999996618
38,243000000,38.243,indoor_world,differential_drive_robot,-3.5741685225951495e-06,-2.993451338640735e-08,-4.433823484413102e-07,-4.104671596714432e-10,8.208607569723231e-07,-4.9890855494449206e-08,0.9999999999996618
38,263000000,38.263,indoor_world,differential_drive_robot,-3.5741685225951495e-06,-2.993451338640735e-08,-4.433823484413102e-07,-4.104671596714432e-10,8.208607569723231e-07,-4.9890855494449206e-08,0.9999999999996618
38,283000000,38.283,indoor_world,differential_drive_robot,-3.5741685225951495e-06,-2.993451338640735e-08,-4.433823484413102e-07,-4.104671596714432e-10,8.208607569723231e-07,-4.9890855494449206e-08,0.9999999999996618
38,303000000,38.303,indoor_world,differential_drive_robot,-3.5741685225951495e-06,-2.993451338640735e-08,-4.433823484413102e-07,-4.104671596714432e-10,8.208607569723231e-07,-4.9890855494449206e-08,0.9999999999996618
38,323000000,38.323,indoor_world,differential_drive_robot,-3.5741685225951495e-06,-2.993451338640735e-08,-4.433823484413102e-07,-4.104671596714432e-10,8.208607569723231e-07,-4.9890855494449206e-08,0.9999999999996618
38,343000000,38.343,indoor_world,differential_drive_robot,-3.5741685225951495e-06,-2.993451338640735e-08,-4.433823484413102e-07,-4.104671596714432e-10,8.208607569723231e-07,-4.9890855494449206e-08,0.9999999999996618
38,363000000,38.363,indoor_world,differential_drive_robot,-3.5741685225951495e-06,-2.993451338640735e-08,-4.433823484413102e-07,-4.104671596714432e-10,8.208607569723231e-07,-4.9890855494449206e-08,0.9999999999996618
38,383000000,38.383,indoor_world,differential_drive_robot,-3.5741685225951495e-06,-2.993451338640735e-08,-4.433823484413102e-07,-4.104671596714432e-10,8.208607569723231e-07,-4.9890855494449206e-08,0.9999999999996618
38,403000000,38.403,indoor_world,differential_drive_robot,-3.5741685225951495e-06,-2.993451338640735e-08,-4.433823484413102e-07,-4.104671596714432e-10,8.208607569723231e-07,-4.9890855494449206e-08,0.9999999999996618
38,423000000,38.423,indoor_world,differential_drive_robot,-3.5741685225951495e-06,-2.993451338640735e-08,-4.433823484413102e-07,-4.104671596714432e-10,8.208607569723231e-07,-4.9890855494449206e-08,0.9999999999996618
38,443000000,38.443,indoor_world,differential_drive_robot,-3.5741685225951495e-06,-2.993451338640735e-08,-4.433823484413102e-07,-4.104671596714432e-10,8.208607569723231e-07,-4.9890855494449206e-08,0.9999999999996618
38,463000000,38.463,indoor_world,differential_drive_robot,-3.5741685225951495e-06,-2.993451338640735e-08,-4.433823484413102e-07,-4.104671596714432e-10,8.208607569723231e-07,-4.9890855494449206e-08,0.9999999999996618
38,483000000,38.483,indoor_world,differential_drive_robot,-3.5741685225951495e-06,-2.993451338640735e-08,-4.433823484413102e-07,-4.104671596714432e-10,8.208607569723231e-07,-4.9890855494449206e-08,0.9999999999996618
38,503000000,38.503,indoor_world,differential_drive_robot,-3.5741685225951495e-06,-2.993451338640735e-08,-4.433823484413102e-07,-4.104671596714432e-10,8.208607569723231e-07,-4.9890855494449206e-08,0.9999999999996618
38,523000000,38.523,indoor_world,differential_drive_robot,-3.5741685225951495e-06,-2.993451338640735e-08,-4.433823484413102e-07,-4.104671596714432e-10,8.208607569723231e-07,-4.9890855494449206e-08,0.9999999999996618
38,543000000,38.543,indoor_world,differential_drive_robot,-3.5741685225951495e-06,-2.993451338640735e-08,-4.433823484413102e-07,-4.104671596714432e-10,8.208607569723231e-07,-4.9890855494449206e-08,0.9999999999996618
38,563000000,38.563,indoor_world,differential_drive_robot,-3.5741685225951495e-06,-2.993451338640735e-08,-4.433823484413102e-07,-4.104671596714432e-10,8.208607569723231e-07,-4.9890855494449206e-08,0.9999999999996618
38,583000000,38.583,indoor_world,differential_drive_robot,-3.5741685225951495e-06,-2.993451338640735e-08,-4.433823484413102e-07,-4.104671596714432e-10,8.208607569723231e-07,-4.9890855494449206e-08,0.9999999999996618
38,603000000,38.603,indoor_world,differential_drive_robot,-3.5741685225951495e-06,-2.993451338640735e-08,-4.433823484413102e-07,-4.104671596714432e-10,8.208607569723231e-07,-4.9890855494449206e-08,0.9999999999996618
38,623000000,38.623,indoor_world,differential_drive_robot,-3.5741685225951495e-06,-2.993451338640735e-08,-4.433823484413102e-07,-4.104671596714432e-10,8.208607569723231e-07,-4.9890855494449206e-08,0.9999999999996618
38,643000000,38.643,indoor_world,differential_drive_robot,-3.5741685225951495e-06,-2.993451338640735e-08,-4.433823484413102e-07,-4.104671596714432e-10,8.208607569723231e-07,-4.9890855494449206e-08,0.9999999999996618
38,663000000,38.663,indoor_world,differential_drive_robot,-3.5741685225951495e-06,-2.993451338640735e-08,-4.433823484413102e-07,-4.104671596714432e-10,8.208607569723231e-07,-4.9890855494449206e-08,0.9999999999996618
38,683000000,38.683,indoor_world,differential_drive_robot,-3.5741685225951495e-06,-2.993451338640735e-08,-4.433823484413102e-07,-4.104671596714432e-10,8.208607569723231e-07,-4.9890855494449206e-08,0.9999999999996618
38,703000000,38.703,indoor_world,differential_drive_robot,-3.5741685225951495e-06,-2.993451338640735e-08,-4.433823484413102e-07,-4.104671596714432e-10,8.208607569723231e-07,-4.9890855494449206e-08,0.9999999999996618
38,723000000,38.723,indoor_world,differential_drive_robot,-3.5741685225951495e-06,-2.993451338640735e-08,-4.433823484413102e-07,-4.104671596714432e-10,8.208607569723231e-07,-4.9890855494449206e-08,0.9999999999996618
38,743000000,38.743,indoor_world,differential_drive_robot,-3.5741685225951495e-06,-2.993451338640735e-08,-4.433823484413102e-07,-4.104671596714432e-10,8.208607569723231e-07,-4.9890855494449206e-08,0.9999999999996618
38,763000000,38.763,indoor_world,differential_drive_robot,-3.5741685225951495e-06,-2.993451338640735e-08,-4.433823484413102e-07,-4.104671596714432e-10,8.208607569723231e-07,-4.9890855494449206e-08,0.9999999999996618
38,783000000,38.783,indoor_world,differential_drive_robot,-3.5741685225951495e-06,-2.993451338640735e-08,-4.433823484413102e-07,-4.104671596714432e-10,8.208607569723231e-07,-4.9890855494449206e-08,0.9999999999996618
38,803000000,38.803,indoor_world,differential_drive_robot,-3.5741685225951495e-06,-2.993451338640735e-08,-4.433823484413102e-07,-4.104671596714432e-10,8.208607569723231e-07,-4.9890855494449206e-08,0.9999999999996618
38,823000000,38.823,indoor_world,differential_drive_robot,-3.5741685225951495e-06,-2.993451338640735e-08,-4.433823484413102e-07,-4.104671596714432e-10,8.208607569723231e-07,-4.9890855494449206e-08,0.9999999999996618
38,843000000,38.843,indoor_world,differential_drive_robot,-3.5741685225951495e-06,-2.993451338640735e-08,-4.433823484413102e-07,-4.104671596714432e-10,8.208607569723231e-07,-4.9890855494449206e-08,0.9999999999996618
38,863000000,38.863,indoor_world,differential_drive_robot,-3.5741685225951495e-06,-2.993451338640735e-08,-4.433823484413102e-07,-4.104671596714432e-10,8.208607569723231e-07,-4.9890855494449206e-08,0.9999999999996618
38,883000000,38.883,indoor_world,differential_drive_robot,-3.5741685225951495e-06,-2.993451338640735e-08,-4.433823484413102e-07,-4.104671596714432e-10,8.208607569723231e-07,-4.9890855494449206e-08,0.9999999999996618
38,903000000,38.903,indoor_world,differential_drive_robot,-3.5741685225951495e-06,-2.993451338640735e-08,-4.433823484413102e-07,-4.104671596714432e-10,8.208607569723231e-07,-4.9890855494449206e-08,0.9999999999996618
38,923000000,38.923,indoor_world,differential_drive_robot,-3.5741685225951495e-06,-2.993451338640735e-08,-4.433823484413102e-07,-4.104671596714432e-10,8.208607569723231e-07,-4.9890855494449206e-08,0.9999999999996618
38,943000000,38.943,indoor_world,differential_drive_robot,-3.5741685225951495e-06,-2.993451338640735e-08,-4.433823484413102e-07,-4.104671596714432e-10,8.208607569723231e-07,-4.9890855494449206e-08,0.9999999999996618
38,963000000,38.963,indoor_world,differential_drive_robot,-3.5741685225951495e-06,-2.993451338640735e-08,-4.433823484413102e-07,-4.104671596714432e-10,8.208607569723231e-07,-4.9890855494449206e-08,0.9999999999996618
38,983000000,38.983,indoor_world,differential_drive_robot,-3.5741685225951495e-06,-2.993451338640735e-08,-4.433823484413102e-07,-4.104671596714432e-10,8.208607569723231e-07,-4.9890855494449206e-08,0.9999999999996618
39,3000000,39.003,indoor_world,differential_drive_robot,-3.5741685225951495e-06,-2.993451338640735e-08,-4.433823484413102e-07,-4.104671596714432e-10,8.208607569723231e-07,-4.9890855494449206e-08,0.9999999999996618
39,23000000,39.023,indoor_world,differential_drive_robot,-3.5741685225951495e-06,-2.993451338640735e-08,-4.433823484413102e-07,-4.104671596714432e-10,8.208607569723231e-07,-4.9890855494449206e-08,0.9999999999996618
39,43000000,39.043,indoor_world,differential_drive_robot,-3.5741685225951495e-06,-2.993451338640735e-08,-4.433823484413102e-07,-4.104671596714432e-10,8.208607569723231e-07,-4.9890855494449206e-08,0.9999999999996618
39,63000000,39.063,indoor_world,differential_drive_robot,-3.5741685225951495e-06,-2.993451338640735e-08,-4.433823484413102e-07,-4.104671596714432e-10,8.208607569723231e-07,-4.9890855494449206e-08,0.9999999999996618
39,83000000,39.083,indoor_world,differential_drive_robot,-3.5741685225951495e-06,-2.993451338640735e-08,-4.433823484413102e-07,-4.104671596714432e-10,8.208607569723231e-07,-4.9890855494449206e-08,0.9999999999996618
39,103000000,39.103,indoor_world,differential_drive_robot,-3.5741685225951495e-06,-2.993451338640735e-08,-4.433823484413102e-07,-4.104671596714432e-10,8.208607569723231e-07,-4.9890855494449206e-08,0.9999999999996618
39,123000000,39.123,indoor_world,differential_drive_robot,-3.5741685225951495e-06,-2.993451338640735e-08,-4.433823484413102e-07,-4.104671596714432e-10,8.208607569723231e-07,-4.9890855494449206e-08,0.9999999999996618
39,143000000,39.143,indoor_world,differential_drive_robot,-3.5741685225951495e-06,-2.993451338640735e-08,-4.433823484413102e-07,-4.104671596714432e-10,8.208607569723231e-07,-4.9890855494449206e-08,0.9999999999996618
39,163000000,39.163,indoor_world,differential_drive_robot,-3.5741685225951495e-06,-2.993451338640735e-08,-4.433823484413102e-07,-4.104671596714432e-10,8.208607569723231e-07,-4.9890855494449206e-08,0.9999999999996618
39,183000000,39.183,indoor_world,differential_drive_robot,-3.5741685225951495e-06,-2.993451338640735e-08,-4.433823484413102e-07,-4.104671596714432e-10,8.208607569723231e-07,-4.9890855494449206e-08,0.9999999999996618
39,203000000,39.203,indoor_world,differential_drive_robot,-3.5741685225951495e-06,-2.993451338640735e-08,-4.433823484413102e-07,-4.104671596714432e-10,8.208607569723231e-07,-4.9890855494449206e-08,0.9999999999996618
39,223000000,39.223,indoor_world,differential_drive_robot,-3.5741685225951495e-06,-2.993451338640735e-08,-4.433823484413102e-07,-4.104671596714432e-10,8.208607569723231e-07,-4.9890855494449206e-08,0.9999999999996618
39,243000000,39.243,indoor_world,differential_drive_robot,-3.5741685225951495e-06,-2.993451338640735e-08,-4.433823484413102e-07,-4.104671596714432e-10,8.208607569723231e-07,-4.9890855494449206e-08,0.9999999999996618
39,263000000,39.263,indoor_world,differential_drive_robot,-3.5741685225951495e-06,-2.993451338640735e-08,-4.433823484413102e-07,-4.104671596714432e-10,8.208607569723231e-07,-4.9890855494449206e-08,0.9999999999996618
39,283000000,39.283,indoor_world,differential_drive_robot,-3.5741685225951495e-06,-2.993451338640735e-08,-4.433823484413102e-07,-4.104671596714432e-10,8.208607569723231e-07,-4.9890855494449206e-08,0.9999999999996618
39,303000000,39.303,indoor_world,differential_drive_robot,-3.5741685225951495e-06,-2.993451338640735e-08,-4.433823484413102e-07,-4.104671596714432e-10,8.208607569723231e-07,-4.9890855494449206e-08,0.9999999999996618
39,323000000,39.323,indoor_world,differential_drive_robot,-3.5741685225951495e-06,-2.993451338640735e-08,-4.433823484413102e-07,-4.104671596714432e-10,8.208607569723231e-07,-4.9890855494449206e-08,0.9999999999996618
39,343000000,39.343,indoor_world,differential_drive_robot,-3.5741685225951495e-06,-2.993451338640735e-08,-4.433823484413102e-07,-4.104671596714432e-10,8.208607569723231e-07,-4.9890855494449206e-08,0.9999999999996618
39,363000000,39.363,indoor_world,differential_drive_robot,-3.5741685225951495e-06,-2.993451338640735e-08,-4.433823484413102e-07,-4.104671596714432e-10,8.208607569723231e-07,-4.9890855494449206e-08,0.9999999999996618
39,383000000,39.383,indoor_world,differential_drive_robot,-3.5741685225951495e-06,-2.993451338640735e-08,-4.433823484413102e-07,-4.104671596714432e-10,8.208607569723231e-07,-4.9890855494449206e-08,0.9999999999996618
39,403000000,39.403,indoor_world,differential_drive_robot,-3.5741685225951495e-06,-2.993451338640735e-08,-4.433823484413102e-07,-4.104671596714432e-10,8.208607569723231e-07,-4.9890855494449206e-08,0.9999999999996618
39,423000000,39.423,indoor_world,differential_drive_robot,-3.5741685225951495e-06,-2.993451338640735e-08,-4.433823484413102e-07,-4.104671596714432e-10,8.208607569723231e-07,-4.9890855494449206e-08,0.9999999999996618
39,443000000,39.443,indoor_world,differential_drive_robot,-3.5741685225951495e-06,-2.993451338640735e-08,-4.433823484413102e-07,-4.104671596714432e-10,8.208607569723231e-07,-4.9890855494449206e-08,0.9999999999996618
39,463000000,39.463,indoor_world,differential_drive_robot,-3.5741685225951495e-06,-2.993451338640735e-08,-4.433823484413102e-07,-4.104671596714432e-10,8.208607569723231e-07,-4.9890855494449206e-08,0.9999999999996618
39,483000000,39.483,indoor_world,differential_drive_robot,-3.5741685225951495e-06,-2.993451338640735e-08,-4.433823484413102e-07,-4.104671596714432e-10,8.208607569723231e-07,-4.9890855494449206e-08,0.9999999999996618
39,503000000,39.503,indoor_world,differential_drive_robot,-3.5741685225951495e-06,-2.993451338640735e-08,-4.433823484413102e-07,-4.104671596714432e-10,8.208607569723231e-07,-4.9890855494449206e-08,0.9999999999996618
39,523000000,39.523,indoor_world,differential_drive_robot,-3.5741685225951495e-06,-2.993451338640735e-08,-4.433823484413102e-07,-4.104671596714432e-10,8.208607569723231e-07,-4.9890855494449206e-08,0.9999999999996618
39,543000000,39.543,indoor_world,differential_drive_robot,-3.5741685225951495e-06,-2.993451338640735e-08,-4.433823484413102e-07,-4.104671596714432e-10,8.208607569723231e-07,-4.9890855494449206e-08,0.9999999999996618
39,563000000,39.563,indoor_world,differential_drive_robot,-3.5741685225951495e-06,-2.993451338640735e-08,-4.433823484413102e-07,-4.104671596714432e-10,8.208607569723231e-07,-4.9890855494449206e-08,0.9999999999996618
39,583000000,39.583,indoor_world,differential_drive_robot,-3.5741685225951495e-06,-2.993451338640735e-08,-4.433823484413102e-07,-4.104671596714432e-10,8.208607569723231e-07,-4.9890855494449206e-08,0.9999999999996618
39,603000000,39.603,indoor_world,differential_drive_robot,-3.5741685225951495e-06,-2.993451338640735e-08,-4.433823484413102e-07,-4.104671596714432e-10,8.208607569723231e-07,-4.9890855494449206e-08,0.9999999999996618
39,623000000,39.623,indoor_world,differential_drive_robot,-3.5741685225951495e-06,-2.993451338640735e-08,-4.433823484413102e-07,-4.104671596714432e-10,8.208607569723231e-07,-4.9890855494449206e-08,0.9999999999996618
39,643000000,39.643,indoor_world,differential_drive_robot,-3.5741685225951495e-06,-2.993451338640735e-08,-4.433823484413102e-07,-4.104671596714432e-10,8.208607569723231e-07,-4.9890855494449206e-08,0.9999999999996618
39,663000000,39.663,indoor_world,differential_drive_robot,-3.5741685225951495e-06,-2.993451338640735e-08,-4.433823484413102e-07,-4.104671596714432e-10,8.208607569723231e-07,-4.9890855494449206e-08,0.9999999999996618
39,683000000,39.683,indoor_world,differential_drive_robot,-3.5741685225951495e-06,-2.993451338640735e-08,-4.433823484413102e-07,-4.104671596714432e-10,8.208607569723231e-07,-4.9890855494449206e-08,0.9999999999996618
39,703000000,39.703,indoor_world,differential_drive_robot,-3.5741685225951495e-06,-2.993451338640735e-08,-4.433823484413102e-07,-4.104671596714432e-10,8.208607569723231e-07,-4.9890855494449206e-08,0.9999999999996618
39,723000000,39.723,indoor_world,differential_drive_robot,-3.5741685225951495e-06,-2.993451338640735e-08,-4.433823484413102e-07,-4.104671596714432e-10,8.208607569723231e-07,-4.9890855494449206e-08,0.9999999999996618
39,743000000,39.743,indoor_world,differential_drive_robot,-3.5741685225951495e-06,-2.993451338640735e-08,-4.433823484413102e-07,-4.104671596714432e-10,8.208607569723231e-07,-4.9890855494449206e-08,0.9999999999996618
39,763000000,39.763,indoor_world,differential_drive_robot,-3.5741685225951495e-06,-2.993451338640735e-08,-4.433823484413102e-07,-4.104671596714432e-10,8.208607569723231e-07,-4.9890855494449206e-08,0.9999999999996618
39,783000000,39.783,indoor_world,differential_drive_robot,-3.5741685225951495e-06,-2.993451338640735e-08,-4.433823484413102e-07,-4.104671596714432e-10,8.208607569723231e-07,-4.9890855494449206e-08,0.9999999999996618
39,803000000,39.803,indoor_world,differential_drive_robot,-3.5741685225951495e-06,-2.993451338640735e-08,-4.433823484413102e-07,-4.104671596714432e-10,8.208607569723231e-07,-4.9890855494449206e-08,0.9999999999996618
39,823000000,39.823,indoor_world,differential_drive_robot,-3.5741685225951495e-06,-2.993451338640735e-08,-4.433823484413102e-07,-4.104671596714432e-10,8.208607569723231e-07,-4.9890855494449206e-08,0.9999999999996618
39,843000000,39.843,indoor_world,differential_drive_robot,-3.5741685225951495e-06,-2.993451338640735e-08,-4.433823484413102e-07,-4.104671596714432e-10,8.208607569723231e-07,-4.9890855494449206e-08,0.9999999999996618
39,863000000,39.863,indoor_world,differential_drive_robot,-3.5741685225951495e-06,-2.993451338640735e-08,-4.433823484413102e-07,-4.104671596714432e-10,8.208607569723231e-07,-4.9890855494449206e-08,0.9999999999996618
39,883000000,39.883,indoor_world,differential_drive_robot,-3.5741685225951495e-06,-2.993451338640735e-08,-4.433823484413102e-07,-4.104671596714432e-10,8.208607569723231e-07,-4.9890855494449206e-08,0.9999999999996618
39,903000000,39.903,indoor_world,differential_drive_robot,-3.5741685225951495e-06,-2.993451338640735e-08,-4.433823484413102e-07,-4.104671596714432e-10,8.208607569723231e-07,-4.9890855494449206e-08,0.9999999999996618
39,923000000,39.923,indoor_world,differential_drive_robot,-3.5741685225951495e-06,-2.993451338640735e-08,-4.433823484413102e-07,-4.104671596714432e-10,8.208607569723231e-07,-4.9890855494449206e-08,0.9999999999996618
39,943000000,39.943,indoor_world,differential_drive_robot,-3.5741685225951495e-06,-2.993451338640735e-08,-4.433823484413102e-07,-4.104671596714432e-10,8.208607569723231e-07,-4.9890855494449206e-08,0.9999999999996618
39,963000000,39.963,indoor_world,differential_drive_robot,-3.5741685225951495e-06,-2.993451338640735e-08,-4.433823484413102e-07,-4.104671596714432e-10,8.208607569723231e-07,-4.9890855494449206e-08,0.9999999999996618
39,983000000,39.983,indoor_world,differential_drive_robot,-3.5741685225951495e-06,-2.993451338640735e-08,-4.433823484413102e-07,-4.104671596714432e-10,8.208607569723231e-07,-4.9890855494449206e-08,0.9999999999996618
40,3000000,40.003,indoor_world,differential_drive_robot,-3.5741685225951495e-06,-2.993451338640735e-08,-4.433823484413102e-07,-4.104671596714432e-10,8.208607569723231e-07,-4.9890855494449206e-08,0.9999999999996618
40,23000000,40.023,indoor_world,differential_drive_robot,-3.5741685225951495e-06,-2.993451338640735e-08,-4.433823484413102e-07,-4.104671596714432e-10,8.208607569723231e-07,-4.9890855494449206e-08,0.9999999999996618
40,43000000,40.043,indoor_world,differential_drive_robot,-3.5741685225951495e-06,-2.993451338640735e-08,-4.433823484413102e-07,-4.104671596714432e-10,8.208607569723231e-07,-4.9890855494449206e-08,0.9999999999996618
40,63000000,40.063,indoor_world,differential_drive_robot,-3.5741685225951495e-06,-2.993451338640735e-08,-4.433823484413102e-07,-4.104671596714432e-10,8.208607569723231e-07,-4.9890855494449206e-08,0.9999999999996618
40,83000000,40.083,indoor_world,differential_drive_robot,-3.5741685225951495e-06,-2.993451338640735e-08,-4.433823484413102e-07,-4.104671596714432e-10,8.208607569723231e-07,-4.9890855494449206e-08,0.9999999999996618
40,103000000,40.103,indoor_world,differential_drive_robot,-3.5741685225951495e-06,-2.993451338640735e-08,-4.433823484413102e-07,-4.104671596714432e-10,8.208607569723231e-07,-4.9890855494449206e-08,0.9999999999996618
40,123000000,40.123,indoor_world,differential_drive_robot,-3.5741685225951495e-06,-2.993451338640735e-08,-4.433823484413102e-07,-4.104671596714432e-10,8.208607569723231e-07,-4.9890855494449206e-08,0.9999999999996618
40,143000000,40.143,indoor_world,differential_drive_robot,-3.5741685225951495e-06,-2.993451338640735e-08,-4.433823484413102e-07,-4.104671596714432e-10,8.208607569723231e-07,-4.9890855494449206e-08,0.9999999999996618
40,163000000,40.163,indoor_world,differential_drive_robot,-3.5741685225951495e-06,-2.993451338640735e-08,-4.433823484413102e-07,-4.104671596714432e-10,8.208607569723231e-07,-4.9890855494449206e-08,0.9999999999996618
40,183000000,40.183,indoor_world,differential_drive_robot,-3.5741685225951495e-06,-2.993451338640735e-08,-4.433823484413102e-07,-4.104671596714432e-10,8.208607569723231e-07,-4.9890855494449206e-08,0.9999999999996618
40,203000000,40.203,indoor_world,differential_drive_robot,-3.5741685225951495e-06,-2.993451338640735e-08,-4.433823484413102e-07,-4.104671596714432e-10,8.208607569723231e-07,-4.9890855494449206e-08,0.9999999999996618
40,223000000,40.223,indoor_world,differential_drive_robot,-3.5741685225951495e-06,-2.993451338640735e-08,-4.433823484413102e-07,-4.104671596714432e-10,8.208607569723231e-07,-4.9890855494449206e-08,0.9999999999996618
40,243000000,40.243,indoor_world,differential_drive_robot,-3.5741685225951495e-06,-2.993451338640735e-08,-4.433823484413102e-07,-4.104671596714432e-10,8.208607569723231e-07,-4.9890855494449206e-08,0.9999999999996618
40,263000000,40.263,indoor_world,differential_drive_robot,-3.5741685225951495e-06,-2.993451338640735e-08,-4.433823484413102e-07,-4.104671596714432e-10,8.208607569723231e-07,-4.9890855494449206e-08,0.9999999999996618
40,283000000,40.283,indoor_world,differential_drive_robot,-3.5741685225951495e-06,-2.993451338640735e-08,-4.433823484413102e-07,-4.104671596714432e-10,8.208607569723231e-07,-4.9890855494449206e-08,0.9999999999996618
40,303000000,40.303,indoor_world,differential_drive_robot,-3.5741685225951495e-06,-2.993451338640735e-08,-4.433823484413102e-07,-4.104671596714432e-10,8.208607569723231e-07,-4.9890855494449206e-08,0.9999999999996618
40,323000000,40.323,indoor_world,differential_drive_robot,-3.5741685225951495e-06,-2.993451338640735e-08,-4.433823484413102e-07,-4.104671596714432e-10,8.208607569723231e-07,-4.9890855494449206e-08,0.9999999999996618
40,343000000,40.343,indoor_world,differential_drive_robot,-3.5741685225951495e-06,-2.993451338640735e-08,-4.433823484413102e-07,-4.104671596714432e-10,8.208607569723231e-07,-4.9890855494449206e-08,0.9999999999996618
40,363000000,40.363,indoor_world,differential_drive_robot,-3.5741685225951495e-06,-2.993451338640735e-08,-4.433823484413102e-07,-4.104671596714432e-10,8.208607569723231e-07,-4.9890855494449206e-08,0.9999999999996618
40,383000000,40.383,indoor_world,differential_drive_robot,-3.5741685225951495e-06,-2.993451338640735e-08,-4.433823484413102e-07,-4.104671596714432e-10,8.208607569723231e-07,-4.9890855494449206e-08,0.9999999999996618
40,403000000,40.403,indoor_world,differential_drive_robot,-3.5741685225951495e-06,-2.993451338640735e-08,-4.433823484413102e-07,-4.104671596714432e-10,8.208607569723231e-07,-4.9890855494449206e-08,0.9999999999996618
40,423000000,40.423,indoor_world,differential_drive_robot,-3.5741685225951495e-06,-2.993451338640735e-08,-4.433823484413102e-07,-4.104671596714432e-10,8.208607569723231e-07,-4.9890855494449206e-08,0.9999999999996618
40,443000000,40.443,indoor_world,differential_drive_robot,-3.5741685225951495e-06,-2.993451338640735e-08,-4.433823484413102e-07,-4.104671596714432e-10,8.208607569723231e-07,-4.9890855494449206e-08,0.9999999999996618
40,463000000,40.463,indoor_world,differential_drive_robot,-3.5741685225951495e-06,-2.993451338640735e-08,-4.433823484413102e-07,-4.104671596714432e-10,8.208607569723231e-07,-4.9890855494449206e-08,0.9999999999996618
40,483000000,40.483,indoor_world,differential_drive_robot,-3.5741685225951495e-06,-2.993451338640735e-08,-4.433823484413102e-07,-4.104671596714432e-10,8.208607569723231e-07,-4.9890855494449206e-08,0.9999999999996618
40,503000000,40.503,indoor_world,differential_drive_robot,-3.5741685225951495e-06,-2.993451338640735e-08,-4.433823484413102e-07,-4.104671596714432e-10,8.208607569723231e-07,-4.9890855494449206e-08,0.9999999999996618
40,523000000,40.523,indoor_world,differential_drive_robot,-3.5741685225951495e-06,-2.993451338640735e-08,-4.433823484413102e-07,-4.104671596714432e-10,8.208607569723231e-07,-4.9890855494449206e-08,0.9999999999996618
40,543000000,40.543,indoor_world,differential_drive_robot,-3.5741685225951495e-06,-2.993451338640735e-08,-4.433823484413102e-07,-4.104671596714432e-10,8.208607569723231e-07,-4.9890855494449206e-08,0.9999999999996618
40,563000000,40.563,indoor_world,differential_drive_robot,-3.5741685225951495e-06,-2.993451338640735e-08,-4.433823484413102e-07,-4.104671596714432e-10,8.208607569723231e-07,-4.9890855494449206e-08,0.9999999999996618
40,583000000,40.583,indoor_world,differential_drive_robot,-3.5741685225951495e-06,-2.993451338640735e-08,-4.433823484413102e-07,-4.104671596714432e-10,8.208607569723231e-07,-4.9890855494449206e-08,0.9999999999996618
40,603000000,40.603,indoor_world,differential_drive_robot,-3.5741685225951495e-06,-2.993451338640735e-08,-4.433823484413102e-07,-4.104671596714432e-10,8.208607569723231e-07,-4.9890855494449206e-08,0.9999999999996618
40,623000000,40.623,indoor_world,differential_drive_robot,-3.5741685225951495e-06,-2.993451338640735e-08,-4.433823484413102e-07,-4.104671596714432e-10,8.208607569723231e-07,-4.9890855494449206e-08,0.9999999999996618
40,643000000,40.643,indoor_world,differential_drive_robot,-3.5741685225951495e-06,-2.993451338640735e-08,-4.433823484413102e-07,-4.104671596714432e-10,8.208607569723231e-07,-4.9890855494449206e-08,0.9999999999996618
40,663000000,40.663,indoor_world,differential_drive_robot,-3.5741685225951495e-06,-2.993451338640735e-08,-4.433823484413102e-07,-4.104671596714432e-10,8.208607569723231e-07,-4.9890855494449206e-08,0.9999999999996618
40,683000000,40.683,indoor_world,differential_drive_robot,-3.5741685225951495e-06,-2.993451338640735e-08,-4.433823484413102e-07,-4.104671596714432e-10,8.208607569723231e-07,-4.9890855494449206e-08,0.9999999999996618
40,703000000,40.703,indoor_world,differential_drive_robot,-3.5741685225951495e-06,-2.993451338640735e-08,-4.433823484413102e-07,-4.104671596714432e-10,8.208607569723231e-07,-4.9890855494449206e-08,0.9999999999996618
40,723000000,40.723,indoor_world,differential_drive_robot,-3.5741685225951495e-06,-2.993451338640735e-08,-4.433823484413102e-07,-4.104671596714432e-10,8.208607569723231e-07,-4.9890855494449206e-08,0.9999999999996618
40,743000000,40.743,indoor_world,differential_drive_robot,-3.5741685225951495e-06,-2.993451338640735e-08,-4.433823484413102e-07,-4.104671596714432e-10,8.208607569723231e-07,-4.9890855494449206e-08,0.9999999999996618
40,763000000,40.763,indoor_world,differential_drive_robot,-3.5741685225951495e-06,-2.993451338640735e-08,-4.433823484413102e-07,-4.104671596714432e-10,8.208607569723231e-07,-4.9890855494449206e-08,0.9999999999996618
40,783000000,40.783,indoor_world,differential_drive_robot,-3.5741685225951495e-06,-2.993451338640735e-08,-4.433823484413102e-07,-4.104671596714432e-10,8.208607569723231e-07,-4.9890855494449206e-08,0.9999999999996618
40,803000000,40.803,indoor_world,differential_drive_robot,-3.5741685225951495e-06,-2.993451338640735e-08,-4.433823484413102e-07,-4.104671596714432e-10,8.208607569723231e-07,-4.9890855494449206e-08,0.9999999999996618
40,823000000,40.823,indoor_world,differential_drive_robot,-3.5741685225951495e-06,-2.993451338640735e-08,-4.433823484413102e-07,-4.104671596714432e-10,8.208607569723231e-07,-4.9890855494449206e-08,0.9999999999996618
40,843000000,40.843,indoor_world,differential_drive_robot,-3.5741685225951495e-06,-2.993451338640735e-08,-4.433823484413102e-07,-4.104671596714432e-10,8.208607569723231e-07,-4.9890855494449206e-08,0.9999999999996618
40,863000000,40.863,indoor_world,differential_drive_robot,-3.5741685225951495e-06,-2.993451338640735e-08,-4.433823484413102e-07,-4.104671596714432e-10,8.208607569723231e-07,-4.9890855494449206e-08,0.9999999999996618
40,883000000,40.883,indoor_world,differential_drive_robot,-3.5741685225951495e-06,-2.993451338640735e-08,-4.433823484413102e-07,-4.104671596714432e-10,8.208607569723231e-07,-4.9890855494449206e-08,0.9999999999996618
40,903000000,40.903,indoor_world,differential_drive_robot,-3.5741685225951495e-06,-2.993451338640735e-08,-4.433823484413102e-07,-4.104671596714432e-10,8.208607569723231e-07,-4.9890855494449206e-08,0.9999999999996618
40,923000000,40.923,indoor_world,differential_drive_robot,-3.5741685225951495e-06,-2.993451338640735e-08,-4.433823484413102e-07,-4.104671596714432e-10,8.208607569723231e-07,-4.9890855494449206e-08,0.9999999999996618
40,943000000,40.943,indoor_world,differential_drive_robot,-3.5741685225951495e-06,-2.993451338640735e-08,-4.433823484413102e-07,-4.104671596714432e-10,8.208607569723231e-07,-4.9890855494449206e-08,0.9999999999996618
40,963000000,40.963,indoor_world,differential_drive_robot,-3.5741685225951495e-06,-2.993451338640735e-08,-4.433823484413102e-07,-4.104671596714432e-10,8.208607569723231e-07,-4.9890855494449206e-08,0.9999999999996618
40,983000000,40.983,indoor_world,differential_drive_robot,-3.5741685225951495e-06,-2.993451338640735e-08,-4.433823484413102e-07,-4.104671596714432e-10,8.208607569723231e-07,-4.9890855494449206e-08,0.9999999999996618
41,3000000,41.003,indoor_world,differential_drive_robot,-3.5741685225951495e-06,-2.993451338640735e-08,-4.433823484413102e-07,-4.104671596714432e-10,8.208607569723231e-07,-4.9890855494449206e-08,0.9999999999996618
41,23000000,41.023,indoor_world,differential_drive_robot,-3.5741685225951495e-06,-2.993451338640735e-08,-4.433823484413102e-07,-4.104671596714432e-10,8.208607569723231e-07,-4.9890855494449206e-08,0.9999999999996618
41,43000000,41.043,indoor_world,differential_drive_robot,-3.5741685225951495e-06,-2.993451338640735e-08,-4.433823484413102e-07,-4.104671596714432e-10,8.208607569723231e-07,-4.9890855494449206e-08,0.9999999999996618
41,63000000,41.063,indoor_world,differential_drive_robot,-3.5741685225951495e-06,-2.993451338640735e-08,-4.433823484413102e-07,-4.104671596714432e-10,8.208607569723231e-07,-4.9890855494449206e-08,0.9999999999996618
41,83000000,41.083,indoor_world,differential_drive_robot,-3.5741685225951495e-06,-2.993451338640735e-08,-4.433823484413102e-07,-4.104671596714432e-10,8.208607569723231e-07,-4.9890855494449206e-08,0.9999999999996618
41,103000000,41.103,indoor_world,differential_drive_robot,-3.5741685225951495e-06,-2.993451338640735e-08,-4.433823484413102e-07,-4.104671596714432e-10,8.208607569723231e-07,-4.9890855494449206e-08,0.9999999999996618
41,123000000,41.123,indoor_world,differential_drive_robot,-3.5741685225951495e-06,-2.993451338640735e-08,-4.433823484413102e-07,-4.104671596714432e-10,8.208607569723231e-07,-4.9890855494449206e-08,0.9999999999996618
41,143000000,41.143,indoor_world,differential_drive_robot,-3.5741685225951495e-06,-2.993451338640735e-08,-4.433823484413102e-07,-4.104671596714432e-10,8.208607569723231e-07,-4.9890855494449206e-08,0.9999999999996618
41,163000000,41.163,indoor_world,differential_drive_robot,-3.5741685225951495e-06,-2.993451338640735e-08,-4.433823484413102e-07,-4.104671596714432e-10,8.208607569723231e-07,-4.9890855494449206e-08,0.9999999999996618
41,183000000,41.183,indoor_world,differential_drive_robot,-3.5741685225951495e-06,-2.993451338640735e-08,-4.433823484413102e-07,-4.104671596714432e-10,8.208607569723231e-07,-4.9890855494449206e-08,0.9999999999996618
41,203000000,41.203,indoor_world,differential_drive_robot,-3.5741685225951495e-06,-2.993451338640735e-08,-4.433823484413102e-07,-4.104671596714432e-10,8.208607569723231e-07,-4.9890855494449206e-08,0.9999999999996618
41,223000000,41.223,indoor_world,differential_drive_robot,-3.5741685225951495e-06,-2.993451338640735e-08,-4.433823484413102e-07,-4.104671596714432e-10,8.208607569723231e-07,-4.9890855494449206e-08,0.9999999999996618
41,243000000,41.243,indoor_world,differential_drive_robot,-3.5741685225951495e-06,-2.993451338640735e-08,-4.433823484413102e-07,-4.104671596714432e-10,8.208607569723231e-07,-4.9890855494449206e-08,0.9999999999996618
41,263000000,41.263,indoor_world,differential_drive_robot,-3.5741685225951495e-06,-2.993451338640735e-08,-4.433823484413102e-07,-4.104671596714432e-10,8.208607569723231e-07,-4.9890855494449206e-08,0.9999999999996618
41,283000000,41.283,indoor_world,differential_drive_robot,-3.5741685225951495e-06,-2.993451338640735e-08,-4.433823484413102e-07,-4.104671596714432e-10,8.208607569723231e-07,-4.9890855494449206e-08,0.9999999999996618
41,303000000,41.303,indoor_world,differential_drive_robot,-3.5741685225951495e-06,-2.993451338640735e-08,-4.433823484413102e-07,-4.104671596714432e-10,8.208607569723231e-07,-4.9890855494449206e-08,0.9999999999996618
41,323000000,41.323,indoor_world,differential_drive_robot,0.0009194432610071968,-3.008784326224359e-08,2.3451236525395166e-08,-4.801742810304665e-10,5.218551623776247e-08,-4.9862100024127004e-08,0.9999999999999973
41,343000000,41.343,indoor_world,differential_drive_robot,0.003996167581496376,-3.059464540612514e-08,2.3564608189568118e-08,-4.987947626969594e-10,5.10668363941396e-08,-4.976030865474431e-08,0.9999999999999974
41,363000000,41.363,indoor_world,differential_drive_robot,0.009227952037075833,-3.1438780699217205e-08,2.3509436636328928e-08,-5.141850506665425e-10,4.994654396657827e-08,-4.9620344074580074e-08,0.9999999999999976
41,383000000,41.383,indoor_world,differential_drive_robot,0.016581314443724182,-3.2482146867745364e-08,2.3271489038839482e-08,-5.261297033524106e-10,4.876476371689976e-08,-4.9704719357412084e-08,0.9999999999999976
41,403000000,41.403,indoor_world,differential_drive_robot,0.025983755740771646,-3.3704941709365424e-08,2.2834982398227302e-08,-5.306443022207392e-10,4.774898345799225e-08,-5.008041488982967e-08,0.9999999999999976
41,423000000,41.423,indoor_world,differential_drive_robot,0.035983759993910534,-3.470654981239319e-08,2.2129393723031816e-08,-5.18066431377633e-10,4.7453145316004347e-08,-5.008041386597602e-08,0.9999999999999976
41,443000000,41.443,indoor_world,differential_drive_robot,0.0459837639692477,-3.5721719395483263e-08,2.1309624675988043e-08,-5.067907383718732e-10,4.680673892183434e-08,-5.0102778206186054e-08,0.9999999999999977
41,463000000,41.463,indoor_world,differential_drive_robot,0.055983767619537966,-3.6718380091883104e-08,2.0391012308241514e-08,-4.952723461648025e-10,4.5864509085248585e-08,-5.0093926961408886e-08,0.9999999999999977
41,483000000,41.483,indoor_world,differential_drive_robot,0.06598377115291414,-3.77150242473341e-08,1.9371194219844706e-08,-4.835283366180981e-10,4.46463883607202e-08,-5.0085339160302534e-08,0.9999999999999978
41,503000000,41.503,indoor_world,differential_drive_robot,0.07598377455190514,-3.8711684121828194e-08,1.824918957069812e-08,-4.715464769101835e-10,4.317026507169712e-08,-5.0077059091486104e-08,0.9999999999999978
41,523000000,41.523,indoor_world,differential_drive_robot,0.08598377779970756,-3.9708393633077676e-08,1.7025806279860534e-08,-4.592962278572372e-10,4.145345378598733e-08,-5.006913231357342e-08,0.9999999999999979
41,543000000,41.543,indoor_world,differential_drive_robot,0.09598378088027085,-4.070518923485655e-08,1.5703444684848006e-08,-4.467265118046024e-10,3.951301543557505e-08,-5.006160705506849e-08,0.999999999999998
41,563000000,41.563,indoor_world,differential_drive_robot,0.10598378377838143,-4.170211098577972e-08,1.4285946930676993e-08,-4.337620209948358e-10,3.736603575566799e-08,-5.0054535881300844e-08,0.999999999999998
41,583000000,41.583,indoor_world,differential_drive_robot,0.11598378647974575,-4.269920389605326e-08,1.2778491508790926e-08,-4.2029737393068183e-10,3.5029882583706265e-08,-5.004797776287356e-08,0.9999999999999981
41,603000000,41.603,indoor_world,differential_drive_robot,0.12598378897107404,-4.3696519697651745e-08,1.1187537421714228e-08,-4.061879835378745e-10,3.252246698664709e-08,-5.004200077202665e-08,0.9999999999999982
41,623000000,41.623,indoor_world,differential_drive_robot,0.1359837912401665,-4.4694119243996514e-08,9.520830389780351e-09,-3.9123560321595697e-10,2.986254331696231e-08,-5.003668572414704e-08,0.9999999999999983
41,643000000,41.643,indoor_world,differential_drive_robot,0.14598379327600583,-4.569207590750309e-08,7.787497710095558e-09,-3.7516491445539493e-10,2.707010424567729e-08,-5.003213133928783e-08,0.9999999999999983
41,663000000,41.663,indoor_world,differential_drive_robot,0.15598379506886162,-4.669048059352711e-08,5.998286176123986e-09,-3.575840768225369e-10,2.4166971111698732e-08,-5.002846188952073e-08,0.9999999999999984
41,683000000,41.683,indoor_world,differential_drive_robot,0.16598379661042012,-4.768944952043848e-08,4.166057595610773e-09,-3.3791459959632293e-10,2.1177778289033385e-08,-5.0025839140481816e-08,0.9999999999999986
41,703000000,41.703,indoor_world,differential_drive_robot,0.17598379789396038,-4.8689137053418484e-08,2.306800367904705e-09,-3.1525735946605345e-10,1.81317887894574e-08,-5.002448220667438e-08,0.9999999999999986
41,723000000,41.723,indoor_world,differential_drive_robot,0.1859837989146306,-4.968975858836777e-08,4.418068059796126e-10,-2.8811021802672973e-10,1.506662918781938e-08,-5.0024703276134356e-08,0.9999999999999987
41,743000000,41.743,indoor_world,differential_drive_robot,0.19598379966994942,-5.0691636006819295e-08,-1.3970711222190766e-09,-2.5368293839497737e-10,1.203713589410359e-08,-5.002697928083536e-08,0.9999999999999987
41,763000000,41.763,indoor_world,differential_drive_robot,0.20598380016091358,-5.169530383337514e-08,-3.151905113639732e-09,-2.0582823959880036e-10,9.141287208991294e-09,-5.0032121098050585e-08,0.9999999999999987
41,783000000,41.783,indoor_world,differential_drive_robot,0.21598380026229727,-5.2687468793811846e-08,-4.539188586634543e-09,-1.0603819512025061e-10,6.8527642623544416e-09,-5.001824268892932e-08,0.9999999999999987
41,803000000,41.803,indoor_world,differential_drive_robot,0.22598380021977701,-5.368606152788006e-08,-4.392737026490182e-09,2.1402715394874584e-11,7.116164309652526e-09,-5.001535783290081e-08,0.9999999999999987
41,823000000,41.823,indoor_world,differential_drive_robot,0.23598380039241293,-5.4686369105025196e-08,-3.1412353138095143e-09,1.0155671687136365e-10,9.217798960315293e-09,-5.001535848116141e-08,0.9999999999999987
41,843000000,41.843,indoor_world,differential_drive_robot,0.24598380085900903,-5.568667676570385e-08,-1.7260660829277747e-09,1.6711512715796921e-10,1.158933605473112e-08,-5.0015359197543e-08,0.9999999999999987
41,863000000,41.863,indoor_world,differential_drive_robot,0.2559838016174895,-5.668698450296564e-08,-1.8878844449248026e-10,2.2073568723594118e-10,1.4162034228668509e-08,-5.0015359968826505e-08,0.9999999999999987
41,883000000,41.883,indoor_world,differential_drive_robot,0.26598380266448235,-5.7687292309598046e-08,1.4349187388950706e-09,2.6459217822288673e-10,1.687685716915055e-08,-5.001536078201209e-08,0.9999999999999986
41,903000000,41.903,indoor_world,differential_drive_robot,0.27598380399533307,-5.8687600180933617e-08,3.1142458469946423e-09,3.0046255368976413e-10,1.9682805929948422e-08,-5.001536162880961e-08,0.9999999999999986
41,923000000,41.923,indoor_world,differential_drive_robot,0.28598380560412645,-5.968790810975455e-08,4.822432786140072e-09,3.298010149232916e-10,2.2535566983195656e-08,-5.00153624971896e-08,0.9999999999999984
41,943000000,41.943,indoor_world,differential_drive_robot,0.2959838074837123,-6.068821609140993e-08,6.536105509885097e-09,3.537969629238806e-10,2.5396418016045317e-08,-5.001536338000858e-08,0.9999999999999984
41,963000000,41.963,indoor_world,differential_drive_robot,0.30598380962573746,-6.168852412036603e-08,8.234739935446117e-09,3.7342321574024356e-10,2.823134396293619e-08,-5.001536426903442e-08,0.9999999999999983
41,983000000,41.983,indoor_world,differential_drive_robot,0.31598381202068265,-6.268883219176442e-08,9.90022973068448e-09,3.894754520854598e-10,3.101032443415606e-08,-5.0015365157652256e-08,0.9999999999999982
42,3000000,42.003,indoor_world,differential_drive_robot,0.3259838146579052,-6.368914030044113e-08,1.1516538670553305e-08,4.026044630409205e-10,3.37067606602697e-08,-5.0015366039108754e-08,0.9999999999999982
42,23000000,42.023,indoor_world,differential_drive_robot,0.3359838175256859,-6.468944844112706e-08,1.3069421741249861e-08,4.133425377306848e-10,3.6297015864174583e-08,-5.001536690683763e-08,0.9999999999999981
42,43000000,42.043,indoor_world,differential_drive_robot,0.34598382061128125,-6.568975660947492e-08,1.4546202048557403e-08,4.221250383235421e-10,3.876004770017431e-08,-5.0015367756276453e-08,0.999999999999998
42,63000000,42.063,indoor_world,differential_drive_robot,0.35598382390097993,-6.669006480036294e-08,1.5935592906379067e-08,4.293080499404739e-10,4.107711521359302e-08,-5.0015368581811526e-08,0.9999999999999979
42,83000000,42.083,indoor_world,differential_drive_robot,0.36598382738016405,-6.769037300906899e-08,1.7227556403570318e-08,4.351828192347274e-10,4.323154595331579e-08,-5.001536937886176e-08,0.9999999999999978
42,103000000,42.103,indoor_world,differential_drive_robot,0.37598383103337385,-6.869068123051295e-08,1.8413191299936718e-08,4.399875623636581e-10,4.52085514753577e-08,-5.0015370142542774e-08,0.9999999999999977
42,123000000,42.123,indoor_world,differential_drive_robot,0.3859838348443762,-6.969098945951437e-08,1.9484644411844215e-08,4.439171165307815e-10,4.6995081543286616e-08,-5.0015370868107505e-08,0.9999999999999977
42,143000000,42.143,indoor_world,differential_drive_robot,0.39598383879623716,-7.069129769216398e-08,2.043504067791828e-08,4.4713084274289767e-10,4.857970913065886e-08,-5.0015371553152865e-08,0.9999999999999976
42,163000000,42.163,indoor_world,differential_drive_robot,0.405983842871397,-7.169160592305525e-08,2.1258427966297854e-08,4.497590851879948e-10,4.9952539709959954e-08,-5.0015372193042793e-08,0.9999999999999974
42,183000000,42.183,indoor_world,differential_drive_robot,0.4159838470517479,-7.269191414764784e-08,2.1949733395995042e-08,4.519084537962173e-10,5.1105139488272183e-08,-5.00153727847296e-08,0.9999999999999974
42,203000000,42.203,indoor_world,differential_drive_robot,0.42598385131871513,-7.369222236137846e-08,2.2504728510495545e-08,4.5366614650202096e-10,5.203047822817207e-08,-5.001537332538042e-08,0.9999999999999973
42,223000000,42.223,indoor_world,differential_drive_robot,0.4359838556533388,-7.469253055957617e-08,2.2920001159948365e-08,4.5510348567045835e-10,5.2722883070364596e-08,-5.001537381210058e-08,0.9999999999999973
42,243000000,42.243,indoor_world,differential_drive_robot,0.4459838600363586,-7.569283873764199e-08,2.3192932292124094e-08,4.5627880447988357e-10,5.31780004189855e-08,-5.0015374242252364e-08,0.9999999999999973
42,263000000,42.263,indoor_world,differential_drive_robot,0.4559838644471881,-7.669293583573218e-08,2.332172419873924e-08,4.572489156303603e-10,5.3392843516281126e-08,-5.001502305260952e-08,0.9999999999999973
42,283000000,42.283,indoor_world,differential_drive_robot,0.4659838687120404,-7.767457343322633e-08,2.3311614375841763e-08,4.5758393390861877e-10,5.337614935925751e-08,-4.9984264403924745e-08,0.9999999999999973
42,303000000,42.303,indoor_world,differential_drive_robot,0.47598387277201093,-7.866701942897194e-08,2.3166085929184146e-08,4.568397536347269e-10,5.31337290863213e-08,-4.9972610866494755e-08,0.9999999999999973
42,323000000,42.323,indoor_world,differential_drive_robot,0.4859838767885259,-7.967213649680038e-08,2.2884722392996566e-08,4.5510774250823734e-10,5.2664893842673816e-08,-4.998190428141209e-08,0.9999999999999973
42,343000000,42.343,indoor_world,differential_drive_robot,0.495983880757294,-8.067738723037954e-08,2.246790454434728e-08,4.52467254282373e-10,5.197028253251664e-08,-4.9991111958292154e-08,0.9999999999999973
42,363000000,42.363,indoor_world,differential_drive_robot,0.5059838846596936,-8.168274805256267e-08,2.1916802071129837e-08,4.48985565357224e-10,5.1051848066083476e-08,-5.000019803081177e-08,0.9999999999999974
42,383000000,42.383,indoor_world,differential_drive_robot,0.5159838884773574,-8.268819455586588e-08,2.1233363790169907e-08,4.447175609568197e-10,4.9912841287092795e-08,-5.0009126446100604e-08,0.9999999999999974
42,403000000,42.403,indoor_world,differential_drive_robot,0.525983892192268,-8.369370123537992e-08,2.0420307162625765e-08,4.3970525208274205e-10,4.855779359649488e-08,-5.001786053247831e-08,0.9999999999999976
42,423000000,42.423,indoor_world,differential_drive_robot,0.5359838957868487,-8.469924115298031e-08,1.9481107928978708e-08,4.339770129229836e-10,4.699249977377573e-08,-5.00263624683926e-08,0.9999999999999977
42,443000000,42.443,indoor_world,differential_drive_robot,0.5459838992440534,-8.570478550768161e-08,1.8419991021196115e-08,4.2754640695848803e-10,4.522400291467074e-08,-5.003459261493467e-08,0.9999999999999977
42,463000000,42.463,indoor_world,differential_drive_robot,0.5559839025474568,-8.67103030977346e-08,1.724192438455979e-08,4.204104206121871e-10,4.326058418238484e-08,-5.0042508692323725e-08,0.9999999999999978
42,483000000,42.483,indoor_world,differential_drive_robot,0.5659839056813398,-8.771575963088058e-08,1.5952618054516137e-08,4.125468418626121e-10,4.1111761328284795e-08,-5.0050064734289205e-08,0.9999999999999979
42,503000000,42.503,indoor_world,differential_drive_robot,0.5759839086307765,-8.872111683163463e-08,1.4558532090903073e-08,4.0391036478367017e-10,3.878830195984295e-08,-5.0057209743344296e-08,0.999999999999998
42,523000000,42.523,indoor_world,differential_drive_robot,0.5859839113817181,-8.972633126391391e-08,1.3066898983257846e-08,3.9442677958610243e-10,3.630226091081456e-08,-5.006388592276271e-08,0.9999999999999981
42,543000000,42.543,indoor_world,differential_drive_robot,0.5959839139210783,-9.073135274324965e-08,1.148576968285312e-08,3.8398416147876073e-10,3.36670569972322e-08,-5.007002629265206e-08,0.9999999999999982
42,563000000,42.563,indoor_world,differential_drive_robot,0.6059839162368206,-9.173612213846382e-08,9.824098828217602e-09,3.7241921422814816e-10,3.089761507367723e-08,-5.007555138136775e-08,0.9999999999999982
42,583000000,42.583,indoor_world,differential_drive_robot,0.6159839183180513,-9.274056823338831e-08,8.091896865945212e-09,3.594954060035036e-10,2.8010619590125988e-08,-5.008036448157363e-08,0.9999999999999983
42,603000000,42.603,indoor_world,differential_drive_robot,0.625983920155123,-9.374460307741995e-08,6.300501292017459e-09,3.4486651465729287e-10,2.5024966679864414e-08,-5.008434457942836e-08,0.9999999999999984
42,623000000,42.623,indoor_world,differential_drive_robot,0.6359839217397609,-9.474811477657026e-08,4.463072453365807e-09,3.2801242332979706e-10,2.196259050048819e-08,-5.0087335310368464e-08,0.9999999999999984
42,643000000,42.643,indoor_world,differential_drive_robot,0.6459839230652318,-9.57509556683191e-08,2.5955458004383827e-09,3.0811783662177557e-10,1.8850050335983817e-08,-5.008912669109074e-08,0.9999999999999986
42,663000000,42.663,indoor_world,differential_drive_robot,0.6559839241266022,-9.675292142257885e-08,7.186111722822125e-10,2.8382028425905083e-10,1.5721829410560958e-08,-5.0089422535256387e-08,0.9999999999999987
42,683000000,42.683,indoor_world,differential_drive_robot,0.6659839249211962,-9.77537101364981e-08,-1.137643113718364e-09,2.526113016388214e-10,1.2628075039110596e-08,-5.008777604008534e-08,0.9999999999999987
42,703000000,42.703,indoor_world,differential_drive_robot,0.6759839254495774,-9.875282907200771e-08,-2.9205002506512245e-09,2.0908787817631906e-10,9.656648620746335e-09,-5.0083441343151494e-08,0.9999999999999987
42,723000000,42.723,indoor_world,differential_drive_robot,0.6859839256106229,-9.976126799658513e-08,-4.415163856526102e-09,1.2095256801072247e-10,7.165543903268387e-09,-5.00945792937203e-08,0.9999999999999987
42,743000000,42.743,indoor_world,differential_drive_robot,0.6959839255672953,-1.0076551583237976e-07,-4.555336459275143e-09,-9.194238888844793e-12,6.931922016298595e-09,-5.009842037367434e-08,0.9999999999999987
42,763000000,42.763,indoor_world,differential_drive_robot,0.7059839257034317,-1.0176748564943313e-07,-3.323470115565861e-09,-9.156305315217223e-11,8.98503324775988e-09,-5.0098422677346663e-08,0.9999999999999987
42,783000000,42.783,indoor_world,differential_drive_robot,0.715983926133695,-1.0276945549177205e-07,-1.923024411959436e-09,-1.589331267014072e-10,1.1319109997425919e-08,-5.009842489797045e-08,0.9999999999999987
42,803000000,42.803,indoor_world,differential_drive_robot,0.7259839268561706,-1.0377142535793492e-07,-3.9624002977793256e-10,-2.1403564409919993e-10,1.3863751129183314e-08,-5.009842703605293e-08,0.9999999999999987
42,823000000,42.823,indoor_world,differential_drive_robot,0.735983927867646,-1.0477339524610522e-07,1.2206398233543626e-09,-2.5910445743581344e-10,1.6558551314421444e-08,-5.0098429091838976e-08,0.9999999999999986
42,843000000,42.843,indoor_world,differential_drive_robot,0.7459839291636249,-1.0577536515284931e-07,2.896336146249735e-09,-2.95966656152905e-10,1.9351378887400927e-08,-5.0098431063125545e-08,0.9999999999999986
42,863000000,42.863,indoor_world,differential_drive_robot,0.7559839307383469,-1.0677733507406213e-07,4.603696260517419e-09,-3.261166245034001e-10,2.2196979397287275e-08,-5.0098432946888214e-08,0.9999999999999984
42,883000000,42.883,indoor_world,differential_drive_robot,0.7659839325848132,-1.0777930500469894e-07,6.319015497718066e-09,-3.5077663135561433e-10,2.5055845069980843e-08,-5.00984347389196e-08,0.9999999999999984
42,903000000,42.903,indoor_world,differential_drive_robot,0.7759839346948177,-1.0878127494019273e-07,8.021489040336243e-09,-3.709463759526193e-10,2.789330121686898e-08,-5.009843643607818e-08,0.9999999999999983
42,923000000,42.923,indoor_world,differential_drive_robot,0.7859839370589841,-1.0978324487465841e-07,9.692769867076113e-09,-3.8744351726889723e-10,3.067876947138336e-08,-5.009843803344323e-08,0.9999999999999982
42,943000000,42.943,indoor_world,differential_drive_robot,0.7959839396668056,-1.1078521480172366e-07,1.1316613112462777e-08,-4.0093682923305753e-10,3.338517506787889e-08,-5.009843952562446e-08,0.9999999999999982
42,963000000,42.963,indoor_world,differential_drive_robot,0.8059839425066936,-1.1178718471759706e-07,1.2878590685105749e-08,-4.119732994997022e-10,3.598847119030925e-08,-5.009844091169932e-08,0.9999999999999981
42,983000000,42.983,indoor_world,differential_drive_robot,0.8159839455660287,-1.1278915461394513e-07,1.4365862922792676e-08,-4.2100031505941576e-10,3.846725840849619e-08,-5.009844218364179e-08,0.999999999999998
43,3000000,43.003,indoor_world,differential_drive_robot,0.8259839488312165,-1.1379112448484572e-07,1.576699644703132e-08,-4.283837958724801e-10,4.08024810967496e-08,-5.0098443337725246e-08,0.9999999999999979
43,23000000,43.023,indoor_world,differential_drive_robot,0.8359839522877477,-1.1479309432559555e-07,1.7071819319030153e-08,-4.3442303044156637e-10,4.297718602519446e-08,-5.0098444372513356e-08,0.9999999999999978
43,43000000,43.043,indoor_world,differential_drive_robot,0.845983955920263,-1.1579506412842844e-07,1.8271306214751264e-08,-4.3936280612657135e-10,4.4976330993942035e-08,-5.0098445281712176e-08,0.9999999999999978
43,63000000,43.063,indoor_world,differential_drive_robot,0.8559839597126216,-1.1679703388829304e-07,1.9357487652717993e-08,-4.434033346576785e-10,4.6786633529641985e-08,-5.009844606384663e-08,0.9999999999999977
43,83000000,43.083,indoor_world,differential_drive_robot,0.8659839636479726,-1.177990035983105e-07,2.032337834706703e-08,-4.4670836928220526e-10,4.839645149751315e-08,-5.009844671456615e-08,0.9999999999999976
43,103000000,43.103,indoor_world,differential_drive_robot,0.8759839677088289,-1.1880097325301773e-07,2.1162920693633153e-08,-4.494118465926471e-10,4.979568889335598e-08,-5.009844723213957e-08,0.9999999999999974
43,123000000,43.123,indoor_world,differential_drive_robot,0.885983971877147,-1.1980294284672617e-07,2.1870940076969727e-08,-4.5162331105500114e-10,5.097572135583212e-08,-5.009844761454841e-08,0.9999999999999974
43,143000000,43.143,indoor_world,differential_drive_robot,0.8959839761344051,-1.2080491237428152e-07,2.2443109277829364e-08,-4.534323588621469e-10,5.1929336860533695e-08,-5.009844786086001e-08,0.9999999999999973
43,163000000,43.163,indoor_world,differential_drive_robot,0.9059839804616865,-1.2180688183076475e-07,2.2875919802123733e-08,-4.5491226900759576e-10,5.26506879171631e-08,-5.0098447970526304e-08,0.9999999999999973
43,183000000,43.183,indoor_world,differential_drive_robot,0.9159839848397638,-1.228088512114241e-07,2.3166658288413152e-08,-4.5612297807852025e-10,5.3135252246923365e-08,-5.009844794346479e-08,0.9999999999999973
43,203000000,43.203,indoor_world,differential_drive_robot,0.9259839892491839,-1.2381082051086575e-07,2.3313386502080244e-08,-4.571135012547315e-10,5.337979946905919e-08,-5.009844777851277e-08,0.9999999999999973
43,223000000,43.223,indoor_world,differential_drive_robot,0.9359839935470005,-1.2482762670862904e-07,2.3320031025770693e-08,-4.5758617516658517e-10,5.339087405298332e-08,-5.0122927583702605e-08,0.9999999999999973
43,243000000,43.243,indoor_world,differential_drive_robot,0.9459839976202294,-1.2584205828473213e-07,2.319135310359088e-08,-4.5697443148726227e-10,5.317641110176584e-08,-5.014231994122935e-08,0.9999999999999973
43,263000000,43.263,indoor_world,differential_drive_robot,0.9559840016413573,-1.2683923564533097e-07,2.2926841519704943e-08,-4.5536412498594335e-10,5.273555864322408e-08,-5.013301832268413e-08,0.9999999999999973
43,283000000,43.283,indoor_world,differential_drive_robot,0.965984005617058,-1.2783627632466376e-07,2.252677997181714e-08,-4.528360803261218e-10,5.206878959877501e-08,-5.012379777917269e-08,0.9999999999999973
43,303000000,43.303,indoor_world,differential_drive_robot,0.9759840095286848,-1.2883320380826268e-07,2.1992241953256712e-08,-4.494590773869587e-10,5.117789311827825e-08,-5.011469418576664e-08,0.9999999999999974
43,323000000,43.323,indoor_world,differential_drive_robot,0.9859840133578344,-1.2983004238070053e-07,2.1325081164130782e-08,-4.452895485758915e-10,5.00659586967647e-08,-5.010574355228354e-08,0.9999999999999974
43,343000000,43.343,indoor_world,differential_drive_robot,0.9959840170864406,-1.3082681739030792e-07,2.052792110021249e-08,-4.4037111755057296e-10,4.873735882626867e-08,-5.009698245342886e-08,0.9999999999999976
43,363000000,43.363,indoor_world,differential_drive_robot,1.0059840206968669,-1.3182355557367708e-07,1.9604144652598762e-08,-4.3473389358200045e-10,4.719773165364764e-08,-5.008844854296117e-08,0.9999999999999977
43,383000000,43.383,indoor_world,differential_drive_robot,1.0159840241719977,-1.3282028547033497e-07,1.8557884802626453e-08,-4.2839334883787544e-10,4.545396548040538e-08,-5.008018119899563e-08,0.9999999999999977
43,403000000,43.403,indoor_world,differential_drive_robot,1.025984027495325,-1.338170379496001e-07,1.7394017996106834e-08,-4.213486314476062e-10,4.3514187713357925e-08,-5.0072222332335856e-08,0.9999999999999978
43,423000000,43.423,indoor_world,differential_drive_robot,1.0359840306510375,-1.348138468738555e-07,1.6118162424114126e-08,-4.135800765284666e-10,4.138776200018173e-08,-5.0064617392174996e-08,0.9999999999999979
43,443000000,43.443,indoor_world,differential_drive_robot,1.045984033624107,-1.3581074996984316e-07,1.4736684615291792e-08,-4.0504549686183e-10,3.908529921937986e-08,-5.005741668054432e-08,0.999999999999998
43,463000000,43.463,indoor_world,differential_drive_robot,1.0559840364003719,-1.3680778995849345e-07,1.3256719654825648e-08,-3.956746521766535e-10,3.661869117667784e-08,-5.005067704789115e-08,0.9999999999999981
43,483000000,43.483,indoor_world,differential_drive_robot,1.0659840389666213,-1.378050160822888e-07,1.1686213622465049e-08,-3.853608954260348e-10,3.400118133602442e-08,-5.004446418619707e-08,0.9999999999999981
43,503000000,43.503,indoor_world,differential_drive_robot,1.0759840413106836,-1.3880248622011214e-07,1.0034002795344402e-08,-3.7394825282232355e-10,3.124749682331858e-08,-5.0038855811537746e-08,0.9999999999999982
43,523000000,43.523,indoor_world,differential_drive_robot,1.0859840434215187,-1.398002698801584e-07,8.309955323503871e-09,-3.6121084302834e-10,2.837408455105105e-08,-5.003394618452166e-08,0.9999999999999983
43,543000000,43.543,indoor_world,differential_drive_robot,1.0959840452893181,-1.4079845261974104e-07,6.525223509419139e-09,-3.4681873769464326e-10,2.5399531685943297e-08,-5.0029852826450845e-08,0.9999999999999984
43,563000000,43.563,indoor_world,differential_drive_robot,1.105984046905629,-1.4179714285122274e-07,4.692702919170633e-09,-3.302783111874141e-10,2.2345330830829847e-08,-5.002672693569157e-08,0.9999999999999984
43,583000000,43.583,indoor_world,differential_drive_robot,1.1159840482635164,-1.42796482927764e-07,2.8279074998582023e-09,-3.108206499617297e-10,1.923733856460153e-08,-5.002477049527547e-08,0.9999999999999986
43,603000000,43.603,indoor_world,differential_drive_robot,1.1259840493578033,-1.4379666852537291e-07,9.507673849660482e-10,-2.8717278690982003e-10,1.610877175880381e-08,-5.0024266456232814e-08,0.9999999999999986
43,623000000,43.623,indoor_world,differential_drive_robot,1.1359840501854985,-1.447979860219859e-07,-9.102284018191627e-10,-2.5702464496314654e-10,1.3007112105842823e-08,-5.002563752317231e-08,0.9999999999999987
43,643000000,43.643,indoor_world,differential_drive_robot,1.145984050746674,-1.4580089579043297e-07,-2.706578766034901e-09,-2.1552070496007815e-10,1.0013194712905896e-08,-5.002957854697385e-08,0.9999999999999987
43,663000000,43.663,indoor_world,differential_drive_robot,1.155984050955046,-1.4679576704244132e-07,-4.271395145336108e-09,-1.3558679795311136e-10,7.4051669499051326e-09,-5.002013082497149e-08,0.9999999999999987
43,683000000,43.683,indoor_world,differential_drive_robot,1.1659840509160138,-1.477931452654378e-07,-4.6948955964613294e-09,-1.324415379224943e-12,6.699330498194899e-09,-5.001519342210978e-08,0.9999999999999987
43,703000000,43.703,indoor_world,differential_drive_robot,1.175984051015641,-1.4879344956503333e-07,-3.487009805151632e-09,8.29681033106116e-11,8.712472757300014e-09,-5.001519407137984e-08,0.9999999999999987
43,723000000,43.723,indoor_world,differential_drive_robot,1.1859840514095428,-1.4979375391969691e-07,-2.1048683475519394e-09,1.5191139846562463e-10,1.101604138730472e-08,-5.001519477027045e-08,0.9999999999999987
43,743000000,43.743,indoor_world,differential_drive_robot,1.1959840520959641,-1.507940583523395e-07,-5.915319541454837e-10,2.0830048105414885e-10,1.3538268350944065e-08,-5.001519552683714e-08,0.9999999999999987
43,763000000,43.763,indoor_world,differential_drive_robot,1.2059840530718535,-1.5179436285759972e-07,1.0160787328382974e-09,2.544213704768214e-10,1.6217619231988018e-08,-5.001519633092378e-08,0.9999999999999986
43,783000000,43.783,indoor_world,differential_drive_robot,1.2159840543328724,-1.5279466742786897e-07,2.6861229492547156e-09,2.9214382066486843e-10,1.900102605852155e-08,-5.0015197169243094e-08,0.9999999999999986
43,803000000,43.803,indoor_world,differential_drive_robot,1.2259840558734159,-1.5379497205687221e-07,4.390979976338963e-09,3.2299710858351066e-10,2.1842454290867885e-08,-5.001519803123223e-08,0.9999999999999984
43,823000000,43.823,indoor_world,differential_drive_robot,1.2359840576866372,-1.5479527674044616e-07,6.106552913038589e-09,3.482320474536549e-10,2.4701742416087537e-08,-5.0015198910386404e-08,0.9999999999999984
43,843000000,43.843,indoor_world,differential_drive_robot,1.2459840597644778,-1.5579558147297678e-07,7.811705909022322e-09,3.6887168203293137e-10,2.7543664006517036e-08,-5.001519979823933e-08,0.9999999999999983
43,863000000,43.863,indoor_world,differential_drive_robot,1.2559840620977043,-1.5679588624830883e-07,9.487810208141265e-09,3.857527748373913e-10,3.033717112901909e-08,-5.0015200685912166e-08,0.9999999999999982
43,883000000,43.883,indoor_world,differential_drive_robot,1.2659840646759468,-1.577961910627994e-07,1.1118378816017796e-08,3.995597195183604e-10,3.305478545478874e-08,-5.001520156911034e-08,0.9999999999999982
43,903000000,43.903,indoor_world,differential_drive_robot,1.2759840674877485,-1.5879649591305028e-07,1.2688773253880786e-08,4.108522826472911e-10,3.5672109512872734e-08,-5.0015202444205055e-08,0.9999999999999981
43,923000000,43.923,indoor_world,differential_drive_robot,1.2859840705206151,-1.5979680078929778e-07,1.418596882342e-08,4.200883012637862e-10,3.8167435480444847e-08,-5.001520329748409e-08,0.999999999999998
43,943000000,43.943,indoor_world,differential_drive_robot,1.29598407376107,-1.6079710569008507e-07,1.5598367304597944e-08,4.276422497330101e-10,4.052143298288629e-08,-5.0015204129467716e-08,0.9999999999999979
43,963000000,43.963,indoor_world,differential_drive_robot,1.3059840771947129,-1.617974106093417e-07,1.691564794345696e-08,4.338204165367661e-10,4.271690075855199e-08,-5.0015204933227166e-08,0.9999999999999978
43,983000000,43.983,indoor_world,differential_drive_robot,1.3159840808062868,-1.6279771554253527e-07,1.8128649285248506e-08,4.388733112169359e-10,4.473856972487746e-08,-5.001520570472114e-08,0.9999999999999978
44,3000000,44.003,indoor_world,differential_drive_robot,1.325984084579744,-1.6379802048644895e-07,1.9229275733506076e-08,4.430058308575593e-10,4.6572947217769136e-08,-5.0015206442363044e-08,0.9999999999999977
44,23000000,44.023,indoor_world,differential_drive_robot,1.3359840884983165,-1.6479832543236263e-07,2.021042378953926e-08,4.463855668751914e-10,4.820819406910912e-08,-5.001520713567886e-08,0.9999999999999976
44,43000000,44.043,indoor_world,differential_drive_robot,1.3459840925445927,-1.657986303794091e-07,2.1065923861741942e-08,4.491495903404895e-10,4.9634027631693903e-08,-5.001520778760249e-08,0.9999999999999976
44,63000000,44.063,indoor_world,differential_drive_robot,1.3559840967005934,-1.6679893532089236e-07,2.1790494285055588e-08,4.514100140154051e-10,5.084164512545548e-08,-5.001520839139815e-08,0.9999999999999974
44,83000000,44.083,indoor_world,differential_drive_robot,1.3659841009478524,-1.6779924025257975e-07,2.2379704740666256e-08,4.5325853968440584e-10,5.18236626896568e-08,-5.0015208944737346e-08,0.9999999999999974
44,103000000,44.103,indoor_world,differential_drive_robot,1.3759841052674973,-1.6879954517014586e-07,2.282994683995461e-08,4.5477017434677576e-10,5.257406634316694e-08,-5.001520944525665e-08,0.9999999999999973
44,123000000,44.123,indoor_world,differential_drive_robot,1.3859841096403334,-1.6979985006884727e-07,2.3138409996495e-08,4.560062586673789e-10,5.3088171771148037e-08,-5.001520989008898e-08,0.9999999999999973
44,143000000,44.143,indoor_world,differential_drive_robot,1.3959841140469313,-1.7080015494436566e-07,2.3303061050772012e-08,4.570169762646506e-10,5.336259037548312e-08,-5.001521027712122e-08,0.9999999999999973
44,163000000,44.163,indoor_world,differential_drive_robot,1.4059841183742467,-1.7178911272607835e-07,2.3326525793352213e-08,4.576028088926593e-10,5.340169862225565e-08,-4.999646435256927e-08,0.9999999999999973
44,183000000,44.183,indoor_world,differential_drive_robot,1.415984122464915,-1.72772853548393e-07,2.3214657340639477e-08,4.57117279906346e-10,5.321525147256274e-08,-4.9970136703991476e-08,0.9999999999999973
44,203000000,44.203,indoor_world,differential_drive_robot,1.4259841264903637,-1.737779306817288e-07,2.296697542923156e-08,4.556223786594443e-10,5.280244845740901e-08,-4.997944580826685e-08,0.9999999999999973
44,223000000,44.223,indoor_world,differential_drive_robot,1.4359841304727077,-1.7478314721917175e-07,2.2583665310011595e-08,4.532004444039231e-10,5.216359845307758e-08,-4.9988678073663373e-08,0.9999999999999973
44,243000000,44.243,indoor_world,differential_drive_robot,1.4459841343932767,-1.7578847975541143e-07,2.206570313160746e-08,4.499217641028657e-10,5.130032836279237e-08,-4.999779762400441e-08,0.9999999999999974
44,263000000,44.263,indoor_world,differential_drive_robot,1.4559841382336323,-1.7679390411229895e-07,2.1414846490712498e-08,4.458443372130692e-10,5.0215567514790456e-08,-5.0006768491254404e-08,0.9999999999999974
44,283000000,44.283,indoor_world,differential_drive_robot,1.4659841419756612,-1.7779939508396428e-07,2.063362409010281e-08,4.410134153139821e-10,4.8913530412746515e-08,-5.001555420028747e-08,0.9999999999999976
44,303000000,44.303,indoor_world,differential_drive_robot,1.4759841456016694,-1.788049261221341e-07,1.9725325283659112e-08,4.354608450186278e-10,4.739969930646324e-08,-5.00241172686884e-08,0.9999999999999977
44,323000000,44.323,indoor_world,differential_drive_robot,1.4859841490944707,-1.798104689351762e-07,1.8693990561231523e-08,4.2920400292848134e-10,4.5680808345907836e-08,-5.003241858172916e-08,0.9999999999999977
44,343000000,44.343,indoor_world,differential_drive_robot,1.495984152437478,-1.808159929735355e-07,1.7544404486488425e-08,4.222441865627908e-10,4.376483179542861e-08,-5.004041660112474e-08,0.9999999999999978
44,363000000,44.363,indoor_world,differential_drive_robot,1.5059841556147888,-1.8182146478424757e-07,1.628209320711724e-08,4.1456424859455766e-10,4.1660979903613386e-08,-5.0048066384985296e-08,0.9999999999999979
44,383000000,44.383,indoor_world,differential_drive_robot,1.5159841586112728,-1.8282684717803558e-07,1.491332979059628e-08,4.0612505944502503e-10,3.937970777757607e-08,-5.005531833191123e-08,0.999999999999998
44,403000000,44.403,indoor_world,differential_drive_robot,1.5259841614126561,-1.838320981247529e-07,1.344515236414634e-08,3.9686024609355357e-10,3.693274562654266e-08,-5.006211652043833e-08,0.999999999999998
44,423000000,44.423,indoor_world,differential_drive_robot,1.5359841640056062,-1.8483716928982996e-07,1.1885403172805454e-08,3.866682741299757e-10,3.433316385759214e-08,-5.006839651338462e-08,0.9999999999999981
44,443000000,44.443,indoor_world,differential_drive_robot,1.5459841663778182,-1.8584200400666818e-07,1.0242802127486592e-08,3.754002219511223e-10,3.1595495649225404e-08,-5.007408230784314e-08,0.9999999999999982
44,463000000,44.463,indoor_world,differential_drive_robot,1.5559841685181062,-1.8684653441754329e-07,8.527078746338527e-09,3.6284038545963833e-10,2.8735956862780272e-08,-5.007908201925805e-08,0.9999999999999983
44,483000000,44.483,indoor_world,differential_drive_robot,1.5659841704165027,-1.878506772636632e-07,6.749206872118661e-09,3.486743057517745e-10,2.5772837232296092e-08,-5.008328148849251e-08,0.9999999999999984
44,503000000,44.503,indoor_world,differential_drive_robot,1.5759841720643797,-1.888543274579199e-07,4.921830101332557e-09,3.3243328951378337e-10,2.2727209414300017e-08,-5.0086534455207325e-08,0.9999999999999984
44,523000000,44.523,indoor_world,differential_drive_robot,1.5859841734546025,-1.8985734768378478e-07,3.06006694196744e-09,3.133916140011213e-10,1.962427092113323e-08,-5.0088646523724474e-08,0.9999999999999986
44,543000000,44.543,indoor_world,differential_drive_robot,1.5959841745817598,-1.908595503961043e-07,1.1831465836457099e-09,2.903585181376555e-10,1.6496070387382346e-08,-5.0089347165979184e-08,0.9999999999999986
44,563000000,44.563,indoor_world,differential_drive_robot,1.6059841754425541,-1.9186066358707485e-07,-6.818855772103123e-10,2.612024303277614e-10,1.3387683455959528e-08,-5.008823594934905e-08,0.9999999999999987
44,583000000,44.583,indoor_world,differential_drive_robot,1.6159841760365987,-1.9286025614647547e-07,-2.4902058384179748e-09,2.2154387111269714e-10,1.0373816253074645e-08,-5.008466405974934e-08,0.9999999999999987
44,603000000,44.603,indoor_world,differential_drive_robot,1.6259841762996183,-1.9386638194530878e-07,-4.112387649515452e-09,1.4935673500104467e-10,7.670179556053469e-09,-5.009202682015504e-08,0.9999999999999987
44,623000000,44.623,indoor_world,differential_drive_robot,1.6359841762706138,-1.9487191062397835e-07,-4.78931371174152e-09,1.812878328977998e-11,6.541967615839235e-09,-5.009805406602546e-08,0.9999999999999987
44,643000000,44.643,indoor_world,differential_drive_robot,1.6459841763350411,-1.9587393384772724e-07,-3.6464285833048666e-09,-7.273710688477359e-11,8.44677486196399e-09,-5.009815459324366e-08,0.9999999999999987
44,663000000,44.663,indoor_world,differential_drive_robot,1.655984176692554,-1.9687589833342345e-07,-2.2835165000197457e-09,-1.4353524121513049e-10,1.0718294525050649e-08,-5.009815683425557e-08,0.9999999999999987
44,683000000,44.683,indoor_world,differential_drive_robot,1.6659841773428747,-1.9787786284303278e-07,-7.844108626512455e-10,-2.014415876510165e-10,1.321680355980431e-08,-5.009815899214855e-08,0.9999999999999987
44,703000000,44.703,indoor_world,differential_drive_robot,1.6759841782831115,-1.9887982737512257e-07,8.132652289355671e-10,-2.488036723698377e-10,1.5879596778033906e-08,-5.009816106770334e-08,0.9999999999999986
44,723000000,44.723,indoor_world,differential_drive_robot,1.6860797667236123,-2.0026926910876533e-07,0.0006418685001825415,-3.440005493155175e-10,-0.001071462189484382,-5.0726447627927005e-08,0.9999994259842222
44,743000000,44.743,indoor_world,differential_drive_robot,1.6960789243362768,-2.018224549416813e-07,0.0009598434165554592,-4.1208551238129073e-10,-0.0016003020932910525,-5.1608883191560116e-08,0.999998719515784
44,763000000,44.763,indoor_world,differential_drive_robot,1.7060788040744088,-2.030846931128721e-07,0.0009969824206452038,-4.439098915174912e-10,-0.0016617546574561606,-5.1982638687220515e-08,0.9999986192847746
44,783000000,44.783,indoor_world,differential_drive_robot,1.7160788043337079,-2.041244640534463e-07,0.0009976864028197773,-4.631793338849995e-10,-0.0016626422686950488,-5.198284141288541e-08,0.9999986178093866
44,803000000,44.803,indoor_world,differential_drive_robot,1.726078805173195,-2.0516422077020878e-07,0.0009982624797046998,-4.789399141492168e-10,-0.0016633677768729976,-5.1983007415441565e-08,0.9999986166028612
44,823000000,44.823,indoor_world,differential_drive_robot,1.7360788065240238,-2.0620396585661632e-07,0.0009987339203198248,-4.918306275404908e-10,-0.0016639607357804293,-5.198314336599178e-08,0.9999986156163753
44,843000000,44.843,indoor_world,differential_drive_robot,1.7460788083268526,-2.072437014321565e-07,0.000999119755427738,-5.023740959164762e-10,-0.0016644453196184255,-5.198325472196296e-08,0.9999986148099282
44,863000000,44.863,indoor_world,differential_drive_robot,1.7554560600480977,-2.0794236587785486e-07,0.0009961186275977564,-4.6003265428526456e-10,-0.0016703774514270151,-5.266447619794718e-08,0.9999986049186104
44,883000000,44.883,indoor_world,differential_drive_robot,1.7627619246686608,-2.085489946710475e-07,0.0009969793790588334,-4.3809258670095814e-10,-0.001669694301716954,-5.3673803196376093e-08,0.9999986060594964
44,903000000,44.903,indoor_world,differential_drive_robot,1.767950913599604,-2.0919238041985482e-07,0.0009976833938461736,-4.2055605840834953e-10,-0.0016691355488313829,-5.4744297836264765e-08,0.999998606992288
44,923000000,44.923,indoor_world,differential_drive_robot,1.7710229903382928,-2.098700871098083e-07,0.0009982592125537214,-4.0663295837507257e-10,-0.0016686785409710018,-5.587190545850664e-08,0.9999986077549927
44,943000000,44.943,indoor_world,differential_drive_robot,1.7719806460645688,-2.1054343146575857e-07,0.0009987088106950045,-3.961617305839845e-10,-0.0016683217101744377,-5.6992260886425063e-08,0.9999986083503657
44,963000000,44.963,indoor_world,differential_drive_robot,1.7719806460645688,-2.1054343146575857e-07,0.0009987088106950045,-3.961617305839845e-10,-0.0016683217101744377,-5.6992260886425063e-08,0.9999986083503657
44,983000000,44.983,indoor_world,differential_drive_robot,1.7719806460645688,-2.1054343146575857e-07,0.0009987088106950045,-3.961617305839845e-10,-0.0016683217101744377,-5.6992260886425063e-08,0.9999986083503657
45,3000000,45.003,indoor_world,differential_drive_robot,1.7719806460645688,-2.1054343146575857e-07,0.0009987088106950045,-3.961617305839845e-10,-0.0016683217101744377,-5.6992260886425063e-08,0.9999986083503657
45,23000000,45.023,indoor_world,differential_drive_robot,1.7719806483132166,-2.1046755736653356e-07,0.000999711082423124,-4.7127696411083e-10,-0.0016675301146109368,-5.6866138195147046e-08,0.9999986096706903
45,43000000,45.043,indoor_world,differential_drive_robot,1.7719806483132166,-2.1046755736653356e-07,0.000999711082423124,-4.7127696411083e-10,-0.0016675301146109368,-5.6866138195147046e-08,0.9999986096706903
45,63000000,45.063,indoor_world,differential_drive_robot,1.7719806483132166,-2.1046755736653356e-07,0.000999711082423124,-4.7127696411083e-10,-0.0016675301146109368,-5.6866138195147046e-08,0.9999986096706903
45,83000000,45.083,indoor_world,differential_drive_robot,1.7719806483132166,-2.1046755736653356e-07,0.000999711082423124,-4.7127696411083e-10,-0.0016675301146109368,-5.6866138195147046e-08,0.9999986096706903
45,103000000,45.103,indoor_world,differential_drive_robot,1.7719806483132166,-2.1046755736653356e-07,0.000999711082423124,-4.7127696411083e-10,-0.0016675301146109368,-5.6866138195147046e-08,0.9999986096706903
45,123000000,45.123,indoor_world,differential_drive_robot,1.7719806483132166,-2.1046755736653356e-07,0.000999711082423124,-4.7127696411083e-10,-0.0016675301146109368,-5.6866138195147046e-08,0.9999986096706903
45,143000000,45.143,indoor_world,differential_drive_robot,1.7719806483132166,-2.1046755736653356e-07,0.000999711082423124,-4.7127696411083e-10,-0.0016675301146109368,-5.6866138195147046e-08,0.9999986096706903
45,163000000,45.163,indoor_world,differential_drive_robot,1.7719806483132166,-2.1046755736653356e-07,0.000999711082423124,-4.7127696411083e-10,-0.0016675301146109368,-5.6866138195147046e-08,0.9999986096706903
45,183000000,45.183,indoor_world,differential_drive_robot,1.7719806483132166,-2.1046755736653356e-07,0.000999711082423124,-4.7127696411083e-10,-0.0016675301146109368,-5.6866138195147046e-08,0.9999986096706903
45,203000000,45.203,indoor_world,differential_drive_robot,1.7719806483132166,-2.1046755736653356e-07,0.000999711082423124,-4.7127696411083e-10,-0.0016675301146109368,-5.6866138195147046e-08,0.9999986096706903
45,223000000,45.223,indoor_world,differential_drive_robot,1.7719806498971917,-2.1046728028494282e-07,0.001000712055444961,-5.476798703652434e-10,-0.001666739589068592,-5.686580386913564e-08,0.9999986109886048
45,243000000,45.243,indoor_world,differential_drive_robot,1.7719806498971917,-2.1046728028494282e-07,0.001000712055444961,-5.476798703652434e-10,-0.001666739589068592,-5.686580386913564e-08,0.9999986109886048
45,263000000,45.263,indoor_world,differential_drive_robot,1.7719806498971917,-2.1046728028494282e-07,0.001000712055444961,-5.476798703652434e-10,-0.001666739589068592,-5.686580386913564e-08,0.9999986109886048
45,283000000,45.283,indoor_world,differential_drive_robot,1.7719806498971917,-2.1046728028494282e-07,0.001000712055444961,-5.476798703652434e-10,-0.001666739589068592,-5.686580386913564e-08,0.9999986109886048
45,303000000,45.303,indoor_world,differential_drive_robot,1.7719806498971917,-2.1046728028494282e-07,0.001000712055444961,-5.476798703652434e-10,-0.001666739589068592,-5.686580386913564e-08,0.9999986109886048
45,323000000,45.323,indoor_world,differential_drive_robot,1.7719806498971917,-2.1046728028494282e-07,0.001000712055444961,-5.476798703652434e-10,-0.001666739589068592,-5.686580386913564e-08,0.9999986109886048
45,343000000,45.343,indoor_world,differential_drive_robot,1.7719806498971917,-2.1046728028494282e-07,0.001000712055444961,-5.476798703652434e-10,-0.001666739589068592,-5.686580386913564e-08,0.9999986109886048
45,363000000,45.363,indoor_world,differential_drive_robot,1.7719806498971917,-2.1046728028494282e-07,0.001000712055444961,-5.476798703652434e-10,-0.001666739589068592,-5.686580386913564e-08,0.9999986109886048
45,383000000,45.383,indoor_world,differential_drive_robot,1.7719806498971917,-2.1046728028494282e-07,0.001000712055444961,-5.476798703652434e-10,-0.001666739589068592,-5.686580386913564e-08,0.9999986109886048
45,403000000,45.403,indoor_world,differential_drive_robot,1.7719806498971917,-2.1046728028494282e-07,0.001000712055444961,-5.476798703652434e-10,-0.001666739589068592,-5.686580386913564e-08,0.9999986109886048
45,423000000,45.423,indoor_world,differential_drive_robot,1.7719806498971917,-2.1046728028494282e-07,0.001000712055444961,-5.476798703652434e-10,-0.001666739589068592,-5.686580386913564e-08,0.9999986109886048
45,443000000,45.443,indoor_world,differential_drive_robot,1.7719806498971917,-2.1046728028494282e-07,0.001000712055444961,-5.476798703652434e-10,-0.001666739589068592,-5.686580386913564e-08,0.9999986109886048
45,463000000,45.463,indoor_world,differential_drive_robot,1.7719806498971917,-2.1046728028494282e-07,0.001000712055444961,-5.476798703652434e-10,-0.001666739589068592,-5.686580386913564e-08,0.9999986109886048
45,483000000,45.483,indoor_world,differential_drive_robot,1.7719806498971917,-2.1046728028494282e-07,0.001000712055444961,-5.476798703652434e-10,-0.001666739589068592,-5.686580386913564e-08,0.9999986109886048
45,503000000,45.503,indoor_world,differential_drive_robot,1.7719806498971917,-2.1046728028494282e-07,0.001000712055444961,-5.476798703652434e-10,-0.001666739589068592,-5.686580386913564e-08,0.9999986109886048
45,523000000,45.523,indoor_world,differential_drive_robot,1.7719806498971917,-2.1046728028494282e-07,0.001000712055444961,-5.476798703652434e-10,-0.001666739589068592,-5.686580386913564e-08,0.9999986109886048
45,543000000,45.543,indoor_world,differential_drive_robot,1.7719806498971917,-2.1046728028494282e-07,0.001000712055444961,-5.476798703652434e-10,-0.001666739589068592,-5.686580386913564e-08,0.9999986109886048
45,563000000,45.563,indoor_world,differential_drive_robot,1.7719806498971917,-2.1046728028494282e-07,0.001000712055444961,-5.476798703652434e-10,-0.001666739589068592,-5.686580386913564e-08,0.9999986109886048
45,583000000,45.583,indoor_world,differential_drive_robot,1.7719806498971917,-2.1046728028494282e-07,0.001000712055444961,-5.476798703652434e-10,-0.001666739589068592,-5.686580386913564e-08,0.9999986109886048
45,603000000,45.603,indoor_world,differential_drive_robot,1.7719806498971917,-2.1046728028494282e-07,0.001000712055444961,-5.476798703652434e-10,-0.001666739589068592,-5.686580386913564e-08,0.9999986109886048
45,623000000,45.623,indoor_world,differential_drive_robot,1.7719806498971917,-2.1046728028494282e-07,0.001000712055444961,-5.476798703652434e-10,-0.001666739589068592,-5.686580386913564e-08,0.9999986109886048
45,643000000,45.643,indoor_world,differential_drive_robot,1.7719806498971917,-2.1046728028494282e-07,0.001000712055444961,-5.476798703652434e-10,-0.001666739589068592,-5.686580386913564e-08,0.9999986109886048
45,663000000,45.663,indoor_world,differential_drive_robot,1.7719806498971917,-2.1046728028494282e-07,0.001000712055444961,-5.476798703652434e-10,-0.001666739589068592,-5.686580386913564e-08,0.9999986109886048
45,683000000,45.683,indoor_world,differential_drive_robot,1.7719806498971917,-2.1046728028494282e-07,0.001000712055444961,-5.476798703652434e-10,-0.001666739589068592,-5.686580386913564e-08,0.9999986109886048
45,703000000,45.703,indoor_world,differential_drive_robot,1.7719806498971917,-2.1046728028494282e-07,0.001000712055444961,-5.476798703652434e-10,-0.001666739589068592,-5.686580386913564e-08,0.9999986109886048
45,723000000,45.723,indoor_world,differential_drive_robot,1.7719806498971917,-2.1046728028494282e-07,0.001000712055444961,-5.476798703652434e-10,-0.001666739589068592,-5.686580386913564e-08,0.9999986109886048
45,743000000,45.743,indoor_world,differential_drive_robot,1.7719806498971917,-2.1046728028494282e-07,0.001000712055444961,-5.476798703652434e-10,-0.001666739589068592,-5.686580386913564e-08,0.9999986109886048
45,763000000,45.763,indoor_world,differential_drive_robot,1.7719806498971917,-2.1046728028494282e-07,0.001000712055444961,-5.476798703652434e-10,-0.001666739589068592,-5.686580386913564e-08,0.9999986109886048
45,783000000,45.783,indoor_world,differential_drive_robot,1.7719806498971917,-2.1046728028494282e-07,0.001000712055444961,-5.476798703652434e-10,-0.001666739589068592,-5.686580386913564e-08,0.9999986109886048
45,803000000,45.803,indoor_world,differential_drive_robot,1.7719806498971917,-2.1046728028494282e-07,0.001000712055444961,-5.476798703652434e-10,-0.001666739589068592,-5.686580386913564e-08,0.9999986109886048
45,823000000,45.823,indoor_world,differential_drive_robot,1.7719806498971917,-2.1046728028494282e-07,0.001000712055444961,-5.476798703652434e-10,-0.001666739589068592,-5.686580386913564e-08,0.9999986109886048
45,843000000,45.843,indoor_world,differential_drive_robot,1.7719806498971917,-2.1046728028494282e-07,0.001000712055444961,-5.476798703652434e-10,-0.001666739589068592,-5.686580386913564e-08,0.9999986109886048
45,863000000,45.863,indoor_world,differential_drive_robot,1.7719806498971917,-2.1046728028494282e-07,0.001000712055444961,-5.476798703652434e-10,-0.001666739589068592,-5.686580386913564e-08,0.9999986109886048
45,883000000,45.883,indoor_world,differential_drive_robot,1.7719806498971917,-2.1046728028494282e-07,0.001000712055444961,-5.476798703652434e-10,-0.001666739589068592,-5.686580386913564e-08,0.9999986109886048
45,903000000,45.903,indoor_world,differential_drive_robot,1.7719806498971917,-2.1046728028494282e-07,0.001000712055444961,-5.476798703652434e-10,-0.001666739589068592,-5.686580386913564e-08,0.9999986109886048
45,923000000,45.923,indoor_world,differential_drive_robot,1.7719806498971917,-2.1046728028494282e-07,0.001000712055444961,-5.476798703652434e-10,-0.001666739589068592,-5.686580386913564e-08,0.9999986109886048
45,943000000,45.943,indoor_world,differential_drive_robot,1.7719806498971917,-2.1046728028494282e-07,0.001000712055444961,-5.476798703652434e-10,-0.001666739589068592,-5.686580386913564e-08,0.9999986109886048
45,963000000,45.963,indoor_world,differential_drive_robot,1.7719806498971917,-2.1046728028494282e-07,0.001000712055444961,-5.476798703652434e-10,-0.001666739589068592,-5.686580386913564e-08,0.9999986109886048
45,983000000,45.983,indoor_world,differential_drive_robot,1.7719806498971917,-2.1046728028494282e-07,0.001000712055444961,-5.476798703652434e-10,-0.001666739589068592,-5.686580386913564e-08,0.9999986109886048
46,3000000,46.003,indoor_world,differential_drive_robot,1.7719806498971917,-2.1046728028494282e-07,0.001000712055444961,-5.476798703652434e-10,-0.001666739589068592,-5.686580386913564e-08,0.9999986109886048
46,23000000,46.023,indoor_world,differential_drive_robot,1.7719806498971917,-2.1046728028494282e-07,0.001000712055444961,-5.476798703652434e-10,-0.001666739589068592,-5.686580386913564e-08,0.9999986109886048
46,43000000,46.043,indoor_world,differential_drive_robot,1.7719806498971917,-2.1046728028494282e-07,0.001000712055444961,-5.476798703652434e-10,-0.001666739589068592,-5.686580386913564e-08,0.9999986109886048
46,63000000,46.063,indoor_world,differential_drive_robot,1.7719806498971917,-2.1046728028494282e-07,0.001000712055444961,-5.476798703652434e-10,-0.001666739589068592,-5.686580386913564e-08,0.9999986109886048
46,83000000,46.083,indoor_world,differential_drive_robot,1.7719806498971917,-2.1046728028494282e-07,0.001000712055444961,-5.476798703652434e-10,-0.001666739589068592,-5.686580386913564e-08,0.9999986109886048
46,103000000,46.103,indoor_world,differential_drive_robot,1.7719806498971917,-2.1046728028494282e-07,0.001000712055444961,-5.476798703652434e-10,-0.001666739589068592,-5.686580386913564e-08,0.9999986109886048
46,123000000,46.123,indoor_world,differential_drive_robot,1.7719806498971917,-2.1046728028494282e-07,0.001000712055444961,-5.476798703652434e-10,-0.001666739589068592,-5.686580386913564e-08,0.9999986109886048
46,143000000,46.143,indoor_world,differential_drive_robot,1.7719806498971917,-2.1046728028494282e-07,0.001000712055444961,-5.476798703652434e-10,-0.001666739589068592,-5.686580386913564e-08,0.9999986109886048
46,163000000,46.163,indoor_world,differential_drive_robot,1.7719806498971917,-2.1046728028494282e-07,0.001000712055444961,-5.476798703652434e-10,-0.001666739589068592,-5.686580386913564e-08,0.9999986109886048
46,183000000,46.183,indoor_world,differential_drive_robot,1.7719806498971917,-2.1046728028494282e-07,0.001000712055444961,-5.476798703652434e-10,-0.001666739589068592,-5.686580386913564e-08,0.9999986109886048
46,203000000,46.203,indoor_world,differential_drive_robot,1.7719806498971917,-2.1046728028494282e-07,0.001000712055444961,-5.476798703652434e-10,-0.001666739589068592,-5.686580386913564e-08,0.9999986109886048
46,223000000,46.223,indoor_world,differential_drive_robot,1.7719806498971917,-2.1046728028494282e-07,0.001000712055444961,-5.476798703652434e-10,-0.001666739589068592,-5.686580386913564e-08,0.9999986109886048
46,243000000,46.243,indoor_world,differential_drive_robot,1.7719806498971917,-2.1046728028494282e-07,0.001000712055444961,-5.476798703652434e-10,-0.001666739589068592,-5.686580386913564e-08,0.9999986109886048
46,263000000,46.263,indoor_world,differential_drive_robot,1.7719806498971917,-2.1046728028494282e-07,0.001000712055444961,-5.476798703652434e-10,-0.001666739589068592,-5.686580386913564e-08,0.9999986109886048
46,283000000,46.283,indoor_world,differential_drive_robot,1.7719806498971917,-2.1046728028494282e-07,0.001000712055444961,-5.476798703652434e-10,-0.001666739589068592,-5.686580386913564e-08,0.9999986109886048
46,303000000,46.303,indoor_world,differential_drive_robot,1.7719806498971917,-2.1046728028494282e-07,0.001000712055444961,-5.476798703652434e-10,-0.001666739589068592,-5.686580386913564e-08,0.9999986109886048
46,323000000,46.323,indoor_world,differential_drive_robot,1.7719806498971917,-2.1046728028494282e-07,0.001000712055444961,-5.476798703652434e-10,-0.001666739589068592,-5.686580386913564e-08,0.9999986109886048
46,343000000,46.343,indoor_world,differential_drive_robot,1.7719806498971917,-2.1046728028494282e-07,0.001000712055444961,-5.476798703652434e-10,-0.001666739589068592,-5.686580386913564e-08,0.9999986109886048
46,363000000,46.363,indoor_world,differential_drive_robot,1.7719806498971917,-2.1046728028494282e-07,0.001000712055444961,-5.476798703652434e-10,-0.001666739589068592,-5.686580386913564e-08,0.9999986109886048
46,383000000,46.383,indoor_world,differential_drive_robot,1.7719806498971917,-2.1046728028494282e-07,0.001000712055444961,-5.476798703652434e-10,-0.001666739589068592,-5.686580386913564e-08,0.9999986109886048
46,403000000,46.403,indoor_world,differential_drive_robot,1.7719806498971917,-2.1046728028494282e-07,0.001000712055444961,-5.476798703652434e-10,-0.001666739589068592,-5.686580386913564e-08,0.9999986109886048
46,423000000,46.423,indoor_world,differential_drive_robot,1.7719806498971917,-2.1046728028494282e-07,0.001000712055444961,-5.476798703652434e-10,-0.001666739589068592,-5.686580386913564e-08,0.9999986109886048
46,443000000,46.443,indoor_world,differential_drive_robot,1.7719806498971917,-2.1046728028494282e-07,0.001000712055444961,-5.476798703652434e-10,-0.001666739589068592,-5.686580386913564e-08,0.9999986109886048
46,463000000,46.463,indoor_world,differential_drive_robot,1.7719806498971917,-2.1046728028494282e-07,0.001000712055444961,-5.476798703652434e-10,-0.001666739589068592,-5.686580386913564e-08,0.9999986109886048
46,483000000,46.483,indoor_world,differential_drive_robot,1.7719806498971917,-2.1046728028494282e-07,0.001000712055444961,-5.476798703652434e-10,-0.001666739589068592,-5.686580386913564e-08,0.9999986109886048
46,503000000,46.503,indoor_world,differential_drive_robot,1.7719806498971917,-2.1046728028494282e-07,0.001000712055444961,-5.476798703652434e-10,-0.001666739589068592,-5.686580386913564e-08,0.9999986109886048
46,523000000,46.523,indoor_world,differential_drive_robot,1.7719806498971917,-2.1046728028494282e-07,0.001000712055444961,-5.476798703652434e-10,-0.001666739589068592,-5.686580386913564e-08,0.9999986109886048
46,543000000,46.543,indoor_world,differential_drive_robot,1.7719806498971917,-2.1046728028494282e-07,0.001000712055444961,-5.476798703652434e-10,-0.001666739589068592,-5.686580386913564e-08,0.9999986109886048
46,563000000,46.563,indoor_world,differential_drive_robot,1.7719806498971917,-2.1046728028494282e-07,0.001000712055444961,-5.476798703652434e-10,-0.001666739589068592,-5.686580386913564e-08,0.9999986109886048
46,583000000,46.583,indoor_world,differential_drive_robot,1.7719806498971917,-2.1046728028494282e-07,0.001000712055444961,-5.476798703652434e-10,-0.001666739589068592,-5.686580386913564e-08,0.9999986109886048
46,603000000,46.603,indoor_world,differential_drive_robot,1.7719806498971917,-2.1046728028494282e-07,0.001000712055444961,-5.476798703652434e-10,-0.001666739589068592,-5.686580386913564e-08,0.9999986109886048
46,623000000,46.623,indoor_world,differential_drive_robot,1.7719806498971917,-2.1046728028494282e-07,0.001000712055444961,-5.476798703652434e-10,-0.001666739589068592,-5.686580386913564e-08,0.9999986109886048
46,643000000,46.643,indoor_world,differential_drive_robot,1.7719806498971917,-2.1046728028494282e-07,0.001000712055444961,-5.476798703652434e-10,-0.001666739589068592,-5.686580386913564e-08,0.9999986109886048
46,663000000,46.663,indoor_world,differential_drive_robot,1.7719806498971917,-2.1046728028494282e-07,0.001000712055444961,-5.476798703652434e-10,-0.001666739589068592,-5.686580386913564e-08,0.9999986109886048
46,683000000,46.683,indoor_world,differential_drive_robot,1.7719806498971917,-2.1046728028494282e-07,0.001000712055444961,-5.476798703652434e-10,-0.001666739589068592,-5.686580386913564e-08,0.9999986109886048
46,703000000,46.703,indoor_world,differential_drive_robot,1.7719806498971917,-2.1046728028494282e-07,0.001000712055444961,-5.476798703652434e-10,-0.001666739589068592,-5.686580386913564e-08,0.9999986109886048
46,723000000,46.723,indoor_world,differential_drive_robot,1.7719806498971917,-2.1046728028494282e-07,0.001000712055444961,-5.476798703652434e-10,-0.001666739589068592,-5.686580386913564e-08,0.9999986109886048
46,743000000,46.743,indoor_world,differential_drive_robot,1.7724022484537765,-2.105521044958753e-07,0.001000845662639236,-5.714965693978743e-10,-0.0016666348428515808,-5.685938184865247e-08,0.9999986111631842
46,763000000,46.763,indoor_world,differential_drive_robot,1.774834546958803,-2.1104953661939635e-07,0.0010008464687447337,-5.987803177446773e-10,-0.0016666348963357421,-5.68358157694477e-08,0.9999986111630951
46,783000000,46.783,indoor_world,differential_drive_robot,1.7794285541061234,-2.1201691507483191e-07,0.0010008477456258124,-6.306079614971451e-10,-0.0016666338984393568,-5.684351222431456e-08,0.9999986111647582
46,803000000,46.803,indoor_world,differential_drive_robot,1.7861568562932664,-2.133245504275867e-07,0.0010008491394468304,-6.579860886699369e-10,-0.0016666324120488837,-5.712434635958523e-08,0.9999986111672355
46,823000000,46.823,indoor_world,differential_drive_robot,1.7950022628484876,-2.148849068814584e-07,0.0010008504307381675,-6.811388571038849e-10,-0.0016666309437720283,-5.780991872802826e-08,0.9999986111696825
46,843000000,46.843,indoor_world,differential_drive_robot,1.8050001101549389,-2.1612955499842665e-07,0.0010008516451891956,-6.61788536754986e-10,-0.0016666280923132981,-5.795267224863331e-08,0.9999986111744349
46,863000000,46.863,indoor_world,differential_drive_robot,1.8150001139938474,-2.172886668988248e-07,0.0010008527381395523,-6.431960506037578e-10,-0.0016666254988869586,-5.7952703798546754e-08,0.9999986111787571
46,883000000,46.883,indoor_world,differential_drive_robot,1.8250001179702475,-2.1844777198728915e-07,0.0010008537017279666,-6.279893912128351e-10,-0.0016666232614167076,-5.795272960476471e-08,0.9999986111824861
46,903000000,46.903,indoor_world,differential_drive_robot,1.8350001220665273,-2.1960687149225846e-07,0.0010008545315218565,-6.155520259062612e-10,-0.0016666213618109578,-5.795275069198752e-08,0.999998611185652
46,923000000,46.923,indoor_world,differential_drive_robot,1.8450001262645306,-2.2076596641048343e-07,0.0010008552237106658,-6.053796900616696e-10,-0.0016666197855815259,-5.795276788673002e-08,0.999998611188279
46,943000000,46.943,indoor_world,differential_drive_robot,1.8550001305456423,-2.2192505756521666e-07,0.0010008557751177668,-5.970599517607891e-10,-0.001666618520978512,-5.795278187985246e-08,0.9999986111903867
46,963000000,46.963,indoor_world,differential_drive_robot,1.8650001348908707,-2.2308414562109573e-07,0.0010008561832104501,-5.902554550859374e-10,-0.0016666175582822648,-5.795279322343528e-08,0.9999986111919912
46,983000000,46.983,indoor_world,differential_drive_robot,1.8750001392809328,-2.2424323112526958e-07,0.0010008564461078235,-5.846902909969414e-10,-0.0016666168892247848,-5.795280237662262e-08,0.9999986111931063
47,3000000,47.003,indoor_world,differential_drive_robot,1.8850001436963426,-2.254023145238422e-07,0.0010008565625864191,-5.801387838108801e-10,-0.0016666165065178605,-5.795280971406046e-08,0.9999986111937441
47,23000000,47.023,indoor_world,differential_drive_robot,1.8950001481174987,-2.2656139618094952e-07,0.0010008565320833666,-5.764163607050317e-10,-0.0016666164034695027,-5.795281554238856e-08,0.9999986111939159
47,43000000,47.043,indoor_world,differential_drive_robot,1.9050001524967224,-2.2772393162334512e-07,0.001000856355899132,-5.733167653561544e-10,-0.0016666165716665452,-5.7958548094892656e-08,0.9999986111936355
47,63000000,47.063,indoor_world,differential_drive_robot,1.9150001565677433,-2.2890094101231458e-07,0.0010008560458960934,-5.697538276163448e-10,-0.0016666169861999554,-5.798756357003766e-08,0.9999986111929446
47,83000000,47.083,indoor_world,differential_drive_robot,1.9250001605130662,-2.3005501676314705e-07,0.001000855604587688,-5.653463146974982e-10,-0.0016666176386981616,-5.797823104612163e-08,0.9999986111918572
47,103000000,47.103,indoor_world,differential_drive_robot,1.9350001643900478,-2.3120899149597184e-07,0.0010008550323453048,-5.602199631045712e-10,-0.0016666185251256005,-5.7969037982412506e-08,0.9999986111903797
47,123000000,47.123,indoor_world,differential_drive_robot,1.9450001681802682,-2.3236289026195185e-07,0.0010008543305034502,-5.54423304128802e-10,-0.001666619640460933,-5.796002096557949e-08,0.9999986111885208
47,143000000,47.143,indoor_world,differential_drive_robot,1.9550001718656782,-2.335167391409499e-07,0.0010008535013137847,-5.479913943147295e-10,-0.0016666209786603391,-5.795121704576558e-08,0.9999986111862906
47,163000000,47.163,indoor_world,differential_drive_robot,1.9650001754286937,-2.3467056561543512e-07,0.0010008525479060228,-5.409451373443087e-10,-0.0016666225326301728,-5.7942664333760757e-08,0.9999986111837007
47,183000000,47.183,indoor_world,differential_drive_robot,1.9750001788522835,-2.3582439904894702e-07,0.001000851474255645,-5.332901373517293e-10,-0.001666624294205092,-5.793440274939324e-08,0.9999986111807648
47,203000000,47.203,indoor_world,differential_drive_robot,1.98500018212006,-2.369782712618145e-07,0.001000850285159219,-5.250149114590364e-10,-0.0016666262541273106,-5.792647490363451e-08,0.9999986111774984
47,223000000,47.223,indoor_world,differential_drive_robot,1.9950001852163637,-2.3813221728286125e-07,0.0010008489862190042,-5.160881896844288e-10,-0.001666628402021618,-5.7918927239137165e-08,0.9999986111739186
47,243000000,47.243,indoor_world,differential_drive_robot,2.0050001881263495,-2.392862762958917e-07,0.0010008475838400464,-5.0645478562747e-10,-0.0016666307263587755,-5.791181145032345e-08,0.9999986111700448
47,263000000,47.263,indoor_world,differential_drive_robot,2.0150001908360706,-2.404404929153826e-07,0.00100084608524527,-4.960294453851444e-10,-0.0016666332143964215,-5.790518639381477e-08,0.9999986111658983
47,283000000,47.283,indoor_world,differential_drive_robot,2.0250001933325663,-2.4159491889272395e-07,0.0010008444985180605,-4.846874100888725e-10,-0.0016666358520802285,-5.789912063722981e-08,0.9999986111615021
47,303000000,47.303,indoor_world,differential_drive_robot,2.0350001956039447,-2.427496154727716e-07,0.0010008428326889354,-4.722497312076178e-10,-0.0016666386238765665,-5.789369598288556e-08,0.9999986111568826
47,323000000,47.323,indoor_world,differential_drive_robot,2.045000197639481,-2.439046568067152e-07,0.0010008410978964415,-4.5845954774076223e-10,-0.0016666415124853213,-5.7889012594320734e-08,0.9999986111520683
47,343000000,47.343,indoor_world,differential_drive_robot,2.055000199429725,-2.450601350185962e-07,0.0010008393056800265,-4.429422562820348e-10,-0.0016666444983357805,-5.7885196642787815e-08,0.999998611147092
47,363000000,47.363,indoor_world,differential_drive_robot,2.0650002009666326,-2.462161681552603e-07,0.0010008374695230382,-4.2513467464904257e-10,-0.0016666475586677191,-5.7882412384910645e-08,0.9999986111419914
47,383000000,47.383,indoor_world,differential_drive_robot,2.0750002022437477,-2.4737291336528196e-07,0.0010008356059100923,-4.0414942523926754e-10,-0.0016666506657560215,-5.788088232343796e-08,0.999998611136813
47,403000000,47.403,indoor_world,differential_drive_robot,2.0850002032564885,-2.485305906227704e-07,0.001000833736562538,-3.7848826254138655e-10,-0.0016666537831703657,-5.7880923776420693e-08,0.9999986111316174
47,423000000,47.423,indoor_world,differential_drive_robot,2.0950002040026785,-2.4968953028577785e-07,0.001000831893813765,-3.4534298921292834e-10,-0.0016666568567946201,-5.788302272821152e-08,0.9999986111264947
47,443000000,47.443,indoor_world,differential_drive_robot,2.1050002044837255,-2.508502858937432e-07,0.0010008301365555968,-2.9846622370598025e-10,-0.001666659788199484,-5.788801015365512e-08,0.999998611121609
47,463000000,47.463,indoor_world,differential_drive_robot,2.1150002045758183,-2.520001929096988e-07,0.0010008287565503157,-1.9870774360747046e-10,-0.0016666620902094497,-5.787500191281069e-08,0.9999986111177724
47,483000000,47.483,indoor_world,differential_drive_robot,2.1250002045368643,-2.531563014831812e-07,0.0010008289504869982,-7.3229175517837e-11,-0.0016666617649307347,-5.7872534107744274e-08,0.9999986111183146
47,503000000,47.503,indoor_world,differential_drive_robot,2.1350002047223784,-2.543139137631125e-07,0.001000830208376543,6.873863812747829e-12,-0.0016666596637030958,-5.787266826046949e-08,0.9999986111218165
47,523000000,47.523,indoor_world,differential_drive_robot,2.1450002052023485,-2.554714969348224e-07,0.0010008316277968622,7.239059875775081e-11,-0.0016666572930320207,-5.787277817159466e-08,0.9999986111257676
47,543000000,47.543,indoor_world,differential_drive_robot,2.155000205974525,-2.566290563065315e-07,0.0010008331675471485,1.2597707292244734e-10,-0.001666654721659466,-5.787286825250858e-08,0.9999986111300533
47,563000000,47.563,indoor_world,differential_drive_robot,2.165000207035378,-2.5778659622117525e-07,0.0010008347922460625,1.6980569105848752e-10,-0.0016666520086195031,-5.7872942113872594e-08,0.9999986111345749
47,583000000,47.583,indoor_world,differential_drive_robot,2.1750002083801143,-2.5894412022841596e-07,0.001000836471331902,2.056532702911257e-10,-0.0016666492049061286,-5.7873002705096085e-08,0.9999986111392477
47,603000000,47.603,indoor_world,differential_drive_robot,2.1850002100026926,-2.60101631231785e-07,0.0010008381782520325,2.349730916825578e-10,-0.001666646354825374,-5.787305243949778e-08,0.9999986111439978
47,623000000,47.623,indoor_world,differential_drive_robot,2.1950002118958505,-2.612591316078057e-07,0.001000839889806836,2.589537981266741e-10,-0.001666643497089641,-5.7873093294239306e-08,0.9999986111487607
47,643000000,47.643,indoor_world,differential_drive_robot,2.205000214051131,-2.6241662329222226e-07,0.001000841585619705,2.7856758733515584e-10,-0.0016666406657017704,-5.7873126873767106e-08,0.9999986111534797
47,663000000,47.663,indoor_world,differential_drive_robot,2.2150002164589204,-2.635741078744179e-07,0.001000843247709763,2.94609630600798e-10,-0.0016666378906677749,-5.7873154501378284e-08,0.9999986111581046
47,683000000,47.683,indoor_world,differential_drive_robot,2.2250002191084923,-2.647315866493694e-07,0.0010008448601482515,3.0773030707203413e-10,-0.0016666351985699804,-5.7873177251703674e-08,0.9999986111625914
47,703000000,47.703,indoor_world,differential_drive_robot,2.2350002219880483,-2.6588906067568976e-07,0.0010008464087828922,3.1846156620088887e-10,-0.0016666326130267807,-5.787319600359606e-08,0.9999986111669005
47,723000000,47.723,indoor_world,differential_drive_robot,2.2450002250847727,-2.670465308176313e-07,0.0010008478810174548,3.2723849255013976e-10,-0.001666630155060316,-5.787321147437361e-08,0.999998611170997
47,743000000,47.743,indoor_world,differential_drive_robot,2.2550002283848904,-2.6820399778921805e-07,0.0010008492656359866,3.344169518640685e-10,-0.0016666278433896287,-5.7873224263325944e-08,0.9999986111748497
47,763000000,47.763,indoor_world,differential_drive_robot,2.2650002318737243,-2.6936146216440463e-07,0.0010008505526631095,3.402879937053453e-10,-0.0016666256946636828,-5.7873234844577e-08,0.9999986111784308
47,783000000,47.783,indoor_world,differential_drive_robot,2.27500023553576,-2.705189244136302e-07,0.001000851733253323,3.4508969015333236e-10,-0.0016666237236459768,-5.7873243608855726e-08,0.9999986111817157
47,803000000,47.803,indoor_world,differential_drive_robot,2.2843825010993766,-2.723100223379e-07,0.001557069005066525,-1.1686329682689917e-09,-0.0007327948296738389,-5.899976893496768e-08,0.999999731505831
47,823000000,47.823,indoor_world,differential_drive_robot,2.29392110859529,-2.746405425130935e-07,0.0019254221576665224,-3.463096821174596e-09,-0.00011963672325716258,-6.096659747143731e-08,0.9999999928435255
47,843000000,47.843,indoor_world,differential_drive_robot,2.3038285810697174,-2.768722984513511e-07,0.001994511824467459,-4.90467605861045e-09,-5.326748594212295e-06,-6.263683803749864e-08,0.9999999999858109
47,863000000,47.863,indoor_world,differential_drive_robot,2.3138285852648064,-2.781252046572643e-07,0.00199551574449207,-3.927529689671119e-09,-4.346535436401908e-06,-6.263710504826264e-08,0.9999999999905518
47,883000000,47.883,indoor_world,differential_drive_robot,2.323828589542855,-2.7937808368787306e-07,0.0019963368453819403,-3.1283136199971697e-09,-3.5448334614436996e-06,-6.26373220571788e-08,0.9999999999937151
47,903000000,47.903,indoor_world,differential_drive_robot,2.333828593885555,-2.806309410531303e-07,0.0019970083888694637,-2.4746282571124972e-09,-2.8891840543504935e-06,-6.263749863372881e-08,0.9999999999958243
47,923000000,47.923,indoor_world,differential_drive_robot,2.343828598274085,-2.8188378107055444e-07,0.0019975575801847683,-1.939973708641988e-09,-2.353038787120481e-06,-6.263764244667617e-08,0.9999999999972297
47,943000000,47.943,indoor_world,differential_drive_robot,2.353828602689271,-2.8313660714436465e-07,0.00199800667101177,-1.5026754731513537e-09,-1.9146830068644298e-06,-6.263775966197513e-08,0.999999999998165
47,963000000,47.963,indoor_world,differential_drive_robot,2.3638286071117167,-2.8438942197373424e-07,0.001998373861607384,-1.1450058044475033e-09,-1.5563554333987374e-06,-6.26378552518029e-08,0.9999999999987869
47,983000000,47.983,indoor_world,differential_drive_robot,2.373828611521924,-2.856422277109988e-07,0.001998674038652684,-8.524650024879987e-10,-1.2635280751007554e-06,-6.263793323850104e-08,0.9999999999991998
48,3000000,48.003,indoor_world,differential_drive_robot,2.3838286159004034,-2.8689502607672336e-07,0.0019989193787462774,-6.131936522981961e-10,-1.0243172713056236e-06,-6.263799687778934e-08,0.9999999999994734
48,23000000,48.023,indoor_world,differential_drive_robot,2.393828620227773,-2.8814781845198845e-07,0.001999119842004352,-4.1749184672928277e-10,-8.290019846894545e-07,-6.263804881093661e-08,0.9999999999996544
48,43000000,48.043,indoor_world,differential_drive_robot,2.4038286244848575,-2.894006059519071e-07,0.0019992835757770755,-2.5742591777452963e-10,-6.696298151452747e-07,-6.263809118915918e-08,0.9999999999997738
48,63000000,48.063,indoor_world,differential_drive_robot,2.4138286286527766,-2.906533894727038e-07,0.0019994172448477682,-1.2650688718383205e-10,-5.39694762447696e-07,-6.263812575590091e-08,0.9999999999998523
48,83000000,48.083,indoor_world,differential_drive_robot,2.4238286327130356,-2.9190616974197746e-07,0.0019995263015010617,-1.9427326799547845e-11,-4.3387367357153055e-07,-6.263815393542398e-08,0.9999999999999039
48,103000000,48.103,indoor_world,differential_drive_robot,2.4338286366476147,-2.931589473489973e-07,0.0019996152064089166,6.815372947609121e-11,-3.4781068934893856e-07,-6.263817688799874e-08,0.9999999999999375
48,123000000,48.123,indoor_world,differential_drive_robot,2.4438286404390404,-2.944117227715952e-07,0.0019996876092896335,1.3978680977935352e-10,-2.779409508665405e-07,-6.263819555955552e-08,0.9999999999999594
48,143000000,48.143,indoor_world,differential_drive_robot,2.4538286440704784,-2.956644963990212e-07,0.0019997464966644853,1.9837591973417203e-10,-2.2134641734597556e-07,-6.263821072373881e-08,0.9999999999999735
48,163000000,48.163,indoor_world,differential_drive_robot,2.4638286475257987,-2.9691726854569217e-07,0.0019997943127027826,2.4629626632849097e-10,-1.7563794891491544e-07,-6.263822300899149e-08,0.9999999999999826
48,183000000,48.183,indoor_world,differential_drive_robot,2.4738286507896534,-2.9817003947093217e-07,0.0019998330580554185,2.854905554761081e-10,-1.3885887218712517e-07,-6.263823293442524e-08,0.9999999999999883
48,203000000,48.203,indoor_world,differential_drive_robot,2.4838286538475423,-2.994228093868503e-07,0.0019998643706846714,3.1754775177543163e-10,-1.0940611732835244e-07,-6.263824092583085e-08,0.999999999999992
48,223000000,48.223,indoor_world,differential_drive_robot,2.4938286566858827,-3.0067557846073364e-07,0.0019998895919683176,3.43767462608132e-10,-8.59657275036342e-08,-6.263824732222279e-08,0.9999999999999943
48,243000000,48.243,indoor_world,differential_drive_robot,2.5038286592920627,-3.019283468328694e-07,0.0019999098207591896,3.6521266848879176e-10,-6.746012402210445e-08,-6.263825240757932e-08,0.9999999999999958
48,263000000,48.263,indoor_world,differential_drive_robot,2.513828661654503,-3.0318111461493947e-07,0.001999925957593222,3.8275278546765333e-10,-5.300498694089804e-08,-6.263825640961289e-08,0.9999999999999966
48,283000000,48.283,indoor_world,differential_drive_robot,2.523828663762707,-3.044338819023596e-07,0.0019999387408395873,3.9709891947006354e-10,-4.187400058276182e-08,-6.263825952215831e-08,0.9999999999999971
48,303000000,48.303,indoor_world,differential_drive_robot,2.5338286656051836,-3.056881050374661e-07,0.001999948777337582,4.060953013759559e-10,-3.3468236321990504e-08,-6.264068827955997e-08,0.9999999999999974
48,323000000,48.323,indoor_world,differential_drive_robot,2.54382866658953,-3.069030477859642e-07,0.0019999568068468855,3.538273125362353e-10,-2.6892123414527025e-08,-6.257800382986505e-08,0.9999999999999977
48,343000000,48.343,indoor_world,differential_drive_robot,2.5538286661994953,-3.080939781989704e-07,0.0019999633742383426,2.757547384303458e-10,-2.1513475364196164e-08,-6.24788716200945e-08,0.9999999999999978
48,363000000,48.363,indoor_world,differential_drive_robot,2.563828665242472,-3.0934693233693233e-07,0.0019999688484489235,1.5567790946817241e-10,-1.6943083800794082e-08,-6.248436771896761e-08,0.9999999999999979
48,383000000,48.383,indoor_world,differential_drive_robot,2.5738286645209185,-3.105966206060293e-07,0.0019999737263251506,4.328709710161159e-11,-1.253746014412236e-08,-6.248436938242221e-08,0.999999999999998
48,403000000,48.403,indoor_world,differential_drive_robot,2.5838286640915955,-3.118463089855915e-07,0.001999978132434945,-4.8638114009243966e-11,-8.239968304793963e-09,-6.248437111163987e-08,0.999999999999998
48,423000000,48.423,indoor_world,differential_drive_robot,2.5938286639564065,-3.1309599746418184e-07,0.001999982146353362,-1.238243828845755e-10,-4.0414688071583426e-09,-6.248437288539349e-08,0.999999999999998
48,443000000,48.443,indoor_world,differential_drive_robot,2.603828664115951,-3.1434568603093753e-07,0.001999985831343257,-1.8531977996362526e-10,6.247671426982518e-11,-6.248437468429026e-08,0.999999999999998
48,463000000,48.463,indoor_world,differential_drive_robot,2.6138286645695183,-3.155953746755817e-07,0.001999989237361868,-2.3561733666758663e-10,4.07252192985943e-09,-6.248437649089541e-08,0.999999999999998
48,483000000,48.483,indoor_world,differential_drive_robot,2.6238286653150884,-3.168450633903763e-07,0.001999992403527812,-2.7675610627710354e-10,7.98629856795585e-09,-6.248437829270446e-08,0.999999999999998
48,503000000,48.503,indoor_world,differential_drive_robot,2.633828666349348,-3.180947521621763e-07,0.001999995360146627,-3.1040388650643375e-10,1.1799053185712729e-08,-6.248438006899367e-08,0.999999999999998
48,523000000,48.523,indoor_world,differential_drive_robot,2.643828667667699,-3.193444409822364e-07,0.001999998130374971,-3.379247491936453e-10,1.550418049112937e-08,-6.248438180729132e-08,0.9999999999999979
48,543000000,48.543,indoor_world,differential_drive_robot,2.653828669264282,-3.20594129843605e-07,0.002000000731589023,-3.60434367208722e-10,1.9093671613571367e-08,-6.248438349864884e-08,0.9999999999999979
48,563000000,48.563,indoor_world,differential_drive_robot,2.663828671132001,-3.218438187398389e-07,0.0020000031765106713,-3.7884527472315075e-10,2.2558492365421307e-08,-6.248438513550742e-08,0.9999999999999978
48,583000000,48.583,indoor_world,differential_drive_robot,2.6738286732625554,-3.2309350765872273e-07,0.002000005474135234,-3.9390383301041667e-10,2.5888903613371464e-08,-6.248438670136871e-08,0.9999999999999977
48,603000000,48.603,indoor_world,differential_drive_robot,2.683828675646476,-3.2434319659310534e-07,0.0020000076304965164,-4.0622049828911657e-10,2.9074733780116072e-08,-6.24843881888317e-08,0.9999999999999977
48,623000000,48.623,indoor_world,differential_drive_robot,2.6938286782731713,-3.2559288553443515e-07,0.0020000096492984454,-4.1629456105193625e-10,3.210561151013422e-08,-6.248438958860756e-08,0.9999999999999976
48,643000000,48.643,indoor_world,differential_drive_robot,2.7038286811309677,-3.26842574475622e-07,0.0020000115324371446,-4.245344033192206e-10,3.497116510734556e-08,-6.24843908943892e-08,0.9999999999999974
48,663000000,48.663,indoor_world,differential_drive_robot,2.7138286842071646,-3.280922634110625e-07,0.0020000132804329864,-4.312740308023564e-10,3.766119401778578e-08,-6.248439210265082e-08,0.9999999999999973
48,683000000,48.683,indoor_world,differential_drive_robot,2.723828687488094,-3.293419523303409e-07,0.0020000148927885463,-4.367866392773846e-10,4.016581673200398e-08,-6.248439320234949e-08,0.9999999999999972
48,703000000,48.703,indoor_world,differential_drive_robot,2.7338286909591787,-3.3059164122847636e-07,0.002000016368285478,-4.4129566843905157e-10,4.247559860408059e-08,-6.248439419179622e-08,0.9999999999999971
48,723000000,48.723,indoor_world,differential_drive_robot,2.7438286946049923,-3.3184133009632103e-07,0.0020000177052309324,-4.4498388323573225e-10,4.4581662372909603e-08,-6.248439506287259e-08,0.999999999999997
48,743000000,48.743,indoor_world,differential_drive_robot,2.753828698409336,-3.330910189301683e-07,0.0020000189016622007,-4.480007585693337e-10,4.647578374266073e-08,-6.248439581662671e-08,0.999999999999997
48,763000000,48.763,indoor_world,differential_drive_robot,2.763828702355304,-3.343407077195014e-07,0.002000019955516655,-4.5046853352418833e-10,4.815047381249742e-08,-6.248439644315839e-08,0.9999999999999969
48,783000000,48.783,indoor_world,differential_drive_robot,2.773828706425365,-3.3559039645433895e-07,0.0020000208647727898,-4.524872064162511e-10,4.959904991636907e-08,-6.248439693391804e-08,0.9999999999999968
48,803000000,48.803,indoor_world,differential_drive_robot,2.7838287106014303,-3.368400851321588e-07,0.0020000216275670606,-4.5413856557120297e-10,5.081569601047122e-08,-6.24843972928944e-08,0.9999999999999968
48,823000000,48.823,indoor_world,differential_drive_robot,2.793828714864947,-3.3808977374461857e-07,0.0020000222422903702,-4.55489488864903e-10,5.1795513637253495e-08,-6.24843975145591e-08,0.9999999999999967
48,843000000,48.843,indoor_world,differential_drive_robot,2.8038287191969706,-3.393394622895262e-07,0.0020000227076673737,-4.5659471085302785e-10,5.253456422115231e-08,-6.248439760369816e-08,0.9999999999999967
48,863000000,48.863,indoor_world,differential_drive_robot,2.8138287235782515,-3.405891507598223e-07,0.0020000230228211604,-4.5749895666586443e-10,5.302990337293339e-08,-6.248439755699886e-08,0.9999999999999967
48,883000000,48.883,indoor_world,differential_drive_robot,2.823828727989323,-3.418388391512502e-07,0.002000023187325417,-4.5823882623248443e-10,5.327960772472021e-08,-6.248439737596587e-08,0.9999999999999967
48,903000000,48.903,indoor_world,differential_drive_robot,2.8338287324093496,-3.430885749019961e-07,0.002000023201788433,-4.586569198708781e-10,5.328369910311749e-08,-6.248447624688897e-08,0.9999999999999967
48,923000000,48.923,indoor_world,differential_drive_robot,2.8438287367967154,-3.443407661345526e-07,0.002000023075630157,-4.5790399955094595e-10,5.30570660645841e-08,-6.248859645158073e-08,0.9999999999999967
48,943000000,48.943,indoor_world,differential_drive_robot,2.8538287411219017,-3.455968575056173e-07,0.0020000228120760216,-4.5615632129894746e-10,5.260442070676159e-08,-6.249898153515709e-08,0.9999999999999967
48,963000000,48.963,indoor_world,differential_drive_robot,2.863828745363108,-3.4685722756797516e-07,0.0020000224116710724,-4.5349505443722527e-10,5.192612866485415e-08,-6.25160469684688e-08,0.9999999999999967
48,983000000,48.983,indoor_world,differential_drive_robot,2.873828749498816,-3.481222562045866e-07,0.0020000218757206673,-4.4998907313761777e-10,5.102392158248814e-08,-6.25401968010419e-08,0.9999999999999968
49,3000000,49.003,indoor_world,differential_drive_robot,2.883828753507808,-3.493923311783119e-07,0.0020000212062855414,-4.4569468688472366e-10,4.990087091406363e-08,-6.257183478384575e-08,0.9999999999999968
49,23000000,49.023,indoor_world,differential_drive_robot,2.893828757369187,-3.506678554001094e-07,0.002000020406175254,-4.406551787273058e-10,4.8561362278536644e-08,-6.261137630634113e-08,0.9999999999999969
49,43000000,49.043,indoor_world,differential_drive_robot,2.903828761062386,-3.519492552239469e-07,0.002000019478941043,-4.349000935376343e-10,4.7011071495507944e-08,-6.265926162866236e-08,0.9999999999999969
49,63000000,49.063,indoor_world,differential_drive_robot,2.913828764570383,-3.5323451254888206e-07,0.002000018428869334,-4.284441022277281e-10,4.525694392334335e-08,-6.271185830860514e-08,0.999999999999997
49,83000000,49.083,indoor_world,differential_drive_robot,2.923828767899001,-3.545039752262742e-07,0.002000017260977606,-4.2128526941286004e-10,4.330717952406605e-08,-6.273674114630862e-08,0.9999999999999971
49,103000000,49.103,indoor_world,differential_drive_robot,2.933828771040542,-3.5575589153761586e-07,0.0020000159810150135,-4.1340252488646033e-10,4.117122731407496e-08,-6.27320825940986e-08,0.9999999999999971
49,123000000,49.123,indoor_world,differential_drive_robot,2.9438287739967497,-3.5700619712892446e-07,0.0020000145954713815,-4.047518013319299e-10,3.8859794971921125e-08,-6.272496903339981e-08,0.9999999999999972
49,143000000,49.143,indoor_world,differential_drive_robot,2.9538287767552815,-3.582566418849153e-07,0.0020000131116001043,-3.952603611873335e-10,3.6384882572801623e-08,-6.271831743144206e-08,0.9999999999999973
49,163000000,49.163,indoor_world,differential_drive_robot,2.963828779302986,-3.5950727589466255e-07,0.002000011537463985,-3.848181583080448e-10,3.375985540300763e-08,-6.271219484134933e-08,0.9999999999999974
49,183000000,49.183,indoor_world,differential_drive_robot,2.9738287816277604,-3.607581580577242e-07,0.002000009882019202,-3.732644510569821e-10,3.0999580942120904e-08,-6.270668058161827e-08,0.9999999999999976
49,203000000,49.203,indoor_world,differential_drive_robot,2.9838287837186406,-3.6200935917632055e-07,0.0020000081552644803,-3.603664056228581e-10,2.8120675079355592e-08,-6.270187091166613e-08,0.9999999999999977
49,223000000,49.223,indoor_world,differential_drive_robot,2.9938287855659045,-3.632609665246425e-07,0.0020000063685062072,-3.4578346927244395e-10,2.5141942000926997e-08,-6.269788598046556e-08,0.9999999999999977
49,243000000,49.243,indoor_world,differential_drive_robot,3.0038287871611997,-3.6451309092238903e-07,0.002000004534841569,-3.2900482014696065e-10,2.208517779992714e-08,-6.269488066217736e-08,0.9999999999999978
49,263000000,49.263,indoor_world,differential_drive_robot,3.013828788497708,-3.657658782924859e-07,0.002000002670083403,-3.092316136537836e-10,1.8976710583504542e-08,-6.269306240480295e-08,0.9999999999999979
49,283000000,49.283,indoor_world,differential_drive_robot,3.023828789570399,-3.6701953001725184e-07,0.0020000007946736867,-2.8513346309131905e-10,1.585058852736639e-08,-6.26927229563386e-08,0.9999999999999979
49,303000000,49.303,indoor_world,differential_drive_robot,3.0338287903764707,-3.6827434255779965e-07,0.0019999989381431376,-2.542739150598872e-10,1.2756011670445483e-08,-6.269430072563058e-08,0.9999999999999979
49,323000000,49.323,indoor_world,differential_drive_robot,3.0438287909163027,-3.6953079703930676e-07,0.0019999971516760197,-2.1145202242411075e-10,9.778272498022531e-09,-6.269852330317993e-08,0.999999999999998
49,343000000,49.343,indoor_world,differential_drive_robot,3.053824980948218,-3.706715433646574e-07,0.00199633575060639,-1.979341767302655e-10,-6.092342505824173e-06,-6.289179685911314e-08,0.9999999999814397
49,363000000,49.363,indoor_world,differential_drive_robot,3.06366108368466,-3.712818754688094e-07,0.001997001729373761,-2.419527366985082e-10,-4.982267368002872e-06,-6.390901120357647e-08,0.9999999999875865
49,383000000,49.383,indoor_world,differential_drive_robot,3.0732859001780652,-3.71878681699973e-07,0.0019975464385708105,-2.7795576266194897e-10,-4.074329233929126e-06,-6.490368347942229e-08,0.9999999999916978
49,403000000,49.403,indoor_world,differential_drive_robot,3.082699406942824,-3.724621886185879e-07,0.00199799196036342,-3.074028557784667e-10,-3.3317203537305454e-06,-6.587619110155759e-08,0.9999999999944477
49,423000000,49.423,indoor_world,differential_drive_robot,3.0919015847698907,-3.730325502549925e-07,0.0019983563559686935,-3.314878268892011e-10,-2.7243354140143532e-06,-6.68267906311918e-08,0.9999999999962867
49,443000000,49.443,indoor_world,differential_drive_robot,3.100892417948049,-3.7358986206190204e-07,0.001998654397821773,-3.511870935062869e-10,-2.2275510706316763e-06,-6.775564102626192e-08,0.9999999999975167
49,463000000,49.463,indoor_world,differential_drive_robot,3.1096718936269836,-3.7413417233788787e-07,0.0019988981684267927,-3.6729927134607077e-10,-1.8212277200371926e-06,-6.866282267684844e-08,0.9999999999983392
49,483000000,49.483,indoor_world,differential_drive_robot,3.118240001296333,-3.746654915781927e-07,0.00199909755016571,-3.804775501250057e-10,-1.488893041164227e-06,-6.954835298656117e-08,0.9999999999988892
49,503000000,49.503,indoor_world,differential_drive_robot,3.126596732359597,-3.7518380013232425e-07,0.0019992606259192826,-3.912561747643522e-10,-1.2170742086614008e-06,-7.04121991320591e-08,0.9999999999992569
49,523000000,49.523,indoor_world,differential_drive_robot,3.1347420797856387,-3.756890544767067e-07,0.0019993940067397644,-4.0007210628145793e-10,-9.94751705479886e-07,-7.125428851492631e-08,0.9999999999995027
49,543000000,49.543,indoor_world,differential_drive_robot,3.1426760378236422,-3.7618119235417535e-07,0.001999503099857986,-4.0728273890272907e-10,-8.129125924031295e-07,-7.207451732498739e-08,0.9999999999996669
49,563000000,49.563,indoor_world,differential_drive_robot,3.1503986017699765,-3.766601369838559e-07,0.001999592327889107,-4.1318038343411264e-10,-6.641851241050293e-07,-7.287275755499888e-08,0.9999999999997767
49,583000000,49.583,indoor_world,differential_drive_robot,3.1579097677775074,-3.77125800517249e-07,0.001999665308123108,-4.1800412833399393e-10,-5.425398990928162e-07,-7.364886275910533e-08,0.9999999999998501
49,603000000,49.603,indoor_world,differential_drive_robot,3.1652095326996363,-3.775780868668509e-07,0.001999724999168125,-4.219495195977626e-10,-4.4304542818093627e-07,-7.440267276585566e-08,0.9999999999998991
49,623000000,49.623,indoor_world,differential_drive_robot,3.1722978939627393,-3.780168940335761e-07,0.001999773820891315,-4.251764985797602e-10,-3.616682122582635e-07,-7.513401755606968e-08,0.9999999999999317
49,643000000,49.643,indoor_world,differential_drive_robot,3.1791748494618313,-3.7844211601425074e-07,0.0019998137525194947,-4.2781588176240815e-10,-2.951092245091828e-07,-7.584272044117373e-08,0.9999999999999536
49,663000000,49.663,indoor_world,differential_drive_robot,3.1858403974752325,-3.788536443703802e-07,0.0019998464128764704,-4.299746646724687e-10,-2.4067016806631646e-07,-7.65286006768708e-08,0.9999999999999681
49,683000000,49.683,indoor_world,differential_drive_robot,3.192294536594767,-3.792513695185324e-07,0.001999873126009758,-4.3174036103634683e-10,-1.961440872679165e-07,-7.719147561335724e-08,0.9999999999999778
49,703000000,49.703,indoor_world,differential_drive_robot,3.1985372656686772,-3.7963518179096367e-07,0.0019998949748671977,-4.331845460460351e-10,-1.5972589781313652e-07,-7.783116246241344e-08,0.9999999999999842
49,723000000,49.723,indoor_world,differential_drive_robot,3.2045685837549347,-3.8000497231225467e-07,0.0019999128451994716,-4.343657634062033e-10,-1.2993920876897258e-07,-7.844747975808209e-08,0.9999999999999885
49,743000000,49.743,indoor_world,differential_drive_robot,3.2103884900830453,-3.8036063372101733e-07,0.001999927461468285,-4.353318976972629e-10,-1.055764697762253e-07,-7.904024855911831e-08,0.9999999999999912
49,763000000,49.763,indoor_world,differential_drive_robot,3.215996984022819,-3.807020607654599e-07,0.0019999394162159476,-4.361221124124362e-10,-8.565001704599627e-08,-7.96092934414807e-08,0.9999999999999931
49,783000000,49.783,indoor_world,differential_drive_robot,3.2213940650588184,-3.8102915079766083e-07,0.0019999491940869553,-4.3676843988541425e-10,-6.935203353449747e-08,-8.015444332173432e-08,0.9999999999999943
49,803000000,49.803,indoor_world,differential_drive_robot,3.2265797327694643,-3.8134180418299065e-07,0.0019999571914754272,-4.3729708098734987e-10,-5.602180009507895e-08,-8.067553213935815e-08,0.9999999999999951
49,823000000,49.823,indoor_world,differential_drive_robot,3.2315539868099408,-3.816399246392842e-07,0.0019999637325948745,-4.3772946515495894e-10,-4.5118909963963294e-08,-8.117239942182286e-08,0.9999999999999957
49,843000000,49.843,indoor_world,differential_drive_robot,3.236316826898226,-3.8192341951939963e-07,0.0019999690826217813,-4.380831185815115e-10,-3.6201360713758576e-08,-8.164489075540694e-08,0.999999999999996
49,863000000,49.863,indoor_world,differential_drive_robot,3.2408682528036463,-3.821922000477101e-07,0.001999973458445842,-4.3837237718014746e-10,-2.8907635503511896e-08,-8.209285817933778e-08,0.9999999999999962
49,883000000,49.883,indoor_world,differential_drive_robot,3.245208264337536,-3.8244618151740436e-07,0.001999977037462643,-4.3860896830172826e-10,-2.2942047205536627e-08,-8.251616051446824e-08,0.9999999999999963
49,903000000,49.903,indoor_world,differential_drive_robot,3.2493368613455837,-3.826852834537634e-07,0.001999979964765263,-4.3880247954729647e-10,-1.8062751275887215e-08,-8.291466363536425e-08,0.9999999999999963
49,923000000,49.923,indoor_world,differential_drive_robot,3.253254043701577,-3.829094297555145e-07,0.001999982359026341,-4.389607565027491e-10,-1.4071941386329793e-08,-8.328824070589424e-08,0.9999999999999964
49,943000000,49.943,indoor_world,differential_drive_robot,3.256959811302284,-3.831185488096716e-07,0.0019999843173090517,-4.3909021367540917e-10,-1.0807830375707139e-08,-8.363677237056755e-08,0.9999999999999964
49,963000000,49.963,indoor_world,differential_drive_robot,3.2604541640632743,-3.8331257359136757e-07,0.001999985919002035,-4.391960985437134e-10,-8.138091402135538e-09,-8.396014692078082e-08,0.9999999999999964
49,983000000,49.983,indoor_world,differential_drive_robot,3.2637371019154875,-3.8349144174728713e-07,0.0019999872290378134,-4.39282704378006e-10,-5.954493430932063e-09,-8.42582604340446e-08,0.9999999999999964
50,3000000,50.003,indoor_world,differential_drive_robot,3.266808624802441,-3.836550956652219e-07,0.001999988300525141,-4.3935354003184e-10,-4.1685135481746006e-09,-8.453101688969741e-08,0.9999999999999964
50,23000000,50.023,indoor_world,differential_drive_robot,3.2696687326779386,-3.8380348253575947e-07,0.00199998917690204,-4.3941147815167367e-10,-2.70774824898239e-09,-8.477832827189925e-08,0.9999999999999964
50,43000000,50.043,indoor_world,differential_drive_robot,3.272317425504193,-3.8393655440234687e-07,0.001999989893696771,-4.3945886833278933e-10,-1.5129782071762363e-09,-8.500011465286393e-08,0.9999999999999963
50,63000000,50.063,indoor_world,differential_drive_robot,3.2747547032502977,-3.840542682034569e-07,0.0019999904799681426,-4.394976287822621e-10,-5.357675240717856e-10,-8.519630426324803e-08,0.9999999999999963
50,83000000,50.083,indoor_world,differential_drive_robot,3.2769805658909794,-3.841565858116694e-07,0.0019999909594835535,-4.3952933263582265e-10,2.6349985040258304e-10,-8.536683355728384e-08,0.9999999999999963
50,103000000,50.103,indoor_world,differential_drive_robot,3.278995013405559,-3.8424347406208625e-07,0.001999991351682526,-4.395552630670057e-10,9.172261642930358e-10,-8.551164726005935e-08,0.9999999999999963
50,123000000,50.123,indoor_world,differential_drive_robot,3.2807980457771286,-3.8431490478030833e-07,0.0019999916724647796,-4.395764724583522e-10,1.4519134385205064e-09,-8.563069841422304e-08,0.9999999999999963
50,143000000,50.143,indoor_world,differential_drive_robot,3.282389662991858,-3.8437085480288217e-07,0.0019999919348348046,-4.395938211292994e-10,1.8892378579087513e-09,-8.572394841392985e-08,0.9999999999999963
50,163000000,50.163,indoor_world,differential_drive_robot,3.2837698650384333,-3.8441130599451764e-07,0.0019999921494290637,-4.396080108160641e-10,2.2469285254333832e-09,-8.579136703372102e-08,0.9999999999999963
50,183000000,50.183,indoor_world,differential_drive_robot,3.284938651907603,-3.844362452630903e-07,0.0019999923249471936,-4.3961961584062123e-10,2.5394861968971615e-09,-8.583293245332386e-08,0.9999999999999963
50,203000000,50.203,indoor_world,differential_drive_robot,3.2858960235917998,-3.8444566457074194e-07,0.001999992468504684,-4.396291067687882e-10,2.778771139681165e-09,-8.584863127631253e-08,0.9999999999999963
50,223000000,50.223,indoor_world,differential_drive_robot,3.2866419800848337,-3.84439560942396e-07,0.00199999258592135,-4.396368707090689e-10,2.9744839489081723e-09,-8.58384585441786e-08,0.9999999999999963
50,243000000,50.243,indoor_world,differential_drive_robot,3.2871765213816433,-3.8441793646954104e-07,0.0019999926819572536,-4.3964322113243597e-10,3.1345588093826824e-09,-8.580241774277983e-08,0.9999999999999963
50,263000000,50.263,indoor_world,differential_drive_robot,3.2874996474780858,-3.8438079831492096e-07,0.001999992760505683,-4.3964841635008966e-10,3.265485144424949e-09,-8.574052080999599e-08,0.9999999999999963
50,283000000,50.283,indoor_world,differential_drive_robot,3.2876107939372745,-3.8433115860492374e-07,0.0019999928218361334,-4.3965247297269415e-10,3.3677121556372743e-09,-8.565778795651158e-08,0.9999999999999963
50,303000000,50.303,indoor_world,differential_drive_robot,3.2876107939372745,-3.8433115860492374e-07,0.0019999928218361334,-4.3965247297269415e-10,3.3677121556372743e-09,-8.565778795651158e-08,0.9999999999999963
50,323000000,50.323,indoor_world,differential_drive_robot,3.2876107939372745,-3.8433115860492374e-07,0.0019999928218361334,-4.3965247297269415e-10,3.3677121556372743e-09,-8.565778795651158e-08,0.9999999999999963
50,343000000,50.343,indoor_world,differential_drive_robot,3.2876107939372745,-3.8433115860492374e-07,0.0019999928218361334,-4.3965247297269415e-10,3.3677121556372743e-09,-8.565778795651158e-08,0.9999999999999963
50,363000000,50.363,indoor_world,differential_drive_robot,3.2876107939372745,-3.8433115860492374e-07,0.0019999928218361334,-4.3965247297269415e-10,3.3677121556372743e-09,-8.565778795651158e-08,0.9999999999999963
50,383000000,50.383,indoor_world,differential_drive_robot,3.2876107939372745,-3.8433115860492374e-07,0.0019999928218361334,-4.3965247297269415e-10,3.3677121556372743e-09,-8.565778795651158e-08,0.9999999999999963
50,403000000,50.403,indoor_world,differential_drive_robot,3.2876107939372745,-3.8433115860492374e-07,0.0019999928218361334,-4.3965247297269415e-10,3.3677121556372743e-09,-8.565778795651158e-08,0.9999999999999963
50,423000000,50.423,indoor_world,differential_drive_robot,3.2876107939372745,-3.8433115860492374e-07,0.0019999928218361334,-4.3965247297269415e-10,3.3677121556372743e-09,-8.565778795651158e-08,0.9999999999999963
50,443000000,50.443,indoor_world,differential_drive_robot,3.2876107939372745,-3.8433115860492374e-07,0.0019999928218361334,-4.3965247297269415e-10,3.3677121556372743e-09,-8.565778795651158e-08,0.9999999999999963
50,463000000,50.463,indoor_world,differential_drive_robot,3.2876107939372745,-3.8433115860492374e-07,0.0019999928218361334,-4.3965247297269415e-10,3.3677121556372743e-09,-8.565778795651158e-08,0.9999999999999963
50,483000000,50.483,indoor_world,differential_drive_robot,3.2876107939372745,-3.8433115860492374e-07,0.0019999928218361334,-4.3965247297269415e-10,3.3677121556372743e-09,-8.565778795651158e-08,0.9999999999999963
50,503000000,50.503,indoor_world,differential_drive_robot,3.2876107939372745,-3.8433115860492374e-07,0.0019999928218361334,-4.3965247297269415e-10,3.3677121556372743e-09,-8.565778795651158e-08,0.9999999999999963
50,523000000,50.523,indoor_world,differential_drive_robot,3.2876107939372745,-3.8433115860492374e-07,0.0019999928218361334,-4.3965247297269415e-10,3.3677121556372743e-09,-8.565778795651158e-08,0.9999999999999963
50,543000000,50.543,indoor_world,differential_drive_robot,3.2876107939372745,-3.8433115860492374e-07,0.0019999928218361334,-4.3965247297269415e-10,3.3677121556372743e-09,-8.565778795651158e-08,0.9999999999999963
50,563000000,50.563,indoor_world,differential_drive_robot,3.2876107939372745,-3.8433115860492374e-07,0.0019999928218361334,-4.3965247297269415e-10,3.3677121556372743e-09,-8.565778795651158e-08,0.9999999999999963
50,583000000,50.583,indoor_world,differential_drive_robot,3.2876107939372745,-3.8433115860492374e-07,0.0019999928218361334,-4.3965247297269415e-10,3.3677121556372743e-09,-8.565778795651158e-08,0.9999999999999963
50,603000000,50.603,indoor_world,differential_drive_robot,3.2876107939372745,-3.8433115860492374e-07,0.0019999928218361334,-4.3965247297269415e-10,3.3677121556372743e-09,-8.565778795651158e-08,0.9999999999999963
50,623000000,50.623,indoor_world,differential_drive_robot,3.2876107939372745,-3.8433115860492374e-07,0.0019999928218361334,-4.3965247297269415e-10,3.3677121556372743e-09,-8.565778795651158e-08,0.9999999999999963
50,643000000,50.643,indoor_world,differential_drive_robot,3.2876107939372745,-3.8433115860492374e-07,0.0019999928218361334,-4.3965247297269415e-10,3.3677121556372743e-09,-8.565778795651158e-08,0.9999999999999963
50,663000000,50.663,indoor_world,differential_drive_robot,3.2876107939372745,-3.8433115860492374e-07,0.0019999928218361334,-4.3965247297269415e-10,3.3677121556372743e-09,-8.565778795651158e-08,0.9999999999999963
50,683000000,50.683,indoor_world,differential_drive_robot,3.2876107939372745,-3.8433115860492374e-07,0.0019999928218361334,-4.3965247297269415e-10,3.3677121556372743e-09,-8.565778795651158e-08,0.9999999999999963
50,703000000,50.703,indoor_world,differential_drive_robot,3.2876107939372745,-3.8433115860492374e-07,0.0019999928218361334,-4.3965247297269415e-10,3.3677121556372743e-09,-8.565778795651158e-08,0.9999999999999963
50,723000000,50.723,indoor_world,differential_drive_robot,3.2876107939372745,-3.8433115860492374e-07,0.0019999928218361334,-4.3965247297269415e-10,3.3677121556372743e-09,-8.565778795651158e-08,0.9999999999999963
50,743000000,50.743,indoor_world,differential_drive_robot,3.2876107939372745,-3.8433115860492374e-07,0.0019999928218361334,-4.3965247297269415e-10,3.3677121556372743e-09,-8.565778795651158e-08,0.9999999999999963
50,763000000,50.763,indoor_world,differential_drive_robot,3.2876107939372745,-3.8433115860492374e-07,0.0019999928218361334,-4.3965247297269415e-10,3.3677121556372743e-09,-8.565778795651158e-08,0.9999999999999963
50,783000000,50.783,indoor_world,differential_drive_robot,3.2876107939372745,-3.8433115860492374e-07,0.0019999928218361334,-4.3965247297269415e-10,3.3677121556372743e-09,-8.565778795651158e-08,0.9999999999999963
50,803000000,50.803,indoor_world,differential_drive_robot,3.2876107939372745,-3.8433115860492374e-07,0.0019999928218361334,-4.3965247297269415e-10,3.3677121556372743e-09,-8.565778795651158e-08,0.9999999999999963
50,823000000,50.823,indoor_world,differential_drive_robot,3.2876107939372745,-3.8433115860492374e-07,0.0019999928218361334,-4.3965247297269415e-10,3.3677121556372743e-09,-8.565778795651158e-08,0.9999999999999963
50,843000000,50.843,indoor_world,differential_drive_robot,3.2876107939372745,-3.8433115860492374e-07,0.0019999928218361334,-4.3965247297269415e-10,3.3677121556372743e-09,-8.565778795651158e-08,0.9999999999999963
50,863000000,50.863,indoor_world,differential_drive_robot,3.2876107939372745,-3.8433115860492374e-07,0.0019999928218361334,-4.3965247297269415e-10,3.3677121556372743e-09,-8.565778795651158e-08,0.9999999999999963
50,883000000,50.883,indoor_world,differential_drive_robot,3.2876107939372745,-3.8433115860492374e-07,0.0019999928218361334,-4.3965247297269415e-10,3.3677121556372743e-09,-8.565778795651158e-08,0.9999999999999963
50,903000000,50.903,indoor_world,differential_drive_robot,3.2876107939372745,-3.8433115860492374e-07,0.0019999928218361334,-4.3965247297269415e-10,3.3677121556372743e-09,-8.565778795651158e-08,0.9999999999999963
50,923000000,50.923,indoor_world,differential_drive_robot,3.2876107939372745,-3.8433115860492374e-07,0.0019999928218361334,-4.3965247297269415e-10,3.3677121556372743e-09,-8.565778795651158e-08,0.9999999999999963
50,943000000,50.943,indoor_world,differential_drive_robot,3.2876107939372745,-3.8433115860492374e-07,0.0019999928218361334,-4.3965247297269415e-10,3.3677121556372743e-09,-8.565778795651158e-08,0.9999999999999963
50,963000000,50.963,indoor_world,differential_drive_robot,3.2876107939372745,-3.8433115860492374e-07,0.0019999928218361334,-4.3965247297269415e-10,3.3677121556372743e-09,-8.565778795651158e-08,0.9999999999999963
50,983000000,50.983,indoor_world,differential_drive_robot,3.2876107939372745,-3.8433115860492374e-07,0.0019999928218361334,-4.3965247297269415e-10,3.3677121556372743e-09,-8.565778795651158e-08,0.9999999999999963
51,3000000,51.003,indoor_world,differential_drive_robot,3.2876107939372745,-3.8433115860492374e-07,0.0019999928218361334,-4.3965247297269415e-10,3.3677121556372743e-09,-8.565778795651158e-08,0.9999999999999963
51,23000000,51.023,indoor_world,differential_drive_robot,3.2876107939372745,-3.8433115860492374e-07,0.0019999928218361334,-4.3965247297269415e-10,3.3677121556372743e-09,-8.565778795651158e-08,0.9999999999999963
51,43000000,51.043,indoor_world,differential_drive_robot,3.2876107939372745,-3.8433115860492374e-07,0.0019999928218361334,-4.3965247297269415e-10,3.3677121556372743e-09,-8.565778795651158e-08,0.9999999999999963
51,63000000,51.063,indoor_world,differential_drive_robot,3.2876107939372745,-3.8433115860492374e-07,0.0019999928218361334,-4.3965247297269415e-10,3.3677121556372743e-09,-8.565778795651158e-08,0.9999999999999963
51,83000000,51.083,indoor_world,differential_drive_robot,3.2876107939372745,-3.8433115860492374e-07,0.0019999928218361334,-4.3965247297269415e-10,3.3677121556372743e-09,-8.565778795651158e-08,0.9999999999999963
51,103000000,51.103,indoor_world,differential_drive_robot,3.2876107939372745,-3.8433115860492374e-07,0.0019999928218361334,-4.3965247297269415e-10,3.3677121556372743e-09,-8.565778795651158e-08,0.9999999999999963
51,123000000,51.123,indoor_world,differential_drive_robot,3.2876107939372745,-3.8433115860492374e-07,0.0019999928218361334,-4.3965247297269415e-10,3.3677121556372743e-09,-8.565778795651158e-08,0.9999999999999963
51,143000000,51.143,indoor_world,differential_drive_robot,3.2876107939372745,-3.8433115860492374e-07,0.0019999928218361334,-4.3965247297269415e-10,3.3677121556372743e-09,-8.565778795651158e-08,0.9999999999999963
51,163000000,51.163,indoor_world,differential_drive_robot,3.2876107939372745,-3.8433115860492374e-07,0.0019999928218361334,-4.3965247297269415e-10,3.3677121556372743e-09,-8.565778795651158e-08,0.9999999999999963
51,183000000,51.183,indoor_world,differential_drive_robot,3.2876107939372745,-3.8433115860492374e-07,0.0019999928218361334,-4.3965247297269415e-10,3.3677121556372743e-09,-8.565778795651158e-08,0.9999999999999963
51,203000000,51.203,indoor_world,differential_drive_robot,3.2876107939372745,-3.8433115860492374e-07,0.0019999928218361334,-4.3965247297269415e-10,3.3677121556372743e-09,-8.565778795651158e-08,0.9999999999999963
51,223000000,51.223,indoor_world,differential_drive_robot,3.2876107939372745,-3.8433115860492374e-07,0.0019999928218361334,-4.3965247297269415e-10,3.3677121556372743e-09,-8.565778795651158e-08,0.9999999999999963
51,243000000,51.243,indoor_world,differential_drive_robot,3.2876107939372745,-3.8433115860492374e-07,0.0019999928218361334,-4.3965247297269415e-10,3.3677121556372743e-09,-8.565778795651158e-08,0.9999999999999963
51,263000000,51.263,indoor_world,differential_drive_robot,3.2876107939372745,-3.8433115860492374e-07,0.0019999928218361334,-4.3965247297269415e-10,3.3677121556372743e-09,-8.565778795651158e-08,0.9999999999999963
51,283000000,51.283,indoor_world,differential_drive_robot,3.2876107939372745,-3.8433115860492374e-07,0.0019999928218361334,-4.3965247297269415e-10,3.3677121556372743e-09,-8.565778795651158e-08,0.9999999999999963
51,303000000,51.303,indoor_world,differential_drive_robot,3.2876107939372745,-3.8433115860492374e-07,0.0019999928218361334,-4.3965247297269415e-10,3.3677121556372743e-09,-8.565778795651158e-08,0.9999999999999963
51,323000000,51.323,indoor_world,differential_drive_robot,3.2876107939372745,-3.8433115860492374e-07,0.0019999928218361334,-4.3965247297269415e-10,3.3677121556372743e-09,-8.565778795651158e-08,0.9999999999999963
51,343000000,51.343,indoor_world,differential_drive_robot,3.2876107939372745,-3.8433115860492374e-07,0.0019999928218361334,-4.3965247297269415e-10,3.3677121556372743e-09,-8.565778795651158e-08,0.9999999999999963
51,363000000,51.363,indoor_world,differential_drive_robot,3.2876107939372745,-3.8433115860492374e-07,0.0019999928218361334,-4.3965247297269415e-10,3.3677121556372743e-09,-8.565778795651158e-08,0.9999999999999963
51,383000000,51.383,indoor_world,differential_drive_robot,3.2876107939372745,-3.8433115860492374e-07,0.0019999928218361334,-4.3965247297269415e-10,3.3677121556372743e-09,-8.565778795651158e-08,0.9999999999999963
51,403000000,51.403,indoor_world,differential_drive_robot,3.2876107939372745,-3.8433115860492374e-07,0.0019999928218361334,-4.3965247297269415e-10,3.3677121556372743e-09,-8.565778795651158e-08,0.9999999999999963
51,423000000,51.423,indoor_world,differential_drive_robot,3.2876107939372745,-3.8433115860492374e-07,0.0019999928218361334,-4.3965247297269415e-10,3.3677121556372743e-09,-8.565778795651158e-08,0.9999999999999963
51,443000000,51.443,indoor_world,differential_drive_robot,3.2876107939372745,-3.8433115860492374e-07,0.0019999928218361334,-4.3965247297269415e-10,3.3677121556372743e-09,-8.565778795651158e-08,0.9999999999999963
51,463000000,51.463,indoor_world,differential_drive_robot,3.2876107939372745,-3.8433115860492374e-07,0.0019999928218361334,-4.3965247297269415e-10,3.3677121556372743e-09,-8.565778795651158e-08,0.9999999999999963
51,483000000,51.483,indoor_world,differential_drive_robot,3.2876107939372745,-3.8433115860492374e-07,0.0019999928218361334,-4.3965247297269415e-10,3.3677121556372743e-09,-8.565778795651158e-08,0.9999999999999963
51,503000000,51.503,indoor_world,differential_drive_robot,3.2876107939372745,-3.8433115860492374e-07,0.0019999928218361334,-4.3965247297269415e-10,3.3677121556372743e-09,-8.565778795651158e-08,0.9999999999999963
51,523000000,51.523,indoor_world,differential_drive_robot,3.2876107939372745,-3.8433115860492374e-07,0.0019999928218361334,-4.3965247297269415e-10,3.3677121556372743e-09,-8.565778795651158e-08,0.9999999999999963
51,543000000,51.543,indoor_world,differential_drive_robot,3.2876107939372745,-3.8433115860492374e-07,0.0019999928218361334,-4.3965247297269415e-10,3.3677121556372743e-09,-8.565778795651158e-08,0.9999999999999963
51,563000000,51.563,indoor_world,differential_drive_robot,3.2876107939372745,-3.8433115860492374e-07,0.0019999928218361334,-4.3965247297269415e-10,3.3677121556372743e-09,-8.565778795651158e-08,0.9999999999999963
51,583000000,51.583,indoor_world,differential_drive_robot,3.2876107939372745,-3.8433115860492374e-07,0.0019999928218361334,-4.3965247297269415e-10,3.3677121556372743e-09,-8.565778795651158e-08,0.9999999999999963
51,603000000,51.603,indoor_world,differential_drive_robot,3.2876107939372745,-3.8433115860492374e-07,0.0019999928218361334,-4.3965247297269415e-10,3.3677121556372743e-09,-8.565778795651158e-08,0.9999999999999963
51,623000000,51.623,indoor_world,differential_drive_robot,3.2876107939372745,-3.8433115860492374e-07,0.0019999928218361334,-4.3965247297269415e-10,3.3677121556372743e-09,-8.565778795651158e-08,0.9999999999999963
51,643000000,51.643,indoor_world,differential_drive_robot,3.2876107939372745,-3.8433115860492374e-07,0.0019999928218361334,-4.3965247297269415e-10,3.3677121556372743e-09,-8.565778795651158e-08,0.9999999999999963
51,663000000,51.663,indoor_world,differential_drive_robot,3.2876107939372745,-3.8433115860492374e-07,0.0019999928218361334,-4.3965247297269415e-10,3.3677121556372743e-09,-8.565778795651158e-08,0.9999999999999963
51,683000000,51.683,indoor_world,differential_drive_robot,3.2876107939372745,-3.8433115860492374e-07,0.0019999928218361334,-4.3965247297269415e-10,3.3677121556372743e-09,-8.565778795651158e-08,0.9999999999999963
51,703000000,51.703,indoor_world,differential_drive_robot,3.2876107939372745,-3.8433115860492374e-07,0.0019999928218361334,-4.3965247297269415e-10,3.3677121556372743e-09,-8.565778795651158e-08,0.9999999999999963
51,723000000,51.723,indoor_world,differential_drive_robot,3.2876107939372745,-3.8433115860492374e-07,0.0019999928218361334,-4.3965247297269415e-10,3.3677121556372743e-09,-8.565778795651158e-08,0.9999999999999963
51,743000000,51.743,indoor_world,differential_drive_robot,3.2876107939372745,-3.8433115860492374e-07,0.0019999928218361334,-4.3965247297269415e-10,3.3677121556372743e-09,-8.565778795651158e-08,0.9999999999999963
51,763000000,51.763,indoor_world,differential_drive_robot,3.2876107939372745,-3.8433115860492374e-07,0.0019999928218361334,-4.3965247297269415e-10,3.3677121556372743e-09,-8.565778795651158e-08,0.9999999999999963
51,783000000,51.783,indoor_world,differential_drive_robot,3.2876107939372745,-3.8433115860492374e-07,0.0019999928218361334,-4.3965247297269415e-10,3.3677121556372743e-09,-8.565778795651158e-08,0.9999999999999963
51,803000000,51.803,indoor_world,differential_drive_robot,3.2876107939372745,-3.8433115860492374e-07,0.0019999928218361334,-4.3965247297269415e-10,3.3677121556372743e-09,-8.565778795651158e-08,0.9999999999999963
51,823000000,51.823,indoor_world,differential_drive_robot,3.2876107939372745,-3.8433115860492374e-07,0.0019999928218361334,-4.3965247297269415e-10,3.3677121556372743e-09,-8.565778795651158e-08,0.9999999999999963
51,843000000,51.843,indoor_world,differential_drive_robot,3.2876107939372745,-3.8433115860492374e-07,0.0019999928218361334,-4.3965247297269415e-10,3.3677121556372743e-09,-8.565778795651158e-08,0.9999999999999963
51,863000000,51.863,indoor_world,differential_drive_robot,3.2876107939372745,-3.8433115860492374e-07,0.0019999928218361334,-4.3965247297269415e-10,3.3677121556372743e-09,-8.565778795651158e-08,0.9999999999999963
51,883000000,51.883,indoor_world,differential_drive_robot,3.2876107939372745,-3.8433115860492374e-07,0.0019999928218361334,-4.3965247297269415e-10,3.3677121556372743e-09,-8.565778795651158e-08,0.9999999999999963
51,903000000,51.903,indoor_world,differential_drive_robot,3.2876107939372745,-3.8433115860492374e-07,0.0019999928218361334,-4.3965247297269415e-10,3.3677121556372743e-09,-8.565778795651158e-08,0.9999999999999963
51,923000000,51.923,indoor_world,differential_drive_robot,3.2876107939372745,-3.8433115860492374e-07,0.0019999928218361334,-4.3965247297269415e-10,3.3677121556372743e-09,-8.565778795651158e-08,0.9999999999999963
51,943000000,51.943,indoor_world,differential_drive_robot,3.2876107939372745,-3.8433115860492374e-07,0.0019999928218361334,-4.3965247297269415e-10,3.3677121556372743e-09,-8.565778795651158e-08,0.9999999999999963
51,963000000,51.963,indoor_world,differential_drive_robot,3.2876107939372745,-3.8433115860492374e-07,0.0019999928218361334,-4.3965247297269415e-10,3.3677121556372743e-09,-8.565778795651158e-08,0.9999999999999963
51,983000000,51.983,indoor_world,differential_drive_robot,3.2876107939372745,-3.8433115860492374e-07,0.0019999928218361334,-4.3965247297269415e-10,3.3677121556372743e-09,-8.565778795651158e-08,0.9999999999999963
52,3000000,52.003,indoor_world,differential_drive_robot,3.2876107939372745,-3.8433115860492374e-07,0.0019999928218361334,-4.3965247297269415e-10,3.3677121556372743e-09,-8.565778795651158e-08,0.9999999999999963
52,23000000,52.023,indoor_world,differential_drive_robot,3.2876107939372745,-3.8433115860492374e-07,0.0019999928218361334,-4.3965247297269415e-10,3.3677121556372743e-09,-8.565778795651158e-08,0.9999999999999963
52,43000000,52.043,indoor_world,differential_drive_robot,3.2876107939372745,-3.8433115860492374e-07,0.0019999928218361334,-4.3965247297269415e-10,3.3677121556372743e-09,-8.565778795651158e-08,0.9999999999999963
52,63000000,52.063,indoor_world,differential_drive_robot,3.2876107939372745,-3.8433115860492374e-07,0.0019999928218361334,-4.3965247297269415e-10,3.3677121556372743e-09,-8.565778795651158e-08,0.9999999999999963
52,83000000,52.083,indoor_world,differential_drive_robot,3.2876107939372745,-3.8433115860492374e-07,0.0019999928218361334,-4.3965247297269415e-10,3.3677121556372743e-09,-8.565778795651158e-08,0.9999999999999963
52,103000000,52.103,indoor_world,differential_drive_robot,3.2876107939372745,-3.8433115860492374e-07,0.0019999928218361334,-4.3965247297269415e-10,3.3677121556372743e-09,-8.565778795651158e-08,0.9999999999999963
52,123000000,52.123,indoor_world,differential_drive_robot,3.2876107939372745,-3.8433115860492374e-07,0.0019999928218361334,-4.3965247297269415e-10,3.3677121556372743e-09,-8.565778795651158e-08,0.9999999999999963
52,143000000,52.143,indoor_world,differential_drive_robot,3.2876107939372745,-3.8433115860492374e-07,0.0019999928218361334,-4.3965247297269415e-10,3.3677121556372743e-09,-8.565778795651158e-08,0.9999999999999963
52,163000000,52.163,indoor_world,differential_drive_robot,3.2876107939372745,-3.8433115860492374e-07,0.0019999928218361334,-4.3965247297269415e-10,3.3677121556372743e-09,-8.565778795651158e-08,0.9999999999999963
52,183000000,52.183,indoor_world,differential_drive_robot,3.2876107939372745,-3.8433115860492374e-07,0.0019999928218361334,-4.3965247297269415e-10,3.3677121556372743e-09,-8.565778795651158e-08,0.9999999999999963
52,203000000,52.203,indoor_world,differential_drive_robot,3.2876107939372745,-3.8433115860492374e-07,0.0019999928218361334,-4.3965247297269415e-10,3.3677121556372743e-09,-8.565778795651158e-08,0.9999999999999963
52,223000000,52.223,indoor_world,differential_drive_robot,3.2876107939372745,-3.8433115860492374e-07,0.0019999928218361334,-4.3965247297269415e-10,3.3677121556372743e-09,-8.565778795651158e-08,0.9999999999999963
52,243000000,52.243,indoor_world,differential_drive_robot,3.2876107939372745,-3.8433115860492374e-07,0.0019999928218361334,-4.3965247297269415e-10,3.3677121556372743e-09,-8.565778795651158e-08,0.9999999999999963
52,263000000,52.263,indoor_world,differential_drive_robot,3.2876107939372745,-3.8433115860492374e-07,0.0019999928218361334,-4.3965247297269415e-10,3.3677121556372743e-09,-8.565778795651158e-08,0.9999999999999963
52,283000000,52.283,indoor_world,differential_drive_robot,3.2876107939372745,-3.8433115860492374e-07,0.0019999928218361334,-4.3965247297269415e-10,3.3677121556372743e-09,-8.565778795651158e-08,0.9999999999999963
52,303000000,52.303,indoor_world,differential_drive_robot,3.2876107939372745,-3.8433115860492374e-07,0.0019999928218361334,-4.3965247297269415e-10,3.3677121556372743e-09,-8.565778795651158e-08,0.9999999999999963
52,323000000,52.323,indoor_world,differential_drive_robot,3.2876107939372745,-3.8433115860492374e-07,0.0019999928218361334,-4.3965247297269415e-10,3.3677121556372743e-09,-8.565778795651158e-08,0.9999999999999963
52,343000000,52.343,indoor_world,differential_drive_robot,3.2876107939372745,-3.8433115860492374e-07,0.0019999928218361334,-4.3965247297269415e-10,3.3677121556372743e-09,-8.565778795651158e-08,0.9999999999999963
52,363000000,52.363,indoor_world,differential_drive_robot,3.2876107939372745,-3.8433115860492374e-07,0.0019999928218361334,-4.3965247297269415e-10,3.3677121556372743e-09,-8.565778795651158e-08,0.9999999999999963
52,383000000,52.383,indoor_world,differential_drive_robot,3.2876107939372745,-3.8433115860492374e-07,0.0019999928218361334,-4.3965247297269415e-10,3.3677121556372743e-09,-8.565778795651158e-08,0.9999999999999963
52,403000000,52.403,indoor_world,differential_drive_robot,3.2876107939372745,-3.8433115860492374e-07,0.0019999928218361334,-4.3965247297269415e-10,3.3677121556372743e-09,-8.565778795651158e-08,0.9999999999999963
52,423000000,52.423,indoor_world,differential_drive_robot,3.2876107939372745,-3.8433115860492374e-07,0.0019999928218361334,-4.3965247297269415e-10,3.3677121556372743e-09,-8.565778795651158e-08,0.9999999999999963
52,443000000,52.443,indoor_world,differential_drive_robot,3.2876107939372745,-3.8433115860492374e-07,0.0019999928218361334,-4.3965247297269415e-10,3.3677121556372743e-09,-8.565778795651158e-08,0.9999999999999963
52,463000000,52.463,indoor_world,differential_drive_robot,3.2876107939372745,-3.8433115860492374e-07,0.0019999928218361334,-4.3965247297269415e-10,3.3677121556372743e-09,-8.565778795651158e-08,0.9999999999999963
52,483000000,52.483,indoor_world,differential_drive_robot,3.2876107939372745,-3.8433115860492374e-07,0.0019999928218361334,-4.3965247297269415e-10,3.3677121556372743e-09,-8.565778795651158e-08,0.9999999999999963
52,503000000,52.503,indoor_world,differential_drive_robot,3.2876107939372745,-3.8433115860492374e-07,0.0019999928218361334,-4.3965247297269415e-10,3.3677121556372743e-09,-8.565778795651158e-08,0.9999999999999963
52,523000000,52.523,indoor_world,differential_drive_robot,3.2876107939372745,-3.8433115860492374e-07,0.0019999928218361334,-4.3965247297269415e-10,3.3677121556372743e-09,-8.565778795651158e-08,0.9999999999999963
52,543000000,52.543,indoor_world,differential_drive_robot,3.2876107939372745,-3.8433115860492374e-07,0.0019999928218361334,-4.3965247297269415e-10,3.3677121556372743e-09,-8.565778795651158e-08,0.9999999999999963
52,563000000,52.563,indoor_world,differential_drive_robot,3.2876107939372745,-3.8433115860492374e-07,0.0019999928218361334,-4.3965247297269415e-10,3.3677121556372743e-09,-8.565778795651158e-08,0.9999999999999963
52,583000000,52.583,indoor_world,differential_drive_robot,3.2876107939372745,-3.8433115860492374e-07,0.0019999928218361334,-4.3965247297269415e-10,3.3677121556372743e-09,-8.565778795651158e-08,0.9999999999999963
52,603000000,52.603,indoor_world,differential_drive_robot,3.2876107939372745,-3.8433115860492374e-07,0.0019999928218361334,-4.3965247297269415e-10,3.3677121556372743e-09,-8.565778795651158e-08,0.9999999999999963
52,623000000,52.623,indoor_world,differential_drive_robot,3.2876107939372745,-3.8433115860492374e-07,0.0019999928218361334,-4.3965247297269415e-10,3.3677121556372743e-09,-8.565778795651158e-08,0.9999999999999963
52,643000000,52.643,indoor_world,differential_drive_robot,3.2876107939372745,-3.8433115860492374e-07,0.0019999928218361334,-4.3965247297269415e-10,3.3677121556372743e-09,-8.565778795651158e-08,0.9999999999999963
52,663000000,52.663,indoor_world,differential_drive_robot,3.2876107939372745,-3.8433115860492374e-07,0.0019999928218361334,-4.3965247297269415e-10,3.3677121556372743e-09,-8.565778795651158e-08,0.9999999999999963
52,683000000,52.683,indoor_world,differential_drive_robot,3.2876107939372745,-3.8433115860492374e-07,0.0019999928218361334,-4.3965247297269415e-10,3.3677121556372743e-09,-8.565778795651158e-08,0.9999999999999963
52,703000000,52.703,indoor_world,differential_drive_robot,3.2876107939372745,-3.8433115860492374e-07,0.0019999928218361334,-4.3965247297269415e-10,3.3677121556372743e-09,-8.565778795651158e-08,0.9999999999999963
52,723000000,52.723,indoor_world,differential_drive_robot,3.2876107939372745,-3.8433115860492374e-07,0.0019999928218361334,-4.3965247297269415e-10,3.3677121556372743e-09,-8.565778795651158e-08,0.9999999999999963
52,743000000,52.743,indoor_world,differential_drive_robot,3.2876107939372745,-3.8433115860492374e-07,0.0019999928218361334,-4.3965247297269415e-10,3.3677121556372743e-09,-8.565778795651158e-08,0.9999999999999963
52,763000000,52.763,indoor_world,differential_drive_robot,3.2876107939372745,-3.8433115860492374e-07,0.0019999928218361334,-4.3965247297269415e-10,3.3677121556372743e-09,-8.565778795651158e-08,0.9999999999999963
52,783000000,52.783,indoor_world,differential_drive_robot,3.2876107939372745,-3.8433115860492374e-07,0.0019999928218361334,-4.3965247297269415e-10,3.3677121556372743e-09,-8.565778795651158e-08,0.9999999999999963
52,803000000,52.803,indoor_world,differential_drive_robot,3.2876107939372745,-3.8433115860492374e-07,0.0019999928218361334,-4.3965247297269415e-10,3.3677121556372743e-09,-8.565778795651158e-08,0.9999999999999963
52,823000000,52.823,indoor_world,differential_drive_robot,3.2876107939372745,-3.8433115860492374e-07,0.0019999928218361334,-4.3965247297269415e-10,3.3677121556372743e-09,-8.565778795651158e-08,0.9999999999999963
52,843000000,52.843,indoor_world,differential_drive_robot,3.2876107939372745,-3.8433115860492374e-07,0.0019999928218361334,-4.3965247297269415e-10,3.3677121556372743e-09,-8.565778795651158e-08,0.9999999999999963
52,863000000,52.863,indoor_world,differential_drive_robot,3.2876107939372745,-3.8433115860492374e-07,0.0019999928218361334,-4.3965247297269415e-10,3.3677121556372743e-09,-8.565778795651158e-08,0.9999999999999963
52,883000000,52.883,indoor_world,differential_drive_robot,3.2876107939372745,-3.8433115860492374e-07,0.0019999928218361334,-4.3965247297269415e-10,3.3677121556372743e-09,-8.565778795651158e-08,0.9999999999999963
52,903000000,52.903,indoor_world,differential_drive_robot,3.2876107939372745,-3.8433115860492374e-07,0.0019999928218361334,-4.3965247297269415e-10,3.3677121556372743e-09,-8.565778795651158e-08,0.9999999999999963
52,923000000,52.923,indoor_world,differential_drive_robot,3.2876107939372745,-3.8433115860492374e-07,0.0019999928218361334,-4.3965247297269415e-10,3.3677121556372743e-09,-8.565778795651158e-08,0.9999999999999963
52,943000000,52.943,indoor_world,differential_drive_robot,3.2876107939372745,-3.8433115860492374e-07,0.0019999928218361334,-4.3965247297269415e-10,3.3677121556372743e-09,-8.565778795651158e-08,0.9999999999999963
52,963000000,52.963,indoor_world,differential_drive_robot,3.2876107939372745,-3.8433115860492374e-07,0.0019999928218361334,-4.3965247297269415e-10,3.3677121556372743e-09,-8.565778795651158e-08,0.9999999999999963
52,983000000,52.983,indoor_world,differential_drive_robot,3.2876107939372745,-3.8433115860492374e-07,0.0019999928218361334,-4.3965247297269415e-10,3.3677121556372743e-09,-8.565778795651158e-08,0.9999999999999963
53,3000000,53.003,indoor_world,differential_drive_robot,3.2876107939372745,-3.8433115860492374e-07,0.0019999928218361334,-4.3965247297269415e-10,3.3677121556372743e-09,-8.565778795651158e-08,0.9999999999999963
53,23000000,53.023,indoor_world,differential_drive_robot,3.2876107939372745,-3.8433115860492374e-07,0.0019999928218361334,-4.3965247297269415e-10,3.3677121556372743e-09,-8.565778795651158e-08,0.9999999999999963
53,43000000,53.043,indoor_world,differential_drive_robot,3.2876107939372745,-3.8433115860492374e-07,0.0019999928218361334,-4.3965247297269415e-10,3.3677121556372743e-09,-8.565778795651158e-08,0.9999999999999963
53,63000000,53.063,indoor_world,differential_drive_robot,3.2876107939372745,-3.8433115860492374e-07,0.0019999928218361334,-4.3965247297269415e-10,3.3677121556372743e-09,-8.565778795651158e-08,0.9999999999999963
53,83000000,53.083,indoor_world,differential_drive_robot,3.2876107939372745,-3.8433115860492374e-07,0.0019999928218361334,-4.3965247297269415e-10,3.3677121556372743e-09,-8.565778795651158e-08,0.9999999999999963
53,103000000,53.103,indoor_world,differential_drive_robot,3.2876107939372745,-3.8433115860492374e-07,0.0019999928218361334,-4.3965247297269415e-10,3.3677121556372743e-09,-8.565778795651158e-08,0.9999999999999963
53,123000000,53.123,indoor_world,differential_drive_robot,3.2876107939372745,-3.8433115860492374e-07,0.0019999928218361334,-4.3965247297269415e-10,3.3677121556372743e-09,-8.565778795651158e-08,0.9999999999999963
53,143000000,53.143,indoor_world,differential_drive_robot,3.2876107939372745,-3.8433115860492374e-07,0.0019999928218361334,-4.3965247297269415e-10,3.3677121556372743e-09,-8.565778795651158e-08,0.9999999999999963
53,163000000,53.163,indoor_world,differential_drive_robot,3.2876107939372745,-3.8433115860492374e-07,0.0019999928218361334,-4.3965247297269415e-10,3.3677121556372743e-09,-8.565778795651158e-08,0.9999999999999963
53,183000000,53.183,indoor_world,differential_drive_robot,3.2876107939372745,-3.8433115860492374e-07,0.0019999928218361334,-4.3965247297269415e-10,3.3677121556372743e-09,-8.565778795651158e-08,0.9999999999999963
53,203000000,53.203,indoor_world,differential_drive_robot,3.2876107939372745,-3.8433115860492374e-07,0.0019999928218361334,-4.3965247297269415e-10,3.3677121556372743e-09,-8.565778795651158e-08,0.9999999999999963
53,223000000,53.223,indoor_world,differential_drive_robot,3.2876107939372745,-3.8433115860492374e-07,0.0019999928218361334,-4.3965247297269415e-10,3.3677121556372743e-09,-8.565778795651158e-08,0.9999999999999963
53,243000000,53.243,indoor_world,differential_drive_robot,3.2876107939372745,-3.8433115860492374e-07,0.0019999928218361334,-4.3965247297269415e-10,3.3677121556372743e-09,-8.565778795651158e-08,0.9999999999999963
53,263000000,53.263,indoor_world,differential_drive_robot,3.2876107939372745,-3.8433115860492374e-07,0.0019999928218361334,-4.3965247297269415e-10,3.3677121556372743e-09,-8.565778795651158e-08,0.9999999999999963
53,283000000,53.283,indoor_world,differential_drive_robot,3.2876107939372745,-3.8433115860492374e-07,0.0019999928218361334,-4.3965247297269415e-10,3.3677121556372743e-09,-8.565778795651158e-08,0.9999999999999963
53,303000000,53.303,indoor_world,differential_drive_robot,3.2876107939372745,-3.8433115860492374e-07,0.0019999928218361334,-4.3965247297269415e-10,3.3677121556372743e-09,-8.565778795651158e-08,0.9999999999999963
53,323000000,53.323,indoor_world,differential_drive_robot,3.2876107939372745,-3.8433115860492374e-07,0.0019999928218361334,-4.3965247297269415e-10,3.3677121556372743e-09,-8.565778795651158e-08,0.9999999999999963
53,343000000,53.343,indoor_world,differential_drive_robot,3.2876107939372745,-3.8433115860492374e-07,0.0019999928218361334,-4.3965247297269415e-10,3.3677121556372743e-09,-8.565778795651158e-08,0.9999999999999963
53,363000000,53.363,indoor_world,differential_drive_robot,3.2876107939372745,-3.8433115860492374e-07,0.0019999928218361334,-4.3965247297269415e-10,3.3677121556372743e-09,-8.565778795651158e-08,0.9999999999999963
53,383000000,53.383,indoor_world,differential_drive_robot,3.2876107939372745,-3.8433115860492374e-07,0.0019999928218361334,-4.3965247297269415e-10,3.3677121556372743e-09,-8.565778795651158e-08,0.9999999999999963
53,403000000,53.403,indoor_world,differential_drive_robot,3.2876107939372745,-3.8433115860492374e-07,0.0019999928218361334,-4.3965247297269415e-10,3.3677121556372743e-09,-8.565778795651158e-08,0.9999999999999963
53,423000000,53.423,indoor_world,differential_drive_robot,3.2876107939372745,-3.8433115860492374e-07,0.0019999928218361334,-4.3965247297269415e-10,3.3677121556372743e-09,-8.565778795651158e-08,0.9999999999999963
53,443000000,53.443,indoor_world,differential_drive_robot,3.2876107939372745,-3.8433115860492374e-07,0.0019999928218361334,-4.3965247297269415e-10,3.3677121556372743e-09,-8.565778795651158e-08,0.9999999999999963
53,463000000,53.463,indoor_world,differential_drive_robot,3.2876107939372745,-3.8433115860492374e-07,0.0019999928218361334,-4.3965247297269415e-10,3.3677121556372743e-09,-8.565778795651158e-08,0.9999999999999963
53,483000000,53.483,indoor_world,differential_drive_robot,3.2876107939372745,-3.8433115860492374e-07,0.0019999928218361334,-4.3965247297269415e-10,3.3677121556372743e-09,-8.565778795651158e-08,0.9999999999999963
53,503000000,53.503,indoor_world,differential_drive_robot,3.2876107939372745,-3.8433115860492374e-07,0.0019999928218361334,-4.3965247297269415e-10,3.3677121556372743e-09,-8.565778795651158e-08,0.9999999999999963
53,523000000,53.523,indoor_world,differential_drive_robot,3.2876107939372745,-3.8433115860492374e-07,0.0019999928218361334,-4.3965247297269415e-10,3.3677121556372743e-09,-8.565778795651158e-08,0.9999999999999963
53,543000000,53.543,indoor_world,differential_drive_robot,3.2876107939372745,-3.8433115860492374e-07,0.0019999928218361334,-4.3965247297269415e-10,3.3677121556372743e-09,-8.565778795651158e-08,0.9999999999999963
53,563000000,53.563,indoor_world,differential_drive_robot,3.2876107939372745,-3.8433115860492374e-07,0.0019999928218361334,-4.3965247297269415e-10,3.3677121556372743e-09,-8.565778795651158e-08,0.9999999999999963
53,583000000,53.583,indoor_world,differential_drive_robot,3.2876107939372745,-3.8433115860492374e-07,0.0019999928218361334,-4.3965247297269415e-10,3.3677121556372743e-09,-8.565778795651158e-08,0.9999999999999963
53,603000000,53.603,indoor_world,differential_drive_robot,3.2876107939372745,-3.8433115860492374e-07,0.0019999928218361334,-4.3965247297269415e-10,3.3677121556372743e-09,-8.565778795651158e-08,0.9999999999999963
53,623000000,53.623,indoor_world,differential_drive_robot,3.2876107939372745,-3.8433115860492374e-07,0.0019999928218361334,-4.3965247297269415e-10,3.3677121556372743e-09,-8.565778795651158e-08,0.9999999999999963
53,643000000,53.643,indoor_world,differential_drive_robot,3.2876107939372745,-3.8433115860492374e-07,0.0019999928218361334,-4.3965247297269415e-10,3.3677121556372743e-09,-8.565778795651158e-08,0.9999999999999963
53,663000000,53.663,indoor_world,differential_drive_robot,3.2876107939372745,-3.8433115860492374e-07,0.0019999928218361334,-4.3965247297269415e-10,3.3677121556372743e-09,-8.565778795651158e-08,0.9999999999999963
53,683000000,53.683,indoor_world,differential_drive_robot,3.2876107939372745,-3.8433115860492374e-07,0.0019999928218361334,-4.3965247297269415e-10,3.3677121556372743e-09,-8.565778795651158e-08,0.9999999999999963
53,703000000,53.703,indoor_world,differential_drive_robot,3.2876107939372745,-3.8433115860492374e-07,0.0019999928218361334,-4.3965247297269415e-10,3.3677121556372743e-09,-8.565778795651158e-08,0.9999999999999963
53,723000000,53.723,indoor_world,differential_drive_robot,3.2876107939372745,-3.8433115860492374e-07,0.0019999928218361334,-4.3965247297269415e-10,3.3677121556372743e-09,-8.565778795651158e-08,0.9999999999999963
53,743000000,53.743,indoor_world,differential_drive_robot,3.2876107939372745,-3.8433115860492374e-07,0.0019999928218361334,-4.3965247297269415e-10,3.3677121556372743e-09,-8.565778795651158e-08,0.9999999999999963
53,763000000,53.763,indoor_world,differential_drive_robot,3.2876107939372745,-3.8433115860492374e-07,0.0019999928218361334,-4.3965247297269415e-10,3.3677121556372743e-09,-8.565778795651158e-08,0.9999999999999963
53,783000000,53.783,indoor_world,differential_drive_robot,3.2876107939372745,-3.8433115860492374e-07,0.0019999928218361334,-4.3965247297269415e-10,3.3677121556372743e-09,-8.565778795651158e-08,0.9999999999999963
53,803000000,53.803,indoor_world,differential_drive_robot,3.2876107939372745,-3.8433115860492374e-07,0.0019999928218361334,-4.3965247297269415e-10,3.3677121556372743e-09,-8.565778795651158e-08,0.9999999999999963
53,823000000,53.823,indoor_world,differential_drive_robot,3.2876107939372745,-3.8433115860492374e-07,0.0019999928218361334,-4.3965247297269415e-10,3.3677121556372743e-09,-8.565778795651158e-08,0.9999999999999963
53,843000000,53.843,indoor_world,differential_drive_robot,3.2876107939372745,-3.8433115860492374e-07,0.0019999928218361334,-4.3965247297269415e-10,3.3677121556372743e-09,-8.565778795651158e-08,0.9999999999999963
53,863000000,53.863,indoor_world,differential_drive_robot,3.2876107939372745,-3.8433115860492374e-07,0.0019999928218361334,-4.3965247297269415e-10,3.3677121556372743e-09,-8.565778795651158e-08,0.9999999999999963
53,883000000,53.883,indoor_world,differential_drive_robot,3.2876107939372745,-3.8433115860492374e-07,0.0019999928218361334,-4.3965247297269415e-10,3.3677121556372743e-09,-8.565778795651158e-08,0.9999999999999963
53,903000000,53.903,indoor_world,differential_drive_robot,3.2876107939372745,-3.8433115860492374e-07,0.0019999928218361334,-4.3965247297269415e-10,3.3677121556372743e-09,-8.565778795651158e-08,0.9999999999999963
53,923000000,53.923,indoor_world,differential_drive_robot,3.2876107939372745,-3.8433115860492374e-07,0.0019999928218361334,-4.3965247297269415e-10,3.3677121556372743e-09,-8.565778795651158e-08,0.9999999999999963
53,943000000,53.943,indoor_world,differential_drive_robot,3.2876107939372745,-3.8433115860492374e-07,0.0019999928218361334,-4.3965247297269415e-10,3.3677121556372743e-09,-8.565778795651158e-08,0.9999999999999963
53,963000000,53.963,indoor_world,differential_drive_robot,3.2876107939372745,-3.8433115860492374e-07,0.0019999928218361334,-4.3965247297269415e-10,3.3677121556372743e-09,-8.565778795651158e-08,0.9999999999999963
53,983000000,53.983,indoor_world,differential_drive_robot,3.2876107939372745,-3.8433115860492374e-07,0.0019999928218361334,-4.3965247297269415e-10,3.3677121556372743e-09,-8.565778795651158e-08,0.9999999999999963
54,3000000,54.003,indoor_world,differential_drive_robot,3.2876107939372745,-3.8433115860492374e-07,0.0019999928218361334,-4.3965247297269415e-10,3.3677121556372743e-09,-8.565778795651158e-08,0.9999999999999963
54,23000000,54.023,indoor_world,differential_drive_robot,3.2876107939372745,-3.8433115860492374e-07,0.0019999928218361334,-4.3965247297269415e-10,3.3677121556372743e-09,-8.565778795651158e-08,0.9999999999999963
54,43000000,54.043,indoor_world,differential_drive_robot,3.2876107939372745,-3.8433115860492374e-07,0.0019999928218361334,-4.3965247297269415e-10,3.3677121556372743e-09,-8.565778795651158e-08,0.9999999999999963
54,63000000,54.063,indoor_world,differential_drive_robot,3.2876107939372745,-3.8433115860492374e-07,0.0019999928218361334,-4.3965247297269415e-10,3.3677121556372743e-09,-8.565778795651158e-08,0.9999999999999963
54,83000000,54.083,indoor_world,differential_drive_robot,3.2876107939372745,-3.8433115860492374e-07,0.0019999928218361334,-4.3965247297269415e-10,3.3677121556372743e-09,-8.565778795651158e-08,0.9999999999999963
54,103000000,54.103,indoor_world,differential_drive_robot,3.2876107939372745,-3.8433115860492374e-07,0.0019999928218361334,-4.3965247297269415e-10,3.3677121556372743e-09,-8.565778795651158e-08,0.9999999999999963
54,123000000,54.123,indoor_world,differential_drive_robot,3.2876107939372745,-3.8433115860492374e-07,0.0019999928218361334,-4.3965247297269415e-10,3.3677121556372743e-09,-8.565778795651158e-08,0.9999999999999963
54,143000000,54.143,indoor_world,differential_drive_robot,3.2876107939372745,-3.8433115860492374e-07,0.0019999928218361334,-4.3965247297269415e-10,3.3677121556372743e-09,-8.565778795651158e-08,0.9999999999999963
54,163000000,54.163,indoor_world,differential_drive_robot,3.2876107939372745,-3.8433115860492374e-07,0.0019999928218361334,-4.3965247297269415e-10,3.3677121556372743e-09,-8.565778795651158e-08,0.9999999999999963
54,183000000,54.183,indoor_world,differential_drive_robot,3.2876107939372745,-3.8433115860492374e-07,0.0019999928218361334,-4.3965247297269415e-10,3.3677121556372743e-09,-8.565778795651158e-08,0.9999999999999963
54,203000000,54.203,indoor_world,differential_drive_robot,3.2876107939372745,-3.8433115860492374e-07,0.0019999928218361334,-4.3965247297269415e-10,3.3677121556372743e-09,-8.565778795651158e-08,0.9999999999999963
54,223000000,54.223,indoor_world,differential_drive_robot,3.2876107939372745,-3.8433115860492374e-07,0.0019999928218361334,-4.3965247297269415e-10,3.3677121556372743e-09,-8.565778795651158e-08,0.9999999999999963
54,243000000,54.243,indoor_world,differential_drive_robot,3.2876107939372745,-3.8433115860492374e-07,0.0019999928218361334,-4.3965247297269415e-10,3.3677121556372743e-09,-8.565778795651158e-08,0.9999999999999963
54,263000000,54.263,indoor_world,differential_drive_robot,3.2876107939372745,-3.8433115860492374e-07,0.0019999928218361334,-4.3965247297269415e-10,3.3677121556372743e-09,-8.565778795651158e-08,0.9999999999999963
54,283000000,54.283,indoor_world,differential_drive_robot,3.2876107939372745,-3.8433115860492374e-07,0.0019999928218361334,-4.3965247297269415e-10,3.3677121556372743e-09,-8.565778795651158e-08,0.9999999999999963
54,303000000,54.303,indoor_world,differential_drive_robot,3.2876107939372745,-3.8433115860492374e-07,0.0019999928218361334,-4.3965247297269415e-10,3.3677121556372743e-09,-8.565778795651158e-08,0.9999999999999963
54,323000000,54.323,indoor_world,differential_drive_robot,3.2876107939372745,-3.8433115860492374e-07,0.0019999928218361334,-4.3965247297269415e-10,3.3677121556372743e-09,-8.565778795651158e-08,0.9999999999999963
54,343000000,54.343,indoor_world,differential_drive_robot,3.2876107939372745,-3.8433115860492374e-07,0.0019999928218361334,-4.3965247297269415e-10,3.3677121556372743e-09,-8.565778795651158e-08,0.9999999999999963
54,363000000,54.363,indoor_world,differential_drive_robot,3.2876107939372745,-3.8433115860492374e-07,0.0019999928218361334,-4.3965247297269415e-10,3.3677121556372743e-09,-8.565778795651158e-08,0.9999999999999963
54,383000000,54.383,indoor_world,differential_drive_robot,3.2876107939372745,-3.8433115860492374e-07,0.0019999928218361334,-4.3965247297269415e-10,3.3677121556372743e-09,-8.565778795651158e-08,0.9999999999999963
54,403000000,54.403,indoor_world,differential_drive_robot,3.2876107939372745,-3.8433115860492374e-07,0.0019999928218361334,-4.3965247297269415e-10,3.3677121556372743e-09,-8.565778795651158e-08,0.9999999999999963
54,423000000,54.423,indoor_world,differential_drive_robot,3.2876107939372745,-3.8433115860492374e-07,0.0019999928218361334,-4.3965247297269415e-10,3.3677121556372743e-09,-8.565778795651158e-08,0.9999999999999963
54,443000000,54.443,indoor_world,differential_drive_robot,3.2876107939372745,-3.8433115860492374e-07,0.0019999928218361334,-4.3965247297269415e-10,3.3677121556372743e-09,-8.565778795651158e-08,0.9999999999999963
54,463000000,54.463,indoor_world,differential_drive_robot,3.2876107939372745,-3.8433115860492374e-07,0.0019999928218361334,-4.3965247297269415e-10,3.3677121556372743e-09,-8.565778795651158e-08,0.9999999999999963
54,483000000,54.483,indoor_world,differential_drive_robot,3.2876107939372745,-3.8433115860492374e-07,0.0019999928218361334,-4.3965247297269415e-10,3.3677121556372743e-09,-8.565778795651158e-08,0.9999999999999963
54,503000000,54.503,indoor_world,differential_drive_robot,3.2876107939372745,-3.8433115860492374e-07,0.0019999928218361334,-4.3965247297269415e-10,3.3677121556372743e-09,-8.565778795651158e-08,0.9999999999999963
54,523000000,54.523,indoor_world,differential_drive_robot,3.2876107939372745,-3.8433115860492374e-07,0.0019999928218361334,-4.3965247297269415e-10,3.3677121556372743e-09,-8.565778795651158e-08,0.9999999999999963
54,543000000,54.543,indoor_world,differential_drive_robot,3.2876107939372745,-3.8433115860492374e-07,0.0019999928218361334,-4.3965247297269415e-10,3.3677121556372743e-09,-8.565778795651158e-08,0.9999999999999963
54,563000000,54.563,indoor_world,differential_drive_robot,3.2876107939372745,-3.8433115860492374e-07,0.0019999928218361334,-4.3965247297269415e-10,3.3677121556372743e-09,-8.565778795651158e-08,0.9999999999999963
54,583000000,54.583,indoor_world,differential_drive_robot,3.2876130136079453,-3.8432673619774457e-07,0.0019999930950478006,-4.606335045467511e-10,2.9923073571607867e-09,-8.564185286914378e-08,0.9999999999999963
54,603000000,54.603,indoor_world,differential_drive_robot,3.2877479573061796,-3.845425885250661e-07,0.001999993091241996,-3.813274819995865e-10,2.7743288091818933e-09,-8.52893097660349e-08,0.9999999999999963
54,623000000,54.623,indoor_world,differential_drive_robot,3.2880988103997706,-3.8511376383721417e-07,0.0019999935357052257,-2.2587011662044192e-10,3.342001971227063e-09,-8.44025449032839e-08,0.9999999999999964
54,643000000,54.643,indoor_world,differential_drive_robot,3.2886646961610557,-3.859885252834323e-07,0.00199999487213041,-9.599572469948438e-11,5.470816470844225e-09,-8.314535134711324e-08,0.9999999999999964
54,663000000,54.663,indoor_world,differential_drive_robot,3.289442311875336,-3.869004334800821e-07,0.001999996414204393,9.525694718580959e-12,7.986254015801343e-09,-8.191335962550602e-08,0.9999999999999966
54,683000000,54.683,indoor_world,differential_drive_robot,3.2904313430424814,-3.878234681693729e-07,0.0019999980624609143,9.583229642761833e-11,1.0688620362741698e-08,-8.07400410909679e-08,0.9999999999999967
54,703000000,54.703,indoor_world,differential_drive_robot,3.2916317896890877,-3.8875708292979394e-07,0.0019999997851155573,1.6642295006294957e-10,1.3523128210874058e-08,-7.962257487369105e-08,0.9999999999999968
54,723000000,54.723,indoor_world,differential_drive_robot,3.293043651838039,-3.897008621174186e-07,0.0020000015545076602,2.2415938994083007e-10,1.6442193376377844e-08,-7.855844706463851e-08,0.9999999999999968
54,743000000,54.743,indoor_world,differential_drive_robot,3.2946669295091144,-3.906544929845638e-07,0.0020000033464121036,2.7138227809151676e-10,1.9404227637119997e-08,-7.75453949292668e-08,0.9999999999999968
54,763000000,54.763,indoor_world,differential_drive_robot,3.2965016227194828,-3.9161774296934903e-07,0.002000005139483547,3.1000603750175515e-10,2.237266328641192e-08,-7.658136143029296e-08,0.9999999999999968
54,783000000,54.783,indoor_world,differential_drive_robot,3.298547731484107,-3.925904411856315e-07,0.0020000069148086576,3.415964946586452e-10,2.5315166619782682e-08,-7.566445812901285e-08,0.9999999999999968
54,803000000,54.803,indoor_world,differential_drive_robot,3.300805255816065,-3.935724633923265e-07,0.0020000086555463526,3.6743434983485684e-10,2.8203005460457535e-08,-7.479293500973499e-08,0.9999999999999968
54,823000000,54.823,indoor_world,differential_drive_robot,3.3032741957268117,-3.9456371981508133e-07,0.002000010346639618,3.8856709093265875e-10,3.101054192858709e-08,-7.396515597041324e-08,0.9999999999999968
54,843000000,54.843,indoor_world,differential_drive_robot,3.305954551226389,-3.955641453079851e-07,0.0020000119745855376,4.0585148260970213e-10,3.3714827160471843e-08,-7.31795789548236e-08,0.9999999999999968
54,863000000,54.863,indoor_world,differential_drive_robot,3.3088463223235958,-3.965736914625746e-07,0.002000013527252441,4.199882743339626e-10,3.62952785484603e-08,-7.243473992911902e-08,0.9999999999999967
54,883000000,54.883,indoor_world,differential_drive_robot,3.311949509026123,-3.97592320309105e-07,0.0020000149937352027,4.315505974008678e-10,3.873342386176105e-08,-7.172923999536185e-08,0.9999999999999967
54,903000000,54.903,indoor_world,differential_drive_robot,3.3152641113406593,-3.986199993226363e-07,0.0020000163642412386,4.4100724119302313e-10,4.101269918868599e-08,-7.106173506683614e-08,0.9999999999999967
54,923000000,54.923,indoor_world,differential_drive_robot,3.318790129272983,-3.9965669753803215e-07,0.00200001763000116,4.487416272023177e-10,4.3118290176258863e-08,-7.043092770082884e-08,0.9999999999999966
54,943000000,54.943,indoor_world,differential_drive_robot,3.3225275628280304,-4.007023825587219e-07,0.0020000187831990457,4.5506736053783996e-10,4.5037007772746034e-08,-6.983556066473106e-08,0.9999999999999966
54,963000000,54.963,indoor_world,differential_drive_robot,3.32647641200995,-4.0175701831825e-07,0.002000019816918309,4.6024093927924574e-10,4.675719140597284e-08,-6.927441194720344e-08,0.9999999999999966
54,983000000,54.983,indoor_world,differential_drive_robot,3.3306366768221514,-4.028205634649008e-07,0.002000020725099693,4.6447214961346534e-10,4.8268633594879966e-08,-6.874629095533543e-08,0.9999999999999964
55,3000000,55.003,indoor_world,differential_drive_robot,3.335008357267337,-4.038929702565619e-07,0.0020000215025087627,4.679325998033233e-10,4.956252136183182e-08,-6.825003567295673e-08,0.9999999999999964
55,23000000,55.023,indoor_world,differential_drive_robot,3.3395914533475377,-4.049741839068025e-07,0.002000022144710521,4.707626338270388e-10,5.063139030809389e-08,-6.778451065187463e-08,0.9999999999999964
55,43000000,55.043,indoor_world,differential_drive_robot,3.344385965064139,-4.060641422746123e-07,0.002000022648049311,4.730770446457189e-10,5.14690881903895e-08,-6.734860563262561e-08,0.9999999999999963
55,63000000,55.063,indoor_world,differential_drive_robot,3.3493918924178985,-4.0716277586246473e-07,0.002000023009632564,4.749697245781257e-10,5.2070745403075535e-08,-6.694123471616389e-08,0.9999999999999963
55,83000000,55.083,indoor_world,differential_drive_robot,3.354609235408973,-4.08270008067206e-07,0.0020000232273169865,4.765174637474435e-10,5.2432749999869845e-08,-6.656133597714815e-08,0.9999999999999963
55,103000000,55.103,indoor_world,differential_drive_robot,3.3600379940359475,-4.0938579469067927e-07,0.002000023300518387,4.776598977013886e-10,5.2554095768666983e-08,-6.620793626117537e-08,0.9999999999999964
55,123000000,55.123,indoor_world,differential_drive_robot,3.3656781682780657,-4.105104259084169e-07,0.0020000232369716815,4.776955380350727e-10,5.244764763284177e-08,-6.588064340223748e-08,0.9999999999999964
55,143000000,55.143,indoor_world,differential_drive_robot,3.371529758102194,-4.116441843046664e-07,0.002000023038152139,4.766239075867452e-10,5.2115842612305795e-08,-6.55790639833561e-08,0.9999999999999964
55,163000000,55.163,indoor_world,differential_drive_robot,3.3775927634879004,-4.12787174442423e-07,0.002000022703930818,4.745364219423835e-10,5.155844796074536e-08,-6.530252447457904e-08,0.9999999999999966
55,183000000,55.183,indoor_world,differential_drive_robot,3.383867184432053,-4.139393081696737e-07,0.002000022234978601,4.715119291665815e-10,5.077656724887411e-08,-6.505005844391685e-08,0.9999999999999966
55,203000000,55.203,indoor_world,differential_drive_robot,3.3903530209320927,-4.15100487869686e-07,0.002000021632757248,4.676164490878666e-10,4.977262482614612e-08,-6.482071588284136e-08,0.9999999999999967
55,223000000,55.223,indoor_world,differential_drive_robot,3.3970502729848864,-4.1627061729951415e-07,0.0020000208995093307,4.6290278704553403e-10,4.8550348571441745e-08,-6.46135802142045e-08,0.9999999999999968
55,243000000,55.243,indoor_world,differential_drive_robot,3.4039589405867483,-4.174496032120309e-07,0.0020000200382478657,4.5740988364587823e-10,4.7114752206484784e-08,-6.442776985680135e-08,0.9999999999999968
55,263000000,55.263,indoor_world,differential_drive_robot,3.411079023733452,-4.186373570740616e-07,0.0020000190527466456,4.5116183671832144e-10,4.547211886455151e-08,-6.42624398961978e-08,0.9999999999999969
55,283000000,55.283,indoor_world,differential_drive_robot,3.4184105224202446,-4.198337969157771e-07,0.0020000179475326437,4.441664517855643e-10,4.362998816928016e-08,-6.411678391658768e-08,0.999999999999997
55,303000000,55.303,indoor_world,differential_drive_robot,3.4259534366418576,-4.210388494053627e-07,0.002000016727882466,4.3641295886643174e-10,4.159715010235416e-08,-6.399003614188586e-08,0.9999999999999971
55,323000000,55.323,indoor_world,differential_drive_robot,3.433707766392509,-4.2225245217386623e-07,0.002000015399825773,4.278688056155116e-10,3.938365052355562e-08,-6.388147391842422e-08,0.9999999999999971
55,343000000,55.343,indoor_world,differential_drive_robot,3.4416735116659076,-4.2347455660188364e-07,0.00200001397016013,4.1847473505767517e-10,3.700081579302916e-08,-6.379042087364342e-08,0.9999999999999972
55,363000000,55.363,indoor_world,differential_drive_robot,3.449663938687892,-4.240607017370747e-07,0.0019968019011381713,4.4881920115324607e-10,-5.3160179364382865e-06,-6.446290456214154e-08,0.9999999999858679
55,383000000,55.383,indoor_world,differential_drive_robot,3.457439446163213,-4.24542360217749e-07,0.0019973866583369434,4.4713873195981436e-10,-4.341204742564827e-06,-6.526566511384638e-08,0.9999999999905749
55,403000000,55.403,indoor_world,differential_drive_robot,3.4650036516785585,-4.2500973685670195e-07,0.0019978649357239903,4.4576585036015e-10,-3.5438982882991354e-06,-6.604462331678441e-08,0.9999999999937181
55,423000000,55.423,indoor_world,differential_drive_robot,3.472356534610152,-4.2546269432861e-07,0.0019982561223945454,4.4464424348597526e-10,-2.8917758243749742e-06,-6.679955015000352e-08,0.9999999999958166
55,443000000,55.443,indoor_world,differential_drive_robot,3.479498078089662,-4.259010971189447e-07,0.0019985760768706754,4.437279110059029e-10,-2.3584003504801097e-06,-6.753021963923285e-08,0.9999999999972167
55,463000000,55.463,indoor_world,differential_drive_robot,3.486428268320357,-4.263248121046559e-07,0.0019988377699786913,4.42979274919609e-10,-1.9221488611356183e-06,-6.823640981935518e-08,0.9999999999981504
55,483000000,55.483,indoor_world,differential_drive_robot,3.4931470940177993,-4.2673370903467315e-07,0.0019990518106681775,4.4236763857066166e-10,-1.565335750570702e-06,-6.891790353055845e-08,0.9999999999987724
55,503000000,55.503,indoor_world,differential_drive_robot,3.499654545952363,-4.2712766092985283e-07,0.001999226876086449,4.4186792569376295e-10,-1.2734958394748412e-06,-6.957448908128769e-08,0.9999999999991867
55,523000000,55.523,indoor_world,differential_drive_robot,3.505950616575073,-4.275065444163062e-07,0.0019993700633417293,4.4145964929260185e-10,-1.0347979576327704e-06,-7.020596080088659e-08,0.9999999999994621
55,543000000,55.543,indoor_world,differential_drive_robot,3.512035299711572,-4.278702400020897e-07,0.001999487177214227,4.411260764209872e-10,-8.395653090875846e-07,-7.081211949827534e-08,0.9999999999996451
55,563000000,55.563,indoor_world,differential_drive_robot,3.517908590311808,-4.282186323126745e-07,0.0019995829654780427,4.408535333811817e-10,-6.798831754896595e-07,-7.139277285247553e-08,0.9999999999997663
55,583000000,55.583,indoor_world,differential_drive_robot,3.5235704842453095,-4.2855161028487716e-07,0.001999661311373279,4.406308525189733e-10,-5.492780539594928e-07,-7.194773573430679e-08,0.9999999999998466
55,603000000,55.603,indoor_world,differential_drive_robot,3.529020978133733,-4.288690673338788e-07,0.001999725391030763,4.404489093716626e-10,-4.424552217147688e-07,-7.247683048351536e-08,0.9999999999998994
55,623000000,55.623,indoor_world,differential_drive_robot,3.5342600692139117,-4.291709014933598e-07,0.001999777802231135,4.4030024941636483e-10,-3.550840883693591e-07,-7.297988714125946e-08,0.9999999999999343
55,643000000,55.643,indoor_world,differential_drive_robot,3.5392877552258297,-4.2945701553510635e-07,0.0019998206697180005,4.4017878201419505e-10,-2.836226340941715e-07,-7.345674364870668e-08,0.999999999999957
55,663000000,55.663,indoor_world,differential_drive_robot,3.544104034321004,-4.29727317070979e-07,0.0019998557313344154,4.4007953122589156e-10,-2.2517381637123323e-07,-7.390724601631115e-08,0.9999999999999719
55,683000000,55.683,indoor_world,differential_drive_robot,3.54870890498755,-4.299817186396519e-07,0.001999884408474615,4.3999843489440857e-10,-1.773681240888736e-07,-7.433124846790192e-08,0.9999999999999815
55,703000000,55.703,indoor_world,differential_drive_robot,3.5531023659888845,-4.3022013778403743e-07,0.0019999078637070356,4.3993217144789095e-10,-1.3826751771674663e-07,-7.472861356921707e-08,0.9999999999999877
55,723000000,55.723,indoor_world,differential_drive_robot,3.5572844163135975,-4.304424971159664e-07,0.0019999270479046107,4.398780255747724e-10,-1.0628686132356521e-07,-7.509921233551317e-08,0.9999999999999915
55,743000000,55.743,indoor_world,differential_drive_robot,3.5612550551344517,-4.306487243712491e-07,0.0019999427387930075,4.398337823202153e-10,-8.012966126118715e-08,-7.544292432293908e-08,0.9999999999999939
55,763000000,55.763,indoor_world,differential_drive_robot,3.5650142817748423,-4.308387524613407e-07,0.001999955572479501,4.397976273983679e-10,-5.873550641035517e-08,-7.575963771453638e-08,0.9999999999999954
55,783000000,55.783,indoor_world,differential_drive_robot,3.568562095681369,-4.3101251951255316e-07,0.0019999660692406897,4.397680853976213e-10,-4.1237079182633237e-08,-7.6049249385378e-08,0.9999999999999962
55,803000000,55.803,indoor_world,differential_drive_robot,3.5718984964014036,-4.3116996890774393e-07,0.0019999746546144315,4.3974394395522965e-10,-2.6924994523825546e-08,-7.631166497188178e-08,0.9999999999999967
55,823000000,55.823,indoor_world,differential_drive_robot,3.5750234835647388,-4.3131104931520326e-07,0.0019999816766511106,4.397242161024689e-10,-1.5219041491054237e-08,-7.654679891997253e-08,0.9999999999999969
55,843000000,55.843,indoor_world,differential_drive_robot,3.5779370568685773,-4.3143571471817326e-07,0.001999987420023559,4.3970809522536543e-10,-5.644661539630042e-09,-7.675457453405876e-08,0.999999999999997
55,863000000,55.863,indoor_world,differential_drive_robot,3.580639216065261,-4.3154392443948596e-07,0.001999992117567664,4.396949207962853e-10,2.1862900450844018e-09,-7.693492401815087e-08,0.999999999999997
55,883000000,55.883,indoor_world,differential_drive_robot,3.583129960952226,-4.3163564316130344e-07,0.00199999595972152,4.396841552897952e-10,8.591279509571711e-09,-7.708778850860949e-08,0.999999999999997
55,903000000,55.903,indoor_world,differential_drive_robot,3.585409291363796,-4.3171084094467734e-07,0.0019999991022457597,4.3967535595480963e-10,1.3829964693253011e-08,-7.721311810678533e-08,0.9999999999999969
55,923000000,55.923,indoor_world,differential_drive_robot,3.587477207164464,-4.3176949324173486e-07,0.002000001672538091,4.3966816572803085e-10,1.8114721539799914e-08,-7.731087189920342e-08,0.9999999999999968
55,943000000,55.943,indoor_world,differential_drive_robot,3.5893337082433954,-4.3181158091098374e-07,0.002000003774797983,4.3966228765598627e-10,2.161925379990752e-08,-7.738101798318286e-08,0.9999999999999968
55,963000000,55.963,indoor_world,differential_drive_robot,3.5909787945099394,-4.318370902240782e-07,0.002000005494250898,4.3965748276110097e-10,2.4485634974049833e-08,-7.74235334779695e-08,0.9999999999999967
55,983000000,55.983,indoor_world,differential_drive_robot,3.592412465889952,-4.318460128741921e-07,0.0020000069006033397,4.396535563127342e-10,2.683006796286553e-08,-7.743840453871018e-08,0.9999999999999967
56,3000000,56.003,indoor_world,differential_drive_robot,3.5936347223227907,-4.3183834598228183e-07,0.002000008050868733,4.396503452861347e-10,2.8747595919897925e-08,-7.742562636692309e-08,0.9999999999999966
56,23000000,56.023,indoor_world,differential_drive_robot,3.5946455637588546,-4.3181409209745704e-07,0.002000008991678761,4.3964772002017597e-10,3.0315955298094976e-08,-7.738520321105616e-08,0.9999999999999966
56,43000000,56.043,indoor_world,differential_drive_robot,3.5954449901575756,-4.3177325919954966e-07,0.0020000097611737925,4.396455722053399e-10,3.1598727280615616e-08,-7.731714837079995e-08,0.9999999999999964
56,63000000,56.063,indoor_world,differential_drive_robot,3.596033001485771,-4.317158606963314e-07,0.0020000103905491035,4.396438153935986e-10,3.264791535897248e-08,-7.722148419239359e-08,0.9999999999999964
56,83000000,56.083,indoor_world,differential_drive_robot,3.5964095977163044,-4.3164191542102385e-07,0.002000010905319526,4.396423781395967e-10,3.350605354414544e-08,-7.709824206455594e-08,0.9999999999999964
56,103000000,56.103,indoor_world,differential_drive_robot,3.5965747788269766,-4.315514476268015e-07,0.0020000113263538184,4.3964120166077897e-10,3.420793070201147e-08,-7.694746240918375e-08,0.9999999999999964
56,123000000,56.123,indoor_world,differential_drive_robot,3.5965824452330675,-4.3153137388099627e-07,0.0020000114008730144,4.396409936236408e-10,3.433215650001427e-08,-7.691400616699051e-08,0.9999999999999964
56,143000000,56.143,indoor_world,differential_drive_robot,3.5965824452330675,-4.3153137388099627e-07,0.0020000114008730144,4.396409936236408e-10,3.433215650001427e-08,-7.691400616699051e-08,0.9999999999999964
56,163000000,56.163,indoor_world,differential_drive_robot,3.5965824452330675,-4.3153137388099627e-07,0.0020000114008730144,4.396409936236408e-10,3.433215650001427e-08,-7.691400616699051e-08,0.9999999999999964
56,183000000,56.183,indoor_world,differential_drive_robot,3.5965824452330675,-4.3153137388099627e-07,0.0020000114008730144,4.396409936236408e-10,3.433215650001427e-08,-7.691400616699051e-08,0.9999999999999964
56,203000000,56.203,indoor_world,differential_drive_robot,3.5965824452330675,-4.3153137388099627e-07,0.0020000114008730144,4.396409936236408e-10,3.433215650001427e-08,-7.691400616699051e-08,0.9999999999999964
56,223000000,56.223,indoor_world,differential_drive_robot,3.5965824452330675,-4.3153137388099627e-07,0.0020000114008730144,4.396409936236408e-10,3.433215650001427e-08,-7.691400616699051e-08,0.9999999999999964
56,243000000,56.243,indoor_world,differential_drive_robot,3.5965824452330675,-4.3153137388099627e-07,0.0020000114008730144,4.396409936236408e-10,3.433215650001427e-08,-7.691400616699051e-08,0.9999999999999964
56,263000000,56.263,indoor_world,differential_drive_robot,3.5965824452330675,-4.3153137388099627e-07,0.0020000114008730144,4.396409936236408e-10,3.433215650001427e-08,-7.691400616699051e-08,0.9999999999999964
56,283000000,56.283,indoor_world,differential_drive_robot,3.5965824452330675,-4.3153137388099627e-07,0.0020000114008730144,4.396409936236408e-10,3.433215650001427e-08,-7.691400616699051e-08,0.9999999999999964
56,303000000,56.303,indoor_world,differential_drive_robot,3.5965824452330675,-4.3153137388099627e-07,0.0020000114008730144,4.396409936236408e-10,3.433215650001427e-08,-7.691400616699051e-08,0.9999999999999964
56,323000000,56.323,indoor_world,differential_drive_robot,3.5965824452330675,-4.3153137388099627e-07,0.0020000114008730144,4.396409936236408e-10,3.433215650001427e-08,-7.691400616699051e-08,0.9999999999999964
56,343000000,56.343,indoor_world,differential_drive_robot,3.5965824452330675,-4.3153137388099627e-07,0.0020000114008730144,4.396409936236408e-10,3.433215650001427e-08,-7.691400616699051e-08,0.9999999999999964
56,363000000,56.363,indoor_world,differential_drive_robot,3.5965824452330675,-4.3153137388099627e-07,0.0020000114008730144,4.396409936236408e-10,3.433215650001427e-08,-7.691400616699051e-08,0.9999999999999964
56,383000000,56.383,indoor_world,differential_drive_robot,3.5965824452330675,-4.3153137388099627e-07,0.0020000114008730144,4.396409936236408e-10,3.433215650001427e-08,-7.691400616699051e-08,0.9999999999999964
56,403000000,56.403,indoor_world,differential_drive_robot,3.5965824452330675,-4.3153137388099627e-07,0.0020000114008730144,4.396409936236408e-10,3.433215650001427e-08,-7.691400616699051e-08,0.9999999999999964
56,423000000,56.423,indoor_world,differential_drive_robot,3.5965824452330675,-4.3153137388099627e-07,0.0020000114008730144,4.396409936236408e-10,3.433215650001427e-08,-7.691400616699051e-08,0.9999999999999964
56,443000000,56.443,indoor_world,differential_drive_robot,3.5965824452330675,-4.3153137388099627e-07,0.0020000114008730144,4.396409936236408e-10,3.433215650001427e-08,-7.691400616699051e-08,0.9999999999999964
56,463000000,56.463,indoor_world,differential_drive_robot,3.5965824452330675,-4.3153137388099627e-07,0.0020000114008730144,4.396409936236408e-10,3.433215650001427e-08,-7.691400616699051e-08,0.9999999999999964
56,483000000,56.483,indoor_world,differential_drive_robot,3.5965824452330675,-4.3153137388099627e-07,0.0020000114008730144,4.396409936236408e-10,3.433215650001427e-08,-7.691400616699051e-08,0.9999999999999964
56,503000000,56.503,indoor_world,differential_drive_robot,3.5965824452330675,-4.3153137388099627e-07,0.0020000114008730144,4.396409936236408e-10,3.433215650001427e-08,-7.691400616699051e-08,0.9999999999999964
56,523000000,56.523,indoor_world,differential_drive_robot,3.5965824452330675,-4.3153137388099627e-07,0.0020000114008730144,4.396409936236408e-10,3.433215650001427e-08,-7.691400616699051e-08,0.9999999999999964
56,543000000,56.543,indoor_world,differential_drive_robot,3.5965824452330675,-4.3153137388099627e-07,0.0020000114008730144,4.396409936236408e-10,3.433215650001427e-08,-7.691400616699051e-08,0.9999999999999964
56,563000000,56.563,indoor_world,differential_drive_robot,3.5965824452330675,-4.3153137388099627e-07,0.0020000114008730144,4.396409936236408e-10,3.433215650001427e-08,-7.691400616699051e-08,0.9999999999999964
56,583000000,56.583,indoor_world,differential_drive_robot,3.5965824452330675,-4.3153137388099627e-07,0.0020000114008730144,4.396409936236408e-10,3.433215650001427e-08,-7.691400616699051e-08,0.9999999999999964
56,603000000,56.603,indoor_world,differential_drive_robot,3.5965824452330675,-4.3153137388099627e-07,0.0020000114008730144,4.396409936236408e-10,3.433215650001427e-08,-7.691400616699051e-08,0.9999999999999964
56,623000000,56.623,indoor_world,differential_drive_robot,3.5965824452330675,-4.3153137388099627e-07,0.0020000114008730144,4.396409936236408e-10,3.433215650001427e-08,-7.691400616699051e-08,0.9999999999999964
56,643000000,56.643,indoor_world,differential_drive_robot,3.5965824452330675,-4.3153137388099627e-07,0.0020000114008730144,4.396409936236408e-10,3.433215650001427e-08,-7.691400616699051e-08,0.9999999999999964
56,663000000,56.663,indoor_world,differential_drive_robot,3.5965824452330675,-4.3153137388099627e-07,0.0020000114008730144,4.396409936236408e-10,3.433215650001427e-08,-7.691400616699051e-08,0.9999999999999964
56,683000000,56.683,indoor_world,differential_drive_robot,3.5965824452330675,-4.3153137388099627e-07,0.0020000114008730144,4.396409936236408e-10,3.433215650001427e-08,-7.691400616699051e-08,0.9999999999999964
56,703000000,56.703,indoor_world,differential_drive_robot,3.5965824452330675,-4.3153137388099627e-07,0.0020000114008730144,4.396409936236408e-10,3.433215650001427e-08,-7.691400616699051e-08,0.9999999999999964
56,723000000,56.723,indoor_world,differential_drive_robot,3.5965824452330675,-4.3153137388099627e-07,0.0020000114008730144,4.396409936236408e-10,3.433215650001427e-08,-7.691400616699051e-08,0.9999999999999964
56,743000000,56.743,indoor_world,differential_drive_robot,3.5965824452330675,-4.3153137388099627e-07,0.0020000114008730144,4.396409936236408e-10,3.433215650001427e-08,-7.691400616699051e-08,0.9999999999999964
56,763000000,56.763,indoor_world,differential_drive_robot,3.5965824452330675,-4.3153137388099627e-07,0.0020000114008730144,4.396409936236408e-10,3.433215650001427e-08,-7.691400616699051e-08,0.9999999999999964
56,783000000,56.783,indoor_world,differential_drive_robot,3.5965824452330675,-4.3153137388099627e-07,0.0020000114008730144,4.396409936236408e-10,3.433215650001427e-08,-7.691400616699051e-08,0.9999999999999964
56,803000000,56.803,indoor_world,differential_drive_robot,3.5965824452330675,-4.3153137388099627e-07,0.0020000114008730144,4.396409936236408e-10,3.433215650001427e-08,-7.691400616699051e-08,0.9999999999999964
56,823000000,56.823,indoor_world,differential_drive_robot,3.5965824452330675,-4.3153137388099627e-07,0.0020000114008730144,4.396409936236408e-10,3.433215650001427e-08,-7.691400616699051e-08,0.9999999999999964
56,843000000,56.843,indoor_world,differential_drive_robot,3.5965824452330675,-4.3153137388099627e-07,0.0020000114008730144,4.396409936236408e-10,3.433215650001427e-08,-7.691400616699051e-08,0.9999999999999964
56,863000000,56.863,indoor_world,differential_drive_robot,3.5965824452330675,-4.3153137388099627e-07,0.0020000114008730144,4.396409936236408e-10,3.433215650001427e-08,-7.691400616699051e-08,0.9999999999999964
56,883000000,56.883,indoor_world,differential_drive_robot,3.5965824452330675,-4.3153137388099627e-07,0.0020000114008730144,4.396409936236408e-10,3.433215650001427e-08,-7.691400616699051e-08,0.9999999999999964
56,903000000,56.903,indoor_world,differential_drive_robot,3.5965824452330675,-4.3153137388099627e-07,0.0020000114008730144,4.396409936236408e-10,3.433215650001427e-08,-7.691400616699051e-08,0.9999999999999964
56,923000000,56.923,indoor_world,differential_drive_robot,3.5965824452330675,-4.3153137388099627e-07,0.0020000114008730144,4.396409936236408e-10,3.433215650001427e-08,-7.691400616699051e-08,0.9999999999999964
56,943000000,56.943,indoor_world,differential_drive_robot,3.5965824452330675,-4.3153137388099627e-07,0.0020000114008730144,4.396409936236408e-10,3.433215650001427e-08,-7.691400616699051e-08,0.9999999999999964
56,963000000,56.963,indoor_world,differential_drive_robot,3.5965824452330675,-4.3153137388099627e-07,0.0020000114008730144,4.396409936236408e-10,3.433215650001427e-08,-7.691400616699051e-08,0.9999999999999964
56,983000000,56.983,indoor_world,differential_drive_robot,3.5965824452330675,-4.3153137388099627e-07,0.0020000114008730144,4.396409936236408e-10,3.433215650001427e-08,-7.691400616699051e-08,0.9999999999999964
57,3000000,57.003,indoor_world,differential_drive_robot,3.5965824452330675,-4.3153137388099627e-07,0.0020000114008730144,4.396409936236408e-10,3.433215650001427e-08,-7.691400616699051e-08,0.9999999999999964
57,23000000,57.023,indoor_world,differential_drive_robot,3.5965824452330675,-4.3153137388099627e-07,0.0020000114008730144,4.396409936236408e-10,3.433215650001427e-08,-7.691400616699051e-08,0.9999999999999964
57,43000000,57.043,indoor_world,differential_drive_robot,3.5965824452330675,-4.3153137388099627e-07,0.0020000114008730144,4.396409936236408e-10,3.433215650001427e-08,-7.691400616699051e-08,0.9999999999999964
57,63000000,57.063,indoor_world,differential_drive_robot,3.5965824452330675,-4.3153137388099627e-07,0.0020000114008730144,4.396409936236408e-10,3.433215650001427e-08,-7.691400616699051e-08,0.9999999999999964
57,83000000,57.083,indoor_world,differential_drive_robot,3.5965824452330675,-4.3153137388099627e-07,0.0020000114008730144,4.396409936236408e-10,3.433215650001427e-08,-7.691400616699051e-08,0.9999999999999964
57,103000000,57.103,indoor_world,differential_drive_robot,3.5965824452330675,-4.3153137388099627e-07,0.0020000114008730144,4.396409936236408e-10,3.433215650001427e-08,-7.691400616699051e-08,0.9999999999999964
57,123000000,57.123,indoor_world,differential_drive_robot,3.5965824452330675,-4.3153137388099627e-07,0.0020000114008730144,4.396409936236408e-10,3.433215650001427e-08,-7.691400616699051e-08,0.9999999999999964
57,143000000,57.143,indoor_world,differential_drive_robot,3.5965824452330675,-4.3153137388099627e-07,0.0020000114008730144,4.396409936236408e-10,3.433215650001427e-08,-7.691400616699051e-08,0.9999999999999964
57,163000000,57.163,indoor_world,differential_drive_robot,3.5965824452330675,-4.3153137388099627e-07,0.0020000114008730144,4.396409936236408e-10,3.433215650001427e-08,-7.691400616699051e-08,0.9999999999999964
57,183000000,57.183,indoor_world,differential_drive_robot,3.5965824452330675,-4.3153137388099627e-07,0.0020000114008730144,4.396409936236408e-10,3.433215650001427e-08,-7.691400616699051e-08,0.9999999999999964
57,203000000,57.203,indoor_world,differential_drive_robot,3.5965824452330675,-4.3153137388099627e-07,0.0020000114008730144,4.396409936236408e-10,3.433215650001427e-08,-7.691400616699051e-08,0.9999999999999964
57,223000000,57.223,indoor_world,differential_drive_robot,3.5965824452330675,-4.3153137388099627e-07,0.0020000114008730144,4.396409936236408e-10,3.433215650001427e-08,-7.691400616699051e-08,0.9999999999999964
57,243000000,57.243,indoor_world,differential_drive_robot,3.5965824452330675,-4.3153137388099627e-07,0.0020000114008730144,4.396409936236408e-10,3.433215650001427e-08,-7.691400616699051e-08,0.9999999999999964
57,263000000,57.263,indoor_world,differential_drive_robot,3.5965824452330675,-4.3153137388099627e-07,0.0020000114008730144,4.396409936236408e-10,3.433215650001427e-08,-7.691400616699051e-08,0.9999999999999964
57,283000000,57.283,indoor_world,differential_drive_robot,3.5965824452330675,-4.3153137388099627e-07,0.0020000114008730144,4.396409936236408e-10,3.433215650001427e-08,-7.691400616699051e-08,0.9999999999999964
57,303000000,57.303,indoor_world,differential_drive_robot,3.5965824452330675,-4.3153137388099627e-07,0.0020000114008730144,4.396409936236408e-10,3.433215650001427e-08,-7.691400616699051e-08,0.9999999999999964
57,323000000,57.323,indoor_world,differential_drive_robot,3.5965824452330675,-4.3153137388099627e-07,0.0020000114008730144,4.396409936236408e-10,3.433215650001427e-08,-7.691400616699051e-08,0.9999999999999964
57,343000000,57.343,indoor_world,differential_drive_robot,3.5965824452330675,-4.3153137388099627e-07,0.0020000114008730144,4.396409936236408e-10,3.433215650001427e-08,-7.691400616699051e-08,0.9999999999999964
57,363000000,57.363,indoor_world,differential_drive_robot,3.5965824452330675,-4.3153137388099627e-07,0.0020000114008730144,4.396409936236408e-10,3.433215650001427e-08,-7.691400616699051e-08,0.9999999999999964
57,383000000,57.383,indoor_world,differential_drive_robot,3.5965824452330675,-4.3153137388099627e-07,0.0020000114008730144,4.396409936236408e-10,3.433215650001427e-08,-7.691400616699051e-08,0.9999999999999964
57,403000000,57.403,indoor_world,differential_drive_robot,3.5965824452330675,-4.3153137388099627e-07,0.0020000114008730144,4.396409936236408e-10,3.433215650001427e-08,-7.691400616699051e-08,0.9999999999999964
57,423000000,57.423,indoor_world,differential_drive_robot,3.5965824452330675,-4.3153137388099627e-07,0.0020000114008730144,4.396409936236408e-10,3.433215650001427e-08,-7.691400616699051e-08,0.9999999999999964
57,443000000,57.443,indoor_world,differential_drive_robot,3.5965824452330675,-4.3153137388099627e-07,0.0020000114008730144,4.396409936236408e-10,3.433215650001427e-08,-7.691400616699051e-08,0.9999999999999964
57,463000000,57.463,indoor_world,differential_drive_robot,3.5965824452330675,-4.3153137388099627e-07,0.0020000114008730144,4.396409936236408e-10,3.433215650001427e-08,-7.691400616699051e-08,0.9999999999999964
57,483000000,57.483,indoor_world,differential_drive_robot,3.5965824452330675,-4.3153137388099627e-07,0.0020000114008730144,4.396409936236408e-10,3.433215650001427e-08,-7.691400616699051e-08,0.9999999999999964
57,503000000,57.503,indoor_world,differential_drive_robot,3.5965824452330675,-4.3153137388099627e-07,0.0020000114008730144,4.396409936236408e-10,3.433215650001427e-08,-7.691400616699051e-08,0.9999999999999964
57,523000000,57.523,indoor_world,differential_drive_robot,3.5965824452330675,-4.3153137388099627e-07,0.0020000114008730144,4.396409936236408e-10,3.433215650001427e-08,-7.691400616699051e-08,0.9999999999999964
57,543000000,57.543,indoor_world,differential_drive_robot,3.5965824452330675,-4.3153137388099627e-07,0.0020000114008730144,4.396409936236408e-10,3.433215650001427e-08,-7.691400616699051e-08,0.9999999999999964
57,563000000,57.563,indoor_world,differential_drive_robot,3.5965824452330675,-4.3153137388099627e-07,0.0020000114008730144,4.396409936236408e-10,3.433215650001427e-08,-7.691400616699051e-08,0.9999999999999964
57,583000000,57.583,indoor_world,differential_drive_robot,3.5965824452330675,-4.3153137388099627e-07,0.0020000114008730144,4.396409936236408e-10,3.433215650001427e-08,-7.691400616699051e-08,0.9999999999999964
57,603000000,57.603,indoor_world,differential_drive_robot,3.5965824452330675,-4.3153137388099627e-07,0.0020000114008730144,4.396409936236408e-10,3.433215650001427e-08,-7.691400616699051e-08,0.9999999999999964
57,623000000,57.623,indoor_world,differential_drive_robot,3.5965824452330675,-4.3153137388099627e-07,0.0020000114008730144,4.396409936236408e-10,3.433215650001427e-08,-7.691400616699051e-08,0.9999999999999964
57,643000000,57.643,indoor_world,differential_drive_robot,3.5965824452330675,-4.3153137388099627e-07,0.0020000114008730144,4.396409936236408e-10,3.433215650001427e-08,-7.691400616699051e-08,0.9999999999999964
57,663000000,57.663,indoor_world,differential_drive_robot,3.5965824452330675,-4.3153137388099627e-07,0.0020000114008730144,4.396409936236408e-10,3.433215650001427e-08,-7.691400616699051e-08,0.9999999999999964
57,683000000,57.683,indoor_world,differential_drive_robot,3.5965824452330675,-4.3153137388099627e-07,0.0020000114008730144,4.396409936236408e-10,3.433215650001427e-08,-7.691400616699051e-08,0.9999999999999964
57,703000000,57.703,indoor_world,differential_drive_robot,3.5965824452330675,-4.3153137388099627e-07,0.0020000114008730144,4.396409936236408e-10,3.433215650001427e-08,-7.691400616699051e-08,0.9999999999999964
57,723000000,57.723,indoor_world,differential_drive_robot,3.5965824452330675,-4.3153137388099627e-07,0.0020000114008730144,4.396409936236408e-10,3.433215650001427e-08,-7.691400616699051e-08,0.9999999999999964
57,743000000,57.743,indoor_world,differential_drive_robot,3.5965824452330675,-4.3153137388099627e-07,0.0020000114008730144,4.396409936236408e-10,3.433215650001427e-08,-7.691400616699051e-08,0.9999999999999964
57,763000000,57.763,indoor_world,differential_drive_robot,3.5965824452330675,-4.3153137388099627e-07,0.0020000114008730144,4.396409936236408e-10,3.433215650001427e-08,-7.691400616699051e-08,0.9999999999999964
57,783000000,57.783,indoor_world,differential_drive_robot,3.5965824452330675,-4.3153137388099627e-07,0.0020000114008730144,4.396409936236408e-10,3.433215650001427e-08,-7.691400616699051e-08,0.9999999999999964
57,803000000,57.803,indoor_world,differential_drive_robot,3.5965824452330675,-4.3153137388099627e-07,0.0020000114008730144,4.396409936236408e-10,3.433215650001427e-08,-7.691400616699051e-08,0.9999999999999964
57,823000000,57.823,indoor_world,differential_drive_robot,3.5965824452330675,-4.3153137388099627e-07,0.0020000114008730144,4.396409936236408e-10,3.433215650001427e-08,-7.691400616699051e-08,0.9999999999999964
57,843000000,57.843,indoor_world,differential_drive_robot,3.5965824452330675,-4.3153137388099627e-07,0.0020000114008730144,4.396409936236408e-10,3.433215650001427e-08,-7.691400616699051e-08,0.9999999999999964
57,863000000,57.863,indoor_world,differential_drive_robot,3.5965824452330675,-4.3153137388099627e-07,0.0020000114008730144,4.396409936236408e-10,3.433215650001427e-08,-7.691400616699051e-08,0.9999999999999964
57,883000000,57.883,indoor_world,differential_drive_robot,3.5965824452330675,-4.3153137388099627e-07,0.0020000114008730144,4.396409936236408e-10,3.433215650001427e-08,-7.691400616699051e-08,0.9999999999999964
57,903000000,57.903,indoor_world,differential_drive_robot,3.5965824452330675,-4.3153137388099627e-07,0.0020000114008730144,4.396409936236408e-10,3.433215650001427e-08,-7.691400616699051e-08,0.9999999999999964
57,923000000,57.923,indoor_world,differential_drive_robot,3.5965824452330675,-4.3153137388099627e-07,0.0020000114008730144,4.396409936236408e-10,3.433215650001427e-08,-7.691400616699051e-08,0.9999999999999964
57,943000000,57.943,indoor_world,differential_drive_robot,3.5965824452330675,-4.3153137388099627e-07,0.0020000114008730144,4.396409936236408e-10,3.433215650001427e-08,-7.691400616699051e-08,0.9999999999999964
57,963000000,57.963,indoor_world,differential_drive_robot,3.5965824452330675,-4.3153137388099627e-07,0.0020000114008730144,4.396409936236408e-10,3.433215650001427e-08,-7.691400616699051e-08,0.9999999999999964
57,983000000,57.983,indoor_world,differential_drive_robot,3.5965824452330675,-4.3153137388099627e-07,0.0020000114008730144,4.396409936236408e-10,3.433215650001427e-08,-7.691400616699051e-08,0.9999999999999964
58,3000000,58.003,indoor_world,differential_drive_robot,3.5965824452330675,-4.3153137388099627e-07,0.0020000114008730144,4.396409936236408e-10,3.433215650001427e-08,-7.691400616699051e-08,0.9999999999999964
58,23000000,58.023,indoor_world,differential_drive_robot,3.5965824452330675,-4.3153137388099627e-07,0.0020000114008730144,4.396409936236408e-10,3.433215650001427e-08,-7.691400616699051e-08,0.9999999999999964
58,43000000,58.043,indoor_world,differential_drive_robot,3.5965824452330675,-4.3153137388099627e-07,0.0020000114008730144,4.396409936236408e-10,3.433215650001427e-08,-7.691400616699051e-08,0.9999999999999964
58,63000000,58.063,indoor_world,differential_drive_robot,3.5965824452330675,-4.3153137388099627e-07,0.0020000114008730144,4.396409936236408e-10,3.433215650001427e-08,-7.691400616699051e-08,0.9999999999999964
58,83000000,58.083,indoor_world,differential_drive_robot,3.5965824452330675,-4.3153137388099627e-07,0.0020000114008730144,4.396409936236408e-10,3.433215650001427e-08,-7.691400616699051e-08,0.9999999999999964
58,103000000,58.103,indoor_world,differential_drive_robot,3.5965824452330675,-4.3153137388099627e-07,0.0020000114008730144,4.396409936236408e-10,3.433215650001427e-08,-7.691400616699051e-08,0.9999999999999964
58,123000000,58.123,indoor_world,differential_drive_robot,3.5965824452330675,-4.3153137388099627e-07,0.0020000114008730144,4.396409936236408e-10,3.433215650001427e-08,-7.691400616699051e-08,0.9999999999999964
58,143000000,58.143,indoor_world,differential_drive_robot,3.5965824452330675,-4.3153137388099627e-07,0.0020000114008730144,4.396409936236408e-10,3.433215650001427e-08,-7.691400616699051e-08,0.9999999999999964
58,163000000,58.163,indoor_world,differential_drive_robot,3.5965824452330675,-4.3153137388099627e-07,0.0020000114008730144,4.396409936236408e-10,3.433215650001427e-08,-7.691400616699051e-08,0.9999999999999964
58,183000000,58.183,indoor_world,differential_drive_robot,3.5965824452330675,-4.3153137388099627e-07,0.0020000114008730144,4.396409936236408e-10,3.433215650001427e-08,-7.691400616699051e-08,0.9999999999999964
58,203000000,58.203,indoor_world,differential_drive_robot,3.5965824452330675,-4.3153137388099627e-07,0.0020000114008730144,4.396409936236408e-10,3.433215650001427e-08,-7.691400616699051e-08,0.9999999999999964
58,223000000,58.223,indoor_world,differential_drive_robot,3.5965824452330675,-4.3153137388099627e-07,0.0020000114008730144,4.396409936236408e-10,3.433215650001427e-08,-7.691400616699051e-08,0.9999999999999964
58,243000000,58.243,indoor_world,differential_drive_robot,3.5965824452330675,-4.3153137388099627e-07,0.0020000114008730144,4.396409936236408e-10,3.433215650001427e-08,-7.691400616699051e-08,0.9999999999999964
58,263000000,58.263,indoor_world,differential_drive_robot,3.5965824452330675,-4.3153137388099627e-07,0.0020000114008730144,4.396409936236408e-10,3.433215650001427e-08,-7.691400616699051e-08,0.9999999999999964
58,283000000,58.283,indoor_world,differential_drive_robot,3.5965824452330675,-4.3153137388099627e-07,0.0020000114008730144,4.396409936236408e-10,3.433215650001427e-08,-7.691400616699051e-08,0.9999999999999964
58,303000000,58.303,indoor_world,differential_drive_robot,3.5965824452330675,-4.3153137388099627e-07,0.0020000114008730144,4.396409936236408e-10,3.433215650001427e-08,-7.691400616699051e-08,0.9999999999999964
58,323000000,58.323,indoor_world,differential_drive_robot,3.5965824452330675,-4.3153137388099627e-07,0.0020000114008730144,4.396409936236408e-10,3.433215650001427e-08,-7.691400616699051e-08,0.9999999999999964
58,343000000,58.343,indoor_world,differential_drive_robot,3.5965824452330675,-4.3153137388099627e-07,0.0020000114008730144,4.396409936236408e-10,3.433215650001427e-08,-7.691400616699051e-08,0.9999999999999964
58,363000000,58.363,indoor_world,differential_drive_robot,3.5965824452330675,-4.3153137388099627e-07,0.0020000114008730144,4.396409936236408e-10,3.433215650001427e-08,-7.691400616699051e-08,0.9999999999999964
58,383000000,58.383,indoor_world,differential_drive_robot,3.5965824452330675,-4.3153137388099627e-07,0.0020000114008730144,4.396409936236408e-10,3.433215650001427e-08,-7.691400616699051e-08,0.9999999999999964
58,403000000,58.403,indoor_world,differential_drive_robot,3.5965824452330675,-4.3153137388099627e-07,0.0020000114008730144,4.396409936236408e-10,3.433215650001427e-08,-7.691400616699051e-08,0.9999999999999964
58,423000000,58.423,indoor_world,differential_drive_robot,3.5965824452330675,-4.3153137388099627e-07,0.0020000114008730144,4.396409936236408e-10,3.433215650001427e-08,-7.691400616699051e-08,0.9999999999999964
58,443000000,58.443,indoor_world,differential_drive_robot,3.5965824452330675,-4.3153137388099627e-07,0.0020000114008730144,4.396409936236408e-10,3.433215650001427e-08,-7.691400616699051e-08,0.9999999999999964
58,463000000,58.463,indoor_world,differential_drive_robot,3.5965824452330675,-4.3153137388099627e-07,0.0020000114008730144,4.396409936236408e-10,3.433215650001427e-08,-7.691400616699051e-08,0.9999999999999964
58,483000000,58.483,indoor_world,differential_drive_robot,3.5965824452330675,-4.3153137388099627e-07,0.0020000114008730144,4.396409936236408e-10,3.433215650001427e-08,-7.691400616699051e-08,0.9999999999999964
58,503000000,58.503,indoor_world,differential_drive_robot,3.5965824452330675,-4.3153137388099627e-07,0.0020000114008730144,4.396409936236408e-10,3.433215650001427e-08,-7.691400616699051e-08,0.9999999999999964
58,523000000,58.523,indoor_world,differential_drive_robot,3.5965824452330675,-4.3153137388099627e-07,0.0020000114008730144,4.396409936236408e-10,3.433215650001427e-08,-7.691400616699051e-08,0.9999999999999964
58,543000000,58.543,indoor_world,differential_drive_robot,3.5965824452330675,-4.3153137388099627e-07,0.0020000114008730144,4.396409936236408e-10,3.433215650001427e-08,-7.691400616699051e-08,0.9999999999999964
58,563000000,58.563,indoor_world,differential_drive_robot,3.5965824452330675,-4.3153137388099627e-07,0.0020000114008730144,4.396409936236408e-10,3.433215650001427e-08,-7.691400616699051e-08,0.9999999999999964
58,583000000,58.583,indoor_world,differential_drive_robot,3.5965824452330675,-4.3153137388099627e-07,0.0020000114008730144,4.396409936236408e-10,3.433215650001427e-08,-7.691400616699051e-08,0.9999999999999964
58,603000000,58.603,indoor_world,differential_drive_robot,3.5965824452330675,-4.3153137388099627e-07,0.0020000114008730144,4.396409936236408e-10,3.433215650001427e-08,-7.691400616699051e-08,0.9999999999999964
58,623000000,58.623,indoor_world,differential_drive_robot,3.5965824452330675,-4.3153137388099627e-07,0.0020000114008730144,4.396409936236408e-10,3.433215650001427e-08,-7.691400616699051e-08,0.9999999999999964
58,643000000,58.643,indoor_world,differential_drive_robot,3.5965824452330675,-4.3153137388099627e-07,0.0020000114008730144,4.396409936236408e-10,3.433215650001427e-08,-7.691400616699051e-08,0.9999999999999964
58,663000000,58.663,indoor_world,differential_drive_robot,3.5965824452330675,-4.3153137388099627e-07,0.0020000114008730144,4.396409936236408e-10,3.433215650001427e-08,-7.691400616699051e-08,0.9999999999999964
58,683000000,58.683,indoor_world,differential_drive_robot,3.5965824452330675,-4.3153137388099627e-07,0.0020000114008730144,4.396409936236408e-10,3.433215650001427e-08,-7.691400616699051e-08,0.9999999999999964
58,703000000,58.703,indoor_world,differential_drive_robot,3.5965824452330675,-4.3153137388099627e-07,0.0020000114008730144,4.396409936236408e-10,3.433215650001427e-08,-7.691400616699051e-08,0.9999999999999964
58,723000000,58.723,indoor_world,differential_drive_robot,3.5965824452330675,-4.3153137388099627e-07,0.0020000114008730144,4.396409936236408e-10,3.433215650001427e-08,-7.691400616699051e-08,0.9999999999999964
58,743000000,58.743,indoor_world,differential_drive_robot,3.5965824452330675,-4.3153137388099627e-07,0.0020000114008730144,4.396409936236408e-10,3.433215650001427e-08,-7.691400616699051e-08,0.9999999999999964
58,763000000,58.763,indoor_world,differential_drive_robot,3.5965824452330675,-4.3153137388099627e-07,0.0020000114008730144,4.396409936236408e-10,3.433215650001427e-08,-7.691400616699051e-08,0.9999999999999964
58,783000000,58.783,indoor_world,differential_drive_robot,3.5965824452330675,-4.3153137388099627e-07,0.0020000114008730144,4.396409936236408e-10,3.433215650001427e-08,-7.691400616699051e-08,0.9999999999999964
58,803000000,58.803,indoor_world,differential_drive_robot,3.5965824452330675,-4.3153137388099627e-07,0.0020000114008730144,4.396409936236408e-10,3.433215650001427e-08,-7.691400616699051e-08,0.9999999999999964
58,823000000,58.823,indoor_world,differential_drive_robot,3.5965824452330675,-4.3153137388099627e-07,0.0020000114008730144,4.396409936236408e-10,3.433215650001427e-08,-7.691400616699051e-08,0.9999999999999964
58,843000000,58.843,indoor_world,differential_drive_robot,3.5965824452330675,-4.3153137388099627e-07,0.0020000114008730144,4.396409936236408e-10,3.433215650001427e-08,-7.691400616699051e-08,0.9999999999999964
58,863000000,58.863,indoor_world,differential_drive_robot,3.5965824452330675,-4.3153137388099627e-07,0.0020000114008730144,4.396409936236408e-10,3.433215650001427e-08,-7.691400616699051e-08,0.9999999999999964
58,883000000,58.883,indoor_world,differential_drive_robot,3.5965824452330675,-4.3153137388099627e-07,0.0020000114008730144,4.396409936236408e-10,3.433215650001427e-08,-7.691400616699051e-08,0.9999999999999964
58,903000000,58.903,indoor_world,differential_drive_robot,3.5965824452330675,-4.3153137388099627e-07,0.0020000114008730144,4.396409936236408e-10,3.433215650001427e-08,-7.691400616699051e-08,0.9999999999999964
58,923000000,58.923,indoor_world,differential_drive_robot,3.5965824452330675,-4.3153137388099627e-07,0.0020000114008730144,4.396409936236408e-10,3.433215650001427e-08,-7.691400616699051e-08,0.9999999999999964
58,943000000,58.943,indoor_world,differential_drive_robot,3.5965824452330675,-4.3153137388099627e-07,0.0020000114008730144,4.396409936236408e-10,3.433215650001427e-08,-7.691400616699051e-08,0.9999999999999964
58,963000000,58.963,indoor_world,differential_drive_robot,3.5965824452330675,-4.3153137388099627e-07,0.0020000114008730144,4.396409936236408e-10,3.433215650001427e-08,-7.691400616699051e-08,0.9999999999999964
58,983000000,58.983,indoor_world,differential_drive_robot,3.5965824452330675,-4.3153137388099627e-07,0.0020000114008730144,4.396409936236408e-10,3.433215650001427e-08,-7.691400616699051e-08,0.9999999999999964
59,3000000,59.003,indoor_world,differential_drive_robot,3.5965824452330675,-4.3153137388099627e-07,0.0020000114008730144,4.396409936236408e-10,3.433215650001427e-08,-7.691400616699051e-08,0.9999999999999964
59,23000000,59.023,indoor_world,differential_drive_robot,3.5965824452330675,-4.3153137388099627e-07,0.0020000114008730144,4.396409936236408e-10,3.433215650001427e-08,-7.691400616699051e-08,0.9999999999999964
59,43000000,59.043,indoor_world,differential_drive_robot,3.5965824452330675,-4.3153137388099627e-07,0.0020000114008730144,4.396409936236408e-10,3.433215650001427e-08,-7.691400616699051e-08,0.9999999999999964
59,63000000,59.063,indoor_world,differential_drive_robot,3.5965824452330675,-4.3153137388099627e-07,0.0020000114008730144,4.396409936236408e-10,3.433215650001427e-08,-7.691400616699051e-08,0.9999999999999964
59,83000000,59.083,indoor_world,differential_drive_robot,3.5965824452330675,-4.3153137388099627e-07,0.0020000114008730144,4.396409936236408e-10,3.433215650001427e-08,-7.691400616699051e-08,0.9999999999999964
59,103000000,59.103,indoor_world,differential_drive_robot,3.5965824452330675,-4.3153137388099627e-07,0.0020000114008730144,4.396409936236408e-10,3.433215650001427e-08,-7.691400616699051e-08,0.9999999999999964
59,123000000,59.123,indoor_world,differential_drive_robot,3.5965824452330675,-4.3153137388099627e-07,0.0020000114008730144,4.396409936236408e-10,3.433215650001427e-08,-7.691400616699051e-08,0.9999999999999964
59,143000000,59.143,indoor_world,differential_drive_robot,3.5965824452330675,-4.3153137388099627e-07,0.0020000114008730144,4.396409936236408e-10,3.433215650001427e-08,-7.691400616699051e-08,0.9999999999999964
59,163000000,59.163,indoor_world,differential_drive_robot,3.5965824452330675,-4.3153137388099627e-07,0.0020000114008730144,4.396409936236408e-10,3.433215650001427e-08,-7.691400616699051e-08,0.9999999999999964
59,183000000,59.183,indoor_world,differential_drive_robot,3.5965824452330675,-4.3153137388099627e-07,0.0020000114008730144,4.396409936236408e-10,3.433215650001427e-08,-7.691400616699051e-08,0.9999999999999964
59,203000000,59.203,indoor_world,differential_drive_robot,3.5965824452330675,-4.3153137388099627e-07,0.0020000114008730144,4.396409936236408e-10,3.433215650001427e-08,-7.691400616699051e-08,0.9999999999999964
59,223000000,59.223,indoor_world,differential_drive_robot,3.5965824452330675,-4.3153137388099627e-07,0.0020000114008730144,4.396409936236408e-10,3.433215650001427e-08,-7.691400616699051e-08,0.9999999999999964
59,243000000,59.243,indoor_world,differential_drive_robot,3.5965824452330675,-4.3153137388099627e-07,0.0020000114008730144,4.396409936236408e-10,3.433215650001427e-08,-7.691400616699051e-08,0.9999999999999964
59,263000000,59.263,indoor_world,differential_drive_robot,3.5965824452330675,-4.3153137388099627e-07,0.0020000114008730144,4.396409936236408e-10,3.433215650001427e-08,-7.691400616699051e-08,0.9999999999999964
59,283000000,59.283,indoor_world,differential_drive_robot,3.5965824452330675,-4.3153137388099627e-07,0.0020000114008730144,4.396409936236408e-10,3.433215650001427e-08,-7.691400616699051e-08,0.9999999999999964
59,303000000,59.303,indoor_world,differential_drive_robot,3.5965824452330675,-4.3153137388099627e-07,0.0020000114008730144,4.396409936236408e-10,3.433215650001427e-08,-7.691400616699051e-08,0.9999999999999964
59,323000000,59.323,indoor_world,differential_drive_robot,3.5965824452330675,-4.3153137388099627e-07,0.0020000114008730144,4.396409936236408e-10,3.433215650001427e-08,-7.691400616699051e-08,0.9999999999999964
59,343000000,59.343,indoor_world,differential_drive_robot,3.5965824452330675,-4.3153137388099627e-07,0.0020000114008730144,4.396409936236408e-10,3.433215650001427e-08,-7.691400616699051e-08,0.9999999999999964
59,363000000,59.363,indoor_world,differential_drive_robot,3.5965824452330675,-4.3153137388099627e-07,0.0020000114008730144,4.396409936236408e-10,3.433215650001427e-08,-7.691400616699051e-08,0.9999999999999964
59,383000000,59.383,indoor_world,differential_drive_robot,3.5965824452330675,-4.3153137388099627e-07,0.0020000114008730144,4.396409936236408e-10,3.433215650001427e-08,-7.691400616699051e-08,0.9999999999999964
59,403000000,59.403,indoor_world,differential_drive_robot,3.5965824452330675,-4.3153137388099627e-07,0.0020000114008730144,4.396409936236408e-10,3.433215650001427e-08,-7.691400616699051e-08,0.9999999999999964
59,423000000,59.423,indoor_world,differential_drive_robot,3.5965824452330675,-4.3153137388099627e-07,0.0020000114008730144,4.396409936236408e-10,3.433215650001427e-08,-7.691400616699051e-08,0.9999999999999964
59,443000000,59.443,indoor_world,differential_drive_robot,3.5965824452330675,-4.3153137388099627e-07,0.0020000114008730144,4.396409936236408e-10,3.433215650001427e-08,-7.691400616699051e-08,0.9999999999999964
59,463000000,59.463,indoor_world,differential_drive_robot,3.5965824452330675,-4.3153137388099627e-07,0.0020000114008730144,4.396409936236408e-10,3.433215650001427e-08,-7.691400616699051e-08,0.9999999999999964
59,483000000,59.483,indoor_world,differential_drive_robot,3.5965824452330675,-4.3153137388099627e-07,0.0020000114008730144,4.396409936236408e-10,3.433215650001427e-08,-7.691400616699051e-08,0.9999999999999964
59,503000000,59.503,indoor_world,differential_drive_robot,3.5965824452330675,-4.3153137388099627e-07,0.0020000114008730144,4.396409936236408e-10,3.433215650001427e-08,-7.691400616699051e-08,0.9999999999999964
59,523000000,59.523,indoor_world,differential_drive_robot,3.5965824452330675,-4.3153137388099627e-07,0.0020000114008730144,4.396409936236408e-10,3.433215650001427e-08,-7.691400616699051e-08,0.9999999999999964
59,543000000,59.543,indoor_world,differential_drive_robot,3.5965824452330675,-4.3153137388099627e-07,0.0020000114008730144,4.396409936236408e-10,3.433215650001427e-08,-7.691400616699051e-08,0.9999999999999964
59,563000000,59.563,indoor_world,differential_drive_robot,3.5965824452330675,-4.3153137388099627e-07,0.0020000114008730144,4.396409936236408e-10,3.433215650001427e-08,-7.691400616699051e-08,0.9999999999999964
59,583000000,59.583,indoor_world,differential_drive_robot,3.5965824452330675,-4.3153137388099627e-07,0.0020000114008730144,4.396409936236408e-10,3.433215650001427e-08,-7.691400616699051e-08,0.9999999999999964
59,603000000,59.603,indoor_world,differential_drive_robot,3.5965824452330675,-4.3153137388099627e-07,0.0020000114008730144,4.396409936236408e-10,3.433215650001427e-08,-7.691400616699051e-08,0.9999999999999964
59,623000000,59.623,indoor_world,differential_drive_robot,3.5965824452330675,-4.3153137388099627e-07,0.0020000114008730144,4.396409936236408e-10,3.433215650001427e-08,-7.691400616699051e-08,0.9999999999999964
59,643000000,59.643,indoor_world,differential_drive_robot,3.5965824452330675,-4.3153137388099627e-07,0.0020000114008730144,4.396409936236408e-10,3.433215650001427e-08,-7.691400616699051e-08,0.9999999999999964
59,663000000,59.663,indoor_world,differential_drive_robot,3.5965824452330675,-4.3153137388099627e-07,0.0020000114008730144,4.396409936236408e-10,3.433215650001427e-08,-7.691400616699051e-08,0.9999999999999964
59,683000000,59.683,indoor_world,differential_drive_robot,3.5965824452330675,-4.3153137388099627e-07,0.0020000114008730144,4.396409936236408e-10,3.433215650001427e-08,-7.691400616699051e-08,0.9999999999999964
59,703000000,59.703,indoor_world,differential_drive_robot,3.5965824452330675,-4.3153137388099627e-07,0.0020000114008730144,4.396409936236408e-10,3.433215650001427e-08,-7.691400616699051e-08,0.9999999999999964
59,723000000,59.723,indoor_world,differential_drive_robot,3.5965824452330675,-4.3153137388099627e-07,0.0020000114008730144,4.396409936236408e-10,3.433215650001427e-08,-7.691400616699051e-08,0.9999999999999964
59,743000000,59.743,indoor_world,differential_drive_robot,3.5965824452330675,-4.3153137388099627e-07,0.0020000114008730144,4.396409936236408e-10,3.433215650001427e-08,-7.691400616699051e-08,0.9999999999999964
59,763000000,59.763,indoor_world,differential_drive_robot,3.5965824452330675,-4.3153137388099627e-07,0.0020000114008730144,4.396409936236408e-10,3.433215650001427e-08,-7.691400616699051e-08,0.9999999999999964
59,783000000,59.783,indoor_world,differential_drive_robot,3.5965824452330675,-4.3153137388099627e-07,0.0020000114008730144,4.396409936236408e-10,3.433215650001427e-08,-7.691400616699051e-08,0.9999999999999964
59,803000000,59.803,indoor_world,differential_drive_robot,3.5965824452330675,-4.3153137388099627e-07,0.0020000114008730144,4.396409936236408e-10,3.433215650001427e-08,-7.691400616699051e-08,0.9999999999999964
59,823000000,59.823,indoor_world,differential_drive_robot,3.5965824452330675,-4.3153137388099627e-07,0.0020000114008730144,4.396409936236408e-10,3.433215650001427e-08,-7.691400616699051e-08,0.9999999999999964
59,843000000,59.843,indoor_world,differential_drive_robot,3.5965824452330675,-4.3153137388099627e-07,0.0020000114008730144,4.396409936236408e-10,3.433215650001427e-08,-7.691400616699051e-08,0.9999999999999964
59,863000000,59.863,indoor_world,differential_drive_robot,3.5965824452330675,-4.3153137388099627e-07,0.0020000114008730144,4.396409936236408e-10,3.433215650001427e-08,-7.691400616699051e-08,0.9999999999999964
59,883000000,59.883,indoor_world,differential_drive_robot,3.5965824452330675,-4.3153137388099627e-07,0.0020000114008730144,4.396409936236408e-10,3.433215650001427e-08,-7.691400616699051e-08,0.9999999999999964
59,903000000,59.903,indoor_world,differential_drive_robot,3.5965824452330675,-4.3153137388099627e-07,0.0020000114008730144,4.396409936236408e-10,3.433215650001427e-08,-7.691400616699051e-08,0.9999999999999964
59,923000000,59.923,indoor_world,differential_drive_robot,3.5965824452330675,-4.3153137388099627e-07,0.0020000114008730144,4.396409936236408e-10,3.433215650001427e-08,-7.691400616699051e-08,0.9999999999999964
59,943000000,59.943,indoor_world,differential_drive_robot,3.5965824452330675,-4.3153137388099627e-07,0.0020000114008730144,4.396409936236408e-10,3.433215650001427e-08,-7.691400616699051e-08,0.9999999999999964
59,963000000,59.963,indoor_world,differential_drive_robot,3.5965824452330675,-4.3153137388099627e-07,0.0020000114008730144,4.396409936236408e-10,3.433215650001427e-08,-7.691400616699051e-08,0.9999999999999964
59,983000000,59.983,indoor_world,differential_drive_robot,3.5965824452330675,-4.3153137388099627e-07,0.0020000114008730144,4.396409936236408e-10,3.433215650001427e-08,-7.691400616699051e-08,0.9999999999999964
60,3000000,60.003,indoor_world,differential_drive_robot,3.5965824452330675,-4.3153137388099627e-07,0.0020000114008730144,4.396409936236408e-10,3.433215650001427e-08,-7.691400616699051e-08,0.9999999999999964
60,23000000,60.023,indoor_world,differential_drive_robot,3.5965824452330675,-4.3153137388099627e-07,0.0020000114008730144,4.396409936236408e-10,3.433215650001427e-08,-7.691400616699051e-08,0.9999999999999964
60,43000000,60.043,indoor_world,differential_drive_robot,3.5965824452330675,-4.3153137388099627e-07,0.0020000114008730144,4.396409936236408e-10,3.433215650001427e-08,-7.691400616699051e-08,0.9999999999999964
60,63000000,60.063,indoor_world,differential_drive_robot,3.5965824452330675,-4.3153137388099627e-07,0.0020000114008730144,4.396409936236408e-10,3.433215650001427e-08,-7.691400616699051e-08,0.9999999999999964
60,83000000,60.083,indoor_world,differential_drive_robot,3.5965824452330675,-4.3153137388099627e-07,0.0020000114008730144,4.396409936236408e-10,3.433215650001427e-08,-7.691400616699051e-08,0.9999999999999964
60,103000000,60.103,indoor_world,differential_drive_robot,3.5965824452330675,-4.3153137388099627e-07,0.0020000114008730144,4.396409936236408e-10,3.433215650001427e-08,-7.691400616699051e-08,0.9999999999999964
60,123000000,60.123,indoor_world,differential_drive_robot,3.5965824452330675,-4.3153137388099627e-07,0.0020000114008730144,4.396409936236408e-10,3.433215650001427e-08,-7.691400616699051e-08,0.9999999999999964
60,143000000,60.143,indoor_world,differential_drive_robot,3.5965824452330675,-4.3153137388099627e-07,0.0020000114008730144,4.396409936236408e-10,3.433215650001427e-08,-7.691400616699051e-08,0.9999999999999964
60,163000000,60.163,indoor_world,differential_drive_robot,3.5965824452330675,-4.3153137388099627e-07,0.0020000114008730144,4.396409936236408e-10,3.433215650001427e-08,-7.691400616699051e-08,0.9999999999999964
60,183000000,60.183,indoor_world,differential_drive_robot,3.5965824452330675,-4.3153137388099627e-07,0.0020000114008730144,4.396409936236408e-10,3.433215650001427e-08,-7.691400616699051e-08,0.9999999999999964
60,203000000,60.203,indoor_world,differential_drive_robot,3.5965824452330675,-4.3153137388099627e-07,0.0020000114008730144,4.396409936236408e-10,3.433215650001427e-08,-7.691400616699051e-08,0.9999999999999964
60,223000000,60.223,indoor_world,differential_drive_robot,3.5965824452330675,-4.3153137388099627e-07,0.0020000114008730144,4.396409936236408e-10,3.433215650001427e-08,-7.691400616699051e-08,0.9999999999999964
60,243000000,60.243,indoor_world,differential_drive_robot,3.5965824452330675,-4.3153137388099627e-07,0.0020000114008730144,4.396409936236408e-10,3.433215650001427e-08,-7.691400616699051e-08,0.9999999999999964
60,263000000,60.263,indoor_world,differential_drive_robot,3.5965824452330675,-4.3153137388099627e-07,0.0020000114008730144,4.396409936236408e-10,3.433215650001427e-08,-7.691400616699051e-08,0.9999999999999964
60,283000000,60.283,indoor_world,differential_drive_robot,3.5965824452330675,-4.3153137388099627e-07,0.0020000114008730144,4.396409936236408e-10,3.433215650001427e-08,-7.691400616699051e-08,0.9999999999999964
60,303000000,60.303,indoor_world,differential_drive_robot,3.5965824452330675,-4.3153137388099627e-07,0.0020000114008730144,4.396409936236408e-10,3.433215650001427e-08,-7.691400616699051e-08,0.9999999999999964
60,323000000,60.323,indoor_world,differential_drive_robot,3.5965824452330675,-4.3153137388099627e-07,0.0020000114008730144,4.396409936236408e-10,3.433215650001427e-08,-7.691400616699051e-08,0.9999999999999964
60,343000000,60.343,indoor_world,differential_drive_robot,3.5965824452330675,-4.3153137388099627e-07,0.0020000114008730144,4.396409936236408e-10,3.433215650001427e-08,-7.691400616699051e-08,0.9999999999999964
60,363000000,60.363,indoor_world,differential_drive_robot,3.5965824452330675,-4.3153137388099627e-07,0.0020000114008730144,4.396409936236408e-10,3.433215650001427e-08,-7.691400616699051e-08,0.9999999999999964
60,383000000,60.383,indoor_world,differential_drive_robot,3.5965824452330675,-4.3153137388099627e-07,0.0020000114008730144,4.396409936236408e-10,3.433215650001427e-08,-7.691400616699051e-08,0.9999999999999964
60,403000000,60.403,indoor_world,differential_drive_robot,3.5965824452330675,-4.3153137388099627e-07,0.0020000114008730144,4.396409936236408e-10,3.433215650001427e-08,-7.691400616699051e-08,0.9999999999999964
60,423000000,60.423,indoor_world,differential_drive_robot,3.5965824452330675,-4.3153137388099627e-07,0.0020000114008730144,4.396409936236408e-10,3.433215650001427e-08,-7.691400616699051e-08,0.9999999999999964
60,443000000,60.443,indoor_world,differential_drive_robot,3.5965824452330675,-4.3153137388099627e-07,0.0020000114008730144,4.396409936236408e-10,3.433215650001427e-08,-7.691400616699051e-08,0.9999999999999964
60,463000000,60.463,indoor_world,differential_drive_robot,3.5965824452330675,-4.3153137388099627e-07,0.0020000114008730144,4.396409936236408e-10,3.433215650001427e-08,-7.691400616699051e-08,0.9999999999999964
60,483000000,60.483,indoor_world,differential_drive_robot,3.5965824452330675,-4.3153137388099627e-07,0.0020000114008730144,4.396409936236408e-10,3.433215650001427e-08,-7.691400616699051e-08,0.9999999999999964
60,503000000,60.503,indoor_world,differential_drive_robot,3.5965824452330675,-4.3153137388099627e-07,0.0020000114008730144,4.396409936236408e-10,3.433215650001427e-08,-7.691400616699051e-08,0.9999999999999964
60,523000000,60.523,indoor_world,differential_drive_robot,3.5965824452330675,-4.3153137388099627e-07,0.0020000114008730144,4.396409936236408e-10,3.433215650001427e-08,-7.691400616699051e-08,0.9999999999999964
60,543000000,60.543,indoor_world,differential_drive_robot,3.5965824452330675,-4.3153137388099627e-07,0.0020000114008730144,4.396409936236408e-10,3.433215650001427e-08,-7.691400616699051e-08,0.9999999999999964
60,563000000,60.563,indoor_world,differential_drive_robot,3.5965824452330675,-4.3153137388099627e-07,0.0020000114008730144,4.396409936236408e-10,3.433215650001427e-08,-7.691400616699051e-08,0.9999999999999964
60,583000000,60.583,indoor_world,differential_drive_robot,3.5965824452330675,-4.3153137388099627e-07,0.0020000114008730144,4.396409936236408e-10,3.433215650001427e-08,-7.691400616699051e-08,0.9999999999999964
60,603000000,60.603,indoor_world,differential_drive_robot,3.5965824452330675,-4.3153137388099627e-07,0.0020000114008730144,4.396409936236408e-10,3.433215650001427e-08,-7.691400616699051e-08,0.9999999999999964
60,623000000,60.623,indoor_world,differential_drive_robot,3.5965824452330675,-4.3153137388099627e-07,0.0020000114008730144,4.396409936236408e-10,3.433215650001427e-08,-7.691400616699051e-08,0.9999999999999964
60,643000000,60.643,indoor_world,differential_drive_robot,3.5965824452330675,-4.3153137388099627e-07,0.0020000114008730144,4.396409936236408e-10,3.433215650001427e-08,-7.691400616699051e-08,0.9999999999999964
60,663000000,60.663,indoor_world,differential_drive_robot,3.5965824452330675,-4.3153137388099627e-07,0.0020000114008730144,4.396409936236408e-10,3.433215650001427e-08,-7.691400616699051e-08,0.9999999999999964
60,683000000,60.683,indoor_world,differential_drive_robot,3.5965824452330675,-4.3153137388099627e-07,0.0020000114008730144,4.396409936236408e-10,3.433215650001427e-08,-7.691400616699051e-08,0.9999999999999964
60,703000000,60.703,indoor_world,differential_drive_robot,3.5965824452330675,-4.3153137388099627e-07,0.0020000114008730144,4.396409936236408e-10,3.433215650001427e-08,-7.691400616699051e-08,0.9999999999999964
60,723000000,60.723,indoor_world,differential_drive_robot,3.5965824452330675,-4.3153137388099627e-07,0.0020000114008730144,4.396409936236408e-10,3.433215650001427e-08,-7.691400616699051e-08,0.9999999999999964
