time_sec,time_nsec,timestamp,frame_id,child_frame_id,gt_x,gt_y,gt_z,gt_orient_x,gt_orient_y,gt_orient_z,gt_orient_w
46,361000000,46.361,odom,base_footprint,-3.569207474402439e-06,1.780714490263339e-13,0.0,0.0,0.0,-4.989103340244644e-08,0.9999999999999988
46,371000000,46.371,odom,base_footprint,-3.569207474402431e-06,1.7807144902633294e-13,0.0,0.0,0.0,-4.9891033402447654e-08,0.9999999999999988
46,380000000,46.38,terrain_world,differential_drive_robot,1.9999964258314777,11.399999970065483,-4.433823484413823e-07,-4.10467159318339e-10,8.20860756972274e-07,-4.9890855494431644e-08,0.9999999999996618
46,400000000,46.4,terrain_world,differential_drive_robot,1.9999964258314777,11.399999970065483,-4.433823484413823e-07,-4.10467159318339e-10,8.20860756972274e-07,-4.9890855494431644e-08,0.9999999999996618
46,420000000,46.42,terrain_world,differential_drive_robot,1.9999964258314777,11.399999970065483,-4.433823484413823e-07,-4.10467159318339e-10,8.20860756972274e-07,-4.9890855494431644e-08,0.9999999999996618
46,440000000,46.44,terrain_world,differential_drive_robot,1.9999964258314777,11.399999970065483,-4.433823484413823e-07,-4.10467159318339e-10,8.20860756972274e-07,-4.9890855494431644e-08,0.9999999999996618
46,460000000,46.46,terrain_world,differential_drive_robot,1.9999964258314777,11.399999970065483,-4.433823484413823e-07,-4.10467159318339e-10,8.20860756972274e-07,-4.9890855494431644e-08,0.9999999999996618
46,480000000,46.48,terrain_world,differential_drive_robot,1.9999964258314777,11.399999970065483,-4.433823484413823e-07,-4.10467159318339e-10,8.20860756972274e-07,-4.9890855494431644e-08,0.9999999999996618
46,500000000,46.5,terrain_world,differential_drive_robot,1.9999964258314777,11.399999970065483,-4.433823484413823e-07,-4.10467159318339e-10,8.20860756972274e-07,-4.9890855494431644e-08,0.9999999999996618
46,520000000,46.52,terrain_world,differential_drive_robot,1.9999964258314777,11.399999970065483,-4.433823484413823e-07,-4.10467159318339e-10,8.20860756972274e-07,-4.9890855494431644e-08,0.9999999999996618
46,540000000,46.54,terrain_world,differential_drive_robot,1.9999964258314777,11.399999970065483,-4.433823484413823e-07,-4.10467159318339e-10,8.20860756972274e-07,-4.9890855494431644e-08,0.9999999999996618
46,560000000,46.56,terrain_world,differential_drive_robot,1.9999964258314777,11.399999970065483,-4.433823484413823e-07,-4.10467159318339e-10,8.20860756972274e-07,-4.9890855494431644e-08,0.9999999999996618
46,580000000,46.58,terrain_world,differential_drive_robot,1.9999964258314777,11.399999970065483,-4.433823484413823e-07,-4.10467159318339e-10,8.20860756972274e-07,-4.9890855494431644e-08,0.9999999999996618
46,600000000,46.6,terrain_world,differential_drive_robot,1.9999964258314777,11.399999970065483,-4.433823484413823e-07,-4.10467159318339e-10,8.20860756972274e-07,-4.9890855494431644e-08,0.9999999999996618
46,620000000,46.62,terrain_world,differential_drive_robot,1.9999964258314777,11.399999970065483,-4.433823484413823e-07,-4.10467159318339e-10,8.20860756972274e-07,-4.9890855494431644e-08,0.9999999999996618
46,640000000,46.64,terrain_world,differential_drive_robot,1.9999964258314777,11.399999970065483,-4.433823484413823e-07,-4.10467159318339e-10,8.20860756972274e-07,-4.9890855494431644e-08,0.9999999999996618
46,660000000,46.66,terrain_world,differential_drive_robot,1.9999964258314777,11.399999970065483,-4.433823484413823e-07,-4.10467159318339e-10,8.20860756972274e-07,-4.9890855494431644e-08,0.9999999999996618
46,680000000,46.68,terrain_world,differential_drive_robot,1.9999964258314777,11.399999970065483,-4.433823484413823e-07,-4.10467159318339e-10,8.20860756972274e-07,-4.9890855494431644e-08,0.9999999999996618
46,700000000,46.7,terrain_world,differential_drive_robot,1.9999964258314777,11.399999970065483,-4.433823484413823e-07,-4.10467159318339e-10,8.20860756972274e-07,-4.9890855494431644e-08,0.9999999999996618
46,720000000,46.72,terrain_world,differential_drive_robot,1.9999964258314777,11.399999970065483,-4.433823484413823e-07,-4.10467159318339e-10,8.20860756972274e-07,-4.9890855494431644e-08,0.9999999999996618
46,740000000,46.74,terrain_world,differential_drive_robot,1.9999964258314777,11.399999970065483,-4.433823484413823e-07,-4.10467159318339e-10,8.20860756972274e-07,-4.9890855494431644e-08,0.9999999999996618
46,760000000,46.76,terrain_world,differential_drive_robot,1.9999964258314777,11.399999970065483,-4.433823484413823e-07,-4.10467159318339e-10,8.20860756972274e-07,-4.9890855494431644e-08,0.9999999999996618
46,780000000,46.78,terrain_world,differential_drive_robot,1.9999964258314777,11.399999970065483,-4.433823484413823e-07,-4.10467159318339e-10,8.20860756972274e-07,-4.9890855494431644e-08,0.9999999999996618
46,800000000,46.8,terrain_world,differential_drive_robot,1.9999964258314777,11.399999970065483,-4.433823484413823e-07,-4.10467159318339e-10,8.20860756972274e-07,-4.9890855494431644e-08,0.9999999999996618
46,820000000,46.82,terrain_world,differential_drive_robot,1.9999964258314777,11.399999970065483,-4.433823484413823e-07,-4.10467159318339e-10,8.20860756972274e-07,-4.9890855494431644e-08,0.9999999999996618
46,840000000,46.84,terrain_world,differential_drive_robot,1.9999964258314777,11.399999970065483,-4.433823484413823e-07,-4.10467159318339e-10,8.20860756972274e-07,-4.9890855494431644e-08,0.9999999999996618
46,860000000,46.86,terrain_world,differential_drive_robot,1.9999964258314777,11.399999970065483,-4.433823484413823e-07,-4.10467159318339e-10,8.20860756972274e-07,-4.9890855494431644e-08,0.9999999999996618
46,880000000,46.88,terrain_world,differential_drive_robot,1.9999964258314777,11.399999970065483,-4.433823484413823e-07,-4.10467159318339e-10,8.20860756972274e-07,-4.9890855494431644e-08,0.9999999999996618
46,900000000,46.9,terrain_world,differential_drive_robot,1.9999964258314777,11.399999970065483,-4.433823484413823e-07,-4.10467159318339e-10,8.20860756972274e-07,-4.9890855494431644e-08,0.9999999999996618
46,920000000,46.92,terrain_world,differential_drive_robot,1.9999964258314777,11.399999970065483,-4.433823484413823e-07,-4.10467159318339e-10,8.20860756972274e-07,-4.9890855494431644e-08,0.9999999999996618
46,940000000,46.94,terrain_world,differential_drive_robot,1.9999964258314777,11.399999970065483,-4.433823484413823e-07,-4.10467159318339e-10,8.20860756972274e-07,-4.9890855494431644e-08,0.9999999999996618
46,960000000,46.96,terrain_world,differential_drive_robot,1.9999964258314777,11.399999970065483,-4.433823484413823e-07,-4.10467159318339e-10,8.20860756972274e-07,-4.9890855494431644e-08,0.9999999999996618
46,980000000,46.98,terrain_world,differential_drive_robot,1.9999964258314777,11.399999970065483,-4.433823484413823e-07,-4.10467159318339e-10,8.20860756972274e-07,-4.9890855494431644e-08,0.9999999999996618
47,0,47.0,terrain_world,differential_drive_robot,1.9999964258314777,11.399999970065483,-4.433823484413823e-07,-4.10467159318339e-10,8.20860756972274e-07,-4.9890855494431644e-08,0.9999999999996618
47,20000000,47.02,terrain_world,differential_drive_robot,1.9999964258314777,11.399999970065483,-4.433823484413823e-07,-4.10467159318339e-10,8.20860756972274e-07,-4.9890855494431644e-08,0.9999999999996618
47,40000000,47.04,terrain_world,differential_drive_robot,1.9999964258314777,11.399999970065483,-4.433823484413823e-07,-4.10467159318339e-10,8.20860756972274e-07,-4.9890855494431644e-08,0.9999999999996618
47,60000000,47.06,terrain_world,differential_drive_robot,1.9999964258314777,11.399999970065483,-4.433823484413823e-07,-4.10467159318339e-10,8.20860756972274e-07,-4.9890855494431644e-08,0.9999999999996618
47,80000000,47.08,terrain_world,differential_drive_robot,1.9999964258314777,11.399999970065483,-4.433823484413823e-07,-4.10467159318339e-10,8.20860756972274e-07,-4.9890855494431644e-08,0.9999999999996618
47,100000000,47.1,terrain_world,differential_drive_robot,1.9999964258314777,11.399999970065483,-4.433823484413823e-07,-4.10467159318339e-10,8.20860756972274e-07,-4.9890855494431644e-08,0.9999999999996618
47,120000000,47.12,terrain_world,differential_drive_robot,1.9999964258314777,11.399999970065483,-4.433823484413823e-07,-4.10467159318339e-10,8.20860756972274e-07,-4.9890855494431644e-08,0.9999999999996618
47,140000000,47.14,terrain_world,differential_drive_robot,1.9999964258314777,11.399999970065483,-4.433823484413823e-07,-4.10467159318339e-10,8.20860756972274e-07,-4.9890855494431644e-08,0.9999999999996618
47,160000000,47.16,terrain_world,differential_drive_robot,1.9999964258314777,11.399999970065483,-4.433823484413823e-07,-4.10467159318339e-10,8.20860756972274e-07,-4.9890855494431644e-08,0.9999999999996618
47,180000000,47.18,terrain_world,differential_drive_robot,1.9999964258314777,11.399999970065483,-4.433823484413823e-07,-4.10467159318339e-10,8.20860756972274e-07,-4.9890855494431644e-08,0.9999999999996618
47,200000000,47.2,terrain_world,differential_drive_robot,1.9999964258314777,11.399999970065483,-4.433823484413823e-07,-4.10467159318339e-10,8.20860756972274e-07,-4.9890855494431644e-08,0.9999999999996618
47,220000000,47.22,terrain_world,differential_drive_robot,1.9999964258314777,11.399999970065483,-4.433823484413823e-07,-4.10467159318339e-10,8.20860756972274e-07,-4.9890855494431644e-08,0.9999999999996618
47,240000000,47.24,terrain_world,differential_drive_robot,1.9999964258314777,11.399999970065483,-4.433823484413823e-07,-4.10467159318339e-10,8.20860756972274e-07,-4.9890855494431644e-08,0.9999999999996618
47,260000000,47.26,terrain_world,differential_drive_robot,1.9999964258314777,11.399999970065483,-4.433823484413823e-07,-4.10467159318339e-10,8.20860756972274e-07,-4.9890855494431644e-08,0.9999999999996618
47,280000000,47.28,terrain_world,differential_drive_robot,1.9999964258314777,11.399999970065483,-4.433823484413823e-07,-4.10467159318339e-10,8.20860756972274e-07,-4.9890855494431644e-08,0.9999999999996618
47,300000000,47.3,terrain_world,differential_drive_robot,1.9999964258314777,11.399999970065483,-4.433823484413823e-07,-4.10467159318339e-10,8.20860756972274e-07,-4.9890855494431644e-08,0.9999999999996618
47,320000000,47.32,terrain_world,differential_drive_robot,1.9999964258314777,11.399999970065483,-4.433823484413823e-07,-4.10467159318339e-10,8.20860756972274e-07,-4.9890855494431644e-08,0.9999999999996618
47,340000000,47.34,terrain_world,differential_drive_robot,1.9999964258314777,11.399999970065483,-4.433823484413823e-07,-4.10467159318339e-10,8.20860756972274e-07,-4.9890855494431644e-08,0.9999999999996618
47,360000000,47.36,terrain_world,differential_drive_robot,1.9999964258314777,11.399999970065483,-4.433823484413823e-07,-4.10467159318339e-10,8.20860756972274e-07,-4.9890855494431644e-08,0.9999999999996618
47,380000000,47.38,terrain_world,differential_drive_robot,1.9999964258314777,11.399999970065483,-4.433823484413823e-07,-4.10467159318339e-10,8.20860756972274e-07,-4.9890855494431644e-08,0.9999999999996618
47,400000000,47.4,terrain_world,differential_drive_robot,1.9999964258314777,11.399999970065483,-4.433823484413823e-07,-4.10467159318339e-10,8.20860756972274e-07,-4.9890855494431644e-08,0.9999999999996618
47,420000000,47.42,terrain_world,differential_drive_robot,1.9999964258314777,11.399999970065483,-4.433823484413823e-07,-4.10467159318339e-10,8.20860756972274e-07,-4.9890855494431644e-08,0.9999999999996618
47,440000000,47.44,terrain_world,differential_drive_robot,1.9999964258314777,11.399999970065483,-4.433823484413823e-07,-4.10467159318339e-10,8.20860756972274e-07,-4.9890855494431644e-08,0.9999999999996618
47,460000000,47.46,terrain_world,differential_drive_robot,1.9999964258314777,11.399999970065483,-4.433823484413823e-07,-4.10467159318339e-10,8.20860756972274e-07,-4.9890855494431644e-08,0.9999999999996618
47,480000000,47.48,terrain_world,differential_drive_robot,1.9999964258314777,11.399999970065483,-4.433823484413823e-07,-4.10467159318339e-10,8.20860756972274e-07,-4.9890855494431644e-08,0.9999999999996618
47,500000000,47.5,terrain_world,differential_drive_robot,1.9999964258314777,11.399999970065483,-4.433823484413823e-07,-4.10467159318339e-10,8.20860756972274e-07,-4.9890855494431644e-08,0.9999999999996618
47,520000000,47.52,terrain_world,differential_drive_robot,1.9999964258314777,11.399999970065483,-4.433823484413823e-07,-4.10467159318339e-10,8.20860756972274e-07,-4.9890855494431644e-08,0.9999999999996618
47,540000000,47.54,terrain_world,differential_drive_robot,1.9999964258314777,11.399999970065483,-4.433823484413823e-07,-4.10467159318339e-10,8.20860756972274e-07,-4.9890855494431644e-08,0.9999999999996618
47,560000000,47.56,terrain_world,differential_drive_robot,1.9999964258314777,11.399999970065483,-4.433823484413823e-07,-4.10467159318339e-10,8.20860756972274e-07,-4.9890855494431644e-08,0.9999999999996618
47,580000000,47.58,terrain_world,differential_drive_robot,1.9999964258314777,11.399999970065483,-4.433823484413823e-07,-4.10467159318339e-10,8.20860756972274e-07,-4.9890855494431644e-08,0.9999999999996618
47,600000000,47.6,terrain_world,differential_drive_robot,1.9999964258314777,11.399999970065483,-4.433823484413823e-07,-4.10467159318339e-10,8.20860756972274e-07,-4.9890855494431644e-08,0.9999999999996618
47,620000000,47.62,terrain_world,differential_drive_robot,1.9999964258314777,11.399999970065483,-4.433823484413823e-07,-4.10467159318339e-10,8.20860756972274e-07,-4.9890855494431644e-08,0.9999999999996618
47,640000000,47.64,terrain_world,differential_drive_robot,1.9999964258314777,11.399999970065483,-4.433823484413823e-07,-4.10467159318339e-10,8.20860756972274e-07,-4.9890855494431644e-08,0.9999999999996618
47,660000000,47.66,terrain_world,differential_drive_robot,1.9999964258314777,11.399999970065483,-4.433823484413823e-07,-4.10467159318339e-10,8.20860756972274e-07,-4.9890855494431644e-08,0.9999999999996618
47,680000000,47.68,terrain_world,differential_drive_robot,1.9999964258314777,11.399999970065483,-4.433823484413823e-07,-4.10467159318339e-10,8.20860756972274e-07,-4.9890855494431644e-08,0.9999999999996618
47,700000000,47.7,terrain_world,differential_drive_robot,1.9999964258314777,11.399999970065483,-4.433823484413823e-07,-4.10467159318339e-10,8.20860756972274e-07,-4.9890855494431644e-08,0.9999999999996618
47,720000000,47.72,terrain_world,differential_drive_robot,1.9999964258314777,11.399999970065483,-4.433823484413823e-07,-4.10467159318339e-10,8.20860756972274e-07,-4.9890855494431644e-08,0.9999999999996618
47,740000000,47.74,terrain_world,differential_drive_robot,1.9999964258314777,11.399999970065483,-4.433823484413823e-07,-4.10467159318339e-10,8.20860756972274e-07,-4.9890855494431644e-08,0.9999999999996618
47,760000000,47.76,terrain_world,differential_drive_robot,1.9999964258314777,11.399999970065483,-4.433823484413823e-07,-4.10467159318339e-10,8.20860756972274e-07,-4.9890855494431644e-08,0.9999999999996618
47,780000000,47.78,terrain_world,differential_drive_robot,1.9999964258314777,11.399999970065483,-4.433823484413823e-07,-4.10467159318339e-10,8.20860756972274e-07,-4.9890855494431644e-08,0.9999999999996618
47,800000000,47.8,terrain_world,differential_drive_robot,1.9999964258314777,11.399999970065483,-4.433823484413823e-07,-4.10467159318339e-10,8.20860756972274e-07,-4.9890855494431644e-08,0.9999999999996618
47,820000000,47.82,terrain_world,differential_drive_robot,1.9999964258314777,11.399999970065483,-4.433823484413823e-07,-4.10467159318339e-10,8.20860756972274e-07,-4.9890855494431644e-08,0.9999999999996618
47,840000000,47.84,terrain_world,differential_drive_robot,1.9999964258314777,11.399999970065483,-4.433823484413823e-07,-4.10467159318339e-10,8.20860756972274e-07,-4.9890855494431644e-08,0.9999999999996618
47,860000000,47.86,terrain_world,differential_drive_robot,1.9999964258314777,11.399999970065483,-4.433823484413823e-07,-4.10467159318339e-10,8.20860756972274e-07,-4.9890855494431644e-08,0.9999999999996618
47,880000000,47.88,terrain_world,differential_drive_robot,1.9999964258314777,11.399999970065483,-4.433823484413823e-07,-4.10467159318339e-10,8.20860756972274e-07,-4.9890855494431644e-08,0.9999999999996618
47,900000000,47.9,terrain_world,differential_drive_robot,1.9999964258314777,11.399999970065483,-4.433823484413823e-07,-4.10467159318339e-10,8.20860756972274e-07,-4.9890855494431644e-08,0.9999999999996618
47,920000000,47.92,terrain_world,differential_drive_robot,1.9999964258314777,11.399999970065483,-4.433823484413823e-07,-4.10467159318339e-10,8.20860756972274e-07,-4.9890855494431644e-08,0.9999999999996618
47,940000000,47.94,terrain_world,differential_drive_robot,1.9999964258314777,11.399999970065483,-4.433823484413823e-07,-4.10467159318339e-10,8.20860756972274e-07,-4.9890855494431644e-08,0.9999999999996618
47,960000000,47.96,terrain_world,differential_drive_robot,1.9999964258314777,11.399999970065483,-4.433823484413823e-07,-4.10467159318339e-10,8.20860756972274e-07,-4.9890855494431644e-08,0.9999999999996618
47,980000000,47.98,terrain_world,differential_drive_robot,1.9999964258314777,11.399999970065483,-4.433823484413823e-07,-4.10467159318339e-10,8.20860756972274e-07,-4.9890855494431644e-08,0.9999999999996618
48,0,48.0,terrain_world,differential_drive_robot,1.9999964258314777,11.399999970065483,-4.433823484413823e-07,-4.10467159318339e-10,8.20860756972274e-07,-4.9890855494431644e-08,0.9999999999996618
48,20000000,48.02,terrain_world,differential_drive_robot,1.9999964258314777,11.399999970065483,-4.433823484413823e-07,-4.10467159318339e-10,8.20860756972274e-07,-4.9890855494431644e-08,0.9999999999996618
48,40000000,48.04,terrain_world,differential_drive_robot,1.9999964258314777,11.399999970065483,-4.433823484413823e-07,-4.10467159318339e-10,8.20860756972274e-07,-4.9890855494431644e-08,0.9999999999996618
48,60000000,48.06,terrain_world,differential_drive_robot,1.9999964258314777,11.399999970065483,-4.433823484413823e-07,-4.10467159318339e-10,8.20860756972274e-07,-4.9890855494431644e-08,0.9999999999996618
48,80000000,48.08,terrain_world,differential_drive_robot,1.9999964258314777,11.399999970065483,-4.433823484413823e-07,-4.10467159318339e-10,8.20860756972274e-07,-4.9890855494431644e-08,0.9999999999996618
48,100000000,48.1,terrain_world,differential_drive_robot,1.9999964258314777,11.399999970065483,-4.433823484413823e-07,-4.10467159318339e-10,8.20860756972274e-07,-4.9890855494431644e-08,0.9999999999996618
48,120000000,48.12,terrain_world,differential_drive_robot,1.9999964258314777,11.399999970065483,-4.433823484413823e-07,-4.10467159318339e-10,8.20860756972274e-07,-4.9890855494431644e-08,0.9999999999996618
48,140000000,48.14,terrain_world,differential_drive_robot,1.9999964258314777,11.399999970065483,-4.433823484413823e-07,-4.10467159318339e-10,8.20860756972274e-07,-4.9890855494431644e-08,0.9999999999996618
48,160000000,48.16,terrain_world,differential_drive_robot,1.9999964258314777,11.399999970065483,-4.433823484413823e-07,-4.10467159318339e-10,8.20860756972274e-07,-4.9890855494431644e-08,0.9999999999996618
48,180000000,48.18,terrain_world,differential_drive_robot,1.9999964258314777,11.399999970065483,-4.433823484413823e-07,-4.10467159318339e-10,8.20860756972274e-07,-4.9890855494431644e-08,0.9999999999996618
48,200000000,48.2,terrain_world,differential_drive_robot,1.9999964258314777,11.399999970065483,-4.433823484413823e-07,-4.10467159318339e-10,8.20860756972274e-07,-4.9890855494431644e-08,0.9999999999996618
48,220000000,48.22,terrain_world,differential_drive_robot,1.9999964258314777,11.399999970065483,-4.433823484413823e-07,-4.10467159318339e-10,8.20860756972274e-07,-4.9890855494431644e-08,0.9999999999996618
48,240000000,48.24,terrain_world,differential_drive_robot,1.9999964258314777,11.399999970065483,-4.433823484413823e-07,-4.10467159318339e-10,8.20860756972274e-07,-4.9890855494431644e-08,0.9999999999996618
48,260000000,48.26,terrain_world,differential_drive_robot,1.9999964258314777,11.399999970065483,-4.433823484413823e-07,-4.10467159318339e-10,8.20860756972274e-07,-4.9890855494431644e-08,0.9999999999996618
48,280000000,48.28,terrain_world,differential_drive_robot,1.9999964258314777,11.399999970065483,-4.433823484413823e-07,-4.10467159318339e-10,8.20860756972274e-07,-4.9890855494431644e-08,0.9999999999996618
48,300000000,48.3,terrain_world,differential_drive_robot,1.9999964258314777,11.399999970065483,-4.433823484413823e-07,-4.10467159318339e-10,8.20860756972274e-07,-4.9890855494431644e-08,0.9999999999996618
48,320000000,48.32,terrain_world,differential_drive_robot,1.9999964258314777,11.399999970065483,-4.433823484413823e-07,-4.10467159318339e-10,8.20860756972274e-07,-4.9890855494431644e-08,0.9999999999996618
48,340000000,48.34,terrain_world,differential_drive_robot,1.9999964258314777,11.399999970065483,-4.433823484413823e-07,-4.10467159318339e-10,8.20860756972274e-07,-4.9890855494431644e-08,0.9999999999996618
48,360000000,48.36,terrain_world,differential_drive_robot,1.9999964258314777,11.399999970065483,-4.433823484413823e-07,-4.10467159318339e-10,8.20860756972274e-07,-4.9890855494431644e-08,0.9999999999996618
48,380000000,48.38,terrain_world,differential_drive_robot,1.9999964258314777,11.399999970065483,-4.433823484413823e-07,-4.10467159318339e-10,8.20860756972274e-07,-4.9890855494431644e-08,0.9999999999996618
48,400000000,48.4,terrain_world,differential_drive_robot,1.9999964258314777,11.399999970065483,-4.433823484413823e-07,-4.10467159318339e-10,8.20860756972274e-07,-4.9890855494431644e-08,0.9999999999996618
48,420000000,48.42,terrain_world,differential_drive_robot,1.9999964258314777,11.399999970065483,-4.433823484413823e-07,-4.10467159318339e-10,8.20860756972274e-07,-4.9890855494431644e-08,0.9999999999996618
48,440000000,48.44,terrain_world,differential_drive_robot,1.9999964258314777,11.399999970065483,-4.433823484413823e-07,-4.10467159318339e-10,8.20860756972274e-07,-4.9890855494431644e-08,0.9999999999996618
48,460000000,48.46,terrain_world,differential_drive_robot,1.9999964258314777,11.399999970065483,-4.433823484413823e-07,-4.10467159318339e-10,8.20860756972274e-07,-4.9890855494431644e-08,0.9999999999996618
48,480000000,48.48,terrain_world,differential_drive_robot,1.9999964258314777,11.399999970065483,-4.433823484413823e-07,-4.10467159318339e-10,8.20860756972274e-07,-4.9890855494431644e-08,0.9999999999996618
48,500000000,48.5,terrain_world,differential_drive_robot,1.9999964258314777,11.399999970065483,-4.433823484413823e-07,-4.10467159318339e-10,8.20860756972274e-07,-4.9890855494431644e-08,0.9999999999996618
48,520000000,48.52,terrain_world,differential_drive_robot,1.9999964258314777,11.399999970065483,-4.433823484413823e-07,-4.10467159318339e-10,8.20860756972274e-07,-4.9890855494431644e-08,0.9999999999996618
48,540000000,48.54,terrain_world,differential_drive_robot,1.9999964258314777,11.399999970065483,-4.433823484413823e-07,-4.10467159318339e-10,8.20860756972274e-07,-4.9890855494431644e-08,0.9999999999996618
48,560000000,48.56,terrain_world,differential_drive_robot,1.9999964258314777,11.399999970065483,-4.433823484413823e-07,-4.10467159318339e-10,8.20860756972274e-07,-4.9890855494431644e-08,0.9999999999996618
48,580000000,48.58,terrain_world,differential_drive_robot,1.9999964258314777,11.399999970065483,-4.433823484413823e-07,-4.10467159318339e-10,8.20860756972274e-07,-4.9890855494431644e-08,0.9999999999996618
48,600000000,48.6,terrain_world,differential_drive_robot,1.9999964258314777,11.399999970065483,-4.433823484413823e-07,-4.10467159318339e-10,8.20860756972274e-07,-4.9890855494431644e-08,0.9999999999996618
48,620000000,48.62,terrain_world,differential_drive_robot,1.9999964258314777,11.399999970065483,-4.433823484413823e-07,-4.10467159318339e-10,8.20860756972274e-07,-4.9890855494431644e-08,0.9999999999996618
48,640000000,48.64,terrain_world,differential_drive_robot,1.9999964258314777,11.399999970065483,-4.433823484413823e-07,-4.10467159318339e-10,8.20860756972274e-07,-4.9890855494431644e-08,0.9999999999996618
48,660000000,48.66,terrain_world,differential_drive_robot,1.9999964258314777,11.399999970065483,-4.433823484413823e-07,-4.10467159318339e-10,8.20860756972274e-07,-4.9890855494431644e-08,0.9999999999996618
48,680000000,48.68,terrain_world,differential_drive_robot,1.9999964258314777,11.399999970065483,-4.433823484413823e-07,-4.10467159318339e-10,8.20860756972274e-07,-4.9890855494431644e-08,0.9999999999996618
48,700000000,48.7,terrain_world,differential_drive_robot,1.9999964258314777,11.399999970065483,-4.433823484413823e-07,-4.10467159318339e-10,8.20860756972274e-07,-4.9890855494431644e-08,0.9999999999996618
48,720000000,48.72,terrain_world,differential_drive_robot,1.9999964258314777,11.399999970065483,-4.433823484413823e-07,-4.10467159318339e-10,8.20860756972274e-07,-4.9890855494431644e-08,0.9999999999996618
48,740000000,48.74,terrain_world,differential_drive_robot,1.9999964258314777,11.399999970065483,-4.433823484413823e-07,-4.10467159318339e-10,8.20860756972274e-07,-4.9890855494431644e-08,0.9999999999996618
48,760000000,48.76,terrain_world,differential_drive_robot,1.9999964258314777,11.399999970065483,-4.433823484413823e-07,-4.10467159318339e-10,8.20860756972274e-07,-4.9890855494431644e-08,0.9999999999996618
48,780000000,48.78,terrain_world,differential_drive_robot,1.9999964258314777,11.399999970065483,-4.433823484413823e-07,-4.10467159318339e-10,8.20860756972274e-07,-4.9890855494431644e-08,0.9999999999996618
48,800000000,48.8,terrain_world,differential_drive_robot,1.9999964258314777,11.399999970065483,-4.433823484413823e-07,-4.10467159318339e-10,8.20860756972274e-07,-4.9890855494431644e-08,0.9999999999996618
48,820000000,48.82,terrain_world,differential_drive_robot,1.9999964258314777,11.399999970065483,-4.433823484413823e-07,-4.10467159318339e-10,8.20860756972274e-07,-4.9890855494431644e-08,0.9999999999996618
48,840000000,48.84,terrain_world,differential_drive_robot,1.9999964258314777,11.399999970065483,-4.433823484413823e-07,-4.10467159318339e-10,8.20860756972274e-07,-4.9890855494431644e-08,0.9999999999996618
48,860000000,48.86,terrain_world,differential_drive_robot,1.9999964258314777,11.399999970065483,-4.433823484413823e-07,-4.10467159318339e-10,8.20860756972274e-07,-4.9890855494431644e-08,0.9999999999996618
48,880000000,48.88,terrain_world,differential_drive_robot,1.9999964258314777,11.399999970065483,-4.433823484413823e-07,-4.10467159318339e-10,8.20860756972274e-07,-4.9890855494431644e-08,0.9999999999996618
48,900000000,48.9,terrain_world,differential_drive_robot,1.9999964258314777,11.399999970065483,-4.433823484413823e-07,-4.10467159318339e-10,8.20860756972274e-07,-4.9890855494431644e-08,0.9999999999996618
48,920000000,48.92,terrain_world,differential_drive_robot,1.9999964258314777,11.399999970065483,-4.433823484413823e-07,-4.10467159318339e-10,8.20860756972274e-07,-4.9890855494431644e-08,0.9999999999996618
48,940000000,48.94,terrain_world,differential_drive_robot,1.9999964258314777,11.399999970065483,-4.433823484413823e-07,-4.10467159318339e-10,8.20860756972274e-07,-4.9890855494431644e-08,0.9999999999996618
48,960000000,48.96,terrain_world,differential_drive_robot,1.9999964258314777,11.399999970065483,-4.433823484413823e-07,-4.10467159318339e-10,8.20860756972274e-07,-4.9890855494431644e-08,0.9999999999996618
48,980000000,48.98,terrain_world,differential_drive_robot,1.9999964258314777,11.399999970065483,-4.433823484413823e-07,-4.10467159318339e-10,8.20860756972274e-07,-4.9890855494431644e-08,0.9999999999996618
49,0,49.0,terrain_world,differential_drive_robot,1.9999964258314777,11.399999970065483,-4.433823484413823e-07,-4.10467159318339e-10,8.20860756972274e-07,-4.9890855494431644e-08,0.9999999999996618
49,20000000,49.02,terrain_world,differential_drive_robot,1.9999964258314777,11.399999970065483,-4.433823484413823e-07,-4.10467159318339e-10,8.20860756972274e-07,-4.9890855494431644e-08,0.9999999999996618
49,40000000,49.04,terrain_world,differential_drive_robot,1.9999964258314777,11.399999970065483,-4.433823484413823e-07,-4.10467159318339e-10,8.20860756972274e-07,-4.9890855494431644e-08,0.9999999999996618
49,60000000,49.06,terrain_world,differential_drive_robot,1.9999964258314777,11.399999970065483,-4.433823484413823e-07,-4.10467159318339e-10,8.20860756972274e-07,-4.9890855494431644e-08,0.9999999999996618
49,80000000,49.08,terrain_world,differential_drive_robot,1.9999964258314777,11.399999970065483,-4.433823484413823e-07,-4.10467159318339e-10,8.20860756972274e-07,-4.9890855494431644e-08,0.9999999999996618
49,100000000,49.1,terrain_world,differential_drive_robot,1.9999964258314777,11.399999970065483,-4.433823484413823e-07,-4.10467159318339e-10,8.20860756972274e-07,-4.9890855494431644e-08,0.9999999999996618
49,120000000,49.12,terrain_world,differential_drive_robot,1.9999964258314777,11.399999970065483,-4.433823484413823e-07,-4.10467159318339e-10,8.20860756972274e-07,-4.9890855494431644e-08,0.9999999999996618
49,140000000,49.14,terrain_world,differential_drive_robot,1.9999964258314777,11.399999970065483,-4.433823484413823e-07,-4.10467159318339e-10,8.20860756972274e-07,-4.9890855494431644e-08,0.9999999999996618
49,160000000,49.16,terrain_world,differential_drive_robot,1.9999964258314777,11.399999970065483,-4.433823484413823e-07,-4.10467159318339e-10,8.20860756972274e-07,-4.9890855494431644e-08,0.9999999999996618
49,180000000,49.18,terrain_world,differential_drive_robot,1.9999964258314777,11.399999970065483,-4.433823484413823e-07,-4.10467159318339e-10,8.20860756972274e-07,-4.9890855494431644e-08,0.9999999999996618
49,200000000,49.2,terrain_world,differential_drive_robot,1.9999964258314777,11.399999970065483,-4.433823484413823e-07,-4.10467159318339e-10,8.20860756972274e-07,-4.9890855494431644e-08,0.9999999999996618
49,220000000,49.22,terrain_world,differential_drive_robot,1.9999964258314777,11.399999970065483,-4.433823484413823e-07,-4.10467159318339e-10,8.20860756972274e-07,-4.9890855494431644e-08,0.9999999999996618
49,240000000,49.24,terrain_world,differential_drive_robot,1.9999964258314777,11.399999970065483,-4.433823484413823e-07,-4.10467159318339e-10,8.20860756972274e-07,-4.9890855494431644e-08,0.9999999999996618
49,260000000,49.26,terrain_world,differential_drive_robot,1.9999964258314777,11.399999970065483,-4.433823484413823e-07,-4.10467159318339e-10,8.20860756972274e-07,-4.9890855494431644e-08,0.9999999999996618
49,280000000,49.28,terrain_world,differential_drive_robot,1.9999964258314777,11.399999970065483,-4.433823484413823e-07,-4.10467159318339e-10,8.20860756972274e-07,-4.9890855494431644e-08,0.9999999999996618
49,300000000,49.3,terrain_world,differential_drive_robot,1.9999964258314777,11.399999970065483,-4.433823484413823e-07,-4.10467159318339e-10,8.20860756972274e-07,-4.9890855494431644e-08,0.9999999999996618
49,320000000,49.32,terrain_world,differential_drive_robot,1.9999964258314777,11.399999970065483,-4.433823484413823e-07,-4.10467159318339e-10,8.20860756972274e-07,-4.9890855494431644e-08,0.9999999999996618
49,340000000,49.34,terrain_world,differential_drive_robot,1.9999964258314777,11.399999970065483,-4.433823484413823e-07,-4.10467159318339e-10,8.20860756972274e-07,-4.9890855494431644e-08,0.9999999999996618
49,360000000,49.36,terrain_world,differential_drive_robot,1.9999964258314777,11.399999970065483,-4.433823484413823e-07,-4.10467159318339e-10,8.20860756972274e-07,-4.9890855494431644e-08,0.9999999999996618
49,380000000,49.38,terrain_world,differential_drive_robot,1.9999964258314777,11.399999970065483,-4.433823484413823e-07,-4.10467159318339e-10,8.20860756972274e-07,-4.9890855494431644e-08,0.9999999999996618
49,400000000,49.4,terrain_world,differential_drive_robot,1.9999964258314777,11.399999970065483,-4.433823484413823e-07,-4.10467159318339e-10,8.20860756972274e-07,-4.9890855494431644e-08,0.9999999999996618
49,420000000,49.42,terrain_world,differential_drive_robot,1.9999964258314777,11.399999970065483,-4.433823484413823e-07,-4.10467159318339e-10,8.20860756972274e-07,-4.9890855494431644e-08,0.9999999999996618
49,440000000,49.44,terrain_world,differential_drive_robot,1.9999964258314777,11.399999970065483,-4.433823484413823e-07,-4.10467159318339e-10,8.20860756972274e-07,-4.9890855494431644e-08,0.9999999999996618
49,460000000,49.46,terrain_world,differential_drive_robot,1.9999964258314777,11.399999970065483,-4.433823484413823e-07,-4.10467159318339e-10,8.20860756972274e-07,-4.9890855494431644e-08,0.9999999999996618
49,480000000,49.48,terrain_world,differential_drive_robot,1.9999964258314777,11.399999970065483,-4.433823484413823e-07,-4.10467159318339e-10,8.20860756972274e-07,-4.9890855494431644e-08,0.9999999999996618
49,500000000,49.5,terrain_world,differential_drive_robot,1.9999964258314777,11.399999970065483,-4.433823484413823e-07,-4.10467159318339e-10,8.20860756972274e-07,-4.9890855494431644e-08,0.9999999999996618
49,520000000,49.52,terrain_world,differential_drive_robot,1.9999964258314777,11.399999970065483,-4.433823484413823e-07,-4.10467159318339e-10,8.20860756972274e-07,-4.9890855494431644e-08,0.9999999999996618
49,540000000,49.54,terrain_world,differential_drive_robot,1.9999964258314777,11.399999970065483,-4.433823484413823e-07,-4.10467159318339e-10,8.20860756972274e-07,-4.9890855494431644e-08,0.9999999999996618
49,560000000,49.56,terrain_world,differential_drive_robot,1.9999964258314777,11.399999970065483,-4.433823484413823e-07,-4.10467159318339e-10,8.20860756972274e-07,-4.9890855494431644e-08,0.9999999999996618
49,580000000,49.58,terrain_world,differential_drive_robot,1.9999964258314777,11.399999970065483,-4.433823484413823e-07,-4.10467159318339e-10,8.20860756972274e-07,-4.9890855494431644e-08,0.9999999999996618
49,600000000,49.6,terrain_world,differential_drive_robot,1.9999964258314777,11.399999970065483,-4.433823484413823e-07,-4.10467159318339e-10,8.20860756972274e-07,-4.9890855494431644e-08,0.9999999999996618
49,620000000,49.62,terrain_world,differential_drive_robot,1.9999964258314777,11.399999970065483,-4.433823484413823e-07,-4.10467159318339e-10,8.20860756972274e-07,-4.9890855494431644e-08,0.9999999999996618
49,640000000,49.64,terrain_world,differential_drive_robot,1.9999964258314777,11.399999970065483,-4.433823484413823e-07,-4.10467159318339e-10,8.20860756972274e-07,-4.9890855494431644e-08,0.9999999999996618
49,660000000,49.66,terrain_world,differential_drive_robot,1.9999964258314777,11.399999970065483,-4.433823484413823e-07,-4.10467159318339e-10,8.20860756972274e-07,-4.9890855494431644e-08,0.9999999999996618
49,680000000,49.68,terrain_world,differential_drive_robot,1.9999964258314777,11.399999970065483,-4.433823484413823e-07,-4.10467159318339e-10,8.20860756972274e-07,-4.9890855494431644e-08,0.9999999999996618
49,700000000,49.7,terrain_world,differential_drive_robot,1.9999964258314777,11.399999970065483,-4.433823484413823e-07,-4.10467159318339e-10,8.20860756972274e-07,-4.9890855494431644e-08,0.9999999999996618
49,720000000,49.72,terrain_world,differential_drive_robot,1.9999964258314777,11.399999970065483,-4.433823484413823e-07,-4.10467159318339e-10,8.20860756972274e-07,-4.9890855494431644e-08,0.9999999999996618
49,740000000,49.74,terrain_world,differential_drive_robot,1.9999964258314777,11.399999970065483,-4.433823484413823e-07,-4.10467159318339e-10,8.20860756972274e-07,-4.9890855494431644e-08,0.9999999999996618
49,760000000,49.76,terrain_world,differential_drive_robot,1.9999964258314777,11.399999970065483,-4.433823484413823e-07,-4.10467159318339e-10,8.20860756972274e-07,-4.9890855494431644e-08,0.9999999999996618
49,780000000,49.78,terrain_world,differential_drive_robot,1.9999964258314777,11.399999970065483,-4.433823484413823e-07,-4.10467159318339e-10,8.20860756972274e-07,-4.9890855494431644e-08,0.9999999999996618
49,800000000,49.8,terrain_world,differential_drive_robot,1.9999964258314777,11.399999970065483,-4.433823484413823e-07,-4.10467159318339e-10,8.20860756972274e-07,-4.9890855494431644e-08,0.9999999999996618
49,820000000,49.82,terrain_world,differential_drive_robot,1.9999964258314777,11.399999970065483,-4.433823484413823e-07,-4.10467159318339e-10,8.20860756972274e-07,-4.9890855494431644e-08,0.9999999999996618
49,840000000,49.84,terrain_world,differential_drive_robot,1.9999964258314777,11.399999970065483,-4.433823484413823e-07,-4.10467159318339e-10,8.20860756972274e-07,-4.9890855494431644e-08,0.9999999999996618
49,860000000,49.86,terrain_world,differential_drive_robot,1.9999964258314777,11.399999970065483,-4.433823484413823e-07,-4.10467159318339e-10,8.20860756972274e-07,-4.9890855494431644e-08,0.9999999999996618
49,880000000,49.88,terrain_world,differential_drive_robot,1.9999964258314777,11.399999970065483,-4.433823484413823e-07,-4.10467159318339e-10,8.20860756972274e-07,-4.9890855494431644e-08,0.9999999999996618
49,900000000,49.9,terrain_world,differential_drive_robot,1.9999964258314777,11.399999970065483,-4.433823484413823e-07,-4.10467159318339e-10,8.20860756972274e-07,-4.9890855494431644e-08,0.9999999999996618
49,920000000,49.92,terrain_world,differential_drive_robot,1.9999964258314777,11.399999970065483,-4.433823484413823e-07,-4.10467159318339e-10,8.20860756972274e-07,-4.9890855494431644e-08,0.9999999999996618
49,940000000,49.94,terrain_world,differential_drive_robot,1.9999964258314777,11.399999970065483,-4.433823484413823e-07,-4.10467159318339e-10,8.20860756972274e-07,-4.9890855494431644e-08,0.9999999999996618
49,960000000,49.96,terrain_world,differential_drive_robot,1.9999964258314777,11.399999970065483,-4.433823484413823e-07,-4.10467159318339e-10,8.20860756972274e-07,-4.9890855494431644e-08,0.9999999999996618
49,980000000,49.98,terrain_world,differential_drive_robot,1.9999964258314777,11.399999970065483,-4.433823484413823e-07,-4.10467159318339e-10,8.20860756972274e-07,-4.9890855494431644e-08,0.9999999999996618
50,0,50.0,terrain_world,differential_drive_robot,1.9999964258314777,11.399999970065483,-4.433823484413823e-07,-4.10467159318339e-10,8.20860756972274e-07,-4.9890855494431644e-08,0.9999999999996618
50,20000000,50.02,terrain_world,differential_drive_robot,1.9999964258314777,11.399999970065483,-4.433823484413823e-07,-4.10467159318339e-10,8.20860756972274e-07,-4.9890855494431644e-08,0.9999999999996618
50,40000000,50.04,terrain_world,differential_drive_robot,1.9999964258314777,11.399999970065483,-4.433823484413823e-07,-4.10467159318339e-10,8.20860756972274e-07,-4.9890855494431644e-08,0.9999999999996618
50,60000000,50.06,terrain_world,differential_drive_robot,1.9999964258314777,11.399999970065483,-4.433823484413823e-07,-4.10467159318339e-10,8.20860756972274e-07,-4.9890855494431644e-08,0.9999999999996618
50,80000000,50.08,terrain_world,differential_drive_robot,1.9999964258314777,11.399999970065483,-4.433823484413823e-07,-4.10467159318339e-10,8.20860756972274e-07,-4.9890855494431644e-08,0.9999999999996618
50,100000000,50.1,terrain_world,differential_drive_robot,1.9999964258314777,11.399999970065483,-4.433823484413823e-07,-4.10467159318339e-10,8.20860756972274e-07,-4.9890855494431644e-08,0.9999999999996618
50,120000000,50.12,terrain_world,differential_drive_robot,1.9999964258314777,11.399999970065483,-4.433823484413823e-07,-4.10467159318339e-10,8.20860756972274e-07,-4.9890855494431644e-08,0.9999999999996618
50,140000000,50.14,terrain_world,differential_drive_robot,1.9999964258314777,11.399999970065483,-4.433823484413823e-07,-4.10467159318339e-10,8.20860756972274e-07,-4.9890855494431644e-08,0.9999999999996618
50,160000000,50.16,terrain_world,differential_drive_robot,1.9999964258314777,11.399999970065483,-4.433823484413823e-07,-4.10467159318339e-10,8.20860756972274e-07,-4.9890855494431644e-08,0.9999999999996618
50,180000000,50.18,terrain_world,differential_drive_robot,1.9999964258314777,11.399999970065483,-4.433823484413823e-07,-4.10467159318339e-10,8.20860756972274e-07,-4.9890855494431644e-08,0.9999999999996618
50,200000000,50.2,terrain_world,differential_drive_robot,1.9999964258314777,11.399999970065483,-4.433823484413823e-07,-4.10467159318339e-10,8.20860756972274e-07,-4.9890855494431644e-08,0.9999999999996618
50,220000000,50.22,terrain_world,differential_drive_robot,1.9999964258314777,11.399999970065483,-4.433823484413823e-07,-4.10467159318339e-10,8.20860756972274e-07,-4.9890855494431644e-08,0.9999999999996618
50,240000000,50.24,terrain_world,differential_drive_robot,1.9999964258314777,11.399999970065483,-4.433823484413823e-07,-4.10467159318339e-10,8.20860756972274e-07,-4.9890855494431644e-08,0.9999999999996618
50,260000000,50.26,terrain_world,differential_drive_robot,1.9999964258314777,11.399999970065483,-4.433823484413823e-07,-4.10467159318339e-10,8.20860756972274e-07,-4.9890855494431644e-08,0.9999999999996618
50,280000000,50.28,terrain_world,differential_drive_robot,1.9999964258314777,11.399999970065483,-4.433823484413823e-07,-4.10467159318339e-10,8.20860756972274e-07,-4.9890855494431644e-08,0.9999999999996618
50,300000000,50.3,terrain_world,differential_drive_robot,1.9999964258314777,11.399999970065483,-4.433823484413823e-07,-4.10467159318339e-10,8.20860756972274e-07,-4.9890855494431644e-08,0.9999999999996618
50,320000000,50.32,terrain_world,differential_drive_robot,1.9999964258314777,11.399999970065483,-4.433823484413823e-07,-4.10467159318339e-10,8.20860756972274e-07,-4.9890855494431644e-08,0.9999999999996618
50,340000000,50.34,terrain_world,differential_drive_robot,1.9999964258314777,11.399999970065483,-4.433823484413823e-07,-4.10467159318339e-10,8.20860756972274e-07,-4.9890855494431644e-08,0.9999999999996618
50,360000000,50.36,terrain_world,differential_drive_robot,1.9999964258314777,11.399999970065483,-4.433823484413823e-07,-4.10467159318339e-10,8.20860756972274e-07,-4.9890855494431644e-08,0.9999999999996618
50,380000000,50.38,terrain_world,differential_drive_robot,1.9999964258314777,11.399999970065483,-4.433823484413823e-07,-4.10467159318339e-10,8.20860756972274e-07,-4.9890855494431644e-08,0.9999999999996618
50,400000000,50.4,terrain_world,differential_drive_robot,1.9999964258314777,11.399999970065483,-4.433823484413823e-07,-4.10467159318339e-10,8.20860756972274e-07,-4.9890855494431644e-08,0.9999999999996618
50,420000000,50.42,terrain_world,differential_drive_robot,1.9999964258314777,11.399999970065483,-4.433823484413823e-07,-4.10467159318339e-10,8.20860756972274e-07,-4.9890855494431644e-08,0.9999999999996618
50,440000000,50.44,terrain_world,differential_drive_robot,1.9999964258314777,11.399999970065483,-4.433823484413823e-07,-4.10467159318339e-10,8.20860756972274e-07,-4.9890855494431644e-08,0.9999999999996618
50,460000000,50.46,terrain_world,differential_drive_robot,1.9999964258314777,11.399999970065483,-4.433823484413823e-07,-4.10467159318339e-10,8.20860756972274e-07,-4.9890855494431644e-08,0.9999999999996618
50,480000000,50.48,terrain_world,differential_drive_robot,1.9999964258314777,11.399999970065483,-4.433823484413823e-07,-4.10467159318339e-10,8.20860756972274e-07,-4.9890855494431644e-08,0.9999999999996618
50,500000000,50.5,terrain_world,differential_drive_robot,1.9999964258314777,11.399999970065483,-4.433823484413823e-07,-4.10467159318339e-10,8.20860756972274e-07,-4.9890855494431644e-08,0.9999999999996618
50,520000000,50.52,terrain_world,differential_drive_robot,1.9999964258314777,11.399999970065483,-4.433823484413823e-07,-4.10467159318339e-10,8.20860756972274e-07,-4.9890855494431644e-08,0.9999999999996618
50,540000000,50.54,terrain_world,differential_drive_robot,1.9999964258314777,11.399999970065483,-4.433823484413823e-07,-4.10467159318339e-10,8.20860756972274e-07,-4.9890855494431644e-08,0.9999999999996618
50,560000000,50.56,terrain_world,differential_drive_robot,1.9999964258314777,11.399999970065483,-4.433823484413823e-07,-4.10467159318339e-10,8.20860756972274e-07,-4.9890855494431644e-08,0.9999999999996618
50,580000000,50.58,terrain_world,differential_drive_robot,1.9999964258314777,11.399999970065483,-4.433823484413823e-07,-4.10467159318339e-10,8.20860756972274e-07,-4.9890855494431644e-08,0.9999999999996618
50,600000000,50.6,terrain_world,differential_drive_robot,1.9999964258314777,11.399999970065483,-4.433823484413823e-07,-4.10467159318339e-10,8.20860756972274e-07,-4.9890855494431644e-08,0.9999999999996618
50,620000000,50.62,terrain_world,differential_drive_robot,1.9999964258314777,11.399999970065483,-4.433823484413823e-07,-4.10467159318339e-10,8.20860756972274e-07,-4.9890855494431644e-08,0.9999999999996618
50,640000000,50.64,terrain_world,differential_drive_robot,1.9999964258314777,11.399999970065483,-4.433823484413823e-07,-4.10467159318339e-10,8.20860756972274e-07,-4.9890855494431644e-08,0.9999999999996618
50,660000000,50.66,terrain_world,differential_drive_robot,1.9999964258314777,11.399999970065483,-4.433823484413823e-07,-4.10467159318339e-10,8.20860756972274e-07,-4.9890855494431644e-08,0.9999999999996618
50,680000000,50.68,terrain_world,differential_drive_robot,1.9999964258314777,11.399999970065483,-4.433823484413823e-07,-4.10467159318339e-10,8.20860756972274e-07,-4.9890855494431644e-08,0.9999999999996618
50,700000000,50.7,terrain_world,differential_drive_robot,1.9999964258314777,11.399999970065483,-4.433823484413823e-07,-4.10467159318339e-10,8.20860756972274e-07,-4.9890855494431644e-08,0.9999999999996618
50,720000000,50.72,terrain_world,differential_drive_robot,1.9999964258314777,11.399999970065483,-4.433823484413823e-07,-4.10467159318339e-10,8.20860756972274e-07,-4.9890855494431644e-08,0.9999999999996618
50,740000000,50.74,terrain_world,differential_drive_robot,1.9999964258314777,11.399999970065483,-4.433823484413823e-07,-4.10467159318339e-10,8.20860756972274e-07,-4.9890855494431644e-08,0.9999999999996618
50,760000000,50.76,terrain_world,differential_drive_robot,1.9999964258314777,11.399999970065483,-4.433823484413823e-07,-4.10467159318339e-10,8.20860756972274e-07,-4.9890855494431644e-08,0.9999999999996618
50,780000000,50.78,terrain_world,differential_drive_robot,1.9999964258314777,11.399999970065483,-4.433823484413823e-07,-4.10467159318339e-10,8.20860756972274e-07,-4.9890855494431644e-08,0.9999999999996618
50,800000000,50.8,terrain_world,differential_drive_robot,1.9999964258314777,11.399999970065483,-4.433823484413823e-07,-4.10467159318339e-10,8.20860756972274e-07,-4.9890855494431644e-08,0.9999999999996618
50,820000000,50.82,terrain_world,differential_drive_robot,1.9999964258314777,11.399999970065483,-4.433823484413823e-07,-4.10467159318339e-10,8.20860756972274e-07,-4.9890855494431644e-08,0.9999999999996618
50,840000000,50.84,terrain_world,differential_drive_robot,1.9999964258314777,11.399999970065483,-4.433823484413823e-07,-4.10467159318339e-10,8.20860756972274e-07,-4.9890855494431644e-08,0.9999999999996618
50,860000000,50.86,terrain_world,differential_drive_robot,1.9999964258314777,11.399999970065483,-4.433823484413823e-07,-4.10467159318339e-10,8.20860756972274e-07,-4.9890855494431644e-08,0.9999999999996618
50,880000000,50.88,terrain_world,differential_drive_robot,1.9999964258314777,11.399999970065483,-4.433823484413823e-07,-4.10467159318339e-10,8.20860756972274e-07,-4.9890855494431644e-08,0.9999999999996618
50,900000000,50.9,terrain_world,differential_drive_robot,1.9999964258314777,11.399999970065483,-4.433823484413823e-07,-4.10467159318339e-10,8.20860756972274e-07,-4.9890855494431644e-08,0.9999999999996618
50,920000000,50.92,terrain_world,differential_drive_robot,1.9999964258314777,11.399999970065483,-4.433823484413823e-07,-4.10467159318339e-10,8.20860756972274e-07,-4.9890855494431644e-08,0.9999999999996618
50,940000000,50.94,terrain_world,differential_drive_robot,1.9999964258314777,11.399999970065483,-4.433823484413823e-07,-4.10467159318339e-10,8.20860756972274e-07,-4.9890855494431644e-08,0.9999999999996618
50,960000000,50.96,terrain_world,differential_drive_robot,1.9999964258314777,11.399999970065483,-4.433823484413823e-07,-4.10467159318339e-10,8.20860756972274e-07,-4.9890855494431644e-08,0.9999999999996618
50,980000000,50.98,terrain_world,differential_drive_robot,1.9999964258314777,11.399999970065483,-4.433823484413823e-07,-4.10467159318339e-10,8.20860756972274e-07,-4.9890855494431644e-08,0.9999999999996618
51,0,51.0,terrain_world,differential_drive_robot,1.9999964258314777,11.399999970065483,-4.433823484413823e-07,-4.10467159318339e-10,8.20860756972274e-07,-4.9890855494431644e-08,0.9999999999996618
51,20000000,51.02,terrain_world,differential_drive_robot,1.9999964258314777,11.399999970065483,-4.433823484413823e-07,-4.10467159318339e-10,8.20860756972274e-07,-4.9890855494431644e-08,0.9999999999996618
51,40000000,51.04,terrain_world,differential_drive_robot,1.9999964258314777,11.399999970065483,-4.433823484413823e-07,-4.10467159318339e-10,8.20860756972274e-07,-4.9890855494431644e-08,0.9999999999996618
51,60000000,51.06,terrain_world,differential_drive_robot,1.9999964258314777,11.399999970065483,-4.433823484413823e-07,-4.10467159318339e-10,8.20860756972274e-07,-4.9890855494431644e-08,0.9999999999996618
51,80000000,51.08,terrain_world,differential_drive_robot,1.9999964258314777,11.399999970065483,-4.433823484413823e-07,-4.10467159318339e-10,8.20860756972274e-07,-4.9890855494431644e-08,0.9999999999996618
51,100000000,51.1,terrain_world,differential_drive_robot,1.9999964258314777,11.399999970065483,-4.433823484413823e-07,-4.10467159318339e-10,8.20860756972274e-07,-4.9890855494431644e-08,0.9999999999996618
51,120000000,51.12,terrain_world,differential_drive_robot,1.9999964258314777,11.399999970065483,-4.433823484413823e-07,-4.10467159318339e-10,8.20860756972274e-07,-4.9890855494431644e-08,0.9999999999996618
51,140000000,51.14,terrain_world,differential_drive_robot,1.9999964258314777,11.399999970065483,-4.433823484413823e-07,-4.10467159318339e-10,8.20860756972274e-07,-4.9890855494431644e-08,0.9999999999996618
51,160000000,51.16,terrain_world,differential_drive_robot,1.9999964258314777,11.399999970065483,-4.433823484413823e-07,-4.10467159318339e-10,8.20860756972274e-07,-4.9890855494431644e-08,0.9999999999996618
51,180000000,51.18,terrain_world,differential_drive_robot,1.9999964258314777,11.399999970065483,-4.433823484413823e-07,-4.10467159318339e-10,8.20860756972274e-07,-4.9890855494431644e-08,0.9999999999996618
51,200000000,51.2,terrain_world,differential_drive_robot,1.9999964258314777,11.399999970065483,-4.433823484413823e-07,-4.10467159318339e-10,8.20860756972274e-07,-4.9890855494431644e-08,0.9999999999996618
51,220000000,51.22,terrain_world,differential_drive_robot,1.9999964258314777,11.399999970065483,-4.433823484413823e-07,-4.10467159318339e-10,8.20860756972274e-07,-4.9890855494431644e-08,0.9999999999996618
51,240000000,51.24,terrain_world,differential_drive_robot,1.9999964258314777,11.399999970065483,-4.433823484413823e-07,-4.10467159318339e-10,8.20860756972274e-07,-4.9890855494431644e-08,0.9999999999996618
51,260000000,51.26,terrain_world,differential_drive_robot,1.9999964258314777,11.399999970065483,-4.433823484413823e-07,-4.10467159318339e-10,8.20860756972274e-07,-4.9890855494431644e-08,0.9999999999996618
51,280000000,51.28,terrain_world,differential_drive_robot,1.9999964258314777,11.399999970065483,-4.433823484413823e-07,-4.10467159318339e-10,8.20860756972274e-07,-4.9890855494431644e-08,0.9999999999996618
51,300000000,51.3,terrain_world,differential_drive_robot,1.9999964258314777,11.399999970065483,-4.433823484413823e-07,-4.10467159318339e-10,8.20860756972274e-07,-4.9890855494431644e-08,0.9999999999996618
51,320000000,51.32,terrain_world,differential_drive_robot,1.9999964258314777,11.399999970065483,-4.433823484413823e-07,-4.10467159318339e-10,8.20860756972274e-07,-4.9890855494431644e-08,0.9999999999996618
51,340000000,51.34,terrain_world,differential_drive_robot,1.9999964258314777,11.399999970065483,-4.433823484413823e-07,-4.10467159318339e-10,8.20860756972274e-07,-4.9890855494431644e-08,0.9999999999996618
51,360000000,51.36,terrain_world,differential_drive_robot,1.9999964258314777,11.399999970065483,-4.433823484413823e-07,-4.10467159318339e-10,8.20860756972274e-07,-4.9890855494431644e-08,0.9999999999996618
51,380000000,51.38,terrain_world,differential_drive_robot,1.9999964258314777,11.399999970065483,-4.433823484413823e-07,-4.10467159318339e-10,8.20860756972274e-07,-4.9890855494431644e-08,0.9999999999996618
51,400000000,51.4,terrain_world,differential_drive_robot,1.9999964258314777,11.399999970065483,-4.433823484413823e-07,-4.10467159318339e-10,8.20860756972274e-07,-4.9890855494431644e-08,0.9999999999996618
51,420000000,51.42,terrain_world,differential_drive_robot,1.9999964258314777,11.399999970065483,-4.433823484413823e-07,-4.10467159318339e-10,8.20860756972274e-07,-4.9890855494431644e-08,0.9999999999996618
51,440000000,51.44,terrain_world,differential_drive_robot,1.9999964258314777,11.399999970065483,-4.433823484413823e-07,-4.10467159318339e-10,8.20860756972274e-07,-4.9890855494431644e-08,0.9999999999996618
51,460000000,51.46,terrain_world,differential_drive_robot,1.9999964258314777,11.399999970065483,-4.433823484413823e-07,-4.10467159318339e-10,8.20860756972274e-07,-4.9890855494431644e-08,0.9999999999996618
51,480000000,51.48,terrain_world,differential_drive_robot,1.9999964258314777,11.399999970065483,-4.433823484413823e-07,-4.10467159318339e-10,8.20860756972274e-07,-4.9890855494431644e-08,0.9999999999996618
51,500000000,51.5,terrain_world,differential_drive_robot,1.9999964258314777,11.399999970065483,-4.433823484413823e-07,-4.10467159318339e-10,8.20860756972274e-07,-4.9890855494431644e-08,0.9999999999996618
51,520000000,51.52,terrain_world,differential_drive_robot,1.9999964258314777,11.399999970065483,-4.433823484413823e-07,-4.10467159318339e-10,8.20860756972274e-07,-4.9890855494431644e-08,0.9999999999996618
51,540000000,51.54,terrain_world,differential_drive_robot,1.9999964258314777,11.399999970065483,-4.433823484413823e-07,-4.10467159318339e-10,8.20860756972274e-07,-4.9890855494431644e-08,0.9999999999996618
51,560000000,51.56,terrain_world,differential_drive_robot,1.9999964258314777,11.399999970065483,-4.433823484413823e-07,-4.10467159318339e-10,8.20860756972274e-07,-4.9890855494431644e-08,0.9999999999996618
51,580000000,51.58,terrain_world,differential_drive_robot,1.9999964258314777,11.399999970065483,-4.433823484413823e-07,-4.10467159318339e-10,8.20860756972274e-07,-4.9890855494431644e-08,0.9999999999996618
51,600000000,51.6,terrain_world,differential_drive_robot,1.9999964258314777,11.399999970065483,-4.433823484413823e-07,-4.10467159318339e-10,8.20860756972274e-07,-4.9890855494431644e-08,0.9999999999996618
51,620000000,51.62,terrain_world,differential_drive_robot,1.9999964258314777,11.399999970065483,-4.433823484413823e-07,-4.10467159318339e-10,8.20860756972274e-07,-4.9890855494431644e-08,0.9999999999996618
51,640000000,51.64,terrain_world,differential_drive_robot,1.9999964258314777,11.399999970065483,-4.433823484413823e-07,-4.10467159318339e-10,8.20860756972274e-07,-4.9890855494431644e-08,0.9999999999996618
51,660000000,51.66,terrain_world,differential_drive_robot,1.9999964258314777,11.399999970065483,-4.433823484413823e-07,-4.10467159318339e-10,8.20860756972274e-07,-4.9890855494431644e-08,0.9999999999996618
51,680000000,51.68,terrain_world,differential_drive_robot,1.9999964258314777,11.399999970065483,-4.433823484413823e-07,-4.10467159318339e-10,8.20860756972274e-07,-4.9890855494431644e-08,0.9999999999996618
51,700000000,51.7,terrain_world,differential_drive_robot,1.9999964258314777,11.399999970065483,-4.433823484413823e-07,-4.10467159318339e-10,8.20860756972274e-07,-4.9890855494431644e-08,0.9999999999996618
51,720000000,51.72,terrain_world,differential_drive_robot,1.9999964258314777,11.399999970065483,-4.433823484413823e-07,-4.10467159318339e-10,8.20860756972274e-07,-4.9890855494431644e-08,0.9999999999996618
51,740000000,51.74,terrain_world,differential_drive_robot,1.9999964258314777,11.399999970065483,-4.433823484413823e-07,-4.10467159318339e-10,8.20860756972274e-07,-4.9890855494431644e-08,0.9999999999996618
51,760000000,51.76,terrain_world,differential_drive_robot,1.9999964258314777,11.399999970065483,-4.433823484413823e-07,-4.10467159318339e-10,8.20860756972274e-07,-4.9890855494431644e-08,0.9999999999996618
51,780000000,51.78,terrain_world,differential_drive_robot,1.9999964258314777,11.399999970065483,-4.433823484413823e-07,-4.10467159318339e-10,8.20860756972274e-07,-4.9890855494431644e-08,0.9999999999996618
51,800000000,51.8,terrain_world,differential_drive_robot,1.9999964258314777,11.399999970065483,-4.433823484413823e-07,-4.10467159318339e-10,8.20860756972274e-07,-4.9890855494431644e-08,0.9999999999996618
51,820000000,51.82,terrain_world,differential_drive_robot,1.9999964258314777,11.399999970065483,-4.433823484413823e-07,-4.10467159318339e-10,8.20860756972274e-07,-4.9890855494431644e-08,0.9999999999996618
51,840000000,51.84,terrain_world,differential_drive_robot,1.9999964258314777,11.399999970065483,-4.433823484413823e-07,-4.10467159318339e-10,8.20860756972274e-07,-4.9890855494431644e-08,0.9999999999996618
51,860000000,51.86,terrain_world,differential_drive_robot,1.9999964258314777,11.399999970065483,-4.433823484413823e-07,-4.10467159318339e-10,8.20860756972274e-07,-4.9890855494431644e-08,0.9999999999996618
51,880000000,51.88,terrain_world,differential_drive_robot,1.9999964258314777,11.399999970065483,-4.433823484413823e-07,-4.10467159318339e-10,8.20860756972274e-07,-4.9890855494431644e-08,0.9999999999996618
51,900000000,51.9,terrain_world,differential_drive_robot,1.9999964258314777,11.399999970065483,-4.433823484413823e-07,-4.10467159318339e-10,8.20860756972274e-07,-4.9890855494431644e-08,0.9999999999996618
51,920000000,51.92,terrain_world,differential_drive_robot,1.9999964258314777,11.399999970065483,-4.433823484413823e-07,-4.10467159318339e-10,8.20860756972274e-07,-4.9890855494431644e-08,0.9999999999996618
51,940000000,51.94,terrain_world,differential_drive_robot,1.9999964258314777,11.399999970065483,-4.433823484413823e-07,-4.10467159318339e-10,8.20860756972274e-07,-4.9890855494431644e-08,0.9999999999996618
51,960000000,51.96,terrain_world,differential_drive_robot,1.9999964258314777,11.399999970065483,-4.433823484413823e-07,-4.10467159318339e-10,8.20860756972274e-07,-4.9890855494431644e-08,0.9999999999996618
51,980000000,51.98,terrain_world,differential_drive_robot,1.9999964258314777,11.399999970065483,-4.433823484413823e-07,-4.10467159318339e-10,8.20860756972274e-07,-4.9890855494431644e-08,0.9999999999996618
52,0,52.0,terrain_world,differential_drive_robot,1.9999964258314777,11.399999970065483,-4.433823484413823e-07,-4.10467159318339e-10,8.20860756972274e-07,-4.9890855494431644e-08,0.9999999999996618
52,20000000,52.02,terrain_world,differential_drive_robot,1.9999964258314777,11.399999970065483,-4.433823484413823e-07,-4.10467159318339e-10,8.20860756972274e-07,-4.9890855494431644e-08,0.9999999999996618
52,40000000,52.04,terrain_world,differential_drive_robot,1.9999964258314777,11.399999970065483,-4.433823484413823e-07,-4.10467159318339e-10,8.20860756972274e-07,-4.9890855494431644e-08,0.9999999999996618
52,60000000,52.06,terrain_world,differential_drive_robot,1.9999964258314777,11.399999970065483,-4.433823484413823e-07,-4.10467159318339e-10,8.20860756972274e-07,-4.9890855494431644e-08,0.9999999999996618
52,80000000,52.08,terrain_world,differential_drive_robot,1.9999964258314777,11.399999970065483,-4.433823484413823e-07,-4.10467159318339e-10,8.20860756972274e-07,-4.9890855494431644e-08,0.9999999999996618
52,100000000,52.1,terrain_world,differential_drive_robot,1.9999964258314777,11.399999970065483,-4.433823484413823e-07,-4.10467159318339e-10,8.20860756972274e-07,-4.9890855494431644e-08,0.9999999999996618
52,120000000,52.12,terrain_world,differential_drive_robot,1.9999964258314777,11.399999970065483,-4.433823484413823e-07,-4.10467159318339e-10,8.20860756972274e-07,-4.9890855494431644e-08,0.9999999999996618
52,140000000,52.14,terrain_world,differential_drive_robot,1.9999964258314777,11.399999970065483,-4.433823484413823e-07,-4.10467159318339e-10,8.20860756972274e-07,-4.9890855494431644e-08,0.9999999999996618
52,160000000,52.16,terrain_world,differential_drive_robot,1.9999964258314777,11.399999970065483,-4.433823484413823e-07,-4.10467159318339e-10,8.20860756972274e-07,-4.9890855494431644e-08,0.9999999999996618
52,180000000,52.18,terrain_world,differential_drive_robot,1.9999964258314777,11.399999970065483,-4.433823484413823e-07,-4.10467159318339e-10,8.20860756972274e-07,-4.9890855494431644e-08,0.9999999999996618
52,200000000,52.2,terrain_world,differential_drive_robot,1.9999964258314777,11.399999970065483,-4.433823484413823e-07,-4.10467159318339e-10,8.20860756972274e-07,-4.9890855494431644e-08,0.9999999999996618
52,220000000,52.22,terrain_world,differential_drive_robot,1.9999964258314777,11.399999970065483,-4.433823484413823e-07,-4.10467159318339e-10,8.20860756972274e-07,-4.9890855494431644e-08,0.9999999999996618
52,240000000,52.24,terrain_world,differential_drive_robot,1.9999964258314777,11.399999970065483,-4.433823484413823e-07,-4.10467159318339e-10,8.20860756972274e-07,-4.9890855494431644e-08,0.9999999999996618
52,260000000,52.26,terrain_world,differential_drive_robot,1.9999964258314777,11.399999970065483,-4.433823484413823e-07,-4.10467159318339e-10,8.20860756972274e-07,-4.9890855494431644e-08,0.9999999999996618
52,280000000,52.28,terrain_world,differential_drive_robot,1.9999964258314777,11.399999970065483,-4.433823484413823e-07,-4.10467159318339e-10,8.20860756972274e-07,-4.9890855494431644e-08,0.9999999999996618
52,300000000,52.3,terrain_world,differential_drive_robot,1.9999964258314777,11.399999970065483,-4.433823484413823e-07,-4.10467159318339e-10,8.20860756972274e-07,-4.9890855494431644e-08,0.9999999999996618
52,320000000,52.32,terrain_world,differential_drive_robot,1.9999964258314777,11.399999970065483,-4.433823484413823e-07,-4.10467159318339e-10,8.20860756972274e-07,-4.9890855494431644e-08,0.9999999999996618
52,340000000,52.34,terrain_world,differential_drive_robot,1.9999964258314777,11.399999970065483,-4.433823484413823e-07,-4.10467159318339e-10,8.20860756972274e-07,-4.9890855494431644e-08,0.9999999999996618
52,360000000,52.36,terrain_world,differential_drive_robot,1.9999964258314777,11.399999970065483,-4.433823484413823e-07,-4.10467159318339e-10,8.20860756972274e-07,-4.9890855494431644e-08,0.9999999999996618
52,380000000,52.38,terrain_world,differential_drive_robot,1.9999964258314777,11.399999970065483,-4.433823484413823e-07,-4.10467159318339e-10,8.20860756972274e-07,-4.9890855494431644e-08,0.9999999999996618
52,400000000,52.4,terrain_world,differential_drive_robot,1.9999964258314777,11.399999970065483,-4.433823484413823e-07,-4.10467159318339e-10,8.20860756972274e-07,-4.9890855494431644e-08,0.9999999999996618
52,420000000,52.42,terrain_world,differential_drive_robot,1.9999964258314777,11.399999970065483,-4.433823484413823e-07,-4.10467159318339e-10,8.20860756972274e-07,-4.9890855494431644e-08,0.9999999999996618
52,440000000,52.44,terrain_world,differential_drive_robot,1.9999964258314777,11.399999970065483,-4.433823484413823e-07,-4.10467159318339e-10,8.20860756972274e-07,-4.9890855494431644e-08,0.9999999999996618
52,460000000,52.46,terrain_world,differential_drive_robot,1.9999964258314777,11.399999970065483,-4.433823484413823e-07,-4.10467159318339e-10,8.20860756972274e-07,-4.9890855494431644e-08,0.9999999999996618
52,480000000,52.48,terrain_world,differential_drive_robot,1.9999964258314777,11.399999970065483,-4.433823484413823e-07,-4.10467159318339e-10,8.20860756972274e-07,-4.9890855494431644e-08,0.9999999999996618
52,500000000,52.5,terrain_world,differential_drive_robot,1.9999964258314777,11.399999970065483,-4.433823484413823e-07,-4.10467159318339e-10,8.20860756972274e-07,-4.9890855494431644e-08,0.9999999999996618
52,520000000,52.52,terrain_world,differential_drive_robot,1.9999964258314777,11.399999970065483,-4.433823484413823e-07,-4.10467159318339e-10,8.20860756972274e-07,-4.9890855494431644e-08,0.9999999999996618
52,540000000,52.54,terrain_world,differential_drive_robot,1.9999964258314777,11.399999970065483,-4.433823484413823e-07,-4.10467159318339e-10,8.20860756972274e-07,-4.9890855494431644e-08,0.9999999999996618
52,560000000,52.56,terrain_world,differential_drive_robot,1.9999964258314777,11.399999970065483,-4.433823484413823e-07,-4.10467159318339e-10,8.20860756972274e-07,-4.9890855494431644e-08,0.9999999999996618
52,580000000,52.58,terrain_world,differential_drive_robot,1.9999964258314777,11.399999970065483,-4.433823484413823e-07,-4.10467159318339e-10,8.20860756972274e-07,-4.9890855494431644e-08,0.9999999999996618
52,600000000,52.6,terrain_world,differential_drive_robot,1.9999964258314777,11.399999970065483,-4.433823484413823e-07,-4.10467159318339e-10,8.20860756972274e-07,-4.9890855494431644e-08,0.9999999999996618
52,620000000,52.62,terrain_world,differential_drive_robot,1.9999964258314777,11.399999970065483,-4.433823484413823e-07,-4.10467159318339e-10,8.20860756972274e-07,-4.9890855494431644e-08,0.9999999999996618
52,640000000,52.64,terrain_world,differential_drive_robot,1.9999964258314777,11.399999970065483,-4.433823484413823e-07,-4.10467159318339e-10,8.20860756972274e-07,-4.9890855494431644e-08,0.9999999999996618
52,660000000,52.66,terrain_world,differential_drive_robot,1.9999964258314777,11.399999970065483,-4.433823484413823e-07,-4.10467159318339e-10,8.20860756972274e-07,-4.9890855494431644e-08,0.9999999999996618
52,680000000,52.68,terrain_world,differential_drive_robot,1.9999964258314777,11.399999970065483,-4.433823484413823e-07,-4.10467159318339e-10,8.20860756972274e-07,-4.9890855494431644e-08,0.9999999999996618
52,700000000,52.7,terrain_world,differential_drive_robot,1.9999964258314777,11.399999970065483,-4.433823484413823e-07,-4.10467159318339e-10,8.20860756972274e-07,-4.9890855494431644e-08,0.9999999999996618
52,720000000,52.72,terrain_world,differential_drive_robot,1.9999964258314777,11.399999970065483,-4.433823484413823e-07,-4.10467159318339e-10,8.20860756972274e-07,-4.9890855494431644e-08,0.9999999999996618
52,740000000,52.74,terrain_world,differential_drive_robot,1.9999964258314777,11.399999970065483,-4.433823484413823e-07,-4.10467159318339e-10,8.20860756972274e-07,-4.9890855494431644e-08,0.9999999999996618
52,760000000,52.76,terrain_world,differential_drive_robot,1.9999964258314777,11.399999970065483,-4.433823484413823e-07,-4.10467159318339e-10,8.20860756972274e-07,-4.9890855494431644e-08,0.9999999999996618
52,780000000,52.78,terrain_world,differential_drive_robot,1.9999964258314777,11.399999970065483,-4.433823484413823e-07,-4.10467159318339e-10,8.20860756972274e-07,-4.9890855494431644e-08,0.9999999999996618
52,800000000,52.8,terrain_world,differential_drive_robot,1.9999964258314777,11.399999970065483,-4.433823484413823e-07,-4.10467159318339e-10,8.20860756972274e-07,-4.9890855494431644e-08,0.9999999999996618
52,820000000,52.82,terrain_world,differential_drive_robot,1.9999964258314777,11.399999970065483,-4.433823484413823e-07,-4.10467159318339e-10,8.20860756972274e-07,-4.9890855494431644e-08,0.9999999999996618
52,840000000,52.84,terrain_world,differential_drive_robot,1.9999964258314777,11.399999970065483,-4.433823484413823e-07,-4.10467159318339e-10,8.20860756972274e-07,-4.9890855494431644e-08,0.9999999999996618
52,860000000,52.86,terrain_world,differential_drive_robot,1.9999964258314777,11.399999970065483,-4.433823484413823e-07,-4.10467159318339e-10,8.20860756972274e-07,-4.9890855494431644e-08,0.9999999999996618
52,880000000,52.88,terrain_world,differential_drive_robot,1.9999964258314777,11.399999970065483,-4.433823484413823e-07,-4.10467159318339e-10,8.20860756972274e-07,-4.9890855494431644e-08,0.9999999999996618
52,900000000,52.9,terrain_world,differential_drive_robot,1.9999964258314777,11.399999970065483,-4.433823484413823e-07,-4.10467159318339e-10,8.20860756972274e-07,-4.9890855494431644e-08,0.9999999999996618
52,920000000,52.92,terrain_world,differential_drive_robot,1.9999964258314777,11.399999970065483,-4.433823484413823e-07,-4.10467159318339e-10,8.20860756972274e-07,-4.9890855494431644e-08,0.9999999999996618
52,940000000,52.94,terrain_world,differential_drive_robot,1.9999964258314777,11.399999970065483,-4.433823484413823e-07,-4.10467159318339e-10,8.20860756972274e-07,-4.9890855494431644e-08,0.9999999999996618
52,960000000,52.96,terrain_world,differential_drive_robot,1.9999964258314777,11.399999970065483,-4.433823484413823e-07,-4.10467159318339e-10,8.20860756972274e-07,-4.9890855494431644e-08,0.9999999999996618
52,980000000,52.98,terrain_world,differential_drive_robot,1.9999964258314777,11.399999970065483,-4.433823484413823e-07,-4.10467159318339e-10,8.20860756972274e-07,-4.9890855494431644e-08,0.9999999999996618
53,0,53.0,terrain_world,differential_drive_robot,1.9999964258314777,11.399999970065483,-4.433823484413823e-07,-4.10467159318339e-10,8.20860756972274e-07,-4.9890855494431644e-08,0.9999999999996618
53,20000000,53.02,terrain_world,differential_drive_robot,1.9999964258314777,11.399999970065483,-4.433823484413823e-07,-4.10467159318339e-10,8.20860756972274e-07,-4.9890855494431644e-08,0.9999999999996618
53,40000000,53.04,terrain_world,differential_drive_robot,1.9999964258314777,11.399999970065483,-4.433823484413823e-07,-4.10467159318339e-10,8.20860756972274e-07,-4.9890855494431644e-08,0.9999999999996618
53,60000000,53.06,terrain_world,differential_drive_robot,1.9999964258314777,11.399999970065483,-4.433823484413823e-07,-4.10467159318339e-10,8.20860756972274e-07,-4.9890855494431644e-08,0.9999999999996618
53,80000000,53.08,terrain_world,differential_drive_robot,1.9999964258314777,11.399999970065483,-4.433823484413823e-07,-4.10467159318339e-10,8.20860756972274e-07,-4.9890855494431644e-08,0.9999999999996618
53,100000000,53.1,terrain_world,differential_drive_robot,1.9999964258314777,11.399999970065483,-4.433823484413823e-07,-4.10467159318339e-10,8.20860756972274e-07,-4.9890855494431644e-08,0.9999999999996618
53,120000000,53.12,terrain_world,differential_drive_robot,1.9999964258314777,11.399999970065483,-4.433823484413823e-07,-4.10467159318339e-10,8.20860756972274e-07,-4.9890855494431644e-08,0.9999999999996618
53,140000000,53.14,terrain_world,differential_drive_robot,1.9999964258314777,11.399999970065483,-4.433823484413823e-07,-4.10467159318339e-10,8.20860756972274e-07,-4.9890855494431644e-08,0.9999999999996618
53,160000000,53.16,terrain_world,differential_drive_robot,1.9999964258314777,11.399999970065483,-4.433823484413823e-07,-4.10467159318339e-10,8.20860756972274e-07,-4.9890855494431644e-08,0.9999999999996618
53,180000000,53.18,terrain_world,differential_drive_robot,1.9999964258314777,11.399999970065483,-4.433823484413823e-07,-4.10467159318339e-10,8.20860756972274e-07,-4.9890855494431644e-08,0.9999999999996618
53,200000000,53.2,terrain_world,differential_drive_robot,1.9999964258314777,11.399999970065483,-4.433823484413823e-07,-4.10467159318339e-10,8.20860756972274e-07,-4.9890855494431644e-08,0.9999999999996618
53,220000000,53.22,terrain_world,differential_drive_robot,1.9999964258314777,11.399999970065483,-4.433823484413823e-07,-4.10467159318339e-10,8.20860756972274e-07,-4.9890855494431644e-08,0.9999999999996618
53,240000000,53.24,terrain_world,differential_drive_robot,1.9999964258314777,11.399999970065483,-4.433823484413823e-07,-4.10467159318339e-10,8.20860756972274e-07,-4.9890855494431644e-08,0.9999999999996618
53,260000000,53.26,terrain_world,differential_drive_robot,1.9999964258314777,11.399999970065483,-4.433823484413823e-07,-4.10467159318339e-10,8.20860756972274e-07,-4.9890855494431644e-08,0.9999999999996618
53,280000000,53.28,terrain_world,differential_drive_robot,1.9999964258314777,11.399999970065483,-4.433823484413823e-07,-4.10467159318339e-10,8.20860756972274e-07,-4.9890855494431644e-08,0.9999999999996618
53,300000000,53.3,terrain_world,differential_drive_robot,1.9999964258314777,11.399999970065483,-4.433823484413823e-07,-4.10467159318339e-10,8.20860756972274e-07,-4.9890855494431644e-08,0.9999999999996618
53,320000000,53.32,terrain_world,differential_drive_robot,1.9999964258314777,11.399999970065483,-4.433823484413823e-07,-4.10467159318339e-10,8.20860756972274e-07,-4.9890855494431644e-08,0.9999999999996618
53,340000000,53.34,terrain_world,differential_drive_robot,1.9999964258314777,11.399999970065483,-4.433823484413823e-07,-4.10467159318339e-10,8.20860756972274e-07,-4.9890855494431644e-08,0.9999999999996618
53,360000000,53.36,terrain_world,differential_drive_robot,1.9999964258314777,11.399999970065483,-4.433823484413823e-07,-4.10467159318339e-10,8.20860756972274e-07,-4.9890855494431644e-08,0.9999999999996618
53,380000000,53.38,terrain_world,differential_drive_robot,1.9999964258314777,11.399999970065483,-4.433823484413823e-07,-4.10467159318339e-10,8.20860756972274e-07,-4.9890855494431644e-08,0.9999999999996618
53,400000000,53.4,terrain_world,differential_drive_robot,1.9999964258314777,11.399999970065483,-4.433823484413823e-07,-4.10467159318339e-10,8.20860756972274e-07,-4.9890855494431644e-08,0.9999999999996618
53,420000000,53.42,terrain_world,differential_drive_robot,1.9999964258314777,11.399999970065483,-4.433823484413823e-07,-4.10467159318339e-10,8.20860756972274e-07,-4.9890855494431644e-08,0.9999999999996618
53,440000000,53.44,terrain_world,differential_drive_robot,1.9999964258314777,11.399999970065483,-4.433823484413823e-07,-4.10467159318339e-10,8.20860756972274e-07,-4.9890855494431644e-08,0.9999999999996618
53,460000000,53.46,terrain_world,differential_drive_robot,1.9999964258314777,11.399999970065483,-4.433823484413823e-07,-4.10467159318339e-10,8.20860756972274e-07,-4.9890855494431644e-08,0.9999999999996618
53,480000000,53.48,terrain_world,differential_drive_robot,1.9999964258314777,11.399999970065483,-4.433823484413823e-07,-4.10467159318339e-10,8.20860756972274e-07,-4.9890855494431644e-08,0.9999999999996618
53,500000000,53.5,terrain_world,differential_drive_robot,1.9999964258314777,11.399999970065483,-4.433823484413823e-07,-4.10467159318339e-10,8.20860756972274e-07,-4.9890855494431644e-08,0.9999999999996618
53,520000000,53.52,terrain_world,differential_drive_robot,1.9999964258314777,11.399999970065483,-4.433823484413823e-07,-4.10467159318339e-10,8.20860756972274e-07,-4.9890855494431644e-08,0.9999999999996618
53,540000000,53.54,terrain_world,differential_drive_robot,1.9999964258314777,11.399999970065483,-4.433823484413823e-07,-4.10467159318339e-10,8.20860756972274e-07,-4.9890855494431644e-08,0.9999999999996618
53,560000000,53.56,terrain_world,differential_drive_robot,1.9999964258314777,11.399999970065483,-4.433823484413823e-07,-4.10467159318339e-10,8.20860756972274e-07,-4.9890855494431644e-08,0.9999999999996618
53,580000000,53.58,terrain_world,differential_drive_robot,1.9999964258314777,11.399999970065483,-4.433823484413823e-07,-4.10467159318339e-10,8.20860756972274e-07,-4.9890855494431644e-08,0.9999999999996618
53,600000000,53.6,terrain_world,differential_drive_robot,1.9999964258314777,11.399999970065483,-4.433823484413823e-07,-4.10467159318339e-10,8.20860756972274e-07,-4.9890855494431644e-08,0.9999999999996618
53,620000000,53.62,terrain_world,differential_drive_robot,1.9999964258314777,11.399999970065483,-4.433823484413823e-07,-4.10467159318339e-10,8.20860756972274e-07,-4.9890855494431644e-08,0.9999999999996618
53,640000000,53.64,terrain_world,differential_drive_robot,1.9999964258314777,11.399999970065483,-4.433823484413823e-07,-4.10467159318339e-10,8.20860756972274e-07,-4.9890855494431644e-08,0.9999999999996618
53,660000000,53.66,terrain_world,differential_drive_robot,1.9999964258314777,11.399999970065483,-4.433823484413823e-07,-4.10467159318339e-10,8.20860756972274e-07,-4.9890855494431644e-08,0.9999999999996618
53,680000000,53.68,terrain_world,differential_drive_robot,1.9999964258314777,11.399999970065483,-4.433823484413823e-07,-4.10467159318339e-10,8.20860756972274e-07,-4.9890855494431644e-08,0.9999999999996618
53,700000000,53.7,terrain_world,differential_drive_robot,1.9999964258314777,11.399999970065483,-4.433823484413823e-07,-4.10467159318339e-10,8.20860756972274e-07,-4.9890855494431644e-08,0.9999999999996618
53,720000000,53.72,terrain_world,differential_drive_robot,1.9999964258314777,11.399999970065483,-4.433823484413823e-07,-4.10467159318339e-10,8.20860756972274e-07,-4.9890855494431644e-08,0.9999999999996618
53,740000000,53.74,terrain_world,differential_drive_robot,1.9999964258314777,11.399999970065483,-4.433823484413823e-07,-4.10467159318339e-10,8.20860756972274e-07,-4.9890855494431644e-08,0.9999999999996618
53,760000000,53.76,terrain_world,differential_drive_robot,1.9999964258314777,11.399999970065483,-4.433823484413823e-07,-4.10467159318339e-10,8.20860756972274e-07,-4.9890855494431644e-08,0.9999999999996618
53,780000000,53.78,terrain_world,differential_drive_robot,1.9999964258314777,11.399999970065483,-4.433823484413823e-07,-4.10467159318339e-10,8.20860756972274e-07,-4.9890855494431644e-08,0.9999999999996618
53,800000000,53.8,terrain_world,differential_drive_robot,1.9999964258314777,11.399999970065483,-4.433823484413823e-07,-4.10467159318339e-10,8.20860756972274e-07,-4.9890855494431644e-08,0.9999999999996618
53,820000000,53.82,terrain_world,differential_drive_robot,1.9999964258314777,11.399999970065483,-4.433823484413823e-07,-4.10467159318339e-10,8.20860756972274e-07,-4.9890855494431644e-08,0.9999999999996618
53,840000000,53.84,terrain_world,differential_drive_robot,1.9999964258314777,11.399999970065483,-4.433823484413823e-07,-4.10467159318339e-10,8.20860756972274e-07,-4.9890855494431644e-08,0.9999999999996618
53,860000000,53.86,terrain_world,differential_drive_robot,1.9999964258314777,11.399999970065483,-4.433823484413823e-07,-4.10467159318339e-10,8.20860756972274e-07,-4.9890855494431644e-08,0.9999999999996618
53,880000000,53.88,terrain_world,differential_drive_robot,1.9999964258314777,11.399999970065483,-4.433823484413823e-07,-4.10467159318339e-10,8.20860756972274e-07,-4.9890855494431644e-08,0.9999999999996618
53,900000000,53.9,terrain_world,differential_drive_robot,1.9999964258314777,11.399999970065483,-4.433823484413823e-07,-4.10467159318339e-10,8.20860756972274e-07,-4.9890855494431644e-08,0.9999999999996618
53,920000000,53.92,terrain_world,differential_drive_robot,1.9999964258314777,11.399999970065483,-4.433823484413823e-07,-4.10467159318339e-10,8.20860756972274e-07,-4.9890855494431644e-08,0.9999999999996618
53,940000000,53.94,terrain_world,differential_drive_robot,1.9999964258314777,11.399999970065483,-4.433823484413823e-07,-4.10467159318339e-10,8.20860756972274e-07,-4.9890855494431644e-08,0.9999999999996618
53,960000000,53.96,terrain_world,differential_drive_robot,1.9999964258314777,11.399999970065483,-4.433823484413823e-07,-4.10467159318339e-10,8.20860756972274e-07,-4.9890855494431644e-08,0.9999999999996618
53,980000000,53.98,terrain_world,differential_drive_robot,1.9999964258314777,11.399999970065483,-4.433823484413823e-07,-4.10467159318339e-10,8.20860756972274e-07,-4.9890855494431644e-08,0.9999999999996618
54,0,54.0,terrain_world,differential_drive_robot,1.9999964258314777,11.399999970065483,-4.433823484413823e-07,-4.10467159318339e-10,8.20860756972274e-07,-4.9890855494431644e-08,0.9999999999996618
54,20000000,54.02,terrain_world,differential_drive_robot,1.9999964258314777,11.399999970065483,-4.433823484413823e-07,-4.10467159318339e-10,8.20860756972274e-07,-4.9890855494431644e-08,0.9999999999996618
54,40000000,54.04,terrain_world,differential_drive_robot,1.9999964258314777,11.399999970065483,-4.433823484413823e-07,-4.10467159318339e-10,8.20860756972274e-07,-4.9890855494431644e-08,0.9999999999996618
54,60000000,54.06,terrain_world,differential_drive_robot,1.9999964258314777,11.399999970065483,-4.433823484413823e-07,-4.10467159318339e-10,8.20860756972274e-07,-4.9890855494431644e-08,0.9999999999996618
54,80000000,54.08,terrain_world,differential_drive_robot,1.9999964258314777,11.399999970065483,-4.433823484413823e-07,-4.10467159318339e-10,8.20860756972274e-07,-4.9890855494431644e-08,0.9999999999996618
54,100000000,54.1,terrain_world,differential_drive_robot,1.9999964258314777,11.399999970065483,-4.433823484413823e-07,-4.10467159318339e-10,8.20860756972274e-07,-4.9890855494431644e-08,0.9999999999996618
54,120000000,54.12,terrain_world,differential_drive_robot,1.9999964258314777,11.399999970065483,-4.433823484413823e-07,-4.10467159318339e-10,8.20860756972274e-07,-4.9890855494431644e-08,0.9999999999996618
54,140000000,54.14,terrain_world,differential_drive_robot,1.9999964258314777,11.399999970065483,-4.433823484413823e-07,-4.10467159318339e-10,8.20860756972274e-07,-4.9890855494431644e-08,0.9999999999996618
54,160000000,54.16,terrain_world,differential_drive_robot,1.9999964258314777,11.399999970065483,-4.433823484413823e-07,-4.10467159318339e-10,8.20860756972274e-07,-4.9890855494431644e-08,0.9999999999996618
54,180000000,54.18,terrain_world,differential_drive_robot,1.9999964258314777,11.399999970065483,-4.433823484413823e-07,-4.10467159318339e-10,8.20860756972274e-07,-4.9890855494431644e-08,0.9999999999996618
54,200000000,54.2,terrain_world,differential_drive_robot,1.9999964258314777,11.399999970065483,-4.433823484413823e-07,-4.10467159318339e-10,8.20860756972274e-07,-4.9890855494431644e-08,0.9999999999996618
54,220000000,54.22,terrain_world,differential_drive_robot,1.9999964258314777,11.399999970065483,-4.433823484413823e-07,-4.10467159318339e-10,8.20860756972274e-07,-4.9890855494431644e-08,0.9999999999996618
54,240000000,54.24,terrain_world,differential_drive_robot,1.9999964258314777,11.399999970065483,-4.433823484413823e-07,-4.10467159318339e-10,8.20860756972274e-07,-4.9890855494431644e-08,0.9999999999996618
54,260000000,54.26,terrain_world,differential_drive_robot,1.9999964258314777,11.399999970065483,-4.433823484413823e-07,-4.10467159318339e-10,8.20860756972274e-07,-4.9890855494431644e-08,0.9999999999996618
54,280000000,54.28,terrain_world,differential_drive_robot,1.9999964258314777,11.399999970065483,-4.433823484413823e-07,-4.10467159318339e-10,8.20860756972274e-07,-4.9890855494431644e-08,0.9999999999996618
54,300000000,54.3,terrain_world,differential_drive_robot,1.9999964258314777,11.399999970065483,-4.433823484413823e-07,-4.10467159318339e-10,8.20860756972274e-07,-4.9890855494431644e-08,0.9999999999996618
54,320000000,54.32,terrain_world,differential_drive_robot,1.9999964258314777,11.399999970065483,-4.433823484413823e-07,-4.10467159318339e-10,8.20860756972274e-07,-4.9890855494431644e-08,0.9999999999996618
54,340000000,54.34,terrain_world,differential_drive_robot,1.9999964258314777,11.399999970065483,-4.433823484413823e-07,-4.10467159318339e-10,8.20860756972274e-07,-4.9890855494431644e-08,0.9999999999996618
54,360000000,54.36,terrain_world,differential_drive_robot,1.9999964258314777,11.399999970065483,-4.433823484413823e-07,-4.10467159318339e-10,8.20860756972274e-07,-4.9890855494431644e-08,0.9999999999996618
54,380000000,54.38,terrain_world,differential_drive_robot,1.9999964258314777,11.399999970065483,-4.433823484413823e-07,-4.10467159318339e-10,8.20860756972274e-07,-4.9890855494431644e-08,0.9999999999996618
54,400000000,54.4,terrain_world,differential_drive_robot,1.9999964258314777,11.399999970065483,-4.433823484413823e-07,-4.10467159318339e-10,8.20860756972274e-07,-4.9890855494431644e-08,0.9999999999996618
54,420000000,54.42,terrain_world,differential_drive_robot,1.9999964258314777,11.399999970065483,-4.433823484413823e-07,-4.10467159318339e-10,8.20860756972274e-07,-4.9890855494431644e-08,0.9999999999996618
54,440000000,54.44,terrain_world,differential_drive_robot,1.9999964258314777,11.399999970065483,-4.433823484413823e-07,-4.10467159318339e-10,8.20860756972274e-07,-4.9890855494431644e-08,0.9999999999996618
54,460000000,54.46,terrain_world,differential_drive_robot,1.9999964258314777,11.399999970065483,-4.433823484413823e-07,-4.10467159318339e-10,8.20860756972274e-07,-4.9890855494431644e-08,0.9999999999996618
54,480000000,54.48,terrain_world,differential_drive_robot,1.9999964258314777,11.399999970065483,-4.433823484413823e-07,-4.10467159318339e-10,8.20860756972274e-07,-4.9890855494431644e-08,0.9999999999996618
54,500000000,54.5,terrain_world,differential_drive_robot,1.9999964258314777,11.399999970065483,-4.433823484413823e-07,-4.10467159318339e-10,8.20860756972274e-07,-4.9890855494431644e-08,0.9999999999996618
54,520000000,54.52,terrain_world,differential_drive_robot,1.9999964258314777,11.399999970065483,-4.433823484413823e-07,-4.10467159318339e-10,8.20860756972274e-07,-4.9890855494431644e-08,0.9999999999996618
54,540000000,54.54,terrain_world,differential_drive_robot,1.9999964258314777,11.399999970065483,-4.433823484413823e-07,-4.10467159318339e-10,8.20860756972274e-07,-4.9890855494431644e-08,0.9999999999996618
54,560000000,54.56,terrain_world,differential_drive_robot,1.9999964258314777,11.399999970065483,-4.433823484413823e-07,-4.10467159318339e-10,8.20860756972274e-07,-4.9890855494431644e-08,0.9999999999996618
54,580000000,54.58,terrain_world,differential_drive_robot,1.9999964258314777,11.399999970065483,-4.433823484413823e-07,-4.10467159318339e-10,8.20860756972274e-07,-4.9890855494431644e-08,0.9999999999996618
54,600000000,54.6,terrain_world,differential_drive_robot,1.9999964258314777,11.399999970065483,-4.433823484413823e-07,-4.10467159318339e-10,8.20860756972274e-07,-4.9890855494431644e-08,0.9999999999996618
54,620000000,54.62,terrain_world,differential_drive_robot,1.9999964258314777,11.399999970065483,-4.433823484413823e-07,-4.10467159318339e-10,8.20860756972274e-07,-4.9890855494431644e-08,0.9999999999996618
54,640000000,54.64,terrain_world,differential_drive_robot,1.9999964258314777,11.399999970065483,-4.433823484413823e-07,-4.10467159318339e-10,8.20860756972274e-07,-4.9890855494431644e-08,0.9999999999996618
54,660000000,54.66,terrain_world,differential_drive_robot,1.9999964258314777,11.399999970065483,-4.433823484413823e-07,-4.10467159318339e-10,8.20860756972274e-07,-4.9890855494431644e-08,0.9999999999996618
54,680000000,54.68,terrain_world,differential_drive_robot,1.9999964258314777,11.399999970065483,-4.433823484413823e-07,-4.10467159318339e-10,8.20860756972274e-07,-4.9890855494431644e-08,0.9999999999996618
54,700000000,54.7,terrain_world,differential_drive_robot,1.9999964258314777,11.399999970065483,-4.433823484413823e-07,-4.10467159318339e-10,8.20860756972274e-07,-4.9890855494431644e-08,0.9999999999996618
54,720000000,54.72,terrain_world,differential_drive_robot,1.9999964258314777,11.399999970065483,-4.433823484413823e-07,-4.10467159318339e-10,8.20860756972274e-07,-4.9890855494431644e-08,0.9999999999996618
54,740000000,54.74,terrain_world,differential_drive_robot,1.9999964258314777,11.399999970065483,-4.433823484413823e-07,-4.10467159318339e-10,8.20860756972274e-07,-4.9890855494431644e-08,0.9999999999996618
54,760000000,54.76,terrain_world,differential_drive_robot,1.9999964258314777,11.399999970065483,-4.433823484413823e-07,-4.10467159318339e-10,8.20860756972274e-07,-4.9890855494431644e-08,0.9999999999996618
54,780000000,54.78,terrain_world,differential_drive_robot,1.9999964258314777,11.399999970065483,-4.433823484413823e-07,-4.10467159318339e-10,8.20860756972274e-07,-4.9890855494431644e-08,0.9999999999996618
54,800000000,54.8,terrain_world,differential_drive_robot,1.9999964258314777,11.399999970065483,-4.433823484413823e-07,-4.10467159318339e-10,8.20860756972274e-07,-4.9890855494431644e-08,0.9999999999996618
54,820000000,54.82,terrain_world,differential_drive_robot,1.9999964258314777,11.399999970065483,-4.433823484413823e-07,-4.10467159318339e-10,8.20860756972274e-07,-4.9890855494431644e-08,0.9999999999996618
54,840000000,54.84,terrain_world,differential_drive_robot,1.9999964258314777,11.399999970065483,-4.433823484413823e-07,-4.10467159318339e-10,8.20860756972274e-07,-4.9890855494431644e-08,0.9999999999996618
54,860000000,54.86,terrain_world,differential_drive_robot,1.9999964258314777,11.399999970065483,-4.433823484413823e-07,-4.10467159318339e-10,8.20860756972274e-07,-4.9890855494431644e-08,0.9999999999996618
54,880000000,54.88,terrain_world,differential_drive_robot,1.9999964258314777,11.399999970065483,-4.433823484413823e-07,-4.10467159318339e-10,8.20860756972274e-07,-4.9890855494431644e-08,0.9999999999996618
54,900000000,54.9,terrain_world,differential_drive_robot,1.9999964258314777,11.399999970065483,-4.433823484413823e-07,-4.10467159318339e-10,8.20860756972274e-07,-4.9890855494431644e-08,0.9999999999996618
54,920000000,54.92,terrain_world,differential_drive_robot,1.9999964258314777,11.399999970065483,-4.433823484413823e-07,-4.10467159318339e-10,8.20860756972274e-07,-4.9890855494431644e-08,0.9999999999996618
54,940000000,54.94,terrain_world,differential_drive_robot,1.9999964258314777,11.399999970065483,-4.433823484413823e-07,-4.10467159318339e-10,8.20860756972274e-07,-4.9890855494431644e-08,0.9999999999996618
54,960000000,54.96,terrain_world,differential_drive_robot,1.9999964258314777,11.399999970065483,-4.433823484413823e-07,-4.10467159318339e-10,8.20860756972274e-07,-4.9890855494431644e-08,0.9999999999996618
54,980000000,54.98,terrain_world,differential_drive_robot,1.9999964258314777,11.399999970065483,-4.433823484413823e-07,-4.10467159318339e-10,8.20860756972274e-07,-4.9890855494431644e-08,0.9999999999996618
55,0,55.0,terrain_world,differential_drive_robot,1.9999964258314777,11.399999970065483,-4.433823484413823e-07,-4.10467159318339e-10,8.20860756972274e-07,-4.9890855494431644e-08,0.9999999999996618
55,20000000,55.02,terrain_world,differential_drive_robot,1.9999964258314777,11.399999970065483,-4.433823484413823e-07,-4.10467159318339e-10,8.20860756972274e-07,-4.9890855494431644e-08,0.9999999999996618
55,40000000,55.04,terrain_world,differential_drive_robot,1.9999964258314777,11.399999970065483,-4.433823484413823e-07,-4.10467159318339e-10,8.20860756972274e-07,-4.9890855494431644e-08,0.9999999999996618
55,60000000,55.06,terrain_world,differential_drive_robot,1.9999964258314777,11.399999970065483,-4.433823484413823e-07,-4.10467159318339e-10,8.20860756972274e-07,-4.9890855494431644e-08,0.9999999999996618
55,80000000,55.08,terrain_world,differential_drive_robot,1.9999964258314777,11.399999970065483,-4.433823484413823e-07,-4.10467159318339e-10,8.20860756972274e-07,-4.9890855494431644e-08,0.9999999999996618
55,100000000,55.1,terrain_world,differential_drive_robot,1.9999964258314777,11.399999970065483,-4.433823484413823e-07,-4.10467159318339e-10,8.20860756972274e-07,-4.9890855494431644e-08,0.9999999999996618
55,120000000,55.12,terrain_world,differential_drive_robot,1.9999964258314777,11.399999970065483,-4.433823484413823e-07,-4.10467159318339e-10,8.20860756972274e-07,-4.9890855494431644e-08,0.9999999999996618
55,140000000,55.14,terrain_world,differential_drive_robot,1.9999964258314777,11.399999970065483,-4.433823484413823e-07,-4.10467159318339e-10,8.20860756972274e-07,-4.9890855494431644e-08,0.9999999999996618
55,160000000,55.16,terrain_world,differential_drive_robot,1.9999964258314777,11.399999970065483,-4.433823484413823e-07,-4.10467159318339e-10,8.20860756972274e-07,-4.9890855494431644e-08,0.9999999999996618
55,180000000,55.18,terrain_world,differential_drive_robot,1.9999964258314777,11.399999970065483,-4.433823484413823e-07,-4.10467159318339e-10,8.20860756972274e-07,-4.9890855494431644e-08,0.9999999999996618
55,200000000,55.2,terrain_world,differential_drive_robot,1.9999964258314777,11.399999970065483,-4.433823484413823e-07,-4.10467159318339e-10,8.20860756972274e-07,-4.9890855494431644e-08,0.9999999999996618
55,220000000,55.22,terrain_world,differential_drive_robot,1.9999964258314777,11.399999970065483,-4.433823484413823e-07,-4.10467159318339e-10,8.20860756972274e-07,-4.9890855494431644e-08,0.9999999999996618
55,240000000,55.24,terrain_world,differential_drive_robot,1.9999964258314777,11.399999970065483,-4.433823484413823e-07,-4.10467159318339e-10,8.20860756972274e-07,-4.9890855494431644e-08,0.9999999999996618
55,260000000,55.26,terrain_world,differential_drive_robot,1.9999964258314777,11.399999970065483,-4.433823484413823e-07,-4.10467159318339e-10,8.20860756972274e-07,-4.9890855494431644e-08,0.9999999999996618
55,280000000,55.28,terrain_world,differential_drive_robot,1.9999964258314777,11.399999970065483,-4.433823484413823e-07,-4.10467159318339e-10,8.20860756972274e-07,-4.9890855494431644e-08,0.9999999999996618
55,300000000,55.3,terrain_world,differential_drive_robot,1.9999964258314777,11.399999970065483,-4.433823484413823e-07,-4.10467159318339e-10,8.20860756972274e-07,-4.9890855494431644e-08,0.9999999999996618
55,320000000,55.32,terrain_world,differential_drive_robot,1.9999964258314777,11.399999970065483,-4.433823484413823e-07,-4.10467159318339e-10,8.20860756972274e-07,-4.9890855494431644e-08,0.9999999999996618
55,340000000,55.34,terrain_world,differential_drive_robot,1.9999964258314777,11.399999970065483,-4.433823484413823e-07,-4.10467159318339e-10,8.20860756972274e-07,-4.9890855494431644e-08,0.9999999999996618
55,360000000,55.36,terrain_world,differential_drive_robot,1.9999964258314777,11.399999970065483,-4.433823484413823e-07,-4.10467159318339e-10,8.20860756972274e-07,-4.9890855494431644e-08,0.9999999999996618
55,380000000,55.38,terrain_world,differential_drive_robot,1.9999964258314777,11.399999970065483,-4.433823484413823e-07,-4.10467159318339e-10,8.20860756972274e-07,-4.9890855494431644e-08,0.9999999999996618
55,400000000,55.4,terrain_world,differential_drive_robot,1.9999964258314777,11.399999970065483,-4.433823484413823e-07,-4.10467159318339e-10,8.20860756972274e-07,-4.9890855494431644e-08,0.9999999999996618
55,420000000,55.42,terrain_world,differential_drive_robot,1.9999964258314777,11.399999970065483,-4.433823484413823e-07,-4.10467159318339e-10,8.20860756972274e-07,-4.9890855494431644e-08,0.9999999999996618
55,440000000,55.44,terrain_world,differential_drive_robot,1.9999964258314777,11.399999970065483,-4.433823484413823e-07,-4.10467159318339e-10,8.20860756972274e-07,-4.9890855494431644e-08,0.9999999999996618
55,460000000,55.46,terrain_world,differential_drive_robot,1.9999964258314777,11.399999970065483,-4.433823484413823e-07,-4.10467159318339e-10,8.20860756972274e-07,-4.9890855494431644e-08,0.9999999999996618
55,480000000,55.48,terrain_world,differential_drive_robot,1.9999964258314777,11.399999970065483,-4.433823484413823e-07,-4.10467159318339e-10,8.20860756972274e-07,-4.9890855494431644e-08,0.9999999999996618
55,500000000,55.5,terrain_world,differential_drive_robot,1.9999964258314777,11.399999970065483,-4.433823484413823e-07,-4.10467159318339e-10,8.20860756972274e-07,-4.9890855494431644e-08,0.9999999999996618
55,520000000,55.52,terrain_world,differential_drive_robot,1.9999964258314777,11.399999970065483,-4.433823484413823e-07,-4.10467159318339e-10,8.20860756972274e-07,-4.9890855494431644e-08,0.9999999999996618
55,540000000,55.54,terrain_world,differential_drive_robot,1.9999964258314777,11.399999970065483,-4.433823484413823e-07,-4.10467159318339e-10,8.20860756972274e-07,-4.9890855494431644e-08,0.9999999999996618
55,560000000,55.56,terrain_world,differential_drive_robot,1.9999964258314777,11.399999970065483,-4.433823484413823e-07,-4.10467159318339e-10,8.20860756972274e-07,-4.9890855494431644e-08,0.9999999999996618
55,580000000,55.58,terrain_world,differential_drive_robot,1.9999964258314777,11.399999970065483,-4.433823484413823e-07,-4.10467159318339e-10,8.20860756972274e-07,-4.9890855494431644e-08,0.9999999999996618
55,600000000,55.6,terrain_world,differential_drive_robot,1.9999964258314777,11.399999970065483,-4.433823484413823e-07,-4.10467159318339e-10,8.20860756972274e-07,-4.9890855494431644e-08,0.9999999999996618
55,620000000,55.62,terrain_world,differential_drive_robot,1.9999964258314777,11.399999970065483,-4.433823484413823e-07,-4.10467159318339e-10,8.20860756972274e-07,-4.9890855494431644e-08,0.9999999999996618
55,640000000,55.64,terrain_world,differential_drive_robot,1.9999964258314777,11.399999970065483,-4.433823484413823e-07,-4.10467159318339e-10,8.20860756972274e-07,-4.9890855494431644e-08,0.9999999999996618
55,660000000,55.66,terrain_world,differential_drive_robot,1.9999964258314777,11.399999970065483,-4.433823484413823e-07,-4.10467159318339e-10,8.20860756972274e-07,-4.9890855494431644e-08,0.9999999999996618
55,680000000,55.68,terrain_world,differential_drive_robot,1.9999964258314777,11.399999970065483,-4.433823484413823e-07,-4.10467159318339e-10,8.20860756972274e-07,-4.9890855494431644e-08,0.9999999999996618
55,700000000,55.7,terrain_world,differential_drive_robot,1.9999964258314777,11.399999970065483,-4.433823484413823e-07,-4.10467159318339e-10,8.20860756972274e-07,-4.9890855494431644e-08,0.9999999999996618
55,720000000,55.72,terrain_world,differential_drive_robot,1.9999964258314777,11.399999970065483,-4.433823484413823e-07,-4.10467159318339e-10,8.20860756972274e-07,-4.9890855494431644e-08,0.9999999999996618
55,740000000,55.74,terrain_world,differential_drive_robot,1.9999964258314777,11.399999970065483,-4.433823484413823e-07,-4.10467159318339e-10,8.20860756972274e-07,-4.9890855494431644e-08,0.9999999999996618
55,760000000,55.76,terrain_world,differential_drive_robot,1.9999964258314777,11.399999970065483,-4.433823484413823e-07,-4.10467159318339e-10,8.20860756972274e-07,-4.9890855494431644e-08,0.9999999999996618
55,780000000,55.78,terrain_world,differential_drive_robot,1.9999964258314777,11.399999970065483,-4.433823484413823e-07,-4.10467159318339e-10,8.20860756972274e-07,-4.9890855494431644e-08,0.9999999999996618
55,800000000,55.8,terrain_world,differential_drive_robot,1.9999964258314777,11.399999970065483,-4.433823484413823e-07,-4.10467159318339e-10,8.20860756972274e-07,-4.9890855494431644e-08,0.9999999999996618
55,820000000,55.82,terrain_world,differential_drive_robot,1.9999964258314777,11.399999970065483,-4.433823484413823e-07,-4.10467159318339e-10,8.20860756972274e-07,-4.9890855494431644e-08,0.9999999999996618
55,840000000,55.84,terrain_world,differential_drive_robot,1.9999964258314777,11.399999970065483,-4.433823484413823e-07,-4.10467159318339e-10,8.20860756972274e-07,-4.9890855494431644e-08,0.9999999999996618
55,860000000,55.86,terrain_world,differential_drive_robot,1.9999964258314777,11.399999970065483,-4.433823484413823e-07,-4.10467159318339e-10,8.20860756972274e-07,-4.9890855494431644e-08,0.9999999999996618
55,880000000,55.88,terrain_world,differential_drive_robot,1.9999964258314777,11.399999970065483,-4.433823484413823e-07,-4.10467159318339e-10,8.20860756972274e-07,-4.9890855494431644e-08,0.9999999999996618
55,900000000,55.9,terrain_world,differential_drive_robot,1.9999964258314777,11.399999970065483,-4.433823484413823e-07,-4.10467159318339e-10,8.20860756972274e-07,-4.9890855494431644e-08,0.9999999999996618
55,920000000,55.92,terrain_world,differential_drive_robot,1.9999964258314777,11.399999970065483,-4.433823484413823e-07,-4.10467159318339e-10,8.20860756972274e-07,-4.9890855494431644e-08,0.9999999999996618
55,940000000,55.94,terrain_world,differential_drive_robot,1.9999964258314777,11.399999970065483,-4.433823484413823e-07,-4.10467159318339e-10,8.20860756972274e-07,-4.9890855494431644e-08,0.9999999999996618
55,960000000,55.96,terrain_world,differential_drive_robot,1.9999964258314777,11.399999970065483,-4.433823484413823e-07,-4.10467159318339e-10,8.20860756972274e-07,-4.9890855494431644e-08,0.9999999999996618
55,980000000,55.98,terrain_world,differential_drive_robot,1.9999964258314777,11.399999970065483,-4.433823484413823e-07,-4.10467159318339e-10,8.20860756972274e-07,-4.9890855494431644e-08,0.9999999999996618
56,0,56.0,terrain_world,differential_drive_robot,1.9999964258314777,11.399999970065483,-4.433823484413823e-07,-4.10467159318339e-10,8.20860756972274e-07,-4.9890855494431644e-08,0.9999999999996618
56,20000000,56.02,terrain_world,differential_drive_robot,1.9999964258314777,11.399999970065483,-4.433823484413823e-07,-4.10467159318339e-10,8.20860756972274e-07,-4.9890855494431644e-08,0.9999999999996618
56,40000000,56.04,terrain_world,differential_drive_robot,1.9999964258314777,11.399999970065483,-4.433823484413823e-07,-4.10467159318339e-10,8.20860756972274e-07,-4.9890855494431644e-08,0.9999999999996618
56,60000000,56.06,terrain_world,differential_drive_robot,1.9999964258314777,11.399999970065483,-4.433823484413823e-07,-4.10467159318339e-10,8.20860756972274e-07,-4.9890855494431644e-08,0.9999999999996618
56,80000000,56.08,terrain_world,differential_drive_robot,1.9999964258314777,11.399999970065483,-4.433823484413823e-07,-4.10467159318339e-10,8.20860756972274e-07,-4.9890855494431644e-08,0.9999999999996618
56,100000000,56.1,terrain_world,differential_drive_robot,1.9999964258314777,11.399999970065483,-4.433823484413823e-07,-4.10467159318339e-10,8.20860756972274e-07,-4.9890855494431644e-08,0.9999999999996618
56,120000000,56.12,terrain_world,differential_drive_robot,1.9999964258314777,11.399999970065483,-4.433823484413823e-07,-4.10467159318339e-10,8.20860756972274e-07,-4.9890855494431644e-08,0.9999999999996618
56,140000000,56.14,terrain_world,differential_drive_robot,1.9999964258314777,11.399999970065483,-4.433823484413823e-07,-4.10467159318339e-10,8.20860756972274e-07,-4.9890855494431644e-08,0.9999999999996618
56,160000000,56.16,terrain_world,differential_drive_robot,1.9999964258314777,11.399999970065483,-4.433823484413823e-07,-4.10467159318339e-10,8.20860756972274e-07,-4.9890855494431644e-08,0.9999999999996618
56,180000000,56.18,terrain_world,differential_drive_robot,1.9999964258314777,11.399999970065483,-4.433823484413823e-07,-4.10467159318339e-10,8.20860756972274e-07,-4.9890855494431644e-08,0.9999999999996618
56,200000000,56.2,terrain_world,differential_drive_robot,1.9999964258314777,11.399999970065483,-4.433823484413823e-07,-4.10467159318339e-10,8.20860756972274e-07,-4.9890855494431644e-08,0.9999999999996618
56,220000000,56.22,terrain_world,differential_drive_robot,1.9999964258314777,11.399999970065483,-4.433823484413823e-07,-4.10467159318339e-10,8.20860756972274e-07,-4.9890855494431644e-08,0.9999999999996618
56,240000000,56.24,terrain_world,differential_drive_robot,1.9999964258314777,11.399999970065483,-4.433823484413823e-07,-4.10467159318339e-10,8.20860756972274e-07,-4.9890855494431644e-08,0.9999999999996618
56,260000000,56.26,terrain_world,differential_drive_robot,1.9999964258314777,11.399999970065483,-4.433823484413823e-07,-4.10467159318339e-10,8.20860756972274e-07,-4.9890855494431644e-08,0.9999999999996618
56,280000000,56.28,terrain_world,differential_drive_robot,1.9999964258314777,11.399999970065483,-4.433823484413823e-07,-4.10467159318339e-10,8.20860756972274e-07,-4.9890855494431644e-08,0.9999999999996618
56,300000000,56.3,terrain_world,differential_drive_robot,1.9999964258314777,11.399999970065483,-4.433823484413823e-07,-4.10467159318339e-10,8.20860756972274e-07,-4.9890855494431644e-08,0.9999999999996618
56,320000000,56.32,terrain_world,differential_drive_robot,1.9999964258314777,11.399999970065483,-4.433823484413823e-07,-4.10467159318339e-10,8.20860756972274e-07,-4.9890855494431644e-08,0.9999999999996618
56,340000000,56.34,terrain_world,differential_drive_robot,1.9999964258314777,11.399999970065483,-4.433823484413823e-07,-4.10467159318339e-10,8.20860756972274e-07,-4.9890855494431644e-08,0.9999999999996618
56,360000000,56.36,terrain_world,differential_drive_robot,1.9999964258314777,11.399999970065483,-4.433823484413823e-07,-4.10467159318339e-10,8.20860756972274e-07,-4.9890855494431644e-08,0.9999999999996618
56,380000000,56.38,terrain_world,differential_drive_robot,1.9999964258314777,11.399999970065483,-4.433823484413823e-07,-4.10467159318339e-10,8.20860756972274e-07,-4.9890855494431644e-08,0.9999999999996618
56,400000000,56.4,terrain_world,differential_drive_robot,1.9999964258314777,11.399999970065483,-4.433823484413823e-07,-4.10467159318339e-10,8.20860756972274e-07,-4.9890855494431644e-08,0.9999999999996618
56,420000000,56.42,terrain_world,differential_drive_robot,1.9999964258314777,11.399999970065483,-4.433823484413823e-07,-4.10467159318339e-10,8.20860756972274e-07,-4.9890855494431644e-08,0.9999999999996618
56,440000000,56.44,terrain_world,differential_drive_robot,1.9999964258314777,11.399999970065483,-4.433823484413823e-07,-4.10467159318339e-10,8.20860756972274e-07,-4.9890855494431644e-08,0.9999999999996618
56,460000000,56.46,terrain_world,differential_drive_robot,1.9999964258314777,11.399999970065483,-4.433823484413823e-07,-4.10467159318339e-10,8.20860756972274e-07,-4.9890855494431644e-08,0.9999999999996618
56,480000000,56.48,terrain_world,differential_drive_robot,1.9999964258314777,11.399999970065483,-4.433823484413823e-07,-4.10467159318339e-10,8.20860756972274e-07,-4.9890855494431644e-08,0.9999999999996618
56,500000000,56.5,terrain_world,differential_drive_robot,1.9999964258314777,11.399999970065483,-4.433823484413823e-07,-4.10467159318339e-10,8.20860756972274e-07,-4.9890855494431644e-08,0.9999999999996618
56,520000000,56.52,terrain_world,differential_drive_robot,1.9999964258314777,11.399999970065483,-4.433823484413823e-07,-4.10467159318339e-10,8.20860756972274e-07,-4.9890855494431644e-08,0.9999999999996618
56,540000000,56.54,terrain_world,differential_drive_robot,1.9999964258314777,11.399999970065483,-4.433823484413823e-07,-4.10467159318339e-10,8.20860756972274e-07,-4.9890855494431644e-08,0.9999999999996618
56,560000000,56.56,terrain_world,differential_drive_robot,1.9999964258314777,11.399999970065483,-4.433823484413823e-07,-4.10467159318339e-10,8.20860756972274e-07,-4.9890855494431644e-08,0.9999999999996618
56,580000000,56.58,terrain_world,differential_drive_robot,1.9999964258314777,11.399999970065483,-4.433823484413823e-07,-4.10467159318339e-10,8.20860756972274e-07,-4.9890855494431644e-08,0.9999999999996618
56,600000000,56.6,terrain_world,differential_drive_robot,1.9999964258314777,11.399999970065483,-4.433823484413823e-07,-4.10467159318339e-10,8.20860756972274e-07,-4.9890855494431644e-08,0.9999999999996618
56,620000000,56.62,terrain_world,differential_drive_robot,1.9999964258314777,11.399999970065483,-4.433823484413823e-07,-4.10467159318339e-10,8.20860756972274e-07,-4.9890855494431644e-08,0.9999999999996618
56,640000000,56.64,terrain_world,differential_drive_robot,1.9999964258314777,11.399999970065483,-4.433823484413823e-07,-4.10467159318339e-10,8.20860756972274e-07,-4.9890855494431644e-08,0.9999999999996618
56,660000000,56.66,terrain_world,differential_drive_robot,1.9999964258314777,11.399999970065483,-4.433823484413823e-07,-4.10467159318339e-10,8.20860756972274e-07,-4.9890855494431644e-08,0.9999999999996618
56,680000000,56.68,terrain_world,differential_drive_robot,1.9999964258314777,11.399999970065483,-4.433823484413823e-07,-4.10467159318339e-10,8.20860756972274e-07,-4.9890855494431644e-08,0.9999999999996618
56,700000000,56.7,terrain_world,differential_drive_robot,1.9999964258314777,11.399999970065483,-4.433823484413823e-07,-4.10467159318339e-10,8.20860756972274e-07,-4.9890855494431644e-08,0.9999999999996618
56,720000000,56.72,terrain_world,differential_drive_robot,1.9999964258314777,11.399999970065483,-4.433823484413823e-07,-4.10467159318339e-10,8.20860756972274e-07,-4.9890855494431644e-08,0.9999999999996618
56,740000000,56.74,terrain_world,differential_drive_robot,1.9999964258314777,11.399999970065483,-4.433823484413823e-07,-4.10467159318339e-10,8.20860756972274e-07,-4.9890855494431644e-08,0.9999999999996618
56,760000000,56.76,terrain_world,differential_drive_robot,1.9999964258314777,11.399999970065483,-4.433823484413823e-07,-4.10467159318339e-10,8.20860756972274e-07,-4.9890855494431644e-08,0.9999999999996618
56,780000000,56.78,terrain_world,differential_drive_robot,1.9999964258314777,11.399999970065483,-4.433823484413823e-07,-4.10467159318339e-10,8.20860756972274e-07,-4.9890855494431644e-08,0.9999999999996618
56,800000000,56.8,terrain_world,differential_drive_robot,1.9999964258314777,11.399999970065483,-4.433823484413823e-07,-4.10467159318339e-10,8.20860756972274e-07,-4.9890855494431644e-08,0.9999999999996618
56,820000000,56.82,terrain_world,differential_drive_robot,1.9999964258314777,11.399999970065483,-4.433823484413823e-07,-4.10467159318339e-10,8.20860756972274e-07,-4.9890855494431644e-08,0.9999999999996618
56,840000000,56.84,terrain_world,differential_drive_robot,1.9999964258314777,11.399999970065483,-4.433823484413823e-07,-4.10467159318339e-10,8.20860756972274e-07,-4.9890855494431644e-08,0.9999999999996618
56,860000000,56.86,terrain_world,differential_drive_robot,1.9999964258314777,11.399999970065483,-4.433823484413823e-07,-4.10467159318339e-10,8.20860756972274e-07,-4.9890855494431644e-08,0.9999999999996618
56,880000000,56.88,terrain_world,differential_drive_robot,1.9999964258314777,11.399999970065483,-4.433823484413823e-07,-4.10467159318339e-10,8.20860756972274e-07,-4.9890855494431644e-08,0.9999999999996618
56,900000000,56.9,terrain_world,differential_drive_robot,1.9999964258314777,11.399999970065483,-4.433823484413823e-07,-4.10467159318339e-10,8.20860756972274e-07,-4.9890855494431644e-08,0.9999999999996618
56,920000000,56.92,terrain_world,differential_drive_robot,1.9999964258314777,11.399999970065483,-4.433823484413823e-07,-4.10467159318339e-10,8.20860756972274e-07,-4.9890855494431644e-08,0.9999999999996618
56,940000000,56.94,terrain_world,differential_drive_robot,1.9999964258314777,11.399999970065483,-4.433823484413823e-07,-4.10467159318339e-10,8.20860756972274e-07,-4.9890855494431644e-08,0.9999999999996618
56,960000000,56.96,terrain_world,differential_drive_robot,1.9999964258314777,11.399999970065483,-4.433823484413823e-07,-4.10467159318339e-10,8.20860756972274e-07,-4.9890855494431644e-08,0.9999999999996618
56,980000000,56.98,terrain_world,differential_drive_robot,1.9999964258314777,11.399999970065483,-4.433823484413823e-07,-4.10467159318339e-10,8.20860756972274e-07,-4.9890855494431644e-08,0.9999999999996618
57,0,57.0,terrain_world,differential_drive_robot,1.9999964258314777,11.399999970065483,-4.433823484413823e-07,-4.10467159318339e-10,8.20860756972274e-07,-4.9890855494431644e-08,0.9999999999996618
57,20000000,57.02,terrain_world,differential_drive_robot,1.9999964258314777,11.399999970065483,-4.433823484413823e-07,-4.10467159318339e-10,8.20860756972274e-07,-4.9890855494431644e-08,0.9999999999996618
57,40000000,57.04,terrain_world,differential_drive_robot,1.9999964258314777,11.399999970065483,-4.433823484413823e-07,-4.10467159318339e-10,8.20860756972274e-07,-4.9890855494431644e-08,0.9999999999996618
57,60000000,57.06,terrain_world,differential_drive_robot,1.9999964258314777,11.399999970065483,-4.433823484413823e-07,-4.10467159318339e-10,8.20860756972274e-07,-4.9890855494431644e-08,0.9999999999996618
57,80000000,57.08,terrain_world,differential_drive_robot,1.9999964258314777,11.399999970065483,-4.433823484413823e-07,-4.10467159318339e-10,8.20860756972274e-07,-4.9890855494431644e-08,0.9999999999996618
57,100000000,57.1,terrain_world,differential_drive_robot,1.9999964258314777,11.399999970065483,-4.433823484413823e-07,-4.10467159318339e-10,8.20860756972274e-07,-4.9890855494431644e-08,0.9999999999996618
57,120000000,57.12,terrain_world,differential_drive_robot,1.9999964258314777,11.399999970065483,-4.433823484413823e-07,-4.10467159318339e-10,8.20860756972274e-07,-4.9890855494431644e-08,0.9999999999996618
57,140000000,57.14,terrain_world,differential_drive_robot,1.9999964258314777,11.399999970065483,-4.433823484413823e-07,-4.10467159318339e-10,8.20860756972274e-07,-4.9890855494431644e-08,0.9999999999996618
57,160000000,57.16,terrain_world,differential_drive_robot,1.9999964258314777,11.399999970065483,-4.433823484413823e-07,-4.10467159318339e-10,8.20860756972274e-07,-4.9890855494431644e-08,0.9999999999996618
57,180000000,57.18,terrain_world,differential_drive_robot,1.9999964258314777,11.399999970065483,-4.433823484413823e-07,-4.10467159318339e-10,8.20860756972274e-07,-4.9890855494431644e-08,0.9999999999996618
57,200000000,57.2,terrain_world,differential_drive_robot,1.9999964258314777,11.399999970065483,-4.433823484413823e-07,-4.10467159318339e-10,8.20860756972274e-07,-4.9890855494431644e-08,0.9999999999996618
57,220000000,57.22,terrain_world,differential_drive_robot,1.9999964258314777,11.399999970065483,-4.433823484413823e-07,-4.10467159318339e-10,8.20860756972274e-07,-4.9890855494431644e-08,0.9999999999996618
57,240000000,57.24,terrain_world,differential_drive_robot,1.9999964258314777,11.399999970065483,-4.433823484413823e-07,-4.10467159318339e-10,8.20860756972274e-07,-4.9890855494431644e-08,0.9999999999996618
57,260000000,57.26,terrain_world,differential_drive_robot,1.9999964258314777,11.399999970065483,-4.433823484413823e-07,-4.10467159318339e-10,8.20860756972274e-07,-4.9890855494431644e-08,0.9999999999996618
57,280000000,57.28,terrain_world,differential_drive_robot,1.9999964258314777,11.399999970065483,-4.433823484413823e-07,-4.10467159318339e-10,8.20860756972274e-07,-4.9890855494431644e-08,0.9999999999996618
57,300000000,57.3,terrain_world,differential_drive_robot,1.9999964258314777,11.399999970065483,-4.433823484413823e-07,-4.10467159318339e-10,8.20860756972274e-07,-4.9890855494431644e-08,0.9999999999996618
57,320000000,57.32,terrain_world,differential_drive_robot,1.9999964258314777,11.399999970065483,-4.433823484413823e-07,-4.10467159318339e-10,8.20860756972274e-07,-4.9890855494431644e-08,0.9999999999996618
57,340000000,57.34,terrain_world,differential_drive_robot,1.9999964258314777,11.399999970065483,-4.433823484413823e-07,-4.10467159318339e-10,8.20860756972274e-07,-4.9890855494431644e-08,0.9999999999996618
57,360000000,57.36,terrain_world,differential_drive_robot,1.9999964258314777,11.399999970065483,-4.433823484413823e-07,-4.10467159318339e-10,8.20860756972274e-07,-4.9890855494431644e-08,0.9999999999996618
57,380000000,57.38,terrain_world,differential_drive_robot,1.9999964258314777,11.399999970065483,-4.433823484413823e-07,-4.10467159318339e-10,8.20860756972274e-07,-4.9890855494431644e-08,0.9999999999996618
57,400000000,57.4,terrain_world,differential_drive_robot,1.9999964258314777,11.399999970065483,-4.433823484413823e-07,-4.10467159318339e-10,8.20860756972274e-07,-4.9890855494431644e-08,0.9999999999996618
57,420000000,57.42,terrain_world,differential_drive_robot,1.9999964258314777,11.399999970065483,-4.433823484413823e-07,-4.10467159318339e-10,8.20860756972274e-07,-4.9890855494431644e-08,0.9999999999996618
57,440000000,57.44,terrain_world,differential_drive_robot,1.9999964258314777,11.399999970065483,-4.433823484413823e-07,-4.10467159318339e-10,8.20860756972274e-07,-4.9890855494431644e-08,0.9999999999996618
57,460000000,57.46,terrain_world,differential_drive_robot,1.9999964258314777,11.399999970065483,-4.433823484413823e-07,-4.10467159318339e-10,8.20860756972274e-07,-4.9890855494431644e-08,0.9999999999996618
57,480000000,57.48,terrain_world,differential_drive_robot,1.9999964258314777,11.399999970065483,-4.433823484413823e-07,-4.10467159318339e-10,8.20860756972274e-07,-4.9890855494431644e-08,0.9999999999996618
57,500000000,57.5,terrain_world,differential_drive_robot,1.9999964258314777,11.399999970065483,-4.433823484413823e-07,-4.10467159318339e-10,8.20860756972274e-07,-4.9890855494431644e-08,0.9999999999996618
57,520000000,57.52,terrain_world,differential_drive_robot,1.9999964258314777,11.399999970065483,-4.433823484413823e-07,-4.10467159318339e-10,8.20860756972274e-07,-4.9890855494431644e-08,0.9999999999996618
57,540000000,57.54,terrain_world,differential_drive_robot,1.9999964258314777,11.399999970065483,-4.433823484413823e-07,-4.10467159318339e-10,8.20860756972274e-07,-4.9890855494431644e-08,0.9999999999996618
57,560000000,57.56,terrain_world,differential_drive_robot,1.9999964258314777,11.399999970065483,-4.433823484413823e-07,-4.10467159318339e-10,8.20860756972274e-07,-4.9890855494431644e-08,0.9999999999996618
57,580000000,57.58,terrain_world,differential_drive_robot,1.9999964258314777,11.399999970065483,-4.433823484413823e-07,-4.10467159318339e-10,8.20860756972274e-07,-4.9890855494431644e-08,0.9999999999996618
57,600000000,57.6,terrain_world,differential_drive_robot,1.9999964258314777,11.399999970065483,-4.433823484413823e-07,-4.10467159318339e-10,8.20860756972274e-07,-4.9890855494431644e-08,0.9999999999996618
57,620000000,57.62,terrain_world,differential_drive_robot,1.9999964258314777,11.399999970065483,-4.433823484413823e-07,-4.10467159318339e-10,8.20860756972274e-07,-4.9890855494431644e-08,0.9999999999996618
57,640000000,57.64,terrain_world,differential_drive_robot,1.9999964258314777,11.399999970065483,-4.433823484413823e-07,-4.10467159318339e-10,8.20860756972274e-07,-4.9890855494431644e-08,0.9999999999996618
57,660000000,57.66,terrain_world,differential_drive_robot,1.9999964258314777,11.399999970065483,-4.433823484413823e-07,-4.10467159318339e-10,8.20860756972274e-07,-4.9890855494431644e-08,0.9999999999996618
57,680000000,57.68,terrain_world,differential_drive_robot,1.9999964258314777,11.399999970065483,-4.433823484413823e-07,-4.10467159318339e-10,8.20860756972274e-07,-4.9890855494431644e-08,0.9999999999996618
57,700000000,57.7,terrain_world,differential_drive_robot,1.9999964258314777,11.399999970065483,-4.433823484413823e-07,-4.10467159318339e-10,8.20860756972274e-07,-4.9890855494431644e-08,0.9999999999996618
57,720000000,57.72,terrain_world,differential_drive_robot,1.9999964258314777,11.399999970065483,-4.433823484413823e-07,-4.10467159318339e-10,8.20860756972274e-07,-4.9890855494431644e-08,0.9999999999996618
57,740000000,57.74,terrain_world,differential_drive_robot,1.9999964258314777,11.399999970065483,-4.433823484413823e-07,-4.10467159318339e-10,8.20860756972274e-07,-4.9890855494431644e-08,0.9999999999996618
57,760000000,57.76,terrain_world,differential_drive_robot,1.9999964258314777,11.399999970065483,-4.433823484413823e-07,-4.10467159318339e-10,8.20860756972274e-07,-4.9890855494431644e-08,0.9999999999996618
57,780000000,57.78,terrain_world,differential_drive_robot,1.9999964258314777,11.399999970065483,-4.433823484413823e-07,-4.10467159318339e-10,8.20860756972274e-07,-4.9890855494431644e-08,0.9999999999996618
57,800000000,57.8,terrain_world,differential_drive_robot,1.9999964258314777,11.399999970065483,-4.433823484413823e-07,-4.10467159318339e-10,8.20860756972274e-07,-4.9890855494431644e-08,0.9999999999996618
57,820000000,57.82,terrain_world,differential_drive_robot,1.9999964258314777,11.399999970065483,-4.433823484413823e-07,-4.10467159318339e-10,8.20860756972274e-07,-4.9890855494431644e-08,0.9999999999996618
57,840000000,57.84,terrain_world,differential_drive_robot,1.9999964258314777,11.399999970065483,-4.433823484413823e-07,-4.10467159318339e-10,8.20860756972274e-07,-4.9890855494431644e-08,0.9999999999996618
57,860000000,57.86,terrain_world,differential_drive_robot,1.9999964258314777,11.399999970065483,-4.433823484413823e-07,-4.10467159318339e-10,8.20860756972274e-07,-4.9890855494431644e-08,0.9999999999996618
57,880000000,57.88,terrain_world,differential_drive_robot,1.9999964258314777,11.399999970065483,-4.433823484413823e-07,-4.10467159318339e-10,8.20860756972274e-07,-4.9890855494431644e-08,0.9999999999996618
57,900000000,57.9,terrain_world,differential_drive_robot,1.9999964258314777,11.399999970065483,-4.433823484413823e-07,-4.10467159318339e-10,8.20860756972274e-07,-4.9890855494431644e-08,0.9999999999996618
57,920000000,57.92,terrain_world,differential_drive_robot,1.9999964258314777,11.399999970065483,-4.433823484413823e-07,-4.10467159318339e-10,8.20860756972274e-07,-4.9890855494431644e-08,0.9999999999996618
57,940000000,57.94,terrain_world,differential_drive_robot,1.9999964258314777,11.399999970065483,-4.433823484413823e-07,-4.10467159318339e-10,8.20860756972274e-07,-4.9890855494431644e-08,0.9999999999996618
57,960000000,57.96,terrain_world,differential_drive_robot,1.9999964258314777,11.399999970065483,-4.433823484413823e-07,-4.10467159318339e-10,8.20860756972274e-07,-4.9890855494431644e-08,0.9999999999996618
57,980000000,57.98,terrain_world,differential_drive_robot,1.9999964258314777,11.399999970065483,-4.433823484413823e-07,-4.10467159318339e-10,8.20860756972274e-07,-4.9890855494431644e-08,0.9999999999996618
58,0,58.0,terrain_world,differential_drive_robot,1.9999964258314777,11.399999970065483,-4.433823484413823e-07,-4.10467159318339e-10,8.20860756972274e-07,-4.9890855494431644e-08,0.9999999999996618
58,20000000,58.02,terrain_world,differential_drive_robot,1.9999964258314777,11.399999970065483,-4.433823484413823e-07,-4.10467159318339e-10,8.20860756972274e-07,-4.9890855494431644e-08,0.9999999999996618
58,40000000,58.04,terrain_world,differential_drive_robot,1.9999964258314777,11.399999970065483,-4.433823484413823e-07,-4.10467159318339e-10,8.20860756972274e-07,-4.9890855494431644e-08,0.9999999999996618
58,60000000,58.06,terrain_world,differential_drive_robot,1.9999964258314777,11.399999970065483,-4.433823484413823e-07,-4.10467159318339e-10,8.20860756972274e-07,-4.9890855494431644e-08,0.9999999999996618
58,80000000,58.08,terrain_world,differential_drive_robot,1.9999964258314777,11.399999970065483,-4.433823484413823e-07,-4.10467159318339e-10,8.20860756972274e-07,-4.9890855494431644e-08,0.9999999999996618
58,100000000,58.1,terrain_world,differential_drive_robot,1.9999964258314777,11.399999970065483,-4.433823484413823e-07,-4.10467159318339e-10,8.20860756972274e-07,-4.9890855494431644e-08,0.9999999999996618
58,120000000,58.12,terrain_world,differential_drive_robot,1.9999964258314777,11.399999970065483,-4.433823484413823e-07,-4.10467159318339e-10,8.20860756972274e-07,-4.9890855494431644e-08,0.9999999999996618
58,140000000,58.14,terrain_world,differential_drive_robot,1.9999964258314777,11.399999970065483,-4.433823484413823e-07,-4.10467159318339e-10,8.20860756972274e-07,-4.9890855494431644e-08,0.9999999999996618
58,160000000,58.16,terrain_world,differential_drive_robot,1.9999964258314777,11.399999970065483,-4.433823484413823e-07,-4.10467159318339e-10,8.20860756972274e-07,-4.9890855494431644e-08,0.9999999999996618
58,180000000,58.18,terrain_world,differential_drive_robot,1.9999964258314777,11.399999970065483,-4.433823484413823e-07,-4.10467159318339e-10,8.20860756972274e-07,-4.9890855494431644e-08,0.9999999999996618
58,200000000,58.2,terrain_world,differential_drive_robot,1.9999964258314777,11.399999970065483,-4.433823484413823e-07,-4.10467159318339e-10,8.20860756972274e-07,-4.9890855494431644e-08,0.9999999999996618
58,220000000,58.22,terrain_world,differential_drive_robot,1.9999964258314777,11.399999970065483,-4.433823484413823e-07,-4.10467159318339e-10,8.20860756972274e-07,-4.9890855494431644e-08,0.9999999999996618
58,240000000,58.24,terrain_world,differential_drive_robot,1.9999964258314777,11.399999970065483,-4.433823484413823e-07,-4.10467159318339e-10,8.20860756972274e-07,-4.9890855494431644e-08,0.9999999999996618
58,260000000,58.26,terrain_world,differential_drive_robot,1.9999964258314777,11.399999970065483,-4.433823484413823e-07,-4.10467159318339e-10,8.20860756972274e-07,-4.9890855494431644e-08,0.9999999999996618
58,280000000,58.28,terrain_world,differential_drive_robot,1.9999964258314777,11.399999970065483,-4.433823484413823e-07,-4.10467159318339e-10,8.20860756972274e-07,-4.9890855494431644e-08,0.9999999999996618
58,300000000,58.3,terrain_world,differential_drive_robot,1.9999964258314777,11.399999970065483,-4.433823484413823e-07,-4.10467159318339e-10,8.20860756972274e-07,-4.9890855494431644e-08,0.9999999999996618
58,320000000,58.32,terrain_world,differential_drive_robot,1.9999964258314777,11.399999970065483,-4.433823484413823e-07,-4.10467159318339e-10,8.20860756972274e-07,-4.9890855494431644e-08,0.9999999999996618
58,340000000,58.34,terrain_world,differential_drive_robot,1.9999964258314777,11.399999970065483,-4.433823484413823e-07,-4.10467159318339e-10,8.20860756972274e-07,-4.9890855494431644e-08,0.9999999999996618
58,360000000,58.36,terrain_world,differential_drive_robot,1.9999964258314777,11.399999970065483,-4.433823484413823e-07,-4.10467159318339e-10,8.20860756972274e-07,-4.9890855494431644e-08,0.9999999999996618
58,380000000,58.38,terrain_world,differential_drive_robot,1.9999964258314777,11.399999970065483,-4.433823484413823e-07,-4.10467159318339e-10,8.20860756972274e-07,-4.9890855494431644e-08,0.9999999999996618
58,400000000,58.4,terrain_world,differential_drive_robot,1.9999964258314777,11.399999970065483,-4.433823484413823e-07,-4.10467159318339e-10,8.20860756972274e-07,-4.9890855494431644e-08,0.9999999999996618
58,420000000,58.42,terrain_world,differential_drive_robot,1.9999964258314777,11.399999970065483,-4.433823484413823e-07,-4.10467159318339e-10,8.20860756972274e-07,-4.9890855494431644e-08,0.9999999999996618
58,440000000,58.44,terrain_world,differential_drive_robot,1.9999964258314777,11.399999970065483,-4.433823484413823e-07,-4.10467159318339e-10,8.20860756972274e-07,-4.9890855494431644e-08,0.9999999999996618
58,460000000,58.46,terrain_world,differential_drive_robot,1.9999964258314777,11.399999970065483,-4.433823484413823e-07,-4.10467159318339e-10,8.20860756972274e-07,-4.9890855494431644e-08,0.9999999999996618
58,480000000,58.48,terrain_world,differential_drive_robot,1.9999964258314777,11.399999970065483,-4.433823484413823e-07,-4.10467159318339e-10,8.20860756972274e-07,-4.9890855494431644e-08,0.9999999999996618
58,500000000,58.5,terrain_world,differential_drive_robot,1.9999964258314777,11.399999970065483,-4.433823484413823e-07,-4.10467159318339e-10,8.20860756972274e-07,-4.9890855494431644e-08,0.9999999999996618
58,520000000,58.52,terrain_world,differential_drive_robot,1.9999964258314777,11.399999970065483,-4.433823484413823e-07,-4.10467159318339e-10,8.20860756972274e-07,-4.9890855494431644e-08,0.9999999999996618
58,540000000,58.54,terrain_world,differential_drive_robot,1.9999964258314777,11.399999970065483,-4.433823484413823e-07,-4.10467159318339e-10,8.20860756972274e-07,-4.9890855494431644e-08,0.9999999999996618
58,560000000,58.56,terrain_world,differential_drive_robot,1.9999964258314777,11.399999970065483,-4.433823484413823e-07,-4.10467159318339e-10,8.20860756972274e-07,-4.9890855494431644e-08,0.9999999999996618
58,580000000,58.58,terrain_world,differential_drive_robot,1.9999964258314777,11.399999970065483,-4.433823484413823e-07,-4.10467159318339e-10,8.20860756972274e-07,-4.9890855494431644e-08,0.9999999999996618
58,600000000,58.6,terrain_world,differential_drive_robot,1.9999964258314777,11.399999970065483,-4.433823484413823e-07,-4.10467159318339e-10,8.20860756972274e-07,-4.9890855494431644e-08,0.9999999999996618
58,620000000,58.62,terrain_world,differential_drive_robot,1.9999964258314777,11.399999970065483,-4.433823484413823e-07,-4.10467159318339e-10,8.20860756972274e-07,-4.9890855494431644e-08,0.9999999999996618
58,640000000,58.64,terrain_world,differential_drive_robot,1.9999964258314777,11.399999970065483,-4.433823484413823e-07,-4.10467159318339e-10,8.20860756972274e-07,-4.9890855494431644e-08,0.9999999999996618
58,660000000,58.66,terrain_world,differential_drive_robot,1.9999964258314777,11.399999970065483,-4.433823484413823e-07,-4.10467159318339e-10,8.20860756972274e-07,-4.9890855494431644e-08,0.9999999999996618
58,680000000,58.68,terrain_world,differential_drive_robot,1.9999964258314777,11.399999970065483,-4.433823484413823e-07,-4.10467159318339e-10,8.20860756972274e-07,-4.9890855494431644e-08,0.9999999999996618
58,700000000,58.7,terrain_world,differential_drive_robot,1.9999964258314777,11.399999970065483,-4.433823484413823e-07,-4.10467159318339e-10,8.20860756972274e-07,-4.9890855494431644e-08,0.9999999999996618
58,720000000,58.72,terrain_world,differential_drive_robot,1.9999964258314777,11.399999970065483,-4.433823484413823e-07,-4.10467159318339e-10,8.20860756972274e-07,-4.9890855494431644e-08,0.9999999999996618
58,740000000,58.74,terrain_world,differential_drive_robot,1.9999964258314777,11.399999970065483,-4.433823484413823e-07,-4.10467159318339e-10,8.20860756972274e-07,-4.9890855494431644e-08,0.9999999999996618
58,760000000,58.76,terrain_world,differential_drive_robot,1.9999964258314777,11.399999970065483,-4.433823484413823e-07,-4.10467159318339e-10,8.20860756972274e-07,-4.9890855494431644e-08,0.9999999999996618
58,780000000,58.78,terrain_world,differential_drive_robot,1.9999964258314777,11.399999970065483,-4.433823484413823e-07,-4.10467159318339e-10,8.20860756972274e-07,-4.9890855494431644e-08,0.9999999999996618
58,800000000,58.8,terrain_world,differential_drive_robot,1.9999964258314777,11.399999970065483,-4.433823484413823e-07,-4.10467159318339e-10,8.20860756972274e-07,-4.9890855494431644e-08,0.9999999999996618
58,820000000,58.82,terrain_world,differential_drive_robot,1.9999964258314777,11.399999970065483,-4.433823484413823e-07,-4.10467159318339e-10,8.20860756972274e-07,-4.9890855494431644e-08,0.9999999999996618
58,840000000,58.84,terrain_world,differential_drive_robot,1.9999964258314777,11.399999970065483,-4.433823484413823e-07,-4.10467159318339e-10,8.20860756972274e-07,-4.9890855494431644e-08,0.9999999999996618
58,860000000,58.86,terrain_world,differential_drive_robot,1.9999964258314777,11.399999970065483,-4.433823484413823e-07,-4.10467159318339e-10,8.20860756972274e-07,-4.9890855494431644e-08,0.9999999999996618
58,880000000,58.88,terrain_world,differential_drive_robot,1.9999964258314777,11.399999970065483,-4.433823484413823e-07,-4.10467159318339e-10,8.20860756972274e-07,-4.9890855494431644e-08,0.9999999999996618
58,900000000,58.9,terrain_world,differential_drive_robot,1.9999964258314777,11.399999970065483,-4.433823484413823e-07,-4.10467159318339e-10,8.20860756972274e-07,-4.9890855494431644e-08,0.9999999999996618
58,920000000,58.92,terrain_world,differential_drive_robot,1.9999964258314777,11.399999970065483,-4.433823484413823e-07,-4.10467159318339e-10,8.20860756972274e-07,-4.9890855494431644e-08,0.9999999999996618
58,940000000,58.94,terrain_world,differential_drive_robot,1.9999964258314777,11.399999970065483,-4.433823484413823e-07,-4.10467159318339e-10,8.20860756972274e-07,-4.9890855494431644e-08,0.9999999999996618
58,960000000,58.96,terrain_world,differential_drive_robot,1.9999964258314777,11.399999970065483,-4.433823484413823e-07,-4.10467159318339e-10,8.20860756972274e-07,-4.9890855494431644e-08,0.9999999999996618
58,980000000,58.98,terrain_world,differential_drive_robot,1.9999964258314777,11.399999970065483,-4.433823484413823e-07,-4.10467159318339e-10,8.20860756972274e-07,-4.9890855494431644e-08,0.9999999999996618
59,0,59.0,terrain_world,differential_drive_robot,1.9999964258314777,11.399999970065483,-4.433823484413823e-07,-4.10467159318339e-10,8.20860756972274e-07,-4.9890855494431644e-08,0.9999999999996618
59,20000000,59.02,terrain_world,differential_drive_robot,1.9999964258314777,11.399999970065483,-4.433823484413823e-07,-4.10467159318339e-10,8.20860756972274e-07,-4.9890855494431644e-08,0.9999999999996618
59,40000000,59.04,terrain_world,differential_drive_robot,1.9999964258314777,11.399999970065483,-4.433823484413823e-07,-4.10467159318339e-10,8.20860756972274e-07,-4.9890855494431644e-08,0.9999999999996618
59,60000000,59.06,terrain_world,differential_drive_robot,1.9999964258314777,11.399999970065483,-4.433823484413823e-07,-4.10467159318339e-10,8.20860756972274e-07,-4.9890855494431644e-08,0.9999999999996618
59,80000000,59.08,terrain_world,differential_drive_robot,1.9999964258314777,11.399999970065483,-4.433823484413823e-07,-4.10467159318339e-10,8.20860756972274e-07,-4.9890855494431644e-08,0.9999999999996618
59,100000000,59.1,terrain_world,differential_drive_robot,1.9999964258314777,11.399999970065483,-4.433823484413823e-07,-4.10467159318339e-10,8.20860756972274e-07,-4.9890855494431644e-08,0.9999999999996618
59,120000000,59.12,terrain_world,differential_drive_robot,1.9999964258314777,11.399999970065483,-4.433823484413823e-07,-4.10467159318339e-10,8.20860756972274e-07,-4.9890855494431644e-08,0.9999999999996618
59,140000000,59.14,terrain_world,differential_drive_robot,1.9999964258314777,11.399999970065483,-4.433823484413823e-07,-4.10467159318339e-10,8.20860756972274e-07,-4.9890855494431644e-08,0.9999999999996618
59,160000000,59.16,terrain_world,differential_drive_robot,1.9999964258314777,11.399999970065483,-4.433823484413823e-07,-4.10467159318339e-10,8.20860756972274e-07,-4.9890855494431644e-08,0.9999999999996618
59,180000000,59.18,terrain_world,differential_drive_robot,1.9999964258314777,11.399999970065483,-4.433823484413823e-07,-4.10467159318339e-10,8.20860756972274e-07,-4.9890855494431644e-08,0.9999999999996618
59,200000000,59.2,terrain_world,differential_drive_robot,1.9999964258314777,11.399999970065483,-4.433823484413823e-07,-4.10467159318339e-10,8.20860756972274e-07,-4.9890855494431644e-08,0.9999999999996618
59,220000000,59.22,terrain_world,differential_drive_robot,1.9999964258314777,11.399999970065483,-4.433823484413823e-07,-4.10467159318339e-10,8.20860756972274e-07,-4.9890855494431644e-08,0.9999999999996618
59,240000000,59.24,terrain_world,differential_drive_robot,1.9999964258314777,11.399999970065483,-4.433823484413823e-07,-4.10467159318339e-10,8.20860756972274e-07,-4.9890855494431644e-08,0.9999999999996618
59,260000000,59.26,terrain_world,differential_drive_robot,1.9999964258314777,11.399999970065483,-4.433823484413823e-07,-4.10467159318339e-10,8.20860756972274e-07,-4.9890855494431644e-08,0.9999999999996618
59,280000000,59.28,terrain_world,differential_drive_robot,1.9999964258314777,11.399999970065483,-4.433823484413823e-07,-4.10467159318339e-10,8.20860756972274e-07,-4.9890855494431644e-08,0.9999999999996618
59,300000000,59.3,terrain_world,differential_drive_robot,1.9999964258314777,11.399999970065483,-4.433823484413823e-07,-4.10467159318339e-10,8.20860756972274e-07,-4.9890855494431644e-08,0.9999999999996618
59,320000000,59.32,terrain_world,differential_drive_robot,1.9999964258314777,11.399999970065483,-4.433823484413823e-07,-4.10467159318339e-10,8.20860756972274e-07,-4.9890855494431644e-08,0.9999999999996618
59,340000000,59.34,terrain_world,differential_drive_robot,1.9999964258314777,11.399999970065483,-4.433823484413823e-07,-4.10467159318339e-10,8.20860756972274e-07,-4.9890855494431644e-08,0.9999999999996618
59,360000000,59.36,terrain_world,differential_drive_robot,1.9999964258314777,11.399999970065483,-4.433823484413823e-07,-4.10467159318339e-10,8.20860756972274e-07,-4.9890855494431644e-08,0.9999999999996618
59,380000000,59.38,terrain_world,differential_drive_robot,1.9999964258314777,11.399999970065483,-4.433823484413823e-07,-4.10467159318339e-10,8.20860756972274e-07,-4.9890855494431644e-08,0.9999999999996618
59,400000000,59.4,terrain_world,differential_drive_robot,1.9999964258314777,11.399999970065483,-4.433823484413823e-07,-4.10467159318339e-10,8.20860756972274e-07,-4.9890855494431644e-08,0.9999999999996618
59,420000000,59.42,terrain_world,differential_drive_robot,1.9999964258314777,11.399999970065483,-4.433823484413823e-07,-4.10467159318339e-10,8.20860756972274e-07,-4.9890855494431644e-08,0.9999999999996618
59,440000000,59.44,terrain_world,differential_drive_robot,1.9999964258314777,11.399999970065483,-4.433823484413823e-07,-4.10467159318339e-10,8.20860756972274e-07,-4.9890855494431644e-08,0.9999999999996618
59,460000000,59.46,terrain_world,differential_drive_robot,1.9999964258314777,11.399999970065483,-4.433823484413823e-07,-4.10467159318339e-10,8.20860756972274e-07,-4.9890855494431644e-08,0.9999999999996618
59,480000000,59.48,terrain_world,differential_drive_robot,1.9999964258314777,11.399999970065483,-4.433823484413823e-07,-4.10467159318339e-10,8.20860756972274e-07,-4.9890855494431644e-08,0.9999999999996618
59,500000000,59.5,terrain_world,differential_drive_robot,1.9999964258314777,11.399999970065483,-4.433823484413823e-07,-4.10467159318339e-10,8.20860756972274e-07,-4.9890855494431644e-08,0.9999999999996618
59,520000000,59.52,terrain_world,differential_drive_robot,1.9999964258314777,11.399999970065483,-4.433823484413823e-07,-4.10467159318339e-10,8.20860756972274e-07,-4.9890855494431644e-08,0.9999999999996618
59,540000000,59.54,terrain_world,differential_drive_robot,1.9999964258314777,11.399999970065483,-4.433823484413823e-07,-4.10467159318339e-10,8.20860756972274e-07,-4.9890855494431644e-08,0.9999999999996618
59,560000000,59.56,terrain_world,differential_drive_robot,1.9999964258314777,11.399999970065483,-4.433823484413823e-07,-4.10467159318339e-10,8.20860756972274e-07,-4.9890855494431644e-08,0.9999999999996618
59,580000000,59.58,terrain_world,differential_drive_robot,1.9999964258314777,11.399999970065483,-4.433823484413823e-07,-4.10467159318339e-10,8.20860756972274e-07,-4.9890855494431644e-08,0.9999999999996618
59,600000000,59.6,terrain_world,differential_drive_robot,1.9999964258314777,11.399999970065483,-4.433823484413823e-07,-4.10467159318339e-10,8.20860756972274e-07,-4.9890855494431644e-08,0.9999999999996618
59,620000000,59.62,terrain_world,differential_drive_robot,1.9999964258314777,11.399999970065483,-4.433823484413823e-07,-4.10467159318339e-10,8.20860756972274e-07,-4.9890855494431644e-08,0.9999999999996618
59,640000000,59.64,terrain_world,differential_drive_robot,1.9999964258314777,11.399999970065483,-4.433823484413823e-07,-4.10467159318339e-10,8.20860756972274e-07,-4.9890855494431644e-08,0.9999999999996618
59,660000000,59.66,terrain_world,differential_drive_robot,1.9999964258314777,11.399999970065483,-4.433823484413823e-07,-4.10467159318339e-10,8.20860756972274e-07,-4.9890855494431644e-08,0.9999999999996618
59,680000000,59.68,terrain_world,differential_drive_robot,1.9999964258314777,11.399999970065483,-4.433823484413823e-07,-4.10467159318339e-10,8.20860756972274e-07,-4.9890855494431644e-08,0.9999999999996618
59,700000000,59.7,terrain_world,differential_drive_robot,1.9999964258314777,11.399999970065483,-4.433823484413823e-07,-4.10467159318339e-10,8.20860756972274e-07,-4.9890855494431644e-08,0.9999999999996618
59,720000000,59.72,terrain_world,differential_drive_robot,1.9999964258314777,11.399999970065483,-4.433823484413823e-07,-4.10467159318339e-10,8.20860756972274e-07,-4.9890855494431644e-08,0.9999999999996618
59,740000000,59.74,terrain_world,differential_drive_robot,1.9999964258314777,11.399999970065483,-4.433823484413823e-07,-4.10467159318339e-10,8.20860756972274e-07,-4.9890855494431644e-08,0.9999999999996618
59,760000000,59.76,terrain_world,differential_drive_robot,1.9999964258314777,11.399999970065483,-4.433823484413823e-07,-4.10467159318339e-10,8.20860756972274e-07,-4.9890855494431644e-08,0.9999999999996618
59,780000000,59.78,terrain_world,differential_drive_robot,1.9999964258314777,11.399999970065483,-4.433823484413823e-07,-4.10467159318339e-10,8.20860756972274e-07,-4.9890855494431644e-08,0.9999999999996618
59,800000000,59.8,terrain_world,differential_drive_robot,1.9999964258314777,11.399999970065483,-4.433823484413823e-07,-4.10467159318339e-10,8.20860756972274e-07,-4.9890855494431644e-08,0.9999999999996618
59,820000000,59.82,terrain_world,differential_drive_robot,1.9999964258314777,11.399999970065483,-4.433823484413823e-07,-4.10467159318339e-10,8.20860756972274e-07,-4.9890855494431644e-08,0.9999999999996618
59,840000000,59.84,terrain_world,differential_drive_robot,1.9999964258314777,11.399999970065483,-4.433823484413823e-07,-4.10467159318339e-10,8.20860756972274e-07,-4.9890855494431644e-08,0.9999999999996618
59,860000000,59.86,terrain_world,differential_drive_robot,1.9999964258314777,11.399999970065483,-4.433823484413823e-07,-4.10467159318339e-10,8.20860756972274e-07,-4.9890855494431644e-08,0.9999999999996618
59,880000000,59.88,terrain_world,differential_drive_robot,1.9999964258314777,11.399999970065483,-4.433823484413823e-07,-4.10467159318339e-10,8.20860756972274e-07,-4.9890855494431644e-08,0.9999999999996618
59,900000000,59.9,terrain_world,differential_drive_robot,1.9999964258314777,11.399999970065483,-4.433823484413823e-07,-4.10467159318339e-10,8.20860756972274e-07,-4.9890855494431644e-08,0.9999999999996618
59,920000000,59.92,terrain_world,differential_drive_robot,1.9999964258314777,11.399999970065483,-4.433823484413823e-07,-4.10467159318339e-10,8.20860756972274e-07,-4.9890855494431644e-08,0.9999999999996618
59,940000000,59.94,terrain_world,differential_drive_robot,1.9999964258314777,11.399999970065483,-4.433823484413823e-07,-4.10467159318339e-10,8.20860756972274e-07,-4.9890855494431644e-08,0.9999999999996618
59,960000000,59.96,terrain_world,differential_drive_robot,1.9999964258314777,11.399999970065483,-4.433823484413823e-07,-4.10467159318339e-10,8.20860756972274e-07,-4.9890855494431644e-08,0.9999999999996618
59,980000000,59.98,terrain_world,differential_drive_robot,1.9999964258314777,11.399999970065483,-4.433823484413823e-07,-4.10467159318339e-10,8.20860756972274e-07,-4.9890855494431644e-08,0.9999999999996618
60,0,60.0,terrain_world,differential_drive_robot,1.9999964258314777,11.399999970065483,-4.433823484413823e-07,-4.10467159318339e-10,8.20860756972274e-07,-4.9890855494431644e-08,0.9999999999996618
60,20000000,60.02,terrain_world,differential_drive_robot,1.9999964258314777,11.399999970065483,-4.433823484413823e-07,-4.10467159318339e-10,8.20860756972274e-07,-4.9890855494431644e-08,0.9999999999996618
60,40000000,60.04,terrain_world,differential_drive_robot,1.9999964258314777,11.399999970065483,-4.433823484413823e-07,-4.10467159318339e-10,8.20860756972274e-07,-4.9890855494431644e-08,0.9999999999996618
60,60000000,60.06,terrain_world,differential_drive_robot,1.9999964258314777,11.399999970065483,-4.433823484413823e-07,-4.10467159318339e-10,8.20860756972274e-07,-4.9890855494431644e-08,0.9999999999996618
60,80000000,60.08,terrain_world,differential_drive_robot,1.9999964258314777,11.399999970065483,-4.433823484413823e-07,-4.10467159318339e-10,8.20860756972274e-07,-4.9890855494431644e-08,0.9999999999996618
60,100000000,60.1,terrain_world,differential_drive_robot,1.9999964258314777,11.399999970065483,-4.433823484413823e-07,-4.10467159318339e-10,8.20860756972274e-07,-4.9890855494431644e-08,0.9999999999996618
60,120000000,60.12,terrain_world,differential_drive_robot,1.9999964258314777,11.399999970065483,-4.433823484413823e-07,-4.10467159318339e-10,8.20860756972274e-07,-4.9890855494431644e-08,0.9999999999996618
60,140000000,60.14,terrain_world,differential_drive_robot,1.9999964258314777,11.399999970065483,-4.433823484413823e-07,-4.10467159318339e-10,8.20860756972274e-07,-4.9890855494431644e-08,0.9999999999996618
60,160000000,60.16,terrain_world,differential_drive_robot,1.9999964258314777,11.399999970065483,-4.433823484413823e-07,-4.10467159318339e-10,8.20860756972274e-07,-4.9890855494431644e-08,0.9999999999996618
60,180000000,60.18,terrain_world,differential_drive_robot,1.9999964258314777,11.399999970065483,-4.433823484413823e-07,-4.10467159318339e-10,8.20860756972274e-07,-4.9890855494431644e-08,0.9999999999996618
60,200000000,60.2,terrain_world,differential_drive_robot,1.9999964258314777,11.399999970065483,-4.433823484413823e-07,-4.10467159318339e-10,8.20860756972274e-07,-4.9890855494431644e-08,0.9999999999996618
60,220000000,60.22,terrain_world,differential_drive_robot,1.9999964258314777,11.399999970065483,-4.433823484413823e-07,-4.10467159318339e-10,8.20860756972274e-07,-4.9890855494431644e-08,0.9999999999996618
60,240000000,60.24,terrain_world,differential_drive_robot,1.9999964258314777,11.399999970065483,-4.433823484413823e-07,-4.10467159318339e-10,8.20860756972274e-07,-4.9890855494431644e-08,0.9999999999996618
60,260000000,60.26,terrain_world,differential_drive_robot,1.9999964258314777,11.399999970065483,-4.433823484413823e-07,-4.10467159318339e-10,8.20860756972274e-07,-4.9890855494431644e-08,0.9999999999996618
60,280000000,60.28,terrain_world,differential_drive_robot,1.9999964258314777,11.399999970065483,-4.433823484413823e-07,-4.10467159318339e-10,8.20860756972274e-07,-4.9890855494431644e-08,0.9999999999996618
60,300000000,60.3,terrain_world,differential_drive_robot,1.9999964258314777,11.399999970065483,-4.433823484413823e-07,-4.10467159318339e-10,8.20860756972274e-07,-4.9890855494431644e-08,0.9999999999996618
60,320000000,60.32,terrain_world,differential_drive_robot,1.9999964258314777,11.399999970065483,-4.433823484413823e-07,-4.10467159318339e-10,8.20860756972274e-07,-4.9890855494431644e-08,0.9999999999996618
60,340000000,60.34,terrain_world,differential_drive_robot,1.9999964258314777,11.399999970065483,-4.433823484413823e-07,-4.10467159318339e-10,8.20860756972274e-07,-4.9890855494431644e-08,0.9999999999996618
60,360000000,60.36,terrain_world,differential_drive_robot,1.9999964258314777,11.399999970065483,-4.433823484413823e-07,-4.10467159318339e-10,8.20860756972274e-07,-4.9890855494431644e-08,0.9999999999996618
60,380000000,60.38,terrain_world,differential_drive_robot,1.9999964258314777,11.399999970065483,-4.433823484413823e-07,-4.10467159318339e-10,8.20860756972274e-07,-4.9890855494431644e-08,0.9999999999996618
60,400000000,60.4,terrain_world,differential_drive_robot,1.9999964258314777,11.399999970065483,-4.433823484413823e-07,-4.10467159318339e-10,8.20860756972274e-07,-4.9890855494431644e-08,0.9999999999996618
60,420000000,60.42,terrain_world,differential_drive_robot,1.9999964258314777,11.399999970065483,-4.433823484413823e-07,-4.10467159318339e-10,8.20860756972274e-07,-4.9890855494431644e-08,0.9999999999996618
60,440000000,60.44,terrain_world,differential_drive_robot,1.9999964258314777,11.399999970065483,-4.433823484413823e-07,-4.10467159318339e-10,8.20860756972274e-07,-4.9890855494431644e-08,0.9999999999996618
60,460000000,60.46,terrain_world,differential_drive_robot,1.9999964258314777,11.399999970065483,-4.433823484413823e-07,-4.10467159318339e-10,8.20860756972274e-07,-4.9890855494431644e-08,0.9999999999996618
60,480000000,60.48,terrain_world,differential_drive_robot,1.9999964258314777,11.399999970065483,-4.433823484413823e-07,-4.10467159318339e-10,8.20860756972274e-07,-4.9890855494431644e-08,0.9999999999996618
60,500000000,60.5,terrain_world,differential_drive_robot,1.9999964258314777,11.399999970065483,-4.433823484413823e-07,-4.10467159318339e-10,8.20860756972274e-07,-4.9890855494431644e-08,0.9999999999996618
60,520000000,60.52,terrain_world,differential_drive_robot,1.9999964258314777,11.399999970065483,-4.433823484413823e-07,-4.10467159318339e-10,8.20860756972274e-07,-4.9890855494431644e-08,0.9999999999996618
60,540000000,60.54,terrain_world,differential_drive_robot,1.9999964258314777,11.399999970065483,-4.433823484413823e-07,-4.10467159318339e-10,8.20860756972274e-07,-4.9890855494431644e-08,0.9999999999996618
60,560000000,60.56,terrain_world,differential_drive_robot,1.9999964258314777,11.399999970065483,-4.433823484413823e-07,-4.10467159318339e-10,8.20860756972274e-07,-4.9890855494431644e-08,0.9999999999996618
60,580000000,60.58,terrain_world,differential_drive_robot,1.9999964258314777,11.399999970065483,-4.433823484413823e-07,-4.10467159318339e-10,8.20860756972274e-07,-4.9890855494431644e-08,0.9999999999996618
60,600000000,60.6,terrain_world,differential_drive_robot,1.9999964258314777,11.399999970065483,-4.433823484413823e-07,-4.10467159318339e-10,8.20860756972274e-07,-4.9890855494431644e-08,0.9999999999996618
60,620000000,60.62,terrain_world,differential_drive_robot,1.9999964258314777,11.399999970065483,-4.433823484413823e-07,-4.10467159318339e-10,8.20860756972274e-07,-4.9890855494431644e-08,0.9999999999996618
60,640000000,60.64,terrain_world,differential_drive_robot,1.9999964258314777,11.399999970065483,-4.433823484413823e-07,-4.10467159318339e-10,8.20860756972274e-07,-4.9890855494431644e-08,0.9999999999996618
60,660000000,60.66,terrain_world,differential_drive_robot,1.9999964258314777,11.399999970065483,-4.433823484413823e-07,-4.10467159318339e-10,8.20860756972274e-07,-4.9890855494431644e-08,0.9999999999996618
60,680000000,60.68,terrain_world,differential_drive_robot,1.9999964258314777,11.399999970065483,-4.433823484413823e-07,-4.10467159318339e-10,8.20860756972274e-07,-4.9890855494431644e-08,0.9999999999996618
60,700000000,60.7,terrain_world,differential_drive_robot,1.9999964258314777,11.399999970065483,-4.433823484413823e-07,-4.10467159318339e-10,8.20860756972274e-07,-4.9890855494431644e-08,0.9999999999996618
60,720000000,60.72,terrain_world,differential_drive_robot,1.9999964258314777,11.399999970065483,-4.433823484413823e-07,-4.10467159318339e-10,8.20860756972274e-07,-4.9890855494431644e-08,0.9999999999996618
60,740000000,60.74,terrain_world,differential_drive_robot,1.9999964258314777,11.399999970065483,-4.433823484413823e-07,-4.10467159318339e-10,8.20860756972274e-07,-4.9890855494431644e-08,0.9999999999996618
60,760000000,60.76,terrain_world,differential_drive_robot,1.9999964258314777,11.399999970065483,-4.433823484413823e-07,-4.10467159318339e-10,8.20860756972274e-07,-4.9890855494431644e-08,0.9999999999996618
60,780000000,60.78,terrain_world,differential_drive_robot,1.9999964258314777,11.399999970065483,-4.433823484413823e-07,-4.10467159318339e-10,8.20860756972274e-07,-4.9890855494431644e-08,0.9999999999996618
60,800000000,60.8,terrain_world,differential_drive_robot,1.9999964258314777,11.399999970065483,-4.433823484413823e-07,-4.10467159318339e-10,8.20860756972274e-07,-4.9890855494431644e-08,0.9999999999996618
60,820000000,60.82,terrain_world,differential_drive_robot,1.9999964258314777,11.399999970065483,-4.433823484413823e-07,-4.10467159318339e-10,8.20860756972274e-07,-4.9890855494431644e-08,0.9999999999996618
60,840000000,60.84,terrain_world,differential_drive_robot,1.9999964258314777,11.399999970065483,-4.433823484413823e-07,-4.10467159318339e-10,8.20860756972274e-07,-4.9890855494431644e-08,0.9999999999996618
60,860000000,60.86,terrain_world,differential_drive_robot,1.9999964258314777,11.399999970065483,-4.433823484413823e-07,-4.10467159318339e-10,8.20860756972274e-07,-4.9890855494431644e-08,0.9999999999996618
60,880000000,60.88,terrain_world,differential_drive_robot,1.9999964258314777,11.399999970065483,-4.433823484413823e-07,-4.10467159318339e-10,8.20860756972274e-07,-4.9890855494431644e-08,0.9999999999996618
60,900000000,60.9,terrain_world,differential_drive_robot,1.9999964258314777,11.399999970065483,-4.433823484413823e-07,-4.10467159318339e-10,8.20860756972274e-07,-4.9890855494431644e-08,0.9999999999996618
60,920000000,60.92,terrain_world,differential_drive_robot,1.9999964258314777,11.399999970065483,-4.433823484413823e-07,-4.10467159318339e-10,8.20860756972274e-07,-4.9890855494431644e-08,0.9999999999996618
60,940000000,60.94,terrain_world,differential_drive_robot,1.9999964258314777,11.399999970065483,-4.433823484413823e-07,-4.10467159318339e-10,8.20860756972274e-07,-4.9890855494431644e-08,0.9999999999996618
60,960000000,60.96,terrain_world,differential_drive_robot,1.9999964258314777,11.399999970065483,-4.433823484413823e-07,-4.10467159318339e-10,8.20860756972274e-07,-4.9890855494431644e-08,0.9999999999996618
60,980000000,60.98,terrain_world,differential_drive_robot,1.9999964258314777,11.399999970065483,-4.433823484413823e-07,-4.10467159318339e-10,8.20860756972274e-07,-4.9890855494431644e-08,0.9999999999996618
61,0,61.0,terrain_world,differential_drive_robot,1.9999964258314777,11.399999970065483,-4.433823484413823e-07,-4.10467159318339e-10,8.20860756972274e-07,-4.9890855494431644e-08,0.9999999999996618
61,20000000,61.02,terrain_world,differential_drive_robot,1.9999964258314777,11.399999970065483,-4.433823484413823e-07,-4.10467159318339e-10,8.20860756972274e-07,-4.9890855494431644e-08,0.9999999999996618
61,40000000,61.04,terrain_world,differential_drive_robot,1.9999964258314777,11.399999970065483,-4.433823484413823e-07,-4.10467159318339e-10,8.20860756972274e-07,-4.9890855494431644e-08,0.9999999999996618
61,60000000,61.06,terrain_world,differential_drive_robot,1.9999964258314777,11.399999970065483,-4.433823484413823e-07,-4.10467159318339e-10,8.20860756972274e-07,-4.9890855494431644e-08,0.9999999999996618
61,80000000,61.08,terrain_world,differential_drive_robot,1.9999964258314777,11.399999970065483,-4.433823484413823e-07,-4.10467159318339e-10,8.20860756972274e-07,-4.9890855494431644e-08,0.9999999999996618
61,100000000,61.1,terrain_world,differential_drive_robot,1.9999964258314777,11.399999970065483,-4.433823484413823e-07,-4.10467159318339e-10,8.20860756972274e-07,-4.9890855494431644e-08,0.9999999999996618
61,120000000,61.12,terrain_world,differential_drive_robot,1.9999964258314777,11.399999970065483,-4.433823484413823e-07,-4.10467159318339e-10,8.20860756972274e-07,-4.9890855494431644e-08,0.9999999999996618
61,140000000,61.14,terrain_world,differential_drive_robot,1.9999964258314777,11.399999970065483,-4.433823484413823e-07,-4.10467159318339e-10,8.20860756972274e-07,-4.9890855494431644e-08,0.9999999999996618
61,160000000,61.16,terrain_world,differential_drive_robot,1.9999964258314777,11.399999970065483,-4.433823484413823e-07,-4.10467159318339e-10,8.20860756972274e-07,-4.9890855494431644e-08,0.9999999999996618
61,180000000,61.18,terrain_world,differential_drive_robot,1.9999964258314777,11.399999970065483,-4.433823484413823e-07,-4.10467159318339e-10,8.20860756972274e-07,-4.9890855494431644e-08,0.9999999999996618
61,200000000,61.2,terrain_world,differential_drive_robot,1.9999964258314777,11.399999970065483,-4.433823484413823e-07,-4.10467159318339e-10,8.20860756972274e-07,-4.9890855494431644e-08,0.9999999999996618
61,220000000,61.22,terrain_world,differential_drive_robot,1.9999964258314777,11.399999970065483,-4.433823484413823e-07,-4.10467159318339e-10,8.20860756972274e-07,-4.9890855494431644e-08,0.9999999999996618
61,240000000,61.24,terrain_world,differential_drive_robot,1.9999964258314777,11.399999970065483,-4.433823484413823e-07,-4.10467159318339e-10,8.20860756972274e-07,-4.9890855494431644e-08,0.9999999999996618
61,260000000,61.26,terrain_world,differential_drive_robot,1.9999964258314777,11.399999970065483,-4.433823484413823e-07,-4.10467159318339e-10,8.20860756972274e-07,-4.9890855494431644e-08,0.9999999999996618
61,280000000,61.28,terrain_world,differential_drive_robot,1.9999964258314777,11.399999970065483,-4.433823484413823e-07,-4.10467159318339e-10,8.20860756972274e-07,-4.9890855494431644e-08,0.9999999999996618
61,300000000,61.3,terrain_world,differential_drive_robot,1.9999964258314777,11.399999970065483,-4.433823484413823e-07,-4.10467159318339e-10,8.20860756972274e-07,-4.9890855494431644e-08,0.9999999999996618
61,320000000,61.32,terrain_world,differential_drive_robot,1.9999964258314777,11.399999970065483,-4.433823484413823e-07,-4.10467159318339e-10,8.20860756972274e-07,-4.9890855494431644e-08,0.9999999999996618
61,340000000,61.34,terrain_world,differential_drive_robot,1.9999964258314777,11.399999970065483,-4.433823484413823e-07,-4.10467159318339e-10,8.20860756972274e-07,-4.9890855494431644e-08,0.9999999999996618
61,360000000,61.36,terrain_world,differential_drive_robot,1.9999964258314777,11.399999970065483,-4.433823484413823e-07,-4.10467159318339e-10,8.20860756972274e-07,-4.9890855494431644e-08,0.9999999999996618
61,380000000,61.38,terrain_world,differential_drive_robot,1.9999964258314777,11.399999970065483,-4.433823484413823e-07,-4.10467159318339e-10,8.20860756972274e-07,-4.9890855494431644e-08,0.9999999999996618
61,400000000,61.4,terrain_world,differential_drive_robot,1.9999964258314777,11.399999970065483,-4.433823484413823e-07,-4.10467159318339e-10,8.20860756972274e-07,-4.9890855494431644e-08,0.9999999999996618
61,420000000,61.42,terrain_world,differential_drive_robot,1.9999964258314777,11.399999970065483,-4.433823484413823e-07,-4.10467159318339e-10,8.20860756972274e-07,-4.9890855494431644e-08,0.9999999999996618
61,440000000,61.44,terrain_world,differential_drive_robot,1.9999964258314777,11.399999970065483,-4.433823484413823e-07,-4.10467159318339e-10,8.20860756972274e-07,-4.9890855494431644e-08,0.9999999999996618
61,460000000,61.46,terrain_world,differential_drive_robot,1.9999964258314777,11.399999970065483,-4.433823484413823e-07,-4.10467159318339e-10,8.20860756972274e-07,-4.9890855494431644e-08,0.9999999999996618
61,480000000,61.48,terrain_world,differential_drive_robot,1.9999964258314777,11.399999970065483,-4.433823484413823e-07,-4.10467159318339e-10,8.20860756972274e-07,-4.9890855494431644e-08,0.9999999999996618
61,500000000,61.5,terrain_world,differential_drive_robot,1.9999964258314777,11.399999970065483,-4.433823484413823e-07,-4.10467159318339e-10,8.20860756972274e-07,-4.9890855494431644e-08,0.9999999999996618
61,520000000,61.52,terrain_world,differential_drive_robot,1.9999964258314777,11.399999970065483,-4.433823484413823e-07,-4.10467159318339e-10,8.20860756972274e-07,-4.9890855494431644e-08,0.9999999999996618
61,540000000,61.54,terrain_world,differential_drive_robot,1.9999964258314777,11.399999970065483,-4.433823484413823e-07,-4.10467159318339e-10,8.20860756972274e-07,-4.9890855494431644e-08,0.9999999999996618
61,560000000,61.56,terrain_world,differential_drive_robot,1.9999964258314777,11.399999970065483,-4.433823484413823e-07,-4.10467159318339e-10,8.20860756972274e-07,-4.9890855494431644e-08,0.9999999999996618
61,580000000,61.58,terrain_world,differential_drive_robot,1.9999964258314777,11.399999970065483,-4.433823484413823e-07,-4.10467159318339e-10,8.20860756972274e-07,-4.9890855494431644e-08,0.9999999999996618
61,600000000,61.6,terrain_world,differential_drive_robot,1.9999964258314777,11.399999970065483,-4.433823484413823e-07,-4.10467159318339e-10,8.20860756972274e-07,-4.9890855494431644e-08,0.9999999999996618
61,620000000,61.62,terrain_world,differential_drive_robot,1.9999964258314777,11.399999970065483,-4.433823484413823e-07,-4.10467159318339e-10,8.20860756972274e-07,-4.9890855494431644e-08,0.9999999999996618
61,640000000,61.64,terrain_world,differential_drive_robot,1.9999964258314777,11.399999970065483,-4.433823484413823e-07,-4.10467159318339e-10,8.20860756972274e-07,-4.9890855494431644e-08,0.9999999999996618
61,660000000,61.66,terrain_world,differential_drive_robot,1.9999964258314777,11.399999970065483,-4.433823484413823e-07,-4.10467159318339e-10,8.20860756972274e-07,-4.9890855494431644e-08,0.9999999999996618
61,680000000,61.68,terrain_world,differential_drive_robot,1.9999964258314777,11.399999970065483,-4.433823484413823e-07,-4.10467159318339e-10,8.20860756972274e-07,-4.9890855494431644e-08,0.9999999999996618
61,700000000,61.7,terrain_world,differential_drive_robot,1.9999964258314777,11.399999970065483,-4.433823484413823e-07,-4.10467159318339e-10,8.20860756972274e-07,-4.9890855494431644e-08,0.9999999999996618
61,720000000,61.72,terrain_world,differential_drive_robot,1.9999964258314777,11.399999970065483,-4.433823484413823e-07,-4.10467159318339e-10,8.20860756972274e-07,-4.9890855494431644e-08,0.9999999999996618
61,740000000,61.74,terrain_world,differential_drive_robot,1.9999964258314777,11.399999970065483,-4.433823484413823e-07,-4.10467159318339e-10,8.20860756972274e-07,-4.9890855494431644e-08,0.9999999999996618
61,760000000,61.76,terrain_world,differential_drive_robot,1.9999964258314777,11.399999970065483,-4.433823484413823e-07,-4.10467159318339e-10,8.20860756972274e-07,-4.9890855494431644e-08,0.9999999999996618
61,780000000,61.78,terrain_world,differential_drive_robot,1.9999964258314777,11.399999970065483,-4.433823484413823e-07,-4.10467159318339e-10,8.20860756972274e-07,-4.9890855494431644e-08,0.9999999999996618
61,800000000,61.8,terrain_world,differential_drive_robot,1.9999964258314777,11.399999970065483,-4.433823484413823e-07,-4.10467159318339e-10,8.20860756972274e-07,-4.9890855494431644e-08,0.9999999999996618
61,820000000,61.82,terrain_world,differential_drive_robot,1.9999964258314777,11.399999970065483,-4.433823484413823e-07,-4.10467159318339e-10,8.20860756972274e-07,-4.9890855494431644e-08,0.9999999999996618
61,840000000,61.84,terrain_world,differential_drive_robot,1.9999964258314777,11.399999970065483,-4.433823484413823e-07,-4.10467159318339e-10,8.20860756972274e-07,-4.9890855494431644e-08,0.9999999999996618
61,860000000,61.86,terrain_world,differential_drive_robot,1.9999964258314777,11.399999970065483,-4.433823484413823e-07,-4.10467159318339e-10,8.20860756972274e-07,-4.9890855494431644e-08,0.9999999999996618
61,880000000,61.88,terrain_world,differential_drive_robot,1.9999964258314777,11.399999970065483,-4.433823484413823e-07,-4.10467159318339e-10,8.20860756972274e-07,-4.9890855494431644e-08,0.9999999999996618
61,900000000,61.9,terrain_world,differential_drive_robot,1.9999964258314777,11.399999970065483,-4.433823484413823e-07,-4.10467159318339e-10,8.20860756972274e-07,-4.9890855494431644e-08,0.9999999999996618
61,920000000,61.92,terrain_world,differential_drive_robot,1.9999964258314777,11.399999970065483,-4.433823484413823e-07,-4.10467159318339e-10,8.20860756972274e-07,-4.9890855494431644e-08,0.9999999999996618
61,940000000,61.94,terrain_world,differential_drive_robot,1.9999964258314777,11.399999970065483,-4.433823484413823e-07,-4.10467159318339e-10,8.20860756972274e-07,-4.9890855494431644e-08,0.9999999999996618
61,960000000,61.96,terrain_world,differential_drive_robot,1.9999964258314777,11.399999970065483,-4.433823484413823e-07,-4.10467159318339e-10,8.20860756972274e-07,-4.9890855494431644e-08,0.9999999999996618
61,980000000,61.98,terrain_world,differential_drive_robot,1.9999964258314777,11.399999970065483,-4.433823484413823e-07,-4.10467159318339e-10,8.20860756972274e-07,-4.9890855494431644e-08,0.9999999999996618
62,0,62.0,terrain_world,differential_drive_robot,1.9999964258314777,11.399999970065483,-4.433823484413823e-07,-4.10467159318339e-10,8.20860756972274e-07,-4.9890855494431644e-08,0.9999999999996618
62,20000000,62.02,terrain_world,differential_drive_robot,1.9999964258314777,11.399999970065483,-4.433823484413823e-07,-4.10467159318339e-10,8.20860756972274e-07,-4.9890855494431644e-08,0.9999999999996618
62,40000000,62.04,terrain_world,differential_drive_robot,1.9999964258314777,11.399999970065483,-4.433823484413823e-07,-4.10467159318339e-10,8.20860756972274e-07,-4.9890855494431644e-08,0.9999999999996618
62,60000000,62.06,terrain_world,differential_drive_robot,1.9999964258314777,11.399999970065483,-4.433823484413823e-07,-4.10467159318339e-10,8.20860756972274e-07,-4.9890855494431644e-08,0.9999999999996618
62,80000000,62.08,terrain_world,differential_drive_robot,1.9999964258314777,11.399999970065483,-4.433823484413823e-07,-4.10467159318339e-10,8.20860756972274e-07,-4.9890855494431644e-08,0.9999999999996618
62,100000000,62.1,terrain_world,differential_drive_robot,1.9999964258314777,11.399999970065483,-4.433823484413823e-07,-4.10467159318339e-10,8.20860756972274e-07,-4.9890855494431644e-08,0.9999999999996618
62,120000000,62.12,terrain_world,differential_drive_robot,1.9999964258314777,11.399999970065483,-4.433823484413823e-07,-4.10467159318339e-10,8.20860756972274e-07,-4.9890855494431644e-08,0.9999999999996618
62,140000000,62.14,terrain_world,differential_drive_robot,1.9999964258314777,11.399999970065483,-4.433823484413823e-07,-4.10467159318339e-10,8.20860756972274e-07,-4.9890855494431644e-08,0.9999999999996618
62,160000000,62.16,terrain_world,differential_drive_robot,1.9999964258314777,11.399999970065483,-4.433823484413823e-07,-4.10467159318339e-10,8.20860756972274e-07,-4.9890855494431644e-08,0.9999999999996618
62,180000000,62.18,terrain_world,differential_drive_robot,1.9999964258314777,11.399999970065483,-4.433823484413823e-07,-4.10467159318339e-10,8.20860756972274e-07,-4.9890855494431644e-08,0.9999999999996618
62,200000000,62.2,terrain_world,differential_drive_robot,1.9999964258314777,11.399999970065483,-4.433823484413823e-07,-4.10467159318339e-10,8.20860756972274e-07,-4.9890855494431644e-08,0.9999999999996618
62,220000000,62.22,terrain_world,differential_drive_robot,1.9999964258314777,11.399999970065483,-4.433823484413823e-07,-4.10467159318339e-10,8.20860756972274e-07,-4.9890855494431644e-08,0.9999999999996618
62,240000000,62.24,terrain_world,differential_drive_robot,1.9999964258314777,11.399999970065483,-4.433823484413823e-07,-4.10467159318339e-10,8.20860756972274e-07,-4.9890855494431644e-08,0.9999999999996618
62,260000000,62.26,terrain_world,differential_drive_robot,1.9999964258314777,11.399999970065483,-4.433823484413823e-07,-4.10467159318339e-10,8.20860756972274e-07,-4.9890855494431644e-08,0.9999999999996618
62,280000000,62.28,terrain_world,differential_drive_robot,1.9999964258314777,11.399999970065483,-4.433823484413823e-07,-4.10467159318339e-10,8.20860756972274e-07,-4.9890855494431644e-08,0.9999999999996618
62,300000000,62.3,terrain_world,differential_drive_robot,1.9999964258314777,11.399999970065483,-4.433823484413823e-07,-4.10467159318339e-10,8.20860756972274e-07,-4.9890855494431644e-08,0.9999999999996618
62,320000000,62.32,terrain_world,differential_drive_robot,1.9999964258314777,11.399999970065483,-4.433823484413823e-07,-4.10467159318339e-10,8.20860756972274e-07,-4.9890855494431644e-08,0.9999999999996618
62,340000000,62.34,terrain_world,differential_drive_robot,1.9999964258314777,11.399999970065483,-4.433823484413823e-07,-4.10467159318339e-10,8.20860756972274e-07,-4.9890855494431644e-08,0.9999999999996618
62,360000000,62.36,terrain_world,differential_drive_robot,1.9999964258314777,11.399999970065483,-4.433823484413823e-07,-4.10467159318339e-10,8.20860756972274e-07,-4.9890855494431644e-08,0.9999999999996618
62,380000000,62.38,terrain_world,differential_drive_robot,1.9999964258314777,11.399999970065483,-4.433823484413823e-07,-4.10467159318339e-10,8.20860756972274e-07,-4.9890855494431644e-08,0.9999999999996618
62,400000000,62.4,terrain_world,differential_drive_robot,1.9999964258314777,11.399999970065483,-4.433823484413823e-07,-4.10467159318339e-10,8.20860756972274e-07,-4.9890855494431644e-08,0.9999999999996618
62,420000000,62.42,terrain_world,differential_drive_robot,1.9999964258314777,11.399999970065483,-4.433823484413823e-07,-4.10467159318339e-10,8.20860756972274e-07,-4.9890855494431644e-08,0.9999999999996618
62,440000000,62.44,terrain_world,differential_drive_robot,1.9999964258314777,11.399999970065483,-4.433823484413823e-07,-4.10467159318339e-10,8.20860756972274e-07,-4.9890855494431644e-08,0.9999999999996618
62,460000000,62.46,terrain_world,differential_drive_robot,1.9999964258314777,11.399999970065483,-4.433823484413823e-07,-4.10467159318339e-10,8.20860756972274e-07,-4.9890855494431644e-08,0.9999999999996618
62,480000000,62.48,terrain_world,differential_drive_robot,1.9999964258314777,11.399999970065483,-4.433823484413823e-07,-4.10467159318339e-10,8.20860756972274e-07,-4.9890855494431644e-08,0.9999999999996618
62,500000000,62.5,terrain_world,differential_drive_robot,1.9999964258314777,11.399999970065483,-4.433823484413823e-07,-4.10467159318339e-10,8.20860756972274e-07,-4.9890855494431644e-08,0.9999999999996618
62,520000000,62.52,terrain_world,differential_drive_robot,1.9999964258314777,11.399999970065483,-4.433823484413823e-07,-4.10467159318339e-10,8.20860756972274e-07,-4.9890855494431644e-08,0.9999999999996618
62,540000000,62.54,terrain_world,differential_drive_robot,1.9999964258314777,11.399999970065483,-4.433823484413823e-07,-4.10467159318339e-10,8.20860756972274e-07,-4.9890855494431644e-08,0.9999999999996618
62,560000000,62.56,terrain_world,differential_drive_robot,1.9999964258314777,11.399999970065483,-4.433823484413823e-07,-4.10467159318339e-10,8.20860756972274e-07,-4.9890855494431644e-08,0.9999999999996618
62,580000000,62.58,terrain_world,differential_drive_robot,1.9999964258314777,11.399999970065483,-4.433823484413823e-07,-4.10467159318339e-10,8.20860756972274e-07,-4.9890855494431644e-08,0.9999999999996618
62,600000000,62.6,terrain_world,differential_drive_robot,1.9999964258314777,11.399999970065483,-4.433823484413823e-07,-4.10467159318339e-10,8.20860756972274e-07,-4.9890855494431644e-08,0.9999999999996618
62,620000000,62.62,terrain_world,differential_drive_robot,1.9999964258314777,11.399999970065483,-4.433823484413823e-07,-4.10467159318339e-10,8.20860756972274e-07,-4.9890855494431644e-08,0.9999999999996618
62,640000000,62.64,terrain_world,differential_drive_robot,1.9999964258314777,11.399999970065483,-4.433823484413823e-07,-4.10467159318339e-10,8.20860756972274e-07,-4.9890855494431644e-08,0.9999999999996618
62,660000000,62.66,terrain_world,differential_drive_robot,1.9999964258314777,11.399999970065483,-4.433823484413823e-07,-4.10467159318339e-10,8.20860756972274e-07,-4.9890855494431644e-08,0.9999999999996618
62,680000000,62.68,terrain_world,differential_drive_robot,1.9999964258314777,11.399999970065483,-4.433823484413823e-07,-4.10467159318339e-10,8.20860756972274e-07,-4.9890855494431644e-08,0.9999999999996618
62,700000000,62.7,terrain_world,differential_drive_robot,1.9999964258314777,11.399999970065483,-4.433823484413823e-07,-4.10467159318339e-10,8.20860756972274e-07,-4.9890855494431644e-08,0.9999999999996618
62,720000000,62.72,terrain_world,differential_drive_robot,1.9999964258314777,11.399999970065483,-4.433823484413823e-07,-4.10467159318339e-10,8.20860756972274e-07,-4.9890855494431644e-08,0.9999999999996618
62,740000000,62.74,terrain_world,differential_drive_robot,1.9999964258314777,11.399999970065483,-4.433823484413823e-07,-4.10467159318339e-10,8.20860756972274e-07,-4.9890855494431644e-08,0.9999999999996618
62,760000000,62.76,terrain_world,differential_drive_robot,1.9999964258314777,11.399999970065483,-4.433823484413823e-07,-4.10467159318339e-10,8.20860756972274e-07,-4.9890855494431644e-08,0.9999999999996618
62,780000000,62.78,terrain_world,differential_drive_robot,1.9999964258314777,11.399999970065483,-4.433823484413823e-07,-4.10467159318339e-10,8.20860756972274e-07,-4.9890855494431644e-08,0.9999999999996618
62,800000000,62.8,terrain_world,differential_drive_robot,1.9999964258314777,11.399999970065483,-4.433823484413823e-07,-4.10467159318339e-10,8.20860756972274e-07,-4.9890855494431644e-08,0.9999999999996618
62,820000000,62.82,terrain_world,differential_drive_robot,1.9999964258314777,11.399999970065483,-4.433823484413823e-07,-4.10467159318339e-10,8.20860756972274e-07,-4.9890855494431644e-08,0.9999999999996618
62,840000000,62.84,terrain_world,differential_drive_robot,1.9999964258314777,11.399999970065483,-4.433823484413823e-07,-4.10467159318339e-10,8.20860756972274e-07,-4.9890855494431644e-08,0.9999999999996618
62,860000000,62.86,terrain_world,differential_drive_robot,1.9999964258314777,11.399999970065483,-4.433823484413823e-07,-4.10467159318339e-10,8.20860756972274e-07,-4.9890855494431644e-08,0.9999999999996618
62,880000000,62.88,terrain_world,differential_drive_robot,1.9999964258314777,11.399999970065483,-4.433823484413823e-07,-4.10467159318339e-10,8.20860756972274e-07,-4.9890855494431644e-08,0.9999999999996618
62,900000000,62.9,terrain_world,differential_drive_robot,1.9999964258314777,11.399999970065483,-4.433823484413823e-07,-4.10467159318339e-10,8.20860756972274e-07,-4.9890855494431644e-08,0.9999999999996618
62,920000000,62.92,terrain_world,differential_drive_robot,1.9999964258314777,11.399999970065483,-4.433823484413823e-07,-4.10467159318339e-10,8.20860756972274e-07,-4.9890855494431644e-08,0.9999999999996618
62,940000000,62.94,terrain_world,differential_drive_robot,1.9999964258314777,11.399999970065483,-4.433823484413823e-07,-4.10467159318339e-10,8.20860756972274e-07,-4.9890855494431644e-08,0.9999999999996618
62,960000000,62.96,terrain_world,differential_drive_robot,1.9999964258314777,11.399999970065483,-4.433823484413823e-07,-4.10467159318339e-10,8.20860756972274e-07,-4.9890855494431644e-08,0.9999999999996618
62,980000000,62.98,terrain_world,differential_drive_robot,1.9999964258314777,11.399999970065483,-4.433823484413823e-07,-4.10467159318339e-10,8.20860756972274e-07,-4.9890855494431644e-08,0.9999999999996618
63,0,63.0,terrain_world,differential_drive_robot,1.9999964258314777,11.399999970065483,-4.433823484413823e-07,-4.10467159318339e-10,8.20860756972274e-07,-4.9890855494431644e-08,0.9999999999996618
63,20000000,63.02,terrain_world,differential_drive_robot,1.9999964258314777,11.399999970065483,-4.433823484413823e-07,-4.10467159318339e-10,8.20860756972274e-07,-4.9890855494431644e-08,0.9999999999996618
63,40000000,63.04,terrain_world,differential_drive_robot,1.9999964258314777,11.399999970065483,-4.433823484413823e-07,-4.10467159318339e-10,8.20860756972274e-07,-4.9890855494431644e-08,0.9999999999996618
63,60000000,63.06,terrain_world,differential_drive_robot,1.9999964258314777,11.399999970065483,-4.433823484413823e-07,-4.10467159318339e-10,8.20860756972274e-07,-4.9890855494431644e-08,0.9999999999996618
63,80000000,63.08,terrain_world,differential_drive_robot,1.9999964258314777,11.399999970065483,-4.433823484413823e-07,-4.10467159318339e-10,8.20860756972274e-07,-4.9890855494431644e-08,0.9999999999996618
63,100000000,63.1,terrain_world,differential_drive_robot,1.9999964258314777,11.399999970065483,-4.433823484413823e-07,-4.10467159318339e-10,8.20860756972274e-07,-4.9890855494431644e-08,0.9999999999996618
63,120000000,63.12,terrain_world,differential_drive_robot,1.9999964258314777,11.399999970065483,-4.433823484413823e-07,-4.10467159318339e-10,8.20860756972274e-07,-4.9890855494431644e-08,0.9999999999996618
63,140000000,63.14,terrain_world,differential_drive_robot,1.9999964258314777,11.399999970065483,-4.433823484413823e-07,-4.10467159318339e-10,8.20860756972274e-07,-4.9890855494431644e-08,0.9999999999996618
63,160000000,63.16,terrain_world,differential_drive_robot,1.9999964258314777,11.399999970065483,-4.433823484413823e-07,-4.10467159318339e-10,8.20860756972274e-07,-4.9890855494431644e-08,0.9999999999996618
63,180000000,63.18,terrain_world,differential_drive_robot,1.9999964258314777,11.399999970065483,-4.433823484413823e-07,-4.10467159318339e-10,8.20860756972274e-07,-4.9890855494431644e-08,0.9999999999996618
63,200000000,63.2,terrain_world,differential_drive_robot,1.9999964258314777,11.399999970065483,-4.433823484413823e-07,-4.10467159318339e-10,8.20860756972274e-07,-4.9890855494431644e-08,0.9999999999996618
63,220000000,63.22,terrain_world,differential_drive_robot,1.9999964258314777,11.399999970065483,-4.433823484413823e-07,-4.10467159318339e-10,8.20860756972274e-07,-4.9890855494431644e-08,0.9999999999996618
63,240000000,63.24,terrain_world,differential_drive_robot,1.9999964258314777,11.399999970065483,-4.433823484413823e-07,-4.10467159318339e-10,8.20860756972274e-07,-4.9890855494431644e-08,0.9999999999996618
63,260000000,63.26,terrain_world,differential_drive_robot,1.9999964258314777,11.399999970065483,-4.433823484413823e-07,-4.10467159318339e-10,8.20860756972274e-07,-4.9890855494431644e-08,0.9999999999996618
63,280000000,63.28,terrain_world,differential_drive_robot,1.9999964258314777,11.399999970065483,-4.433823484413823e-07,-4.10467159318339e-10,8.20860756972274e-07,-4.9890855494431644e-08,0.9999999999996618
63,300000000,63.3,terrain_world,differential_drive_robot,1.9999964258314777,11.399999970065483,-4.433823484413823e-07,-4.10467159318339e-10,8.20860756972274e-07,-4.9890855494431644e-08,0.9999999999996618
63,320000000,63.32,terrain_world,differential_drive_robot,1.9999964258314777,11.399999970065483,-4.433823484413823e-07,-4.10467159318339e-10,8.20860756972274e-07,-4.9890855494431644e-08,0.9999999999996618
63,340000000,63.34,terrain_world,differential_drive_robot,1.9999964258314777,11.399999970065483,-4.433823484413823e-07,-4.10467159318339e-10,8.20860756972274e-07,-4.9890855494431644e-08,0.9999999999996618
63,360000000,63.36,terrain_world,differential_drive_robot,1.9999964258314777,11.399999970065483,-4.433823484413823e-07,-4.10467159318339e-10,8.20860756972274e-07,-4.9890855494431644e-08,0.9999999999996618
63,380000000,63.38,terrain_world,differential_drive_robot,1.9999964258314777,11.399999970065483,-4.433823484413823e-07,-4.10467159318339e-10,8.20860756972274e-07,-4.9890855494431644e-08,0.9999999999996618
63,400000000,63.4,terrain_world,differential_drive_robot,1.9999964258314777,11.399999970065483,-4.433823484413823e-07,-4.10467159318339e-10,8.20860756972274e-07,-4.9890855494431644e-08,0.9999999999996618
63,420000000,63.42,terrain_world,differential_drive_robot,1.9999964258314777,11.399999970065483,-4.433823484413823e-07,-4.10467159318339e-10,8.20860756972274e-07,-4.9890855494431644e-08,0.9999999999996618
63,440000000,63.44,terrain_world,differential_drive_robot,1.9999964258314777,11.399999970065483,-4.433823484413823e-07,-4.10467159318339e-10,8.20860756972274e-07,-4.9890855494431644e-08,0.9999999999996618
63,460000000,63.46,terrain_world,differential_drive_robot,1.9999964258314777,11.399999970065483,-4.433823484413823e-07,-4.10467159318339e-10,8.20860756972274e-07,-4.9890855494431644e-08,0.9999999999996618
63,480000000,63.48,terrain_world,differential_drive_robot,1.9999964258314777,11.399999970065483,-4.433823484413823e-07,-4.10467159318339e-10,8.20860756972274e-07,-4.9890855494431644e-08,0.9999999999996618
63,500000000,63.5,terrain_world,differential_drive_robot,1.9999964258314777,11.399999970065483,-4.433823484413823e-07,-4.10467159318339e-10,8.20860756972274e-07,-4.9890855494431644e-08,0.9999999999996618
63,520000000,63.52,terrain_world,differential_drive_robot,1.9999964258314777,11.399999970065483,-4.433823484413823e-07,-4.10467159318339e-10,8.20860756972274e-07,-4.9890855494431644e-08,0.9999999999996618
63,540000000,63.54,terrain_world,differential_drive_robot,1.9999964258314777,11.399999970065483,-4.433823484413823e-07,-4.10467159318339e-10,8.20860756972274e-07,-4.9890855494431644e-08,0.9999999999996618
63,560000000,63.56,terrain_world,differential_drive_robot,1.9999964258314777,11.399999970065483,-4.433823484413823e-07,-4.10467159318339e-10,8.20860756972274e-07,-4.9890855494431644e-08,0.9999999999996618
63,580000000,63.58,terrain_world,differential_drive_robot,1.9999964258314777,11.399999970065483,-4.433823484413823e-07,-4.10467159318339e-10,8.20860756972274e-07,-4.9890855494431644e-08,0.9999999999996618
63,600000000,63.6,terrain_world,differential_drive_robot,1.9999964258314777,11.399999970065483,-4.433823484413823e-07,-4.10467159318339e-10,8.20860756972274e-07,-4.9890855494431644e-08,0.9999999999996618
63,620000000,63.62,terrain_world,differential_drive_robot,1.9999964258314777,11.399999970065483,-4.433823484413823e-07,-4.10467159318339e-10,8.20860756972274e-07,-4.9890855494431644e-08,0.9999999999996618
63,640000000,63.64,terrain_world,differential_drive_robot,1.9999964258314777,11.399999970065483,-4.433823484413823e-07,-4.10467159318339e-10,8.20860756972274e-07,-4.9890855494431644e-08,0.9999999999996618
63,660000000,63.66,terrain_world,differential_drive_robot,1.9999964258314777,11.399999970065483,-4.433823484413823e-07,-4.10467159318339e-10,8.20860756972274e-07,-4.9890855494431644e-08,0.9999999999996618
63,680000000,63.68,terrain_world,differential_drive_robot,1.9999964258314777,11.399999970065483,-4.433823484413823e-07,-4.10467159318339e-10,8.20860756972274e-07,-4.9890855494431644e-08,0.9999999999996618
63,700000000,63.7,terrain_world,differential_drive_robot,1.9999964258314777,11.399999970065483,-4.433823484413823e-07,-4.10467159318339e-10,8.20860756972274e-07,-4.9890855494431644e-08,0.9999999999996618
63,720000000,63.72,terrain_world,differential_drive_robot,1.9999964258314777,11.399999970065483,-4.433823484413823e-07,-4.10467159318339e-10,8.20860756972274e-07,-4.9890855494431644e-08,0.9999999999996618
63,740000000,63.74,terrain_world,differential_drive_robot,1.9999964258314777,11.399999970065483,-4.433823484413823e-07,-4.10467159318339e-10,8.20860756972274e-07,-4.9890855494431644e-08,0.9999999999996618
63,760000000,63.76,terrain_world,differential_drive_robot,1.9999964258314777,11.399999970065483,-4.433823484413823e-07,-4.10467159318339e-10,8.20860756972274e-07,-4.9890855494431644e-08,0.9999999999996618
63,780000000,63.78,terrain_world,differential_drive_robot,1.9999964258314777,11.399999970065483,-4.433823484413823e-07,-4.10467159318339e-10,8.20860756972274e-07,-4.9890855494431644e-08,0.9999999999996618
63,800000000,63.8,terrain_world,differential_drive_robot,1.9999964258314777,11.399999970065483,-4.433823484413823e-07,-4.10467159318339e-10,8.20860756972274e-07,-4.9890855494431644e-08,0.9999999999996618
63,820000000,63.82,terrain_world,differential_drive_robot,1.9999964258314777,11.399999970065483,-4.433823484413823e-07,-4.10467159318339e-10,8.20860756972274e-07,-4.9890855494431644e-08,0.9999999999996618
63,840000000,63.84,terrain_world,differential_drive_robot,1.9999964258314777,11.399999970065483,-4.433823484413823e-07,-4.10467159318339e-10,8.20860756972274e-07,-4.9890855494431644e-08,0.9999999999996618
63,860000000,63.86,terrain_world,differential_drive_robot,1.9999964258314777,11.399999970065483,-4.433823484413823e-07,-4.10467159318339e-10,8.20860756972274e-07,-4.9890855494431644e-08,0.9999999999996618
63,880000000,63.88,terrain_world,differential_drive_robot,1.9999964258314777,11.399999970065483,-4.433823484413823e-07,-4.10467159318339e-10,8.20860756972274e-07,-4.9890855494431644e-08,0.9999999999996618
63,900000000,63.9,terrain_world,differential_drive_robot,1.9999964258314777,11.399999970065483,-4.433823484413823e-07,-4.10467159318339e-10,8.20860756972274e-07,-4.9890855494431644e-08,0.9999999999996618
63,920000000,63.92,terrain_world,differential_drive_robot,1.9999964258314777,11.399999970065483,-4.433823484413823e-07,-4.10467159318339e-10,8.20860756972274e-07,-4.9890855494431644e-08,0.9999999999996618
63,940000000,63.94,terrain_world,differential_drive_robot,1.9999964258314777,11.399999970065483,-4.433823484413823e-07,-4.10467159318339e-10,8.20860756972274e-07,-4.9890855494431644e-08,0.9999999999996618
63,960000000,63.96,terrain_world,differential_drive_robot,1.9999964258314777,11.399999970065483,-4.433823484413823e-07,-4.10467159318339e-10,8.20860756972274e-07,-4.9890855494431644e-08,0.9999999999996618
63,980000000,63.98,terrain_world,differential_drive_robot,1.9999964258314777,11.399999970065483,-4.433823484413823e-07,-4.10467159318339e-10,8.20860756972274e-07,-4.9890855494431644e-08,0.9999999999996618
64,0,64.0,terrain_world,differential_drive_robot,1.9999964258314777,11.399999970065483,-4.433823484413823e-07,-4.10467159318339e-10,8.20860756972274e-07,-4.9890855494431644e-08,0.9999999999996618
64,20000000,64.02,terrain_world,differential_drive_robot,1.9999964258314777,11.399999970065483,-4.433823484413823e-07,-4.10467159318339e-10,8.20860756972274e-07,-4.9890855494431644e-08,0.9999999999996618
64,40000000,64.04,terrain_world,differential_drive_robot,1.9999964258314777,11.399999970065483,-4.433823484413823e-07,-4.10467159318339e-10,8.20860756972274e-07,-4.9890855494431644e-08,0.9999999999996618
64,60000000,64.06,terrain_world,differential_drive_robot,1.9999964258314777,11.399999970065483,-4.433823484413823e-07,-4.10467159318339e-10,8.20860756972274e-07,-4.9890855494431644e-08,0.9999999999996618
64,80000000,64.08,terrain_world,differential_drive_robot,1.9999964258314777,11.399999970065483,-4.433823484413823e-07,-4.10467159318339e-10,8.20860756972274e-07,-4.9890855494431644e-08,0.9999999999996618
64,100000000,64.1,terrain_world,differential_drive_robot,1.9999964258314777,11.399999970065483,-4.433823484413823e-07,-4.10467159318339e-10,8.20860756972274e-07,-4.9890855494431644e-08,0.9999999999996618
64,120000000,64.12,terrain_world,differential_drive_robot,1.9999964258314777,11.399999970065483,-4.433823484413823e-07,-4.10467159318339e-10,8.20860756972274e-07,-4.9890855494431644e-08,0.9999999999996618
64,140000000,64.14,terrain_world,differential_drive_robot,1.9999964258314777,11.399999970065483,-4.433823484413823e-07,-4.10467159318339e-10,8.20860756972274e-07,-4.9890855494431644e-08,0.9999999999996618
64,160000000,64.16,terrain_world,differential_drive_robot,1.9999964258314777,11.399999970065483,-4.433823484413823e-07,-4.10467159318339e-10,8.20860756972274e-07,-4.9890855494431644e-08,0.9999999999996618
64,180000000,64.18,terrain_world,differential_drive_robot,1.9999964258314777,11.399999970065483,-4.433823484413823e-07,-4.10467159318339e-10,8.20860756972274e-07,-4.9890855494431644e-08,0.9999999999996618
64,200000000,64.2,terrain_world,differential_drive_robot,1.9999964258314777,11.399999970065483,-4.433823484413823e-07,-4.10467159318339e-10,8.20860756972274e-07,-4.9890855494431644e-08,0.9999999999996618
64,220000000,64.22,terrain_world,differential_drive_robot,1.9999964258314777,11.399999970065483,-4.433823484413823e-07,-4.10467159318339e-10,8.20860756972274e-07,-4.9890855494431644e-08,0.9999999999996618
64,240000000,64.24,terrain_world,differential_drive_robot,1.9999964258314777,11.399999970065483,-4.433823484413823e-07,-4.10467159318339e-10,8.20860756972274e-07,-4.9890855494431644e-08,0.9999999999996618
64,260000000,64.26,terrain_world,differential_drive_robot,1.9999964258314777,11.399999970065483,-4.433823484413823e-07,-4.10467159318339e-10,8.20860756972274e-07,-4.9890855494431644e-08,0.9999999999996618
64,280000000,64.28,terrain_world,differential_drive_robot,1.9999964258314777,11.399999970065483,-4.433823484413823e-07,-4.10467159318339e-10,8.20860756972274e-07,-4.9890855494431644e-08,0.9999999999996618
64,300000000,64.3,terrain_world,differential_drive_robot,1.9999964258314777,11.399999970065483,-4.433823484413823e-07,-4.10467159318339e-10,8.20860756972274e-07,-4.9890855494431644e-08,0.9999999999996618
64,320000000,64.32,terrain_world,differential_drive_robot,1.9999964258314777,11.399999970065483,-4.433823484413823e-07,-4.10467159318339e-10,8.20860756972274e-07,-4.9890855494431644e-08,0.9999999999996618
64,340000000,64.34,terrain_world,differential_drive_robot,1.9999964258314777,11.399999970065483,-4.433823484413823e-07,-4.10467159318339e-10,8.20860756972274e-07,-4.9890855494431644e-08,0.9999999999996618
64,360000000,64.36,terrain_world,differential_drive_robot,1.9999964258314777,11.399999970065483,-4.433823484413823e-07,-4.10467159318339e-10,8.20860756972274e-07,-4.9890855494431644e-08,0.9999999999996618
64,380000000,64.38,terrain_world,differential_drive_robot,1.9999964258314777,11.399999970065483,-4.433823484413823e-07,-4.10467159318339e-10,8.20860756972274e-07,-4.9890855494431644e-08,0.9999999999996618
64,400000000,64.4,terrain_world,differential_drive_robot,1.9999964258314777,11.399999970065483,-4.433823484413823e-07,-4.10467159318339e-10,8.20860756972274e-07,-4.9890855494431644e-08,0.9999999999996618
64,420000000,64.42,terrain_world,differential_drive_robot,1.9999964258314777,11.399999970065483,-4.433823484413823e-07,-4.10467159318339e-10,8.20860756972274e-07,-4.9890855494431644e-08,0.9999999999996618
64,440000000,64.44,terrain_world,differential_drive_robot,1.9999964258314777,11.399999970065483,-4.433823484413823e-07,-4.10467159318339e-10,8.20860756972274e-07,-4.9890855494431644e-08,0.9999999999996618
64,460000000,64.46,terrain_world,differential_drive_robot,1.9999964258314777,11.399999970065483,-4.433823484413823e-07,-4.10467159318339e-10,8.20860756972274e-07,-4.9890855494431644e-08,0.9999999999996618
64,480000000,64.48,terrain_world,differential_drive_robot,1.9999964258314777,11.399999970065483,-4.433823484413823e-07,-4.10467159318339e-10,8.20860756972274e-07,-4.9890855494431644e-08,0.9999999999996618
64,500000000,64.5,terrain_world,differential_drive_robot,1.9999964258314777,11.399999970065483,-4.433823484413823e-07,-4.10467159318339e-10,8.20860756972274e-07,-4.9890855494431644e-08,0.9999999999996618
64,520000000,64.52,terrain_world,differential_drive_robot,1.9999964258314777,11.399999970065483,-4.433823484413823e-07,-4.10467159318339e-10,8.20860756972274e-07,-4.9890855494431644e-08,0.9999999999996618
64,540000000,64.54,terrain_world,differential_drive_robot,1.9999964258314777,11.399999970065483,-4.433823484413823e-07,-4.10467159318339e-10,8.20860756972274e-07,-4.9890855494431644e-08,0.9999999999996618
64,560000000,64.56,terrain_world,differential_drive_robot,1.9999964258314777,11.399999970065483,-4.433823484413823e-07,-4.10467159318339e-10,8.20860756972274e-07,-4.9890855494431644e-08,0.9999999999996618
64,580000000,64.58,terrain_world,differential_drive_robot,1.9999964258314777,11.399999970065483,-4.433823484413823e-07,-4.10467159318339e-10,8.20860756972274e-07,-4.9890855494431644e-08,0.9999999999996618
64,600000000,64.6,terrain_world,differential_drive_robot,1.9999964258314777,11.399999970065483,-4.433823484413823e-07,-4.10467159318339e-10,8.20860756972274e-07,-4.9890855494431644e-08,0.9999999999996618
64,620000000,64.62,terrain_world,differential_drive_robot,1.9999964258314777,11.399999970065483,-4.433823484413823e-07,-4.10467159318339e-10,8.20860756972274e-07,-4.9890855494431644e-08,0.9999999999996618
64,640000000,64.64,terrain_world,differential_drive_robot,1.9999964258314777,11.399999970065483,-4.433823484413823e-07,-4.10467159318339e-10,8.20860756972274e-07,-4.9890855494431644e-08,0.9999999999996618
64,660000000,64.66,terrain_world,differential_drive_robot,1.9999964258314777,11.399999970065483,-4.433823484413823e-07,-4.10467159318339e-10,8.20860756972274e-07,-4.9890855494431644e-08,0.9999999999996618
64,680000000,64.68,terrain_world,differential_drive_robot,1.9999964258314777,11.399999970065483,-4.433823484413823e-07,-4.10467159318339e-10,8.20860756972274e-07,-4.9890855494431644e-08,0.9999999999996618
64,700000000,64.7,terrain_world,differential_drive_robot,1.9999964258314777,11.399999970065483,-4.433823484413823e-07,-4.10467159318339e-10,8.20860756972274e-07,-4.9890855494431644e-08,0.9999999999996618
64,720000000,64.72,terrain_world,differential_drive_robot,1.9999964258314777,11.399999970065483,-4.433823484413823e-07,-4.10467159318339e-10,8.20860756972274e-07,-4.9890855494431644e-08,0.9999999999996618
64,740000000,64.74,terrain_world,differential_drive_robot,1.9999964258314777,11.399999970065483,-4.433823484413823e-07,-4.10467159318339e-10,8.20860756972274e-07,-4.9890855494431644e-08,0.9999999999996618
64,760000000,64.76,terrain_world,differential_drive_robot,1.9999964258314777,11.399999970065483,-4.433823484413823e-07,-4.10467159318339e-10,8.20860756972274e-07,-4.9890855494431644e-08,0.9999999999996618
64,780000000,64.78,terrain_world,differential_drive_robot,1.9999964258314777,11.399999970065483,-4.433823484413823e-07,-4.10467159318339e-10,8.20860756972274e-07,-4.9890855494431644e-08,0.9999999999996618
64,800000000,64.8,terrain_world,differential_drive_robot,1.9999964258314777,11.399999970065483,-4.433823484413823e-07,-4.10467159318339e-10,8.20860756972274e-07,-4.9890855494431644e-08,0.9999999999996618
64,820000000,64.82,terrain_world,differential_drive_robot,1.9999964258314777,11.399999970065483,-4.433823484413823e-07,-4.10467159318339e-10,8.20860756972274e-07,-4.9890855494431644e-08,0.9999999999996618
64,840000000,64.84,terrain_world,differential_drive_robot,1.9999964258314777,11.399999970065483,-4.433823484413823e-07,-4.10467159318339e-10,8.20860756972274e-07,-4.9890855494431644e-08,0.9999999999996618
64,860000000,64.86,terrain_world,differential_drive_robot,1.9999964258314777,11.399999970065483,-4.433823484413823e-07,-4.10467159318339e-10,8.20860756972274e-07,-4.9890855494431644e-08,0.9999999999996618
64,880000000,64.88,terrain_world,differential_drive_robot,1.9999964258314777,11.399999970065483,-4.433823484413823e-07,-4.10467159318339e-10,8.20860756972274e-07,-4.9890855494431644e-08,0.9999999999996618
64,900000000,64.9,terrain_world,differential_drive_robot,1.9999964258314777,11.399999970065483,-4.433823484413823e-07,-4.10467159318339e-10,8.20860756972274e-07,-4.9890855494431644e-08,0.9999999999996618
64,920000000,64.92,terrain_world,differential_drive_robot,1.9999964258314777,11.399999970065483,-4.433823484413823e-07,-4.10467159318339e-10,8.20860756972274e-07,-4.9890855494431644e-08,0.9999999999996618
64,940000000,64.94,terrain_world,differential_drive_robot,1.9999964258314777,11.399999970065483,-4.433823484413823e-07,-4.10467159318339e-10,8.20860756972274e-07,-4.9890855494431644e-08,0.9999999999996618
64,960000000,64.96,terrain_world,differential_drive_robot,1.9999964258314777,11.399999970065483,-4.433823484413823e-07,-4.10467159318339e-10,8.20860756972274e-07,-4.9890855494431644e-08,0.9999999999996618
64,980000000,64.98,terrain_world,differential_drive_robot,1.9999964258314777,11.399999970065483,-4.433823484413823e-07,-4.10467159318339e-10,8.20860756972274e-07,-4.9890855494431644e-08,0.9999999999996618
65,0,65.0,terrain_world,differential_drive_robot,1.9999964258314777,11.399999970065483,-4.433823484413823e-07,-4.10467159318339e-10,8.20860756972274e-07,-4.9890855494431644e-08,0.9999999999996618
65,20000000,65.02,terrain_world,differential_drive_robot,1.9999964258314777,11.399999970065483,-4.433823484413823e-07,-4.10467159318339e-10,8.20860756972274e-07,-4.9890855494431644e-08,0.9999999999996618
65,40000000,65.04,terrain_world,differential_drive_robot,1.9999964258314777,11.399999970065483,-4.433823484413823e-07,-4.10467159318339e-10,8.20860756972274e-07,-4.9890855494431644e-08,0.9999999999996618
65,60000000,65.06,terrain_world,differential_drive_robot,1.9999964258314777,11.399999970065483,-4.433823484413823e-07,-4.10467159318339e-10,8.20860756972274e-07,-4.9890855494431644e-08,0.9999999999996618
65,80000000,65.08,terrain_world,differential_drive_robot,1.9999964258314777,11.399999970065483,-4.433823484413823e-07,-4.10467159318339e-10,8.20860756972274e-07,-4.9890855494431644e-08,0.9999999999996618
65,100000000,65.1,terrain_world,differential_drive_robot,1.9999964258314777,11.399999970065483,-4.433823484413823e-07,-4.10467159318339e-10,8.20860756972274e-07,-4.9890855494431644e-08,0.9999999999996618
65,120000000,65.12,terrain_world,differential_drive_robot,1.9999964258314777,11.399999970065483,-4.433823484413823e-07,-4.10467159318339e-10,8.20860756972274e-07,-4.9890855494431644e-08,0.9999999999996618
65,140000000,65.14,terrain_world,differential_drive_robot,1.9999964258314777,11.399999970065483,-4.433823484413823e-07,-4.10467159318339e-10,8.20860756972274e-07,-4.9890855494431644e-08,0.9999999999996618
65,160000000,65.16,terrain_world,differential_drive_robot,1.9999964258314777,11.399999970065483,-4.433823484413823e-07,-4.10467159318339e-10,8.20860756972274e-07,-4.9890855494431644e-08,0.9999999999996618
65,180000000,65.18,terrain_world,differential_drive_robot,1.9999964258314777,11.399999970065483,-4.433823484413823e-07,-4.10467159318339e-10,8.20860756972274e-07,-4.9890855494431644e-08,0.9999999999996618
65,200000000,65.2,terrain_world,differential_drive_robot,1.9999964258314777,11.399999970065483,-4.433823484413823e-07,-4.10467159318339e-10,8.20860756972274e-07,-4.9890855494431644e-08,0.9999999999996618
65,220000000,65.22,terrain_world,differential_drive_robot,1.9999964258314777,11.399999970065483,-4.433823484413823e-07,-4.10467159318339e-10,8.20860756972274e-07,-4.9890855494431644e-08,0.9999999999996618
65,240000000,65.24,terrain_world,differential_drive_robot,1.9999964258314777,11.399999970065483,-4.433823484413823e-07,-4.10467159318339e-10,8.20860756972274e-07,-4.9890855494431644e-08,0.9999999999996618
65,260000000,65.26,terrain_world,differential_drive_robot,1.9999964258314777,11.399999970065483,-4.433823484413823e-07,-4.10467159318339e-10,8.20860756972274e-07,-4.9890855494431644e-08,0.9999999999996618
65,280000000,65.28,terrain_world,differential_drive_robot,1.9999964258314777,11.399999970065483,-4.433823484413823e-07,-4.10467159318339e-10,8.20860756972274e-07,-4.9890855494431644e-08,0.9999999999996618
65,300000000,65.3,terrain_world,differential_drive_robot,1.9999964258314777,11.399999970065483,-4.433823484413823e-07,-4.10467159318339e-10,8.20860756972274e-07,-4.9890855494431644e-08,0.9999999999996618
65,320000000,65.32,terrain_world,differential_drive_robot,1.9999964258314777,11.399999970065483,-4.433823484413823e-07,-4.10467159318339e-10,8.20860756972274e-07,-4.9890855494431644e-08,0.9999999999996618
65,340000000,65.34,terrain_world,differential_drive_robot,1.9999964258314777,11.399999970065483,-4.433823484413823e-07,-4.10467159318339e-10,8.20860756972274e-07,-4.9890855494431644e-08,0.9999999999996618
65,360000000,65.36,terrain_world,differential_drive_robot,1.9999964258314777,11.399999970065483,-4.433823484413823e-07,-4.10467159318339e-10,8.20860756972274e-07,-4.9890855494431644e-08,0.9999999999996618
65,380000000,65.38,terrain_world,differential_drive_robot,1.9999964258314777,11.399999970065483,-4.433823484413823e-07,-4.10467159318339e-10,8.20860756972274e-07,-4.9890855494431644e-08,0.9999999999996618
65,400000000,65.4,terrain_world,differential_drive_robot,1.9999964258314777,11.399999970065483,-4.433823484413823e-07,-4.10467159318339e-10,8.20860756972274e-07,-4.9890855494431644e-08,0.9999999999996618
65,420000000,65.42,terrain_world,differential_drive_robot,1.9999964258314777,11.399999970065483,-4.433823484413823e-07,-4.10467159318339e-10,8.20860756972274e-07,-4.9890855494431644e-08,0.9999999999996618
65,440000000,65.44,terrain_world,differential_drive_robot,1.9999964258314777,11.399999970065483,-4.433823484413823e-07,-4.10467159318339e-10,8.20860756972274e-07,-4.9890855494431644e-08,0.9999999999996618
65,460000000,65.46,terrain_world,differential_drive_robot,1.9999964258314777,11.399999970065483,-4.433823484413823e-07,-4.10467159318339e-10,8.20860756972274e-07,-4.9890855494431644e-08,0.9999999999996618
65,480000000,65.48,terrain_world,differential_drive_robot,1.9999964258314777,11.399999970065483,-4.433823484413823e-07,-4.10467159318339e-10,8.20860756972274e-07,-4.9890855494431644e-08,0.9999999999996618
65,500000000,65.5,terrain_world,differential_drive_robot,1.9999964258314777,11.399999970065483,-4.433823484413823e-07,-4.10467159318339e-10,8.20860756972274e-07,-4.9890855494431644e-08,0.9999999999996618
65,520000000,65.52,terrain_world,differential_drive_robot,1.9999964258314777,11.399999970065483,-4.433823484413823e-07,-4.10467159318339e-10,8.20860756972274e-07,-4.9890855494431644e-08,0.9999999999996618
65,540000000,65.54,terrain_world,differential_drive_robot,1.9999964258314777,11.399999970065483,-4.433823484413823e-07,-4.10467159318339e-10,8.20860756972274e-07,-4.9890855494431644e-08,0.9999999999996618
65,560000000,65.56,terrain_world,differential_drive_robot,1.9999964258314777,11.399999970065483,-4.433823484413823e-07,-4.10467159318339e-10,8.20860756972274e-07,-4.9890855494431644e-08,0.9999999999996618
65,580000000,65.58,terrain_world,differential_drive_robot,1.9999964258314777,11.399999970065483,-4.433823484413823e-07,-4.10467159318339e-10,8.20860756972274e-07,-4.9890855494431644e-08,0.9999999999996618
65,600000000,65.6,terrain_world,differential_drive_robot,1.9999964258314777,11.399999970065483,-4.433823484413823e-07,-4.10467159318339e-10,8.20860756972274e-07,-4.9890855494431644e-08,0.9999999999996618
65,620000000,65.62,terrain_world,differential_drive_robot,1.9999964258314777,11.399999970065483,-4.433823484413823e-07,-4.10467159318339e-10,8.20860756972274e-07,-4.9890855494431644e-08,0.9999999999996618
65,640000000,65.64,terrain_world,differential_drive_robot,1.9999964258314777,11.399999970065483,-4.433823484413823e-07,-4.10467159318339e-10,8.20860756972274e-07,-4.9890855494431644e-08,0.9999999999996618
65,660000000,65.66,terrain_world,differential_drive_robot,1.9999964258314777,11.399999970065483,-4.433823484413823e-07,-4.10467159318339e-10,8.20860756972274e-07,-4.9890855494431644e-08,0.9999999999996618
65,680000000,65.68,terrain_world,differential_drive_robot,1.9999964258314777,11.399999970065483,-4.433823484413823e-07,-4.10467159318339e-10,8.20860756972274e-07,-4.9890855494431644e-08,0.9999999999996618
65,700000000,65.7,terrain_world,differential_drive_robot,1.9999964258314777,11.399999970065483,-4.433823484413823e-07,-4.10467159318339e-10,8.20860756972274e-07,-4.9890855494431644e-08,0.9999999999996618
65,720000000,65.72,terrain_world,differential_drive_robot,1.9999964258314777,11.399999970065483,-4.433823484413823e-07,-4.10467159318339e-10,8.20860756972274e-07,-4.9890855494431644e-08,0.9999999999996618
65,740000000,65.74,terrain_world,differential_drive_robot,1.9999964258314777,11.399999970065483,-4.433823484413823e-07,-4.10467159318339e-10,8.20860756972274e-07,-4.9890855494431644e-08,0.9999999999996618
65,760000000,65.76,terrain_world,differential_drive_robot,1.9999964258314777,11.399999970065483,-4.433823484413823e-07,-4.10467159318339e-10,8.20860756972274e-07,-4.9890855494431644e-08,0.9999999999996618
65,780000000,65.78,terrain_world,differential_drive_robot,1.9999964258314777,11.399999970065483,-4.433823484413823e-07,-4.10467159318339e-10,8.20860756972274e-07,-4.9890855494431644e-08,0.9999999999996618
65,800000000,65.8,terrain_world,differential_drive_robot,1.9999964258314777,11.399999970065483,-4.433823484413823e-07,-4.10467159318339e-10,8.20860756972274e-07,-4.9890855494431644e-08,0.9999999999996618
65,820000000,65.82,terrain_world,differential_drive_robot,1.9999964258314777,11.399999970065483,-4.433823484413823e-07,-4.10467159318339e-10,8.20860756972274e-07,-4.9890855494431644e-08,0.9999999999996618
65,840000000,65.84,terrain_world,differential_drive_robot,1.9999964258314777,11.399999970065483,-4.433823484413823e-07,-4.10467159318339e-10,8.20860756972274e-07,-4.9890855494431644e-08,0.9999999999996618
65,860000000,65.86,terrain_world,differential_drive_robot,1.9999964258314777,11.399999970065483,-4.433823484413823e-07,-4.10467159318339e-10,8.20860756972274e-07,-4.9890855494431644e-08,0.9999999999996618
65,880000000,65.88,terrain_world,differential_drive_robot,1.9999964258314777,11.399999970065483,-4.433823484413823e-07,-4.10467159318339e-10,8.20860756972274e-07,-4.9890855494431644e-08,0.9999999999996618
65,900000000,65.9,terrain_world,differential_drive_robot,1.9999964258314777,11.399999970065483,-4.433823484413823e-07,-4.10467159318339e-10,8.20860756972274e-07,-4.9890855494431644e-08,0.9999999999996618
65,920000000,65.92,terrain_world,differential_drive_robot,1.9999964258314777,11.399999970065483,-4.433823484413823e-07,-4.10467159318339e-10,8.20860756972274e-07,-4.9890855494431644e-08,0.9999999999996618
65,940000000,65.94,terrain_world,differential_drive_robot,1.9999964258314777,11.399999970065483,-4.433823484413823e-07,-4.10467159318339e-10,8.20860756972274e-07,-4.9890855494431644e-08,0.9999999999996618
65,960000000,65.96,terrain_world,differential_drive_robot,1.9999964258314777,11.399999970065483,-4.433823484413823e-07,-4.10467159318339e-10,8.20860756972274e-07,-4.9890855494431644e-08,0.9999999999996618
65,980000000,65.98,terrain_world,differential_drive_robot,1.9999964258314777,11.399999970065483,-4.433823484413823e-07,-4.10467159318339e-10,8.20860756972274e-07,-4.9890855494431644e-08,0.9999999999996618
66,0,66.0,terrain_world,differential_drive_robot,1.9999964258314777,11.399999970065483,-4.433823484413823e-07,-4.10467159318339e-10,8.20860756972274e-07,-4.9890855494431644e-08,0.9999999999996618
66,20000000,66.02,terrain_world,differential_drive_robot,1.9999964258314777,11.399999970065483,-4.433823484413823e-07,-4.10467159318339e-10,8.20860756972274e-07,-4.9890855494431644e-08,0.9999999999996618
66,40000000,66.04,terrain_world,differential_drive_robot,1.9999964258314777,11.399999970065483,-4.433823484413823e-07,-4.10467159318339e-10,8.20860756972274e-07,-4.9890855494431644e-08,0.9999999999996618
66,60000000,66.06,terrain_world,differential_drive_robot,1.9999964258314777,11.399999970065483,-4.433823484413823e-07,-4.10467159318339e-10,8.20860756972274e-07,-4.9890855494431644e-08,0.9999999999996618
66,80000000,66.08,terrain_world,differential_drive_robot,1.9999964258314777,11.399999970065483,-4.433823484413823e-07,-4.10467159318339e-10,8.20860756972274e-07,-4.9890855494431644e-08,0.9999999999996618
66,100000000,66.1,terrain_world,differential_drive_robot,1.9999964258314777,11.399999970065483,-4.433823484413823e-07,-4.10467159318339e-10,8.20860756972274e-07,-4.9890855494431644e-08,0.9999999999996618
66,120000000,66.12,terrain_world,differential_drive_robot,1.9999964258314777,11.399999970065483,-4.433823484413823e-07,-4.10467159318339e-10,8.20860756972274e-07,-4.9890855494431644e-08,0.9999999999996618
66,140000000,66.14,terrain_world,differential_drive_robot,1.9999964258314777,11.399999970065483,-4.433823484413823e-07,-4.10467159318339e-10,8.20860756972274e-07,-4.9890855494431644e-08,0.9999999999996618
66,160000000,66.16,terrain_world,differential_drive_robot,1.9999964258314777,11.399999970065483,-4.433823484413823e-07,-4.10467159318339e-10,8.20860756972274e-07,-4.9890855494431644e-08,0.9999999999996618
66,180000000,66.18,terrain_world,differential_drive_robot,1.9999964258314777,11.399999970065483,-4.433823484413823e-07,-4.10467159318339e-10,8.20860756972274e-07,-4.9890855494431644e-08,0.9999999999996618
66,200000000,66.2,terrain_world,differential_drive_robot,1.9999964258314777,11.399999970065483,-4.433823484413823e-07,-4.10467159318339e-10,8.20860756972274e-07,-4.9890855494431644e-08,0.9999999999996618
66,220000000,66.22,terrain_world,differential_drive_robot,1.9999964258314777,11.399999970065483,-4.433823484413823e-07,-4.10467159318339e-10,8.20860756972274e-07,-4.9890855494431644e-08,0.9999999999996618
66,240000000,66.24,terrain_world,differential_drive_robot,1.9999964258314777,11.399999970065483,-4.433823484413823e-07,-4.10467159318339e-10,8.20860756972274e-07,-4.9890855494431644e-08,0.9999999999996618
66,260000000,66.26,terrain_world,differential_drive_robot,1.9999964258314777,11.399999970065483,-4.433823484413823e-07,-4.10467159318339e-10,8.20860756972274e-07,-4.9890855494431644e-08,0.9999999999996618
66,280000000,66.28,terrain_world,differential_drive_robot,1.9999964258314777,11.399999970065483,-4.433823484413823e-07,-4.10467159318339e-10,8.20860756972274e-07,-4.9890855494431644e-08,0.9999999999996618
66,300000000,66.3,terrain_world,differential_drive_robot,1.9999964258314777,11.399999970065483,-4.433823484413823e-07,-4.10467159318339e-10,8.20860756972274e-07,-4.9890855494431644e-08,0.9999999999996618
66,320000000,66.32,terrain_world,differential_drive_robot,1.9999964258314777,11.399999970065483,-4.433823484413823e-07,-4.10467159318339e-10,8.20860756972274e-07,-4.9890855494431644e-08,0.9999999999996618
66,340000000,66.34,terrain_world,differential_drive_robot,1.9999964258314777,11.399999970065483,-4.433823484413823e-07,-4.10467159318339e-10,8.20860756972274e-07,-4.9890855494431644e-08,0.9999999999996618
66,360000000,66.36,terrain_world,differential_drive_robot,1.9999964258314777,11.399999970065483,-4.433823484413823e-07,-4.10467159318339e-10,8.20860756972274e-07,-4.9890855494431644e-08,0.9999999999996618
66,380000000,66.38,terrain_world,differential_drive_robot,1.9999964258314777,11.399999970065483,-4.433823484413823e-07,-4.10467159318339e-10,8.20860756972274e-07,-4.9890855494431644e-08,0.9999999999996618
66,400000000,66.4,terrain_world,differential_drive_robot,1.9999964258314777,11.399999970065483,-4.433823484413823e-07,-4.10467159318339e-10,8.20860756972274e-07,-4.9890855494431644e-08,0.9999999999996618
66,420000000,66.42,terrain_world,differential_drive_robot,1.9999964258314777,11.399999970065483,-4.433823484413823e-07,-4.10467159318339e-10,8.20860756972274e-07,-4.9890855494431644e-08,0.9999999999996618
66,440000000,66.44,terrain_world,differential_drive_robot,1.9999964258314777,11.399999970065483,-4.433823484413823e-07,-4.10467159318339e-10,8.20860756972274e-07,-4.9890855494431644e-08,0.9999999999996618
66,460000000,66.46,terrain_world,differential_drive_robot,1.9999964258314777,11.399999970065483,-4.433823484413823e-07,-4.10467159318339e-10,8.20860756972274e-07,-4.9890855494431644e-08,0.9999999999996618
66,480000000,66.48,terrain_world,differential_drive_robot,1.9999964258314777,11.399999970065483,-4.433823484413823e-07,-4.10467159318339e-10,8.20860756972274e-07,-4.9890855494431644e-08,0.9999999999996618
66,500000000,66.5,terrain_world,differential_drive_robot,1.9999964258314777,11.399999970065483,-4.433823484413823e-07,-4.10467159318339e-10,8.20860756972274e-07,-4.9890855494431644e-08,0.9999999999996618
66,520000000,66.52,terrain_world,differential_drive_robot,1.9999964258314777,11.399999970065483,-4.433823484413823e-07,-4.10467159318339e-10,8.20860756972274e-07,-4.9890855494431644e-08,0.9999999999996618
66,540000000,66.54,terrain_world,differential_drive_robot,1.9999964258314777,11.399999970065483,-4.433823484413823e-07,-4.10467159318339e-10,8.20860756972274e-07,-4.9890855494431644e-08,0.9999999999996618
66,560000000,66.56,terrain_world,differential_drive_robot,1.9999964258314777,11.399999970065483,-4.433823484413823e-07,-4.10467159318339e-10,8.20860756972274e-07,-4.9890855494431644e-08,0.9999999999996618
66,580000000,66.58,terrain_world,differential_drive_robot,1.9999964258314777,11.399999970065483,-4.433823484413823e-07,-4.10467159318339e-10,8.20860756972274e-07,-4.9890855494431644e-08,0.9999999999996618
66,600000000,66.6,terrain_world,differential_drive_robot,1.9999964258314777,11.399999970065483,-4.433823484413823e-07,-4.10467159318339e-10,8.20860756972274e-07,-4.9890855494431644e-08,0.9999999999996618
66,620000000,66.62,terrain_world,differential_drive_robot,1.9999964258314777,11.399999970065483,-4.433823484413823e-07,-4.10467159318339e-10,8.20860756972274e-07,-4.9890855494431644e-08,0.9999999999996618
66,640000000,66.64,terrain_world,differential_drive_robot,1.9999964258314777,11.399999970065483,-4.433823484413823e-07,-4.10467159318339e-10,8.20860756972274e-07,-4.9890855494431644e-08,0.9999999999996618
66,660000000,66.66,terrain_world,differential_drive_robot,1.9999964258314777,11.399999970065483,-4.433823484413823e-07,-4.10467159318339e-10,8.20860756972274e-07,-4.9890855494431644e-08,0.9999999999996618
66,680000000,66.68,terrain_world,differential_drive_robot,1.9999964258314777,11.399999970065483,-4.433823484413823e-07,-4.10467159318339e-10,8.20860756972274e-07,-4.9890855494431644e-08,0.9999999999996618
66,700000000,66.7,terrain_world,differential_drive_robot,1.9999964258314777,11.399999970065483,-4.433823484413823e-07,-4.10467159318339e-10,8.20860756972274e-07,-4.9890855494431644e-08,0.9999999999996618
66,720000000,66.72,terrain_world,differential_drive_robot,1.9999964258314777,11.399999970065483,-4.433823484413823e-07,-4.10467159318339e-10,8.20860756972274e-07,-4.9890855494431644e-08,0.9999999999996618
66,740000000,66.74,terrain_world,differential_drive_robot,1.9999964258314777,11.399999970065483,-4.433823484413823e-07,-4.10467159318339e-10,8.20860756972274e-07,-4.9890855494431644e-08,0.9999999999996618
66,760000000,66.76,terrain_world,differential_drive_robot,1.9999964258314777,11.399999970065483,-4.433823484413823e-07,-4.10467159318339e-10,8.20860756972274e-07,-4.9890855494431644e-08,0.9999999999996618
66,780000000,66.78,terrain_world,differential_drive_robot,1.9999964258314777,11.399999970065483,-4.433823484413823e-07,-4.10467159318339e-10,8.20860756972274e-07,-4.9890855494431644e-08,0.9999999999996618
66,800000000,66.8,terrain_world,differential_drive_robot,1.9999964258314777,11.399999970065483,-4.433823484413823e-07,-4.10467159318339e-10,8.20860756972274e-07,-4.9890855494431644e-08,0.9999999999996618
66,820000000,66.82,terrain_world,differential_drive_robot,1.9999964258314777,11.399999970065483,-4.433823484413823e-07,-4.10467159318339e-10,8.20860756972274e-07,-4.9890855494431644e-08,0.9999999999996618
66,840000000,66.84,terrain_world,differential_drive_robot,1.9999964258314777,11.399999970065483,-4.433823484413823e-07,-4.10467159318339e-10,8.20860756972274e-07,-4.9890855494431644e-08,0.9999999999996618
66,860000000,66.86,terrain_world,differential_drive_robot,1.9999964258314777,11.399999970065483,-4.433823484413823e-07,-4.10467159318339e-10,8.20860756972274e-07,-4.9890855494431644e-08,0.9999999999996618
66,880000000,66.88,terrain_world,differential_drive_robot,1.9999964258314777,11.399999970065483,-4.433823484413823e-07,-4.10467159318339e-10,8.20860756972274e-07,-4.9890855494431644e-08,0.9999999999996618
66,900000000,66.9,terrain_world,differential_drive_robot,1.9999964258314777,11.399999970065483,-4.433823484413823e-07,-4.10467159318339e-10,8.20860756972274e-07,-4.9890855494431644e-08,0.9999999999996618
66,920000000,66.92,terrain_world,differential_drive_robot,1.9999964258314777,11.399999970065483,-4.433823484413823e-07,-4.10467159318339e-10,8.20860756972274e-07,-4.9890855494431644e-08,0.9999999999996618
66,940000000,66.94,terrain_world,differential_drive_robot,1.9999964258314777,11.399999970065483,-4.433823484413823e-07,-4.10467159318339e-10,8.20860756972274e-07,-4.9890855494431644e-08,0.9999999999996618
66,960000000,66.96,terrain_world,differential_drive_robot,1.9999964258314777,11.399999970065483,-4.433823484413823e-07,-4.10467159318339e-10,8.20860756972274e-07,-4.9890855494431644e-08,0.9999999999996618
66,980000000,66.98,terrain_world,differential_drive_robot,1.9999964258314777,11.399999970065483,-4.433823484413823e-07,-4.10467159318339e-10,8.20860756972274e-07,-4.9890855494431644e-08,0.9999999999996618
67,0,67.0,terrain_world,differential_drive_robot,1.9999964258314777,11.399999970065483,-4.433823484413823e-07,-4.10467159318339e-10,8.20860756972274e-07,-4.9890855494431644e-08,0.9999999999996618
67,20000000,67.02,terrain_world,differential_drive_robot,1.9999964258314777,11.399999970065483,-4.433823484413823e-07,-4.10467159318339e-10,8.20860756972274e-07,-4.9890855494431644e-08,0.9999999999996618
67,40000000,67.04,terrain_world,differential_drive_robot,1.9999964258314777,11.399999970065483,-4.433823484413823e-07,-4.10467159318339e-10,8.20860756972274e-07,-4.9890855494431644e-08,0.9999999999996618
67,60000000,67.06,terrain_world,differential_drive_robot,1.9999964258314777,11.399999970065483,-4.433823484413823e-07,-4.10467159318339e-10,8.20860756972274e-07,-4.9890855494431644e-08,0.9999999999996618
67,80000000,67.08,terrain_world,differential_drive_robot,1.9999964258314777,11.399999970065483,-4.433823484413823e-07,-4.10467159318339e-10,8.20860756972274e-07,-4.9890855494431644e-08,0.9999999999996618
67,100000000,67.1,terrain_world,differential_drive_robot,1.9999964258314777,11.399999970065483,-4.433823484413823e-07,-4.10467159318339e-10,8.20860756972274e-07,-4.9890855494431644e-08,0.9999999999996618
67,120000000,67.12,terrain_world,differential_drive_robot,1.9999964258314777,11.399999970065483,-4.433823484413823e-07,-4.10467159318339e-10,8.20860756972274e-07,-4.9890855494431644e-08,0.9999999999996618
67,140000000,67.14,terrain_world,differential_drive_robot,1.9999964258314777,11.399999970065483,-4.433823484413823e-07,-4.10467159318339e-10,8.20860756972274e-07,-4.9890855494431644e-08,0.9999999999996618
67,160000000,67.16,terrain_world,differential_drive_robot,1.9999964258314777,11.399999970065483,-4.433823484413823e-07,-4.10467159318339e-10,8.20860756972274e-07,-4.9890855494431644e-08,0.9999999999996618
67,180000000,67.18,terrain_world,differential_drive_robot,1.9999964258314777,11.399999970065483,-4.433823484413823e-07,-4.10467159318339e-10,8.20860756972274e-07,-4.9890855494431644e-08,0.9999999999996618
67,200000000,67.2,terrain_world,differential_drive_robot,1.9999964258314777,11.399999970065483,-4.433823484413823e-07,-4.10467159318339e-10,8.20860756972274e-07,-4.9890855494431644e-08,0.9999999999996618
67,220000000,67.22,terrain_world,differential_drive_robot,1.9999964258314777,11.399999970065483,-4.433823484413823e-07,-4.10467159318339e-10,8.20860756972274e-07,-4.9890855494431644e-08,0.9999999999996618
67,240000000,67.24,terrain_world,differential_drive_robot,1.9999964258314777,11.399999970065483,-4.433823484413823e-07,-4.10467159318339e-10,8.20860756972274e-07,-4.9890855494431644e-08,0.9999999999996618
67,260000000,67.26,terrain_world,differential_drive_robot,1.9999964258314777,11.399999970065483,-4.433823484413823e-07,-4.10467159318339e-10,8.20860756972274e-07,-4.9890855494431644e-08,0.9999999999996618
67,280000000,67.28,terrain_world,differential_drive_robot,1.9999964258314777,11.399999970065483,-4.433823484413823e-07,-4.10467159318339e-10,8.20860756972274e-07,-4.9890855494431644e-08,0.9999999999996618
67,300000000,67.3,terrain_world,differential_drive_robot,1.9999964258314777,11.399999970065483,-4.433823484413823e-07,-4.10467159318339e-10,8.20860756972274e-07,-4.9890855494431644e-08,0.9999999999996618
67,320000000,67.32,terrain_world,differential_drive_robot,1.9999964258314777,11.399999970065483,-4.433823484413823e-07,-4.10467159318339e-10,8.20860756972274e-07,-4.9890855494431644e-08,0.9999999999996618
67,340000000,67.34,terrain_world,differential_drive_robot,1.9999964258314777,11.399999970065483,-4.433823484413823e-07,-4.10467159318339e-10,8.20860756972274e-07,-4.9890855494431644e-08,0.9999999999996618
67,360000000,67.36,terrain_world,differential_drive_robot,1.9999964258314777,11.399999970065483,-4.433823484413823e-07,-4.10467159318339e-10,8.20860756972274e-07,-4.9890855494431644e-08,0.9999999999996618
67,380000000,67.38,terrain_world,differential_drive_robot,1.9999964258314777,11.399999970065483,-4.433823484413823e-07,-4.10467159318339e-10,8.20860756972274e-07,-4.9890855494431644e-08,0.9999999999996618
67,400000000,67.4,terrain_world,differential_drive_robot,1.9999964258314777,11.399999970065483,-4.433823484413823e-07,-4.10467159318339e-10,8.20860756972274e-07,-4.9890855494431644e-08,0.9999999999996618
67,420000000,67.42,terrain_world,differential_drive_robot,1.9999964258314777,11.399999970065483,-4.433823484413823e-07,-4.10467159318339e-10,8.20860756972274e-07,-4.9890855494431644e-08,0.9999999999996618
67,440000000,67.44,terrain_world,differential_drive_robot,1.9999964258314777,11.399999970065483,-4.433823484413823e-07,-4.10467159318339e-10,8.20860756972274e-07,-4.9890855494431644e-08,0.9999999999996618
67,460000000,67.46,terrain_world,differential_drive_robot,1.9999964258314777,11.399999970065483,-4.433823484413823e-07,-4.10467159318339e-10,8.20860756972274e-07,-4.9890855494431644e-08,0.9999999999996618
67,480000000,67.48,terrain_world,differential_drive_robot,1.9999964258314777,11.399999970065483,-4.433823484413823e-07,-4.10467159318339e-10,8.20860756972274e-07,-4.9890855494431644e-08,0.9999999999996618
67,500000000,67.5,terrain_world,differential_drive_robot,1.9999964258314777,11.399999970065483,-4.433823484413823e-07,-4.10467159318339e-10,8.20860756972274e-07,-4.9890855494431644e-08,0.9999999999996618
67,520000000,67.52,terrain_world,differential_drive_robot,1.9999964258314777,11.399999970065483,-4.433823484413823e-07,-4.10467159318339e-10,8.20860756972274e-07,-4.9890855494431644e-08,0.9999999999996618
67,540000000,67.54,terrain_world,differential_drive_robot,1.9999964258314777,11.399999970065483,-4.433823484413823e-07,-4.10467159318339e-10,8.20860756972274e-07,-4.9890855494431644e-08,0.9999999999996618
67,560000000,67.56,terrain_world,differential_drive_robot,1.9999964258314777,11.399999970065483,-4.433823484413823e-07,-4.10467159318339e-10,8.20860756972274e-07,-4.9890855494431644e-08,0.9999999999996618
67,580000000,67.58,terrain_world,differential_drive_robot,1.9999964258314777,11.399999970065483,-4.433823484413823e-07,-4.10467159318339e-10,8.20860756972274e-07,-4.9890855494431644e-08,0.9999999999996618
67,600000000,67.6,terrain_world,differential_drive_robot,1.9999964258314777,11.399999970065483,-4.433823484413823e-07,-4.10467159318339e-10,8.20860756972274e-07,-4.9890855494431644e-08,0.9999999999996618
67,620000000,67.62,terrain_world,differential_drive_robot,1.9999964258314777,11.399999970065483,-4.433823484413823e-07,-4.10467159318339e-10,8.20860756972274e-07,-4.9890855494431644e-08,0.9999999999996618
67,640000000,67.64,terrain_world,differential_drive_robot,1.9999964258314777,11.399999970065483,-4.433823484413823e-07,-4.10467159318339e-10,8.20860756972274e-07,-4.9890855494431644e-08,0.9999999999996618
67,660000000,67.66,terrain_world,differential_drive_robot,1.9999964258314777,11.399999970065483,-4.433823484413823e-07,-4.10467159318339e-10,8.20860756972274e-07,-4.9890855494431644e-08,0.9999999999996618
67,680000000,67.68,terrain_world,differential_drive_robot,1.9999964258314777,11.399999970065483,-4.433823484413823e-07,-4.10467159318339e-10,8.20860756972274e-07,-4.9890855494431644e-08,0.9999999999996618
67,700000000,67.7,terrain_world,differential_drive_robot,1.9999964258314777,11.399999970065483,-4.433823484413823e-07,-4.10467159318339e-10,8.20860756972274e-07,-4.9890855494431644e-08,0.9999999999996618
67,720000000,67.72,terrain_world,differential_drive_robot,1.9999964258314777,11.399999970065483,-4.433823484413823e-07,-4.10467159318339e-10,8.20860756972274e-07,-4.9890855494431644e-08,0.9999999999996618
67,740000000,67.74,terrain_world,differential_drive_robot,1.9999964258314777,11.399999970065483,-4.433823484413823e-07,-4.10467159318339e-10,8.20860756972274e-07,-4.9890855494431644e-08,0.9999999999996618
67,760000000,67.76,terrain_world,differential_drive_robot,1.9999964258314777,11.399999970065483,-4.433823484413823e-07,-4.10467159318339e-10,8.20860756972274e-07,-4.9890855494431644e-08,0.9999999999996618
67,780000000,67.78,terrain_world,differential_drive_robot,1.9999964258314777,11.399999970065483,-4.433823484413823e-07,-4.10467159318339e-10,8.20860756972274e-07,-4.9890855494431644e-08,0.9999999999996618
67,800000000,67.8,terrain_world,differential_drive_robot,1.9999964258314777,11.399999970065483,-4.433823484413823e-07,-4.10467159318339e-10,8.20860756972274e-07,-4.9890855494431644e-08,0.9999999999996618
67,820000000,67.82,terrain_world,differential_drive_robot,1.9999964258314777,11.399999970065483,-4.433823484413823e-07,-4.10467159318339e-10,8.20860756972274e-07,-4.9890855494431644e-08,0.9999999999996618
67,840000000,67.84,terrain_world,differential_drive_robot,1.9999964258314777,11.399999970065483,-4.433823484413823e-07,-4.10467159318339e-10,8.20860756972274e-07,-4.9890855494431644e-08,0.9999999999996618
67,860000000,67.86,terrain_world,differential_drive_robot,1.9999964258314777,11.399999970065483,-4.433823484413823e-07,-4.10467159318339e-10,8.20860756972274e-07,-4.9890855494431644e-08,0.9999999999996618
67,880000000,67.88,terrain_world,differential_drive_robot,1.9999964258314777,11.399999970065483,-4.433823484413823e-07,-4.10467159318339e-10,8.20860756972274e-07,-4.9890855494431644e-08,0.9999999999996618
67,900000000,67.9,terrain_world,differential_drive_robot,1.9999964258314777,11.399999970065483,-4.433823484413823e-07,-4.10467159318339e-10,8.20860756972274e-07,-4.9890855494431644e-08,0.9999999999996618
67,920000000,67.92,terrain_world,differential_drive_robot,1.9999964258314777,11.399999970065483,-4.433823484413823e-07,-4.10467159318339e-10,8.20860756972274e-07,-4.9890855494431644e-08,0.9999999999996618
67,940000000,67.94,terrain_world,differential_drive_robot,1.9999964258314777,11.399999970065483,-4.433823484413823e-07,-4.10467159318339e-10,8.20860756972274e-07,-4.9890855494431644e-08,0.9999999999996618
67,960000000,67.96,terrain_world,differential_drive_robot,1.9999964258314777,11.399999970065483,-4.433823484413823e-07,-4.10467159318339e-10,8.20860756972274e-07,-4.9890855494431644e-08,0.9999999999996618
67,980000000,67.98,terrain_world,differential_drive_robot,1.9999964258314777,11.399999970065483,-4.433823484413823e-07,-4.10467159318339e-10,8.20860756972274e-07,-4.9890855494431644e-08,0.9999999999996618
68,0,68.0,terrain_world,differential_drive_robot,1.9999964258314777,11.399999970065483,-4.433823484413823e-07,-4.10467159318339e-10,8.20860756972274e-07,-4.9890855494431644e-08,0.9999999999996618
68,20000000,68.02,terrain_world,differential_drive_robot,1.9999964258314777,11.399999970065483,-4.433823484413823e-07,-4.10467159318339e-10,8.20860756972274e-07,-4.9890855494431644e-08,0.9999999999996618
68,40000000,68.04,terrain_world,differential_drive_robot,1.9999964258314777,11.399999970065483,-4.433823484413823e-07,-4.10467159318339e-10,8.20860756972274e-07,-4.9890855494431644e-08,0.9999999999996618
68,60000000,68.06,terrain_world,differential_drive_robot,1.9999964258314777,11.399999970065483,-4.433823484413823e-07,-4.10467159318339e-10,8.20860756972274e-07,-4.9890855494431644e-08,0.9999999999996618
68,80000000,68.08,terrain_world,differential_drive_robot,1.9999964258314777,11.399999970065483,-4.433823484413823e-07,-4.10467159318339e-10,8.20860756972274e-07,-4.9890855494431644e-08,0.9999999999996618
68,100000000,68.1,terrain_world,differential_drive_robot,1.9999964258314777,11.399999970065483,-4.433823484413823e-07,-4.10467159318339e-10,8.20860756972274e-07,-4.9890855494431644e-08,0.9999999999996618
68,120000000,68.12,terrain_world,differential_drive_robot,1.9999964258314777,11.399999970065483,-4.433823484413823e-07,-4.10467159318339e-10,8.20860756972274e-07,-4.9890855494431644e-08,0.9999999999996618
68,140000000,68.14,terrain_world,differential_drive_robot,1.9999964258314777,11.399999970065483,-4.433823484413823e-07,-4.10467159318339e-10,8.20860756972274e-07,-4.9890855494431644e-08,0.9999999999996618
68,160000000,68.16,terrain_world,differential_drive_robot,1.9999964258314777,11.399999970065483,-4.433823484413823e-07,-4.10467159318339e-10,8.20860756972274e-07,-4.9890855494431644e-08,0.9999999999996618
68,180000000,68.18,terrain_world,differential_drive_robot,1.9999964258314777,11.399999970065483,-4.433823484413823e-07,-4.10467159318339e-10,8.20860756972274e-07,-4.9890855494431644e-08,0.9999999999996618
68,200000000,68.2,terrain_world,differential_drive_robot,1.9999964258314777,11.399999970065483,-4.433823484413823e-07,-4.10467159318339e-10,8.20860756972274e-07,-4.9890855494431644e-08,0.9999999999996618
68,220000000,68.22,terrain_world,differential_drive_robot,1.9999964258314777,11.399999970065483,-4.433823484413823e-07,-4.10467159318339e-10,8.20860756972274e-07,-4.9890855494431644e-08,0.9999999999996618
68,240000000,68.24,terrain_world,differential_drive_robot,1.9999964258314777,11.399999970065483,-4.433823484413823e-07,-4.10467159318339e-10,8.20860756972274e-07,-4.9890855494431644e-08,0.9999999999996618
68,260000000,68.26,terrain_world,differential_drive_robot,1.9999964258314777,11.399999970065483,-4.433823484413823e-07,-4.10467159318339e-10,8.20860756972274e-07,-4.9890855494431644e-08,0.9999999999996618
68,280000000,68.28,terrain_world,differential_drive_robot,1.9999964258314777,11.399999970065483,-4.433823484413823e-07,-4.10467159318339e-10,8.20860756972274e-07,-4.9890855494431644e-08,0.9999999999996618
68,300000000,68.3,terrain_world,differential_drive_robot,1.9999964258314777,11.399999970065483,-4.433823484413823e-07,-4.10467159318339e-10,8.20860756972274e-07,-4.9890855494431644e-08,0.9999999999996618
68,320000000,68.32,terrain_world,differential_drive_robot,1.9999964258314777,11.399999970065483,-4.433823484413823e-07,-4.10467159318339e-10,8.20860756972274e-07,-4.9890855494431644e-08,0.9999999999996618
68,340000000,68.34,terrain_world,differential_drive_robot,1.9999964258314777,11.399999970065483,-4.433823484413823e-07,-4.10467159318339e-10,8.20860756972274e-07,-4.9890855494431644e-08,0.9999999999996618
68,360000000,68.36,terrain_world,differential_drive_robot,1.9999964258314777,11.399999970065483,-4.433823484413823e-07,-4.10467159318339e-10,8.20860756972274e-07,-4.9890855494431644e-08,0.9999999999996618
68,380000000,68.38,terrain_world,differential_drive_robot,1.9999964258314777,11.399999970065483,-4.433823484413823e-07,-4.10467159318339e-10,8.20860756972274e-07,-4.9890855494431644e-08,0.9999999999996618
68,400000000,68.4,terrain_world,differential_drive_robot,1.9999964258314777,11.399999970065483,-4.433823484413823e-07,-4.10467159318339e-10,8.20860756972274e-07,-4.9890855494431644e-08,0.9999999999996618
68,420000000,68.42,terrain_world,differential_drive_robot,1.9999964258314777,11.399999970065483,-4.433823484413823e-07,-4.10467159318339e-10,8.20860756972274e-07,-4.9890855494431644e-08,0.9999999999996618
68,440000000,68.44,terrain_world,differential_drive_robot,1.9999964258314777,11.399999970065483,-4.433823484413823e-07,-4.10467159318339e-10,8.20860756972274e-07,-4.9890855494431644e-08,0.9999999999996618
68,460000000,68.46,terrain_world,differential_drive_robot,1.9999964258314777,11.399999970065483,-4.433823484413823e-07,-4.10467159318339e-10,8.20860756972274e-07,-4.9890855494431644e-08,0.9999999999996618
68,480000000,68.48,terrain_world,differential_drive_robot,1.9999964258314777,11.399999970065483,-4.433823484413823e-07,-4.10467159318339e-10,8.20860756972274e-07,-4.9890855494431644e-08,0.9999999999996618
68,500000000,68.5,terrain_world,differential_drive_robot,1.9999964258314777,11.399999970065483,-4.433823484413823e-07,-4.10467159318339e-10,8.20860756972274e-07,-4.9890855494431644e-08,0.9999999999996618
68,520000000,68.52,terrain_world,differential_drive_robot,1.9999964258314777,11.399999970065483,-4.433823484413823e-07,-4.10467159318339e-10,8.20860756972274e-07,-4.9890855494431644e-08,0.9999999999996618
68,540000000,68.54,terrain_world,differential_drive_robot,1.9999964258314777,11.399999970065483,-4.433823484413823e-07,-4.10467159318339e-10,8.20860756972274e-07,-4.9890855494431644e-08,0.9999999999996618
68,560000000,68.56,terrain_world,differential_drive_robot,1.9999964258314777,11.399999970065483,-4.433823484413823e-07,-4.10467159318339e-10,8.20860756972274e-07,-4.9890855494431644e-08,0.9999999999996618
68,580000000,68.58,terrain_world,differential_drive_robot,1.9999964258314777,11.399999970065483,-4.433823484413823e-07,-4.10467159318339e-10,8.20860756972274e-07,-4.9890855494431644e-08,0.9999999999996618
68,600000000,68.6,terrain_world,differential_drive_robot,1.9999964258314777,11.399999970065483,-4.433823484413823e-07,-4.10467159318339e-10,8.20860756972274e-07,-4.9890855494431644e-08,0.9999999999996618
68,620000000,68.62,terrain_world,differential_drive_robot,1.9999964258314777,11.399999970065483,-4.433823484413823e-07,-4.10467159318339e-10,8.20860756972274e-07,-4.9890855494431644e-08,0.9999999999996618
68,640000000,68.64,terrain_world,differential_drive_robot,1.9999964258314777,11.399999970065483,-4.433823484413823e-07,-4.10467159318339e-10,8.20860756972274e-07,-4.9890855494431644e-08,0.9999999999996618
68,660000000,68.66,terrain_world,differential_drive_robot,1.9999964258314777,11.399999970065483,-4.433823484413823e-07,-4.10467159318339e-10,8.20860756972274e-07,-4.9890855494431644e-08,0.9999999999996618
68,680000000,68.68,terrain_world,differential_drive_robot,1.9999964258314777,11.399999970065483,-4.433823484413823e-07,-4.10467159318339e-10,8.20860756972274e-07,-4.9890855494431644e-08,0.9999999999996618
68,700000000,68.7,terrain_world,differential_drive_robot,1.9999964258314777,11.399999970065483,-4.433823484413823e-07,-4.10467159318339e-10,8.20860756972274e-07,-4.9890855494431644e-08,0.9999999999996618
68,720000000,68.72,terrain_world,differential_drive_robot,1.9999964258314777,11.399999970065483,-4.433823484413823e-07,-4.10467159318339e-10,8.20860756972274e-07,-4.9890855494431644e-08,0.9999999999996618
68,740000000,68.74,terrain_world,differential_drive_robot,1.9999964258314777,11.399999970065483,-4.433823484413823e-07,-4.10467159318339e-10,8.20860756972274e-07,-4.9890855494431644e-08,0.9999999999996618
68,760000000,68.76,terrain_world,differential_drive_robot,1.9999964258314777,11.399999970065483,-4.433823484413823e-07,-4.10467159318339e-10,8.20860756972274e-07,-4.9890855494431644e-08,0.9999999999996618
68,780000000,68.78,terrain_world,differential_drive_robot,1.9999964258314777,11.399999970065483,-4.433823484413823e-07,-4.10467159318339e-10,8.20860756972274e-07,-4.9890855494431644e-08,0.9999999999996618
68,800000000,68.8,terrain_world,differential_drive_robot,1.9999964258314777,11.399999970065483,-4.433823484413823e-07,-4.10467159318339e-10,8.20860756972274e-07,-4.9890855494431644e-08,0.9999999999996618
68,820000000,68.82,terrain_world,differential_drive_robot,1.9999964258314777,11.399999970065483,-4.433823484413823e-07,-4.10467159318339e-10,8.20860756972274e-07,-4.9890855494431644e-08,0.9999999999996618
68,840000000,68.84,terrain_world,differential_drive_robot,1.9999964258314777,11.399999970065483,-4.433823484413823e-07,-4.10467159318339e-10,8.20860756972274e-07,-4.9890855494431644e-08,0.9999999999996618
68,860000000,68.86,terrain_world,differential_drive_robot,1.9999964258314777,11.399999970065483,-4.433823484413823e-07,-4.10467159318339e-10,8.20860756972274e-07,-4.9890855494431644e-08,0.9999999999996618
68,880000000,68.88,terrain_world,differential_drive_robot,1.9999964258314777,11.399999970065483,-4.433823484413823e-07,-4.10467159318339e-10,8.20860756972274e-07,-4.9890855494431644e-08,0.9999999999996618
68,900000000,68.9,terrain_world,differential_drive_robot,1.9999964258314777,11.399999970065483,-4.433823484413823e-07,-4.10467159318339e-10,8.20860756972274e-07,-4.9890855494431644e-08,0.9999999999996618
68,920000000,68.92,terrain_world,differential_drive_robot,1.9999964258314777,11.399999970065483,-4.433823484413823e-07,-4.10467159318339e-10,8.20860756972274e-07,-4.9890855494431644e-08,0.9999999999996618
68,940000000,68.94,terrain_world,differential_drive_robot,1.9999964258314777,11.399999970065483,-4.433823484413823e-07,-4.10467159318339e-10,8.20860756972274e-07,-4.9890855494431644e-08,0.9999999999996618
68,960000000,68.96,terrain_world,differential_drive_robot,1.9999964258314777,11.399999970065483,-4.433823484413823e-07,-4.10467159318339e-10,8.20860756972274e-07,-4.9890855494431644e-08,0.9999999999996618
68,980000000,68.98,terrain_world,differential_drive_robot,1.9999964258314777,11.399999970065483,-4.433823484413823e-07,-4.10467159318339e-10,8.20860756972274e-07,-4.9890855494431644e-08,0.9999999999996618
69,0,69.0,terrain_world,differential_drive_robot,1.9999964258314777,11.399999970065483,-4.433823484413823e-07,-4.10467159318339e-10,8.20860756972274e-07,-4.9890855494431644e-08,0.9999999999996618
69,20000000,69.02,terrain_world,differential_drive_robot,1.9999964258314777,11.399999970065483,-4.433823484413823e-07,-4.10467159318339e-10,8.20860756972274e-07,-4.9890855494431644e-08,0.9999999999996618
69,40000000,69.04,terrain_world,differential_drive_robot,1.9999964258314777,11.399999970065483,-4.433823484413823e-07,-4.10467159318339e-10,8.20860756972274e-07,-4.9890855494431644e-08,0.9999999999996618
69,60000000,69.06,terrain_world,differential_drive_robot,1.9999964258314777,11.399999970065483,-4.433823484413823e-07,-4.10467159318339e-10,8.20860756972274e-07,-4.9890855494431644e-08,0.9999999999996618
69,80000000,69.08,terrain_world,differential_drive_robot,1.9999964258314777,11.399999970065483,-4.433823484413823e-07,-4.10467159318339e-10,8.20860756972274e-07,-4.9890855494431644e-08,0.9999999999996618
69,100000000,69.1,terrain_world,differential_drive_robot,1.9999964258314777,11.399999970065483,-4.433823484413823e-07,-4.10467159318339e-10,8.20860756972274e-07,-4.9890855494431644e-08,0.9999999999996618
69,120000000,69.12,terrain_world,differential_drive_robot,1.9999964258314777,11.399999970065483,-4.433823484413823e-07,-4.10467159318339e-10,8.20860756972274e-07,-4.9890855494431644e-08,0.9999999999996618
69,140000000,69.14,terrain_world,differential_drive_robot,1.9999964258314777,11.399999970065483,-4.433823484413823e-07,-4.10467159318339e-10,8.20860756972274e-07,-4.9890855494431644e-08,0.9999999999996618
69,160000000,69.16,terrain_world,differential_drive_robot,1.9999964258314777,11.399999970065483,-4.433823484413823e-07,-4.10467159318339e-10,8.20860756972274e-07,-4.9890855494431644e-08,0.9999999999996618
69,180000000,69.18,terrain_world,differential_drive_robot,1.9999964258314777,11.399999970065483,-4.433823484413823e-07,-4.10467159318339e-10,8.20860756972274e-07,-4.9890855494431644e-08,0.9999999999996618
69,200000000,69.2,terrain_world,differential_drive_robot,1.9999964258314777,11.399999970065483,-4.433823484413823e-07,-4.10467159318339e-10,8.20860756972274e-07,-4.9890855494431644e-08,0.9999999999996618
69,220000000,69.22,terrain_world,differential_drive_robot,1.9999964258314777,11.399999970065483,-4.433823484413823e-07,-4.10467159318339e-10,8.20860756972274e-07,-4.9890855494431644e-08,0.9999999999996618
69,240000000,69.24,terrain_world,differential_drive_robot,1.9999964258314777,11.399999970065483,-4.433823484413823e-07,-4.10467159318339e-10,8.20860756972274e-07,-4.9890855494431644e-08,0.9999999999996618
69,260000000,69.26,terrain_world,differential_drive_robot,1.9999964258314777,11.399999970065483,-4.433823484413823e-07,-4.10467159318339e-10,8.20860756972274e-07,-4.9890855494431644e-08,0.9999999999996618
69,280000000,69.28,terrain_world,differential_drive_robot,1.9999964258314777,11.399999970065483,-4.433823484413823e-07,-4.10467159318339e-10,8.20860756972274e-07,-4.9890855494431644e-08,0.9999999999996618
69,300000000,69.3,terrain_world,differential_drive_robot,1.9999964258314777,11.399999970065483,-4.433823484413823e-07,-4.10467159318339e-10,8.20860756972274e-07,-4.9890855494431644e-08,0.9999999999996618
69,320000000,69.32,terrain_world,differential_drive_robot,1.9999964258314777,11.399999970065483,-4.433823484413823e-07,-4.10467159318339e-10,8.20860756972274e-07,-4.9890855494431644e-08,0.9999999999996618
69,340000000,69.34,terrain_world,differential_drive_robot,1.9999964258314777,11.399999970065483,-4.433823484413823e-07,-4.10467159318339e-10,8.20860756972274e-07,-4.9890855494431644e-08,0.9999999999996618
69,360000000,69.36,terrain_world,differential_drive_robot,1.9999964258314777,11.399999970065483,-4.433823484413823e-07,-4.10467159318339e-10,8.20860756972274e-07,-4.9890855494431644e-08,0.9999999999996618
69,380000000,69.38,terrain_world,differential_drive_robot,1.9999964258314777,11.399999970065483,-4.433823484413823e-07,-4.10467159318339e-10,8.20860756972274e-07,-4.9890855494431644e-08,0.9999999999996618
69,400000000,69.4,terrain_world,differential_drive_robot,1.9999964258314777,11.399999970065483,-4.433823484413823e-07,-4.10467159318339e-10,8.20860756972274e-07,-4.9890855494431644e-08,0.9999999999996618
69,420000000,69.42,terrain_world,differential_drive_robot,1.9999964258314777,11.399999970065483,-4.433823484413823e-07,-4.10467159318339e-10,8.20860756972274e-07,-4.9890855494431644e-08,0.9999999999996618
69,440000000,69.44,terrain_world,differential_drive_robot,1.9999964258314777,11.399999970065483,-4.433823484413823e-07,-4.10467159318339e-10,8.20860756972274e-07,-4.9890855494431644e-08,0.9999999999996618
69,460000000,69.46,terrain_world,differential_drive_robot,1.9999964258314777,11.399999970065483,-4.433823484413823e-07,-4.10467159318339e-10,8.20860756972274e-07,-4.9890855494431644e-08,0.9999999999996618
69,480000000,69.48,terrain_world,differential_drive_robot,1.9999964258314777,11.399999970065483,-4.433823484413823e-07,-4.10467159318339e-10,8.20860756972274e-07,-4.9890855494431644e-08,0.9999999999996618
69,500000000,69.5,terrain_world,differential_drive_robot,1.9999964258314777,11.399999970065483,-4.433823484413823e-07,-4.10467159318339e-10,8.20860756972274e-07,-4.9890855494431644e-08,0.9999999999996618
69,520000000,69.52,terrain_world,differential_drive_robot,1.9999964258314777,11.399999970065483,-4.433823484413823e-07,-4.10467159318339e-10,8.20860756972274e-07,-4.9890855494431644e-08,0.9999999999996618
69,540000000,69.54,terrain_world,differential_drive_robot,1.9999964258314777,11.399999970065483,-4.433823484413823e-07,-4.10467159318339e-10,8.20860756972274e-07,-4.9890855494431644e-08,0.9999999999996618
69,560000000,69.56,terrain_world,differential_drive_robot,1.9999964258314777,11.399999970065483,-4.433823484413823e-07,-4.10467159318339e-10,8.20860756972274e-07,-4.9890855494431644e-08,0.9999999999996618
69,580000000,69.58,terrain_world,differential_drive_robot,1.9999964258314777,11.399999970065483,-4.433823484413823e-07,-4.10467159318339e-10,8.20860756972274e-07,-4.9890855494431644e-08,0.9999999999996618
69,600000000,69.6,terrain_world,differential_drive_robot,1.9999964258314777,11.399999970065483,-4.433823484413823e-07,-4.10467159318339e-10,8.20860756972274e-07,-4.9890855494431644e-08,0.9999999999996618
69,620000000,69.62,terrain_world,differential_drive_robot,1.9999964258314777,11.399999970065483,-4.433823484413823e-07,-4.10467159318339e-10,8.20860756972274e-07,-4.9890855494431644e-08,0.9999999999996618
69,640000000,69.64,terrain_world,differential_drive_robot,1.9999964258314777,11.399999970065483,-4.433823484413823e-07,-4.10467159318339e-10,8.20860756972274e-07,-4.9890855494431644e-08,0.9999999999996618
69,660000000,69.66,terrain_world,differential_drive_robot,1.9999964258314777,11.399999970065483,-4.433823484413823e-07,-4.10467159318339e-10,8.20860756972274e-07,-4.9890855494431644e-08,0.9999999999996618
69,680000000,69.68,terrain_world,differential_drive_robot,1.9999964258314777,11.399999970065483,-4.433823484413823e-07,-4.10467159318339e-10,8.20860756972274e-07,-4.9890855494431644e-08,0.9999999999996618
69,700000000,69.7,terrain_world,differential_drive_robot,1.9999964258314777,11.399999970065483,-4.433823484413823e-07,-4.10467159318339e-10,8.20860756972274e-07,-4.9890855494431644e-08,0.9999999999996618
69,720000000,69.72,terrain_world,differential_drive_robot,1.9999964258314777,11.399999970065483,-4.433823484413823e-07,-4.10467159318339e-10,8.20860756972274e-07,-4.9890855494431644e-08,0.9999999999996618
69,740000000,69.74,terrain_world,differential_drive_robot,1.9999964258314777,11.399999970065483,-4.433823484413823e-07,-4.10467159318339e-10,8.20860756972274e-07,-4.9890855494431644e-08,0.9999999999996618
69,760000000,69.76,terrain_world,differential_drive_robot,1.9999964258314777,11.399999970065483,-4.433823484413823e-07,-4.10467159318339e-10,8.20860756972274e-07,-4.9890855494431644e-08,0.9999999999996618
69,780000000,69.78,terrain_world,differential_drive_robot,1.9999964258314777,11.399999970065483,-4.433823484413823e-07,-4.10467159318339e-10,8.20860756972274e-07,-4.9890855494431644e-08,0.9999999999996618
69,800000000,69.8,terrain_world,differential_drive_robot,1.9999964258314777,11.399999970065483,-4.433823484413823e-07,-4.10467159318339e-10,8.20860756972274e-07,-4.9890855494431644e-08,0.9999999999996618
69,820000000,69.82,terrain_world,differential_drive_robot,1.9999964258314777,11.399999970065483,-4.433823484413823e-07,-4.10467159318339e-10,8.20860756972274e-07,-4.9890855494431644e-08,0.9999999999996618
69,840000000,69.84,terrain_world,differential_drive_robot,1.9999964258314777,11.399999970065483,-4.433823484413823e-07,-4.10467159318339e-10,8.20860756972274e-07,-4.9890855494431644e-08,0.9999999999996618
69,860000000,69.86,terrain_world,differential_drive_robot,1.9999964258314777,11.399999970065483,-4.433823484413823e-07,-4.10467159318339e-10,8.20860756972274e-07,-4.9890855494431644e-08,0.9999999999996618
69,880000000,69.88,terrain_world,differential_drive_robot,1.9999964258314777,11.399999970065483,-4.433823484413823e-07,-4.10467159318339e-10,8.20860756972274e-07,-4.9890855494431644e-08,0.9999999999996618
69,900000000,69.9,terrain_world,differential_drive_robot,1.9999964258314777,11.399999970065483,-4.433823484413823e-07,-4.10467159318339e-10,8.20860756972274e-07,-4.9890855494431644e-08,0.9999999999996618
69,920000000,69.92,terrain_world,differential_drive_robot,1.9999964258314777,11.399999970065483,-4.433823484413823e-07,-4.10467159318339e-10,8.20860756972274e-07,-4.9890855494431644e-08,0.9999999999996618
69,940000000,69.94,terrain_world,differential_drive_robot,1.9999964258314777,11.399999970065483,-4.433823484413823e-07,-4.10467159318339e-10,8.20860756972274e-07,-4.9890855494431644e-08,0.9999999999996618
69,960000000,69.96,terrain_world,differential_drive_robot,1.9999964258314777,11.399999970065483,-4.433823484413823e-07,-4.10467159318339e-10,8.20860756972274e-07,-4.9890855494431644e-08,0.9999999999996618
69,980000000,69.98,terrain_world,differential_drive_robot,1.9999964258314777,11.399999970065483,-4.433823484413823e-07,-4.10467159318339e-10,8.20860756972274e-07,-4.9890855494431644e-08,0.9999999999996618
70,0,70.0,terrain_world,differential_drive_robot,1.9999964258314777,11.399999970065483,-4.433823484413823e-07,-4.10467159318339e-10,8.20860756972274e-07,-4.9890855494431644e-08,0.9999999999996618
70,20000000,70.02,terrain_world,differential_drive_robot,1.9999964258314777,11.399999970065483,-4.433823484413823e-07,-4.10467159318339e-10,8.20860756972274e-07,-4.9890855494431644e-08,0.9999999999996618
70,40000000,70.04,terrain_world,differential_drive_robot,1.9999964258314777,11.399999970065483,-4.433823484413823e-07,-4.10467159318339e-10,8.20860756972274e-07,-4.9890855494431644e-08,0.9999999999996618
70,60000000,70.06,terrain_world,differential_drive_robot,1.9999964258314777,11.399999970065483,-4.433823484413823e-07,-4.10467159318339e-10,8.20860756972274e-07,-4.9890855494431644e-08,0.9999999999996618
70,80000000,70.08,terrain_world,differential_drive_robot,1.9999964258314777,11.399999970065483,-4.433823484413823e-07,-4.10467159318339e-10,8.20860756972274e-07,-4.9890855494431644e-08,0.9999999999996618
70,100000000,70.1,terrain_world,differential_drive_robot,1.9999964258314777,11.399999970065483,-4.433823484413823e-07,-4.10467159318339e-10,8.20860756972274e-07,-4.9890855494431644e-08,0.9999999999996618
70,120000000,70.12,terrain_world,differential_drive_robot,1.9999964258314777,11.399999970065483,-4.433823484413823e-07,-4.10467159318339e-10,8.20860756972274e-07,-4.9890855494431644e-08,0.9999999999996618
70,140000000,70.14,terrain_world,differential_drive_robot,1.9999964258314777,11.399999970065483,-4.433823484413823e-07,-4.10467159318339e-10,8.20860756972274e-07,-4.9890855494431644e-08,0.9999999999996618
70,160000000,70.16,terrain_world,differential_drive_robot,1.9999964258314777,11.399999970065483,-4.433823484413823e-07,-4.10467159318339e-10,8.20860756972274e-07,-4.9890855494431644e-08,0.9999999999996618
70,180000000,70.18,terrain_world,differential_drive_robot,1.9999964258314777,11.399999970065483,-4.433823484413823e-07,-4.10467159318339e-10,8.20860756972274e-07,-4.9890855494431644e-08,0.9999999999996618
70,200000000,70.2,terrain_world,differential_drive_robot,1.9999964258314777,11.399999970065483,-4.433823484413823e-07,-4.10467159318339e-10,8.20860756972274e-07,-4.9890855494431644e-08,0.9999999999996618
70,220000000,70.22,terrain_world,differential_drive_robot,1.9999964258314777,11.399999970065483,-4.433823484413823e-07,-4.10467159318339e-10,8.20860756972274e-07,-4.9890855494431644e-08,0.9999999999996618
70,240000000,70.24,terrain_world,differential_drive_robot,1.9999964258314777,11.399999970065483,-4.433823484413823e-07,-4.10467159318339e-10,8.20860756972274e-07,-4.9890855494431644e-08,0.9999999999996618
70,260000000,70.26,terrain_world,differential_drive_robot,1.9999964258314777,11.399999970065483,-4.433823484413823e-07,-4.10467159318339e-10,8.20860756972274e-07,-4.9890855494431644e-08,0.9999999999996618
70,280000000,70.28,terrain_world,differential_drive_robot,1.9999964258314777,11.399999970065483,-4.433823484413823e-07,-4.10467159318339e-10,8.20860756972274e-07,-4.9890855494431644e-08,0.9999999999996618
70,300000000,70.3,terrain_world,differential_drive_robot,1.9999964258314777,11.399999970065483,-4.433823484413823e-07,-4.10467159318339e-10,8.20860756972274e-07,-4.9890855494431644e-08,0.9999999999996618
70,320000000,70.32,terrain_world,differential_drive_robot,1.9999964258314777,11.399999970065483,-4.433823484413823e-07,-4.10467159318339e-10,8.20860756972274e-07,-4.9890855494431644e-08,0.9999999999996618
70,340000000,70.34,terrain_world,differential_drive_robot,2.0001097789135374,11.399999970046135,2.333616291527521e-08,-4.679471604110138e-10,5.291418940998514e-08,-4.9888289250286615e-08,0.9999999999999973
70,360000000,70.36,terrain_world,differential_drive_robot,2.001891040408432,11.39999996975211,2.351064261175562e-08,-4.879033654200287e-10,5.172974657736951e-08,-4.9829860292683955e-08,0.9999999999999974
70,380000000,70.38,terrain_world,differential_drive_robot,2.005815217943519,11.399999969169736,2.3576903719723858e-08,-5.046326824183233e-10,5.071491127842983e-08,-4.982772985727023e-08,0.9999999999999974
70,400000000,70.4,terrain_world,differential_drive_robot,2.01151877071349,11.399999968492118,2.346844988419108e-08,-5.066180299237925e-10,5.04573565395296e-08,-4.9974489775856254e-08,0.9999999999999974
70,420000000,70.42,terrain_world,differential_drive_robot,2.0174236733055255,11.399999967901941,2.324368239862081e-08,-4.984140161214584e-10,5.066196087979626e-08,-4.997448942882846e-08,0.9999999999999974
70,440000000,70.44,terrain_world,differential_drive_robot,2.0233285758831987,11.399999967311764,2.2980139442281585e-08,-4.917040637467893e-10,5.069646808209951e-08,-4.997448906106699e-08,0.9999999999999974
70,460000000,70.46,terrain_world,differential_drive_robot,2.0292334784425132,11.399999966721587,2.2675938253602264e-08,-4.862161080970685e-10,5.057694581019348e-08,-4.997448866899634e-08,0.9999999999999974
70,480000000,70.48,terrain_world,differential_drive_robot,2.0351383809582035,11.399999966129391,2.2330593819375627e-08,-4.815886889153319e-10,5.0318294169384966e-08,-4.9977843867780284e-08,0.9999999999999974
70,500000000,70.5,terrain_world,differential_drive_robot,2.041043283279272,11.399999965530057,2.1949889178217e-08,-4.770437073956907e-10,4.994299950897054e-08,-4.9992810620373226e-08,0.9999999999999974
70,520000000,70.52,terrain_world,differential_drive_robot,2.0469481855345038,11.3999999649429,2.1533116009748928e-08,-4.725048757694078e-10,4.9460389664540065e-08,-4.99874517992097e-08,0.9999999999999976
70,540000000,70.54,terrain_world,differential_drive_robot,2.052853087757913,11.399999964355764,2.107846963193749e-08,-4.679686650606035e-10,4.8876051886931045e-08,-4.998216024762987e-08,0.9999999999999976
70,560000000,70.56,terrain_world,differential_drive_robot,2.0587579899456703,11.399999963768643,2.0584694237346163e-08,-4.634299413402791e-10,4.8194923036926654e-08,-4.9976943565314755e-08,0.9999999999999976
70,580000000,70.58,terrain_world,differential_drive_robot,2.0646628920940135,11.399999963181521,2.005099678854981e-08,-4.588820165142075e-10,4.7421431164822414e-08,-4.9971809419605955e-08,0.9999999999999976
70,600000000,70.6,terrain_world,differential_drive_robot,2.070567794199248,11.39999996259443,1.947697663418716e-08,-4.54316647895318e-10,4.6559611306253106e-08,-4.996676563450274e-08,0.9999999999999977
70,620000000,70.62,terrain_world,differential_drive_robot,2.0764726962577607,11.399999962007337,1.8862568005603e-08,-4.4972399605428655e-10,4.561320027805559e-08,-4.996182029447196e-08,0.9999999999999977
70,640000000,70.64,terrain_world,differential_drive_robot,2.082377598266015,11.399999961420216,1.8207993130309065e-08,-4.4509256339315385e-10,4.458571449880874e-08,-4.995698183674672e-08,0.9999999999999978
70,660000000,70.66,terrain_world,differential_drive_robot,2.0882825002205654,11.399999960833094,1.7513724100328953e-08,-4.404090371282973e-10,4.348051393798487e-08,-4.995225916891758e-08,0.9999999999999978
70,680000000,70.68,terrain_world,differential_drive_robot,2.0941874021180578,11.399999960245951,1.678045202857233e-08,-4.356581386817122e-10,4.230085505702413e-08,-4.994766178242689e-08,0.9999999999999979
70,700000000,70.7,terrain_world,differential_drive_robot,2.1000923039552393,11.399999959658782,1.600906229551978e-08,-4.3082233696440204e-10,4.104993486327219e-08,-4.994319988784074e-08,0.9999999999999979
70,720000000,70.72,terrain_world,differential_drive_robot,2.1059972057289618,11.399999959071575,1.520061501964821e-08,-4.258815290662525e-10,3.973092814842854e-08,-4.993888457109607e-08,0.999999999999998
70,740000000,70.74,terrain_world,differential_drive_robot,2.111902107436187,11.399999958484326,1.4356330028653243e-08,-4.2081259191903144e-10,3.834701949773781e-08,-4.993472796138981e-08,0.999999999999998
70,760000000,70.76,terrain_world,differential_drive_robot,2.117807009073992,11.39999995789702,1.3477575896652437e-08,-4.155887919554987e-10,3.690143172285725e-08,-4.993074344864281e-08,0.999999999999998
70,780000000,70.78,terrain_world,differential_drive_robot,2.123711910639578,11.399999957309648,1.2565862774753267e-08,-4.1017903988960865e-10,3.539745210652628e-08,-4.992694592992432e-08,0.9999999999999981
70,800000000,70.8,terrain_world,differential_drive_robot,2.129616812130272,11.3999999567222,1.1622839043203485e-08,-4.045468855304779e-10,3.383845801721922e-08,-4.9923352107896145e-08,0.9999999999999981
70,820000000,70.82,terrain_world,differential_drive_robot,2.1355217135435383,11.399999956134655,1.06502919773393e-08,-3.986492209535296e-10,3.222794359760239e-08,-4.9919980863054436e-08,0.9999999999999982
70,840000000,70.84,terrain_world,differential_drive_robot,2.1414266148769787,11.399999955547006,9.650153044267692e-09,-3.924345178813286e-10,3.056954946181925e-08,-4.991685371143442e-08,0.9999999999999982
70,860000000,70.86,terrain_world,differential_drive_robot,2.147331516128343,11.39999995495923,8.624508887128246e-09,-3.8584047647645533e-10,2.8867098090775215e-08,-4.9913995401277294e-08,0.9999999999999983
70,880000000,70.88,terrain_world,differential_drive_robot,2.153236417295535,11.399999954371305,7.575619713860742e-09,-3.7879074643774367e-10,2.7124638482642603e-08,-4.9911434647324345e-08,0.9999999999999983
70,900000000,70.9,terrain_world,differential_drive_robot,2.159141318376623,11.399999953783212,6.5059479902618264e-09,-3.7119040776393973e-10,2.534650536662761e-08,-4.990920512920405e-08,0.9999999999999984
70,920000000,70.92,terrain_world,differential_drive_robot,2.165046219369846,11.39999995319492,5.418201905631794e-09,-3.6291941513946757e-10,2.3537401024877235e-08,-4.9907346786669544e-08,0.9999999999999984
70,940000000,70.94,terrain_world,differential_drive_robot,2.1709511202736285,11.399999952606393,4.315401238710515e-09,-3.5382303944562885e-10,2.1702512710325994e-08,-4.990590761198643e-08,0.9999999999999986
70,960000000,70.96,terrain_world,differential_drive_robot,2.176856021086594,11.399999952017598,3.200978382723769e-09,-3.4369733132006446e-10,1.9847687263759138e-08,-4.990494612849628e-08,0.9999999999999986
70,980000000,70.98,terrain_world,differential_drive_robot,2.1827609218075863,11.399999951428484,2.0789372104060225e-09,-3.322663341594751e-10,1.7979701016135498e-08,-4.990453495321223e-08,0.9999999999999986
71,0,71.0,terrain_world,differential_drive_robot,2.1886658224356963,11.39999995083898,9.541118461912091e-10,-3.191446766385038e-10,1.6106695254981136e-08,-4.9904766098291874e-08,0.9999999999999986
71,20000000,71.02,terrain_world,differential_drive_robot,2.1945707229703046,11.399999950249015,-1.6739114226852323e-10,-3.0377286113457856e-10,1.4238916641283561e-08,-4.990575914955816e-08,0.9999999999999987
71,40000000,71.04,terrain_world,differential_drive_robot,2.200475623411144,11.399999949658477,-1.2773883602820432e-09,-2.8529744918689314e-10,1.2390060624208972e-08,-4.990767461139257e-08,0.9999999999999987
71,60000000,71.06,terrain_world,differential_drive_robot,2.2063805237584107,11.399999949067224,-2.364028045858674e-09,-2.623288268204698e-10,1.057992632675346e-08,-4.99107371283454e-08,0.9999999999999987
71,80000000,71.08,terrain_world,differential_drive_robot,2.21228542401297,11.39999994847504,-3.408250213223635e-09,-2.3238904991497803e-10,8.840318147792233e-09,-4.991527970044009e-08,0.9999999999999987
71,100000000,71.1,terrain_world,differential_drive_robot,2.2181903241767933,11.399999947881577,-4.374409792321084e-09,-1.9041115355041837e-10,7.230675384973995e-09,-4.9921839331123616e-08,0.9999999999999987
71,120000000,71.12,terrain_world,differential_drive_robot,2.2240952242232868,11.399999947293727,-5.158649802511683e-09,-1.1090557255869552e-10,5.924118097212454e-09,-4.991894998862939e-08,0.9999999999999987
71,140000000,71.14,terrain_world,differential_drive_robot,2.230000124158284,11.399999946705291,-5.198243793931862e-09,8.372699484813328e-12,5.858543975301358e-09,-4.9917155466238184e-08,0.9999999999999987
71,160000000,71.16,terrain_world,differential_drive_robot,2.23590502417421,11.39999994611579,-4.8242008489438056e-09,9.089935014003384e-11,6.4822894361911504e-09,-4.991715586939305e-08,0.9999999999999987
71,180000000,71.18,terrain_world,differential_drive_robot,2.2418099242928937,11.399999945526288,-4.281856611610123e-09,1.5839843788252968e-10,7.386475066324088e-09,-4.991715632592263e-08,0.9999999999999987
71,200000000,71.2,terrain_world,differential_drive_robot,2.2477148245141514,11.399999944936786,-3.604130499461277e-09,2.136063716068706e-10,8.516246453435526e-09,-4.9917156825619716e-08,0.9999999999999987
71,220000000,71.22,terrain_world,differential_drive_robot,2.253619724837639,11.399999944347284,-2.818310327035767e-09,2.5876127056895604e-10,9.826133135599227e-09,-4.991715736059866e-08,0.9999999999999987
71,240000000,71.24,terrain_world,differential_drive_robot,2.2595246252628542,11.399999943757782,-1.9470736951607576e-09,2.9569373769491347e-10,1.1278346661084184e-08,-4.9917157923354285e-08,0.9999999999999987
71,260000000,71.26,terrain_world,differential_drive_robot,2.2654295257891377,11.39999994316828,-1.009322832296697e-09,3.259010004637735e-10,1.2841389482206533e-08,-4.991715850672873e-08,0.9999999999999987
71,280000000,71.28,terrain_world,differential_drive_robot,2.2713344264156743,11.399999942578779,-2.0866895545141607e-11,3.5060766779266327e-10,1.448891806337733e-08,-4.991715910725393e-08,0.9999999999999987
71,300000000,71.3,terrain_world,differential_drive_robot,2.277239327141491,11.399999941989277,1.005020551839922e-09,3.708153603444876e-10,1.6198813926728628e-08,-4.9917159720799035e-08,0.9999999999999986
71,320000000,71.32,terrain_world,differential_drive_robot,2.2831442279654635,11.399999941399775,2.0571460820927123e-09,3.8734329249818797e-10,1.795242473602011e-08,-4.991716034043815e-08,0.9999999999999986
71,340000000,71.34,terrain_world,differential_drive_robot,2.2890491288863153,11.399999940810273,3.1260244042010904e-09,4.0086153053036e-10,1.9733944437628683e-08,-4.991716096704235e-08,0.9999999999999986
71,360000000,71.36,terrain_world,differential_drive_robot,2.2949540299026174,11.399999940220772,4.20357461365518e-09,4.1191810725022595e-10,2.1529907124514354e-08,-4.991716159538171e-08,0.9999999999999986
71,380000000,71.38,terrain_world,differential_drive_robot,2.300858931012796,11.39999993963127,5.282872272107438e-09,4.209612707394244e-10,2.3328773913525583e-08,-4.991716222537663e-08,0.9999999999999984
71,400000000,71.4,terrain_world,differential_drive_robot,2.3067638322151294,11.399999939041768,6.357947094932931e-09,4.283576464986192e-10,2.5120595842134136e-08,-4.9917162849448727e-08,0.9999999999999984
71,420000000,71.42,terrain_world,differential_drive_robot,2.3126687335077536,11.399999938452266,7.423617967944414e-09,4.34407092921188e-10,2.6896738959007042e-08,-4.991716347003877e-08,0.9999999999999983
71,440000000,71.44,terrain_world,differential_drive_robot,2.318573634888666,11.399999937862765,8.475358456105115e-09,4.393548690803022e-10,2.8649660221004074e-08,-4.9917164086697835e-08,0.9999999999999983
71,460000000,71.46,terrain_world,differential_drive_robot,2.3244785363557257,11.399999937273263,9.509187271153493e-09,4.4340158091397135e-10,3.037272497057111e-08,-4.991716469451806e-08,0.9999999999999982
71,480000000,71.48,terrain_world,differential_drive_robot,2.330383437906658,11.399999936683761,1.052157909681483e-08,4.4671129831352447e-10,3.2060058360235386e-08,-4.991716529087758e-08,0.9999999999999982
71,500000000,71.5,terrain_world,differential_drive_robot,2.3362883395390606,11.39999993609426,1.1509392077355628e-08,4.4941822711295113e-10,3.370642452225986e-08,-4.99171658787485e-08,0.9999999999999982
71,520000000,71.52,terrain_world,differential_drive_robot,2.3421932412504023,11.399999935504757,1.2469808906696873e-08,4.5163212335089104e-10,3.530712839392774e-08,-4.9917166455602144e-08,0.9999999999999981
71,540000000,71.54,terrain_world,differential_drive_robot,2.3480981430380323,11.399999934915256,1.3400289030870596e-08,4.5344274674376344e-10,3.6857936092054056e-08,-4.9917167018086847e-08,0.9999999999999981
71,560000000,71.56,terrain_world,differential_drive_robot,2.354003044899178,11.399999934325754,1.42985299191081e-08,4.5492355057428856e-10,3.83550103705021e-08,-4.991716756577384e-08,0.999999999999998
71,580000000,71.58,terrain_world,differential_drive_robot,2.359907946830958,11.399999933736252,1.5162435737768407e-08,4.561345704732228e-10,3.979485842274524e-08,-4.991716809787541e-08,0.9999999999999979
71,600000000,71.6,terrain_world,differential_drive_robot,2.365812848830375,11.39999993314675,1.59900920566259e-08,4.5712494162568386e-10,4.1174289732147604e-08,-4.9917168611606397e-08,0.9999999999999979
71,620000000,71.62,terrain_world,differential_drive_robot,2.3717177508943323,11.399999932557249,1.6779745472258343e-08,4.579348280292491e-10,4.2490382124112013e-08,-4.9917169110626533e-08,0.9999999999999978
71,640000000,71.64,terrain_world,differential_drive_robot,2.3776226530196314,11.399999931967747,1.7529787218678003e-08,4.585970936551959e-10,4.374045446236331e-08,-4.991716959048782e-08,0.9999999999999978
71,660000000,71.66,terrain_world,differential_drive_robot,2.3835275552029778,11.399999931378245,1.8238740061968823e-08,4.591386183134744e-10,4.49220447946314e-08,-4.991717005233277e-08,0.9999999999999978
71,680000000,71.68,terrain_world,differential_drive_robot,2.3894324574409875,11.399999930788743,1.890524780058893e-08,4.595813791622968e-10,4.603289288549985e-08,-4.991717049482724e-08,0.9999999999999977
71,700000000,71.7,terrain_world,differential_drive_robot,2.3953373597301937,11.399999930199241,1.9528066929474898e-08,4.5994336514447254e-10,4.707092629738239e-08,-4.9917170916089086e-08,0.9999999999999977
71,720000000,71.72,terrain_world,differential_drive_robot,2.4012422620670484,11.39999992960974,2.0106060020317717e-08,4.602392838037672e-10,4.803424937243942e-08,-4.991717131486698e-08,0.9999999999999976
71,740000000,71.74,terrain_world,differential_drive_robot,2.407147164447929,11.399999929020238,2.0638190487657504e-08,4.6048115595081787e-10,4.8921134525210907e-08,-4.991717169279575e-08,0.9999999999999976
71,760000000,71.76,terrain_world,differential_drive_robot,2.413052066869147,11.399999928430736,2.112351849046493e-08,4.6067882504367187e-10,4.9730015396927736e-08,-4.991717204675951e-08,0.9999999999999974
71,780000000,71.78,terrain_world,differential_drive_robot,2.418956969326949,11.399999927841234,2.156119770337512e-08,4.608403443860378e-10,5.045948146790641e-08,-4.9917172379677626e-08,0.9999999999999974
71,800000000,71.8,terrain_world,differential_drive_robot,2.4248618718175274,11.399999927251733,2.19504728092927e-08,4.6097230046989574e-10,5.110827390917074e-08,-4.991717268689143e-08,0.9999999999999974
71,820000000,71.82,terrain_world,differential_drive_robot,2.4307667743370196,11.39999992666223,2.229067753361608e-08,4.6108005768736806e-10,5.1675282287277406e-08,-4.99171729696136e-08,0.9999999999999974
71,840000000,71.84,terrain_world,differential_drive_robot,2.436671676881524,11.399999926072729,2.2581233133047294e-08,4.6116801769068517e-10,5.215954205071055e-08,-4.991717323012461e-08,0.9999999999999973
71,860000000,71.86,terrain_world,differential_drive_robot,2.4425765794470973,11.399999925483227,2.282164719229109e-08,4.6123980715726017e-10,5.256023251865092e-08,-4.991717346398115e-08,0.9999999999999973
71,880000000,71.88,terrain_world,differential_drive_robot,2.4484814820297616,11.399999924893725,2.301151266942083e-08,4.612983651325167e-10,5.287667529722184e-08,-4.991717367171934e-08,0.9999999999999973
71,900000000,71.9,terrain_world,differential_drive_robot,2.4543863846255167,11.399999924304224,2.31505071372443e-08,4.613460908432712e-10,5.310833301807788e-08,-4.991717385472046e-08,0.9999999999999973
71,920000000,71.92,terrain_world,differential_drive_robot,2.460291287230338,11.399999923714722,2.323839213630547e-08,4.6138496080033553e-10,5.3254808258066396e-08,-4.991717401097704e-08,0.9999999999999973
71,940000000,71.94,terrain_world,differential_drive_robot,2.4661961898401907,11.39999992312522,2.3275012589633527e-08,4.6141658846155144e-10,5.331584256664244e-08,-4.9917174141387393e-08,0.9999999999999973
71,960000000,71.96,terrain_world,differential_drive_robot,2.472101092407139,11.399999922540987,2.326211678450575e-08,4.6132459249491455e-10,5.3294349818882697e-08,-4.990843163661814e-08,0.9999999999999973
71,980000000,71.98,terrain_world,differential_drive_robot,2.4780059948663524,11.399999921968456,2.32017751312758e-08,4.608746857434321e-10,5.319378063705242e-08,-4.988052909786983e-08,0.9999999999999973
72,0,72.0,terrain_world,differential_drive_robot,2.4839108972544293,11.399999921381141,2.309372418937962e-08,4.600952559726365e-10,5.301369589310859e-08,-4.987767070776912e-08,0.9999999999999973
72,20000000,72.02,terrain_world,differential_drive_robot,2.4898157996266272,11.399999920788773,2.293781311641609e-08,4.59014673930655e-10,5.2753844246648874e-08,-4.9883162171191774e-08,0.9999999999999973
72,40000000,72.04,terrain_world,differential_drive_robot,2.495720701984221,11.39999992019635,2.273400840853175e-08,4.576581328870737e-10,5.241416987181833e-08,-4.9888626573733867e-08,0.9999999999999973
72,60000000,72.06,terrain_world,differential_drive_robot,2.50162560432333,11.399999919603886,2.2482390890095183e-08,4.5604786506318253e-10,5.199480748203318e-08,-4.989405670691417e-08,0.9999999999999973
72,80000000,72.08,terrain_world,differential_drive_robot,2.5075305066400944,11.399999919011384,2.218315287751401e-08,4.5420324982862203e-10,5.149607759399872e-08,-4.989944539901886e-08,0.9999999999999974
72,100000000,72.1,terrain_world,differential_drive_robot,2.513435408930684,11.399999918418848,2.183659543580431e-08,4.5214097219555627e-10,5.0918481990597644e-08,-4.990478546892328e-08,0.9999999999999974
72,120000000,72.12,terrain_world,differential_drive_robot,2.5193403111913,11.399999917826285,2.1443125835844253e-08,4.4987510082497953e-10,5.0262699452411386e-08,-4.9910069687477464e-08,0.9999999999999974
72,140000000,72.14,terrain_world,differential_drive_robot,2.5252452134181906,11.399999917233693,2.100325509194342e-08,4.474172111465397e-10,4.9529581677591646e-08,-4.9915290727266526e-08,0.9999999999999976
72,160000000,72.16,terrain_world,differential_drive_robot,2.5311501156076477,11.399999916641084,2.051759570867891e-08,4.4477643874716393e-10,4.872014950374666e-08,-4.99204411158523e-08,0.9999999999999976
72,180000000,72.18,terrain_world,differential_drive_robot,2.5370550177560203,11.399999916048456,1.9986859586309235e-08,4.41959492169841e-10,4.7835589433460545e-08,-4.9925513162705024e-08,0.9999999999999976
72,200000000,72.2,terrain_world,differential_drive_robot,2.542959919859722,11.399999915455828,1.9411856145518287e-08,4.389706958099577e-10,4.687725049478867e-08,-4.9930498910067006e-08,0.9999999999999977
72,220000000,72.22,terrain_world,differential_drive_robot,2.5488648219152332,11.3999999148632,1.8793490647896632e-08,4.3581196665865293e-10,4.58466414628383e-08,-4.9935390044482546e-08,0.9999999999999977
72,240000000,72.24,terrain_world,differential_drive_robot,2.554769723919112,11.399999914270571,1.8132762841197686e-08,4.3248274844375913e-10,4.474542858111725e-08,-4.994017782825706e-08,0.9999999999999978
72,260000000,72.26,terrain_world,differential_drive_robot,2.5606746258679984,11.39999991367795,1.743076589489624e-08,4.2897988693920496e-10,4.3575433799743456e-08,-4.9944852987307785e-08,0.9999999999999978
72,280000000,72.28,terrain_world,differential_drive_robot,2.56657952775862,11.399999913085358,1.6688685735858096e-08,4.2529748048161755e-10,4.233863366166652e-08,-4.9949405617005486e-08,0.9999999999999979
72,300000000,72.3,terrain_world,differential_drive_robot,2.5724844295877975,11.399999912492788,1.5907800931996538e-08,4.2142663612756227e-10,4.1037159111461886e-08,-4.995382504529516e-08,0.9999999999999979
72,320000000,72.32,terrain_world,differential_drive_robot,2.5783893313524557,11.399999911900254,1.5089483134260455e-08,4.173551589949485e-10,3.967329624236666e-08,-4.9958099693047425e-08,0.999999999999998
72,340000000,72.34,terrain_world,differential_drive_robot,2.5842942330496257,11.399999911307765,1.4235198426130325e-08,4.130670935953057e-10,3.82494885165363e-08,-4.9962216893586735e-08,0.999999999999998
72,360000000,72.36,terrain_world,differential_drive_robot,2.5901991346764492,11.399999910715332,1.3346509632362511e-08,4.085421795689293e-10,3.6768340639823983e-08,-4.9966162677111584e-08,0.9999999999999981
72,380000000,72.38,terrain_world,differential_drive_robot,2.5961040362301904,11.399999910122963,1.2425080110258703e-08,4.03755072376853e-10,3.523262488621801e-08,-4.9969921532208127e-08,0.9999999999999981
72,400000000,72.4,terrain_world,differential_drive_robot,2.6020089377082365,11.399999909530678,1.1472679368392277e-08,3.986743308335829e-10,3.364529042533439e-08,-4.997347608413341e-08,0.9999999999999982
72,420000000,72.42,terrain_world,differential_drive_robot,2.6079138391081065,11.399999908938483,1.0491191206732341e-08,3.932610705914916e-10,3.2009476929930214e-08,-4.997680671039848e-08,0.9999999999999982
72,440000000,72.44,terrain_world,differential_drive_robot,2.6138187404274604,11.3999999083464,9.48262539829411e-09,3.874671432605566e-10,3.0328534014826766e-08,-4.997989106490812e-08,0.9999999999999982
72,460000000,72.46,terrain_world,differential_drive_robot,2.6197236416641023,11.399999907754443,8.449134232292385e-09,3.812326536257381e-10,2.860604882912014e-08,-4.998270346877773e-08,0.9999999999999983
72,480000000,72.48,terrain_world,differential_drive_robot,2.62562854281599,11.399999907162636,7.3930361164405624e-09,3.7448253224724756e-10,2.6845885390653727e-08,-4.9985214112164225e-08,0.9999999999999983
72,500000000,72.5,terrain_world,differential_drive_robot,2.6315334438812434,11.399999906571004,6.3168494513637805e-09,3.6712169798765516e-10,2.505224103026617e-08,-4.998738802728716e-08,0.9999999999999984
72,520000000,72.52,terrain_world,differential_drive_robot,2.6374383448581544,11.399999905979573,5.223341944002711e-09,3.5902804719576616e-10,2.322972858541936e-08,-4.9989183691554723e-08,0.9999999999999984
72,540000000,72.54,terrain_world,differential_drive_robot,2.6433432457452026,11.399999905388382,4.115603793218284e-09,3.5004215572517797e-10,2.1383498397376504e-08,-4.999055114878564e-08,0.9999999999999986
72,560000000,72.56,terrain_world,differential_drive_robot,2.649248146541067,11.399999904797472,2.997159134482586e-09,3.39951527252971e-10,1.951942402078637e-08,-4.999142932792612e-08,0.9999999999999986
72,580000000,72.58,terrain_world,differential_drive_robot,2.6551530472446503,11.39999990420689,1.8721411700393173e-09,3.284655774048295e-10,1.7644394119150545e-08,-4.999174223048278e-08,0.9999999999999986
72,600000000,72.6,terrain_world,differential_drive_robot,2.6610579478551073,11.399999903616708,7.455789464446538e-10,3.151743305359535e-10,1.5766790438758958e-08,-4.999139317343502e-08,0.9999999999999987
72,620000000,72.62,terrain_world,differential_drive_robot,2.6669628483718926,11.399999903027009,-3.761080898061451e-10,2.994759206910089e-10,1.389731205555711e-08,-4.9990255840118106e-08,0.9999999999999987
72,640000000,72.64,terrain_world,differential_drive_robot,2.6728677487948262,11.399999902437898,-1.4841980728834358e-09,2.8044040497176927e-10,1.2050495397495096e-08,-4.9988159510221954e-08,0.9999999999999987
72,660000000,72.66,terrain_world,differential_drive_robot,2.6787726491242245,11.399999901849542,-2.5658268536012597e-09,2.565286753849476e-10,1.0247780712673108e-08,-4.9984862953356265e-08,0.9999999999999987
72,680000000,72.68,terrain_world,differential_drive_robot,2.684677549361129,11.399999901262172,-3.5997785324275146e-09,2.2493286967255454e-10,8.524527803815091e-09,-4.9980003665647445e-08,0.9999999999999987
72,700000000,72.7,terrain_world,differential_drive_robot,2.6905824495078217,11.39999990067617,-4.544821796701447e-09,1.797021135790437e-10,6.949455465699384e-09,-4.9972984485757634e-08,0.9999999999999987
72,720000000,72.72,terrain_world,differential_drive_robot,2.6964873495193684,11.399999900082776,-5.243419917138653e-09,8.546881873013854e-11,5.785124602766714e-09,-4.997833151869057e-08,0.9999999999999987
72,740000000,72.74,terrain_world,differential_drive_robot,2.7023922494624113,11.399999899491913,-5.139309902884911e-09,-2.6091101341841842e-11,5.958640238451701e-09,-4.997936214108141e-08,0.9999999999999987
72,760000000,72.76,terrain_world,differential_drive_robot,2.70829714949841,11.399999898901665,-4.729671253127352e-09,-1.0538316385634436e-10,6.641370808805549e-09,-4.997936346425667e-08,0.9999999999999987
72,780000000,72.78,terrain_world,differential_drive_robot,2.714202049637144,11.399999898311417,-4.158628209358811e-09,-1.702366833029754e-10,7.593108822086801e-09,-4.997936473427426e-08,0.9999999999999987
72,800000000,72.8,terrain_world,differential_drive_robot,2.7201069498783963,11.39999989772117,-3.4579154539818715e-09,-2.2328084055690764e-10,8.760963117437784e-09,-4.9979365956844404e-08,0.9999999999999987
72,820000000,72.82,terrain_world,differential_drive_robot,2.726011850221792,11.399999897130922,-2.653851041499522e-09,-2.6666603296430007e-10,1.0101070249089209e-08,-4.9979367137885286e-08,0.9999999999999987
72,840000000,72.84,terrain_world,differential_drive_robot,2.7319167506668003,11.399999896540674,-1.7683185388590231e-09,-3.021511134451234e-10,1.1576957590181597e-08,-4.9979368282581e-08,0.9999999999999987
72,860000000,72.86,terrain_world,differential_drive_robot,2.737821651212731,11.399999895950426,-8.195697550600174e-10,-3.3117462498358954e-10,1.3158205436278099e-08,-4.997936939407121e-08,0.9999999999999987
72,880000000,72.88,terrain_world,differential_drive_robot,2.743726551858737,11.399999895360178,1.7711920860609525e-10,-3.549131886391078e-10,1.4819353616685664e-08,-4.997937047399858e-08,0.9999999999999987
72,900000000,72.9,terrain_world,differential_drive_robot,2.7496314526038166,11.39999989476993,1.2089119639699735e-09,-3.743291700232334e-10,1.6539008139538017e-08,-4.997937152513343e-08,0.9999999999999986
72,920000000,72.92,terrain_world,differential_drive_robot,2.7555363534468134,11.399999894179683,2.264973933763424e-09,-3.902096844063387e-10,1.8299111367735148e-08,-4.997937254648018e-08,0.9999999999999986
72,940000000,72.94,terrain_world,differential_drive_robot,2.7614412543864213,11.399999893589435,3.336114711254117e-09,-4.0319852061553465e-10,2.008434595982635e-08,-4.9979373538304615e-08,0.9999999999999986
72,960000000,72.96,terrain_world,differential_drive_robot,2.767346155421184,11.399999892999187,4.41449607505444e-09,-4.1382223911945556e-10,2.1881648203905795e-08,-4.997937450251694e-08,0.9999999999999984
72,980000000,72.98,terrain_world,differential_drive_robot,2.773251056549498,11.399999892408939,5.4933936511674965e-09,-4.225115143661627e-10,2.3679810812696994e-08,-4.99793754395593e-08,0.9999999999999984
73,0,73.0,terrain_world,differential_drive_robot,2.7791559577696128,11.399999891818691,6.567002467226506e-09,-4.296186067246203e-10,2.5469158825874698e-08,-4.997937635086635e-08,0.9999999999999984
73,20000000,73.02,terrain_world,differential_drive_robot,2.785060859079638,11.399999891228443,7.630278367386499e-09,-4.3543163024655373e-10,2.7241285319122022e-08,-4.9979377231514385e-08,0.9999999999999983
73,40000000,73.04,terrain_world,differential_drive_robot,2.7909657604775435,11.399999890638195,8.678808811987086e-09,-4.4018622846138524e-10,2.898883605636757e-08,-4.9979378084717875e-08,0.9999999999999983
73,60000000,73.06,terrain_world,differential_drive_robot,2.796870661961164,11.399999890047948,9.70870759530865e-09,-4.4407512663918016e-10,3.07053340248233e-08,-4.997937890962667e-08,0.9999999999999982
73,80000000,73.08,terrain_world,differential_drive_robot,2.8027755635281983,11.3999998894577,1.0716529191683355e-08,-4.472559733041644e-10,3.238503668503041e-08,-4.99793797016502e-08,0.9999999999999982
73,100000000,73.1,terrain_world,differential_drive_robot,2.8086804651762183,11.399999888867452,1.1699199107224662e-08,-4.4985771453208904e-10,3.402281988110892e-08,-4.99793804624321e-08,0.9999999999999981
73,120000000,73.12,terrain_world,differential_drive_robot,2.814585366902669,11.399999888277204,1.2653957309551908e-08,-4.5198580500032977e-10,3.561408355505213e-08,-4.997938119271522e-08,0.9999999999999981
73,140000000,73.14,terrain_world,differential_drive_robot,2.8204902687048756,11.399999887686956,1.3578312337867691e-08,-4.537264900338536e-10,3.7154675276555724e-08,-4.997938188886427e-08,0.999999999999998
73,160000000,73.16,terrain_world,differential_drive_robot,2.8263951705800454,11.399999887096708,1.4470004137995265e-08,-4.5515032295384517e-10,3.864082828196091e-08,-4.997938255094484e-08,0.999999999999998
73,180000000,73.18,terrain_world,differential_drive_robot,2.8323000725252716,11.39999988650646,1.5326974001451802e-08,-4.5631500268117706e-10,4.0069111402226365e-08,-4.997938318206212e-08,0.9999999999999979
73,200000000,73.2,terrain_world,differential_drive_robot,2.8382049745375397,11.399999885916213,1.6147340310764505e-08,-4.5726772212244225e-10,4.143638859682391e-08,-4.997938377538533e-08,0.9999999999999979
73,220000000,73.22,terrain_world,differential_drive_robot,2.84410987661373,11.399999885325965,1.6929379007136237e-08,-4.58047080819555e-10,4.273978643693239e-08,-4.997938433071822e-08,0.9999999999999978
73,240000000,73.24,terrain_world,differential_drive_robot,2.8500147787506265,11.399999884735717,1.7671507874884303e-08,-4.5868465307227835e-10,4.397666790815467e-08,-4.997938484918997e-08,0.9999999999999978
73,260000000,73.26,terrain_world,differential_drive_robot,2.8559196809449165,11.399999884145469,1.8372274025606976e-08,-4.592062616301687e-10,4.5144611510134734e-08,-4.9979385333691284e-08,0.9999999999999977
73,280000000,73.28,terrain_world,differential_drive_robot,2.8618245831932003,11.399999883555221,1.9030343807760234e-08,-4.5963303161287057e-10,4.624139451026451e-08,-4.997938578036077e-08,0.9999999999999977
73,300000000,73.3,terrain_world,differential_drive_robot,2.8677294854919926,11.399999882964973,1.964449487244419e-08,-4.599822277836301e-10,4.7264979652608806e-08,-4.997938618579405e-08,0.9999999999999977
73,320000000,73.32,terrain_world,differential_drive_robot,2.8736343878377295,11.399999882374726,2.0213609826865085e-08,-4.6026798426519305e-10,4.8213504610809274e-08,-4.99793865534384e-08,0.9999999999999976
73,340000000,73.34,terrain_world,differential_drive_robot,2.879539290226779,11.399999881784478,2.0736671244072024e-08,-4.605018460873468e-10,4.908527367932252e-08,-4.9979386881814255e-08,0.9999999999999976
73,360000000,73.36,terrain_world,differential_drive_robot,2.885444192655437,11.39999988119423,2.121275775373725e-08,-4.6069327136013e-10,4.9878751245031136e-08,-4.997938716876972e-08,0.9999999999999974
73,380000000,73.38,terrain_world,differential_drive_robot,2.8913490951199403,11.399999880603982,2.1641040965635706e-08,-4.6084999546333095e-10,5.05925566459468e-08,-4.997938741664373e-08,0.9999999999999974
73,400000000,73.4,terrain_world,differential_drive_robot,2.897253997616468,11.399999880013734,2.2020783079417987e-08,-4.6097833094775956e-10,5.1225460221670995e-08,-4.997938762155932e-08,0.9999999999999974
73,420000000,73.42,terrain_world,differential_drive_robot,2.9031589001411544,11.399999879423486,2.235133500703379e-08,-4.6108345454253413e-10,5.1776380157178645e-08,-4.9979387786122e-08,0.9999999999999974
73,440000000,73.44,terrain_world,differential_drive_robot,2.9090638026900844,11.399999878833238,2.2632134942418678e-08,-4.61169597198355e-10,5.224438011574422e-08,-4.997938790778648e-08,0.9999999999999973
73,460000000,73.46,terrain_world,differential_drive_robot,2.914968705259307,11.39999987824299,2.2862707198914412e-08,-4.6124020807644345e-10,5.262866727444479e-08,-4.997938798780239e-08,0.9999999999999973
73,480000000,73.48,terrain_world,differential_drive_robot,2.9208736078448436,11.399999877652743,2.3042661311399068e-08,-4.612981259093984e-10,5.2928590868389836e-08,-4.9979388026093106e-08,0.9999999999999973
73,500000000,73.5,terrain_world,differential_drive_robot,2.926778510442686,11.399999877062495,2.3171691296003553e-08,-4.6134565725782313e-10,5.314364091438881e-08,-4.997938802241787e-08,0.9999999999999973
73,520000000,73.52,terrain_world,differential_drive_robot,2.9326834130488066,11.399999876472247,2.3249575003433845e-08,-4.61384691208936e-10,5.327344717288465e-08,-4.9979387976830656e-08,0.9999999999999973
73,540000000,73.54,terrain_world,differential_drive_robot,2.938588315658304,11.399999875881853,2.3276211031383842e-08,-4.61420975385591e-10,5.331784064767125e-08,-4.9979631165321316e-08,0.9999999999999973
73,560000000,73.56,terrain_world,differential_drive_robot,2.9444932182053,11.399999875284083,2.3254070981582758e-08,-4.6126062956994987e-10,5.328094072149259e-08,-4.999208570123367e-08,0.9999999999999973
73,580000000,73.58,terrain_world,differential_drive_robot,2.9503981206447527,11.399999874676581,2.3184430299060463e-08,-4.607455724142573e-10,5.316487305427995e-08,-5.002032702055485e-08,0.9999999999999973
73,600000000,73.6,terrain_world,differential_drive_robot,2.9563030230277283,11.399999874087356,2.3067041503870245e-08,-4.5990681734722983e-10,5.296922514154712e-08,-5.0017816413321406e-08,0.9999999999999973
73,620000000,73.62,terrain_world,differential_drive_robot,2.962207925397382,11.399999873499976,2.2901776915310665e-08,-4.5877207996552375e-10,5.269378424176455e-08,-5.0012329434021066e-08,0.9999999999999973
73,640000000,73.64,terrain_world,differential_drive_robot,2.96811282775167,11.399999872912648,2.268862557703963e-08,-4.5736596437345454e-10,5.233853210276298e-08,-5.0006870862830334e-08,0.9999999999999973
73,660000000,73.66,terrain_world,differential_drive_robot,2.9740177300867177,11.399999872325361,2.242769031134965e-08,-4.557101271173922e-10,5.1903640092830533e-08,-5.000144789688316e-08,0.9999999999999973
73,680000000,73.68,terrain_world,differential_drive_robot,2.9799226323986705,11.399999871738112,2.2119184877028975e-08,-4.5382341812415023e-10,5.138946446774838e-08,-4.9996067708727546e-08,0.9999999999999974
73,700000000,73.7,terrain_world,differential_drive_robot,2.985827534683703,11.399999871150897,2.176343127805755e-08,-4.5172198468373217e-10,5.0796541909684206e-08,-4.999073748578228e-08,0.9999999999999974
73,720000000,73.72,terrain_world,differential_drive_robot,2.9917324369380283,11.399999870563704,2.136085723478636e-08,-4.4941941489499445e-10,5.0125585277838346e-08,-4.998546447142051e-08,0.9999999999999974
73,740000000,73.74,terrain_world,differential_drive_robot,2.997637339157898,11.399999869976547,2.091199374488191e-08,-4.469267932402387e-10,4.937747957886723e-08,-4.998025601675391e-08,0.9999999999999976
73,760000000,73.76,terrain_world,differential_drive_robot,3.003542241339617,11.39999986938939,2.0417472888150827e-08,-4.442527593409742e-10,4.8553278267381415e-08,-4.99751196389612e-08,0.9999999999999976
73,780000000,73.78,terrain_world,differential_drive_robot,3.0094471434795467,11.399999868802269,1.987802574767879e-08,-4.414035657720767e-10,4.765419981912455e-08,-4.9970063069918103e-08,0.9999999999999976
73,800000000,73.8,terrain_world,differential_drive_robot,3.0153520455741125,11.399999868215147,1.9294480576613756e-08,-4.383830744425762e-10,4.66816246560969e-08,-4.9965094336610504e-08,0.9999999999999977
73,820000000,73.82,terrain_world,differential_drive_robot,3.021256947619811,11.399999867628026,1.866776119739188e-08,-4.351927140575398e-10,4.56370924807551e-08,-4.9960221824601873e-08,0.9999999999999977
73,840000000,73.84,terrain_world,differential_drive_robot,3.0271618496132127,11.399999867040904,1.7998885666036873e-08,-4.318314247259004e-10,4.452230005129735e-08,-4.995545437749836e-08,0.9999999999999978
73,860000000,73.86,terrain_world,differential_drive_robot,3.0330667515509755,11.399999866453749,1.728896530007618e-08,-4.282955309977021e-10,4.3339099566380164e-08,-4.995080137642829e-08,0.9999999999999978
73,880000000,73.88,terrain_world,differential_drive_robot,3.038971653429846,11.399999865866587,1.653920411674704e-08,-4.2457856418722904e-10,4.208949771589726e-08,-4.99462728698627e-08,0.9999999999999979
73,900000000,73.9,terrain_world,differential_drive_robot,3.0448765552466623,11.399999865279392,1.5750898794167004e-08,-4.2067101779601184e-10,4.077565563092096e-08,-4.9941879694190824e-08,0.9999999999999979
73,920000000,73.92,terrain_world,differential_drive_robot,3.050781456998373,11.399999864692157,1.4925439297751477e-08,-4.1655998145591767e-10,3.939988992316994e-08,-4.993763363299736e-08,0.999999999999998
73,940000000,73.94,terrain_world,differential_drive_robot,3.056686358682027,11.399999864104878,1.4064310373429704e-08,-4.1222871754447875e-10,3.7964675165366357e-08,-4.993354759012723e-08,0.999999999999998
73,960000000,73.96,terrain_world,differential_drive_robot,3.0625912602947922,11.399999863517541,1.3169094133975961e-08,-4.0765603139432166e-10,3.647264821286493e-08,-4.992963581193647e-08,0.9999999999999981
73,980000000,73.98,terrain_world,differential_drive_robot,3.0684961618339517,11.399999862930136,1.2241474159953056e-08,-4.028154805868116e-10,3.4926615032068825e-08,-4.992591415645272e-08,0.9999999999999981
74,0,74.0,terrain_world,differential_drive_robot,3.0744010632969223,11.39999986234265,1.1283241540454027e-08,-3.9767427963414326e-10,3.332956077215956e-08,-4.992240040537246e-08,0.9999999999999982
74,20000000,74.02,terrain_world,differential_drive_robot,3.0803059646812487,11.399999861755067,1.0296303626596619e-08,-3.921918884509278e-10,3.168466435223247e-08,-4.991911467185601e-08,0.9999999999999982
74,40000000,74.04,terrain_world,differential_drive_robot,3.086210865984618,11.39999986116737,9.282696538453473e-09,-3.8631808397445777e-10,2.999531930443527e-08,-4.991607990162864e-08,0.9999999999999983
74,60000000,74.06,terrain_world,differential_drive_robot,3.0921157672048643,11.399999860579541,8.244602884894626e-09,-3.7999031128563697e-10,2.826516330311485e-08,-4.9913322515936955e-08,0.9999999999999983
74,80000000,74.08,terrain_world,differential_drive_robot,3.0980206683399762,11.399999859991556,7.184377068652294e-09,-3.731300120438112e-10,2.649812036250215e-08,-4.9910873244652515e-08,0.9999999999999983
74,100000000,74.1,terrain_world,differential_drive_robot,3.103925569388106,11.399999859403392,6.104581697633396e-09,-3.6563744592371366e-10,2.469846148753098e-08,-4.990876821303116e-08,0.9999999999999984
74,120000000,74.12,terrain_world,differential_drive_robot,3.109830470347582,11.39999985881502,5.0080407570853965e-09,-3.5738417276993823e-10,2.287089331830754e-08,-4.990705042839062e-08,0.9999999999999984
74,140000000,74.14,terrain_world,differential_drive_robot,3.1157353712169216,11.399999858226401,3.897918890243444e-09,-3.482018484003261e-10,2.1020690268154237e-08,-4.990577178193316e-08,0.9999999999999986
74,160000000,74.16,terrain_world,differential_drive_robot,3.1216402719948433,11.399999857637493,2.7778427813154376e-09,-3.378650429550324e-10,1.9153896806153487e-08,-4.990499591279807e-08,0.9999999999999986
74,180000000,74.18,terrain_world,differential_drive_robot,3.127545172680298,11.39999985704824,1.6520933313723e-09,-3.260637784684401e-10,1.7277647760265024e-08,-4.990480233605961e-08,0.9999999999999986
74,200000000,74.2,terrain_world,differential_drive_robot,3.133450073272496,11.399999856458578,5.25923198073135e-10,-3.1235762611291063e-10,1.5400697564400135e-08,-4.990529268917723e-08,0.9999999999999987
74,220000000,74.22,terrain_world,differential_drive_robot,3.139354973770955,11.399999855868415,-5.938891201174561e-10,-2.9609420979600774e-10,1.3534343704691214e-08,-4.990660055609283e-08,0.9999999999999987
74,240000000,74.24,terrain_world,differential_drive_robot,3.14525987417558,11.399999855277635,-1.698001560020216e-09,-2.762535425399572e-10,1.1694156275775214e-08,-4.9908907874356715e-08,0.9999999999999987
74,260000000,74.26,terrain_world,differential_drive_robot,3.1511647744868063,11.39999985468606,-2.7723703648029204e-09,-2.51119800267728e-10,9.903541539125698e-09,-4.991247441348815e-08,0.9999999999999987
74,280000000,74.28,terrain_world,differential_drive_robot,3.1570696747058595,11.399999854093442,-3.7932049956554915e-09,-2.1748653030392236e-10,8.202150358343698e-09,-4.9917696414088394e-08,0.9999999999999987
74,300000000,74.3,terrain_world,differential_drive_robot,3.1629745748353852,11.39999985349936,-4.712269662626574e-09,-1.6828444165409303e-10,6.670375638362212e-09,-4.992524220983177e-08,0.9999999999999987
74,320000000,74.32,terrain_world,differential_drive_robot,3.1688794748142235,11.39999985291414,-5.291697026319964e-09,-5.918181389724709e-11,5.704662494585885e-09,-4.9918001387053546e-08,0.9999999999999987
74,340000000,74.34,terrain_world,differential_drive_robot,3.174784374770251,11.399999852324902,-5.073729063446385e-09,4.288596422592376e-11,6.067941526740744e-09,-4.991755281063001e-08,0.9999999999999987
74,360000000,74.36,terrain_world,differential_drive_robot,3.180689274826322,11.3999998517354,-4.629779718947972e-09,1.1912797878774552e-10,6.807856603842628e-09,-4.9917553235709335e-08,0.9999999999999987
74,380000000,74.38,terrain_world,differential_drive_robot,3.1865941749850983,11.399999851145898,-4.0311028452234145e-09,1.81486816252921e-10,7.805651014379036e-09,-4.991755371023298e-08,0.9999999999999987
74,400000000,74.4,terrain_world,differential_drive_robot,3.192499075246332,11.399999850556396,-3.3082883131224555e-09,2.324904959622863e-10,9.010341614788767e-09,-4.9917554224756613e-08,0.9999999999999987
74,420000000,74.42,terrain_world,differential_drive_robot,3.1984039756096183,11.399999849966894,-2.486717058689973e-09,2.742067193680804e-10,1.0379626825270968e-08,-4.991755477105934e-08,0.9999999999999987
74,440000000,74.44,terrain_world,differential_drive_robot,3.2043088760743945,11.399999849377393,-1.5875052799889184e-09,3.0832665380549644e-10,1.1878312962507706e-08,-4.9917555343357264e-08,0.9999999999999987
74,460000000,74.46,terrain_world,differential_drive_robot,3.210213776639938,11.39999984878789,-6.282761719707838e-10,3.362335339000655e-10,1.3477028018527214e-08,-4.9917555935493076e-08,0.9999999999999987
74,480000000,74.48,terrain_world,differential_drive_robot,3.216118677305375,11.399999848198389,3.762094181125994e-10,3.590586968032837e-10,1.515117058212277e-08,-4.991755654161723e-08,0.9999999999999987
74,500000000,74.5,terrain_world,differential_drive_robot,3.2220235780696718,11.399999847608887,1.4135377314242628e-09,3.777274877522791e-10,1.688005103630933e-08,-4.991755715715373e-08,0.9999999999999986
74,520000000,74.52,terrain_world,differential_drive_robot,3.227928478931642,11.399999847019386,2.4732211642487426e-09,3.9299674264674913e-10,1.864619003691394e-08,-4.991755778232706e-08,0.9999999999999986
74,540000000,74.54,terrain_world,differential_drive_robot,3.233833379889951,11.399999846429884,3.5463545093507516e-09,4.0548549442534967e-10,2.04347455777649e-08,-4.99175584104053e-08,0.9999999999999986
74,560000000,74.56,terrain_world,differential_drive_robot,3.2397382809431114,11.399999845840382,4.6253343130509016e-09,4.1570004926960726e-10,2.2233045221876935e-08,-4.991755904170845e-08,0.9999999999999984
74,580000000,74.58,terrain_world,differential_drive_robot,3.245643182089494,11.39999984525088,5.703629811049819e-09,4.2405450976289677e-10,2.403020436843199e-08,-4.9917559668242205e-08,0.9999999999999984
74,600000000,74.6,terrain_world,differential_drive_robot,3.2515480833273216,11.399999844661378,6.775596079637894e-09,4.30887589043798e-10,2.5816814803965146e-08,-4.991756029734082e-08,0.9999999999999984
74,620000000,74.62,terrain_world,differential_drive_robot,3.2574529846546727,11.399999844071877,7.836321663902673e-09,4.3647631233908213e-10,2.7584690765920155e-08,-4.991756091912306e-08,0.9999999999999983
74,640000000,74.64,terrain_world,differential_drive_robot,3.263357886069492,11.399999843482375,8.881504409536903e-09,4.410472609611472e-10,2.9326662003039065e-08,-4.99175615334104e-08,0.9999999999999983
74,660000000,74.66,terrain_world,differential_drive_robot,3.2692627875695863,11.399999842892873,9.907350371795803e-09,4.447857625814191e-10,3.103640527453095e-08,-4.9917562136892505e-08,0.9999999999999982
74,680000000,74.68,terrain_world,differential_drive_robot,3.2751676891526302,11.399999842303371,1.0910491506186624e-08,4.4784339779007064e-10,3.270830716512432e-08,-4.9917562735178504e-08,0.9999999999999982
74,700000000,74.7,terrain_world,differential_drive_robot,3.28107259081617,11.39999984171387,1.1887918812307006e-08,4.5034413755196994e-10,3.4337352678452815e-08,-4.991756331764345e-08,0.9999999999999981
74,720000000,74.72,terrain_world,differential_drive_robot,3.286977492557629,11.399999841124368,1.2836928017723727e-08,4.5238937744213514e-10,3.591903469342107e-08,-4.9917563890180296e-08,0.9999999999999981
74,740000000,74.74,terrain_world,differential_drive_robot,3.292882394374307,11.399999840534866,1.3755075538041392e-08,4.540620607167785e-10,3.744928056915262e-08,-4.991756444925834e-08,0.999999999999998
74,760000000,74.76,terrain_world,differential_drive_robot,3.29878729626339,11.399999839945364,1.4640142802845958e-08,4.554300405449553e-10,3.892439268336763e-08,-4.9917564990842556e-08,0.999999999999998
74,780000000,74.78,terrain_world,differential_drive_robot,3.304692198221949,11.399999839355862,1.549010743042034e-08,4.565487753397991e-10,4.034100040980919e-08,-4.99175655184622e-08,0.9999999999999979
74,800000000,74.8,terrain_world,differential_drive_robot,3.3105971002469485,11.39999983876636,1.6303119979385804e-08,4.5746365968354955e-10,4.169602133756682e-08,-4.991756602828387e-08,0.9999999999999979
74,820000000,74.82,terrain_world,differential_drive_robot,3.316502002335249,11.399999838176859,1.707748521054395e-08,4.5821181092246785e-10,4.2986630074189426e-08,-4.991756651913789e-08,0.9999999999999978
74,840000000,74.84,terrain_world,differential_drive_robot,3.3224069044836164,11.399999837587357,1.7811647073857704e-08,4.58823576403284e-10,4.421023320447369e-08,-4.991756699423242e-08,0.9999999999999978
74,860000000,74.86,terrain_world,differential_drive_robot,3.32831180668872,11.399999836997855,1.8504176685479397e-08,4.5932379890882257e-10,4.536444924212314e-08,-4.991756744762975e-08,0.9999999999999977
74,880000000,74.88,terrain_world,differential_drive_robot,3.334216708947143,11.399999836408353,1.9153762700324896e-08,4.597327823527874e-10,4.644709262827125e-08,-4.991756787796893e-08,0.9999999999999977
74,900000000,74.9,terrain_world,differential_drive_robot,3.3401216112553844,11.399999835818852,1.9759203711926332e-08,4.60067135858604e-10,4.7456161016544386e-08,-4.991756829281306e-08,0.9999999999999976
74,920000000,74.92,terrain_world,differential_drive_robot,3.3460265136098686,11.39999983522935,2.0319402209370074e-08,4.603404506281161e-10,4.838982521334303e-08,-4.9917568685285936e-08,0.9999999999999976
74,940000000,74.94,terrain_world,differential_drive_robot,3.3519314160069458,11.399999834639848,2.083335980208056e-08,4.6056385023005966e-10,4.924642124226534e-08,-4.99175690532089e-08,0.9999999999999976
74,960000000,74.96,terrain_world,differential_drive_robot,3.3578363184429016,11.399999834050346,2.1300173491772798e-08,4.6074640261117523e-10,5.00244441065323e-08,-4.99175693969185e-08,0.9999999999999974
74,980000000,74.98,terrain_world,differential_drive_robot,3.36374122091396,11.399999833460845,2.1719032754386093e-08,4.608955563400235e-10,5.0722542924873836e-08,-4.991756971995978e-08,0.9999999999999974
75,0,75.0,terrain_world,differential_drive_robot,3.369646123416293,11.399999832871343,2.208921723931025e-08,4.610173849588529e-10,5.1339517120658675e-08,-4.991757001770571e-08,0.9999999999999974
75,20000000,75.02,terrain_world,differential_drive_robot,3.375551025946022,11.399999832281841,2.2410095011950868e-08,4.6111686339783713e-10,5.1874313462324865e-08,-4.991757029044193e-08,0.9999999999999974
75,40000000,75.04,terrain_world,differential_drive_robot,3.3814559284992267,11.39999983169234,2.2681121159918317e-08,4.6119806945762295e-10,5.232602377679365e-08,-4.991757054051301e-08,0.9999999999999973
75,60000000,75.06,terrain_world,differential_drive_robot,3.387360831071951,11.399999831102837,2.290183670830452e-08,4.6126433047225145e-10,5.2693883093035876e-08,-4.99175707636917e-08,0.9999999999999973
75,80000000,75.08,terrain_world,differential_drive_robot,3.393265733660206,11.399999830513336,2.307186773809952e-08,4.613183568133491e-10,5.297726821745661e-08,-4.991757096160483e-08,0.9999999999999973
75,100000000,75.1,terrain_world,differential_drive_robot,3.399170636259981,11.399999829923834,2.319092469231429e-08,4.6136237552556634e-10,5.317569654682539e-08,-4.991757113412809e-08,0.9999999999999973
75,120000000,75.12,terrain_world,differential_drive_robot,3.405075538867249,11.399999829334332,2.3258801731372212e-08,4.613982176413896e-10,5.328882502633107e-08,-4.991757128084665e-08,0.9999999999999973
75,140000000,75.14,terrain_world,differential_drive_robot,3.4109804414726814,11.399999828745536,2.327560370535923e-08,4.614243309450725e-10,5.3316828422980605e-08,-4.9916391469847995e-08,0.9999999999999973
75,160000000,75.16,terrain_world,differential_drive_robot,3.4168853439990463,11.399999828165848,2.324421295688118e-08,4.6119050331721603e-10,5.326451066394208e-08,-4.990015203343513e-08,0.9999999999999973
75,180000000,75.18,terrain_world,differential_drive_robot,3.4227902464210205,11.39999982759178,2.3165263680543993e-08,4.6060826527501186e-10,5.3132928663861557e-08,-4.98750247072428e-08,0.9999999999999973
75,200000000,75.2,terrain_world,differential_drive_robot,3.42869514880041,11.399999826999625,2.3038532043784336e-08,4.597079818198975e-10,5.292170934356755e-08,-4.988021074877065e-08,0.9999999999999973
75,220000000,75.22,terrain_world,differential_drive_robot,3.4346000511673664,11.39999982640723,2.2863913388419264e-08,4.5851675499570435e-10,5.263067833679715e-08,-4.988569251121353e-08,0.9999999999999973
75,240000000,75.24,terrain_world,differential_drive_robot,3.4405049535182006,11.39999982581479,2.2641419211267783e-08,4.5705860498013067e-10,5.2259854803945406e-08,-4.989114439105911e-08,0.9999999999999973
75,260000000,75.26,terrain_world,differential_drive_robot,3.4464098558490406,11.399999825222308,2.2371174215866838e-08,4.553546240811084e-10,5.1809446578309026e-08,-4.989655919808787e-08,0.9999999999999974
75,280000000,75.28,terrain_world,differential_drive_robot,3.452314758156036,11.399999824629786,2.205341350582593e-08,4.5342312375944553e-10,5.127984549688547e-08,-4.99019297618305e-08,0.9999999999999974
75,300000000,75.3,terrain_world,differential_drive_robot,3.4582196604353674,11.39999982403723,2.168847993332132e-08,4.512797732571055e-10,5.067162298234747e-08,-4.990724888704079e-08,0.9999999999999974
75,320000000,75.32,terrain_world,differential_drive_robot,3.4641245626832555,11.399999823444647,2.1276821560816847e-08,4.4893764688571264e-10,4.9985525804829034e-08,-4.991250931522064e-08,0.9999999999999974
75,340000000,75.34,terrain_world,differential_drive_robot,3.470029464895963,11.39999982285205,2.0818989302652736e-08,4.4640736071895224e-10,4.922247215890937e-08,-4.99177036643161e-08,0.9999999999999976
75,360000000,75.36,terrain_world,differential_drive_robot,3.4759343670698053,11.399999822259423,2.0315634721575374e-08,4.436970885097829e-10,4.8383547975397326e-08,-4.992282438623863e-08,0.9999999999999976
75,380000000,75.38,terrain_world,differential_drive_robot,3.4818392692011546,11.399999821666794,1.9767508016994407e-08,4.4081262934927917e-10,4.7470003585928654e-08,-4.992786369462787e-08,0.9999999999999976
75,400000000,75.4,terrain_world,differential_drive_robot,3.4877441712864505,11.399999821074166,1.9175456221789384e-08,4.377573576713908e-10,4.648325071672922e-08,-4.993281350168946e-08,0.9999999999999977
75,420000000,75.42,terrain_world,differential_drive_robot,3.493649073322202,11.399999820481538,1.8540421651855888e-08,4.345322373634447e-10,4.542485988983387e-08,-4.993766533801982e-08,0.9999999999999977
75,440000000,75.44,terrain_world,differential_drive_robot,3.4995539753049996,11.39999981988891,1.7863440647424184e-08,4.311357172485823e-10,4.429655833806597e-08,-4.994241027360745e-08,0.9999999999999978
75,460000000,75.46,terrain_world,differential_drive_robot,3.505458877231514,11.399999819296294,1.71456426552645e-08,4.275635837335279e-10,4.31002284736015e-08,-4.994703879957273e-08,0.9999999999999978
75,480000000,75.48,terrain_world,differential_drive_robot,3.511363779098511,11.399999818703701,1.638824977193268e-08,4.2380880143147233e-10,4.183790712044146e-08,-4.995154072803332e-08,0.9999999999999979
75,500000000,75.5,terrain_world,differential_drive_robot,3.5172686809028506,11.39999981811114,1.5592576817315077e-08,4.198612330356105e-10,4.051178565144959e-08,-4.995590504906368e-08,0.9999999999999979
75,520000000,75.52,terrain_world,differential_drive_robot,3.523173582641498,11.39999981751862,1.4760032121236587e-08,4.157072759231196e-10,3.912421127917933e-08,-4.9960119781222875e-08,0.999999999999998
75,540000000,75.54,terrain_world,differential_drive_robot,3.5290784843115275,11.399999816926147,1.3892119195440848e-08,4.1132937750652923e-10,3.76776898527096e-08,-4.9964171778181307e-08,0.999999999999998
75,560000000,75.56,terrain_world,differential_drive_robot,3.534983385910127,11.399999816333734,1.2990439595978333e-08,4.0670538045680934e-10,3.6174890636595635e-08,-4.9968046501271235e-08,0.9999999999999981
75,580000000,75.58,terrain_world,differential_drive_robot,3.5408882874346084,11.399999815741392,1.2056697346864523e-08,4.018077067294166e-10,3.46186536640703e-08,-4.997172775095579e-08,0.9999999999999981
75,600000000,75.6,terrain_world,differential_drive_robot,3.54679318888241,11.399999815149133,1.1092705451952327e-08,3.9660218342161937e-10,3.301200060985111e-08,-4.9975197322024055e-08,0.9999999999999982
75,620000000,75.62,terrain_world,differential_drive_robot,3.552698090251104,11.399999814556976,1.0100395296347132e-08,3.910465607533678e-10,3.135815045240713e-08,-4.997843459191061e-08,0.9999999999999982
75,640000000,75.64,terrain_world,differential_drive_robot,3.5586029915384074,11.399999813964934,9.081830005527519e-09,3.850884392770926e-10,2.9660541731030094e-08,-4.9981415998558895e-08,0.9999999999999983
75,660000000,75.66,terrain_world,differential_drive_robot,3.5645078927421814,11.399999813373027,8.039223461953482e-09,3.786624781979559e-10,2.7922864247426815e-08,-4.998411435327858e-08,0.9999999999999983
75,680000000,75.68,terrain_world,differential_drive_robot,3.570412793860447,11.39999981278128,6.974967440938537e-09,3.7168645605781187e-10,2.6149104298679426e-08,-4.998649796923765e-08,0.9999999999999984
75,700000000,75.7,terrain_world,differential_drive_robot,3.576317694891391,11.399999812189717,5.891670754194017e-09,3.640557228775076e-10,2.434360989798548e-08,-4.9988529512897935e-08,0.9999999999999984
75,720000000,75.72,terrain_world,differential_drive_robot,3.582222595833376,11.399999811598374,4.7922166507392525e-09,3.5563507728460115e-10,2.25111864592371e-08,-4.999016442984632e-08,0.9999999999999984
75,740000000,75.74,terrain_world,differential_drive_robot,3.5881274966849563,11.399999811007282,3.6798487642808658e-09,3.4624663880161903e-10,2.0657240041871662e-08,-4.999134878655155e-08,0.9999999999999986
75,760000000,75.76,terrain_world,differential_drive_robot,3.5940323974448978,11.399999810416489,2.5583035024269752e-09,3.356510717387821e-10,1.8787997989070325e-08,-4.9992016225968485e-08,0.9999999999999986
75,780000000,75.78,terrain_world,differential_drive_robot,3.5999372981121947,11.399999809826053,1.4320212577415953e-09,3.2351735228796934e-10,1.6910860948668192e-08,-4.9992083491561196e-08,0.9999999999999986
75,800000000,75.8,terrain_world,differential_drive_robot,3.605842198686115,11.399999809236043,3.0649874547871906e-10,3.0937167664134673e-10,1.5034990117967508e-08,-4.9991443638176996e-08,0.9999999999999987
75,820000000,75.82,terrain_world,differential_drive_robot,3.6117470991662435,11.399999808646553,-8.110885452675194e-10,2.925056068565704e-10,1.3172344633586232e-08,-4.9989955217533945e-08,0.9999999999999987
75,840000000,75.84,terrain_world,differential_drive_robot,3.6176519995525767,11.399999808057713,-1.910701366457696e-09,2.717976054523649e-10,1.1339656566764939e-08,-4.998742400583897e-08,0.9999999999999987
75,860000000,75.86,terrain_world,differential_drive_robot,3.623556899845674,11.399999807469701,-2.9769393021063675e-09,2.4532775965121725e-10,9.56259327060364e-09,-4.9983569603128e-08,0.9999999999999987
75,880000000,75.88,terrain_world,differential_drive_robot,3.6295614097452247,11.39999980653792,0.0008486358847405749,1.0048598705637719e-10,-0.0014314146460012488,-5.0522604754398553e-08,0.9999989755255295
75,900000000,75.9,terrain_world,differential_drive_robot,3.6354633663570577,11.399999805199267,0.0015822033601022648,-6.442369108406587e-11,-0.0026483018924375627,-5.174505978707206e-08,0.9999964932423933
75,920000000,75.92,terrain_world,differential_drive_robot,3.641364337402998,11.399999803972536,0.002209186233952691,-2.2568089134413952e-10,-0.0036873289962236645,-5.2759046168508414e-08,0.9999932017793276
75,940000000,75.94,terrain_world,differential_drive_robot,3.647265013149331,11.399999802814872,0.0027268410660882788,-3.5935490608254516e-10,-0.004544390024147785,-5.363887195057306e-08,0.9999896742063418
75,960000000,75.96,terrain_world,differential_drive_robot,3.6531659336912448,11.399999801726993,0.003137337408171002,-4.683444453761715e-10,-0.0052234591462151075,-5.438626672409949e-08,0.9999863576442155
75,980000000,75.98,terrain_world,differential_drive_robot,3.659067552719204,11.399999800710649,0.003439187021375617,-5.546968338714349e-10,-0.0057223566697121595,-5.5001113617743845e-08,0.9999836271830362
76,0,76.0,terrain_world,differential_drive_robot,3.6649702196691303,11.399999799767913,0.0036304089108525612,-6.200276489525925e-10,-0.00603800779061594,-5.5482737449861415e-08,0.9999817710648117
76,20000000,76.02,terrain_world,differential_drive_robot,3.6708741767288373,11.399999798901188,0.0037084255856885376,-6.65604852175266e-10,-0.006166265888624657,-5.582988226635355e-08,0.9999809884017734
76,40000000,76.04,terrain_world,differential_drive_robot,3.6767790813703556,11.399999798206995,0.0037085497114979988,-6.930334666105596e-10,-0.006165661991021183,-5.588665125753083e-08,0.9999809921254551
76,60000000,76.06,terrain_world,differential_drive_robot,3.682683980435085,11.399999797547078,0.0037090709541732435,-7.146705214139951e-10,-0.006165862575509778,-5.588657234357622e-08,0.9999809908886752
76,80000000,76.08,terrain_world,differential_drive_robot,3.688588879873637,11.399999796887128,0.0037094975012197115,-7.323678871271058e-10,-0.0061660262676026395,-5.5886507958918225e-08,0.9999809898793397
76,100000000,76.1,terrain_world,differential_drive_robot,3.694493779635098,11.399999796227169,0.00370984659194243,-7.468429194477359e-10,-0.0061661597920385286,-5.5886455461486384e-08,0.999980989056
76,120000000,76.12,terrain_world,differential_drive_robot,3.7003986796774804,11.399999795567181,0.0037101323261572866,-7.586823544135528e-10,-0.0061662686495864046,-5.5886412680451e-08,0.9999809883847482
76,140000000,76.14,terrain_world,differential_drive_robot,3.706303579966071,11.399999794907194,0.003710366235876477,-7.683661035141424e-10,-0.006166357339910227,-5.5886377846047735e-08,0.9999809878378455
76,160000000,76.16,terrain_world,differential_drive_robot,3.7122084804720816,11.399999794247192,0.0037105577528947402,-7.762866708997947e-10,-0.0061664295438508465,-5.588634950222143e-08,0.9999809873925992
76,180000000,76.18,terrain_world,differential_drive_robot,3.718113381171548,11.399999793587169,0.0037107145912319943,-7.827651182762279e-10,-0.006166488272514843,-5.588632646584651e-08,0.9999809870304444
76,200000000,76.2,terrain_world,differential_drive_robot,3.7240182820444234,11.399999792927145,0.003710843059936407,-7.880640232918385e-10,-0.006166535989214449,-5.58863077644771e-08,0.9999809867361932
76,220000000,76.22,terrain_world,differential_drive_robot,3.729923183073848,11.399999792267122,0.0037109483189287115,-7.923981713722709e-10,-0.006166574709202354,-5.5886292607227016e-08,0.9999809864974197
76,240000000,76.24,terrain_world,differential_drive_robot,3.7358284149017353,11.399999791529396,0.0036840008807708315,-7.958585388938731e-10,-0.006121822674880743,-5.601405311117399e-08,0.9999812614680008
76,260000000,76.26,terrain_world,differential_drive_robot,3.7417349839598892,11.399999790809629,0.00354493799363156,-7.881637385268801e-10,-0.0058913321243649255,-5.6108953807916587e-08,0.9999826459523172
76,280000000,76.28,terrain_world,differential_drive_robot,3.747642896920479,11.39999979017536,0.0032792985783179985,-7.663298606338077e-10,-0.005451003791598136,-5.60612066139458e-08,0.9999851431684676
76,300000000,76.3,terrain_world,differential_drive_robot,3.753551822199282,11.399999789628602,0.0028872297723864996,-7.308737855409517e-10,-0.0048008087203299625,-5.587047390698152e-08,0.9999884760514132
76,320000000,76.32,terrain_world,differential_drive_robot,3.7594613419131844,11.399999789174071,0.002359799752927797,-6.814854307612549e-10,-0.003925515463780026,-5.553148220523392e-08,0.9999922951344878
76,340000000,76.34,terrain_world,differential_drive_robot,3.765370805691654,11.399999788817091,0.0016872410696890795,-6.17971417106583e-10,-0.0028083066953326287,-5.50379348131849e-08,0.9999960566989762
76,360000000,76.36,terrain_world,differential_drive_robot,3.771279253808093,11.399999788560136,0.0008663162149868289,-5.410679232469737e-10,-0.0014429884488835816,-5.438876936593843e-08,0.9999989588916248
76,380000000,76.38,terrain_world,differential_drive_robot,3.7772861034522243,11.399999788398963,-1.389042596134723e-05,-4.58903718763898e-10,1.788500549787289e-05,-5.3577219418306147e-08,0.9999999998400618
76,400000000,76.4,terrain_world,differential_drive_robot,3.783368575133911,11.399999788060132,-1.1357445274306972e-05,-4.443789534938533e-10,1.4637626723903106e-05,-5.3094010203450626e-08,0.9999999998928685
76,420000000,76.42,terrain_world,differential_drive_robot,3.7892734772729453,11.399999787432684,-9.285579327851828e-06,-4.4750845463736493e-10,1.1981133057121232e-05,-5.309470392089597e-08,0.9999999999282247
76,440000000,76.44,terrain_world,differential_drive_robot,3.7951783794580094,11.399999786805301,-7.590883536535085e-06,-4.5006765221143826e-10,9.808533716806859e-06,-5.3095271352920556e-08,0.9999999999518949
76,460000000,76.46,terrain_world,differential_drive_robot,3.801083281690293,11.399999786177977,-6.204687658393341e-06,-4.521604961726444e-10,8.031700260845276e-06,-5.309573549595852e-08,0.9999999999677445
76,480000000,76.48,terrain_world,differential_drive_robot,3.8069881839693767,11.399999785550698,-5.070825618357586e-06,-4.538720073197751e-10,6.578551592273032e-06,-5.309611516293479e-08,0.9999999999783599
76,500000000,76.5,terrain_world,differential_drive_robot,3.812893086293749,11.399999784923455,-4.143358687641241e-06,-4.5527168832378136e-10,5.390131872698444e-06,-5.309642572519522e-08,0.9999999999854718
76,520000000,76.52,terrain_world,differential_drive_robot,3.8187979886611445,11.399999784296243,-3.3847132179987814e-06,-4.5641638538626454e-10,4.418220527296983e-06,-5.30966797620198e-08,0.9999999999902383
76,540000000,76.54,terrain_world,differential_drive_robot,3.8247028910687786,11.39999978366905,-2.7641574559428888e-06,-4.573525764344393e-10,3.62337745142543e-06,-5.309688756056473e-08,0.9999999999934341
76,560000000,76.56,terrain_world,differential_drive_robot,3.830607793513504,11.39999978304189,-2.2565557012940245e-06,-4.5811827183602235e-10,2.9733441716949353e-06,-5.309705753373226e-08,0.9999999999955782
76,580000000,76.58,terrain_world,differential_drive_robot,3.8365126959919147,11.39999978241473,-1.8413493132549473e-06,-4.587445481527976e-10,2.4417361447274095e-06,-5.3097196562468224e-08,0.9999999999970175
76,600000000,76.6,terrain_world,differential_drive_robot,3.842417598500419,11.399999781787605,-1.501723260485969e-06,-4.5925682042337975e-10,2.0069731793914053e-06,-5.309731027373231e-08,0.9999999999979846
76,620000000,76.62,terrain_world,differential_drive_robot,3.8483225010352933,11.39999978116048,-1.2239244314127944e-06,-4.596758755448803e-10,1.6514046218831194e-06,-5.3097403272914547e-08,0.999999999998635
76,640000000,76.64,terrain_world,differential_drive_robot,3.8542274035927124,11.399999780533355,-9.967040720501885e-07,-4.6001869919131507e-10,1.3605938386574206e-06,-5.30974793230122e-08,0.999999999999073
76,660000000,76.66,terrain_world,differential_drive_robot,3.860132306168781,11.39999977990624,-8.108617496673157e-07,-4.602991961514598e-10,1.1227329901549612e-06,-5.309754150027079e-08,0.9999999999993683
76,680000000,76.68,terrain_world,differential_drive_robot,3.8661016156363823,11.399999779253971,0.00017835930842617368,-4.890794480120201e-10,-0.0002673266392137227,-5.311464702353087e-08,0.9999999642682345
76,700000000,76.7,terrain_world,differential_drive_robot,3.8720548289377636,11.399999778176605,0.0011604829142342309,-5.978952944439318e-10,-0.0019467932023448566,-5.3843874221882407e-08,0.9999981049963167
76,720000000,76.72,terrain_world,differential_drive_robot,3.8779551006867465,11.39999977673243,0.0020391414687900445,-6.829418317626149e-10,-0.003404721432183383,-5.5176096201977125e-08,0.9999942039191858
76,740000000,76.74,terrain_world,differential_drive_robot,3.8838538179820894,11.399999775353788,0.0028118380936196638,-7.605547822757815e-10,-0.004685249070946645,-5.6372988370718634e-08,0.9999890241603355
76,760000000,76.76,terrain_world,differential_drive_robot,3.889751793570557,11.39999977404142,0.0034788801993175422,-8.297315773497104e-10,-0.005789478689653303,-5.7436409212364216e-08,0.9999832408278144
76,780000000,76.78,terrain_world,differential_drive_robot,3.8956497312820546,11.399999772796379,0.004040022992083349,-8.895475880496635e-10,-0.006717512530018513,-5.836758111585436e-08,0.9999774372581642
76,800000000,76.8,terrain_world,differential_drive_robot,3.901548232037657,11.399999771620045,0.004494486362056772,-9.391496652734643e-10,-0.007468484884469483,-5.9167121697321196e-08,0.9999721104778507
76,820000000,76.82,terrain_world,differential_drive_robot,3.9074477964788423,11.399999770514098,0.004840982838266566,-9.777545443911028e-10,-0.008040610284244722,-5.983507777528626e-08,0.999967673770634
76,840000000,76.84,terrain_world,differential_drive_robot,3.913348825948458,11.399999769480534,0.005077656375420652,-1.0046401362814112e-09,-0.008431081818311386,-6.037091790644517e-08,0.9999644577980605
76,860000000,76.86,terrain_world,differential_drive_robot,3.919251619465598,11.399999768521665,0.005202092230754072,-1.0191480428982429e-09,-0.008636084710353476,-6.077355475568477e-08,0.9999627083251015
76,880000000,76.88,terrain_world,differential_drive_robot,3.9251562051155586,11.399999767691757,0.0052207570118382755,-1.0198317047783744e-09,-0.008666390832301172,-6.095633431202767e-08,0.9999624461298224
76,900000000,76.9,terrain_world,differential_drive_robot,3.931061106563453,11.399999766971728,0.005221084366973808,-1.01582931913229e-09,-0.008666491633730325,-6.095639515731311e-08,0.9999624452562
76,920000000,76.92,terrain_world,differential_drive_robot,3.936966008169576,11.39999976625173,0.00522135199657447,-1.0125560732590837e-09,-0.00866657427569324,-6.095644480807923e-08,0.9999624445399538
76,940000000,76.94,terrain_world,differential_drive_robot,3.9428709098954187,11.399999765531737,0.005221570768067064,-1.0098791590819075e-09,-0.008666642078654231,-6.095648529336136e-08,0.99996244395231
76,960000000,76.96,terrain_world,differential_drive_robot,3.948775811708845,11.399999764811744,0.0052217495701887585,-1.007689962038512e-09,-0.008666697758119403,-6.095651828080261e-08,0.9999624434697363
76,980000000,76.98,terrain_world,differential_drive_robot,3.954680713582948,11.399999764091751,0.005221895673305023,-1.0058996485200257e-09,-0.00866674353477448,-6.095654512516244e-08,0.999962443072988
77,0,77.0,terrain_world,differential_drive_robot,3.960585615495111,11.399999763371758,0.005222015024115808,-1.0044355628792186e-09,-0.008666781224567936,-6.095656694278914e-08,0.9999624427463273
77,20000000,77.02,terrain_world,differential_drive_robot,3.966490517426248,11.399999762651765,0.005222112486697554,-1.0032382835510522e-09,-0.008666812312391192,-6.095658464543243e-08,0.9999624424768853
77,40000000,77.04,terrain_world,differential_drive_robot,3.972395419360184,11.399999761931795,0.005222192039652737,-1.0022592113630688e-09,-0.008666838012342642,-6.095659897667612e-08,0.9999624422541399
77,60000000,77.06,terrain_world,differential_drive_robot,3.978300321283135,11.399999761211838,0.005222256937359508,-1.0014585997915351e-09,-0.008666859317018712,-6.095661054022641e-08,0.9999624420694886
77,80000000,77.08,terrain_world,differential_drive_robot,3.984205326133861,11.399999760461853,0.0052163283246936185,-1.0012337460247468e-09,-0.008656992391193085,-6.100602385050655e-08,0.999962527539275
77,100000000,77.1,terrain_world,differential_drive_robot,3.990111772467072,11.399999759647477,0.005126017505261014,-9.951074771510543e-10,-0.008507683102452918,-6.115903113614427e-08,0.9999638090092183
77,120000000,77.12,terrain_world,differential_drive_robot,3.996020209525158,11.39999975891609,0.004913270971150958,-9.74442654290278e-10,-0.008155956390543614,-6.117277796944763e-08,0.99996673963455
77,140000000,77.14,terrain_world,differential_drive_robot,4.001930459681705,11.399999758271253,0.0045730644663636855,-9.389686591171319e-10,-0.00759329370137776,-6.1044082715371e-08,0.9999711705298113
77,160000000,77.16,terrain_world,differential_drive_robot,4.00784221322166,11.399999757717767,0.0040969723090520105,-8.881839450187901e-10,-0.006805400541180409,-6.07675284390621e-08,0.9999768429936117
77,180000000,77.18,terrain_world,differential_drive_robot,4.013754853816005,11.3999997572579,0.0034832972687167995,-8.225748098154201e-10,-0.0057889449194011245,-6.034237061329576e-08,0.9999832439179751
77,200000000,77.2,terrain_world,differential_drive_robot,4.019667670358722,11.399999756898046,0.002718711525456132,-7.415026782632985e-10,-0.004521130597727148,-5.97603775945956e-08,0.9999897796368294
77,220000000,77.22,terrain_world,differential_drive_robot,4.025579545865949,11.399999756640717,0.0017989216617305774,-6.456577719474475e-10,-0.0029938792064573834,-5.902045070847871e-08,0.9999955183336042
77,240000000,77.24,terrain_world,differential_drive_robot,4.0314891008683365,11.399999756492678,0.0007075472637841136,-5.346746843418898e-10,-0.00117874034956414,-5.811368451283597e-08,0.9999993052853511
77,260000000,77.26,terrain_world,differential_drive_robot,4.037773133843408,11.399999756407931,-3.534660823781853e-05,-4.572487471258695e-10,4.3591328101925725e-05,-5.708142758191368e-08,0.9999999990498964
77,280000000,77.28,terrain_world,differential_drive_robot,4.043735938033806,11.399999755909857,-2.891018386234235e-05,-4.484565361803207e-10,3.5656876385022684e-05,-5.679272396854445e-08,0.999999999364292
77,300000000,77.3,terrain_world,differential_drive_robot,4.049640839471384,11.399999755238126,-2.364600018566858e-05,-4.508532681836257e-10,2.9166478313407523e-05,-5.679441553649112e-08,0.9999999995746567
77,320000000,77.32,terrain_world,differential_drive_robot,4.05554574073442,11.399999754566558,-1.9340603084873898e-05,-4.5281241746499235e-10,2.3857546496211466e-05,-5.6795798783327516e-08,0.9999999997154071
77,340000000,77.34,terrain_world,differential_drive_robot,4.061450641848672,11.399999753895125,-1.5819412714643692e-05,-4.5441388578365046e-10,1.9514940379526713e-05,-5.6796929882389515e-08,0.9999999998095819
77,360000000,77.36,terrain_world,differential_drive_robot,4.067355542830906,11.399999753223806,-1.2939636565462625e-05,-4.557229723360395e-10,1.596269559326815e-05,-5.679785477227705e-08,0.9999999998725946
77,380000000,77.38,terrain_world,differential_drive_robot,4.07326044369193,11.399999752552578,-1.0584481895056977e-05,-4.567930611180571e-10,1.3056890260031676e-05,-5.679861101380697e-08,0.9999999999147572
77,400000000,77.4,terrain_world,differential_drive_robot,4.079165344166374,11.39999975188432,-8.658393568514944e-06,-4.352472568895045e-10,1.0679857358327547e-05,-5.679463183748196e-08,0.9999999999429687
77,420000000,77.42,terrain_world,differential_drive_robot,4.085070244187439,11.399999751142524,-7.083062945176361e-06,-3.783063876751823e-10,8.735610896014544e-06,-5.691194891447999e-08,0.999999999961843
77,440000000,77.44,terrain_world,differential_drive_robot,4.090975144201208,11.39999975041089,-5.794587423524241e-06,-3.1156848541885264e-10,7.145398279113697e-06,-5.70101919080387e-08,0.99999999997447
77,460000000,77.46,terrain_world,differential_drive_robot,4.09688004421013,11.399999749689746,-4.740733238479328e-06,-2.3681396475168055e-10,5.844752392084194e-06,-5.708920733216695e-08,0.9999999999829178
77,480000000,77.48,terrain_world,differential_drive_robot,4.102784944125278,11.399999749004719,-3.878766449598856e-06,-1.4299853040109485e-10,4.780964127989562e-06,-5.710683627801114e-08,0.9999999999885696
77,500000000,77.5,terrain_world,differential_drive_robot,4.108689843916733,11.399999748330439,-3.1735743236123706e-06,-3.290725727874052e-11,3.911189380093558e-06,-5.7106608816306024e-08,0.9999999999923497
77,520000000,77.52,terrain_world,differential_drive_robot,4.114594743809485,11.399999747656134,-2.5965523180745485e-06,5.71369723048441e-11,3.2001948451640683e-06,-5.710642304124881e-08,0.9999999999948778
77,540000000,77.54,terrain_world,differential_drive_robot,4.120544516781803,11.399999746965111,0.00010907562109061867,1.1152924158790634e-10,-0.0001588529043355078,-5.711511877225487e-08,0.999999987382876
77,560000000,77.56,terrain_world,differential_drive_robot,4.1265011474273825,11.399999746932547,0.0010095297575020321,8.580029638607389e-11,-0.0016873998132364845,-5.603258947096967e-08,0.9999985763399202
77,580000000,77.58,terrain_world,differential_drive_robot,4.132402370754244,11.399999747014153,0.0018040649900694793,7.395961387889468e-11,-0.003007433415746484,-5.4808286124152685e-08,0.9999954776618977
77,600000000,77.6,terrain_world,differential_drive_robot,4.138302393586251,11.399999747029444,0.002492045057710047,6.338481990897412e-11,-0.004149089795312962,-5.371847380189677e-08,0.9999913924898892
77,620000000,77.62,terrain_world,differential_drive_robot,4.144201947826223,11.39999974697733,0.0030735074691577643,5.4963234985822005e-11,-0.005113004162970009,-5.276177837734641e-08,0.9999869285087813
77,640000000,77.64,terrain_world,differential_drive_robot,4.150101685490044,11.39999974685579,0.003545456471797429,4.960871936462692e-11,-0.0058946921910565525,-5.193857132266509e-08,0.9999826261510597
77,660000000,77.66,terrain_world,differential_drive_robot,4.156002096734127,11.3999997466638,0.00390973243390625,4.7729036878423455e-11,-0.0064975987887376414,-5.124747747735148e-08,0.999978890382181
77,680000000,77.68,terrain_world,differential_drive_robot,4.161903594632512,11.39999974639935,0.004164627932894267,4.991074901478873e-11,-0.0069191954307450025,-5.068891775012315e-08,0.9999760620807823
77,700000000,77.7,terrain_world,differential_drive_robot,4.167806488872264,11.399999746060143,0.004307855336822503,5.673082209081538e-11,-0.007155904836697086,-5.026388137820687e-08,0.9999743961852051
77,720000000,77.72,terrain_world,differential_drive_robot,4.173710935332481,11.399999745613853,0.004339697380668112,6.757194563204724e-11,-0.007208310545759448,-5.002300686108804e-08,0.9999740197920511
77,740000000,77.74,terrain_world,differential_drive_robot,4.179615836005998,11.399999745023054,0.004339861211609419,7.486203913152702e-11,-0.007208343613756911,-5.002305081446326e-08,0.9999740195536799
77,760000000,77.76,terrain_world,differential_drive_robot,4.18552073682952,11.399999744432273,0.004339995409748103,8.082466812473132e-11,-0.007208370325062429,-5.0023086876447786e-08,0.9999740193611303
77,780000000,77.78,terrain_world,differential_drive_robot,4.191425637791285,11.399999743841493,0.004340105365578069,8.570153724035621e-11,-0.0072083918463090825,-5.002311648964185e-08,0.9999740192059929
77,800000000,77.8,terrain_world,differential_drive_robot,4.197330538881222,11.399999743250712,0.004340195487720681,8.96903321439685e-11,-0.007208409132199437,-5.002314082097337e-08,0.9999740190813862
77,820000000,77.82,terrain_world,differential_drive_robot,4.2032354400906256,11.399999742659931,0.004340269381725818,9.295274947924067e-11,-0.0072084229640817146,-5.002316082922203e-08,0.9999740189816775
77,840000000,77.84,terrain_world,differential_drive_robot,4.209140341411882,11.399999742069177,0.004340329996314947,9.562103970972041e-11,-0.007208433981500746,-5.002317730221258e-08,0.9999740189022572
77,860000000,77.86,terrain_world,differential_drive_robot,4.2150452428382525,11.399999741478432,0.00434037974299482,9.780337814766166e-11,-0.007208442708002959,-5.0023190873078375e-08,0.9999740188393511
77,880000000,77.88,terrain_world,differential_drive_robot,4.220950144363682,11.399999740887687,0.0043404205938907345,9.958823484415348e-11,-0.007208449572241755,-5.0023202074639824e-08,0.9999740187898694
77,900000000,77.9,terrain_world,differential_drive_robot,4.226749377915381,11.400006865193644,0.0045515214001118545,-4.3491651817040254e-06,-0.0069407494322953015,1.3919865356075522e-05,0.9999759126022187
77,920000000,77.92,terrain_world,differential_drive_robot,4.232340779450321,11.400018444702562,0.0054030266207301305,-9.565441922836977e-06,-0.005391418344680098,3.575898670747217e-05,0.9999854655133893
77,940000000,77.94,terrain_world,differential_drive_robot,4.238064240775724,11.400019076107275,0.006093227549565216,-8.087173791087369e-06,-0.003991210998487467,3.612237368637828e-05,0.9999920344005433
77,960000000,77.96,terrain_world,differential_drive_robot,4.243848764831977,11.400019677049594,0.006520276421534884,-6.597565415027291e-06,-0.002598894165046227,3.6424227110104386e-05,0.9999966221837285
77,980000000,77.98,terrain_world,differential_drive_robot,4.249679334334446,11.400020246525731,0.0066816780164176024,-5.098416301899688e-06,-0.0011986838439067662,3.666445063650321e-05,0.9999992808931247
78,0,78.0,terrain_world,differential_drive_robot,4.255547321076631,11.400020783928408,0.006572973469295837,-3.591533058807024e-06,0.00021442959428728784,3.684292380102961e-05,0.9999999763248253
78,20000000,78.02,terrain_world,differential_drive_robot,4.261436521323016,11.40002128810571,0.006194360650841023,-2.079687586567333e-06,0.0016351019851282187,3.695921629040374e-05,0.9999986625347003
78,40000000,78.04,terrain_world,differential_drive_robot,4.267333269756981,11.400021758259955,0.00554109916210306,-5.645824374990559e-07,0.0030853555305131743,3.7013337355170505e-05,0.9999952395941415
78,60000000,78.06,terrain_world,differential_drive_robot,4.2732359492966765,11.40002219826049,0.0046353379027941335,-1.5282883356400284e-07,0.0046082660225995505,3.7016824479012026e-05,0.9999893812006188
78,80000000,78.08,terrain_world,differential_drive_robot,4.2792335009567966,11.400022639710942,0.0036784171842321697,-2.1567023346727594e-07,0.006220350206119736,3.7018521052422383e-05,0.9999806527492899
78,100000000,78.1,terrain_world,differential_drive_robot,4.285361105299362,11.400023084280281,0.0036844287923146115,-2.1797914382235794e-07,0.006210606395602189,3.7030709192935615e-05,0.9999807133124509
78,120000000,78.12,terrain_world,differential_drive_robot,4.291266066834958,11.400023521603197,0.0036893458084455186,-2.197876415237743e-07,0.006202636271456348,3.7030699965274974e-05,0.9999807627809462
78,140000000,78.14,terrain_world,differential_drive_robot,4.297171017579403,11.400023958928003,0.003693367548157917,-2.212668186616254e-07,0.006196117534863734,3.7030692443669775e-05,0.9999808031938279
78,160000000,78.16,terrain_world,differential_drive_robot,4.303075959520077,11.400024396254347,0.003696657016177601,-2.2247664104807175e-07,0.006190785882246323,3.703068630927947e-05,0.9999808362157941
78,180000000,78.18,terrain_world,differential_drive_robot,4.308980894275527,11.400024833581943,0.0036993475382736596,-2.2346615525065463e-07,0.006186425137878549,3.703068130388577e-05,0.9999808632032375
78,200000000,78.2,terrain_world,differential_drive_robot,4.314885823164674,11.40002527091056,0.003701548164567178,-2.242754768892056e-07,0.0061828584901293384,3.703067721798764e-05,0.9999808852620983
78,220000000,78.22,terrain_world,differential_drive_robot,4.320790747262758,11.40002570824,0.0037033480892786842,-2.2493741689111865e-07,0.006179941323535008,3.7030673881383295e-05,0.9999809032946161
78,240000000,78.24,terrain_world,differential_drive_robot,4.326695667446608,11.400026145570125,0.003704820265900217,-2.2547881161109e-07,0.006177555356109404,3.703067115562762e-05,0.9999809180371897
78,260000000,78.26,terrain_world,differential_drive_robot,4.332604514686129,11.400026582102246,0.003671074383707072,8.675125786646899e-07,0.006117706728934947,3.702212359275845e-05,0.9999812859713868
78,280000000,78.28,terrain_world,differential_drive_robot,4.338508160964648,11.40002698761864,0.0035268059783722804,2.3172697016438796e-06,0.005875453257810795,3.696068800168364e-05,0.9999827386898001
78,300000000,78.3,terrain_world,differential_drive_robot,4.344397956334545,11.400027357631975,0.003271369619263952,3.75654213601997e-06,0.0054494657256881395,3.684306119029816e-05,0.9999851508656425
78,320000000,78.32,terrain_world,differential_drive_robot,4.3502613755957045,11.400027691196634,0.002912641225112235,5.18311617720833e-06,0.00485247127739711,3.667012189559824e-05,0.9999882260061563
78,340000000,78.34,terrain_world,differential_drive_robot,4.3560988741883495,11.40002798860781,0.00244598438022296,6.595903727484891e-06,0.004076386079844932,3.644313346697246e-05,0.9999916908179388
78,360000000,78.36,terrain_world,differential_drive_robot,4.361898617949818,11.400028248966812,0.0018790492134611433,7.992726872578871e-06,0.0031334375934623966,3.616294262570061e-05,0.9999950900865493
78,380000000,78.38,terrain_world,differential_drive_robot,4.367764039632787,11.400028508726274,0.002090531009394762,9.381630598168388e-06,0.0006898746524755491,3.5867092438962694e-05,0.9999997613492219
78,400000000,78.4,terrain_world,differential_drive_robot,4.373478643568088,11.400028694754887,0.002270125281331585,1.0691137195856755e-05,-0.0019029027448016918,3.550112934922383e-05,0.9999981887916164
78,420000000,78.42,terrain_world,differential_drive_robot,4.379186626696796,11.400034885856439,0.0025174467419196984,1.1154527936829014e-05,-0.004215956341549301,4.508301161515364e-05,0.9999911117381117
78,440000000,78.44,terrain_world,differential_drive_robot,4.385088633654446,11.40003541740287,0.0032408590503377964,9.211986369126575e-06,-0.005410659584384536,4.5083827323256556e-05,0.9999853612155779
78,460000000,78.46,terrain_world,differential_drive_robot,4.390985938555304,11.400035951503028,0.0038868347770756326,7.627180050076981e-06,-0.006476685095817874,4.5085592793451065e-05,0.9999790250096674
78,480000000,78.48,terrain_world,differential_drive_robot,4.396883401981863,11.40003648821925,0.0044294038414436155,6.331988375588394e-06,-0.007371295345049567,4.5089364650557215e-05,0.9999728305968074
78,500000000,78.5,terrain_world,differential_drive_robot,4.402781633821715,11.400037026519522,0.004864985425517716,5.2720171601954555e-06,-0.008088879318644594,4.509438374418224e-05,0.9999672834498491
78,520000000,78.52,terrain_world,differential_drive_robot,4.4086811185221695,11.400037565531436,0.005192153438419319,4.402881765461745e-06,-0.008627336568155775,4.50998681822974e-05,0.9999627828126186
78,540000000,78.54,terrain_world,differential_drive_robot,4.414582240144073,11.400038104719982,0.0054089904180296845,3.6882235350251264e-06,-0.008983686398757245,4.510536131654887e-05,0.9999596448510271
78,560000000,78.56,terrain_world,differential_drive_robot,4.420485280906698,11.400038643752382,0.005512979242773982,3.0982317064893765e-06,-0.009153883041836878,4.5110578335755134e-05,0.9999581013125965
78,580000000,78.58,terrain_world,differential_drive_robot,4.426390048630383,11.40003918223865,0.00552110837812273,2.6099378947173346e-06,-0.009166016686993305,4.5115145890682006e-05,0.9999579901655397
78,600000000,78.6,terrain_world,differential_drive_robot,4.432294948904183,11.40003971971787,0.005521858238614951,2.2101173712810953e-06,-0.009166197635398143,4.511881111335473e-05,0.9999579885076758
78,620000000,78.62,terrain_world,differential_drive_robot,4.438199849488646,11.400040256392696,0.005522471398361385,1.8831014377999344e-06,-0.009166345897510482,4.512180901571178e-05,0.999957987149142
78,640000000,78.64,terrain_world,differential_drive_robot,4.4441047503143905,11.40004079240957,0.005522972742557181,1.6156328802982785e-06,-0.009166467437113258,4.5124261075969685e-05,0.999957986035371
78,660000000,78.66,terrain_world,differential_drive_robot,4.450009651324118,11.400041327888271,0.005523382625234512,1.3968685320581494e-06,-0.009166567131606754,4.512626666376319e-05,0.9999579851217203
78,680000000,78.68,terrain_world,differential_drive_robot,4.4559145524704356,11.400041862926779,0.005523717694364694,1.2179396922332265e-06,-0.00916664896981129,4.512790706209152e-05,0.9999579843716699
78,700000000,78.7,terrain_world,differential_drive_robot,4.461819453714077,11.400042397605237,0.005523991566715065,1.0715925892310458e-06,-0.009166716213752984,4.512924875816242e-05,0.9999579837553472
78,720000000,78.72,terrain_world,differential_drive_robot,4.467724355022442,11.400042931989203,0.005524215379819141,9.518943132140257e-07,-0.009166771530990587,4.513034613588279e-05,0.9999579832483185
78,740000000,78.74,terrain_world,differential_drive_robot,4.47302935888457,11.400069363169582,0.0065361917208741046,-1.81197883723803e-05,-0.007444493594722075,9.685787437497067e-05,0.9999722845185978
78,760000000,78.76,terrain_world,differential_drive_robot,4.478631474291469,11.400070758050028,0.007523238143959952,-1.6716782986982695e-05,-0.005792514609217862,9.733109090788915e-05,0.9999832183700434
78,780000000,78.78,terrain_world,differential_drive_robot,4.48431112117612,11.400072196640163,0.00835875491639807,-1.4849174693165347e-05,-0.004350995649672224,9.78601938744152e-05,0.9999905294750251
78,800000000,78.8,terrain_world,differential_drive_robot,4.4900554798418275,11.400073649472613,0.008951965444795814,-1.258028744972482e-05,-0.0029431215056108916,9.839556518381114e-05,0.9999956640885261
78,820000000,78.82,terrain_world,differential_drive_robot,4.495853120048609,11.400075091168203,0.009284427056425652,-9.974638617562698e-06,-0.0015372375917451925,9.889315355062377e-05,0.9999988135099148
78,840000000,78.84,terrain_world,differential_drive_robot,4.5016960504616765,11.400074142353434,0.009349641775410077,-1.1456865936802308e-05,-0.0001309071925090785,9.514402915714784e-05,0.9999999868398307
78,860000000,78.86,terrain_world,differential_drive_robot,4.507570176426624,11.400075475516722,0.00914115931675295,-7.453683743889646e-06,0.0012859342273352256,9.549934035723627e-05,0.9999991685983951
78,880000000,78.88,terrain_world,differential_drive_robot,4.513465446698135,11.400075894787946,0.008661327245869236,-3.259124753667527e-06,0.0027135691367189906,9.42831912338806e-05,0.9999963138145052
78,900000000,78.9,terrain_world,differential_drive_robot,4.519365891970046,11.400075900965039,0.007900410831369388,6.939031952513903e-07,0.004166600585448707,9.19279408953681e-05,0.9999913154564561
78,920000000,78.92,terrain_world,differential_drive_robot,4.525261231501501,11.400076985062514,0.006934644614691445,3.490464410559633e-07,0.0057857428546445435,9.192700345118108e-05,0.9999832582243185
78,940000000,78.94,terrain_world,differential_drive_robot,4.531150848085156,11.400078067801015,0.005797051761031619,1.3137054911743106e-08,0.007695868970350942,9.192529041608503e-05,0.9999703821366571
78,960000000,78.96,terrain_world,differential_drive_robot,4.5374776328001065,11.400072925392358,0.00516513209088508,-6.854167750362727e-06,0.008756448458603258,8.15289713145143e-05,0.9999616582231736
78,980000000,78.98,terrain_world,differential_drive_robot,4.543410217616804,11.400072728370477,0.005175275480204915,-5.71708632885417e-06,0.008740676929895242,7.960199164086248e-05,0.9999617963690638
79,0,79.0,terrain_world,differential_drive_robot,4.5493152574510365,11.400073678422284,0.005183879516742779,-4.801422760732071e-06,0.008727259821254489,7.960967602883892e-05,0.9999619135623408
79,20000000,79.02,terrain_world,differential_drive_robot,4.555220271561545,11.400074626814803,0.00519091695362139,-4.052726221117223e-06,0.008716285968767577,7.961607978515742e-05,0.9999620092802356
79,40000000,79.04,terrain_world,differential_drive_robot,4.561125264771952,11.400075573775945,0.005196673032965435,-3.4405823701991785e-06,0.008707310474737636,7.962130387243416e-05,0.9999620874777738
79,60000000,79.06,terrain_world,differential_drive_robot,4.5670302409289665,11.400076519574556,0.0052013810627017844,-2.9401246379116153e-06,0.008699969450504245,7.962557275362224e-05,0.9999621513750828
79,80000000,79.08,terrain_world,differential_drive_robot,4.572935203054444,11.400077464517967,0.00520523193172002,-2.5308570348847966e-06,0.008693965366370926,7.962921508155027e-05,0.9999622035952115
79,100000000,79.1,terrain_world,differential_drive_robot,4.578842270842413,11.400079995462802,0.005203290291431071,3.6256079543414503e-06,0.008680641688209832,8.223871143006406e-05,0.9999623191318412
79,120000000,79.12,terrain_world,differential_drive_robot,4.584749501416798,11.400081010474507,0.005118115129250353,6.971924525071283e-06,0.008531605521191926,8.228081586057377e-05,0.9999636017818301
79,140000000,79.14,terrain_world,differential_drive_robot,4.590645696771885,11.400080291335629,0.0049216909917764355,4.844137241802645e-06,0.00820014734108076,7.957423090041227e-05,0.9999663750487117
79,160000000,79.16,terrain_world,differential_drive_robot,4.596526512956845,11.400081125629569,0.004613383904755322,7.976515415785556e-06,0.0076847702495905345,7.937513132851412e-05,0.9999704685350337
79,180000000,79.18,terrain_world,differential_drive_robot,4.602381693241981,11.40008188911434,0.004198963626620525,1.1089464022527762e-05,0.006994523811205762,7.906613060338171e-05,0.9999755348318404
79,200000000,79.2,terrain_world,differential_drive_robot,4.608203432175621,11.40008257695299,0.0036820845026764694,1.4219749136168936e-05,0.006134925272201771,7.864254939366797e-05,0.9999811779753921
79,220000000,79.22,terrain_world,differential_drive_robot,4.614087390125668,11.40008315991249,0.0035481371392031735,1.7532842931269345e-05,0.004351698381243551,7.800732548972896e-05,0.9999905281194694
79,240000000,79.24,terrain_world,differential_drive_robot,4.619837166211092,11.400083584289183,0.003825700178158516,2.0566407609613826e-05,0.0017345843910551038,7.723150962415045e-05,0.9999984924135171
79,260000000,79.26,terrain_world,differential_drive_robot,4.625533385784445,11.400084374417842,0.003910344029228419,2.3567608391448968e-05,-0.000852800010431013,7.623215530392259e-05,0.999999633182617
79,280000000,79.28,terrain_world,differential_drive_robot,4.6311675801526935,11.400086222148813,0.003813322237933376,3.1891033586654024e-05,-0.0034095687536860888,7.686894676218885e-05,0.9999941839406071
79,300000000,79.3,terrain_world,differential_drive_robot,4.636734205044579,11.40008569089802,0.0035361914656719252,2.90193550099028e-05,-0.0059398314180567485,7.489315931357087e-05,0.9999823558201499
79,320000000,79.32,terrain_world,differential_drive_robot,4.642589974089867,11.400086496176138,0.004152177263985439,2.38908138590097e-05,-0.006948454200110086,7.476050011917911e-05,0.9999758561206994
79,340000000,79.34,terrain_world,differential_drive_robot,4.6484873371212565,11.40008739507922,0.004672005471766183,1.9698779445207044e-05,-0.007799146832331164,7.477229289094836e-05,0.9999695832022842
79,360000000,79.36,terrain_world,differential_drive_robot,4.654385694750474,11.400088298387578,0.005081098463284294,1.6268089068677886e-05,-0.008467832021111756,7.47877271478895e-05,0.9999641443386894
79,380000000,79.38,terrain_world,differential_drive_robot,4.660285461642889,11.40008920345765,0.005381037771160923,1.3457819589850653e-05,-0.008957167690908987,7.480458415904451e-05,0.9999598808802872
79,400000000,79.4,terrain_world,differential_drive_robot,4.666186995841253,11.400090108688229,0.0055697824991398645,1.1152292835920476e-05,-0.009263784871212485,7.482151674473977e-05,0.9999570873628661
79,420000000,79.42,terrain_world,differential_drive_robot,4.6720905524404595,11.400091013102202,0.005644703844629879,9.256772224597267e-06,-0.009383297847464323,7.48377028715731e-05,0.9999559730483818
79,440000000,79.44,terrain_world,differential_drive_robot,4.677995489325521,11.40009191553244,0.005644878888381029,7.698867073808382e-06,-0.009380135743743741,7.4852300498879e-05,0.9999560027277647
79,460000000,79.46,terrain_world,differential_drive_robot,4.683900400575065,11.400092814752883,0.005646063400164008,6.424775170087388e-06,-0.009379268515424838,7.486425968505062e-05,0.9999560108705685
79,480000000,79.48,terrain_world,differential_drive_robot,4.689805310123855,11.40009371134666,0.005647032383111459,5.3826865997819015e-06,-0.00937855893171273,7.487403955526313e-05,0.9999560175314058
79,500000000,79.5,terrain_world,differential_drive_robot,4.695710218294276,11.40009460579265,0.005647825076199481,4.530355164006493e-06,-0.00937797829833896,7.488203749435704e-05,0.999956022980607
79,520000000,79.52,terrain_world,differential_drive_robot,4.7016151253493526,11.400095498482338,0.005648473573095557,3.833227403411248e-06,-0.009377503146539757,7.488857834492319e-05,0.9999560274390789
79,540000000,79.54,terrain_world,differential_drive_robot,4.7075200315035675,11.400096389735793,0.005649004123255586,3.2630418039666345e-06,-0.009377114281484524,7.489392767670178e-05,0.9999560310873694
79,560000000,79.56,terrain_world,differential_drive_robot,4.713424936931703,11.400097279814723,0.005649438196108972,2.7966830775137612e-06,-0.00937679600398629,7.489830261986749e-05,0.9999560340730599
79,580000000,79.58,terrain_world,differential_drive_robot,4.719329841776057,11.400098168933116,0.005649793351469015,2.415245069827748e-06,-0.009376535473937962,7.490188071241193e-05,0.9999560365167964
79,600000000,79.6,terrain_world,differential_drive_robot,4.724959822042711,11.400103270163626,0.006071601877038572,-7.094777531834533e-05,-0.008668167450793442,8.743342666562732e-05,0.9999624243914639
79,620000000,79.62,terrain_world,differential_drive_robot,4.730575060915306,11.400112698259656,0.007018076326948714,-6.330869981107573e-05,-0.0070780534731248014,0.00010319148820721898,0.9999749429373502
79,640000000,79.64,terrain_world,differential_drive_robot,4.736275366369145,11.400115523089857,0.007796081969449866,-5.264813408364762e-05,-0.005656950822393513,0.0001059258959041086,0.9999839923295131
79,660000000,79.66,terrain_world,differential_drive_robot,4.742038763516197,11.400119272198534,0.008317466718420768,-3.820939614914852e-05,-0.004248501951286,0.00011032673998116798,0.999990968258825
79,680000000,79.68,terrain_world,differential_drive_robot,4.747852486326927,11.400122725582419,0.008579344244603595,-2.571906826249365e-05,-0.002844030480063946,0.00011411032782645936,0.9999959488957898
79,700000000,79.7,terrain_world,differential_drive_robot,4.75370622587379,11.400126862518158,0.008572311216236804,-1.5110954259386063e-05,-0.0014294933989664432,0.00011899973747472502,0.9999989710791426
79,720000000,79.72,terrain_world,differential_drive_robot,4.759589307344757,11.40012847230622,0.008294442994684393,-1.0172864631095774e-05,-1.264285911233639e-05,0.00011935065731037841,0.9999999927460459
79,740000000,79.74,terrain_world,differential_drive_robot,4.765488886507509,11.40012995342023,0.0077387349162234805,-5.254173491095391e-06,0.001425531089435761,0.00011947183808051758,0.9999989767794698
79,760000000,79.76,terrain_world,differential_drive_robot,4.771393769971057,11.4001313204133,0.006912609061388591,-2.133231827654409e-06,0.002894441984402069,0.0001193973614295367,0.9999958039638558
79,780000000,79.78,terrain_world,differential_drive_robot,4.777291150864876,11.400132727386596,0.0058982663110832174,-2.0105280712350393e-06,0.004592340710301698,0.00011939589123408506,0.9999894480180176
79,800000000,79.8,terrain_world,differential_drive_robot,4.783182861163764,11.400134133578202,0.0047105734532103425,-1.982135473151537e-06,0.0065837906328937495,0.00011939440259548397,0.9999783194859526
79,820000000,79.82,terrain_world,differential_drive_robot,4.789543526853901,11.400135613405133,0.004319190323162465,-1.841988023387504e-06,0.007229770636031867,0.00011943567291973111,0.9999738577324296
79,840000000,79.84,terrain_world,differential_drive_robot,4.795448462606551,11.400137025587878,0.004323091219312537,-1.663445969247347e-06,0.007225911049653879,0.00011943696574255117,0.9999738856297932
79,860000000,79.86,terrain_world,differential_drive_robot,4.801353392288975,11.400138437487044,0.004326281786026198,-1.517415145973394e-06,0.007222754251023992,0.00011943802204991471,0.999973908436258
79,880000000,79.88,terrain_world,differential_drive_robot,4.807258317010077,11.400139849154712,0.004328891357562146,-1.3979754854072447e-06,0.0072201722514099375,0.00011943888532052047,0.9999739270826307
79,900000000,79.9,terrain_world,differential_drive_robot,4.813163237674467,11.400141260633314,0.0043310257180725,-1.3002849202372344e-06,0.007218060368008744,0.0001194395909315171,0.9999739423290075
79,920000000,79.92,terrain_world,differential_drive_robot,4.8190681550203145,11.400142671957454,0.004332771389685519,-1.2203830896639406e-06,0.007216332980124978,0.00011944016774271769,0.9999739547962622
79,940000000,79.94,terrain_world,differential_drive_robot,4.824973069649981,11.400144083155368,0.004334199139838434,-1.1550307870064118e-06,0.007214920058111344,0.0001194406393083251,0.9999739649916666
79,960000000,79.96,terrain_world,differential_drive_robot,4.830880090697059,11.4001470926662,0.004318923638006014,6.4084464435703974e-06,0.007186553778655356,0.00012204561748682633,0.9999741689206705
79,980000000,79.98,terrain_world,differential_drive_robot,4.8367833298817775,11.400146900961976,0.0042037123686801195,5.9574697049637544e-06,0.006993347367478504,0.00011938376266041593,0.9999755391031441
80,0,80.0,terrain_world,differential_drive_robot,4.8426770823287875,11.400148193745755,0.003974399186759602,1.0680540040123583e-05,0.006611651889698656,0.0001191571065874021,0.9999781356343745
80,20000000,80.02,terrain_world,differential_drive_robot,4.8485508301202636,11.400149377116337,0.003636670898270054,1.5370980829921694e-05,0.006050594999688208,0.00011875769495790645,0.9999816878125781
80,40000000,80.04,terrain_world,differential_drive_robot,4.854396515714805,11.40015044938341,0.003194148388086537,2.002411438404011e-05,0.00531581669832536,0.00011818828553527916,0.9999858637617803
80,60000000,80.06,terrain_world,differential_drive_robot,4.860207014142804,11.400151328254601,0.0026500110456811384,2.4579741432252236e-05,0.004412161100012704,0.00011732817174528568,0.9999902591847403
80,80000000,80.08,terrain_world,differential_drive_robot,4.865972263575118,11.40015395141815,0.002010319172986408,3.446417082858324e-05,0.00334919784933997,0.00011899035162881299,0.9999943837478704
80,100000000,80.1,terrain_world,differential_drive_robot,4.871686852240924,11.400152788769123,0.001277249996779402,3.3523131057045056e-05,0.002130004103695134,0.00011520310032083218,0.9999977243408925
80,120000000,80.12,terrain_world,differential_drive_robot,4.877347289186747,11.400153303265801,0.0004514809755442791,3.789379396427287e-05,0.000755107376799044,0.00011384512136003708,0.9999997077080564
80,140000000,80.14,terrain_world,differential_drive_robot,4.88312728957176,11.400154211819707,0.0004804918385136631,-1.3578225394121877e-05,-0.0008320772196474165,0.00011609234304145969,0.9999996469927878
80,160000000,80.16,terrain_world,differential_drive_robot,4.889030419321528,11.400155593981344,0.0011388432508281985,-1.0961681648045054e-05,-0.0019220908347642274,0.00011610136627375042,0.9999981459818499
80,180000000,80.18,terrain_world,differential_drive_robot,4.894932731784631,11.400156969157926,0.001690902275734337,-8.81907167375441e-06,-0.002835321561469288,0.00011610472267958555,0.9999959736886745
80,200000000,80.2,terrain_world,differential_drive_robot,4.900834814025311,11.400158339917956,0.0021359813028082727,-7.067935323056354e-06,-0.003570922186205853,0.00011610450021563573,0.9999936174718964
80,220000000,80.22,terrain_world,differential_drive_robot,4.906737147982168,11.400159708082334,0.002472878032256925,-5.640948695097295e-06,-0.004127132241480467,0.00011610216992918702,0.9999914765976394
80,240000000,80.24,terrain_world,differential_drive_robot,4.912640111116194,11.40016107492036,0.0026997931242650473,-4.483204949129124e-06,-0.004501136446243709,0.0001160987513512183,0.999989863084458
80,260000000,80.26,terrain_world,differential_drive_robot,4.91854397272537,11.400162441296292,0.002814418485669837,-3.5499601154281173e-06,-0.004689204795611628,0.0001160949362543018,0.9999889988733618
80,280000000,80.28,terrain_world,differential_drive_robot,4.924448758020069,11.400163807900364,0.002827809705094591,-2.8021299673950017e-06,-0.00470969719407268,0.00011609134475211712,0.9999889025720675
80,300000000,80.3,terrain_world,differential_drive_robot,4.93035366123252,11.400165175289787,0.002828511109677479,-2.1924467746768797e-06,-0.004709452350649474,0.00011608847171466398,0.9999889037270449
80,320000000,80.32,terrain_world,differential_drive_robot,4.93625856412206,11.400166543308732,0.0028290846012350534,-1.693782646081443e-06,-0.00470925241355664,0.00011608612205877177,0.9999889046698712
80,340000000,80.34,terrain_world,differential_drive_robot,4.942163466732037,11.40016791184246,0.002829553466224459,-1.285921775280818e-06,-0.004709089214962012,0.00011608420040663753,0.9999889054392406
80,360000000,80.36,terrain_world,differential_drive_robot,4.948068369097482,11.400169280797162,0.0028299367511187908,-9.523295147435609e-07,-0.004708956073841996,0.00011608262877247609,0.9999889060667678
80,380000000,80.38,terrain_world,differential_drive_robot,4.953973271246626,11.40017065009612,0.002830250034482987,-6.79482062158706e-07,-0.0047088475252250565,0.00011608134338747635,0.9999889065782901
80,400000000,80.4,terrain_world,differential_drive_robot,4.959878173202192,11.400172019676619,0.0028305060584608876,-4.563182063192564e-07,-0.004708759098740653,0.00011608029210562144,0.9999889069949265
80,420000000,80.42,terrain_world,differential_drive_robot,4.965694418898876,11.400176602305862,0.002957962566136268,-3.4094996949211234e-06,-0.004550643076746735,0.000122772571277552,0.9999896382277464
80,440000000,80.44,terrain_world,differential_drive_robot,4.970974274924721,11.400201520033336,0.004034941174817703,-2.3290978444396792e-05,-0.0026642673216982714,0.00017034290693824437,0.9999964360538807
80,460000000,80.46,terrain_world,differential_drive_robot,4.9765579245192395,11.400203646236863,0.00504135031405996,-2.262102754617315e-05,-0.0009894392433617615,0.0001706243563088856,0.9999994956926738
80,480000000,80.48,terrain_world,differential_drive_robot,4.982221649247923,11.400205943052745,0.005900464969506526,-2.083420266295779e-05,0.0004654096819082275,0.00017117263070748744,0.99999987682987
80,500000000,80.5,terrain_world,differential_drive_robot,4.987953521186128,11.400206965776869,0.006525309572880936,-2.3284157869066e-05,0.001864300843982625,0.0001693731035232675,0.9999982475749459
80,520000000,80.52,terrain_world,differential_drive_robot,4.993737679568675,11.400209483453514,0.006890548414176407,-1.879634402422017e-05,0.0032689369469892384,0.00017027329700177777,0.9999946423381169
80,540000000,80.54,terrain_world,differential_drive_robot,4.999566970029747,11.400210530016873,0.006987436494097069,-1.8181072477572715e-05,0.004676475494284079,0.0001685513452905983,0.9999890508584801
80,560000000,80.56,terrain_world,differential_drive_robot,5.005430249035843,11.400213055702835,0.006816903569679411,-1.107463782767717e-05,0.006083942591107614,0.0001694361667349258,0.999981478234115
80,580000000,80.58,terrain_world,differential_drive_robot,5.011313997647609,11.400215410667073,0.006371517284051748,-4.057241242865662e-06,0.007509299741591171,0.00016999637171082158,0.9999717903531896
80,600000000,80.6,terrain_world,differential_drive_robot,5.017206863645726,11.400217573980267,0.005652401045445278,2.6799131692526464e-06,0.008948545366758863,0.0001702055021725232,0.9999599464772198
80,620000000,80.62,terrain_world,differential_drive_robot,5.023298895713036,11.40021774652887,0.005521625225903199,-2.508927070043412e-06,0.009166556966249908,0.00016719227505411163,0.9999579722537507
80,640000000,80.64,terrain_world,differential_drive_robot,5.029203794390421,11.4002197231215,0.005522276776577775,-2.331167130406364e-06,0.009166647545101624,0.0001671938221594591,0.9999579714235871
80,660000000,80.66,terrain_world,differential_drive_robot,5.035108693199921,11.400221699390576,0.005522809687235223,-2.1857503117543635e-06,0.009166721634853154,0.00016719512551567552,0.9999579707445116
80,680000000,80.68,terrain_world,differential_drive_robot,5.04101359197452,11.400223675387679,0.005523245714229751,-2.066771570218016e-06,0.009166782490499263,0.00016719621604281205,0.9999579701867103
80,700000000,80.7,terrain_world,differential_drive_robot,5.046918490968646,11.400225651147643,0.005523602586279973,-1.969458101580764e-06,0.009166832665372337,0.0001671971080150727,0.9999579697267947
80,720000000,80.72,terrain_world,differential_drive_robot,5.05282339016122,11.400227626713656,0.005523894715543944,-1.8898648083086517e-06,0.009166874102043773,0.00016719783758440782,0.9999579693469665
80,740000000,80.74,terrain_world,differential_drive_robot,5.058728289534882,11.400229602121042,0.005524133889452328,-1.8247649678376942e-06,0.00916690838873837,0.00016719843432086312,0.999957969032672
80,760000000,80.76,terrain_world,differential_drive_robot,5.06463318907529,11.400231577398685,0.005524329748655698,-1.7715194213885267e-06,0.009166936823863103,0.0001671989224107312,0.9999579687720126
80,780000000,80.78,terrain_world,differential_drive_robot,5.070538088770545,11.400233552570214,0.00552449017794154,-1.7279695826854637e-06,0.00916696046878662,0.0001671993216366396,0.9999579685552612
80,800000000,80.8,terrain_world,differential_drive_robot,5.076442988610698,11.400235527654962,0.005524621625968598,-1.6923499290015779e-06,0.00916698019100879,0.00016719964817925765,0.9999579683744668
80,820000000,80.82,terrain_world,differential_drive_robot,5.082351316907667,11.400237567740989,0.005479536087680667,3.953965323238506e-06,0.009092347966558802,0.0001672567864603223,0.9999586497540729
80,840000000,80.84,terrain_world,differential_drive_robot,5.08825314910486,11.400239834871371,0.005322355038281119,1.173572477551905e-05,0.00883254636312023,0.00016765707784295586,0.9999609781777089
80,860000000,80.86,terrain_world,differential_drive_robot,5.094142207584673,11.400241526554543,0.005053087704760065,1.836427147936467e-05,0.008387446566580747,0.0001671257079001183,0.9999648106167757
80,880000000,80.88,terrain_world,differential_drive_robot,5.100008852732328,11.400243046384618,0.004676476133095653,2.4963172448773812e-05,0.00776464894656714,0.0001663295923558314,0.9999698405142243
80,900000000,80.9,terrain_world,differential_drive_robot,5.105843009726416,11.400242630487577,0.0041982754712319124,2.5915880324084552e-05,0.006973353174303466,0.00016264582067118468,0.9999756723141872
80,920000000,80.92,terrain_world,differential_drive_robot,5.1116392525115355,11.40024561169164,0.00362001792334402,3.759039229349972e-05,0.006015707350055069,0.00016404603649684382,0.999981891306507
80,940000000,80.94,terrain_world,differential_drive_robot,5.117392316705326,11.400246624049835,0.0029434178042264075,4.397028117554505e-05,0.0048940813663711355,0.0001625186948932889,0.9999880097390506
80,960000000,80.96,terrain_world,differential_drive_robot,5.123093226044041,11.40024746180688,0.0021740040337676703,5.0248253084852037e-05,0.003617110717584341,0.00016075492777629555,0.9999934440500212
80,980000000,80.98,terrain_world,differential_drive_robot,5.128733199820677,11.400246172660411,0.0013174604145120266,5.075750096332265e-05,0.002193652554399062,0.00015610428431291081,0.9999975804688724
81,0,81.0,terrain_world,differential_drive_robot,5.134387603419165,11.400246086378317,0.0008073871559816981,5.9563362018885205e-05,-2.8975557148828886e-05,0.00015277888940049057,0.9999999861356172
81,20000000,81.02,terrain_world,differential_drive_robot,5.140078968804692,11.400245682623037,0.0010059373969641368,-4.764850629009692e-06,-0.0016865020341786934,0.00015458711409940823,0.9999985658944762
81,40000000,81.04,terrain_world,differential_drive_robot,5.145987283140807,11.400247512055946,0.001539749379706021,-3.7127140430270803e-06,-0.0025722467780693063,0.0001545922447746245,0.9999966798114713
81,60000000,81.06,terrain_world,differential_drive_robot,5.151889715303755,11.400249337918218,0.001965318999702852,-2.855087599792502e-06,-0.003277781535310407,0.00015459316548329898,0.999994616106011
81,80000000,81.08,terrain_world,differential_drive_robot,5.157792406651833,11.400251162546542,0.0022796975574893115,-2.1623367997149934e-06,-0.003798522481237007,0.00015459295381278326,0.9999927736355411
81,100000000,81.1,terrain_world,differential_drive_robot,5.16369572012656,11.400252986587065,0.002481114737122541,-1.610059798546321e-06,-0.00413176276750777,0.00015459210190583053,0.9999914522810296
81,120000000,81.12,terrain_world,differential_drive_robot,5.169599857165624,11.400254810483577,0.002572582694536142,-1.1771607098773894e-06,-0.004282642444862867,0.00015459095476209674,0.999990817494811
81,140000000,81.14,terrain_world,differential_drive_robot,5.175504709841474,11.400256634429333,0.002578701927413585,-8.407185332681066e-07,-0.004292034348055211,0.00015458961994580187,0.9999907772287191
81,160000000,81.16,terrain_world,differential_drive_robot,5.181409611838337,11.40025845862849,0.0025790374454193305,-5.667394635228705e-07,-0.004291966178136241,0.00015458844340258325,0.9999907775216818
81,180000000,81.18,terrain_world,differential_drive_robot,5.187314513839962,11.400260283085249,0.0025793119890616186,-3.4265013851533224e-07,-0.00429191021876935,0.00015458748111800766,0.9999907777621088
81,200000000,81.2,terrain_world,differential_drive_robot,5.193219415854677,11.40026210775269,0.0025795366530385806,-1.5936597829760817e-07,-0.00429186426038952,0.00015458669406871297,0.9999907779595265
81,220000000,81.22,terrain_world,differential_drive_robot,5.199124317888626,11.400263932592452,0.002579720511607803,-9.456642142155213e-09,-0.004291826496074177,0.00015458605034017947,0.9999907781217188
81,240000000,81.24,terrain_world,differential_drive_robot,5.205029219946155,11.400265757573157,0.002579870986507041,1.1315519698967472e-07,-0.004291795448201772,0.00015458552383131223,0.9999907782550467
81,260000000,81.26,terrain_world,differential_drive_robot,5.210934122030135,11.400267582669137,0.002579994147879585,2.134402269096976e-07,-0.004291769908465121,0.00015458509319516363,0.9999907783647088
81,280000000,81.28,terrain_world,differential_drive_robot,5.216469329104737,11.400277663700255,0.0030471701208463963,-8.444045704453939e-05,-0.0034798762877537325,0.0001779276140700495,0.9999939258178498
81,300000000,81.3,terrain_world,differential_drive_robot,5.22193899433439,11.400304720077093,0.00415086264529573,-8.307151646424384e-05,-0.0016412184913202556,0.00022721067068328713,0.9999986239372023
81,320000000,81.32,terrain_world,differential_drive_robot,5.227542939612147,11.400310699985235,0.005123148568520661,-6.733730051702584e-05,-2.3948765068714133e-05,0.00023304947431197914,0.999999970290045
81,340000000,81.34,terrain_world,differential_drive_robot,5.233225330326094,11.400314882588477,0.005935860258520652,-5.750128478315005e-05,0.0013937500703123528,0.00023582553256924925,0.9999989992698303
81,360000000,81.36,terrain_world,differential_drive_robot,5.238968992950174,11.400317561968278,0.006506001040300832,-5.2920282187484474e-05,0.0027900099384741786,0.0002356065547352489,0.9999960787590811
81,380000000,81.38,terrain_world,differential_drive_robot,5.244766154157055,11.400321398651554,0.006809933050056506,-4.304234161388201e-05,0.004190942065218767,0.00023736254076302414,0.9999911888666755
81,400000000,81.4,terrain_world,differential_drive_robot,5.250604073925883,11.400325042887154,0.006852141486573526,-3.2986499498782524e-05,0.005591313769198298,0.00023874572465894348,0.9999843394387256
81,420000000,81.42,terrain_world,differential_drive_robot,5.256469239362405,11.400328151190687,0.00662186131862322,-2.402191983777816e-05,0.007005863177257046,0.00024245566075320742,0.9999754289578027
81,440000000,81.44,terrain_world,differential_drive_robot,5.26235468819011,11.400331368939003,0.006122815943860064,-1.3597973150466362e-05,0.008429077153387454,0.0002429843742487371,0.9999644450839396
81,460000000,81.46,terrain_world,differential_drive_robot,5.268428526747753,11.400332795235565,0.00561166232284966,-3.731644444624186e-06,0.009436231358351138,0.0002404459956494963,0.999955448862373
81,480000000,81.48,terrain_world,differential_drive_robot,5.274352621650593,11.400334454631674,0.005618896939379306,-3.4441474562020686e-06,0.009425166597336408,0.00023849240316813853,0.9999555536843244
81,500000000,81.5,terrain_world,differential_drive_robot,5.280257625404367,11.400337273951807,0.005624814198178101,-3.2241030596110826e-06,0.009416116376959103,0.00023849448814035044,0.9999556389472284
81,520000000,81.52,terrain_world,differential_drive_robot,5.286162610548452,11.400340092810797,0.005629653960577806,-3.0441272013146817e-06,0.00940871407248102,0.00023849619049402145,0.9999557086240384
81,540000000,81.54,terrain_world,differential_drive_robot,5.29206758049222,11.400342911293789,0.005633612409533138,-2.896923681854964e-06,0.009402659593605275,0.00023849758088235077,0.999955765573197
81,560000000,81.56,terrain_world,differential_drive_robot,5.297972538015515,11.400345729470033,0.0056368500085666115,-2.7765248863870833e-06,0.009397707494727209,0.0002384987167685209,0.9999558121259642
81,580000000,81.58,terrain_world,differential_drive_robot,5.303877485385922,11.40034854739591,0.005639498004704863,-2.678049859646364e-06,0.009393657024474013,0.00023849964493493988,0.9999558501846239
81,600000000,81.6,terrain_world,differential_drive_robot,5.3097824244538225,11.400351365117354,0.0056416637477185606,-2.5975064333231867e-06,0.009390343987175257,0.00023850040350001345,0.9999558813020768
81,620000000,81.62,terrain_world,differential_drive_robot,5.315687356729561,11.400354182671832,0.005643435041061999,-2.531629384590355e-06,0.009387634086317062,0.00023850102354387487,0.9999559067464495
81,640000000,81.64,terrain_world,differential_drive_robot,5.321592283446154,11.4003570000899,0.005644883700734972,-2.4777480646547233e-06,0.009385417480116457,0.0002385015304221765,0.9999559275536121
81,660000000,81.66,terrain_world,differential_drive_robot,5.327497207500112,11.400359821367015,0.005645957060733343,-2.0657529962657544e-06,0.009383420444546504,0.00023850513368552464,0.999955946295533
81,680000000,81.68,terrain_world,differential_drive_robot,5.333404607124724,11.400362625948299,0.00558167374815091,7.349672883432133e-06,0.009274177329187611,0.000238397633141977,0.9999569654477224
81,700000000,81.7,terrain_world,differential_drive_robot,5.339306413617242,11.400366799576185,0.005401958372892361,2.18348118928158e-05,0.008974806207045858,0.00024045267745699886,0.9999596964674611
81,720000000,81.72,terrain_world,differential_drive_robot,5.3451909838254705,11.40036918981528,0.0051134880912912725,3.114676160357184e-05,0.008496074660523758,0.00023962892809733575,0.9999638785092283
81,740000000,81.74,terrain_world,differential_drive_robot,5.3510516659098375,11.400371332214606,0.004718261137655354,4.032792288583892e-05,0.007840956430888314,0.00023842533253330038,0.9999692299912374
81,760000000,81.76,terrain_world,differential_drive_robot,5.356927350962107,11.40037164086341,0.004417987908215101,4.429151986765772e-05,0.006743476760042275,0.00023439193075562443,0.9999772340507912
81,780000000,81.78,terrain_world,differential_drive_robot,5.362791782178286,11.400373460168396,0.004931670019572421,5.316775578735192e-05,0.0040136787766924965,0.00023273165627419088,0.9999919166632515
81,800000000,81.8,terrain_world,differential_drive_robot,5.368552772197087,11.40037486112938,0.005264432679681142,6.16935443509676e-05,0.001386252139680607,0.00023062697026059197,0.9999990106545669
81,820000000,81.82,terrain_world,differential_drive_robot,5.37426173133227,11.400376021749345,0.005402238575861746,7.014667635487453e-05,-0.0012099559138622762,0.00022820979833725071,0.9999992395029199
81,840000000,81.84,terrain_world,differential_drive_robot,5.379909104992962,11.400376933884647,0.005359293517962399,7.850709930288093e-05,-0.0037695628112668126,0.0002254784284969088,0.9999928666707206
81,860000000,81.86,terrain_world,differential_drive_robot,5.385493701117067,11.400377603079242,0.005133894627382452,8.676968729253077e-05,-0.0063131833914686596,0.00022244174032743806,0.9999800431539417
81,880000000,81.88,terrain_world,differential_drive_robot,5.391047987395137,11.400379560688242,0.00507461536879404,2.6062081873995724e-05,-0.008470759945215303,0.00022108617718619993,0.9999640976893224
81,900000000,81.9,terrain_world,differential_drive_robot,5.396951137511152,11.400382805151814,0.0055873132953675846,2.1852296436367396e-05,-0.009309053056799393,0.0002220951507458242,0.9999566449238722
81,920000000,81.92,terrain_world,differential_drive_robot,5.402847512625283,11.400385452972303,0.006034976896673358,1.8412621058883262e-05,-0.010040938378260134,0.00022211593256224558,0.9999495636690743
81,940000000,81.94,terrain_world,differential_drive_robot,5.408745529925838,11.400388102222124,0.006374076299499425,1.558932339106311e-05,-0.010594552361219058,0.00022213750199035,0.9999438513597494
81,960000000,81.96,terrain_world,differential_drive_robot,5.4146455900579324,11.400390751461565,0.006602745520475939,1.3262268826397233e-05,-0.010966867238218533,0.00022215859609461594,0.9999398373365518
81,980000000,81.98,terrain_world,differential_drive_robot,5.42054805435522,11.400393400001812,0.006715824973138962,1.1331861399407855e-05,-0.011149378588772924,0.00022217863849146127,0.9999378189994245
82,0,82.0,terrain_world,differential_drive_robot,5.426452630966142,11.400396046576846,0.006732376883744953,9.725144089578611e-06,-0.01117345389489557,0.00022219642116288029,0.9999375502811316
82,20000000,82.02,terrain_world,differential_drive_robot,5.432357546931871,11.400398689588046,0.0067332946997979495,8.40637554242483e-06,-0.011172340758480528,0.00022221116611999882,0.999937562727547
82,40000000,82.04,terrain_world,differential_drive_robot,5.438262460075064,11.40040132935583,0.006734045169892424,7.327745687781173e-06,-0.011171430686383672,0.00022222322395557218,0.9999375729012098
82,60000000,82.06,terrain_world,differential_drive_robot,5.444167370892407,11.40040396647177,0.0067346587625949665,6.4455269377266435e-06,-0.01117068670791896,0.000222233084708882,0.9999375812166401
82,80000000,82.08,terrain_world,differential_drive_robot,5.4500722797897465,11.400406601419382,0.00673516039880658,5.723954193626306e-06,-0.011170078584005916,0.0002222411489439344,0.9999375880126395
82,100000000,82.1,terrain_world,differential_drive_robot,5.455977187098705,11.400409234593939,0.006735570461924644,5.1337749326564454e-06,-0.011169581581355545,0.0002222477441225168,0.9999375935661595
82,120000000,82.12,terrain_world,differential_drive_robot,5.461882093090249,11.400411866318588,0.006735905624072347,4.65106331327191e-06,-0.011169175469878228,0.00022225313796933244,0.9999375981036184
82,140000000,82.14,terrain_world,differential_drive_robot,5.467786997985774,11.40041449685753,0.00673617952188455,4.256250223692306e-06,-0.011168843702663524,0.0002222575493856211,0.9999376018101387
82,160000000,82.16,terrain_world,differential_drive_robot,5.473691901966183,11.400417126426804,0.0067364033092423455,3.933329951739702e-06,-0.0111685727452848,0.0002222611573635905,0.9999376048370918
82,180000000,82.18,terrain_world,differential_drive_robot,5.479596805179293,11.400419755203052,0.006736586109361315,3.66921131452399e-06,-0.011168351527236447,0.00022226410826966476,0.9999376073082595
82,200000000,82.2,terrain_world,differential_drive_robot,5.485352872822158,11.40044221359652,0.007105214363644714,-5.902443523337111e-05,-0.010489325260548315,0.0002613513737849302,0.9999449496183047
82,220000000,82.22,terrain_world,differential_drive_robot,5.491102402067079,11.400449411407068,0.007732052411230009,-5.0492189990722885e-05,-0.009086053956262012,0.0002688695937706762,0.999958683538067
82,240000000,82.24,terrain_world,differential_drive_robot,5.496903689173096,11.400453645328536,0.008096576594807628,-4.0369248424561994e-05,-0.007683977682406865,0.0002707645204921446,0.9999704403350503
82,260000000,82.26,terrain_world,differential_drive_robot,5.502748585690036,11.400457677674526,0.008192529931910395,-3.0013210442674065e-05,-0.0062734975113935875,0.0002722633814195773,0.9999802839060543
82,280000000,82.28,terrain_world,differential_drive_robot,5.508625759373,11.400461493812722,0.008015663885159051,-1.9468163294437024e-05,-0.004850009581341031,0.0002733482107143441,0.9999882010847965
82,300000000,82.3,terrain_world,differential_drive_robot,5.514527906866788,11.400465123143714,0.007563053842819249,-7.76944884310274e-06,-0.003421398109379516,0.00027407967656812573,0.9999941094101223
82,320000000,82.32,terrain_world,differential_drive_robot,5.520438305324931,11.400467384942827,0.006828563572724543,3.860860625397152e-06,-0.0019662987648355517,0.0002719240956313517,0.9999980298538329
82,340000000,82.34,terrain_world,differential_drive_robot,5.5263473536501815,11.40046874083758,0.005871096490634826,-1.1653423059557027e-06,-0.00037557419553765816,0.00026888077749483743,0.9999998933229136
82,360000000,82.36,terrain_world,differential_drive_robot,5.532251083585207,11.400471913730481,0.004741657894997818,-1.4415908249697666e-06,0.0015091160625634317,0.00026887954070764156,0.999998825134522
82,380000000,82.38,terrain_world,differential_drive_robot,5.538149268977785,11.400475084313944,0.0034275690870546453,-1.8437523363991642e-06,0.0037059870494065813,0.0002688775180024164,0.9999930966569072
82,400000000,82.4,terrain_world,differential_drive_robot,5.544596469422096,11.400478447701365,0.0027761213957432852,-1.9828594896344506e-06,0.004794052321943585,0.0002690031676702495,0.9999884722814051
82,420000000,82.42,terrain_world,differential_drive_robot,5.550541896158458,11.40048162984466,0.002786109724106569,-1.8525988530570735e-06,0.004778663288098334,0.000269011052626709,0.9999885459378024
82,440000000,82.44,terrain_world,differential_drive_robot,5.556446868963421,11.400484807514307,0.00279440291423268,-1.7459819529111257e-06,0.00476586998866311,0.00026901156434776735,0.9999886069915902
82,460000000,82.46,terrain_world,differential_drive_robot,5.562351828413261,11.400487985065974,0.002801186265847603,-1.658779362227357e-06,0.00475540662783474,0.00026901198083384344,0.9999886568044692
82,480000000,82.48,terrain_world,differential_drive_robot,5.5682567770053595,11.400491162521961,0.0028067346814193567,-1.5874558729039371e-06,0.0047468489322394945,0.00026901232009144755,0.9999886974636594
82,500000000,82.5,terrain_world,differential_drive_robot,5.574161716765988,11.400494339900236,0.0028112730133287083,-1.5291200125206126e-06,0.004739849885394989,0.0002690125966285025,0.9999887306629753
82,520000000,82.52,terrain_world,differential_drive_robot,5.580068746105572,11.400499103984675,0.002809761086972876,6.193480542513624e-06,0.00472546165093091,0.00027162296482827636,0.9999887980346537
82,540000000,82.54,terrain_world,differential_drive_robot,5.585973205387057,11.400500639008671,0.0027273397173253836,1.1535246994087088e-05,0.00457900706686745,0.0002688606195629106,0.9999894800822592
82,560000000,82.56,terrain_world,differential_drive_robot,5.591869929203242,11.400503504694191,0.0025297616509253116,2.2104663000300264e-05,0.004243200792372178,0.0002683041251045038,0.9999909613448094
82,580000000,82.58,terrain_world,differential_drive_robot,5.597748382930674,11.400506103501277,0.0022227344754645727,3.2552558507091794e-05,0.0037270097187787764,0.0002673290659583374,0.9999930184126575
82,600000000,82.6,terrain_world,differential_drive_robot,5.603600529811142,11.40050841668089,0.0018097981204202084,4.2817948573830913e-05,0.003035777047430472,0.0002659208289955118,0.9999953557444425
82,620000000,82.62,terrain_world,differential_drive_robot,5.60941851186702,11.4005104567118,0.001294709681594092,5.29558221639092e-05,0.0021751758619770628,0.00026411293055562414,0.9999975980221204
82,640000000,82.64,terrain_world,differential_drive_robot,5.615192969200207,11.400514026945894,0.0006830827449854457,6.862587501659943e-05,0.0011539404904221003,0.0002645334579810228,0.9999992968666945
82,660000000,82.66,terrain_world,differential_drive_robot,5.620914594022747,11.4005080865818,4.198295522870013e-06,2.362009424684717e-05,5.439060498460636e-06,0.000251893209534782,0.9999999679811609
82,680000000,82.68,terrain_world,differential_drive_robot,5.626910263647256,11.400515074947641,0.0005826544194442398,-1.6326583806908106e-05,-0.0009927458447675295,0.0002620703077132789,0.9999994727540031
82,700000000,82.7,terrain_world,differential_drive_robot,5.632812653590596,11.400518185475251,0.00136419129536955,-1.2966581691300124e-05,-0.002289177889182797,0.00026208332888037506,0.9999973454008707
82,720000000,82.72,terrain_world,differential_drive_robot,5.638713773980257,11.400521285887779,0.002036760411471866,-1.020422071303076e-05,-0.00340367947068146,0.00026208827533576,0.9999941730688587
82,740000000,82.74,terrain_world,differential_drive_robot,5.644614329414367,11.400524379922542,0.0026032997195568636,-7.937961602343046e-06,-0.004341602382445364,0.0002620881145655458,0.9999905408230428
82,760000000,82.76,terrain_world,differential_drive_robot,5.650514923762977,11.400527470201183,0.003063128117214918,-6.08609203658367e-06,-0.005102202921707104,0.00026208490056047916,0.9999869493147449
82,780000000,82.78,terrain_world,differential_drive_robot,5.656416057479317,11.400530558590674,0.0034150540835493877,-4.582052493136505e-06,-0.005683818184430674,0.00026208007766295385,0.9999838126209264
82,800000000,82.8,terrain_world,differential_drive_robot,5.662318128834422,11.400533646395786,0.003657295794044879,-3.3717572870442806e-06,-0.0060837318372389685,0.0002620746426587218,0.9999814595843493
82,820000000,82.82,terrain_world,differential_drive_robot,5.668221430364338,11.400536734501259,0.0037875653816266436,-2.4113386501114974e-06,-0.006298309873386581,0.00026206926515214425,0.9999801311059258
82,840000000,82.84,terrain_world,differential_drive_robot,5.674126054357893,11.400539823519077,0.0038101132598530848,-1.6622730543679312e-06,-0.006334661502194747,0.0002620644680852945,0.9999799014895769
82,860000000,82.86,terrain_world,differential_drive_robot,5.680030957525729,11.400542913649048,0.003810466930685137,-1.057456091319502e-06,-0.006334433456366056,0.00026206063495568243,0.9999799029360001
82,880000000,82.88,terrain_world,differential_drive_robot,5.685935860428754,11.400546004619413,0.003810756277737883,-5.627722346578262e-07,-0.006334246806883733,0.00026205749998883294,0.9999799041195475
82,900000000,82.9,terrain_world,differential_drive_robot,5.691840763120859,11.400549096277057,0.0038109930048547225,-1.5816700300325388e-07,-0.006334094030868932,0.00026205493599041756,0.9999799050880941
82,920000000,82.92,terrain_world,differential_drive_robot,5.697745665645394,11.400552188496768,0.003811186684596426,1.7276230264369933e-07,-0.006333968975499612,0.00026205283894944516,0.9999799058807618
82,940000000,82.94,terrain_world,differential_drive_robot,5.703650568037085,11.400555281176153,0.0038113451463432212,4.434315632347239e-07,-0.006333866608503784,0.00026205112380940193,0.999979906529525
82,960000000,82.96,terrain_world,differential_drive_robot,5.709555470323593,11.40055837423149,0.003811474793727627,6.648137205844109e-07,-0.006333782814087584,0.00026204972101189015,0.9999799070605198
82,980000000,82.98,terrain_world,differential_drive_robot,5.715460372526804,11.400561467594299,0.0038115808642659225,8.458836196981687e-07,-0.006333714226024463,0.0002620485736712597,0.9999799074951119
83,0,83.0,terrain_world,differential_drive_robot,5.721365274663871,11.400564561208581,0.0038116676417132207,9.939818484193437e-07,-0.0063336580911382565,0.000262047635264791,0.9999799078507695
83,20000000,83.02,terrain_world,differential_drive_robot,5.727270176748071,11.40056765502854,0.003811738629750573,1.1151123243306731e-06,-0.006333612157645373,0.0002620468677441968,0.9999799081417746
83,40000000,83.04,terrain_world,differential_drive_robot,5.733165109791821,11.400563388746313,0.00382981571837225,-4.814726854267792e-05,-0.006298145256402747,0.0002495544149935321,0.9999801341880566
83,60000000,83.06,terrain_world,differential_drive_robot,5.738862414031074,11.400593504028432,0.004485150149037524,-5.1707236506924394e-05,-0.004885313678450489,0.00030014138805355107,0.9999880204041307
83,80000000,83.08,terrain_world,differential_drive_robot,5.7446485271130285,11.400598157583628,0.0048941760557185306,-4.1887865390347944e-05,-0.0034841270078833256,0.00030209943547744925,0.999993883901462
83,100000000,83.1,terrain_world,differential_drive_robot,5.750481957997947,11.400601175177655,0.005031797783352793,-3.6369900591098567e-05,-0.0020748368414046266,0.00030110375155488256,0.9999978015305047
83,120000000,83.12,terrain_world,differential_drive_robot,5.756349340095183,11.400603911279784,0.004903867242650441,-2.948230678857992e-05,-0.0006620532272461113,0.0002996670984737257,0.999999735507939
83,140000000,83.14,terrain_world,differential_drive_robot,5.762241496679961,11.400607956701302,0.004498490188711923,-1.6964073872189553e-05,0.0007661572990089804,0.0003005321857851326,0.999999661197752
83,160000000,83.16,terrain_world,differential_drive_robot,5.768144961088229,11.400611717466052,0.003818730425381852,-4.430351892384275e-06,0.002209371459451662,0.00030087776686355433,0.9999975140622578
83,180000000,83.18,terrain_world,differential_drive_robot,5.7740461956926135,11.400617152734974,0.0028949962043974273,3.1644479811380634e-06,0.0037598536144425746,0.0003039567451814746,0.9999928855252328
83,200000000,83.2,terrain_world,differential_drive_robot,5.780237590026392,11.40061723072334,0.0025404728844622172,-8.765855278331834e-07,0.004355692544154192,0.0002980912946786448,0.999990469496221
83,220000000,83.22,terrain_world,differential_drive_robot,5.786142552167333,11.400620750763567,0.0025477699552928375,-9.50008340491161e-07,0.0043440501881315844,0.00029809096797766605,0.9999905201394838
83,240000000,83.24,terrain_world,differential_drive_robot,5.792047503127233,11.40062427087292,0.0025537382455511136,-1.0100613973021308e-06,0.0043345276674886316,0.0002980907021066359,0.9999905614608634
83,260000000,83.26,terrain_world,differential_drive_robot,5.797952444974397,11.400627791038312,0.00255861968802606,-1.0591792314879449e-06,0.004326738959895941,0.0002980904855590044,0.9999905951912316
83,280000000,83.28,terrain_world,differential_drive_robot,5.80385737938656,11.400631311249201,0.002562612168075357,-1.09935306509244e-06,0.004320368335441855,0.0002980903090667181,0.9999906227352361
83,300000000,83.3,terrain_world,differential_drive_robot,5.809762307726419,11.400634831497065,0.002565877542155506,-1.132211532708653e-06,0.004315157556841281,0.00029809016514515866,0.9999906452343598
83,320000000,83.32,terrain_world,differential_drive_robot,5.815667231101945,11.40063835177502,0.002568548196966212,-1.1590867060184368e-06,0.00431089541041397,0.0002980900477366644,0.9999906636172863
83,340000000,83.34,terrain_world,differential_drive_robot,5.82157215041475,11.40064187207748,0.0025707324147102965,-1.1810680957827978e-06,0.004307409143409955,0.0002980899519294582,0.9999906786402846
83,360000000,83.36,terrain_world,differential_drive_robot,5.827477066398991,11.400645392399912,0.0025725187617048205,-1.1990468204415643e-06,0.004304557460545631,0.00029808987373478133,0.9999906909196997
83,380000000,83.38,terrain_world,differential_drive_robot,5.83338573009453,11.400648882716396,0.002535966649007337,7.83061671804773e-06,0.004239140346177157,0.00029799733138135697,0.9999909703719316
83,400000000,83.4,terrain_world,differential_drive_robot,5.839288488911843,11.40065211425827,0.002388216750962372,1.950679222860089e-05,0.003990006626210202,0.00029747155197991403,0.9999919954566054
83,420000000,83.42,terrain_world,differential_drive_robot,5.845174604835224,11.400656747095862,0.002131585593731485,3.630688760002095e-05,0.003560712251372154,0.0002991466773058287,0.9999936152402866
83,440000000,83.44,terrain_world,differential_drive_robot,5.851037329350245,11.400657763503682,0.0017682780457092227,4.2598145084032754e-05,0.002954559504519898,0.0002951578858610768,0.9999955908129569
83,460000000,83.46,terrain_world,differential_drive_robot,5.856871891272463,11.400660127011273,0.0012990607858415686,5.39731098975393e-05,0.002172404327041621,0.00029330459411178145,0.9999975958564893
83,480000000,83.48,terrain_world,differential_drive_robot,5.862668065615542,11.400662192783429,0.0007298602549941813,6.521860197672114e-05,0.001223613531939328,0.0002910246767694399,0.9999992069102335
83,500000000,83.5,terrain_world,differential_drive_robot,5.868418595069083,11.400663957624824,6.431668170161554e-05,7.632106385568475e-05,0.00011370843133847162,0.0002883268731066319,0.999999949056555
83,520000000,83.52,terrain_world,differential_drive_robot,5.8743332683968665,11.400675230220163,9.499422192355065e-05,-1.2461650884196348e-05,-0.0001586764508132582,0.0003028997592886676,0.9999999414591187
83,540000000,83.54,terrain_world,differential_drive_robot,5.880278461687936,11.400686786536454,0.0009230377004920914,2.1787873003466524e-06,-0.0015494528294518956,0.00031595924974457397,0.9999987496796857
83,560000000,83.56,terrain_world,differential_drive_robot,5.886180317296468,11.400690513950561,0.0016428544341519837,2.248645780876365e-06,-0.002744383967764698,0.0003159561226517987,0.9999961842543749
83,580000000,83.58,terrain_world,differential_drive_robot,5.8920812667914335,11.400694241723857,0.0022561887956740975,2.318349039563496e-06,-0.003761502567465768,0.00031595361453685787,0.9999928756078084
83,600000000,83.6,terrain_world,differential_drive_robot,5.89798198519206,11.400697969978303,0.0027604189775023305,2.376469930785961e-06,-0.004596926991958389,0.00031595164650042966,0.999989384159222
83,620000000,83.62,terrain_world,differential_drive_robot,5.903883029181205,11.400701698847222,0.00315466519093414,2.414327837698702e-06,-0.005249590693831956,0.00031595018042640245,0.9999861708879787
83,640000000,83.64,terrain_world,differential_drive_robot,5.909784785483899,11.400705428417307,0.0034428253549273454,2.427235527553397e-06,-0.005726258574939449,0.0003159491833336741,0.9999835549312573
83,660000000,83.66,terrain_world,differential_drive_robot,5.915687615455755,11.400709158823927,0.0036201005971340074,2.4071647231306007e-06,-0.0060191880620454755,0.0003159486717666485,0.9999818346078674
83,680000000,83.68,terrain_world,differential_drive_robot,5.921591747154532,11.40071289014757,0.0036838605942609453,2.3482130046206807e-06,-0.006124148333234018,0.0003159486514700242,0.9999811973122935
83,700000000,83.7,terrain_world,differential_drive_robot,5.927496643055476,11.400716622076187,0.003684514573370599,2.2730454032507172e-06,-0.006124683411888448,0.0003159490875521846,0.9999811940352237
83,720000000,83.72,terrain_world,differential_drive_robot,5.933401542372453,11.400720353920828,0.0036848310658279732,2.2114515775271615e-06,-0.006124760018839535,0.00031594946530011657,0.9999811935660373
83,740000000,83.74,terrain_world,differential_drive_robot,5.9393064416946695,11.400724085682771,0.003685089691372362,2.161073669720693e-06,-0.006124823071691566,0.0003159497743564515,0.9999811931798569
83,760000000,83.76,terrain_world,differential_drive_robot,5.945211341002407,11.400727817377064,0.0036853009854309116,2.1198693429615423e-06,-0.006124875041463192,0.00031595002722779734,0.9999811928615523
83,780000000,83.78,terrain_world,differential_drive_robot,5.951116240279412,11.400731549016006,0.003685473565370888,2.086168155677666e-06,-0.00612491794860049,0.0003159502341440163,0.999981192598751
83,800000000,83.8,terrain_world,differential_drive_robot,5.957021138960941,11.400735280583465,0.0036856145809512856,2.0586523108496735e-06,-0.006124953275314824,0.0003159503608250811,0.9999811923823901
83,820000000,83.82,terrain_world,differential_drive_robot,5.962428987109254,11.40072442759227,0.0042925713734674065,-0.0001621054653128538,-0.005107143997434647,0.00030214877456358614,0.9999868996682535
83,840000000,83.84,terrain_world,differential_drive_robot,5.967791173121651,11.40075713582197,0.0054991278222454795,-0.00016201509330262696,-0.0030881215275924035,0.0003604522475264964,0.9999951536536154
83,860000000,83.86,terrain_world,differential_drive_robot,5.973325371628041,11.400765720299926,0.006580069117540623,-0.00014078235669652715,-0.001282783340515156,0.00036793061807915154,0.9999990996367395
83,880000000,83.88,terrain_world,differential_drive_robot,5.978948431593368,11.400774975382994,0.007518541876331139,-0.00011567038091724135,0.0002819513542286487,0.00037651222386925,0.9999998826811917
83,900000000,83.9,terrain_world,differential_drive_robot,5.984645145677525,11.400783388151682,0.008277668463613046,-9.32958122476934e-05,0.0016920838213006144,0.00038340580987113177,0.9999984905729699
83,920000000,83.92,terrain_world,differential_drive_robot,5.990403924062351,11.400789893000363,0.008778193931869792,-7.756793219551101e-05,0.0030941852603804006,0.0003867983418955117,0.9999951351820833
83,940000000,83.94,terrain_world,differential_drive_robot,5.996212724844532,11.400796884155596,0.009020491647295806,-6.21249157750361e-05,0.004492428686898679,0.0003909639375432282,0.9999898306343857
83,960000000,83.96,terrain_world,differential_drive_robot,6.002059214410136,11.400802811802038,0.00899426390407102,-4.602187955128012e-05,0.00589890711128871,0.00039312383616953064,0.9999825229625408
83,980000000,83.98,terrain_world,differential_drive_robot,6.007931935604114,11.400808355956055,0.008701643610602128,-2.9821545312479713e-05,0.0073119190638426855,0.0003945614784404409,0.999973189276352
84,0,84.0,terrain_world,differential_drive_robot,6.013820099947308,11.400813532429206,0.008132162122720598,-1.3776182278907939e-05,0.008745030826149337,0.00039532190874323693,0.9999616832492407
84,20000000,84.02,terrain_world,differential_drive_robot,6.01971245837038,11.400818323116054,0.007297710645888017,-4.556490026409269e-06,0.010214519814987695,0.0003954555156670845,0.9999477522246464
84,40000000,84.04,terrain_world,differential_drive_robot,6.025854252876892,11.400823085669751,0.006713397614535712,-4.855301268495142e-06,0.011205081308035957,0.0003955598596172398,0.9999371428553416
84,60000000,84.06,terrain_world,differential_drive_robot,6.03176999606618,11.400827758605507,0.006717771665214097,-4.775537453131606e-06,0.011198217468679064,0.00039556075044751575,0.9999372197465255
84,80000000,84.08,terrain_world,differential_drive_robot,6.037674970039492,11.400832431341732,0.006721349461704862,-4.710293990682423e-06,0.011192603671262702,0.0003955614836196708,0.9999372825992557
84,100000000,84.1,terrain_world,differential_drive_robot,6.043579930421937,11.400837103912743,0.006724275990685735,-4.656931087044828e-06,0.011188012455003253,0.0003955620826754947,0.9999373339796142
84,120000000,84.12,terrain_world,differential_drive_robot,6.049484879713869,11.400841776348859,0.00672666983364318,-4.6132853754373514e-06,0.011184257606238986,0.0003955625722165179,0.9999373759844995
84,140000000,84.14,terrain_world,differential_drive_robot,6.055389819956881,11.400846448674798,0.0067286279804355835,-4.577587422404836e-06,0.011181186819093596,0.0003955629723056375,0.9999374103264149
84,160000000,84.16,terrain_world,differential_drive_robot,6.061294752818326,11.400851120910731,0.0067302297604720585,-4.54838999548702e-06,0.011178675521087358,0.00039556329931309084,0.9999374384043147
84,180000000,84.18,terrain_world,differential_drive_robot,6.06719967966012,11.400855793073129,0.0067315400582219475,-4.524509392746062e-06,0.011176621823072547,0.00039556356660191733,0.9999374613612682
84,200000000,84.2,terrain_world,differential_drive_robot,6.0731046015947925,11.400860465175432,0.006732611943317012,-4.504977455762478e-06,0.011174942388757773,0.00039556378508427817,0.9999374801314356
84,220000000,84.22,terrain_world,differential_drive_robot,6.0790122195231415,11.40086561455601,0.006721941578001167,2.8196355276457986e-06,0.011154535550069674,0.0003962815087284019,0.9999377077046738
84,240000000,84.24,terrain_world,differential_drive_robot,6.084919488295129,11.400870182363951,0.00661599199741506,1.8514378098986408e-05,0.010977554868677023,0.000395922358718104,0.9999396662758253
84,260000000,84.26,terrain_world,differential_drive_robot,6.09081498520024,11.400872696143601,0.00639922621044553,2.8660096810782755e-05,0.01061819606282602,0.0003923198218984572,0.9999435479946494
84,280000000,84.28,terrain_world,differential_drive_robot,6.096692265664629,11.400878182062176,0.006073245579809122,4.920704174813304e-05,0.010078843735129156,0.0003933970060661111,0.9999491285692614
84,300000000,84.3,terrain_world,differential_drive_robot,6.102570933586319,11.400881765409263,0.005785507725172126,6.472135771732385e-05,0.009176342254117925,0.0003913748213824166,0.9999578178001962
84,320000000,84.32,terrain_world,differential_drive_robot,6.108470779297361,11.400885262797837,0.0064476887236659015,7.999737675767891e-05,0.006404357265829138,0.00038913268064491477,0.9999794129801814
84,340000000,84.34,terrain_world,differential_drive_robot,6.114269350695154,11.400886479499649,0.00691944930417035,8.856168406947279e-05,0.003738510502789164,0.00038496321592473593,0.9999929337247194
84,360000000,84.36,terrain_world,differential_drive_robot,6.120018135349363,11.400890206805347,0.007196045322579343,0.00010828760889751333,0.001117555641144868,0.0003824901340270597,0.9999992965219926
84,380000000,84.38,terrain_world,differential_drive_robot,6.125711492703669,11.400890531258721,0.007283459132200881,0.0001169609109485585,-0.0014673767029396594,0.0003769188448278521,0.9999988455283043
84,400000000,84.4,terrain_world,differential_drive_robot,6.131343765169296,11.400893536157417,0.007187705593614877,0.00013609937992431763,-0.004024273721790554,0.00037377462725477005,0.9999918234618216
84,420000000,84.42,terrain_world,differential_drive_robot,6.136910746077764,11.400894565756962,0.006913045863241865,0.00014996981906373346,-0.006563675003864959,0.0003686189127631483,0.9999783796660777
84,440000000,84.44,terrain_world,differential_drive_robot,6.142403888268577,11.400893561598942,0.006466210388595665,0.0001579701219524596,-0.00908105807234005,0.00036106509010863246,0.9999586886775513
84,460000000,84.46,terrain_world,differential_drive_robot,6.147962536417253,11.40088512500088,0.006475063366225088,1.0817425352649798e-05,-0.010798534544179958,0.00035506114395121173,0.9999416310296644
84,480000000,84.48,terrain_world,differential_drive_robot,6.1538733133131585,11.400889337183681,0.00686781815501316,9.772117617537984e-06,-0.011434434473555738,0.00035508785654842325,0.9999345616216042
84,500000000,84.5,terrain_world,differential_drive_robot,6.159770592968451,11.400893537988063,0.0072012144643967095,8.924016591754745e-06,-0.011974281695775852,0.00035509560092859637,0.999928242628113
84,520000000,84.52,terrain_world,differential_drive_robot,6.165670252144189,11.400897739771047,0.00742289196084827,8.20045352026538e-06,-0.01233162032481764,0.00035510337754206706,0.9999238995916181
84,540000000,84.54,terrain_world,differential_drive_robot,6.171572655687063,11.40090194252627,0.007527885584461983,7.563995290348921e-06,-0.012498149427264035,0.0003551110751522902,0.9999218319947835
84,560000000,84.56,terrain_world,differential_drive_robot,6.177477346856389,11.40090614557817,0.007539455517347221,6.999976142465916e-06,-0.01251200157440772,0.0003551182128012008,0.9999216587606538
84,580000000,84.58,terrain_world,differential_drive_robot,6.183382278332452,11.400910347218522,0.007540812117435579,6.53391824119364e-06,-0.012509984078377074,0.0003551240488950503,0.9999216840045907
84,600000000,84.6,terrain_world,differential_drive_robot,6.189287204284754,11.400914547571988,0.007541921714620445,6.152726126752004e-06,-0.012508333916332928,0.00035512882085994243,0.99992170464907
84,620000000,84.62,terrain_world,differential_drive_robot,6.195192125721569,11.400918746873476,0.007542829276406415,5.840946335533134e-06,-0.012506984215077786,0.0003551327229365916,0.9999217215324789
84,640000000,84.64,terrain_world,differential_drive_robot,6.201097043466415,11.400922945314942,0.007543571582212374,5.585939371414148e-06,-0.012505880278619189,0.0003551359138416484,0.9999217353401899
84,660000000,84.66,terrain_world,differential_drive_robot,6.20700195819184,11.400927143053243,0.007544178714311546,5.377367302271346e-06,-0.012504977370752658,0.0003551385232874174,0.9999217466325404
84,680000000,84.68,terrain_world,differential_drive_robot,6.212906870446984,11.4009313402166,0.00754467527730424,5.206774661445592e-06,-0.012504238901423465,0.00035514065729747084,0.9999217558676774
84,700000000,84.7,terrain_world,differential_drive_robot,6.2188117806801335,11.400935536909818,0.007545081395548195,5.067245664078542e-06,-0.012503634943341085,0.0003551424025430479,0.9999217634202191
84,720000000,84.72,terrain_world,differential_drive_robot,6.224716689257109,11.40093973321859,0.007545413528973856,4.953123841809147e-06,-0.01250314101870904,0.0003551438298822521,0.9999217695964985
84,740000000,84.74,terrain_world,differential_drive_robot,6.230328405015369,11.40096105987368,0.008167601492066462,-6.816173301220203e-05,-0.011438877885581887,0.00039113323162050554,0.9999344950752984
84,760000000,84.76,terrain_world,differential_drive_robot,6.23602083734852,11.400965561932288,0.008994057308369476,-6.49437081608487e-05,-0.010004506544490685,0.00039113057046849753,0.999949875067742
84,780000000,84.78,terrain_world,differential_drive_robot,6.241777475049574,11.400970122141079,0.009578864400189346,-5.940209533610812e-05,-0.008602993255865036,0.00039110208190248094,0.9999629153211593
84,800000000,84.8,terrain_world,differential_drive_robot,6.247587223951714,11.40097457196269,0.009902523669275519,-5.196017208411734e-05,-0.007201294126423624,0.00039079554221179314,0.9999739926327531
84,820000000,84.82,terrain_world,differential_drive_robot,6.253438944609989,11.400978729822736,0.009957882204307099,-4.3062493515789814e-05,-0.005790228567999934,0.00039001056998995746,0.9999831595034525
84,840000000,84.84,terrain_world,differential_drive_robot,6.259321361836383,11.400982504786462,0.009745215973375706,-3.2965408135888516e-05,-0.004373270666104256,0.0003886154500045785,0.9999903611510438
84,860000000,84.86,terrain_world,differential_drive_robot,6.26522511588955,11.400987565579394,0.009253556789862278,-1.632339596686012e-05,-0.002937860273433041,0.0003894808710744431,0.9999956084979632
84,880000000,84.88,terrain_world,differential_drive_robot,6.271135427402033,11.400991177478367,0.008485566853644377,-7.968540433122295e-07,-0.0014826848409294484,0.0003872860112442188,0.9999988258265972
84,900000000,84.9,terrain_world,differential_drive_robot,6.277041718888609,11.400995749138872,0.007505577518413894,-1.1797828181909278e-06,0.00015092467263611007,0.0003872836621001795,0.9999999136158694
84,920000000,84.92,terrain_world,differential_drive_robot,6.282944168356129,11.401000318282179,0.006353120648350877,-1.7206501498389525e-06,0.0020749360275377575,0.0003872801420834402,0.999997772323325
84,940000000,84.94,terrain_world,differential_drive_robot,6.2888406541675375,11.401004883175553,0.005014223777418426,-2.420911182582037e-06,0.004314492573243801,0.00038727485461887063,0.9999906175390656
84,960000000,84.96,terrain_world,differential_drive_robot,6.2950236892638065,11.401009639872804,0.003800223298482456,-3.0735282578687396e-06,0.00635149284300195,0.0003873021652684997,0.9999797540581766
84,980000000,84.98,terrain_world,differential_drive_robot,6.3013006061943,11.401014314834606,0.003802376819955167,-2.961533591163162e-06,0.006348217487622678,0.00038746792939861027,0.9999797747927519
85,0,85.0,terrain_world,differential_drive_robot,6.307205526984381,11.401018891596555,0.0038041380144858803,-2.869052028125473e-06,0.006345537385996838,0.0003874685184875408,0.9999797918034138
85,20000000,85.02,terrain_world,differential_drive_robot,6.313110444009945,11.401023468228427,0.003805578341324444,-2.7934106918561446e-06,0.0063433450315711045,0.00038746900001875766,0.9999798057129861
85,40000000,85.04,terrain_world,differential_drive_robot,6.319015357945171,11.40102804475405,0.0038067562204205886,-2.73154308638486e-06,0.006341551597711304,0.0003874693937029233,0.9999798170879957
85,60000000,85.06,terrain_world,differential_drive_robot,6.324920269340242,11.40103262119286,0.0038077194344837114,-2.680941103325935e-06,0.006340084432963956,0.0003874697156210527,0.9999798263912202
85,80000000,85.08,terrain_world,differential_drive_robot,6.330828207073492,11.401037225405833,0.003794095363953489,4.121426831356534e-06,0.006315016882835257,0.0003874730482106844,0.9999799850044101
85,100000000,85.1,terrain_world,differential_drive_robot,6.336733144153834,11.401041576932506,0.003683457866730903,1.9410342839338704e-05,0.006129708441692186,0.0003870084013959134,0.9999811380831919
85,120000000,85.12,terrain_world,differential_drive_robot,6.342626893049573,11.401045535009988,0.0034606381182365883,3.449188006136319e-05,0.005758849330499538,0.00038591556930396825,0.9999833426282021
85,140000000,85.14,terrain_world,differential_drive_robot,6.348501039990752,11.40104909580145,0.003129218490336664,4.9366506482753674e-05,0.005208110541439046,0.00038421021766565916,0.999986362672034
85,160000000,85.16,terrain_world,differential_drive_robot,6.354347471375445,11.4010522665681,0.002692820162377727,6.401987612945308e-05,0.004483154062191707,0.0003819246524094835,0.9999898756310835
85,180000000,85.18,terrain_world,differential_drive_robot,6.36015842822131,11.401055044520868,0.002155114782537399,7.850889391268641e-05,0.003589659148714625,0.0003790732152171109,0.9999934822222829
85,200000000,85.2,terrain_world,differential_drive_robot,6.36592652559632,11.401057426682689,0.0015197595194330529,9.282252013412226e-05,0.002533221286125466,0.00037566962292890754,0.9999967165177243
85,220000000,85.22,terrain_world,differential_drive_robot,6.3717405385994486,11.401059738864774,0.0017019931853309931,0.00010716603593623998,-4.136314685486028e-05,0.00037210685113959823,0.9999999241705197
85,240000000,85.24,terrain_world,differential_drive_robot,6.377417097814211,11.401061129719851,0.0017392491020923914,0.00012050236910647976,-0.002622947292463307,0.00036795890091554924,0.9999964851102864
85,260000000,85.26,terrain_world,differential_drive_robot,6.383223948953496,11.401079695919929,0.0024183272715662986,-3.758407908635867e-05,-0.004067764956341703,0.0003974943169055528,0.9999916469020954
85,280000000,85.28,terrain_world,differential_drive_robot,6.389122674143162,11.401084391993102,0.0030955985745211878,-2.9999625913073502e-05,-0.005183177093350249,0.0003974990563136351,0.999986487793581
85,300000000,85.3,terrain_world,differential_drive_robot,6.395021202542011,11.401089072876184,0.0036665913475886084,-2.378580105871689e-05,-0.006122809589892355,0.0003974912542998089,0.9999811761416634
85,320000000,85.32,terrain_world,differential_drive_robot,6.400920139674318,11.4010937452097,0.004130677926056216,-1.8706075843657682e-05,-0.006885840955392406,0.0003974762409722237,0.9999762131456216
85,340000000,85.34,terrain_world,differential_drive_robot,6.406820031336926,11.401098413588638,0.004483926797188098,-1.4569241454093123e-05,-0.007465941716657012,0.00039745768334853893,0.9999720503741145
85,360000000,85.36,terrain_world,differential_drive_robot,6.412721205829607,11.401103081368102,0.0047300906985428,-1.1214358952278577e-05,-0.007869448281736373,0.0003974382867199468,0.9999689563685402
85,380000000,85.38,terrain_world,differential_drive_robot,6.418624003095931,11.401107750627611,0.004864086834482101,-8.515263202337526e-06,-0.008088016888829007,0.00039741973155179075,0.9999672124464148
85,400000000,85.4,terrain_world,differential_drive_robot,6.424528520203059,11.401112422313746,0.004889133223929807,-6.363710341297804e-06,-0.008126965430860996,0.00039740248215992704,0.9999668966839133
85,420000000,85.42,terrain_world,differential_drive_robot,6.430433421230754,11.401117097598895,0.004890164882884393,-4.616935791807373e-06,-0.008126655800804291,0.00039738814333522074,0.9999668992155903
85,440000000,85.44,terrain_world,differential_drive_robot,6.436338321731962,11.401121776015794,0.004891008732916472,-3.1884328433865376e-06,-0.008126402472367834,0.0003973764175180607,0.9999669012845744
85,460000000,85.46,terrain_world,differential_drive_robot,6.4422432218074475,11.40112645699662,0.004891698972310268,-2.0202457900562676e-06,-0.008126195193312653,0.00039736683322324026,0.9999669029758927
85,480000000,85.48,terrain_world,differential_drive_robot,6.44814812144508,11.40113114015193,0.004892263613753585,-1.0648579571425823e-06,-0.008126025508450738,0.00039735912656070995,0.9999669043593526
85,500000000,85.5,terrain_world,differential_drive_robot,6.454053020828026,11.401135825010334,0.00489272561631939,-2.8327872420441717e-07,-0.008125886422863134,0.0003973528329444431,0.9999669054926211
85,520000000,85.52,terrain_world,differential_drive_robot,6.45995792003206,11.40114051122981,0.004893103688735272,3.560993221797852e-07,-0.00812577233264961,0.0003973476443190007,0.9999669064217679
85,540000000,85.54,terrain_world,differential_drive_robot,6.4658628191324405,11.40114519858379,0.004893413151087922,8.790557540932705e-07,-0.008125678624052472,0.00039734339306381645,0.9999669071846097
85,560000000,85.56,terrain_world,differential_drive_robot,6.471767718171939,11.401149886870416,0.004893666496439858,1.3067852425517668e-06,-0.008125601586210398,0.00039733991588040935,0.9999669078115264
85,580000000,85.58,terrain_world,differential_drive_robot,6.477543199700431,11.401148002224854,0.005135136422101116,-0.00012040885305148143,-0.007751512377772614,0.0003903230219531744,0.9999698731489384
85,600000000,85.6,terrain_world,differential_drive_robot,6.483178213580149,11.401167290320439,0.006004416262756737,-0.00011012937437483573,-0.006246321891608359,0.0004179133158047708,0.9999803981492876
85,620000000,85.62,terrain_world,differential_drive_robot,6.488907477345021,11.401174630304093,0.006669715036993295,-9.270828369528956e-05,-0.0048340250778940285,0.0004221075778904457,0.9999882226466035
85,640000000,85.64,terrain_world,differential_drive_robot,6.494693650848994,11.40118161393162,0.007074398638821181,-7.509154381983692e-05,-0.0034263580351859765,0.0004255883805922626,0.9999940366354216
85,660000000,85.66,terrain_world,differential_drive_robot,6.500527837392954,11.401187661315866,0.007206789475062983,-5.7061427922185284e-05,-0.002019442827417232,0.0004261154842531724,0.9999978685078555
85,680000000,85.68,terrain_world,differential_drive_robot,6.506397080282271,11.40119375875844,0.007074486375457006,-4.003563893712945e-05,-0.0006088403275207009,0.00042795460241411867,0.9999997222826922
85,700000000,85.7,terrain_world,differential_drive_robot,6.512288906117503,11.401199500988913,0.00666973100654886,-2.2551920268106692e-05,0.0008162116012130309,0.0004291295422886776,0.9999995745688439
85,720000000,85.72,terrain_world,differential_drive_robot,6.51819205798132,11.401204850806787,0.005985168098058296,-4.9788655124818924e-06,0.002265354048666217,0.00042958726540024897,0.9999973417969802
85,740000000,85.74,terrain_world,differential_drive_robot,6.5240913412616175,11.401209940086074,0.005061536335401372,-1.7765323400270403e-06,0.0038206027030412387,0.0004296110977839415,0.9999926091857549
85,760000000,85.76,terrain_world,differential_drive_robot,6.529985992784933,11.40121500536609,0.00397076989693242,-2.5367995322702933e-06,0.005647339332269848,0.00042960819514909594,0.9999839613657958
85,780000000,85.78,terrain_world,differential_drive_robot,6.536277815216492,11.401220299487349,0.0036660171026991575,-2.7296865000075107e-06,0.006141366535237056,0.00042972390778542546,0.9999810492939313
85,800000000,85.8,terrain_world,differential_drive_robot,6.542182736101905,11.401225374682369,0.003669704723145153,-2.712011381173402e-06,0.006138413780246553,0.0004297240151969869,0.9999810674238679
85,820000000,85.82,terrain_world,differential_drive_robot,6.5480876531149,11.401230449852056,0.003672721031983307,-2.6975549904984783e-06,0.006135998990943844,0.0004297241028836047,0.9999810822442101
85,840000000,85.84,terrain_world,differential_drive_robot,6.553992566976681,11.401235525001065,0.0036751882622782905,-2.6857312184483976e-06,0.006134024196136684,0.00042972417446544977,0.9999810943598294
85,860000000,85.86,terrain_world,differential_drive_robot,6.559897478275737,11.401240600133196,0.0036772063894707887,-2.676060681631301e-06,0.006132409264092947,0.00042972423289539273,0.9999811042647456
85,880000000,85.88,terrain_world,differential_drive_robot,6.565802387492271,11.401245675251545,0.00367885718420506,-2.6681512887555873e-06,0.006131088654111902,0.00042972428058321696,0.9999811123625482
85,900000000,85.9,terrain_world,differential_drive_robot,6.571707295018071,11.401250750358649,0.003680207527212286,-2.6616823452987253e-06,0.006130008759614085,0.00042972431949633887,0.9999811189830194
85,920000000,85.92,terrain_world,differential_drive_robot,6.577612201172737,11.401255825456568,0.0036813121206085825,-2.6563915526741924e-06,0.006129125735037738,0.0004297243512415642,0.9999811243956807
85,940000000,85.94,terrain_world,differential_drive_robot,6.583520203801074,11.401260917101284,0.0036329462943259835,1.2363085971299002e-05,0.0060467870576459215,0.0004296607227397062,0.9999816256337398
85,960000000,85.96,terrain_world,differential_drive_robot,6.58942115427678,11.401265553872221,0.003471980199334453,2.918367637696133e-05,0.005778266541119631,0.00042884240375024946,0.9999832132982461
85,980000000,85.98,terrain_world,differential_drive_robot,6.59530680067869,11.401270071348192,0.0032006970509344933,4.6755868768193705e-05,0.005327129947715228,0.00042783333065163,0.9999857181275391
86,0,86.0,terrain_world,differential_drive_robot,6.601169724236469,11.401273960328755,0.002821960299074297,6.345207941036563e-05,0.004697825229129273,0.00042584668040331953,0.9999888724713665
86,20000000,86.02,terrain_world,differential_drive_robot,6.607001306213243,11.401277425234804,0.002339951327040039,8.002212640235026e-05,0.003896915160265629,0.0004232292025152197,0.999992314233332
86,40000000,86.04,terrain_world,differential_drive_robot,6.612897796347193,11.401274932881584,0.0029079344327989165,8.642706939990503e-05,0.0011720351029513275,0.0004102859754894884,0.9999992252644486
86,60000000,86.06,terrain_world,differential_drive_robot,6.61865710739533,11.40127879449713,0.003270234799394681,0.00010777407088114118,-0.0014611493321427687,0.00040759655940108907,0.9999988436455433
86,80000000,86.08,terrain_world,differential_drive_robot,6.624362433840881,11.401280837394328,0.0034431820147437227,0.0001227005733816113,-0.004052691220831683,0.00040336490263695994,0.9999916989331428
86,100000000,86.1,terrain_world,differential_drive_robot,6.630054040855596,11.401285153890308,0.0037196709070223726,-3.611107487440853e-05,-0.0062232318146166095,0.00041303091014681414,0.9999805495544596
86,120000000,86.12,terrain_world,differential_drive_robot,6.6359487937559765,11.401290015460836,0.00447137530539428,-2.855707997350828e-05,-0.007459881801265888,0.0004130229219659102,0.9999720889905229
86,140000000,86.14,terrain_world,differential_drive_robot,6.641843503683339,11.401294863337327,0.005117164557108955,-2.235796765300266e-05,-0.008521413790660947,0.0004130032676552381,0.9999636065554739
86,160000000,86.16,terrain_world,differential_drive_robot,6.647738848089352,11.401299704513374,0.005656685584597671,-1.7280342214598165e-05,-0.009407534111530575,0.0004129779025848715,0.9999556627433949
86,180000000,86.18,terrain_world,differential_drive_robot,6.653635407470572,11.401304543535343,0.006089064666845302,-1.313366324050295e-05,-0.010117044938477277,0.00041295043915944653,0.9999487360365803
86,200000000,86.2,terrain_world,differential_drive_robot,6.6595336674115755,11.401309383450617,0.006412828563545965,-9.76260369223608e-06,-0.01064770903254873,0.0004129232342747152,0.9999432262340959
86,220000000,86.22,terrain_world,differential_drive_robot,6.665434016139786,11.401314226253126,0.0066260053059306635,-7.040650396060629e-06,-0.010996409728801731,0.0004128978014926392,0.9999394523864488
86,240000000,86.24,terrain_world,differential_drive_robot,6.671336742262494,11.40131907317052,0.006726039008725383,-4.86498584326919e-06,-0.011159002482846559,0.0004128750524154482,0.9999376511433655
86,260000000,86.26,terrain_world,differential_drive_robot,6.67724152173711,11.401323924888477,0.006732625140694337,-3.1367089143532685e-06,-0.011167951156508153,0.0004128557208796097,0.9999375512537173
86,280000000,86.28,terrain_world,differential_drive_robot,6.683146423907968,11.40132878090361,0.006733501232813543,-1.7262077661793873e-06,-0.011167834040241575,0.00041283996462036305,0.999937552571676
86,300000000,86.3,terrain_world,differential_drive_robot,6.68905132579793,11.401333640381322,0.006734217768392204,-5.725492628519926e-07,-0.011167738295831281,0.00041282707769766736,0.9999375536476425
86,320000000,86.32,terrain_world,differential_drive_robot,6.694956227455462,11.401338502690907,0.006734803792069233,3.7103587553016045e-07,-0.011167660047108606,0.0004128165375598096,0.9999375545260019
86,340000000,86.34,terrain_world,differential_drive_robot,6.700861128919462,11.401343367316576,0.006735283059762182,1.1428005661778617e-06,-0.011167596123721549,0.00041280791683149045,0.9999375552428937
86,360000000,86.36,terrain_world,differential_drive_robot,6.706766030221007,11.401348233836506,0.00673567500170449,1.7740321343946468e-06,-0.011167543932557276,0.00041280086597511286,0.9999375558277689
86,380000000,86.38,terrain_world,differential_drive_robot,6.711853638852033,11.401349824417235,0.007747776670061136,-0.0001807809626649961,-0.009460022268710353,0.0004244352293385195,0.9999551465699125
86,400000000,86.4,terrain_world,differential_drive_robot,6.717227041500559,11.401376351889843,0.008995680974005193,-0.00017757110442898495,-0.0073632430602153555,0.00046742528694567614,0.9999727659460232
86,420000000,86.42,terrain_world,differential_drive_robot,6.7227432841068,11.401385803700318,0.010111776446094164,-0.0001585591345080111,-0.005491697865805456,0.0004743276210715035,0.9999847954478406
86,440000000,86.44,terrain_world,differential_drive_robot,6.728352367213129,11.401394956741804,0.011084195433508427,-0.0001387792564406172,-0.0038639707417150587,0.0004806320587856385,0.9999924097028183
86,460000000,86.46,terrain_world,differential_drive_robot,6.73403561194863,11.401404471200381,0.011899748890441403,-0.00011704847935246914,-0.0024335451100030415,0.0004839237992911809,0.9999969149830451
86,480000000,86.48,terrain_world,differential_drive_robot,6.739782305960206,11.401411370579533,0.012478221633881735,-0.00010245391768051237,-0.0010319735028422295,0.00048604141979108605,0.9999993441485961
86,500000000,86.5,terrain_world,differential_drive_robot,6.745584564549949,11.401418460586228,0.012794900498229348,-8.200380332796095e-05,0.00036614935283689395,0.0004882572380055487,0.9999998104074306
86,520000000,86.52,terrain_world,differential_drive_robot,6.751428214514257,11.401426789608482,0.01284450740950647,-6.220444260557647e-05,0.001773344036303528,0.0004926760570422066,0.9999983043244819
86,540000000,86.54,terrain_world,differential_drive_robot,6.7573009071387045,11.401433849499234,0.01262750513096987,-4.180592631034216e-05,0.003184960798570099,0.0004947486123330505,0.999994804736898
86,560000000,86.56,terrain_world,differential_drive_robot,6.763192502375807,11.401440466977796,0.012137125231368315,-2.1374886227279857e-05,0.0046117700110020554,0.0004959964646989665,0.9999892424961314
86,580000000,86.58,terrain_world,differential_drive_robot,6.769091577521058,11.401446626867843,0.011367404541717236,-3.1169535736580912e-06,0.006065959895105272,0.0004964211887887977,0.9999814786718997
86,600000000,86.6,terrain_world,differential_drive_robot,6.774983112480136,11.401452476704085,0.010394652603629892,-3.908886165877055e-06,0.007699775102921508,0.0004964162234952007,0.9999702330664738
86,620000000,86.62,terrain_world,differential_drive_robot,6.7808683096978,11.401458320573715,0.009255793661227639,-4.844324111600593e-06,0.009615633382545627,0.0004964091316305228,0.9999536455002097
86,640000000,86.64,terrain_world,differential_drive_robot,6.786744793915424,11.40146415581354,0.007932466470767865,-5.9388772297486e-06,0.011846252024961776,0.0004963983985217828,0.99992970746264
86,660000000,86.66,terrain_world,differential_drive_robot,6.793203505452354,11.4014703344574,0.007502281004819479,-6.28996672980614e-06,0.012569562713082186,0.0004965926192755909,0.9999208765944477
86,680000000,86.68,terrain_world,differential_drive_robot,6.79910946153219,11.401476195518631,0.007510404330099749,-6.275106407586175e-06,0.01255707929751959,0.0004965855416657292,0.9999210334436108
86,700000000,86.7,terrain_world,differential_drive_robot,6.805014513312212,11.401482060819735,0.007517048322451209,-6.263028755764577e-06,0.012546868624166763,0.0004965856915216072,0.9999211616178314
86,720000000,86.72,terrain_world,differential_drive_robot,6.810919537104464,11.401487926074003,0.007522482332313138,-6.253150264869488e-06,0.012538516910232968,0.0004965858140546882,0.9999212663790681
86,740000000,86.74,terrain_world,differential_drive_robot,6.816824538019918,11.401493791290022,0.007526926668386453,-6.245070474798141e-06,0.012531685642535189,0.0004965859142912996,0.9999213520164401
86,760000000,86.76,terrain_world,differential_drive_robot,6.822729520228362,11.401499656474794,0.007530561528157031,-6.238461846522655e-06,0.012526097949664928,0.000496585996326411,0.9999214220295439
86,780000000,86.78,terrain_world,differential_drive_robot,6.828637210915517,11.401506021185751,0.007521457239337382,2.853046987811019e-06,0.012501647612816172,0.0004973096913455643,0.9999217276776698
86,800000000,86.8,terrain_world,differential_drive_robot,6.834544331241764,11.401511840570231,0.007416509890005118,2.251171851495804e-05,0.012321108155497357,0.0004969760320228401,0.9999239685105397
86,820000000,86.82,terrain_world,differential_drive_robot,6.840441895444414,11.401517193727692,0.007198343307146364,4.203740321469506e-05,0.01195545708235379,0.0004958863204736868,0.9999284071250131
86,840000000,86.84,terrain_world,differential_drive_robot,6.846319301701466,11.40152036412097,0.006872775924147136,5.590585213713367e-05,0.011413831841189333,0.0004914283657340871,0.9999347377781203
86,860000000,86.86,terrain_world,differential_drive_robot,6.8521711044970814,11.401526421062659,0.00644075180173802,8.020894589918553e-05,0.010697313772626662,0.0004914183421160183,0.9999426581322491
86,880000000,86.88,terrain_world,differential_drive_robot,6.857990504063039,11.401530338162068,0.005905003665276275,9.918499055600807e-05,0.009809873701563214,0.00048815081946162824,0.9999517579608901
86,900000000,86.9,terrain_world,differential_drive_robot,6.86376854737536,11.40153376289881,0.005270727351761442,0.00011794128246090954,0.008759519291116543,0.0004841817635295896,0.9999615104991103
86,920000000,86.92,terrain_world,differential_drive_robot,6.869612370691807,11.401531675351242,0.0054079977397226775,0.0001279874635509216,0.006231871740687828,0.00047131454763346827,0.9999804624373488
86,940000000,86.94,terrain_world,differential_drive_robot,6.875308897870058,11.401533819596041,0.005456851669847452,0.000145964723807115,0.0036412040065055924,0.00046593929617309485,0.9999932515913568
86,960000000,86.96,terrain_world,differential_drive_robot,6.880943867915806,11.40153719543087,0.00531985965072577,0.00016830882763048768,0.0010768487871872917,0.00046165905764896194,0.9999992994696258
86,980000000,86.98,terrain_world,differential_drive_robot,6.886511783692984,11.401538759148282,0.005004108369562835,0.00018551727924581677,-0.001467655953546688,0.0004552007133937433,0.9999988021801084
87,0,87.0,terrain_world,differential_drive_robot,6.89200605050723,11.40153972251775,0.004517330371834057,0.0002024178944039606,-0.003996838441220719,0.0004481786360232453,0.9999918916898182
87,20000000,87.02,terrain_world,differential_drive_robot,6.897407007178264,11.401518310890049,0.003926556087434172,6.71248973760485e-05,-0.006440220356546931,0.00041645936562510326,0.9999791725919115
87,40000000,87.04,terrain_world,differential_drive_robot,6.903156407846952,11.401595401332383,0.004300207503495629,-4.700967244566188e-06,-0.007152719449649871,0.0005391763889840307,0.9999742736046748
87,60000000,87.06,terrain_world,differential_drive_robot,6.9090566380831655,11.401601754525432,0.004617678268009932,-2.8605407806963654e-06,-0.007675986367369175,0.0005391671261373626,0.9999703938236949
87,80000000,87.08,terrain_world,differential_drive_robot,6.914266036338848,11.401604917395183,0.004805427928942101,-1.3986730910962108e-06,-0.007984859027929893,0.0005417782197669102,0.9999679737375134
87,100000000,87.1,terrain_world,differential_drive_robot,6.91717193757849,11.401605286064749,0.004865845677636193,-2.978709506041106e-07,-0.008083418473452259,0.0005423968061993284,0.9999671815371738
87,120000000,87.12,terrain_world,differential_drive_robot,6.917867133260072,11.401604866250322,0.004878420903544084,4.028465037838256e-07,-0.008103314186681665,0.0005417085481756201,0.9999670208816281
87,140000000,87.14,terrain_world,differential_drive_robot,6.9178671250056,11.40160485943405,0.004879454344307646,1.0962126273276577e-06,-0.008104130919405955,0.000541702858563717,0.9999670142653969
87,160000000,87.16,terrain_world,differential_drive_robot,6.917867116435988,11.401604852705256,0.004880468028003434,1.7763262023836164e-06,-0.008104932054255009,0.000541697206994949,0.9999670077744448
87,180000000,87.18,terrain_world,differential_drive_robot,6.917867116435988,11.401604852705256,0.004880468028003434,1.7763262023836164e-06,-0.008104932054255009,0.000541697206994949,0.9999670077744448
87,200000000,87.2,terrain_world,differential_drive_robot,6.917867107630349,11.401604845943167,0.004881482650513418,2.457071378585613e-06,-0.00810573392772886,0.0005416915064158775,0.9999670012764259
87,220000000,87.22,terrain_world,differential_drive_robot,6.917867107630349,11.401604845943167,0.004881482650513418,2.457071378585613e-06,-0.00810573392772886,0.0005416915064158775,0.9999670012764259
87,240000000,87.24,terrain_world,differential_drive_robot,6.917867098422819,11.401604839150705,0.004882494379585726,3.135878704041103e-06,-0.008106533508489116,0.0005416857409838828,0.9999669947959283
87,260000000,87.26,terrain_world,differential_drive_robot,6.917867098422819,11.401604839150705,0.004882494379585726,3.135878704041103e-06,-0.008106533508489116,0.0005416857409838828,0.9999669947959283
87,280000000,87.28,terrain_world,differential_drive_robot,6.917867098422819,11.401604839150705,0.004882494379585726,3.135878704041103e-06,-0.008106533508489116,0.0005416857409838828,0.9999669947959283
87,300000000,87.3,terrain_world,differential_drive_robot,6.917867098422819,11.401604839150705,0.004882494379585726,3.135878704041103e-06,-0.008106533508489116,0.0005416857409838828,0.9999669947959283
87,320000000,87.32,terrain_world,differential_drive_robot,6.917867088133343,11.401604832253538,0.004883502703658595,3.8124109392881967e-06,-0.008107330383157411,0.0005416797850964975,0.9999669883363822
87,340000000,87.34,terrain_world,differential_drive_robot,6.917867088133343,11.401604832253538,0.004883502703658595,3.8124109392881967e-06,-0.008107330383157411,0.0005416797850964975,0.9999669883363822
87,360000000,87.36,terrain_world,differential_drive_robot,6.917867088133343,11.401604832253538,0.004883502703658595,3.8124109392881967e-06,-0.008107330383157411,0.0005416797850964975,0.9999669883363822
87,380000000,87.38,terrain_world,differential_drive_robot,6.917867088133343,11.401604832253538,0.004883502703658595,3.8124109392881967e-06,-0.008107330383157411,0.0005416797850964975,0.9999669883363822
87,400000000,87.4,terrain_world,differential_drive_robot,6.917867088133343,11.401604832253538,0.004883502703658595,3.8124109392881967e-06,-0.008107330383157411,0.0005416797850964975,0.9999669883363822
87,420000000,87.42,terrain_world,differential_drive_robot,6.917867088133343,11.401604832253538,0.004883502703658595,3.8124109392881967e-06,-0.008107330383157411,0.0005416797850964975,0.9999669883363822
87,440000000,87.44,terrain_world,differential_drive_robot,6.917867088133343,11.401604832253538,0.004883502703658595,3.8124109392881967e-06,-0.008107330383157411,0.0005416797850964975,0.9999669883363822
87,460000000,87.46,terrain_world,differential_drive_robot,6.917867088133343,11.401604832253538,0.004883502703658595,3.8124109392881967e-06,-0.008107330383157411,0.0005416797850964975,0.9999669883363822
87,480000000,87.48,terrain_world,differential_drive_robot,6.917867088133343,11.401604832253538,0.004883502703658595,3.8124109392881967e-06,-0.008107330383157411,0.0005416797850964975,0.9999669883363822
87,500000000,87.5,terrain_world,differential_drive_robot,6.917867088133343,11.401604832253538,0.004883502703658595,3.8124109392881967e-06,-0.008107330383157411,0.0005416797850964975,0.9999669883363822
87,520000000,87.52,terrain_world,differential_drive_robot,6.917867088133343,11.401604832253538,0.004883502703658595,3.8124109392881967e-06,-0.008107330383157411,0.0005416797850964975,0.9999669883363822
87,540000000,87.54,terrain_world,differential_drive_robot,6.917867088133343,11.401604832253538,0.004883502703658595,3.8124109392881967e-06,-0.008107330383157411,0.0005416797850964975,0.9999669883363822
87,560000000,87.56,terrain_world,differential_drive_robot,6.917867088133343,11.401604832253538,0.004883502703658595,3.8124109392881967e-06,-0.008107330383157411,0.0005416797850964975,0.9999669883363822
87,580000000,87.58,terrain_world,differential_drive_robot,6.917867088133343,11.401604832253538,0.004883502703658595,3.8124109392881967e-06,-0.008107330383157411,0.0005416797850964975,0.9999669883363822
87,600000000,87.6,terrain_world,differential_drive_robot,6.917867088133343,11.401604832253538,0.004883502703658595,3.8124109392881967e-06,-0.008107330383157411,0.0005416797850964975,0.9999669883363822
87,620000000,87.62,terrain_world,differential_drive_robot,6.917867088133343,11.401604832253538,0.004883502703658595,3.8124109392881967e-06,-0.008107330383157411,0.0005416797850964975,0.9999669883363822
87,640000000,87.64,terrain_world,differential_drive_robot,6.917867088133343,11.401604832253538,0.004883502703658595,3.8124109392881967e-06,-0.008107330383157411,0.0005416797850964975,0.9999669883363822
87,660000000,87.66,terrain_world,differential_drive_robot,6.917867088133343,11.401604832253538,0.004883502703658595,3.8124109392881967e-06,-0.008107330383157411,0.0005416797850964975,0.9999669883363822
87,680000000,87.68,terrain_world,differential_drive_robot,6.917867088133343,11.401604832253538,0.004883502703658595,3.8124109392881967e-06,-0.008107330383157411,0.0005416797850964975,0.9999669883363822
87,700000000,87.7,terrain_world,differential_drive_robot,6.917867088133343,11.401604832253538,0.004883502703658595,3.8124109392881967e-06,-0.008107330383157411,0.0005416797850964975,0.9999669883363822
87,720000000,87.72,terrain_world,differential_drive_robot,6.917867088133343,11.401604832253538,0.004883502703658595,3.8124109392881967e-06,-0.008107330383157411,0.0005416797850964975,0.9999669883363822
87,740000000,87.74,terrain_world,differential_drive_robot,6.917867088133343,11.401604832253538,0.004883502703658595,3.8124109392881967e-06,-0.008107330383157411,0.0005416797850964975,0.9999669883363822
87,760000000,87.76,terrain_world,differential_drive_robot,6.917867088133343,11.401604832253538,0.004883502703658595,3.8124109392881967e-06,-0.008107330383157411,0.0005416797850964975,0.9999669883363822
87,780000000,87.78,terrain_world,differential_drive_robot,6.917867088133343,11.401604832253538,0.004883502703658595,3.8124109392881967e-06,-0.008107330383157411,0.0005416797850964975,0.9999669883363822
87,800000000,87.8,terrain_world,differential_drive_robot,6.917867088133343,11.401604832253538,0.004883502703658595,3.8124109392881967e-06,-0.008107330383157411,0.0005416797850964975,0.9999669883363822
87,820000000,87.82,terrain_world,differential_drive_robot,6.917867088133343,11.401604832253538,0.004883502703658595,3.8124109392881967e-06,-0.008107330383157411,0.0005416797850964975,0.9999669883363822
87,840000000,87.84,terrain_world,differential_drive_robot,6.917867088133343,11.401604832253538,0.004883502703658595,3.8124109392881967e-06,-0.008107330383157411,0.0005416797850964975,0.9999669883363822
87,860000000,87.86,terrain_world,differential_drive_robot,6.917867088133343,11.401604832253538,0.004883502703658595,3.8124109392881967e-06,-0.008107330383157411,0.0005416797850964975,0.9999669883363822
87,880000000,87.88,terrain_world,differential_drive_robot,6.917867088133343,11.401604832253538,0.004883502703658595,3.8124109392881967e-06,-0.008107330383157411,0.0005416797850964975,0.9999669883363822
87,900000000,87.9,terrain_world,differential_drive_robot,6.917867088133343,11.401604832253538,0.004883502703658595,3.8124109392881967e-06,-0.008107330383157411,0.0005416797850964975,0.9999669883363822
87,920000000,87.92,terrain_world,differential_drive_robot,6.917867088133343,11.401604832253538,0.004883502703658595,3.8124109392881967e-06,-0.008107330383157411,0.0005416797850964975,0.9999669883363822
87,940000000,87.94,terrain_world,differential_drive_robot,6.917867088133343,11.401604832253538,0.004883502703658595,3.8124109392881967e-06,-0.008107330383157411,0.0005416797850964975,0.9999669883363822
87,960000000,87.96,terrain_world,differential_drive_robot,6.917867088133343,11.401604832253538,0.004883502703658595,3.8124109392881967e-06,-0.008107330383157411,0.0005416797850964975,0.9999669883363822
87,980000000,87.98,terrain_world,differential_drive_robot,6.917867088133343,11.401604832253538,0.004883502703658595,3.8124109392881967e-06,-0.008107330383157411,0.0005416797850964975,0.9999669883363822
88,0,88.0,terrain_world,differential_drive_robot,6.917867088133343,11.401604832253538,0.004883502703658595,3.8124109392881967e-06,-0.008107330383157411,0.0005416797850964975,0.9999669883363822
88,20000000,88.02,terrain_world,differential_drive_robot,6.917867088133343,11.401604832253538,0.004883502703658595,3.8124109392881967e-06,-0.008107330383157411,0.0005416797850964975,0.9999669883363822
88,40000000,88.04,terrain_world,differential_drive_robot,6.917867088133343,11.401604832253538,0.004883502703658595,3.8124109392881967e-06,-0.008107330383157411,0.0005416797850964975,0.9999669883363822
88,60000000,88.06,terrain_world,differential_drive_robot,6.917867088133343,11.401604832253538,0.004883502703658595,3.8124109392881967e-06,-0.008107330383157411,0.0005416797850964975,0.9999669883363822
88,80000000,88.08,terrain_world,differential_drive_robot,6.917867088133343,11.401604832253538,0.004883502703658595,3.8124109392881967e-06,-0.008107330383157411,0.0005416797850964975,0.9999669883363822
88,100000000,88.1,terrain_world,differential_drive_robot,6.917867088133343,11.401604832253538,0.004883502703658595,3.8124109392881967e-06,-0.008107330383157411,0.0005416797850964975,0.9999669883363822
88,120000000,88.12,terrain_world,differential_drive_robot,6.917867088133343,11.401604832253538,0.004883502703658595,3.8124109392881967e-06,-0.008107330383157411,0.0005416797850964975,0.9999669883363822
88,140000000,88.14,terrain_world,differential_drive_robot,6.917867088133343,11.401604832253538,0.004883502703658595,3.8124109392881967e-06,-0.008107330383157411,0.0005416797850964975,0.9999669883363822
88,160000000,88.16,terrain_world,differential_drive_robot,6.917867088133343,11.401604832253538,0.004883502703658595,3.8124109392881967e-06,-0.008107330383157411,0.0005416797850964975,0.9999669883363822
88,180000000,88.18,terrain_world,differential_drive_robot,6.917867088133343,11.401604832253538,0.004883502703658595,3.8124109392881967e-06,-0.008107330383157411,0.0005416797850964975,0.9999669883363822
88,200000000,88.2,terrain_world,differential_drive_robot,6.917867088133343,11.401604832253538,0.004883502703658595,3.8124109392881967e-06,-0.008107330383157411,0.0005416797850964975,0.9999669883363822
88,220000000,88.22,terrain_world,differential_drive_robot,6.917867088133343,11.401604832253538,0.004883502703658595,3.8124109392881967e-06,-0.008107330383157411,0.0005416797850964975,0.9999669883363822
88,240000000,88.24,terrain_world,differential_drive_robot,6.917867088133343,11.401604832253538,0.004883502703658595,3.8124109392881967e-06,-0.008107330383157411,0.0005416797850964975,0.9999669883363822
88,260000000,88.26,terrain_world,differential_drive_robot,6.917867088133343,11.401604832253538,0.004883502703658595,3.8124109392881967e-06,-0.008107330383157411,0.0005416797850964975,0.9999669883363822
88,280000000,88.28,terrain_world,differential_drive_robot,6.917867088133343,11.401604832253538,0.004883502703658595,3.8124109392881967e-06,-0.008107330383157411,0.0005416797850964975,0.9999669883363822
88,300000000,88.3,terrain_world,differential_drive_robot,6.917867088133343,11.401604832253538,0.004883502703658595,3.8124109392881967e-06,-0.008107330383157411,0.0005416797850964975,0.9999669883363822
88,320000000,88.32,terrain_world,differential_drive_robot,6.917867088133343,11.401604832253538,0.004883502703658595,3.8124109392881967e-06,-0.008107330383157411,0.0005416797850964975,0.9999669883363822
88,340000000,88.34,terrain_world,differential_drive_robot,6.917867088133343,11.401604832253538,0.004883502703658595,3.8124109392881967e-06,-0.008107330383157411,0.0005416797850964975,0.9999669883363822
88,360000000,88.36,terrain_world,differential_drive_robot,6.917867088133343,11.401604832253538,0.004883502703658595,3.8124109392881967e-06,-0.008107330383157411,0.0005416797850964975,0.9999669883363822
88,380000000,88.38,terrain_world,differential_drive_robot,6.917867088133343,11.401604832253538,0.004883502703658595,3.8124109392881967e-06,-0.008107330383157411,0.0005416797850964975,0.9999669883363822
88,400000000,88.4,terrain_world,differential_drive_robot,6.917867088133343,11.401604832253538,0.004883502703658595,3.8124109392881967e-06,-0.008107330383157411,0.0005416797850964975,0.9999669883363822
88,420000000,88.42,terrain_world,differential_drive_robot,6.917867088133343,11.401604832253538,0.004883502703658595,3.8124109392881967e-06,-0.008107330383157411,0.0005416797850964975,0.9999669883363822
88,440000000,88.44,terrain_world,differential_drive_robot,6.917867088133343,11.401604832253538,0.004883502703658595,3.8124109392881967e-06,-0.008107330383157411,0.0005416797850964975,0.9999669883363822
88,460000000,88.46,terrain_world,differential_drive_robot,6.917867088133343,11.401604832253538,0.004883502703658595,3.8124109392881967e-06,-0.008107330383157411,0.0005416797850964975,0.9999669883363822
88,480000000,88.48,terrain_world,differential_drive_robot,6.917867088133343,11.401604832253538,0.004883502703658595,3.8124109392881967e-06,-0.008107330383157411,0.0005416797850964975,0.9999669883363822
88,500000000,88.5,terrain_world,differential_drive_robot,6.917867088133343,11.401604832253538,0.004883502703658595,3.8124109392881967e-06,-0.008107330383157411,0.0005416797850964975,0.9999669883363822
88,520000000,88.52,terrain_world,differential_drive_robot,6.917867088133343,11.401604832253538,0.004883502703658595,3.8124109392881967e-06,-0.008107330383157411,0.0005416797850964975,0.9999669883363822
88,540000000,88.54,terrain_world,differential_drive_robot,6.917867088133343,11.401604832253538,0.004883502703658595,3.8124109392881967e-06,-0.008107330383157411,0.0005416797850964975,0.9999669883363822
88,560000000,88.56,terrain_world,differential_drive_robot,6.917867088133343,11.401604832253538,0.004883502703658595,3.8124109392881967e-06,-0.008107330383157411,0.0005416797850964975,0.9999669883363822
88,580000000,88.58,terrain_world,differential_drive_robot,6.917867088133343,11.401604832253538,0.004883502703658595,3.8124109392881967e-06,-0.008107330383157411,0.0005416797850964975,0.9999669883363822
88,600000000,88.6,terrain_world,differential_drive_robot,6.917867088133343,11.401604832253538,0.004883502703658595,3.8124109392881967e-06,-0.008107330383157411,0.0005416797850964975,0.9999669883363822
88,620000000,88.62,terrain_world,differential_drive_robot,6.917867088133343,11.401604832253538,0.004883502703658595,3.8124109392881967e-06,-0.008107330383157411,0.0005416797850964975,0.9999669883363822
88,640000000,88.64,terrain_world,differential_drive_robot,6.917867088133343,11.401604832253538,0.004883502703658595,3.8124109392881967e-06,-0.008107330383157411,0.0005416797850964975,0.9999669883363822
88,660000000,88.66,terrain_world,differential_drive_robot,6.917867088133343,11.401604832253538,0.004883502703658595,3.8124109392881967e-06,-0.008107330383157411,0.0005416797850964975,0.9999669883363822
88,680000000,88.68,terrain_world,differential_drive_robot,6.917867088133343,11.401604832253538,0.004883502703658595,3.8124109392881967e-06,-0.008107330383157411,0.0005416797850964975,0.9999669883363822
88,700000000,88.7,terrain_world,differential_drive_robot,6.917867088133343,11.401604832253538,0.004883502703658595,3.8124109392881967e-06,-0.008107330383157411,0.0005416797850964975,0.9999669883363822
88,720000000,88.72,terrain_world,differential_drive_robot,6.917867088133343,11.401604832253538,0.004883502703658595,3.8124109392881967e-06,-0.008107330383157411,0.0005416797850964975,0.9999669883363822
88,740000000,88.74,terrain_world,differential_drive_robot,6.917867088133343,11.401604832253538,0.004883502703658595,3.8124109392881967e-06,-0.008107330383157411,0.0005416797850964975,0.9999669883363822
88,760000000,88.76,terrain_world,differential_drive_robot,6.917867088133343,11.401604832253538,0.004883502703658595,3.8124109392881967e-06,-0.008107330383157411,0.0005416797850964975,0.9999669883363822
88,780000000,88.78,terrain_world,differential_drive_robot,6.917867088133343,11.401604832253538,0.004883502703658595,3.8124109392881967e-06,-0.008107330383157411,0.0005416797850964975,0.9999669883363822
88,800000000,88.8,terrain_world,differential_drive_robot,6.917867088133343,11.401604832253538,0.004883502703658595,3.8124109392881967e-06,-0.008107330383157411,0.0005416797850964975,0.9999669883363822
88,820000000,88.82,terrain_world,differential_drive_robot,6.917867088133343,11.401604832253538,0.004883502703658595,3.8124109392881967e-06,-0.008107330383157411,0.0005416797850964975,0.9999669883363822
88,840000000,88.84,terrain_world,differential_drive_robot,6.917867088133343,11.401604832253538,0.004883502703658595,3.8124109392881967e-06,-0.008107330383157411,0.0005416797850964975,0.9999669883363822
88,860000000,88.86,terrain_world,differential_drive_robot,6.917867088133343,11.401604832253538,0.004883502703658595,3.8124109392881967e-06,-0.008107330383157411,0.0005416797850964975,0.9999669883363822
88,880000000,88.88,terrain_world,differential_drive_robot,6.917867088133343,11.401604832253538,0.004883502703658595,3.8124109392881967e-06,-0.008107330383157411,0.0005416797850964975,0.9999669883363822
88,900000000,88.9,terrain_world,differential_drive_robot,6.917867088133343,11.401604832253538,0.004883502703658595,3.8124109392881967e-06,-0.008107330383157411,0.0005416797850964975,0.9999669883363822
88,920000000,88.92,terrain_world,differential_drive_robot,6.917867088133343,11.401604832253538,0.004883502703658595,3.8124109392881967e-06,-0.008107330383157411,0.0005416797850964975,0.9999669883363822
88,940000000,88.94,terrain_world,differential_drive_robot,6.917867088133343,11.401604832253538,0.004883502703658595,3.8124109392881967e-06,-0.008107330383157411,0.0005416797850964975,0.9999669883363822
88,960000000,88.96,terrain_world,differential_drive_robot,6.917867088133343,11.401604832253538,0.004883502703658595,3.8124109392881967e-06,-0.008107330383157411,0.0005416797850964975,0.9999669883363822
88,980000000,88.98,terrain_world,differential_drive_robot,6.917867088133343,11.401604832253538,0.004883502703658595,3.8124109392881967e-06,-0.008107330383157411,0.0005416797850964975,0.9999669883363822
89,0,89.0,terrain_world,differential_drive_robot,6.917867088133343,11.401604832253538,0.004883502703658595,3.8124109392881967e-06,-0.008107330383157411,0.0005416797850964975,0.9999669883363822
89,20000000,89.02,terrain_world,differential_drive_robot,6.917867088133343,11.401604832253538,0.004883502703658595,3.8124109392881967e-06,-0.008107330383157411,0.0005416797850964975,0.9999669883363822
89,40000000,89.04,terrain_world,differential_drive_robot,6.917867088133343,11.401604832253538,0.004883502703658595,3.8124109392881967e-06,-0.008107330383157411,0.0005416797850964975,0.9999669883363822
89,60000000,89.06,terrain_world,differential_drive_robot,6.917867088133343,11.401604832253538,0.004883502703658595,3.8124109392881967e-06,-0.008107330383157411,0.0005416797850964975,0.9999669883363822
89,80000000,89.08,terrain_world,differential_drive_robot,6.917867088133343,11.401604832253538,0.004883502703658595,3.8124109392881967e-06,-0.008107330383157411,0.0005416797850964975,0.9999669883363822
89,100000000,89.1,terrain_world,differential_drive_robot,6.917867088133343,11.401604832253538,0.004883502703658595,3.8124109392881967e-06,-0.008107330383157411,0.0005416797850964975,0.9999669883363822
89,120000000,89.12,terrain_world,differential_drive_robot,6.917867088133343,11.401604832253538,0.004883502703658595,3.8124109392881967e-06,-0.008107330383157411,0.0005416797850964975,0.9999669883363822
89,140000000,89.14,terrain_world,differential_drive_robot,6.917867088133343,11.401604832253538,0.004883502703658595,3.8124109392881967e-06,-0.008107330383157411,0.0005416797850964975,0.9999669883363822
89,160000000,89.16,terrain_world,differential_drive_robot,6.917867088133343,11.401604832253538,0.004883502703658595,3.8124109392881967e-06,-0.008107330383157411,0.0005416797850964975,0.9999669883363822
89,180000000,89.18,terrain_world,differential_drive_robot,6.917867088133343,11.401604832253538,0.004883502703658595,3.8124109392881967e-06,-0.008107330383157411,0.0005416797850964975,0.9999669883363822
89,200000000,89.2,terrain_world,differential_drive_robot,6.917867088133343,11.401604832253538,0.004883502703658595,3.8124109392881967e-06,-0.008107330383157411,0.0005416797850964975,0.9999669883363822
89,220000000,89.22,terrain_world,differential_drive_robot,6.917867088133343,11.401604832253538,0.004883502703658595,3.8124109392881967e-06,-0.008107330383157411,0.0005416797850964975,0.9999669883363822
89,240000000,89.24,terrain_world,differential_drive_robot,6.917867088133343,11.401604832253538,0.004883502703658595,3.8124109392881967e-06,-0.008107330383157411,0.0005416797850964975,0.9999669883363822
89,260000000,89.26,terrain_world,differential_drive_robot,6.917867088133343,11.401604832253538,0.004883502703658595,3.8124109392881967e-06,-0.008107330383157411,0.0005416797850964975,0.9999669883363822
89,280000000,89.28,terrain_world,differential_drive_robot,6.917867088133343,11.401604832253538,0.004883502703658595,3.8124109392881967e-06,-0.008107330383157411,0.0005416797850964975,0.9999669883363822
89,300000000,89.3,terrain_world,differential_drive_robot,6.917867088133343,11.401604832253538,0.004883502703658595,3.8124109392881967e-06,-0.008107330383157411,0.0005416797850964975,0.9999669883363822
89,320000000,89.32,terrain_world,differential_drive_robot,6.917867088133343,11.401604832253538,0.004883502703658595,3.8124109392881967e-06,-0.008107330383157411,0.0005416797850964975,0.9999669883363822
89,340000000,89.34,terrain_world,differential_drive_robot,6.917867088133343,11.401604832253538,0.004883502703658595,3.8124109392881967e-06,-0.008107330383157411,0.0005416797850964975,0.9999669883363822
89,360000000,89.36,terrain_world,differential_drive_robot,6.917867088133343,11.401604832253538,0.004883502703658595,3.8124109392881967e-06,-0.008107330383157411,0.0005416797850964975,0.9999669883363822
89,380000000,89.38,terrain_world,differential_drive_robot,6.917867088133343,11.401604832253538,0.004883502703658595,3.8124109392881967e-06,-0.008107330383157411,0.0005416797850964975,0.9999669883363822
89,400000000,89.4,terrain_world,differential_drive_robot,6.917867088133343,11.401604832253538,0.004883502703658595,3.8124109392881967e-06,-0.008107330383157411,0.0005416797850964975,0.9999669883363822
89,420000000,89.42,terrain_world,differential_drive_robot,6.917867088133343,11.401604832253538,0.004883502703658595,3.8124109392881967e-06,-0.008107330383157411,0.0005416797850964975,0.9999669883363822
89,440000000,89.44,terrain_world,differential_drive_robot,6.917867088133343,11.401604832253538,0.004883502703658595,3.8124109392881967e-06,-0.008107330383157411,0.0005416797850964975,0.9999669883363822
89,460000000,89.46,terrain_world,differential_drive_robot,6.917867088133343,11.401604832253538,0.004883502703658595,3.8124109392881967e-06,-0.008107330383157411,0.0005416797850964975,0.9999669883363822
89,480000000,89.48,terrain_world,differential_drive_robot,6.917867088133343,11.401604832253538,0.004883502703658595,3.8124109392881967e-06,-0.008107330383157411,0.0005416797850964975,0.9999669883363822
89,500000000,89.5,terrain_world,differential_drive_robot,6.917867088133343,11.401604832253538,0.004883502703658595,3.8124109392881967e-06,-0.008107330383157411,0.0005416797850964975,0.9999669883363822
89,520000000,89.52,terrain_world,differential_drive_robot,6.917867088133343,11.401604832253538,0.004883502703658595,3.8124109392881967e-06,-0.008107330383157411,0.0005416797850964975,0.9999669883363822
89,540000000,89.54,terrain_world,differential_drive_robot,6.917867088133343,11.401604832253538,0.004883502703658595,3.8124109392881967e-06,-0.008107330383157411,0.0005416797850964975,0.9999669883363822
89,560000000,89.56,terrain_world,differential_drive_robot,6.917867088133343,11.401604832253538,0.004883502703658595,3.8124109392881967e-06,-0.008107330383157411,0.0005416797850964975,0.9999669883363822
89,580000000,89.58,terrain_world,differential_drive_robot,6.917867088133343,11.401604832253538,0.004883502703658595,3.8124109392881967e-06,-0.008107330383157411,0.0005416797850964975,0.9999669883363822
89,600000000,89.6,terrain_world,differential_drive_robot,6.917867088133343,11.401604832253538,0.004883502703658595,3.8124109392881967e-06,-0.008107330383157411,0.0005416797850964975,0.9999669883363822
89,620000000,89.62,terrain_world,differential_drive_robot,6.917867088133343,11.401604832253538,0.004883502703658595,3.8124109392881967e-06,-0.008107330383157411,0.0005416797850964975,0.9999669883363822
89,640000000,89.64,terrain_world,differential_drive_robot,6.917867088133343,11.401604832253538,0.004883502703658595,3.8124109392881967e-06,-0.008107330383157411,0.0005416797850964975,0.9999669883363822
89,660000000,89.66,terrain_world,differential_drive_robot,6.917867088133343,11.401604832253538,0.004883502703658595,3.8124109392881967e-06,-0.008107330383157411,0.0005416797850964975,0.9999669883363822
89,680000000,89.68,terrain_world,differential_drive_robot,6.917867088133343,11.401604832253538,0.004883502703658595,3.8124109392881967e-06,-0.008107330383157411,0.0005416797850964975,0.9999669883363822
89,700000000,89.7,terrain_world,differential_drive_robot,6.917867088133343,11.401604832253538,0.004883502703658595,3.8124109392881967e-06,-0.008107330383157411,0.0005416797850964975,0.9999669883363822
89,720000000,89.72,terrain_world,differential_drive_robot,6.917867088133343,11.401604832253538,0.004883502703658595,3.8124109392881967e-06,-0.008107330383157411,0.0005416797850964975,0.9999669883363822
89,740000000,89.74,terrain_world,differential_drive_robot,6.917867088133343,11.401604832253538,0.004883502703658595,3.8124109392881967e-06,-0.008107330383157411,0.0005416797850964975,0.9999669883363822
89,760000000,89.76,terrain_world,differential_drive_robot,6.917867088133343,11.401604832253538,0.004883502703658595,3.8124109392881967e-06,-0.008107330383157411,0.0005416797850964975,0.9999669883363822
89,780000000,89.78,terrain_world,differential_drive_robot,6.917867088133343,11.401604832253538,0.004883502703658595,3.8124109392881967e-06,-0.008107330383157411,0.0005416797850964975,0.9999669883363822
89,800000000,89.8,terrain_world,differential_drive_robot,6.917867088133343,11.401604832253538,0.004883502703658595,3.8124109392881967e-06,-0.008107330383157411,0.0005416797850964975,0.9999669883363822
89,820000000,89.82,terrain_world,differential_drive_robot,6.917867088133343,11.401604832253538,0.004883502703658595,3.8124109392881967e-06,-0.008107330383157411,0.0005416797850964975,0.9999669883363822
89,840000000,89.84,terrain_world,differential_drive_robot,6.917867088133343,11.401604832253538,0.004883502703658595,3.8124109392881967e-06,-0.008107330383157411,0.0005416797850964975,0.9999669883363822
89,860000000,89.86,terrain_world,differential_drive_robot,6.917867088133343,11.401604832253538,0.004883502703658595,3.8124109392881967e-06,-0.008107330383157411,0.0005416797850964975,0.9999669883363822
89,880000000,89.88,terrain_world,differential_drive_robot,6.917867088133343,11.401604832253538,0.004883502703658595,3.8124109392881967e-06,-0.008107330383157411,0.0005416797850964975,0.9999669883363822
89,900000000,89.9,terrain_world,differential_drive_robot,6.917867088133343,11.401604832253538,0.004883502703658595,3.8124109392881967e-06,-0.008107330383157411,0.0005416797850964975,0.9999669883363822
89,920000000,89.92,terrain_world,differential_drive_robot,6.917867088133343,11.401604832253538,0.004883502703658595,3.8124109392881967e-06,-0.008107330383157411,0.0005416797850964975,0.9999669883363822
89,940000000,89.94,terrain_world,differential_drive_robot,6.917867088133343,11.401604832253538,0.004883502703658595,3.8124109392881967e-06,-0.008107330383157411,0.0005416797850964975,0.9999669883363822
89,960000000,89.96,terrain_world,differential_drive_robot,6.917867088133343,11.401604832253538,0.004883502703658595,3.8124109392881967e-06,-0.008107330383157411,0.0005416797850964975,0.9999669883363822
89,980000000,89.98,terrain_world,differential_drive_robot,6.917867088133343,11.401604832253538,0.004883502703658595,3.8124109392881967e-06,-0.008107330383157411,0.0005416797850964975,0.9999669883363822
90,0,90.0,terrain_world,differential_drive_robot,6.917867088133343,11.401604832253538,0.004883502703658595,3.8124109392881967e-06,-0.008107330383157411,0.0005416797850964975,0.9999669883363822
90,20000000,90.02,terrain_world,differential_drive_robot,6.917867088133343,11.401604832253538,0.004883502703658595,3.8124109392881967e-06,-0.008107330383157411,0.0005416797850964975,0.9999669883363822
90,40000000,90.04,terrain_world,differential_drive_robot,6.917867088133343,11.401604832253538,0.004883502703658595,3.8124109392881967e-06,-0.008107330383157411,0.0005416797850964975,0.9999669883363822
90,60000000,90.06,terrain_world,differential_drive_robot,6.917867088133343,11.401604832253538,0.004883502703658595,3.8124109392881967e-06,-0.008107330383157411,0.0005416797850964975,0.9999669883363822
90,80000000,90.08,terrain_world,differential_drive_robot,6.917867088133343,11.401604832253538,0.004883502703658595,3.8124109392881967e-06,-0.008107330383157411,0.0005416797850964975,0.9999669883363822
90,100000000,90.1,terrain_world,differential_drive_robot,6.917867088133343,11.401604832253538,0.004883502703658595,3.8124109392881967e-06,-0.008107330383157411,0.0005416797850964975,0.9999669883363822
90,120000000,90.12,terrain_world,differential_drive_robot,6.917867088133343,11.401604832253538,0.004883502703658595,3.8124109392881967e-06,-0.008107330383157411,0.0005416797850964975,0.9999669883363822
90,140000000,90.14,terrain_world,differential_drive_robot,6.917867088133343,11.401604832253538,0.004883502703658595,3.8124109392881967e-06,-0.008107330383157411,0.0005416797850964975,0.9999669883363822
90,160000000,90.16,terrain_world,differential_drive_robot,6.917867088133343,11.401604832253538,0.004883502703658595,3.8124109392881967e-06,-0.008107330383157411,0.0005416797850964975,0.9999669883363822
90,180000000,90.18,terrain_world,differential_drive_robot,6.917867088133343,11.401604832253538,0.004883502703658595,3.8124109392881967e-06,-0.008107330383157411,0.0005416797850964975,0.9999669883363822
90,200000000,90.2,terrain_world,differential_drive_robot,6.917867088133343,11.401604832253538,0.004883502703658595,3.8124109392881967e-06,-0.008107330383157411,0.0005416797850964975,0.9999669883363822
90,220000000,90.22,terrain_world,differential_drive_robot,6.917867088133343,11.401604832253538,0.004883502703658595,3.8124109392881967e-06,-0.008107330383157411,0.0005416797850964975,0.9999669883363822
90,240000000,90.24,terrain_world,differential_drive_robot,6.917867088133343,11.401604832253538,0.004883502703658595,3.8124109392881967e-06,-0.008107330383157411,0.0005416797850964975,0.9999669883363822
90,260000000,90.26,terrain_world,differential_drive_robot,6.917867088133343,11.401604832253538,0.004883502703658595,3.8124109392881967e-06,-0.008107330383157411,0.0005416797850964975,0.9999669883363822
90,280000000,90.28,terrain_world,differential_drive_robot,6.917867088133343,11.401604832253538,0.004883502703658595,3.8124109392881967e-06,-0.008107330383157411,0.0005416797850964975,0.9999669883363822
90,300000000,90.3,terrain_world,differential_drive_robot,6.917867088133343,11.401604832253538,0.004883502703658595,3.8124109392881967e-06,-0.008107330383157411,0.0005416797850964975,0.9999669883363822
90,320000000,90.32,terrain_world,differential_drive_robot,6.917867088133343,11.401604832253538,0.004883502703658595,3.8124109392881967e-06,-0.008107330383157411,0.0005416797850964975,0.9999669883363822
90,340000000,90.34,terrain_world,differential_drive_robot,6.917867088133343,11.401604832253538,0.004883502703658595,3.8124109392881967e-06,-0.008107330383157411,0.0005416797850964975,0.9999669883363822
90,360000000,90.36,terrain_world,differential_drive_robot,6.917867088133343,11.401604832253538,0.004883502703658595,3.8124109392881967e-06,-0.008107330383157411,0.0005416797850964975,0.9999669883363822
90,380000000,90.38,terrain_world,differential_drive_robot,6.917867088133343,11.401604832253538,0.004883502703658595,3.8124109392881967e-06,-0.008107330383157411,0.0005416797850964975,0.9999669883363822
90,400000000,90.4,terrain_world,differential_drive_robot,6.917867088133343,11.401604832253538,0.004883502703658595,3.8124109392881967e-06,-0.008107330383157411,0.0005416797850964975,0.9999669883363822
90,420000000,90.42,terrain_world,differential_drive_robot,6.917867088133343,11.401604832253538,0.004883502703658595,3.8124109392881967e-06,-0.008107330383157411,0.0005416797850964975,0.9999669883363822
90,440000000,90.44,terrain_world,differential_drive_robot,6.917867088133343,11.401604832253538,0.004883502703658595,3.8124109392881967e-06,-0.008107330383157411,0.0005416797850964975,0.9999669883363822
90,460000000,90.46,terrain_world,differential_drive_robot,6.917867088133343,11.401604832253538,0.004883502703658595,3.8124109392881967e-06,-0.008107330383157411,0.0005416797850964975,0.9999669883363822
90,480000000,90.48,terrain_world,differential_drive_robot,6.917867088133343,11.401604832253538,0.004883502703658595,3.8124109392881967e-06,-0.008107330383157411,0.0005416797850964975,0.9999669883363822
90,500000000,90.5,terrain_world,differential_drive_robot,6.917867088133343,11.401604832253538,0.004883502703658595,3.8124109392881967e-06,-0.008107330383157411,0.0005416797850964975,0.9999669883363822
90,520000000,90.52,terrain_world,differential_drive_robot,6.917867088133343,11.401604832253538,0.004883502703658595,3.8124109392881967e-06,-0.008107330383157411,0.0005416797850964975,0.9999669883363822
90,540000000,90.54,terrain_world,differential_drive_robot,6.917867088133343,11.401604832253538,0.004883502703658595,3.8124109392881967e-06,-0.008107330383157411,0.0005416797850964975,0.9999669883363822
90,560000000,90.56,terrain_world,differential_drive_robot,6.917867088133343,11.401604832253538,0.004883502703658595,3.8124109392881967e-06,-0.008107330383157411,0.0005416797850964975,0.9999669883363822
90,580000000,90.58,terrain_world,differential_drive_robot,6.917867088133343,11.401604832253538,0.004883502703658595,3.8124109392881967e-06,-0.008107330383157411,0.0005416797850964975,0.9999669883363822
90,600000000,90.6,terrain_world,differential_drive_robot,6.917867088133343,11.401604832253538,0.004883502703658595,3.8124109392881967e-06,-0.008107330383157411,0.0005416797850964975,0.9999669883363822
90,620000000,90.62,terrain_world,differential_drive_robot,6.917867088133343,11.401604832253538,0.004883502703658595,3.8124109392881967e-06,-0.008107330383157411,0.0005416797850964975,0.9999669883363822
90,640000000,90.64,terrain_world,differential_drive_robot,6.917867088133343,11.401604832253538,0.004883502703658595,3.8124109392881967e-06,-0.008107330383157411,0.0005416797850964975,0.9999669883363822
90,660000000,90.66,terrain_world,differential_drive_robot,6.917867088133343,11.401604832253538,0.004883502703658595,3.8124109392881967e-06,-0.008107330383157411,0.0005416797850964975,0.9999669883363822
90,680000000,90.68,terrain_world,differential_drive_robot,6.917867088133343,11.401604832253538,0.004883502703658595,3.8124109392881967e-06,-0.008107330383157411,0.0005416797850964975,0.9999669883363822
90,700000000,90.7,terrain_world,differential_drive_robot,6.917867088133343,11.401604832253538,0.004883502703658595,3.8124109392881967e-06,-0.008107330383157411,0.0005416797850964975,0.9999669883363822
90,720000000,90.72,terrain_world,differential_drive_robot,6.917867088133343,11.401604832253538,0.004883502703658595,3.8124109392881967e-06,-0.008107330383157411,0.0005416797850964975,0.9999669883363822
90,740000000,90.74,terrain_world,differential_drive_robot,6.917867088133343,11.401604832253538,0.004883502703658595,3.8124109392881967e-06,-0.008107330383157411,0.0005416797850964975,0.9999669883363822
90,760000000,90.76,terrain_world,differential_drive_robot,6.917867088133343,11.401604832253538,0.004883502703658595,3.8124109392881967e-06,-0.008107330383157411,0.0005416797850964975,0.9999669883363822
90,780000000,90.78,terrain_world,differential_drive_robot,6.917867088133343,11.401604832253538,0.004883502703658595,3.8124109392881967e-06,-0.008107330383157411,0.0005416797850964975,0.9999669883363822
90,800000000,90.8,terrain_world,differential_drive_robot,6.917867088133343,11.401604832253538,0.004883502703658595,3.8124109392881967e-06,-0.008107330383157411,0.0005416797850964975,0.9999669883363822
90,820000000,90.82,terrain_world,differential_drive_robot,6.917867088133343,11.401604832253538,0.004883502703658595,3.8124109392881967e-06,-0.008107330383157411,0.0005416797850964975,0.9999669883363822
90,840000000,90.84,terrain_world,differential_drive_robot,6.917867088133343,11.401604832253538,0.004883502703658595,3.8124109392881967e-06,-0.008107330383157411,0.0005416797850964975,0.9999669883363822
90,860000000,90.86,terrain_world,differential_drive_robot,6.917867088133343,11.401604832253538,0.004883502703658595,3.8124109392881967e-06,-0.008107330383157411,0.0005416797850964975,0.9999669883363822
90,880000000,90.88,terrain_world,differential_drive_robot,6.917867088133343,11.401604832253538,0.004883502703658595,3.8124109392881967e-06,-0.008107330383157411,0.0005416797850964975,0.9999669883363822
90,900000000,90.9,terrain_world,differential_drive_robot,6.917867088133343,11.401604832253538,0.004883502703658595,3.8124109392881967e-06,-0.008107330383157411,0.0005416797850964975,0.9999669883363822
90,920000000,90.92,terrain_world,differential_drive_robot,6.917867088133343,11.401604832253538,0.004883502703658595,3.8124109392881967e-06,-0.008107330383157411,0.0005416797850964975,0.9999669883363822
90,940000000,90.94,terrain_world,differential_drive_robot,6.917867088133343,11.401604832253538,0.004883502703658595,3.8124109392881967e-06,-0.008107330383157411,0.0005416797850964975,0.9999669883363822
90,960000000,90.96,terrain_world,differential_drive_robot,6.917867088133343,11.401604832253538,0.004883502703658595,3.8124109392881967e-06,-0.008107330383157411,0.0005416797850964975,0.9999669883363822
90,980000000,90.98,terrain_world,differential_drive_robot,6.917867088133343,11.401604832253538,0.004883502703658595,3.8124109392881967e-06,-0.008107330383157411,0.0005416797850964975,0.9999669883363822
91,0,91.0,terrain_world,differential_drive_robot,6.917867088133343,11.401604832253538,0.004883502703658595,3.8124109392881967e-06,-0.008107330383157411,0.0005416797850964975,0.9999669883363822
91,20000000,91.02,terrain_world,differential_drive_robot,6.917867088133343,11.401604832253538,0.004883502703658595,3.8124109392881967e-06,-0.008107330383157411,0.0005416797850964975,0.9999669883363822
91,40000000,91.04,terrain_world,differential_drive_robot,6.917867088133343,11.401604832253538,0.004883502703658595,3.8124109392881967e-06,-0.008107330383157411,0.0005416797850964975,0.9999669883363822
91,60000000,91.06,terrain_world,differential_drive_robot,6.917867088133343,11.401604832253538,0.004883502703658595,3.8124109392881967e-06,-0.008107330383157411,0.0005416797850964975,0.9999669883363822
91,80000000,91.08,terrain_world,differential_drive_robot,6.917867088133343,11.401604832253538,0.004883502703658595,3.8124109392881967e-06,-0.008107330383157411,0.0005416797850964975,0.9999669883363822
91,100000000,91.1,terrain_world,differential_drive_robot,6.917867088133343,11.401604832253538,0.004883502703658595,3.8124109392881967e-06,-0.008107330383157411,0.0005416797850964975,0.9999669883363822
91,120000000,91.12,terrain_world,differential_drive_robot,6.917867088133343,11.401604832253538,0.004883502703658595,3.8124109392881967e-06,-0.008107330383157411,0.0005416797850964975,0.9999669883363822
91,140000000,91.14,terrain_world,differential_drive_robot,6.917867088133343,11.401604832253538,0.004883502703658595,3.8124109392881967e-06,-0.008107330383157411,0.0005416797850964975,0.9999669883363822
91,160000000,91.16,terrain_world,differential_drive_robot,6.917867088133343,11.401604832253538,0.004883502703658595,3.8124109392881967e-06,-0.008107330383157411,0.0005416797850964975,0.9999669883363822
91,180000000,91.18,terrain_world,differential_drive_robot,6.917867088133343,11.401604832253538,0.004883502703658595,3.8124109392881967e-06,-0.008107330383157411,0.0005416797850964975,0.9999669883363822
91,200000000,91.2,terrain_world,differential_drive_robot,6.917867088133343,11.401604832253538,0.004883502703658595,3.8124109392881967e-06,-0.008107330383157411,0.0005416797850964975,0.9999669883363822
91,220000000,91.22,terrain_world,differential_drive_robot,6.917867088133343,11.401604832253538,0.004883502703658595,3.8124109392881967e-06,-0.008107330383157411,0.0005416797850964975,0.9999669883363822
91,240000000,91.24,terrain_world,differential_drive_robot,6.917867088133343,11.401604832253538,0.004883502703658595,3.8124109392881967e-06,-0.008107330383157411,0.0005416797850964975,0.9999669883363822
91,260000000,91.26,terrain_world,differential_drive_robot,6.917867088133343,11.401604832253538,0.004883502703658595,3.8124109392881967e-06,-0.008107330383157411,0.0005416797850964975,0.9999669883363822
91,280000000,91.28,terrain_world,differential_drive_robot,6.917867088133343,11.401604832253538,0.004883502703658595,3.8124109392881967e-06,-0.008107330383157411,0.0005416797850964975,0.9999669883363822
91,300000000,91.3,terrain_world,differential_drive_robot,6.917867088133343,11.401604832253538,0.004883502703658595,3.8124109392881967e-06,-0.008107330383157411,0.0005416797850964975,0.9999669883363822
91,320000000,91.32,terrain_world,differential_drive_robot,6.917867088133343,11.401604832253538,0.004883502703658595,3.8124109392881967e-06,-0.008107330383157411,0.0005416797850964975,0.9999669883363822
91,340000000,91.34,terrain_world,differential_drive_robot,6.917867088133343,11.401604832253538,0.004883502703658595,3.8124109392881967e-06,-0.008107330383157411,0.0005416797850964975,0.9999669883363822
91,360000000,91.36,terrain_world,differential_drive_robot,6.917867088133343,11.401604832253538,0.004883502703658595,3.8124109392881967e-06,-0.008107330383157411,0.0005416797850964975,0.9999669883363822
91,380000000,91.38,terrain_world,differential_drive_robot,6.917867088133343,11.401604832253538,0.004883502703658595,3.8124109392881967e-06,-0.008107330383157411,0.0005416797850964975,0.9999669883363822
91,400000000,91.4,terrain_world,differential_drive_robot,6.917867088133343,11.401604832253538,0.004883502703658595,3.8124109392881967e-06,-0.008107330383157411,0.0005416797850964975,0.9999669883363822
91,420000000,91.42,terrain_world,differential_drive_robot,6.917867088133343,11.401604832253538,0.004883502703658595,3.8124109392881967e-06,-0.008107330383157411,0.0005416797850964975,0.9999669883363822
91,440000000,91.44,terrain_world,differential_drive_robot,6.917867088133343,11.401604832253538,0.004883502703658595,3.8124109392881967e-06,-0.008107330383157411,0.0005416797850964975,0.9999669883363822
91,460000000,91.46,terrain_world,differential_drive_robot,6.917867088133343,11.401604832253538,0.004883502703658595,3.8124109392881967e-06,-0.008107330383157411,0.0005416797850964975,0.9999669883363822
91,480000000,91.48,terrain_world,differential_drive_robot,6.917867088133343,11.401604832253538,0.004883502703658595,3.8124109392881967e-06,-0.008107330383157411,0.0005416797850964975,0.9999669883363822
91,500000000,91.5,terrain_world,differential_drive_robot,6.917867088133343,11.401604832253538,0.004883502703658595,3.8124109392881967e-06,-0.008107330383157411,0.0005416797850964975,0.9999669883363822
91,520000000,91.52,terrain_world,differential_drive_robot,6.917867088133343,11.401604832253538,0.004883502703658595,3.8124109392881967e-06,-0.008107330383157411,0.0005416797850964975,0.9999669883363822
91,540000000,91.54,terrain_world,differential_drive_robot,6.917867088133343,11.401604832253538,0.004883502703658595,3.8124109392881967e-06,-0.008107330383157411,0.0005416797850964975,0.9999669883363822
91,560000000,91.56,terrain_world,differential_drive_robot,6.917867088133343,11.401604832253538,0.004883502703658595,3.8124109392881967e-06,-0.008107330383157411,0.0005416797850964975,0.9999669883363822
91,580000000,91.58,terrain_world,differential_drive_robot,6.917867088133343,11.401604832253538,0.004883502703658595,3.8124109392881967e-06,-0.008107330383157411,0.0005416797850964975,0.9999669883363822
91,600000000,91.6,terrain_world,differential_drive_robot,6.917867088133343,11.401604832253538,0.004883502703658595,3.8124109392881967e-06,-0.008107330383157411,0.0005416797850964975,0.9999669883363822
91,620000000,91.62,terrain_world,differential_drive_robot,6.917867088133343,11.401604832253538,0.004883502703658595,3.8124109392881967e-06,-0.008107330383157411,0.0005416797850964975,0.9999669883363822
91,640000000,91.64,terrain_world,differential_drive_robot,6.917867088133343,11.401604832253538,0.004883502703658595,3.8124109392881967e-06,-0.008107330383157411,0.0005416797850964975,0.9999669883363822
91,660000000,91.66,terrain_world,differential_drive_robot,6.917867088133343,11.401604832253538,0.004883502703658595,3.8124109392881967e-06,-0.008107330383157411,0.0005416797850964975,0.9999669883363822
91,680000000,91.68,terrain_world,differential_drive_robot,6.917867088133343,11.401604832253538,0.004883502703658595,3.8124109392881967e-06,-0.008107330383157411,0.0005416797850964975,0.9999669883363822
91,700000000,91.7,terrain_world,differential_drive_robot,6.917867088133343,11.401604832253538,0.004883502703658595,3.8124109392881967e-06,-0.008107330383157411,0.0005416797850964975,0.9999669883363822
91,720000000,91.72,terrain_world,differential_drive_robot,6.917867088133343,11.401604832253538,0.004883502703658595,3.8124109392881967e-06,-0.008107330383157411,0.0005416797850964975,0.9999669883363822
91,740000000,91.74,terrain_world,differential_drive_robot,6.917867088133343,11.401604832253538,0.004883502703658595,3.8124109392881967e-06,-0.008107330383157411,0.0005416797850964975,0.9999669883363822
91,760000000,91.76,terrain_world,differential_drive_robot,6.917867088133343,11.401604832253538,0.004883502703658595,3.8124109392881967e-06,-0.008107330383157411,0.0005416797850964975,0.9999669883363822
91,780000000,91.78,terrain_world,differential_drive_robot,6.917867088133343,11.401604832253538,0.004883502703658595,3.8124109392881967e-06,-0.008107330383157411,0.0005416797850964975,0.9999669883363822
91,800000000,91.8,terrain_world,differential_drive_robot,6.917867088133343,11.401604832253538,0.004883502703658595,3.8124109392881967e-06,-0.008107330383157411,0.0005416797850964975,0.9999669883363822
91,820000000,91.82,terrain_world,differential_drive_robot,6.917867088133343,11.401604832253538,0.004883502703658595,3.8124109392881967e-06,-0.008107330383157411,0.0005416797850964975,0.9999669883363822
91,840000000,91.84,terrain_world,differential_drive_robot,6.917867088133343,11.401604832253538,0.004883502703658595,3.8124109392881967e-06,-0.008107330383157411,0.0005416797850964975,0.9999669883363822
91,860000000,91.86,terrain_world,differential_drive_robot,6.917867088133343,11.401604832253538,0.004883502703658595,3.8124109392881967e-06,-0.008107330383157411,0.0005416797850964975,0.9999669883363822
91,880000000,91.88,terrain_world,differential_drive_robot,6.917867088133343,11.401604832253538,0.004883502703658595,3.8124109392881967e-06,-0.008107330383157411,0.0005416797850964975,0.9999669883363822
91,900000000,91.9,terrain_world,differential_drive_robot,6.917867088133343,11.401604832253538,0.004883502703658595,3.8124109392881967e-06,-0.008107330383157411,0.0005416797850964975,0.9999669883363822
91,920000000,91.92,terrain_world,differential_drive_robot,6.917867088133343,11.401604832253538,0.004883502703658595,3.8124109392881967e-06,-0.008107330383157411,0.0005416797850964975,0.9999669883363822
91,940000000,91.94,terrain_world,differential_drive_robot,6.917867088133343,11.401604832253538,0.004883502703658595,3.8124109392881967e-06,-0.008107330383157411,0.0005416797850964975,0.9999669883363822
91,960000000,91.96,terrain_world,differential_drive_robot,6.917867088133343,11.401604832253538,0.004883502703658595,3.8124109392881967e-06,-0.008107330383157411,0.0005416797850964975,0.9999669883363822
91,980000000,91.98,terrain_world,differential_drive_robot,6.917867088133343,11.401604832253538,0.004883502703658595,3.8124109392881967e-06,-0.008107330383157411,0.0005416797850964975,0.9999669883363822
92,0,92.0,terrain_world,differential_drive_robot,6.917867088133343,11.401604832253538,0.004883502703658595,3.8124109392881967e-06,-0.008107330383157411,0.0005416797850964975,0.9999669883363822
92,20000000,92.02,terrain_world,differential_drive_robot,6.917867088133343,11.401604832253538,0.004883502703658595,3.8124109392881967e-06,-0.008107330383157411,0.0005416797850964975,0.9999669883363822
92,40000000,92.04,terrain_world,differential_drive_robot,6.917867088133343,11.401604832253538,0.004883502703658595,3.8124109392881967e-06,-0.008107330383157411,0.0005416797850964975,0.9999669883363822
92,60000000,92.06,terrain_world,differential_drive_robot,6.917867088133343,11.401604832253538,0.004883502703658595,3.8124109392881967e-06,-0.008107330383157411,0.0005416797850964975,0.9999669883363822
92,80000000,92.08,terrain_world,differential_drive_robot,6.917867088133343,11.401604832253538,0.004883502703658595,3.8124109392881967e-06,-0.008107330383157411,0.0005416797850964975,0.9999669883363822
92,100000000,92.1,terrain_world,differential_drive_robot,6.917867088133343,11.401604832253538,0.004883502703658595,3.8124109392881967e-06,-0.008107330383157411,0.0005416797850964975,0.9999669883363822
92,120000000,92.12,terrain_world,differential_drive_robot,6.917867088133343,11.401604832253538,0.004883502703658595,3.8124109392881967e-06,-0.008107330383157411,0.0005416797850964975,0.9999669883363822
92,140000000,92.14,terrain_world,differential_drive_robot,6.917867088133343,11.401604832253538,0.004883502703658595,3.8124109392881967e-06,-0.008107330383157411,0.0005416797850964975,0.9999669883363822
92,160000000,92.16,terrain_world,differential_drive_robot,6.917867088133343,11.401604832253538,0.004883502703658595,3.8124109392881967e-06,-0.008107330383157411,0.0005416797850964975,0.9999669883363822
92,180000000,92.18,terrain_world,differential_drive_robot,6.917867088133343,11.401604832253538,0.004883502703658595,3.8124109392881967e-06,-0.008107330383157411,0.0005416797850964975,0.9999669883363822
92,200000000,92.2,terrain_world,differential_drive_robot,6.917867088133343,11.401604832253538,0.004883502703658595,3.8124109392881967e-06,-0.008107330383157411,0.0005416797850964975,0.9999669883363822
92,220000000,92.22,terrain_world,differential_drive_robot,6.917867088133343,11.401604832253538,0.004883502703658595,3.8124109392881967e-06,-0.008107330383157411,0.0005416797850964975,0.9999669883363822
92,240000000,92.24,terrain_world,differential_drive_robot,6.917867088133343,11.401604832253538,0.004883502703658595,3.8124109392881967e-06,-0.008107330383157411,0.0005416797850964975,0.9999669883363822
92,260000000,92.26,terrain_world,differential_drive_robot,6.917867088133343,11.401604832253538,0.004883502703658595,3.8124109392881967e-06,-0.008107330383157411,0.0005416797850964975,0.9999669883363822
92,280000000,92.28,terrain_world,differential_drive_robot,6.917867088133343,11.401604832253538,0.004883502703658595,3.8124109392881967e-06,-0.008107330383157411,0.0005416797850964975,0.9999669883363822
92,300000000,92.3,terrain_world,differential_drive_robot,6.917867088133343,11.401604832253538,0.004883502703658595,3.8124109392881967e-06,-0.008107330383157411,0.0005416797850964975,0.9999669883363822
92,320000000,92.32,terrain_world,differential_drive_robot,6.917867088133343,11.401604832253538,0.004883502703658595,3.8124109392881967e-06,-0.008107330383157411,0.0005416797850964975,0.9999669883363822
92,340000000,92.34,terrain_world,differential_drive_robot,6.917867088133343,11.401604832253538,0.004883502703658595,3.8124109392881967e-06,-0.008107330383157411,0.0005416797850964975,0.9999669883363822
92,360000000,92.36,terrain_world,differential_drive_robot,6.917867088133343,11.401604832253538,0.004883502703658595,3.8124109392881967e-06,-0.008107330383157411,0.0005416797850964975,0.9999669883363822
92,380000000,92.38,terrain_world,differential_drive_robot,6.917867088133343,11.401604832253538,0.004883502703658595,3.8124109392881967e-06,-0.008107330383157411,0.0005416797850964975,0.9999669883363822
92,400000000,92.4,terrain_world,differential_drive_robot,6.917867088133343,11.401604832253538,0.004883502703658595,3.8124109392881967e-06,-0.008107330383157411,0.0005416797850964975,0.9999669883363822
92,420000000,92.42,terrain_world,differential_drive_robot,6.917867088133343,11.401604832253538,0.004883502703658595,3.8124109392881967e-06,-0.008107330383157411,0.0005416797850964975,0.9999669883363822
92,440000000,92.44,terrain_world,differential_drive_robot,6.917867088133343,11.401604832253538,0.004883502703658595,3.8124109392881967e-06,-0.008107330383157411,0.0005416797850964975,0.9999669883363822
92,460000000,92.46,terrain_world,differential_drive_robot,6.917867088133343,11.401604832253538,0.004883502703658595,3.8124109392881967e-06,-0.008107330383157411,0.0005416797850964975,0.9999669883363822
92,480000000,92.48,terrain_world,differential_drive_robot,6.917867088133343,11.401604832253538,0.004883502703658595,3.8124109392881967e-06,-0.008107330383157411,0.0005416797850964975,0.9999669883363822
92,500000000,92.5,terrain_world,differential_drive_robot,6.917867088133343,11.401604832253538,0.004883502703658595,3.8124109392881967e-06,-0.008107330383157411,0.0005416797850964975,0.9999669883363822
92,520000000,92.52,terrain_world,differential_drive_robot,6.917867088133343,11.401604832253538,0.004883502703658595,3.8124109392881967e-06,-0.008107330383157411,0.0005416797850964975,0.9999669883363822
92,540000000,92.54,terrain_world,differential_drive_robot,6.917867088133343,11.401604832253538,0.004883502703658595,3.8124109392881967e-06,-0.008107330383157411,0.0005416797850964975,0.9999669883363822
92,560000000,92.56,terrain_world,differential_drive_robot,6.917867088133343,11.401604832253538,0.004883502703658595,3.8124109392881967e-06,-0.008107330383157411,0.0005416797850964975,0.9999669883363822
92,580000000,92.58,terrain_world,differential_drive_robot,6.917867088133343,11.401604832253538,0.004883502703658595,3.8124109392881967e-06,-0.008107330383157411,0.0005416797850964975,0.9999669883363822
92,600000000,92.6,terrain_world,differential_drive_robot,6.917867088133343,11.401604832253538,0.004883502703658595,3.8124109392881967e-06,-0.008107330383157411,0.0005416797850964975,0.9999669883363822
92,620000000,92.62,terrain_world,differential_drive_robot,6.917867088133343,11.401604832253538,0.004883502703658595,3.8124109392881967e-06,-0.008107330383157411,0.0005416797850964975,0.9999669883363822
92,640000000,92.64,terrain_world,differential_drive_robot,6.917867088133343,11.401604832253538,0.004883502703658595,3.8124109392881967e-06,-0.008107330383157411,0.0005416797850964975,0.9999669883363822
92,660000000,92.66,terrain_world,differential_drive_robot,6.917867088133343,11.401604832253538,0.004883502703658595,3.8124109392881967e-06,-0.008107330383157411,0.0005416797850964975,0.9999669883363822
92,680000000,92.68,terrain_world,differential_drive_robot,6.917867088133343,11.401604832253538,0.004883502703658595,3.8124109392881967e-06,-0.008107330383157411,0.0005416797850964975,0.9999669883363822
92,700000000,92.7,terrain_world,differential_drive_robot,6.917867088133343,11.401604832253538,0.004883502703658595,3.8124109392881967e-06,-0.008107330383157411,0.0005416797850964975,0.9999669883363822
92,720000000,92.72,terrain_world,differential_drive_robot,6.917867088133343,11.401604832253538,0.004883502703658595,3.8124109392881967e-06,-0.008107330383157411,0.0005416797850964975,0.9999669883363822
92,740000000,92.74,terrain_world,differential_drive_robot,6.917867088133343,11.401604832253538,0.004883502703658595,3.8124109392881967e-06,-0.008107330383157411,0.0005416797850964975,0.9999669883363822
92,760000000,92.76,terrain_world,differential_drive_robot,6.917867088133343,11.401604832253538,0.004883502703658595,3.8124109392881967e-06,-0.008107330383157411,0.0005416797850964975,0.9999669883363822
92,780000000,92.78,terrain_world,differential_drive_robot,6.917867088133343,11.401604832253538,0.004883502703658595,3.8124109392881967e-06,-0.008107330383157411,0.0005416797850964975,0.9999669883363822
92,800000000,92.8,terrain_world,differential_drive_robot,6.917867088133343,11.401604832253538,0.004883502703658595,3.8124109392881967e-06,-0.008107330383157411,0.0005416797850964975,0.9999669883363822
92,820000000,92.82,terrain_world,differential_drive_robot,6.917867088133343,11.401604832253538,0.004883502703658595,3.8124109392881967e-06,-0.008107330383157411,0.0005416797850964975,0.9999669883363822
92,840000000,92.84,terrain_world,differential_drive_robot,6.917867088133343,11.401604832253538,0.004883502703658595,3.8124109392881967e-06,-0.008107330383157411,0.0005416797850964975,0.9999669883363822
92,860000000,92.86,terrain_world,differential_drive_robot,6.917867088133343,11.401604832253538,0.004883502703658595,3.8124109392881967e-06,-0.008107330383157411,0.0005416797850964975,0.9999669883363822
92,880000000,92.88,terrain_world,differential_drive_robot,6.917867088133343,11.401604832253538,0.004883502703658595,3.8124109392881967e-06,-0.008107330383157411,0.0005416797850964975,0.9999669883363822
92,900000000,92.9,terrain_world,differential_drive_robot,6.917867088133343,11.401604832253538,0.004883502703658595,3.8124109392881967e-06,-0.008107330383157411,0.0005416797850964975,0.9999669883363822
92,920000000,92.92,terrain_world,differential_drive_robot,6.917867088133343,11.401604832253538,0.004883502703658595,3.8124109392881967e-06,-0.008107330383157411,0.0005416797850964975,0.9999669883363822
92,940000000,92.94,terrain_world,differential_drive_robot,6.917867088133343,11.401604832253538,0.004883502703658595,3.8124109392881967e-06,-0.008107330383157411,0.0005416797850964975,0.9999669883363822
92,960000000,92.96,terrain_world,differential_drive_robot,6.917867088133343,11.401604832253538,0.004883502703658595,3.8124109392881967e-06,-0.008107330383157411,0.0005416797850964975,0.9999669883363822
92,980000000,92.98,terrain_world,differential_drive_robot,6.917867088133343,11.401604832253538,0.004883502703658595,3.8124109392881967e-06,-0.008107330383157411,0.0005416797850964975,0.9999669883363822
93,0,93.0,terrain_world,differential_drive_robot,6.917867088133343,11.401604832253538,0.004883502703658595,3.8124109392881967e-06,-0.008107330383157411,0.0005416797850964975,0.9999669883363822
93,20000000,93.02,terrain_world,differential_drive_robot,6.917867088133343,11.401604832253538,0.004883502703658595,3.8124109392881967e-06,-0.008107330383157411,0.0005416797850964975,0.9999669883363822
93,40000000,93.04,terrain_world,differential_drive_robot,6.917867088133343,11.401604832253538,0.004883502703658595,3.8124109392881967e-06,-0.008107330383157411,0.0005416797850964975,0.9999669883363822
93,60000000,93.06,terrain_world,differential_drive_robot,6.917867088133343,11.401604832253538,0.004883502703658595,3.8124109392881967e-06,-0.008107330383157411,0.0005416797850964975,0.9999669883363822
93,80000000,93.08,terrain_world,differential_drive_robot,6.917867088133343,11.401604832253538,0.004883502703658595,3.8124109392881967e-06,-0.008107330383157411,0.0005416797850964975,0.9999669883363822
93,100000000,93.1,terrain_world,differential_drive_robot,6.917867088133343,11.401604832253538,0.004883502703658595,3.8124109392881967e-06,-0.008107330383157411,0.0005416797850964975,0.9999669883363822
93,120000000,93.12,terrain_world,differential_drive_robot,6.917867088133343,11.401604832253538,0.004883502703658595,3.8124109392881967e-06,-0.008107330383157411,0.0005416797850964975,0.9999669883363822
93,140000000,93.14,terrain_world,differential_drive_robot,6.917867088133343,11.401604832253538,0.004883502703658595,3.8124109392881967e-06,-0.008107330383157411,0.0005416797850964975,0.9999669883363822
93,160000000,93.16,terrain_world,differential_drive_robot,6.917867088133343,11.401604832253538,0.004883502703658595,3.8124109392881967e-06,-0.008107330383157411,0.0005416797850964975,0.9999669883363822
93,180000000,93.18,terrain_world,differential_drive_robot,6.917867088133343,11.401604832253538,0.004883502703658595,3.8124109392881967e-06,-0.008107330383157411,0.0005416797850964975,0.9999669883363822
93,200000000,93.2,terrain_world,differential_drive_robot,6.917867088133343,11.401604832253538,0.004883502703658595,3.8124109392881967e-06,-0.008107330383157411,0.0005416797850964975,0.9999669883363822
93,220000000,93.22,terrain_world,differential_drive_robot,6.917867088133343,11.401604832253538,0.004883502703658595,3.8124109392881967e-06,-0.008107330383157411,0.0005416797850964975,0.9999669883363822
93,240000000,93.24,terrain_world,differential_drive_robot,6.917867088133343,11.401604832253538,0.004883502703658595,3.8124109392881967e-06,-0.008107330383157411,0.0005416797850964975,0.9999669883363822
93,260000000,93.26,terrain_world,differential_drive_robot,6.917867088133343,11.401604832253538,0.004883502703658595,3.8124109392881967e-06,-0.008107330383157411,0.0005416797850964975,0.9999669883363822
93,280000000,93.28,terrain_world,differential_drive_robot,6.917867088133343,11.401604832253538,0.004883502703658595,3.8124109392881967e-06,-0.008107330383157411,0.0005416797850964975,0.9999669883363822
93,300000000,93.3,terrain_world,differential_drive_robot,6.917867088133343,11.401604832253538,0.004883502703658595,3.8124109392881967e-06,-0.008107330383157411,0.0005416797850964975,0.9999669883363822
93,320000000,93.32,terrain_world,differential_drive_robot,6.917867088133343,11.401604832253538,0.004883502703658595,3.8124109392881967e-06,-0.008107330383157411,0.0005416797850964975,0.9999669883363822
93,340000000,93.34,terrain_world,differential_drive_robot,6.917867088133343,11.401604832253538,0.004883502703658595,3.8124109392881967e-06,-0.008107330383157411,0.0005416797850964975,0.9999669883363822
93,360000000,93.36,terrain_world,differential_drive_robot,6.917867088133343,11.401604832253538,0.004883502703658595,3.8124109392881967e-06,-0.008107330383157411,0.0005416797850964975,0.9999669883363822
93,380000000,93.38,terrain_world,differential_drive_robot,6.917867088133343,11.401604832253538,0.004883502703658595,3.8124109392881967e-06,-0.008107330383157411,0.0005416797850964975,0.9999669883363822
93,400000000,93.4,terrain_world,differential_drive_robot,6.917867088133343,11.401604832253538,0.004883502703658595,3.8124109392881967e-06,-0.008107330383157411,0.0005416797850964975,0.9999669883363822
93,420000000,93.42,terrain_world,differential_drive_robot,6.917867088133343,11.401604832253538,0.004883502703658595,3.8124109392881967e-06,-0.008107330383157411,0.0005416797850964975,0.9999669883363822
93,440000000,93.44,terrain_world,differential_drive_robot,6.917867088133343,11.401604832253538,0.004883502703658595,3.8124109392881967e-06,-0.008107330383157411,0.0005416797850964975,0.9999669883363822
93,460000000,93.46,terrain_world,differential_drive_robot,6.917867088133343,11.401604832253538,0.004883502703658595,3.8124109392881967e-06,-0.008107330383157411,0.0005416797850964975,0.9999669883363822
93,480000000,93.48,terrain_world,differential_drive_robot,6.917867088133343,11.401604832253538,0.004883502703658595,3.8124109392881967e-06,-0.008107330383157411,0.0005416797850964975,0.9999669883363822
93,500000000,93.5,terrain_world,differential_drive_robot,6.917867088133343,11.401604832253538,0.004883502703658595,3.8124109392881967e-06,-0.008107330383157411,0.0005416797850964975,0.9999669883363822
93,520000000,93.52,terrain_world,differential_drive_robot,6.917867088133343,11.401604832253538,0.004883502703658595,3.8124109392881967e-06,-0.008107330383157411,0.0005416797850964975,0.9999669883363822
93,540000000,93.54,terrain_world,differential_drive_robot,6.917867088133343,11.401604832253538,0.004883502703658595,3.8124109392881967e-06,-0.008107330383157411,0.0005416797850964975,0.9999669883363822
93,560000000,93.56,terrain_world,differential_drive_robot,6.917867088133343,11.401604832253538,0.004883502703658595,3.8124109392881967e-06,-0.008107330383157411,0.0005416797850964975,0.9999669883363822
93,580000000,93.58,terrain_world,differential_drive_robot,6.917867088133343,11.401604832253538,0.004883502703658595,3.8124109392881967e-06,-0.008107330383157411,0.0005416797850964975,0.9999669883363822
93,600000000,93.6,terrain_world,differential_drive_robot,6.917867088133343,11.401604832253538,0.004883502703658595,3.8124109392881967e-06,-0.008107330383157411,0.0005416797850964975,0.9999669883363822
93,620000000,93.62,terrain_world,differential_drive_robot,6.917867088133343,11.401604832253538,0.004883502703658595,3.8124109392881967e-06,-0.008107330383157411,0.0005416797850964975,0.9999669883363822
93,640000000,93.64,terrain_world,differential_drive_robot,6.917867088133343,11.401604832253538,0.004883502703658595,3.8124109392881967e-06,-0.008107330383157411,0.0005416797850964975,0.9999669883363822
93,660000000,93.66,terrain_world,differential_drive_robot,6.917867088133343,11.401604832253538,0.004883502703658595,3.8124109392881967e-06,-0.008107330383157411,0.0005416797850964975,0.9999669883363822
93,680000000,93.68,terrain_world,differential_drive_robot,6.917867088133343,11.401604832253538,0.004883502703658595,3.8124109392881967e-06,-0.008107330383157411,0.0005416797850964975,0.9999669883363822
93,700000000,93.7,terrain_world,differential_drive_robot,6.917867088133343,11.401604832253538,0.004883502703658595,3.8124109392881967e-06,-0.008107330383157411,0.0005416797850964975,0.9999669883363822
93,720000000,93.72,terrain_world,differential_drive_robot,6.917867088133343,11.401604832253538,0.004883502703658595,3.8124109392881967e-06,-0.008107330383157411,0.0005416797850964975,0.9999669883363822
93,740000000,93.74,terrain_world,differential_drive_robot,6.917867088133343,11.401604832253538,0.004883502703658595,3.8124109392881967e-06,-0.008107330383157411,0.0005416797850964975,0.9999669883363822
93,760000000,93.76,terrain_world,differential_drive_robot,6.917867088133343,11.401604832253538,0.004883502703658595,3.8124109392881967e-06,-0.008107330383157411,0.0005416797850964975,0.9999669883363822
93,780000000,93.78,terrain_world,differential_drive_robot,6.917867088133343,11.401604832253538,0.004883502703658595,3.8124109392881967e-06,-0.008107330383157411,0.0005416797850964975,0.9999669883363822
93,800000000,93.8,terrain_world,differential_drive_robot,6.917867088133343,11.401604832253538,0.004883502703658595,3.8124109392881967e-06,-0.008107330383157411,0.0005416797850964975,0.9999669883363822
93,820000000,93.82,terrain_world,differential_drive_robot,6.917867088133343,11.401604832253538,0.004883502703658595,3.8124109392881967e-06,-0.008107330383157411,0.0005416797850964975,0.9999669883363822
93,840000000,93.84,terrain_world,differential_drive_robot,6.917867088133343,11.401604832253538,0.004883502703658595,3.8124109392881967e-06,-0.008107330383157411,0.0005416797850964975,0.9999669883363822
93,860000000,93.86,terrain_world,differential_drive_robot,6.917867088133343,11.401604832253538,0.004883502703658595,3.8124109392881967e-06,-0.008107330383157411,0.0005416797850964975,0.9999669883363822
93,880000000,93.88,terrain_world,differential_drive_robot,6.918225732935311,11.401605416150387,0.004888260708315305,4.393386812187413e-06,-0.008114452908173017,0.0005414679802841826,0.9999669306767727
93,900000000,93.9,terrain_world,differential_drive_robot,6.920561337439358,11.401609624121805,0.004913074658891171,4.410009979984738e-06,-0.008155480949600304,0.00054076627368461,0.9999665972835642
93,920000000,93.92,terrain_world,differential_drive_robot,6.925017639755481,11.401616129059763,0.004919994023739733,4.417994209616906e-06,-0.008166921411201827,0.0005409628348460564,0.9999665038061805
93,940000000,93.94,terrain_world,differential_drive_robot,6.93088702381456,11.401622633479668,0.004919996178038052,4.419653734567742e-06,-0.008166923199346952,0.0005411507036793674,0.9999665036899179
93,960000000,93.96,terrain_world,differential_drive_robot,6.936791920420777,11.4016290245721,0.004919998180594853,4.419748801966911e-06,-0.008166923965064875,0.0005411507021014593,0.9999665036836646
93,980000000,93.98,terrain_world,differential_drive_robot,6.9426968171349,11.401635415664813,0.004920000051786678,4.4198263091236355e-06,-0.008166924199298525,0.0005411507006683516,0.9999665036817519
94,0,94.0,terrain_world,differential_drive_robot,6.948601713955666,11.401641806757771,0.004920001813081604,4.419889450213857e-06,-0.008166924002949235,0.0005411506993552162,0.999966503683356
94,20000000,94.02,terrain_world,differential_drive_robot,6.954506610881823,11.401648197850951,0.004920003481680844,4.419940838165559e-06,-0.00816692345914598,0.0005411506981419687,0.9999665036877978
94,40000000,94.04,terrain_world,differential_drive_robot,6.9604115079121085,11.401654588944329,0.004920005071300068,4.4199826105253996e-06,-0.008166922636474318,0.0005411506970123951,0.9999665036945171
94,60000000,94.06,terrain_world,differential_drive_robot,6.966316405045224,11.401660980037889,0.004920006592809005,4.4200165159797655e-06,-0.008166921591616352,0.0005411506959534481,0.9999665037030512
94,80000000,94.08,terrain_world,differential_drive_robot,6.971915208135686,11.401654600694258,0.005417922415131958,-0.0002108320003399663,-0.007319269312336348,0.0005299979112036674,0.9999730511112863
94,100000000,94.1,terrain_world,differential_drive_robot,6.977488470850937,11.401672767890073,0.006431063980129327,-0.00018818936750516604,-0.005621585563265277,0.0005522066839986381,0.9999840285866045
94,120000000,94.12,terrain_world,differential_drive_robot,6.983153080192863,11.401683774569511,0.007301367046424093,-0.00016061702205813995,-0.004148507747695756,0.0005599705437269382,0.9999912252208165
94,140000000,94.14,terrain_world,differential_drive_robot,6.988885207280857,11.401694210291193,0.007942515962158675,-0.00013287378568839817,-0.002737073143379915,0.0005665716550546848,0.9999960848781982
94,160000000,94.16,terrain_world,differential_drive_robot,6.994673318472072,11.401705689638856,0.008317039334714072,-9.976515118495438e-05,-0.0013284954513708015,0.0005719745700243847,0.9999989489953685
94,180000000,94.18,terrain_world,differential_drive_robot,7.000507904008278,11.401716838715533,0.008431175048879412,-7.20357059560255e-05,7.73794688859194e-05,0.0005796499809771837,0.9999998264145721
94,200000000,94.2,terrain_world,differential_drive_robot,7.006376470225475,11.401725225184387,0.008274631519144707,-4.8533460432991766e-05,0.0014879023112414963,0.0005822701379720034,0.9999987223755348
94,220000000,94.22,terrain_world,differential_drive_robot,7.012266520388421,11.401733101260188,0.00784277583538907,-2.4814454953938522e-05,0.0029167576824985194,0.0005839293433513793,0.9999955754579049
94,240000000,94.24,terrain_world,differential_drive_robot,7.0181692537162155,11.401738564429003,0.007133932359754514,-6.661338397750265e-06,0.004357314739786513,0.0005814754205782321,0.9999903377784309
94,260000000,94.26,terrain_world,differential_drive_robot,7.024064518227902,11.401745438020383,0.006196652215957249,-4.564534565475961e-06,0.005933311962323935,0.0005814884690147476,0.9999822286718315
94,280000000,94.28,terrain_world,differential_drive_robot,7.029954293238363,11.401752286811979,0.005091389299979903,-5.440867605833583e-06,0.007789424486243075,0.0005814797594873488,0.9999694928935879
94,300000000,94.3,terrain_world,differential_drive_robot,7.036238019750525,11.401759380699287,0.004857489312908702,-5.506543659599487e-06,0.008185394920382196,0.0005816384407794432,0.9999663299213627
94,320000000,94.32,terrain_world,differential_drive_robot,7.04214302451252,11.401766251498339,0.004864287554760647,-5.364364109700451e-06,0.008174454081873282,0.0005816396133602211,0.9999664194196959
94,340000000,94.34,terrain_world,differential_drive_robot,7.048048009764836,11.40177312202841,0.004869848073137613,-5.2480747124120675e-06,0.008165505720501662,0.0005816405700659725,0.9999664925301415
94,360000000,94.36,terrain_world,differential_drive_robot,7.053952979105707,11.401779992339414,0.004874396222943808,-5.152961049974943e-06,0.008158187005797344,0.000581641350963351,0.9999665522664066
94,380000000,94.38,terrain_world,differential_drive_robot,7.059857935465846,11.40178686247186,0.004878116329231695,-5.075167165435244e-06,0.008152201176131125,0.0005816419885742072,0.999966601083668
94,400000000,94.4,terrain_world,differential_drive_robot,7.065762881233837,11.401793732458696,0.004881159156509342,-5.011539243457647e-06,0.008147305507975386,0.0005816425093318704,0.9999666409835057
94,420000000,94.42,terrain_world,differential_drive_robot,7.07166781835744,11.401800602326714,0.004883648018586869,-4.95949775555765e-06,0.008143301475906644,0.0005816429347449809,0.9999666735986616
94,440000000,94.44,terrain_world,differential_drive_robot,7.077572749148698,11.401807473707587,0.004885629617154094,-4.737792806677647e-06,0.008139937264403051,0.0005816445148961748,0.9999667009898595
94,460000000,94.46,terrain_world,differential_drive_robot,7.083480140787103,11.401814310855844,0.004828053365547576,1.7673587829428527e-05,0.00803931908785303,0.000581408729799891,0.99996751497243
94,480000000,94.48,terrain_world,differential_drive_robot,7.089380676522424,11.401820576419809,0.004656472264381392,4.046063501819896e-05,0.007751135260676559,0.0005802416067838483,0.9999697903360808
94,500000000,94.5,terrain_world,differential_drive_robot,7.095265888692775,11.401826249987646,0.004374279515399226,6.293845347213168e-05,0.007280663851383764,0.0005781453658721564,0.9999733265045474
94,520000000,94.52,terrain_world,differential_drive_robot,7.101127412022538,11.401831345287624,0.003985162379660351,8.517530410425084e-05,0.00663361329639763,0.0005751727223187658,0.9999778283022784
94,540000000,94.54,terrain_world,differential_drive_robot,7.106957313124803,11.401835862550847,0.003492832593694482,0.00010713721185149072,0.005815679541739081,0.0005713531874300432,0.9999829198284443
94,560000000,94.56,terrain_world,differential_drive_robot,7.112850392422862,11.401840384301476,0.003173454217858536,0.0001295220107743284,0.004375359864388088,0.0005671471810664241,0.9999902588496454
94,580000000,94.58,terrain_world,differential_drive_robot,7.118611237582981,11.401843787759514,0.003503814061048189,0.0001503311585737538,0.001742755733534655,0.0005619948671636889,0.9999983121809582
94,600000000,94.6,terrain_world,differential_drive_robot,7.124317690019912,11.401846590647136,0.0036423029213894626,0.00017097652604852292,-0.0008512872769511187,0.0005560652730544714,0.9999994684340646
94,620000000,94.62,terrain_world,differential_drive_robot,7.129966516224187,11.401848508151902,0.0035923946773856073,0.0001910179232292364,-0.0034201429167637176,0.0005494737271641286,0.9999939820884949
94,640000000,94.64,terrain_world,differential_drive_robot,7.135536957038835,11.401820765119034,0.0034660532392827067,-5.5179208284765786e-05,-0.005825505910735943,0.0005097675080589891,0.9999829001404108
94,660000000,94.66,terrain_world,differential_drive_robot,7.141373923763466,11.40188148026648,0.0041075347020539605,-4.3437416961228556e-05,-0.006876106522131265,0.0005989161143821565,0.9999761790021676
94,680000000,94.68,terrain_world,differential_drive_robot,7.147271056257892,11.401888509372487,0.004647106503771592,-3.423752969042064e-05,-0.007759235730535144,0.0005988853863933258,0.9999697167539443
94,700000000,94.7,terrain_world,differential_drive_robot,7.153169058284682,11.401895530443113,0.005079221219287025,-2.6722466765284866e-05,-0.008465771264208402,0.0005988475909413189,0.9999639850436488
94,720000000,94.72,terrain_world,differential_drive_robot,7.159068407382017,11.401902549473002,0.005402546019700554,-2.060598034226928e-05,-0.008993555957614105,0.0005988074626297127,0.9999593776530392
94,740000000,94.74,terrain_world,differential_drive_robot,7.16496948341994,11.401909570443939,0.005615157581014098,-1.565477989736137e-05,-0.0093394267701169,0.0005987681080548155,0.999956207210739
94,760000000,94.76,terrain_world,differential_drive_robot,7.170872614860734,11.40191659587556,0.005711861704721564,-1.1681659042257765e-05,-0.009494776225562555,0.0005987314707766621,0.9999547442802555
94,780000000,94.78,terrain_world,differential_drive_robot,7.1767773763557825,11.40192362734011,0.005721173903424843,-8.501153029896947e-06,-0.009506601238207039,0.000598698947922184,0.9999546319809703
94,800000000,94.8,terrain_world,differential_drive_robot,7.1826822861876405,11.40193066531775,0.005722249666517594,-5.9064104881776286e-06,-0.009505472976082332,0.0005986717864295521,0.9999546427417133
94,820000000,94.82,terrain_world,differential_drive_robot,7.1885871936564,11.401937708700244,0.005723129515582456,-3.784321723107483e-06,-0.009504550211153312,0.0005986491424611019,0.9999546515368418
94,840000000,94.84,terrain_world,differential_drive_robot,7.194492099190992,11.401944756501665,0.005723849121823275,-2.048840677347878e-06,-0.009503795527438493,0.0005986301999880094,0.9999546587262137
94,860000000,94.86,terrain_world,differential_drive_robot,7.200397003142049,11.4019518079169,0.005724437661489701,-6.295902465316098e-07,-0.009503178321949676,0.0005986142930953139,0.9999546646035073
94,880000000,94.88,terrain_world,differential_drive_robot,7.20630190579626,11.401958862288602,0.00572491899855426,5.309907402720836e-07,-0.009502673563881799,0.0005986008785823194,0.999954669408491
94,900000000,94.9,terrain_world,differential_drive_robot,7.211974279183952,11.401917252457675,0.005995650207464482,-0.00022666770758007933,-0.009048327495757376,0.0005205456496733535,0.999958901867225
94,920000000,94.92,terrain_world,differential_drive_robot,7.217232663086077,11.40196895913789,0.007214181375375347,-0.00023816990598714413,-0.0070008110768605995,0.000612537018113998,0.9999752780532944
94,940000000,94.94,terrain_world,differential_drive_robot,7.222749235824897,11.401981488886177,0.008328800610975443,-0.00021260372180595245,-0.0051316400158257424,0.0006218075497766296,0.9999866171233376
94,960000000,94.96,terrain_world,differential_drive_robot,7.228356751899309,11.401994768187311,0.009301426858357553,-0.0001820258528961845,-0.0035035092051158797,0.0006322693393391285,0.9999936462424754
94,980000000,94.98,terrain_world,differential_drive_robot,7.234042158356615,11.402006160139887,0.010115926946145624,-0.00015604720385787015,-0.0020753316442703343,0.0006391618496212965,0.9999976300571749
95,0,95.0,terrain_world,differential_drive_robot,7.239790751018539,11.402017059140288,0.01068576310764368,-0.00012990478906340448,-0.0006720859585550666,0.0006452099800251221,0.999999557564548
95,20000000,95.02,terrain_world,differential_drive_robot,7.245592474657258,11.40202830406265,0.010998322742826298,-0.00010394458539901532,0.0007265889149164474,0.0006515735882048429,0.9999995183578495
95,40000000,95.04,terrain_world,differential_drive_robot,7.251434498053684,11.402038281688252,0.011046230832155017,-7.712555207995723e-05,0.0021294308583021692,0.0006554444609680121,0.9999975149811261
95,60000000,95.06,terrain_world,differential_drive_robot,7.257307801876312,11.402046744481806,0.010822474538319306,-5.019990411917961e-05,0.003546282287798841,0.0006565786496347886,0.9999934951120341
95,80000000,95.08,terrain_world,differential_drive_robot,7.26319850756896,11.402055518173988,0.01032763797593463,-2.3464612185524846e-05,0.004973057532106613,0.0006582121995029591,0.9999874173732861
95,100000000,95.1,terrain_world,differential_drive_robot,7.269096493620832,11.402063667849475,0.009553788266002134,-9.001875192942333e-07,0.006427775294190611,0.000658731462906501,0.9999791246705187
95,120000000,95.12,terrain_world,differential_drive_robot,7.274987324063079,11.402071429750277,0.008581178573295201,-2.583164148920468e-06,0.008061312902880374,0.0006587248376874303,0.9999672901196305
95,140000000,95.14,terrain_world,differential_drive_robot,7.280871591143269,11.402079181723607,0.007437259821086099,-4.347434600406122e-06,0.009985877081478233,0.0006587126983828411,0.99994992291494
95,160000000,95.16,terrain_world,differential_drive_robot,7.2871748509374905,11.402087298938701,0.006728673654943174,-5.53404424799064e-06,0.011168108599602154,0.0006588842601786468,0.9999374176373307
95,180000000,95.18,terrain_world,differential_drive_robot,7.29312358972886,11.402095075316565,0.006730266108685879,-5.866134159515199e-06,0.011167977091893676,0.0006588793095958972,0.9999374191074754
95,200000000,95.2,terrain_world,differential_drive_robot,7.299028487594543,11.40210285321996,0.006731568356834227,-6.13775616871407e-06,0.011167868853865871,0.0006588762769156147,0.999937420316713
95,220000000,95.22,terrain_world,differential_drive_robot,7.304933385118125,11.402110631782246,0.0067326332509314865,-6.3599175040330765e-06,0.011167779956425988,0.0006588737966459758,0.9999374213098119
95,240000000,95.24,terrain_world,differential_drive_robot,7.31083828234443,11.402118410883407,0.00673350400774061,-6.541624603324935e-06,0.011167706871597228,0.0006588717681855187,0.99993742212622
95,260000000,95.26,terrain_world,differential_drive_robot,7.31674317930983,11.40212619042529,0.006734215974905893,-6.690243894602527e-06,0.01116764671440109,0.0006588701092559284,0.999937422798188
95,280000000,95.28,terrain_world,differential_drive_robot,7.322648076043815,11.402133970327615,0.00673479806386952,-6.8118004304729246e-06,0.011167597125781442,0.0006588687525640181,0.9999374233520829
95,300000000,95.3,terrain_world,differential_drive_robot,7.32855305225772,11.4021418301828,0.006729317450344005,1.290647396224661e-06,0.011157741912315042,0.0006589092775339512,0.9999375333651179
95,320000000,95.32,terrain_world,differential_drive_robot,7.334460776624356,11.402148324856263,0.006631500617524026,2.3318526006933874e-05,0.010995810168830958,0.0006565501268433735,0.999939328437935
95,340000000,95.34,terrain_world,differential_drive_robot,7.340357375068303,11.402156982392388,0.006422945187579301,5.412082173194018e-05,0.010651349074106154,0.0006576463032716725,0.999943055046225
95,360000000,95.36,terrain_world,differential_drive_robot,7.346237872015305,11.402163446253379,0.0061034410962697485,7.97139862073912e-05,0.010123800776061866,0.0006552403767452581,0.9999485351574728
95,380000000,95.38,terrain_world,differential_drive_robot,7.352092599575102,11.402169268509278,0.005678110475594274,0.00010515949822097603,0.00942133051486289,0.0006518591871274989,0.9999554002816374
95,400000000,95.4,terrain_world,differential_drive_robot,7.357913769839446,11.402174442664009,0.005150597538450955,0.00013033914908217723,0.00854959055208669,0.0006475251751121423,0.9999632334362326
95,420000000,95.42,terrain_world,differential_drive_robot,7.363693940607523,11.402178961183168,0.004524544573525528,0.00015522302780570366,0.007514164907294652,0.0006422571198402096,0.9999715499639725
95,440000000,95.44,terrain_world,differential_drive_robot,7.369426003099368,11.402182817202206,0.0038035872416345754,0.0001797833279066741,0.0063205688148460955,0.0006360738712663694,0.9999798065450333
95,460000000,95.46,terrain_world,differential_drive_robot,7.375121268854955,11.402184157495821,0.003036905611108488,0.0001984630019740327,0.004915867350265278,0.0006263912518870766,0.9999877011716849
95,480000000,95.48,terrain_world,differential_drive_robot,7.380807049859019,11.402188265534937,0.0028850039079427988,0.0002271834876948068,0.0023224728507479607,0.0006203102018187798,0.9999970848571379
95,500000000,95.5,terrain_world,differential_drive_robot,7.386375771726906,11.40219003082261,0.0025592170638898794,0.00025000975525761365,-0.00022234561832612718,0.000611669036430825,0.9999997569592395
95,520000000,95.52,terrain_world,differential_drive_robot,7.391869053274196,11.40218955766729,0.0020642261717702154,0.00026698800431269,-0.0027487660612529703,0.0006002268946717963,0.9999960063571359
95,540000000,95.54,terrain_world,differential_drive_robot,7.397530074651343,11.402234040584576,0.0023326105174803664,-1.8633277941284018e-05,-0.003906052428957026,0.0006854803107243334,0.999992136231064
95,560000000,95.56,terrain_world,differential_drive_robot,7.403431599112958,11.402242125833238,0.002735028103240216,-1.4298275363738987e-05,-0.004569235917666188,0.0006854741833923371,0.9999893259449483
95,580000000,95.58,terrain_world,differential_drive_robot,7.409333702767221,11.402250207043597,0.0030285252375595907,-1.0793398574527481e-05,-0.005052225077758438,0.000685464449526437,0.999987002437409
95,600000000,95.6,terrain_world,differential_drive_robot,7.41523672290176,11.402258287116084,0.0032110984340052895,-7.992181433556215e-06,-0.005351801508010039,0.0006854533280938216,0.9999854440493017
95,620000000,95.62,terrain_world,differential_drive_robot,7.421140888182249,11.40226636798265,0.0032801690932656533,-5.792285457928757e-06,-0.0054637269457763794,0.0006854422920070007,0.9999848387966568
95,640000000,95.64,terrain_world,differential_drive_robot,7.427045807098651,11.402274450978377,0.003279228245316419,-4.058237044115989e-06,-0.005460057570500278,0.0006854327512150305,0.9999848588537734
95,660000000,95.66,terrain_world,differential_drive_robot,7.43295070416293,11.40228253608361,0.0032800866696992164,-2.63809719659167e-06,-0.005459754239852555,0.0006854249923720754,0.9999848605200284
95,680000000,95.68,terrain_world,differential_drive_robot,7.438855600964839,11.402290622889735,0.003280788998259962,-1.4765553375723972e-06,-0.005459505781043346,0.0006854186467936248,0.9999848618832813
95,700000000,95.7,terrain_world,differential_drive_robot,7.444760497569139,11.40229871108672,0.0032813636504934623,-5.2652255995271e-07,-0.0054593022092516725,0.000685413456943624,0.9999848629991875
95,720000000,95.72,terrain_world,differential_drive_robot,7.450665394028427,11.402306800421083,0.0032818338706267734,2.5051547922496465e-07,-0.005459135358460795,0.0006854092122457339,0.9999848639130929
95,740000000,95.74,terrain_world,differential_drive_robot,7.456570290385336,11.402314890685597,0.0032822186699887263,8.860599275734076e-07,-0.005458998550226129,0.0006854057405111509,0.9999848646619679
95,760000000,95.76,terrain_world,differential_drive_robot,7.462475186674326,11.402322981710805,0.003282533597786957,1.4058757918133625e-06,-0.005458886322766818,0.0006854029009343142,0.9999848652759711
95,780000000,95.78,terrain_world,differential_drive_robot,7.468342250620132,11.402302902750197,0.0033372697231841566,-0.00012678901004690513,-0.005379031249113486,0.0006381067306442959,0.9999853212758517
95,800000000,95.8,terrain_world,differential_drive_robot,7.473803450324175,11.402322064408184,0.004336286507834531,-0.00024744726373508496,-0.0036843288690664644,0.0006692986506178321,0.9999929582401831
95,820000000,95.82,terrain_world,differential_drive_robot,7.479425455541259,11.402336212954785,0.005281458892530322,-0.00021234054799249507,-0.0021065856935344645,0.0006800816275656167,0.9999975273455366
95,840000000,95.84,terrain_world,differential_drive_robot,7.485123184364313,11.402350540153968,0.006050828240596188,-0.0001750034838361574,-0.0006976746846611132,0.0006910148384570903,0.9999995025610303
95,860000000,95.86,terrain_world,differential_drive_robot,7.490882859000356,11.402364597205642,0.006561508840708294,-0.0001406488252786685,0.0007090696674561145,0.0007013077638159747,0.9999994928026389
95,880000000,95.88,terrain_world,differential_drive_robot,7.496694292199095,11.402375043952771,0.006811068251388391,-0.00011144373468899348,0.002107767889766613,0.0007048770615488874,0.9999975240185073
95,900000000,95.9,terrain_world,differential_drive_robot,7.502543211435691,11.40238568093944,0.006792431628678582,-8.234915764763152e-05,0.0035158872397749977,0.0007087492263864402,0.9999935646943272
95,920000000,95.92,terrain_world,differential_drive_robot,7.508419056645489,11.40239567055189,0.006506790450187763,-5.310722725155956e-05,0.004930479420147252,0.0007113982970176569,0.9999875906553906
95,940000000,95.94,terrain_world,differential_drive_robot,7.514310759268951,11.402404994788252,0.005944063862816005,-2.4051606453736026e-05,0.0063656531664079575,0.000712819199095491,0.999979484674598
95,960000000,95.96,terrain_world,differential_drive_robot,7.520206995787313,11.402413612080414,0.005114736632131666,-6.513439625587473e-06,0.007835510656369537,0.0007130531577234077,0.9999690476637381
95,980000000,95.98,terrain_world,differential_drive_robot,7.526348078945982,11.402426260097707,0.0048839461825940554,-3.1401194593873424e-06,0.00822365125808033,0.0007199515743477888,0.9999659260294101
96,0,96.0,terrain_world,differential_drive_robot,7.532253076258257,11.402434757739446,0.0048905167546575,-3.6390857338393565e-06,0.008213332882204003,0.0007199474447643096,0.9999660108350683
96,20000000,96.02,terrain_world,differential_drive_robot,7.538158055081207,11.402443256275475,0.004895891019312597,-4.047194027468802e-06,0.00820489357894039,0.0007199440748226698,0.9999660801174746
96,40000000,96.04,terrain_world,differential_drive_robot,7.544063018820611,11.402451755539921,0.004900286791106117,-4.380988922361355e-06,0.008197991166888498,0.0007199413236397969,0.9999661367297019
96,60000000,96.06,terrain_world,differential_drive_robot,7.54996797025101,11.402460255398124,0.004903882227187104,-4.654002353178925e-06,0.008192345773491877,0.0007199390768352409,0.9999661829966019
96,80000000,96.08,terrain_world,differential_drive_robot,7.555872911634062,11.402468755740616,0.004906823046915536,-4.877302186988653e-06,0.008187728488982119,0.0007199372414242466,0.9999662208138688
96,100000000,96.1,terrain_world,differential_drive_robot,7.561777844814239,11.402477256478308,0.004909228437407394,-5.0599409114464655e-06,0.008183952086384267,0.0007199357417338117,0.9999662517281134
96,120000000,96.12,terrain_world,differential_drive_robot,7.567682771296316,11.40248575753864,0.004911195884106952,-5.2093226204147596e-06,0.008180863431360874,0.0007199345161245927,0.9999662770017161
96,140000000,96.14,terrain_world,differential_drive_robot,7.573587692308247,11.402494258862463,0.004912805122003648,-5.331503174386201e-06,0.008178337274181395,0.0007199335143513783,0.9999662976654462
96,160000000,96.16,terrain_world,differential_drive_robot,7.5794967912575615,11.402502820045292,0.004904078282624773,3.0698753236458927e-06,0.008159672811054465,0.000719952938524271,0.9999664501361827
96,180000000,96.18,terrain_world,differential_drive_robot,7.585399860807865,11.402511059359593,0.004811629952368648,3.137505108407278e-05,0.008003363004171895,0.0007192894277639113,0.9999677133882617
96,200000000,96.2,terrain_world,differential_drive_robot,7.591296394066319,11.402518577084223,0.004602983932015969,5.940194910182602e-05,0.007655472061431547,0.0007174668433024981,0.99997043729315
96,220000000,96.22,terrain_world,differential_drive_robot,7.597174803791759,11.40252538357702,0.0042850229474953655,8.713166249314327e-05,0.0071270826365701385,0.0007145404697151403,0.9999743429373986
96,240000000,96.24,terrain_world,differential_drive_robot,7.603026879515896,11.402531478631012,0.0038614196893615093,0.0001145828455522473,0.006423905096682642,0.0007105465515975434,0.9999791075005908
96,260000000,96.26,terrain_world,differential_drive_robot,7.6088448241355655,11.402536856906133,0.003335824986986262,0.00014170007645207086,0.005551553714098395,0.0007055120655508444,0.9999843310898292
96,280000000,96.28,terrain_world,differential_drive_robot,7.614728142320819,11.402544117324625,0.003299949873945555,0.00017419347618760983,0.003593773450434696,0.0007028068533061719,0.9999932802331958
96,300000000,96.3,terrain_world,differential_drive_robot,7.620471905783343,11.40254821214878,0.0035670219078856487,0.00019929536416273634,0.0009733313633341929,0.0006962485833934002,0.9999992640723917
96,320000000,96.32,terrain_world,differential_drive_robot,7.6261606278035705,11.402550372979082,0.0036427703679997223,0.00021957312532562854,-0.001613628561991563,0.0006870977157288372,0.9999984379423978
96,340000000,96.34,terrain_world,differential_drive_robot,7.631788683836595,11.402552855640808,0.0035340130048831914,0.00024462628561589873,-0.0041743432514036475,0.0006784886702431229,0.9999910272945074
96,360000000,96.36,terrain_world,differential_drive_robot,7.637444601211369,11.402518581282509,0.0036696700923346125,-2.6826281947530427e-05,-0.0061566505527328175,0.0006369980023676537,0.9999808444004651
96,380000000,96.38,terrain_world,differential_drive_robot,7.643342203872982,11.402526082950967,0.004275061957546034,-2.0595867183653104e-05,-0.0071483004456669745,0.0006369879290397095,0.9999742474798673
96,400000000,96.4,terrain_world,differential_drive_robot,7.6492396121835835,11.402533574952479,0.00477856571531194,-1.5491694364968692e-05,-0.007972468557422068,0.0006369675193237062,0.9999680163772677
96,420000000,96.42,terrain_world,differential_drive_robot,7.655138052078569,11.402541064381229,0.005174234582940887,-1.133430655768486e-05,-0.008619377258314563,0.0006369445262658899,0.9999626495569136
96,440000000,96.44,terrain_world,differential_drive_robot,7.661037968280569,11.402548554473464,0.005460547517976989,-7.973422228441443e-06,-0.009086559096935256,0.0006369213977493491,0.9999585134951028
96,460000000,96.46,terrain_world,differential_drive_robot,7.666939706911235,11.402556047384778,0.005635386747182735,-5.287060675842088e-06,-0.009370524414137918,0.0006368997338044698,0.9999558928287688
96,480000000,96.48,terrain_world,differential_drive_robot,7.672843510509309,11.402563544467217,0.005696043341373596,-3.1765105808695456e-06,-0.009466757866705242,0.0006368805215795006,0.999954986421191
96,500000000,96.5,terrain_world,differential_drive_robot,7.678748424092316,11.402571046071404,0.005697143811772523,-1.5012948225771951e-06,-0.009465360176728733,0.0006368646347976472,0.999954999666439
96,520000000,96.52,terrain_world,differential_drive_robot,7.684653335588721,11.402578551172805,0.005698002437180126,-1.3116752293578195e-07,-0.009464148934782854,0.0006368516567341035,0.9999550111404464
96,540000000,96.54,terrain_world,differential_drive_robot,7.690558244525082,11.402586059125293,0.005698704585349368,9.894690346364133e-07,-0.009463158468793604,0.0006368410444310788,0.999955020520573
96,560000000,96.56,terrain_world,differential_drive_robot,7.696463151357343,11.402593569408621,0.005699278741466483,1.9060453982717245e-06,-0.00946234858997853,0.0006368323663010313,0.9999550281888011
96,580000000,96.58,terrain_world,differential_drive_robot,7.702368056457657,11.402601081597625,0.005699748204093063,2.655719529322545e-06,-0.009461686427384772,0.0006368252696120499,0.9999550344572865
96,600000000,96.6,terrain_world,differential_drive_robot,7.708272960129725,11.402608595344804,0.005700132029586929,3.2688831825080583e-06,-0.0094611450953144,0.0006368194660404512,0.9999550395811642
96,620000000,96.62,terrain_world,differential_drive_robot,7.714177862621296,11.402616110366093,0.005700445804563152,3.7703939847983914e-06,-0.00946070260341268,0.0006368147198834751,0.9999550437689918
96,640000000,96.64,terrain_world,differential_drive_robot,7.719550164680588,11.402616824886724,0.006573537409463664,-0.0002224509179218003,-0.007977460659444852,0.0006407820711577889,0.9999679495040596
96,660000000,96.66,terrain_world,differential_drive_robot,7.725100073151667,11.402629750229528,0.007640853805251835,-0.00019844096743126862,-0.00618852975630827,0.0006503410165007399,0.999980619700802
96,680000000,96.68,terrain_world,differential_drive_robot,7.730735625006873,11.402641724116409,0.008568777960066973,-0.0001734560043405895,-0.004635769158942295,0.0006578443990334666,0.9999890233387896
96,700000000,96.7,terrain_world,differential_drive_robot,7.736444685424397,11.402651805203162,0.009313122261985841,-0.00015314132717454871,-0.0032338584075605227,0.0006620732442110674,0.9999945401683716
96,720000000,96.72,terrain_world,differential_drive_robot,7.742214710441813,11.402662969618696,0.009795353380198811,-0.00012636658231316282,-0.001831064577469173,0.0006678593931405272,0.9999980925970964
96,740000000,96.74,terrain_world,differential_drive_robot,7.748031936223656,11.402673962032766,0.010017509772873245,-0.00010035596553579643,-0.0004303057064642983,0.0006744857108227398,0.9999996749172997
96,760000000,96.76,terrain_world,differential_drive_robot,7.75388778270118,11.402684065125507,0.009974235546712406,-7.322865074491376e-05,0.0009762632321482022,0.0006781366990351943,0.9999992908388904
96,780000000,96.78,terrain_world,differential_drive_robot,7.759770069047028,11.402693412434607,0.009657352952076492,-4.646038571753284e-05,0.002398543451159681,0.0006803821972695818,0.9999968909505724
96,800000000,96.8,terrain_world,differential_drive_robot,7.765667275806196,11.402702180860524,0.009068048664385427,-1.878078193271433e-05,0.003833967178347722,0.0006815544478044774,0.9999924178845019
96,820000000,96.82,terrain_world,differential_drive_robot,7.771569597200227,11.402711124391216,0.008209836742173505,-4.5419489759090815e-06,0.005323764021435004,0.000682994771472194,0.9999855954133324
96,840000000,96.84,terrain_world,differential_drive_robot,7.7774617361348035,11.402719173079971,0.007176058592408807,-5.562182168402499e-06,0.00705885409049101,0.0006829877038389009,0.9999748527217011
96,860000000,96.86,terrain_world,differential_drive_robot,7.783347215421598,11.402727213148017,0.005970956505946006,-6.8111845005294365e-06,0.009084933581887255,0.0006829774562445174,0.9999584978773943
96,880000000,96.88,terrain_world,differential_drive_robot,7.789708355172918,11.402735636783481,0.005705683057571777,-7.000509481322561e-06,0.00952112609666947,0.0006831449623686814,0.9999544396730305
96,900000000,96.9,terrain_world,differential_drive_robot,7.795613293581713,11.402743706095926,0.005709578479727771,-6.907730775179917e-06,0.009517358931085376,0.0006831458471925062,0.9999544755352674
96,920000000,96.92,terrain_world,differential_drive_robot,7.801518224090697,11.402751775209994,0.005712764340150604,-6.831846203172619e-06,0.009514277346468418,0.0006831465705804298,0.9999545048604278
96,940000000,96.94,terrain_world,differential_drive_robot,7.807423148123886,11.402759844161993,0.00571536984108951,-6.769779451645274e-06,0.009511756499997899,0.0006831471621010093,0.9999545288423918
96,960000000,96.96,terrain_world,differential_drive_robot,7.813328066844469,11.40276791298155,0.005717500659032028,-6.719014382311454e-06,0.009509694282517859,0.0006831476458818021,0.9999545484564795
96,980000000,96.98,terrain_world,differential_drive_robot,7.819232980919575,11.402775981698374,0.005719243259002086,-6.677467802309024e-06,0.009508007229511829,0.0006831480511607759,0.9999545644991452
97,0,97.0,terrain_world,differential_drive_robot,7.8251378910742915,11.402784050250627,0.005720668513620155,-6.643444622854295e-06,0.009506627325707406,0.0006831482580001184,0.9999545776190099
97,20000000,97.02,terrain_world,differential_drive_robot,7.831045847364029,11.402792189332898,0.005694235666003483,1.0820723833627512e-05,0.009459939001806725,0.0006831020007396004,0.9999550203927428
97,40000000,97.04,terrain_world,differential_drive_robot,7.836950242914808,11.402799795134165,0.005560082121574347,3.751253442891458e-05,0.009235912531174431,0.0006820928864846021,0.9999571147113362
97,60000000,97.06,terrain_world,differential_drive_robot,7.842842421972141,11.402806734454881,0.0053140831480560915,6.398824065516417e-05,0.008827511177763278,0.0006800249370903159,0.9999608034908151
97,80000000,97.08,terrain_world,differential_drive_robot,7.848711953204357,11.402814729048933,0.004961915975957498,9.554606087052995e-05,0.008243823523279247,0.000679573337335862,0.9999657836269932
97,100000000,97.1,terrain_world,differential_drive_robot,7.854554709812742,11.402820365069195,0.004503292062387158,0.00012161525215129804,0.007484000779486257,0.0006754789478797098,0.9999717589363482
97,120000000,97.12,terrain_world,differential_drive_robot,7.860474795584357,11.40282639153246,0.004937605750479498,0.0001473040016091156,0.005012303377567796,0.00067148491874454,0.9999872020302991
97,140000000,97.14,terrain_world,differential_drive_robot,7.86625572427285,11.402830789043511,0.005350022589137674,0.00017122006984387307,0.002365890095512192,0.0006659368827605484,0.9999969648832999
97,160000000,97.16,terrain_world,differential_drive_robot,7.871985900193549,11.40283297152264,0.005566824208626628,0.00018999938690196958,-0.00024234677350044124,0.0006581112673458338,0.9999997360288823
97,180000000,97.18,terrain_world,differential_drive_robot,7.877659892200217,11.402835528041882,0.005594927816882227,0.00021373117747376953,-0.0028198085695557706,0.0006506977442064807,0.9999957897866674
97,200000000,97.2,terrain_world,differential_drive_robot,7.883269816855288,11.402838976304917,0.005443862299582556,0.00024287119578300832,-0.005368215356616802,0.0006439901309957061,0.999985354169839
97,220000000,97.22,terrain_world,differential_drive_robot,7.88881244854521,11.40284049898449,0.005116091983341087,0.0002664216960128475,-0.00790101822406787,0.0006347562112292996,0.999968549512961
97,240000000,97.24,terrain_world,differential_drive_robot,7.894542338990422,11.402815498242974,0.005492345467944119,-3.7916137389729667e-05,-0.009157181952914897,0.0006151883074398721,0.9999578821752415
97,260000000,97.26,terrain_world,differential_drive_robot,7.900437962033568,11.402822695909697,0.00598530012705893,-2.9483722115632412e-05,-0.009963034519842876,0.000615140810728606,0.9999501780967137
97,280000000,97.28,terrain_world,differential_drive_robot,7.906335074270128,11.402829891992253,0.006370297492363035,-2.2604920635322794e-05,-0.010591668230400572,0.0006150911062914498,0.9999437172741502
97,300000000,97.3,terrain_world,differential_drive_robot,7.912234117437624,11.402837090977155,0.006645707679214326,-1.701828249808454e-05,-0.011040452236421642,0.0006150426832962878,0.9999388630547825
97,320000000,97.32,terrain_world,differential_drive_robot,7.91813543695533,11.402844295693923,0.006809301202100388,-1.2510892176510223e-05,-0.011305727114432828,0.00061499769661816,0.9999358990233947
97,340000000,97.34,terrain_world,differential_drive_robot,7.9240392709040925,11.40285150776879,0.00685850227317788,-8.909399699408061e-06,-0.011383210072569375,0.0006149573442717006,0.9999350200270671
97,360000000,97.36,terrain_world,differential_drive_robot,7.929944185232188,11.402858727647862,0.006859469721396002,-6.002875671044942e-06,-0.011381848168276228,0.0006149225189832511,0.9999350355730793
97,380000000,97.38,terrain_world,differential_drive_robot,7.9358490961527,11.40286595468369,0.006860261017758892,-3.6250075950505295e-06,-0.01138073424185937,0.0006148935762167297,0.9999350482810698
97,400000000,97.4,terrain_world,differential_drive_robot,7.9417540042877794,11.402873187552265,0.006860908237640025,-1.6795517145111593e-06,-0.011379823136708656,0.0006148694199403675,0.9999350586703882
97,420000000,97.42,terrain_world,differential_drive_robot,7.947658910186505,11.402880425208743,0.006861437617537273,-8.779486709166679e-08,-0.011379077916728113,0.000614849220422564,0.9999350671649602
97,440000000,97.44,terrain_world,differential_drive_robot,7.953563814261903,11.402887666768713,0.006861870625151982,1.2146135731876171e-06,-0.011378468357590089,0.0006148322422136866,0.9999350741111515
97,460000000,97.46,terrain_world,differential_drive_robot,7.959468716823463,11.402894911481415,0.006862224812271434,2.2803276401985156e-06,-0.01137796975044778,0.0006148178392944248,0.9999350797917745
97,480000000,97.48,terrain_world,differential_drive_robot,7.965373618150153,11.402902158756584,0.006862514533598892,3.152416591112256e-06,-0.011377561887756918,0.0006148055262191649,0.9999350844378436
97,500000000,97.5,terrain_world,differential_drive_robot,7.971278518470634,11.402909408112551,0.006862751530880718,3.866103242025648e-06,-0.011377228240230467,0.0006147949078997629,0.9999350882381537
97,520000000,97.52,terrain_world,differential_drive_robot,7.977183417972662,11.402916659156688,0.006862945409044287,4.450191564508632e-06,-0.011376955286427931,0.0006147856635053243,0.9999350913470306
97,540000000,97.54,terrain_world,differential_drive_robot,7.982896366973998,11.402920290239152,0.00736090693081961,-0.00015968753640844698,-0.010530039886450498,0.0006136535397694855,0.9999443565465098
97,560000000,97.56,terrain_world,differential_drive_robot,7.988616534497296,11.402930950290344,0.008087849211296743,-0.00013523511733262519,-0.009118225293647395,0.0006197090697387712,0.9999582269473192
97,580000000,97.58,terrain_world,differential_drive_robot,7.994396153187678,11.402941118936154,0.008555839384458381,-0.00011043072247704362,-0.007711006414677159,0.0006247746505344095,0.999970068472934
97,600000000,97.6,terrain_world,differential_drive_robot,8.000223925660704,11.402950773808213,0.008757499530771826,-8.533172501198349e-05,-0.006298254534340813,0.0006288312821444773,0.9999799644390561
97,620000000,97.62,terrain_world,differential_drive_robot,8.006088492054657,11.402959894856789,0.008693189324484929,-6.000076385752465e-05,-0.004883515212686075,0.0006318626587812655,0.9999878741408099
97,640000000,97.64,terrain_world,differential_drive_robot,8.01198435328831,11.402969403169031,0.008349415122954522,-3.364546375394038e-05,-0.0034574777842208753,0.0006354701343632955,0.9999938204274378
97,660000000,97.66,terrain_world,differential_drive_robot,8.017888511397349,11.40297547883892,0.00773266361293232,-1.3152799546989838e-05,-0.002013434996441692,0.0006362894019801703,0.9999977705186727
97,680000000,97.68,terrain_world,differential_drive_robot,8.02379920351336,11.402983010720645,0.0068525921418739625,-1.6737026279086636e-06,-0.000510950924169435,0.0006363382116203509,0.9999996669999607
97,700000000,97.7,terrain_world,differential_drive_robot,8.029703413058396,11.402990520583085,0.005794678192059114,-2.432791286846754e-06,0.0012540718326662173,0.000636333781553825,0.9999990111881304
97,720000000,97.72,terrain_world,differential_drive_robot,8.035602779960955,11.40299802499324,0.0045582706090756975,-3.4499147651779674e-06,0.0033204294567353914,0.0006363272721507166,0.9999942848956306
97,740000000,97.74,terrain_world,differential_drive_robot,8.041635033720711,11.403005695041525,0.0032836597190968268,-4.572670912661204e-06,0.0054672375527881805,0.0006363116591952674,0.9999848520853225
97,760000000,97.76,terrain_world,differential_drive_robot,8.047988011163941,11.403013432617898,0.003279838070608491,-4.369469721411011e-06,0.005459215179424615,0.0006365197830631969,0.9999848957824805
97,780000000,97.78,terrain_world,differential_drive_robot,8.053892909775506,11.403020951026175,0.003280589055275746,-4.206418617239204e-06,0.005459079073443741,0.0006365206727436831,0.999984896525647
97,800000000,97.8,terrain_world,differential_drive_robot,8.059797808251718,11.403028469240386,0.003281203307082957,-4.073058243036175e-06,0.00545896777832475,0.0006365214003684658,0.9999848971333078
97,820000000,97.82,terrain_world,differential_drive_robot,8.065702706618241,11.403035987295894,0.0032817057145536816,-3.963982112305669e-06,0.0054588767603051805,0.0006365219954672194,0.9999848976302351
97,840000000,97.84,terrain_world,differential_drive_robot,8.071607604895318,11.403043505221614,0.0032821166341748154,-3.8747682220297375e-06,0.005458802311171153,0.0006365224821887565,0.999984898036687
97,860000000,97.86,terrain_world,differential_drive_robot,8.077512503098758,11.403051023041188,0.0032824527156634625,-3.8017997850231623e-06,0.005458741397955715,0.0006365228802820711,0.9999848983692301
97,880000000,97.88,terrain_world,differential_drive_robot,8.083419961579377,11.40305847207196,0.0032391365922104128,1.7239734585041523e-05,0.005386441973070673,0.0006362967905662084,0.9999852904278426
97,900000000,97.9,terrain_world,differential_drive_robot,8.089321367761924,11.403065322608228,0.003083520535924204,4.216261489093178e-05,0.005128030679014234,0.0006350751289575608,0.9999866490125003
97,920000000,97.92,terrain_world,differential_drive_robot,8.095208098488266,11.403071539148305,0.00281725774250598,6.67892964389635e-05,0.004686090357925527,0.0006328567977180878,0.9999888177317888
97,940000000,97.94,terrain_world,differential_drive_robot,8.101071762776392,11.403077129709459,0.002444015171799763,9.112972675179468e-05,0.004066456030868726,0.0006296880529941392,0.9999915295259645
97,960000000,97.96,terrain_world,differential_drive_robot,8.106904398045923,11.403082086757513,0.0019674287103896067,0.00011522038025517279,0.0032748314631379193,0.0006255880595773704,0.9999944354058835
97,980000000,97.98,terrain_world,differential_drive_robot,8.112698421615933,11.403086407057259,0.0013911125697323317,0.00013899602917519263,0.0023168129802489893,0.000620582274093716,0.9999971139635152
98,0,98.0,terrain_world,differential_drive_robot,8.118547310598089,11.403096237817458,0.0012715977921731421,0.0001719482877972493,0.0003402354911986025,0.0006237089784275944,0.999999732830318
98,20000000,98.02,terrain_world,differential_drive_robot,8.124253186521315,11.403095634834163,0.0014522661349684717,0.00014340541125392709,-0.002232715897911889,0.0006126255240863635,0.9999973095486681
98,40000000,98.04,terrain_world,differential_drive_robot,8.130092060685113,11.403126651609035,0.0022300251315729032,-3.3368756709710834e-07,-0.003713384729861676,0.0006538857839252593,0.9999928915782943
98,60000000,98.06,terrain_world,differential_drive_robot,8.135990635494572,11.403134367330859,0.0029674121815152334,9.693111999586086e-07,-0.004936480565668995,0.0006538843490599166,0.9999876017201129
98,80000000,98.08,terrain_world,differential_drive_robot,8.14188869329408,11.403142081140324,0.003598364327634927,2.0642550253978206e-06,-0.005981885187772672,0.0006538815683960604,0.9999818945782136
98,100000000,98.1,terrain_world,differential_drive_robot,8.147786906558919,11.403149794348742,0.0041225843676971005,2.968126296801558e-06,-0.0068496373247591315,0.000653878135824667,0.9999763271713451
98,120000000,98.12,terrain_world,differential_drive_robot,8.153685878786014,11.403157508064156,0.004536870310124562,3.691386981237201e-06,-0.0075348775631268175,0.0006538746441859597,0.9999713986181965
98,140000000,98.14,terrain_world,differential_drive_robot,8.159586039739638,11.403165223077433,0.004842591112756193,4.246904713731814e-06,-0.008040223154535992,0.0006538715170850641,0.9999674630934889
98,160000000,98.16,terrain_world,differential_drive_robot,8.165487796632815,11.403172940124684,0.0050350109844619255,4.638854510192692e-06,-0.008358100729874422,0.0006538691973778668,0.999964856675345
98,180000000,98.18,terrain_world,differential_drive_robot,8.171391319727284,11.40318065932804,0.005116976075000564,4.877876944275268e-06,-0.008493379614230898,0.0006538675314152058,0.9999637168098582
98,200000000,98.2,terrain_world,differential_drive_robot,8.177296161659397,11.403188380298573,0.005120322403809317,5.004530417962894e-06,-0.008498744852895406,0.0006538665275633514,0.9999636712248322
98,220000000,98.22,terrain_world,differential_drive_robot,8.18320105598974,11.403196101521376,0.005120571642653537,5.10543153656459e-06,-0.008499021869219529,0.0006538656706998956,0.9999636688704674
98,240000000,98.24,terrain_world,differential_drive_robot,8.189105950777694,11.403203822932587,0.005120775329397356,5.187959276036107e-06,-0.008499248724327692,0.000653864969985177,0.9999636669423585
98,260000000,98.26,terrain_world,differential_drive_robot,8.195010845926298,11.403211544497896,0.005120941752101401,5.2554593159624054e-06,-0.008499434563407742,0.0006538643970057666,0.9999636653628134
98,280000000,98.28,terrain_world,differential_drive_robot,8.200915741355717,11.403219266189247,0.0051210776899016505,5.310668110615687e-06,-0.008499586865918963,0.000653863928517289,0.9999636640682843
98,300000000,98.3,terrain_world,differential_drive_robot,8.20682063700016,11.403226987983675,0.005121188687782727,5.355823824792869e-06,-0.008499711748892944,0.0006538635455046582,0.9999636630067938
98,320000000,98.32,terrain_world,differential_drive_robot,8.212725532805338,11.403234709862412,0.005121279281316879,5.3927570687429605e-06,-0.008499814215006257,0.0006538632324129851,0.9999636621358308
98,340000000,98.34,terrain_world,differential_drive_robot,8.218233048202984,11.403211436265758,0.005741983698122828,-0.0002778872792161395,-0.007445618384293454,0.0006139417346262681,0.9999720539200494
98,360000000,98.36,terrain_world,differential_drive_robot,8.223749562191628,11.403235679271518,0.006838088288726933,-0.0002474791961329136,-0.005608854537974924,0.000645944530616109,0.9999840310027369
98,380000000,98.38,terrain_world,differential_drive_robot,8.229368283765957,11.40325096336922,0.007793908196804098,-0.0002067914746552471,-0.0040098635773460276,0.0006593952512490611,0.9999917216803745
98,400000000,98.4,terrain_world,differential_drive_robot,8.235062014997258,11.40326496354156,0.008584618526604342,-0.0001696524307455261,-0.0025938387337231758,0.0006702519533849575,0.9999963969840068
98,420000000,98.42,terrain_world,differential_drive_robot,8.240816243020209,11.40327864906175,0.009118416471000064,-0.00013388929596939617,-0.0011862342618763307,0.0006768651720519272,0.9999990583872923
98,440000000,98.44,terrain_world,differential_drive_robot,8.24662343849318,11.403289935691129,0.00939262742706248,-0.00010753481408194659,0.00021358775118077725,0.0006838181958455041,0.9999997376045713
98,460000000,98.46,terrain_world,differential_drive_robot,8.252471607440285,11.403300156611776,0.00940232320450088,-8.046889458898712e-05,0.0016177668353575044,0.000687458112746415,0.9999984518770849
98,480000000,98.48,terrain_world,differential_drive_robot,8.258348191562598,11.403309784811006,0.00914207335122218,-5.321399742099133e-05,0.003032192113115705,0.0006899771975098335,0.9999951634436671
98,500000000,98.5,terrain_world,differential_drive_robot,8.26423944153668,11.403320607962407,0.008607190060824348,-2.039081156080222e-05,0.004469911347766755,0.0006944117354013436,0.9999897685822089
98,520000000,98.52,terrain_world,differential_drive_robot,8.270140345050061,11.403329867069925,0.007799092288970173,-1.0670069760648309e-06,0.00593210673739675,0.0006960947842760978,0.9999821626211984
98,540000000,98.54,terrain_world,differential_drive_robot,8.276031740006076,11.403338069519734,0.00679948347977994,-2.7926831814133375e-06,0.007610219703641087,0.0006960869393997428,0.9999707995792858
98,560000000,98.56,terrain_world,differential_drive_robot,8.281973749227436,11.403346342474364,0.005694256682481288,-4.548329978533227e-06,0.009477620526890359,0.0006960761574521032,0.9999548440636927
98,580000000,98.58,terrain_world,differential_drive_robot,8.288230982464027,11.403346697606054,0.005692282056819481,-1.1138946900295665e-05,0.00946864333907963,0.0006829600609393889,0.9999549381021109
98,600000000,98.6,terrain_world,differential_drive_robot,8.294135897289557,11.403354773819952,0.005694021267842293,-1.0287034756816774e-05,0.009466843091104828,0.0006829682247321638,0.9999549551507154
98,620000000,98.62,terrain_world,differential_drive_robot,8.300040808409415,11.403362848264862,0.005695443785930243,-9.590284222204643e-06,0.009465370661802816,0.0006829749013126685,0.9999549690918813
98,640000000,98.64,terrain_world,differential_drive_robot,8.305945716499567,11.403370921261908,0.0056966072778917316,-9.020440430968441e-06,0.009464166357314306,0.0006829803590386044,0.9999549804924329
98,660000000,98.66,terrain_world,differential_drive_robot,8.311850621982387,11.403378993058544,0.005697558938303724,-8.554392724673123e-06,0.00946318140035912,0.0006829847927437568,0.9999549898152312
98,680000000,98.68,terrain_world,differential_drive_robot,8.317755525378278,11.403387063879661,0.005698337519944563,-8.173216346314518e-06,0.009462376146471711,0.0006829883994486372,0.9999549974362384
98,700000000,98.7,terrain_world,differential_drive_robot,8.323660427215282,11.403395133914566,0.005698974569730801,-7.861449854232656e-06,0.009461717923568968,0.0006829913487067887,0.9999550036651399
98,720000000,98.72,terrain_world,differential_drive_robot,8.329568409258965,11.403403283076795,0.0056872030206586745,2.7480428441694936e-06,0.009440888131070187,0.0006830276977301594,0.9999552005449589
98,740000000,98.74,terrain_world,differential_drive_robot,8.335474610637663,11.403411036717076,0.005581296568697247,2.9506974688231315e-05,0.00926486444161902,0.000682262638793287,0.9999568470358651
98,760000000,98.76,terrain_world,differential_drive_robot,8.341368787896648,11.403419799054687,0.00536476008537223,6.134796026258247e-05,0.008906262605794808,0.0006830685323481822,0.9999601032742279
98,780000000,98.78,terrain_world,differential_drive_robot,8.347246259219496,11.403426268007108,0.0050372552006947655,8.778994560977357e-05,0.00836428978328739,0.0006802253610591289,0.9999647835013015
98,800000000,98.8,terrain_world,differential_drive_robot,8.353097005265251,11.40343205986112,0.004604373611437836,0.00011397011761006373,0.007647879715104776,0.0006763658409792498,0.9999705193034066
98,820000000,98.82,terrain_world,differential_drive_robot,8.358945507040337,11.403435693224669,0.0041996920271788665,0.00013484460397668,0.0065935250922314215,0.0006691528404718684,0.999978029497782
98,840000000,98.84,terrain_world,differential_drive_robot,8.36479749910582,11.403440093604264,0.004639329071065413,0.0001596488197642262,0.0038878289968200226,0.0006641988161247784,0.9999922090385898
98,860000000,98.86,terrain_world,differential_drive_robot,8.370541425949323,11.403444894383192,0.004893591231024675,0.00018905812591644953,0.0012723807508326582,0.0006592692030670906,0.9999989553336383
98,880000000,98.88,terrain_world,differential_drive_robot,8.376229371247309,11.403446459316086,0.004958821084578861,0.0002079527598357436,-0.0013088424084880907,0.0006506115448298495,0.9999989101953147
98,900000000,98.9,terrain_world,differential_drive_robot,8.381856634812937,11.40344857687559,0.004840302086961861,0.00023149273538778116,-0.003865184148076889,0.0006424633359942487,0.9999922969720701
98,920000000,98.92,terrain_world,differential_drive_robot,8.387416398815256,11.403450175202538,0.0045423434129051145,0.0002548575804892332,-0.006396391010120416,0.0006333643911311704,0.999979309825562
98,940000000,98.94,terrain_world,differential_drive_robot,8.393060282667307,11.403427969715807,0.004731220723843521,-4.485800987238705e-05,-0.007960727819370019,0.000616599697833484,0.9999681217944688
98,960000000,98.96,terrain_world,differential_drive_robot,8.398956705713134,11.403435191465139,0.005251457713003187,-3.5280317887867486e-05,-0.008801394630499582,0.0006165575052416067,0.9999610762748219
98,980000000,98.98,terrain_world,differential_drive_robot,8.404854351213032,11.403442407764379,0.005660329625175332,-2.746183630308036e-05,-0.009461000316999467,0.0006165100312736264,0.9999550533070127
99,0,99.0,terrain_world,differential_drive_robot,8.410753625732632,11.403449624792678,0.005959464044126405,-2.110320161217659e-05,-0.009941944140072365,0.0006164624392196852,0.9999503874070111
99,20000000,99.02,terrain_world,differential_drive_robot,8.416654887154916,11.403456846167678,0.006146874892488128,-1.596080612773564e-05,-0.010240677318900654,0.0006164175388568807,0.9999473727665474
99,40000000,99.04,terrain_world,differential_drive_robot,8.422558446873845,11.40346407399297,0.006217282317684162,-1.1839149157182722e-05,-0.010348220719634092,0.000616376848077791,0.9999462656899887
99,60000000,99.06,terrain_world,differential_drive_robot,8.428463361132426,11.403471310071732,0.00622074456444045,-8.523058887988325e-06,-0.010346877865404452,0.0006163425832259918,0.9999462796408695
99,80000000,99.08,terrain_world,differential_drive_robot,8.434368287924325,11.403478553656273,0.006222803632044015,-5.8115934196055535e-06,-0.010344504141080207,0.0006163144936600635,0.9999463042367552
99,100000000,99.1,terrain_world,differential_drive_robot,8.4402732093949,11.403485803420457,0.006224487912996469,-3.5938673623727796e-06,-0.010342562404142386,0.0006162915282880579,0.9999463243468385
99,120000000,99.12,terrain_world,differential_drive_robot,8.446178126526412,11.40349305823485,0.006225865644511819,-1.7799742073347521e-06,-0.010340974004197668,0.0006162727509151288,0.999946340791031
99,140000000,99.14,terrain_world,differential_drive_robot,8.452083040121101,11.403500317177063,0.0062269926385188175,-2.9637878892197785e-07,-0.01033967461325704,0.0006162573968547649,0.9999463542388787
99,160000000,99.16,terrain_world,differential_drive_robot,8.457987950834115,11.403507579493592,0.006227914544078517,9.170638199875315e-07,-0.010338611617593542,0.00061624484135617,0.9999463652372936
99,180000000,99.18,terrain_world,differential_drive_robot,8.463352162471182,11.403488070304181,0.006925139886359688,-0.00024584634203558473,-0.009161030852190449,0.000587751036963736,0.9999578339220209
99,200000000,99.2,terrain_world,differential_drive_robot,8.468749222241055,11.403526086700907,0.008128870107780439,-0.0002412000069736804,-0.007139185609550482,0.0006493884162638559,0.9999742757421682
99,220000000,99.22,terrain_world,differential_drive_robot,8.4742938410372,11.403539148181705,0.00920421055176644,-0.0002147634443865655,-0.005336450813036116,0.0006584578700052135,0.9999855211964903
99,240000000,99.24,terrain_world,differential_drive_robot,8.479924745825908,11.403551631295938,0.010140417848754359,-0.00018799507797113112,-0.0037696325379137008,0.0006666274751889342,0.9999926550411203
99,260000000,99.26,terrain_world,differential_drive_robot,8.48562748091448,11.403563296216436,0.010902478663936146,-0.00016094907143797898,-0.002361917166960976,0.0006739178405529137,0.99999697063413
99,280000000,99.28,terrain_world,differential_drive_robot,8.491391059699186,11.403574616531188,0.011411151700177223,-0.00013386344289273544,-0.0009635824136674503,0.0006797400133577794,0.9999992957712645
99,300000000,99.3,terrain_world,differential_drive_robot,8.497201972983092,11.40358690931066,0.011658969447757407,-0.00010119870434894931,0.0004431187312961364,0.0006871376793392229,0.9999996606231533
99,320000000,99.32,terrain_world,differential_drive_robot,8.503053353882834,11.403597248411337,0.011641061065822765,-7.312847321706413e-05,0.0018483010124958456,0.0006909157716224569,0.9999980505335948
99,340000000,99.34,terrain_world,differential_drive_robot,8.50893014250891,11.403606666710093,0.011351472923743855,-4.544962297132517e-05,0.003264685553909767,0.0006963637989818211,0.9999944274044857
99,360000000,99.36,terrain_world,differential_drive_robot,8.51482714933797,11.40361399121787,0.01078377360286111,-2.228680312636062e-05,0.0046981945149364435,0.0006947637530415712,0.9999887218238641
99,380000000,99.38,terrain_world,differential_drive_robot,8.520723837646182,11.403624292430933,0.009953951051540937,-3.2196395736657994e-07,0.006174773506056939,0.0006981536199003404,0.9999806921903883
99,400000000,99.4,terrain_world,differential_drive_robot,8.52661447863016,11.403632520499146,0.008937473306237557,-2.2519243639897774e-06,0.007881781456185623,0.0006981493289176581,0.999968694561745
99,420000000,99.42,terrain_world,differential_drive_robot,8.532498282321633,11.40364073836844,0.007748860930471554,-4.249519039202329e-06,0.009881391920229188,0.0006981403194669605,0.9999509341341478
99,440000000,99.44,terrain_world,differential_drive_robot,8.538733519972343,11.403649322359174,0.006808935081381154,-5.8392526873151184e-06,0.011458130529963537,0.0006982731470518494,0.9999341096418671
99,460000000,99.46,terrain_world,differential_drive_robot,8.544805870550618,11.403657603804822,0.006818874185303725,-6.223340041777296e-06,0.011443237473545842,0.0006983346625714592,0.9999342801434968
99,480000000,99.48,terrain_world,differential_drive_robot,8.550710934989286,11.403665847114244,0.006827063076300417,-6.536815565595722e-06,0.011430955244358929,0.0006983310544388403,0.9999344206262779
99,500000000,99.5,terrain_world,differential_drive_robot,8.556615968782184,11.403674091192721,0.006833760858623766,-6.793209627308128e-06,0.01142090946828157,0.0006983281091859204,0.9999345354165049
99,520000000,99.52,terrain_world,differential_drive_robot,8.562520977551008,11.403682335897962,0.006839239020811082,-7.002916331991574e-06,0.011412692885682654,0.0006983257041866427,0.9999346292299648
99,540000000,99.54,terrain_world,differential_drive_robot,8.56842596587839,11.40369058111432,0.006843719622741602,-7.174437097254281e-06,0.011405972396641267,0.0006983237397830813,0.9999347059114255
99,560000000,99.56,terrain_world,differential_drive_robot,8.574330937501951,11.403698826747714,0.006847384293800177,-7.314725296040622e-06,0.01140047555685827,0.0006983221348916163,0.9999347685973162
99,580000000,99.58,terrain_world,differential_drive_robot,8.580240176005125,11.403707191503804,0.006824573007489513,9.281147745818758e-06,0.011353452527523504,0.0006983194257951601,0.9999353035969603
99,600000000,99.6,terrain_world,differential_drive_robot,8.586146267705395,11.403715105518744,0.00669513558541478,3.661611660720366e-05,0.011132382441103443,0.0006974523571541173,0.9999377892052358
99,620000000,99.62,terrain_world,differential_drive_robot,8.592036561525498,11.403722350916368,0.006457642389027969,6.375890968972819e-05,0.010734477152753965,0.0006955259459564308,0.9999421399154638
99,640000000,99.64,terrain_world,differential_drive_robot,8.59791100272714,11.403728931243622,0.006107308925592712,9.068810249851374e-05,0.010151384048832438,0.0006925621054164933,0.9999482294275496
99,660000000,99.66,terrain_world,differential_drive_robot,8.60375736376744,11.403734828084396,0.005651903777941549,0.00011736555933005153,0.009395411133830078,0.0006885753375987894,0.9999556181846053
99,680000000,99.68,terrain_world,differential_drive_robot,8.609583841325959,11.40374032450892,0.00515995757400718,0.00014441831601872182,0.008392613811249366,0.0006839342401829073,0.9999645370765508
99,700000000,99.7,terrain_world,differential_drive_robot,8.615448943800441,11.403745438443552,0.0055528945134637455,0.00017021185355697437,0.005701891043497654,0.0006786505170043537,0.9999834993138281
99,720000000,99.72,terrain_world,differential_drive_robot,8.621187424628351,11.403748153771314,0.005758558931232893,0.00018999130622059665,0.003093301929077356,0.0006705290651072771,0.99999497287599
99,740000000,99.74,terrain_world,differential_drive_robot,8.626868996234197,11.403752725675,0.005773856534800661,0.0002192659798203256,0.0005218987147677439,0.0006650574374369615,0.9999996186213106
99,760000000,99.76,terrain_world,differential_drive_robot,8.632487783741793,11.40375555536115,0.005606617744944713,0.00024344184011598833,-0.002026331870986452,0.0006563808047180792,0.9999977019370886
99,780000000,99.78,terrain_world,differential_drive_robot,8.638037860150916,11.403757445033891,0.0052642487282987295,0.0002672107869914335,-0.004555751086530924,0.0006468428480381613,0.9999893776059637
99,800000000,99.8,terrain_world,differential_drive_robot,8.643513688392213,11.403758395736132,0.004757114379701514,0.0002913007489918766,-0.007078353778816581,0.0006366987290835268,0.9999747030132232
99,820000000,99.82,terrain_world,differential_drive_robot,8.649195823552489,11.403719698203533,0.004960786626018467,-4.094728477875531e-05,-0.00828074868718543,0.0006010048485292026,0.9999655325648338
99,840000000,99.84,terrain_world,differential_drive_robot,8.655093917845573,11.403726730833403,0.005363292551857102,-3.219115666939665e-05,-0.008937491766860506,0.0006009578864754637,0.9999598787222742
99,860000000,99.86,terrain_world,differential_drive_robot,8.660993554548767,11.403733762681911,0.005655699961009051,-2.506623569769744e-05,-0.009413557596352965,0.0006009095097226673,0.9999555106167599
99,880000000,99.88,terrain_world,differential_drive_robot,8.666895132147493,11.403740797910423,0.00583366280207929,-1.9299568170843753e-05,-0.00970174261767782,0.0006008629526622203,0.9999527562747248
99,900000000,99.9,terrain_world,differential_drive_robot,8.672798844810648,11.403747839232182,0.005897464232498676,-1.4664123130652701e-05,-0.009802443689198624,0.0006008203511419997,0.999951774285935
99,920000000,99.92,terrain_world,differential_drive_robot,8.678703806685036,11.403754888490301,0.005896457086567159,-1.0925515126248341e-05,-0.009797000832515982,0.000600783567744229,0.9999518276969274
99,940000000,99.94,terrain_world,differential_drive_robot,8.684608714742087,11.403761945823707,0.0058977896312186,-7.865558146131374e-06,-0.009796109162427367,0.0006007534936481987,0.999951836479463
99,960000000,99.96,terrain_world,differential_drive_robot,8.690513620799633,11.403769009743314,0.00589887933434003,-5.362815190202946e-06,-0.009795380194458081,0.0006007288884491852,0.9999518436519275
99,980000000,99.98,terrain_world,differential_drive_robot,8.69641852520605,11.403776079049099,0.005899770410137451,-3.3158217351566298e-06,-0.009794784308401056,0.0006007087556526031,0.9999518495099392
100,0,100.0,terrain_world,differential_drive_robot,8.702323428245844,11.403783152759877,0.005900499022298508,-1.6415892136430893e-06,-0.009794297277573409,0.0006006922806421111,0.9999518542944593
100,20000000,100.02,terrain_world,differential_drive_robot,8.708228330151302,11.403790230073348,0.005901094749855277,-2.722406790041665e-07,-0.009793899286541263,0.0006006787974189987,0.9999518582020203
100,40000000,100.04,terrain_world,differential_drive_robot,8.714133231112077,11.403797310333454,0.005901581786154226,8.477409048118081e-07,-0.009793574127753666,0.000600667761444827,0.9999518613930002
100,60000000,100.06,terrain_world,differential_drive_robot,8.719859707100566,11.403768786829126,0.006144135533749067,-0.00020409442380584867,-0.00938867455383382,0.0005441529940196283,0.9999557565378118
100,80000000,100.08,terrain_world,differential_drive_robot,8.725335358768307,11.403806384604215,0.007201350764709338,-0.00019792184549453885,-0.007596152100297528,0.0006047021664471467,0.9999709463956951
100,100000000,100.1,terrain_world,differential_drive_robot,8.730968073206004,11.403817977030933,0.00813740424831987,-0.00017206836878691877,-0.006027765223383294,0.0006124893048841582,0.9999816304791502
100,120000000,100.12,terrain_world,differential_drive_robot,8.736674068145522,11.403829030115958,0.008893103719893802,-0.00014616603515411026,-0.004616287788365782,0.0006191382796706216,0.9999891425362256
100,140000000,100.14,terrain_world,differential_drive_robot,8.742440908387128,11.403839495294449,0.009386698759824839,-0.00012046075518095371,-0.0032055943226534417,0.0006246149812589653,0.9999946597409259
100,160000000,100.16,terrain_world,differential_drive_robot,8.748260570518319,11.403849327172416,0.009616079880711456,-9.492931519858006e-05,-0.0018056828092749104,0.0006288605055463645,0.9999981675145619
100,180000000,100.18,terrain_world,differential_drive_robot,8.754117967378248,11.403858614495531,0.00957655369109049,-6.920139380998648e-05,-0.00039451275610651504,0.0006320618829450228,0.9999997200342751
100,200000000,100.2,terrain_world,differential_drive_robot,8.759999692388122,11.403867037616648,0.009267534132302534,-4.421792123285478e-05,0.001024849596788026,0.0006369898253608485,0.9999992709857551
100,220000000,100.22,terrain_world,differential_drive_robot,8.76590074629389,11.403874470599773,0.008684360774539724,-1.765556216860174e-05,0.0024614486723195396,0.0006368073843119011,0.9999967677123112
100,240000000,100.24,terrain_world,differential_drive_robot,8.771803944726383,11.40388206752284,0.00783059650583788,-3.448551736283157e-06,0.003948626117376578,0.0006369062611173395,0.9999920013131641
100,260000000,100.26,terrain_world,differential_drive_robot,8.777699000273103,11.403889575320157,0.006801570453575378,-4.377021454154311e-06,0.005673451271977214,0.000636899135969903,0.9999837030127025
100,280000000,100.28,terrain_world,differential_drive_robot,8.783587833275202,11.403897075447688,0.005595600010860528,-5.52748340083676e-06,0.0076982138028151926,0.0006368889474244876,0.9999701654780315
100,300000000,100.3,terrain_world,differential_drive_robot,8.78996887865277,11.403904949109977,0.0050641037278755935,-5.978943815469598e-06,0.008583014276131458,0.0006370711005594724,0.9999629622994047
100,320000000,100.32,terrain_world,differential_drive_robot,8.795880134421925,11.403912462480053,0.005074448534860546,-5.876247178300417e-06,0.008568187396254806,0.0006370525070022288,0.9999630894659641
100,340000000,100.34,terrain_world,differential_drive_robot,8.801785156181683,11.403919987206411,0.00508304792927212,-5.792236726971129e-06,0.008555828678512054,0.0006370532326137789,0.9999631952853328
100,360000000,100.36,terrain_world,differential_drive_robot,8.807690154883486,11.403927511758537,0.0050900817381780965,-5.723524311279746e-06,0.008545720790679912,0.0006370538243445117,0.9999632817188009
100,380000000,100.38,terrain_world,differential_drive_robot,8.81359513478936,11.403935036168795,0.005095835018369934,-5.6673242751604145e-06,0.00853745386673325,0.0006370543070657441,0.9999633523340566
100,400000000,100.4,terrain_world,differential_drive_robot,8.819500099370133,11.403942560463442,0.005100540926954382,-5.621358209704836e-06,0.008530692674147708,0.0006370547009582656,0.9999634100366911
100,420000000,100.42,terrain_world,differential_drive_robot,8.825405051454423,11.403950084663833,0.005104390169433827,-5.583762587336837e-06,0.008525163023554399,0.0006370550224200844,0.9999634571948826
100,440000000,100.44,terrain_world,differential_drive_robot,8.831313001281137,11.403957655639024,0.005080494206148721,1.0546119379247766e-05,0.008475951780566832,0.0006369976999935666,0.9999638755295728
100,460000000,100.46,terrain_world,differential_drive_robot,8.837217170855924,11.403964725848693,0.004948936522799613,3.550380033982354e-05,0.008250544983293537,0.0006360442371669407,0.9999657607611808
100,480000000,100.48,terrain_world,differential_drive_robot,8.843108991855411,11.403971167969312,0.004705322999799111,6.018404997382962e-05,0.007841232716116218,0.0006340940913310677,0.9999690542072065
100,500000000,100.5,terrain_world,differential_drive_robot,8.848979991798098,11.403976985304926,0.004353370045633995,8.462816380813512e-05,0.007253682613895035,0.0006311858557458662,0.9999734889140943
100,520000000,100.52,terrain_world,differential_drive_robot,8.854820121483282,11.403983931584614,0.0038988152687547428,0.00011428971080568592,0.00649687786066582,0.0006299819340476207,0.9999786900922881
100,540000000,100.54,terrain_world,differential_drive_robot,8.860624159750303,11.40398677802571,0.0033428562688379783,0.00013296317231678627,0.005572242087823321,0.0006226636764487908,0.9999842722407466
100,560000000,100.56,terrain_world,differential_drive_robot,8.86638589964857,11.403990681548347,0.0026881097631642936,0.0001565697766145839,0.0044835241440743905,0.0006170027750815908,0.9999897463497964
100,580000000,100.58,terrain_world,differential_drive_robot,8.872096805103153,11.403993936863168,0.0019397304537918875,0.0001798192426539396,0.003238635796130042,0.0006104677611925059,0.9999945531013319
100,600000000,100.6,terrain_world,differential_drive_robot,8.877750198697989,11.403996539313011,0.0011013527346633912,0.00020269144608549714,0.001842944715662882,0.0006030787816974087,0.9999980993816617
100,620000000,100.62,terrain_world,differential_drive_robot,8.883418939834257,11.40399880537754,0.0007016746690112607,0.00022551217768375514,-0.0004749917320960858,0.0005952420983127996,0.9999996846069286
100,640000000,100.64,terrain_world,differential_drive_robot,8.889139930304474,11.404005011261242,0.001120046417573959,-4.6643426418387885e-05,-0.0019143407731059595,0.0006185724797739292,0.9999979752438914
100,660000000,100.66,terrain_world,differential_drive_robot,8.895042263824418,11.40401233407002,0.0016712726847637222,-3.7359354888809636e-05,-0.0028219293054224715,0.0006185882076713993,0.9999958263252418
100,680000000,100.68,terrain_world,differential_drive_robot,8.900944374202155,11.404019637603977,0.0021152352233707486,-2.977287207398525e-05,-0.0035521988649564245,0.0006185879641907805,0.9999934991517347
100,700000000,100.7,terrain_world,differential_drive_robot,8.9068467394834,11.40402692973494,0.0024507696324033404,-2.3595992323144984e-05,-0.004103307197730045,0.0006185780689847715,0.9999913898001536
100,720000000,100.72,terrain_world,differential_drive_robot,8.912749757161558,11.40403421587701,0.0026734003224088984,-1.8596791150204088e-05,-0.004467879747568605,0.0006185628328384939,0.9999898274906313
100,740000000,100.74,terrain_world,differential_drive_robot,8.918653647214292,11.404041499942066,0.002786314283586945,-1.457857081579877e-05,-0.004651207955860067,0.0006185453749138043,0.9999889916662261
100,760000000,100.76,terrain_world,differential_drive_robot,8.924558418504274,11.404048784572886,0.002801591807523821,-1.1370774084203649e-05,-0.0046732700732771,0.0006185279002163376,0.9999888888586534
100,780000000,100.78,terrain_world,differential_drive_robot,8.930463320949599,11.40405607204077,0.0028024906079936063,-8.758664510331177e-06,-0.00467207579209361,0.0006185126883594213,0.9999888944749001
100,800000000,100.8,terrain_world,differential_drive_robot,8.936368222179098,11.404063362098992,0.002803225763211821,-6.621902515858877e-06,-0.004671098953753147,0.0006184996163237192,0.9999888990628543
100,820000000,100.82,terrain_world,differential_drive_robot,8.942273122416564,11.40407065426039,0.002803827071623325,-4.873961083453613e-06,-0.0046702999617183475,0.0006184882826371547,0.9999889028118044
100,840000000,100.84,terrain_world,differential_drive_robot,8.948178021845125,11.404077948127897,0.0028043189061922233,-3.444070946041709e-06,-0.004669646429378953,0.00061847836090843,0.9999889058759003
100,860000000,100.86,terrain_world,differential_drive_robot,8.954082920614745,11.404085243378034,0.002804721202387031,-2.2743515800975645e-06,-0.004669111866873932,0.0006184695861507459,0.9999889083807745
100,880000000,100.88,terrain_world,differential_drive_robot,8.959987818848411,11.404092539747547,0.00280505026633604,-1.3174647925854167e-06,-0.004668674606983697,0.0006184617437009802,0.9999889104288857
100,900000000,100.9,terrain_world,differential_drive_robot,8.965335088791923,11.404074933529634,0.0036060448568092465,-0.0002365362977320148,-0.0033257213091768237,0.0005901387807620131,0.9999942676658566
100,920000000,100.92,terrain_world,differential_drive_robot,8.970812173560306,11.404094336402757,0.004750338300512628,-0.000217215847146009,-0.0014145142945516944,0.0006137580064341172,0.9999987876331129
100,940000000,100.94,terrain_world,differential_drive_robot,8.976394515544518,11.404106452942864,0.0057545456619710125,-0.00019174455131510786,0.0002597182701462718,0.0006221386401085423,0.9999997543619497
100,960000000,100.96,terrain_world,differential_drive_robot,8.9820576803042,11.40411807899161,0.00660664145125732,-0.00016601429775947902,0.0017185498209660527,0.0006294330641044393,0.9999983114184662
100,980000000,100.98,terrain_world,differential_drive_robot,8.98778732681041,11.404129182534739,0.007223671906858626,-0.000140052514232144,0.003126486441582062,0.0006356448611661338,0.9999949006987157
101,0,101.0,terrain_world,differential_drive_robot,8.99357284541578,11.404141150907305,0.007578936024378968,-0.0001088369211315415,0.004526995506661685,0.0006432767241524186,0.9999895402759288
101,20000000,101.02,terrain_world,differential_drive_robot,8.999403100316353,11.404151189688106,0.0076661878799000865,-8.25233900871219e-05,0.00593076422230511,0.0006473298918181308,0.9999821999363993
101,40000000,101.04,terrain_world,differential_drive_robot,9.005264896609456,11.404160663808165,0.007488123809301585,-5.610462413420516e-05,0.00733775166997219,0.0006502955035788738,0.999972865316084
101,60000000,101.06,terrain_world,differential_drive_robot,9.011146880164294,11.404169557577452,0.007035277267893707,-2.962276252261864e-05,0.008762119275211842,0.0006521678412132733,0.9999613987876761
101,80000000,101.08,terrain_world,differential_drive_robot,9.01703777885297,11.404177849042986,0.006308828102626015,-3.7588975785245984e-06,0.010200643556170213,0.0006529362993779527,0.9999477589009835
101,100000000,101.1,terrain_world,differential_drive_robot,9.0231354906439,11.404181341243383,0.006223049303335368,-8.063695701674187e-06,0.010343694948734616,0.0006458848573022799,0.9999462939290967
101,120000000,101.12,terrain_world,differential_drive_robot,9.029040410263656,11.404188972733204,0.006224690128678467,-7.810750230088733e-06,0.010341917933028332,0.000645887475968069,0.9999463123097295
101,140000000,101.14,terrain_world,differential_drive_robot,9.034945325883385,11.404196603650464,0.006226032116089724,-7.603864599162826e-06,0.010340464406555028,0.0006458896171853508,0.9999463273419431
101,160000000,101.16,terrain_world,differential_drive_robot,9.04085023822784,11.404204234099694,0.006227129672080221,-7.434651619432042e-06,0.010339275448745746,0.0006458913681277778,0.9999463396364134
101,180000000,101.18,terrain_world,differential_drive_robot,9.046755147888767,11.404211864166294,0.006228027296371499,-7.29625134960962e-06,0.010338302868234216,0.0006458928000215486,0.9999463496923524
101,200000000,101.2,terrain_world,differential_drive_robot,9.052660055349236,11.404219493920056,0.0062287613858154995,-7.183052995572588e-06,0.010337507249164797,0.0006458939710736767,0.9999463579178912
101,220000000,101.22,terrain_world,differential_drive_robot,9.058564961003505,11.404227123418034,0.006229361709850248,-7.090467449512659e-06,0.010336856353254618,0.0006458949288589977,0.9999463646467236
101,240000000,101.24,terrain_world,differential_drive_robot,9.064469865173262,11.404234752706845,0.006229852617296638,-7.01474124790414e-06,0.010336323812829302,0.0006458957122670768,0.999946370151699
101,260000000,101.26,terrain_world,differential_drive_robot,9.070374768120855,11.404242381824616,0.006230254023413332,-6.952804406707556e-06,0.010335888061847626,0.0006458963530910449,0.9999463746559275
101,280000000,101.28,terrain_world,differential_drive_robot,9.076279670060156,11.404250010802514,0.0062305822172208074,-6.9021459644193845e-06,0.010335531461579185,0.0006458968773246545,0.9999463783418544
101,300000000,101.3,terrain_world,differential_drive_robot,9.082187456870528,11.404257695320437,0.006182491661815422,1.5524609988369527e-05,0.010255464763823264,0.0006457580066534229,0.9999472027052535
101,320000000,101.32,terrain_world,differential_drive_robot,9.08808986361212,11.404264771157697,0.006020893524842593,4.078392158468642e-05,0.00998820889649884,0.0006445969922612783,0.9999499080026105
101,340000000,101.34,terrain_world,differential_drive_robot,9.093978270905016,11.404271204974725,0.005748271436713236,6.575188549694618e-05,0.00953769514283004,0.0006424235675118765,0.9999543066260637
101,360000000,101.36,terrain_world,differential_drive_robot,9.099844262211125,11.404277003716626,0.005368308096195809,9.047804314763535e-05,0.008909750070518415,0.000639282465819121,0.9999600989466197
101,380000000,101.38,terrain_world,differential_drive_robot,9.105679863647165,11.4042821612356,0.004884669314219693,0.00011495070744060917,0.008110095770220812,0.0006351959475188515,0.9999669042818572
101,400000000,101.4,terrain_world,differential_drive_robot,9.111598002049414,11.40428758767489,0.005031637130937562,0.00014005185577350076,0.005984197901385528,0.0006310136971864962,0.9999818856272691
101,420000000,101.42,terrain_world,differential_drive_robot,9.117370706413165,11.404291528168212,0.005391566255402864,0.00016309703522955033,0.0033439906222092583,0.0006254783678011531,0.9999941999346231
101,440000000,101.44,terrain_world,differential_drive_robot,9.123089808005773,11.404294802186241,0.005558386731107497,0.00018598694755288234,0.000743870037551462,0.0006190763146276665,0.9999995144052517
101,460000000,101.46,terrain_world,differential_drive_robot,9.12874966864395,11.404297403944494,0.005538407180419222,0.00020867897534326919,-0.0018245290546828924,0.0006118148008990779,0.9999981266129768
101,480000000,101.48,terrain_world,differential_drive_robot,9.134347153964997,11.404299099271359,0.005335333381713442,0.0002313842356887537,-0.004373592173771842,0.0006038979482683729,0.9999902266822916
101,500000000,101.5,terrain_world,differential_drive_robot,9.139874866501367,11.404300388851423,0.0049576881006743465,0.00025346877985057075,-0.00690627456892389,0.0005950016870232063,0.9999759422596869
101,520000000,101.52,terrain_world,differential_drive_robot,9.145448474331907,11.404345621338795,0.005076683143962702,-9.683363564409129e-06,-0.008445578630166681,0.0006732152147497496,0.9999641088004653
101,540000000,101.54,terrain_world,differential_drive_robot,9.151345158920895,11.404353543247398,0.005546504229817207,-6.363458227429777e-06,-0.009218279950725354,0.0006731972364706932,0.9999572841275458
101,560000000,101.56,terrain_world,differential_drive_robot,9.157243240391765,11.404361465625088,0.005908382341211575,-3.6733911718728663e-06,-0.009812883800434245,0.0006731788400278099,0.9999516258941102
101,580000000,101.58,terrain_world,differential_drive_robot,9.163143139938885,11.40436939045099,0.0061604934424475625,-1.5221881616349128e-06,-0.010226570767999215,0.0006731614260437069,0.9999474806717124
101,600000000,101.6,terrain_world,differential_drive_robot,9.16904517857631,11.40437731902996,0.006300502539525021,1.635991609903644e-07,-0.010455609926424836,0.0006731458909211845,0.9999451120414806
101,620000000,101.62,terrain_world,differential_drive_robot,9.17494948463543,11.404385252046715,0.006329713763970807,1.4475729011930536e-06,-0.010502196885796533,0.0006731326985957068,0.9999446238421639
101,640000000,101.64,terrain_world,differential_drive_robot,9.180854384348283,11.404393188239146,0.006330326722370661,2.471801123177862e-06,-0.010501898763756415,0.0006731217160725773,0.9999446269786149
101,660000000,101.66,terrain_world,differential_drive_robot,9.186759283291245,11.404401126804695,0.006330827866588284,3.309436830028957e-06,-0.0105016552633715,0.0006731127133435824,0.9999446295395821
101,680000000,101.68,terrain_world,differential_drive_robot,9.192664181589016,11.404409067313429,0.006331237554128274,3.994456625448972e-06,-0.010501456443315736,0.0006731053340081079,0.9999446316300832
101,700000000,101.7,terrain_world,differential_drive_robot,9.198569079343413,11.404417009413852,0.006331572435667688,4.5546509970933056e-06,-0.010501294172382944,0.0006730992867018178,0.9999446333359215
101,720000000,101.72,terrain_world,differential_drive_robot,9.204473976637525,11.40442495281856,0.006331846129944107,5.012751067209842e-06,-0.010501161800011634,0.0006730943331935882,0.9999446347272137
101,740000000,101.74,terrain_world,differential_drive_robot,9.210378873539126,11.404432897292555,0.0063320697757204975,5.387350279058812e-06,-0.010501053886867454,0.0006730902786305621,0.9999446358612653
101,760000000,101.76,terrain_world,differential_drive_robot,9.216078483403523,11.404398894757792,0.006587876118632242,-0.00021187312949222904,-0.010072133729285292,0.0006061104582957147,0.9999490686340123
101,780000000,101.78,terrain_world,differential_drive_robot,9.221454062728219,11.404444353283186,0.007721475474691667,-0.00021635105945609653,-0.008149346242552542,0.0006820566052902205,0.9999665375135436
101,800000000,101.8,terrain_world,differential_drive_robot,9.227035953679799,11.404455643187916,0.008742699123277927,-0.00019694493937379463,-0.006437359723239248,0.0006877516539635505,0.999979024085079
101,820000000,101.82,terrain_world,differential_drive_robot,9.232698203029289,11.404466659345202,0.009623924850237046,-0.00017585316130556514,-0.004956354699747589,0.0006927778761996124,0.9999874617626814
101,840000000,101.84,terrain_world,differential_drive_robot,9.238428002924463,11.404477206643042,0.010288531976603024,-0.00015364710163644622,-0.0035544035393803904,0.0006970032814964266,0.9999934283756433
101,860000000,101.86,terrain_world,differential_drive_robot,9.244215502464327,11.40448860685719,0.010692640564947124,-0.0001255905052874295,-0.0021562466000602095,0.000702496990253418,0.9999974206594752
101,880000000,101.88,terrain_world,differential_drive_robot,9.250049366155386,11.40449855384473,0.010831216373163042,-9.689174809922384e-05,-0.0007500724562285699,0.0007052785264802772,0.9999994652926069
101,900000000,101.9,terrain_world,differential_drive_robot,9.255916014710719,11.404508732588662,0.010704210821804571,-6.848709472331484e-05,0.0006593288695155788,0.0007084366526259954,0.9999995293561237
101,920000000,101.92,terrain_world,differential_drive_robot,9.261807080152671,11.404517495964436,0.01030219583566939,-3.948917067898744e-05,0.002087352884244023,0.0007090720403211222,0.9999975693047377
101,940000000,101.94,terrain_world,differential_drive_robot,9.267707928227574,11.404526398411694,0.009626223034846634,-1.0800197208259434e-05,0.003529720984253036,0.0007099011568961166,0.9999935184757331
101,960000000,101.96,terrain_world,differential_drive_robot,9.27360486809502,11.404534819382198,0.008708213232678874,-4.823812133372547e-06,0.005080958315174657,0.0007099534707576437,0.9999868398161046
101,980000000,101.98,terrain_world,differential_drive_robot,9.279496823536666,11.404543185302659,0.007623086789859844,-5.894348881990493e-06,0.006900730540247049,0.0007099459377019287,0.999975937640518
102,0,102.0,terrain_world,differential_drive_robot,9.285381607137365,11.404551541397705,0.006356977455137987,-7.223680495352363e-06,0.009028218306659935,0.0007099344900008703,0.9999589927667263
102,20000000,102.02,terrain_world,differential_drive_robot,9.291801295470302,11.40456032555578,0.005870625162382735,-7.654250150552668e-06,0.009840312304253475,0.0007101358193654888,0.9999513307667954
102,40000000,102.04,terrain_world,differential_drive_robot,9.297709515394512,11.40456870630424,0.0058766606479954435,-7.526713985215467e-06,0.009831543537522398,0.0007101240750064173,0.9999514170292557
102,60000000,102.06,terrain_world,differential_drive_robot,9.303614494355157,11.404577094479917,0.005881597362383101,-7.422509366535905e-06,0.009824371754616161,0.0007101250992584153,0.9999514875167079
102,80000000,102.08,terrain_world,differential_drive_robot,9.309519458039455,11.404585482420249,0.0058856353719362285,-7.3372800694593795e-06,0.009818506257411257,0.0007101259356511046,0.9999515451271591
102,100000000,102.1,terrain_world,differential_drive_robot,9.315424409260812,11.404593870168549,0.0058889383120360895,-7.267570826739078e-06,0.009813709171884701,0.0007101266187589847,0.999951592218172
102,120000000,102.12,terrain_world,differential_drive_robot,9.321329350314935,11.404602257760109,0.005891640023412242,-7.210555549688785e-06,0.009809785938822096,0.0007101271767416972,0.9999516307138238
102,140000000,102.14,terrain_world,differential_drive_robot,9.327234286717646,11.404610653327152,0.005893632753867982,-6.449371336305041e-06,0.009806219363798238,0.0007101341856063673,0.9999516656967141
102,160000000,102.16,terrain_world,differential_drive_robot,9.333141781041247,11.404619031330471,0.0058325069699190065,2.1311919183088405e-05,0.00969972421442282,0.0007098505103938081,0.999952704385672
102,180000000,102.18,terrain_world,differential_drive_robot,9.33904268332184,11.404626701671603,0.005657165614310165,4.9030243349206166e-05,0.009405647047799328,0.0007084139358335756,0.9999555137851598
102,200000000,102.2,terrain_world,differential_drive_robot,9.34492830427843,11.404633673362696,0.005371170815509327,7.645851147280369e-05,0.008929528223126459,0.0007058810006888564,0.9999598789010593
102,220000000,102.22,terrain_world,differential_drive_robot,9.350790306844077,11.404639947072543,0.0049782159418551184,0.00010362217224621445,0.008277070694906363,0.0007022892256841315,0.9999654924811158
102,240000000,102.24,terrain_world,differential_drive_robot,9.356620777729718,11.404645517413769,0.0044819667936074475,0.00013046483265980366,0.007453880514132739,0.0006976654481014831,0.9999719675606566
102,260000000,102.26,terrain_world,differential_drive_robot,9.362449302531362,11.404650626545342,0.004004138069342643,0.00015727294831094103,0.006302853436104786,0.000692214614747798,0.9999798848690457
102,280000000,102.28,terrain_world,differential_drive_robot,9.368277453992295,11.404655284817798,0.004309227707159925,0.0001833752599784788,0.0036251505016213674,0.0006862482741928371,0.9999931768370526
102,300000000,102.3,terrain_world,differential_drive_robot,9.373987532690027,11.404658760374485,0.004434206312299556,0.000208546344642292,0.0010356371787891487,0.0006790343807783425,0.999999211437872
102,320000000,102.32,terrain_world,differential_drive_robot,9.379639593240046,11.404661248293689,0.004370917967167947,0.0002331061668372866,-0.0015300186120862944,0.0006709702734124293,0.9999985772507148
102,340000000,102.34,terrain_world,differential_drive_robot,9.385224631561826,11.404664604437212,0.004127980750793035,0.00026292932710000503,-0.004065312030364282,0.0006636728101798589,0.9999914817860529
102,360000000,102.36,terrain_world,differential_drive_robot,9.39073439733992,11.404601952461553,0.003826814974923505,-4.1786791039429384e-05,-0.006429409488242691,0.0005819446149391464,0.9999791609268474
102,380000000,102.38,terrain_world,differential_drive_robot,9.396604349246493,11.404632571898505,0.004366316365576782,-3.2704196011640056e-05,-0.0073095038423476085,0.0006206662413687551,0.9999730920666972
102,400000000,102.4,terrain_world,differential_drive_robot,9.402502537764382,11.404639857367357,0.004812335067799864,-2.547201442088117e-05,-0.008036637297428623,0.0006206348313965329,0.9999675127845564
102,420000000,102.42,terrain_world,differential_drive_robot,9.40840199828052,11.404647139986219,0.0051464560975769584,-1.9588518040670903e-05,-0.008580275042776017,0.0006206005032221561,0.9999629959910995
102,440000000,102.44,terrain_world,differential_drive_robot,9.414303072556871,11.40465442394919,0.005369960370770771,-1.4827564733567002e-05,-0.008942473415522548,0.0006205665567956335,0.9999598226161412
102,460000000,102.46,terrain_world,differential_drive_robot,9.420206046056036,11.404661711836317,0.005480431509129162,-1.1007770051863996e-05,-0.009119145429453388,0.0006205349790362906,0.9999582271284162
102,480000000,102.48,terrain_world,differential_drive_robot,9.4261107861033,11.404669005329898,0.00549195613160178,-7.964349014556138e-06,-0.0091334203170134,0.0006205072799921311,0.9999580968923635
102,500000000,102.5,terrain_world,differential_drive_robot,9.432015700158507,11.40467630489775,0.00549342164044722,-5.483271924772549e-06,-0.009131946328016857,0.0006204845983455638,0.9999581103851597
102,520000000,102.52,terrain_world,differential_drive_robot,9.437920611296954,11.404683609450665,0.0054946203479380295,-3.453982186785673e-06,-0.00913074065172824,0.0006204660521066276,0.9999581214156417
102,540000000,102.54,terrain_world,differential_drive_robot,9.443825520054299,11.404690918078442,0.005495600826728167,-1.7942124506342773e-06,-0.009129754444974467,0.00062045088650149,0.9999581304340961
102,560000000,102.56,terrain_world,differential_drive_robot,9.449730426867706,11.404698230037445,0.005496402804916974,-4.36675677033007e-07,-0.009128947758979043,0.0006204384847771805,0.9999581378081334
102,580000000,102.58,terrain_world,differential_drive_robot,9.455635332093838,11.40470554471999,0.005497058776509454,6.736626720363321e-07,-0.009128287919639601,0.0006204283428764121,0.9999581438379677
102,600000000,102.6,terrain_world,differential_drive_robot,9.46154023602357,11.40471286162941,0.005497595318651559,1.5818157279114708e-06,-0.009127748202775291,0.0006204200487876307,0.999958148768841
102,620000000,102.62,terrain_world,differential_drive_robot,9.467445138894,11.404720180359721,0.005498034169025241,2.324600043461569e-06,-0.009127306750622233,0.0006204132656979268,0.999958152801134
102,640000000,102.64,terrain_world,differential_drive_robot,9.47335004089825,11.40472750057904,0.005498393107070089,2.9321281329782276e-06,-0.009126945685641128,0.0006204077182422526,0.9999581560986025
102,660000000,102.66,terrain_world,differential_drive_robot,9.4792549421935,11.404734822016005,0.005498686674749234,3.4290292308417386e-06,-0.009126650385703157,0.0006204031812755677,0.9999581587950925
102,680000000,102.68,terrain_world,differential_drive_robot,9.485023365052301,11.404730129110309,0.005889492777786434,-0.00018899857079104397,-0.008427177683313726,0.0006027689070320336,0.9999642911751793
102,700000000,102.7,terrain_world,differential_drive_robot,9.490768846704619,11.404741816401344,0.00650244996783924,-0.0001540242468565855,-0.00701699157167908,0.0006107626744652027,0.999975182229424
102,720000000,102.72,terrain_world,differential_drive_robot,9.496570237694028,11.404753880898362,0.006852583836198363,-0.00011607229364272736,-0.005611352492546999,0.0006193345350592075,0.999984057710502
102,740000000,102.74,terrain_world,differential_drive_robot,9.502415177899584,11.404766812389385,0.006930738087751433,-7.525161582080615e-05,-0.0042009148225325005,0.0006263781599593266,0.9999909771104182
102,760000000,102.76,terrain_world,differential_drive_robot,9.508294168613102,11.404774322997106,0.006743064220655224,-5.1128050584434776e-05,-0.002786242968169116,0.0006266185826317453,0.9999959207842783
102,780000000,102.78,terrain_world,differential_drive_robot,9.5141934154986,11.404782520960753,0.006280674928710486,-2.649922042080352e-05,-0.0013570986236491592,0.0006280331309771418,0.9999988815771264
102,800000000,102.8,terrain_world,differential_drive_robot,9.520101756143884,11.404790186518504,0.005537668653561812,-1.2059555163487444e-06,9.932309560829134e-05,0.0006284774102738569,0.9999997975747861
102,820000000,102.82,terrain_world,differential_drive_robot,9.526005002925698,11.404797606613833,0.004577675211841541,-1.474953651027087e-06,0.0017022501109691258,0.0006284771009462669,0.9999983536781037
102,840000000,102.84,terrain_world,differential_drive_robot,9.531903999787907,11.404805021361597,0.003444451542135229,-2.5917577881048513e-06,0.0035964872495416107,0.0006284743842765329,0.9999933351241372
102,860000000,102.86,terrain_world,differential_drive_robot,9.538218847894475,11.404812780041812,0.0027447416854913505,-3.260696021479859e-06,0.004755411210921795,0.0006286427327816765,0.9999884953647704
102,880000000,102.88,terrain_world,differential_drive_robot,9.54416778663044,11.404820202663355,0.0027554610070167273,-3.2017914665837384e-06,0.0047401665607006965,0.000628639671138425,0.9999885677460963
102,900000000,102.9,terrain_world,differential_drive_robot,9.550072760128737,11.404827627194786,0.0027647641345129037,-3.1530707800158855e-06,0.004726800138204021,0.0006286399016022078,0.999988631016566
102,920000000,102.92,terrain_world,differential_drive_robot,9.555977719640248,11.40483505166586,0.002772373173508917,-3.1132219256452235e-06,0.004715867428749015,0.0006286400893923015,0.9999886826341288
102,940000000,102.94,terrain_world,differential_drive_robot,9.561882667753933,11.404842476087952,0.0027785965712439705,-3.080629390031303e-06,0.004706925256250073,0.0006286402425843994,0.9999887247647281
102,960000000,102.96,terrain_world,differential_drive_robot,9.567787606569231,11.404849900470229,0.002783686617891754,-3.0539718329402652e-06,0.004699611144504564,0.0006286403676859305,0.9999887591653478
102,980000000,102.98,terrain_world,differential_drive_robot,9.573692537791006,11.404857324820108,0.0027878496694651003,-3.0321685206449594e-06,0.004693628622250091,0.0006286404699539077,0.9999887872632982
103,0,103.0,terrain_world,differential_drive_robot,9.579597469072214,11.404864763728556,0.002789755218242101,6.575551195726687e-07,0.004686250279480348,0.0006286476681393494,0.9999888218675221
103,20000000,103.02,terrain_world,differential_drive_robot,9.585503819458724,11.404871952741306,0.002714746278273079,2.5442585738160535e-05,0.00455319918229155,0.0006281456249246445,0.9999894365256841
103,40000000,103.04,terrain_world,differential_drive_robot,9.591400833717824,11.404878873269835,0.002526675800599197,5.097106250236715e-05,0.004234073587805114,0.0006272040217088669,0.9999908382769909
103,60000000,103.06,terrain_world,differential_drive_robot,9.597280996926264,11.404884936165388,0.0022283502894029574,7.544788316565622e-05,0.0037330722260758165,0.0006249043837852099,0.9999928339612655
103,80000000,103.08,terrain_world,differential_drive_robot,9.603135334886979,11.404890389234904,0.0018240217316210605,9.970032960458627e-05,0.003056757567399658,0.0006216802926713691,0.9999951298914571
103,100000000,103.1,terrain_world,differential_drive_robot,9.608956043759324,11.404895221200485,0.0013173603730942702,0.00012373846548586144,0.002210689689381682,0.0006175435535007621,0.9999973580864346
103,120000000,103.12,terrain_world,differential_drive_robot,9.614735662575427,11.404899427527244,0.0007120126648054602,0.00014749099517009974,0.001200353158822947,0.0006125163127718449,0.9999990811108113
103,140000000,103.14,terrain_world,differential_drive_robot,9.620465046309452,11.40489639135831,3.796752235626402e-05,0.00011994628198773941,5.97445589670465e-05,0.0005977236108519346,0.9999998123849634
103,160000000,103.16,terrain_world,differential_drive_robot,9.626401499609464,11.404917767049948,0.0006635198511398417,-3.446047819123761e-05,-0.001146780348648831,0.0006320307202319517,0.9999991421218701
103,180000000,103.18,terrain_world,differential_drive_robot,9.632303574285439,11.404925263797479,0.001462188965803178,-2.7218537740742674e-05,-0.0024679778465944717,0.0006320591005162636,0.9999967544176298
103,200000000,103.2,terrain_world,differential_drive_robot,9.638204333046135,11.404932738748213,0.0021532409918200088,-2.125642092602014e-05,-0.0036101026448108193,0.0006320700800680933,0.999993283574681
103,220000000,103.22,terrain_world,differential_drive_robot,9.644104510266972,11.404940199867355,0.002736918324901734,-1.6361222586018896e-05,-0.004573921295433923,0.0006320699306966225,0.9999893396751269
103,240000000,103.24,terrain_world,differential_drive_robot,9.650004729814292,11.404947652901777,0.0032128550759195976,-1.235938049254448e-05,-0.005359135862237891,0.0006320631184196688,0.9999854398971367
103,260000000,103.26,terrain_world,differential_drive_robot,9.655905509832817,11.404955101951058,0.0035800988276290637,-9.109616426113028e-06,-0.005964417785707271,0.0006320527840833755,0.9999820129116176
103,280000000,103.28,terrain_world,differential_drive_robot,9.66180726429024,11.40496254988769,0.0038371170041340288,-6.4971745059561015e-06,-0.006387414563537451,0.0006320410971874594,0.9999794004963461
103,300000000,103.3,terrain_world,differential_drive_robot,9.667710366384995,11.404969998593437,0.003976814991904975,-4.4343306371313495e-06,-0.006616495002461758,0.0006320293675222681,0.9999779110125872
103,320000000,103.32,terrain_world,differential_drive_robot,9.673614827289784,11.404977449566884,0.004010767959141397,-2.831173210757763e-06,-0.006670864840898505,0.0006320190220140511,0.9999775498011017
103,340000000,103.34,terrain_world,differential_drive_robot,9.679519729434565,11.404984902890456,0.0040112344012564445,-1.5485116778178226e-06,-0.006670125801263241,0.0006320104612024158,0.9999775547391924
103,360000000,103.36,terrain_world,differential_drive_robot,9.685424630179922,11.404992357907707,0.004011615700330056,-4.995073301298424e-07,-0.006669521685002001,0.0006320031526700348,0.999977558774325
103,380000000,103.38,terrain_world,differential_drive_robot,9.691329529817851,11.404999814555831,0.004011927405180801,3.583288779918376e-07,-0.0066690278477052785,0.0006319972849408237,0.9999775620717046
103,400000000,103.4,terrain_world,differential_drive_robot,9.697234428487404,11.405007272616848,0.004012182289035907,1.0600799290195503e-06,-0.006668624038982125,0.0006319927231557491,0.9999775647670806
103,420000000,103.42,terrain_world,differential_drive_robot,9.703139326542251,11.405014731692354,0.00401239071871589,1.6342203323621352e-06,-0.0066682938312212095,0.0006319889933891329,0.9999775669706906
103,440000000,103.44,terrain_world,differential_drive_robot,9.70904422408998,11.405022191595146,0.004012561153447715,2.1039859430686986e-06,-0.006668023821620828,0.0006319859401817492,0.9999775687722495
103,460000000,103.46,terrain_world,differential_drive_robot,9.714488734838179,11.405003229727125,0.004634283716037465,-0.00023001738938667737,-0.005625018229315483,0.0005995054262344314,0.9999839732991547
103,480000000,103.48,terrain_world,differential_drive_robot,9.7199245674954,11.405033514385828,0.0057985516982425505,-0.0002207605927613519,-0.0036754597992268443,0.0006451703951232997,0.9999930129831839
103,500000000,103.5,terrain_world,differential_drive_robot,9.725494341256036,11.405044622712417,0.00682802115168573,-0.00020078057233931075,-0.0019548291319986767,0.0006511967122240827,0.9999978571342383
103,520000000,103.52,terrain_world,differential_drive_robot,9.731145987096138,11.405055391416585,0.007715724885869112,-0.00017947474276868355,-0.0004627387077914531,0.0006565037993242385,0.9999996613321759
103,540000000,103.54,terrain_world,differential_drive_robot,9.73686588611553,11.40506840172931,0.008392576038901015,-0.000147245267834491,0.0009402843816992823,0.0006656051035374204,0.999999325576752
103,560000000,103.56,terrain_world,differential_drive_robot,9.742644085228498,11.405079541842658,0.008809887674842474,-0.00011978047155006769,0.002337355603197922,0.0006713253012122022,0.9999970358674883
103,580000000,103.58,terrain_world,differential_drive_robot,9.748467468097685,11.405088876650677,0.008962033877052104,-9.089253317627899e-05,0.0037422180296450237,0.0006723373240335813,0.9999927677264915
103,600000000,103.6,terrain_world,differential_drive_robot,9.754325337944234,11.405098793714183,0.008850316288538792,-6.396025371036163e-05,0.005148323045965281,0.0006756093475783223,0.9999865170245595
103,620000000,103.62,terrain_world,differential_drive_robot,9.76020629408876,11.405108150849616,0.008464619416176449,-3.64122355336628e-05,0.00657119946162294,0.0006778133111878036,0.9999781790523731
103,640000000,103.64,terrain_world,differential_drive_robot,9.766097750295316,11.405115897798952,0.007805406618951192,-8.443193359792027e-06,0.008007197612950904,0.0006766340025896781,0.9999677129195353
103,660000000,103.66,terrain_world,differential_drive_robot,9.771989123040543,11.405122051108812,0.0069031571530232694,-7.646289312910591e-06,0.009535432032635956,0.0006736022536589293,0.9999543098249485
103,680000000,103.68,terrain_world,differential_drive_robot,9.778163013063617,11.405132815778321,0.006286315020127632,-5.0968051342183925e-06,0.010576950751890577,0.0006781838387094893,0.9999438324993537
103,700000000,103.7,terrain_world,differential_drive_robot,9.784087795711105,11.405141291954035,0.0062948316952160365,-5.473642999187664e-06,0.010563048991284737,0.000678959331972612,0.9999439789209555
103,720000000,103.72,terrain_world,differential_drive_robot,9.789992834615006,11.405149306841391,0.006301797824435857,-5.775109472899284e-06,0.010551678764768964,0.0006789561331183614,0.9999440989677686
103,740000000,103.74,terrain_world,differential_drive_robot,9.79589784740303,11.40515732241247,0.006307495724851148,-6.0216814616441345e-06,0.010542379305691747,0.0006789535216642321,0.9999441970552305
103,760000000,103.76,terrain_world,differential_drive_robot,9.80180283888393,11.405165338540785,0.006312156306960748,-6.223354856500993e-06,0.010534773530878137,0.0006789513889398691,0.9999442772139527
103,780000000,103.78,terrain_world,differential_drive_robot,9.807707812977776,11.405173355123551,0.006315968440153605,-6.388305371589416e-06,0.010528553021243526,0.0006789496466318368,0.9999443427300571
103,800000000,103.8,terrain_world,differential_drive_robot,9.81361277288193,11.405181372077138,0.006319086605998412,-6.523219983548916e-06,0.010523465518441263,0.0006789482228885562,0.9999443962842336
103,820000000,103.82,terrain_world,differential_drive_robot,9.819517721205392,11.405189389333438,0.006321637158622696,-6.633568019020543e-06,0.010519304698322084,0.0006789470591968701,0.999944440064322
103,840000000,103.84,terrain_world,differential_drive_robot,9.82542266007778,11.40519740683696,0.006323723445589099,-6.723822879294782e-06,0.0105159018066015,0.0006789461078689621,0.999944475856618
103,860000000,103.86,terrain_world,differential_drive_robot,9.831330223359071,11.40520593696958,0.0062901639581853875,1.4431109869131757e-05,0.01045495682625163,0.000679575157991535,0.9999451144173409
103,880000000,103.88,terrain_world,differential_drive_robot,9.837234389210257,11.405213580143608,0.006144750783678949,4.113713342003257e-05,0.01021048121862907,0.000678666314521145,0.9999476405257697
103,900000000,103.9,terrain_world,differential_drive_robot,9.843125557923733,11.405220581150557,0.005887746231195858,6.765714801069434e-05,0.009782590184485754,0.0006767320729485373,0.9999519180368095
103,920000000,103.92,terrain_world,differential_drive_robot,9.848995374462225,11.405226928310231,0.005522793978157734,9.399611463306615e-05,0.009176924232807396,0.0006737873057648064,0.9999576597221616
103,940000000,103.94,terrain_world,differential_drive_robot,9.854835850224964,11.405232612576707,0.005053534779103254,0.00012007922305973927,0.008399065477824753,0.0006698512034229761,0.9999644956594432
103,960000000,103.96,terrain_world,differential_drive_robot,9.86063935318723,11.405237625472008,0.004483630694427983,0.0001458763888433623,0.007454581297745238,0.0006649424554577608,0.9999719825021526
103,980000000,103.98,terrain_world,differential_drive_robot,9.86639645218737,11.405240105974354,0.003818864663198084,0.0001657591962428284,0.006352502417628418,0.0006564326070578915,0.9999795934583642
104,0,104.0,terrain_world,differential_drive_robot,9.872104482377955,11.405243729333272,0.0030586746095110254,0.0001907286286257304,0.005091323498574484,0.0006496666083967572,0.9999868099034712
104,20000000,104.02,terrain_world,differential_drive_robot,9.877753074884735,11.40524852942134,0.002210294736613764,0.0002208302783891399,0.00368240533241405,0.0006445330248158036,0.9999929878264826
104,40000000,104.04,terrain_world,differential_drive_robot,9.883418191793371,11.405251502297837,0.0017512892822196908,0.0002425282539157215,0.001413616527325635,0.000637358924080843,0.9999987683202223
104,60000000,104.06,terrain_world,differential_drive_robot,9.888952630358164,11.405252800018232,0.0013410154601212261,0.00026557367993044546,-0.0011223563979268305,0.0006279156424739192,0.9999991377539695
104,80000000,104.08,terrain_world,differential_drive_robot,9.894594843354028,11.405225313992288,0.001506179078542993,-5.106949960997629e-05,-0.0025625216615952156,0.0006074554331282688,0.9999965309302512
104,100000000,104.1,terrain_world,differential_drive_robot,9.900497122858079,11.405232490873429,0.001960763865568839,-4.101761987745377e-05,-0.0033078908198243386,0.0006074589845692003,0.9999943435687328
104,120000000,104.12,terrain_world,differential_drive_robot,9.906399621512268,11.405239651111158,0.0023013088988077376,-3.282779097590981e-05,-0.0038652162876312906,0.000607448581525222,0.9999923449865038
104,140000000,104.14,terrain_world,differential_drive_robot,9.912302665425544,11.405246802705692,0.0025344633592056863,-2.6175075517584254e-05,-0.004245513229023071,0.0006074306932081616,0.9999908029378273
104,160000000,104.16,terrain_world,differential_drive_robot,9.918206543005779,11.405253950508822,0.0026552065853624337,-2.0804274641481696e-05,-0.004440378955692745,0.0006074092399808075,0.9999899567775304
104,180000000,104.18,terrain_world,differential_drive_robot,9.924111288734865,11.405261098200468,0.002674749956881134,-1.649125633472297e-05,-0.00446830193742639,0.0006073872432868825,0.9999898324915965
104,200000000,104.2,terrain_world,differential_drive_robot,9.930016194582942,11.405268249370632,0.0026758807686191616,-1.2978555743042057e-05,-0.004466492888743921,0.0006073680580053158,0.9999898406368307
104,220000000,104.22,terrain_world,differential_drive_robot,9.9359210986615,11.405275403937663,0.002676805676698489,-1.0105498981107681e-05,-0.004465013251664378,0.000607351719720144,0.9999898472876761
104,240000000,104.24,terrain_world,differential_drive_robot,9.941826001294542,11.405282561272609,0.0026775621726130476,-7.755640753352293e-06,-0.004463803042252178,0.0006073377084376905,0.9999898527200953
104,260000000,104.26,terrain_world,differential_drive_robot,9.947730902746802,11.405289720863093,0.002678180921616124,-5.833740414263577e-06,-0.004462813199367381,0.0006073256012097874,0.999989857158526
104,280000000,104.28,terrain_world,differential_drive_robot,9.953635803234697,11.405296882291742,0.002678687005641539,-4.261900921357425e-06,-0.004462003595417852,0.0006073150542128652,0.999989860785686
104,300000000,104.3,terrain_world,differential_drive_robot,9.95954070293528,11.405304045218717,0.0026791009399698066,-2.976410930723619e-06,-0.004461341409361997,0.0006073057882263449,0.9999898637504531
104,320000000,104.32,terrain_world,differential_drive_robot,9.965400503777731,11.405277536188873,0.002738434227815063,-0.00014157736965596606,-0.004373795483644409,0.0005509117114844623,0.999990273135295
104,340000000,104.34,terrain_world,differential_drive_robot,9.970745097377158,11.405307424849314,0.0038263466125833677,-0.00021591946352687814,-0.0025420347455219158,0.0006032668533597345,0.9999965637477168
104,360000000,104.36,terrain_world,differential_drive_robot,9.976322960193926,11.405319478501323,0.004839930520980326,-0.0001902076482630194,-0.0008499053586069681,0.0006117858527331684,0.9999994335998408
104,380000000,104.38,terrain_world,differential_drive_robot,9.981982386497686,11.405331005811888,0.005704225101736599,-0.00016444003004650268,0.0006210017883971806,0.0006191516487498899,0.9999996019836664
104,400000000,104.4,terrain_world,differential_drive_robot,9.98770939945017,11.405341945543897,0.006338034352839424,-0.00013888922747036902,0.0020308022509749994,0.0006253171923620192,0.9999977327626343
104,420000000,104.42,terrain_world,differential_drive_robot,9.993491642290053,11.405352356857595,0.006709165415815128,-0.00011310665153295505,0.0034396328878279927,0.0006304220960444639,0.9999938793315003
104,440000000,104.44,terrain_world,differential_drive_robot,9.9993210978525,11.405362142355957,0.0068152571351703635,-8.730760802209309e-05,0.004839398134689284,0.0006343141085058051,0.9999880850533607
104,460000000,104.46,terrain_world,differential_drive_robot,10.005182800487377,11.405371372156985,0.006653713869560521,-6.136386818345518e-05,0.006246830775323379,0.0006371459650081662,0.9999802834980095
104,480000000,104.48,terrain_world,differential_drive_robot,10.011065465142824,11.405380031706772,0.006217542422377524,-3.5329138726959065e-05,0.007671464362236255,0.0006389127922356126,0.9999703691494237
104,500000000,104.5,terrain_world,differential_drive_robot,10.016961491814685,11.40538920126161,0.005505679815342555,-3.908186560667524e-06,0.009108248343571972,0.00064140504658629,0.9999583133293127
104,520000000,104.52,terrain_world,differential_drive_robot,10.0230616065563,11.405389709726107,0.005469424031164234,-5.7405310984934385e-06,0.009170951733205092,0.0006296202020616763,0.999957747702249
104,540000000,104.54,terrain_world,differential_drive_robot,10.028966594983439,11.40539714577429,0.005474991404114753,-5.741411667540394e-06,0.009162660862253424,0.000629620196728122,0.9999578237062638
104,560000000,104.56,terrain_world,differential_drive_robot,10.034871566775504,11.405404581813672,0.00547954487474658,-5.742132017131125e-06,0.009155879449987534,0.0006296201926325492,0.9999578858216671
104,580000000,104.58,terrain_world,differential_drive_robot,10.040776524969747,11.405412017845842,0.0054832690500165385,-5.742721304558841e-06,0.009150332621735344,0.0006296201895461465,0.9999579365945098
104,600000000,104.6,terrain_world,differential_drive_robot,10.046681472043094,11.40541945387211,0.005486314924876081,-5.74320337786416e-06,0.009145795556173397,0.0006296201872861767,0.99995797810162
104,620000000,104.62,terrain_world,differential_drive_robot,10.052586410016414,11.405426889893539,0.005488806001672166,-5.743597742519055e-06,0.009142084370923592,0.0006296201857059654,0.9999580120378995
104,640000000,104.64,terrain_world,differential_drive_robot,10.058491340539057,11.405434325910996,0.005490843295619229,-5.743920352252538e-06,0.009139048667836772,0.0006296201846872778,0.999958039787109
104,660000000,104.66,terrain_world,differential_drive_robot,10.06439626495753,11.405441761925202,0.005492509429057702,-5.744184255699623e-06,0.009136565435739348,0.0006296201841344202,0.9999580624793555
104,680000000,104.68,terrain_world,differential_drive_robot,10.070301184371324,11.40544919793673,0.005493871980342424,-5.744400125453828e-06,0.009134534063454804,0.0006296201839696536,0.999958081037835
104,700000000,104.7,terrain_world,differential_drive_robot,10.076206099678357,11.405456633946063,0.00549498622303255,-5.744576690713806e-06,0.00913287226092384,0.0006296201841296258,0.9999580962168811
104,720000000,104.72,terrain_world,differential_drive_robot,10.082113904283954,11.405464109494986,0.005454984384523585,1.4344034881985152e-05,0.009063943563810021,0.000629504463456283,0.9999587233708456
104,740000000,104.74,terrain_world,differential_drive_robot,10.088016624528379,11.405471030294473,0.005302729322543039,3.9031505238791816e-05,0.008810075885736865,0.0006284389168647546,0.9999609922911779
104,760000000,104.76,terrain_world,differential_drive_robot,10.093905749049167,11.405477317651975,0.00503922342725644,6.34016285439849e-05,0.0083726931168353,0.0006263722057342025,0.9999647502027582
104,780000000,104.78,terrain_world,differential_drive_robot,10.099772842582185,11.405482982902345,0.0046681290244057864,8.752101588756293e-05,0.007757542660988062,0.0006233557568347419,0.9999697116910767
104,800000000,104.8,terrain_world,differential_drive_robot,10.10560989814449,11.405488022324237,0.0041931339477099035,0.00011138964613496858,0.0069703469851728405,0.0006194150214626162,0.9999755087902324
104,820000000,104.82,terrain_world,differential_drive_robot,10.111526633168406,11.405493370643692,0.004779570570594665,0.00013540707868036096,0.004223141359866321,0.0006155229378042734,0.9999908838951936
104,840000000,104.84,terrain_world,differential_drive_robot,10.117298487451563,11.405497222313551,0.005162701287083202,0.00015786417877404824,0.001581325900459097,0.0006101798270915032,0.9999985510828884
104,860000000,104.86,terrain_world,differential_drive_robot,10.123019592330458,11.405500435056066,0.005348818198288109,0.00018018455514051752,-0.0010265413008244979,0.0006040004715638844,0.9999992744646938
104,880000000,104.88,terrain_world,differential_drive_robot,10.128680578478535,11.405502997589672,0.005352493629786704,0.0002022584379159474,-0.0035951699800854243,0.0005969969166720241,0.9999933386973235
104,900000000,104.9,terrain_world,differential_drive_robot,10.134280081315383,11.40550491846624,0.005171854665359522,0.0002240948515205149,-0.006145743838605265,0.0005891829890872132,0.9999809160566882
104,920000000,104.92,terrain_world,differential_drive_robot,10.13980863221833,11.405500059366608,0.0050370110645199685,-2.703572992869469e-05,-0.008399977173248207,0.0005879632957330797,0.9999645463473799
104,940000000,104.94,terrain_world,differential_drive_robot,10.145663349810423,11.40554297827544,0.005593343424124042,-2.013448379347256e-05,-0.009311975515876373,0.000646428274347825,0.9999564334695189
104,960000000,104.96,terrain_world,differential_drive_robot,10.151559151540518,11.405550565352819,0.006068535630207881,-1.4868424513747463e-05,-0.010090580642431537,0.0006463962605354482,0.999948879759912
104,980000000,104.98,terrain_world,differential_drive_robot,10.157456593947495,11.405558153174804,0.006432350852702666,-1.0588384367681434e-05,-0.010685988385576843,0.0006463641608533329,0.9999426942347651
105,0,105.0,terrain_world,differential_drive_robot,10.163356040791923,11.405565743988523,0.0066862963377081995,-7.134625814994531e-06,-0.011100805277733373,0.0006463331708830047,0.9999381752512078
105,20000000,105.02,terrain_world,differential_drive_robot,10.169257818112822,11.405573340004901,0.006828013178022605,-4.3802764159289045e-06,-0.011331200925689058,0.0006463052680264456,0.9999355910036882
105,40000000,105.04,terrain_world,differential_drive_robot,10.175162060256406,11.405580942225887,0.006858498793350821,-2.2186124120414304e-06,-0.011378812587710322,0.0006462812096013515,0.999935050360657
105,60000000,105.06,terrain_world,differential_drive_robot,10.181066962989084,11.40558854996541,0.006859466892940013,-4.762049442848938e-07,-0.011378251387343644,0.000646261392353712,0.9999350567618641
105,80000000,105.08,terrain_world,differential_drive_robot,10.186971864194444,11.405596162092762,0.006860258827311588,9.490029557316335e-07,-0.011377792179588737,0.0006462452346353801,0.9999350619971851
105,100000000,105.1,terrain_world,differential_drive_robot,10.192876764312187,11.405603777742359,0.0068609067862035735,2.114714652137557e-06,-0.011377416203836286,0.0006462319649846573,0.9999350662819562
105,120000000,105.12,terrain_world,differential_drive_robot,10.198781663596014,11.40561139630795,0.006861436992840465,3.068157974615644e-06,-0.011377108292946846,0.0006462211118980803,0.9999350697899096
105,140000000,105.14,terrain_world,differential_drive_robot,10.204686562216525,11.40561901725825,0.006861870887214141,3.847985514586229e-06,-0.01137685605555644,0.0006462122351347575,0.9999350726628361
105,160000000,105.16,terrain_world,differential_drive_robot,10.210591460313076,11.405626640158825,0.006862226004920169,4.4858114945568554e-06,-0.011376649357355342,0.0006462049746866958,0.9999350750165773
105,180000000,105.18,terrain_world,differential_drive_robot,10.21649635799945,11.405634264654426,0.006862516688111023,5.007493406356409e-06,-0.011376479910068694,0.000646199036146597,0.9999350769457918
105,200000000,105.2,terrain_world,differential_drive_robot,10.222401255368474,11.405641890454532,0.006862754666994766,5.434180271853923e-06,-0.011376340935286543,0.0006461941787474782,0.9999350785278398
105,220000000,105.22,terrain_world,differential_drive_robot,10.228056607676466,11.40564288611046,0.007364296539640097,-0.00018171230058064986,-0.010521309466283582,0.0006424062881256829,0.9999444266267579
105,240000000,105.24,terrain_world,differential_drive_robot,10.233719669574233,11.405654381224801,0.008252714606189917,-0.00015763413370890034,-0.009024086858004803,0.0006493441763238115,0.9999590588419106
105,260000000,105.26,terrain_world,differential_drive_robot,10.239451238036471,11.405665402012277,0.00892686402804754,-0.00013291037919760696,-0.007614400528428841,0.0006552790419372774,0.9999707864976861
105,280000000,105.28,terrain_world,differential_drive_robot,10.245239835036042,11.405675949572625,0.009341018065312531,-0.00010762335448249896,-0.006207678135189059,0.0006602538211651762,0.9999805084171767
105,300000000,105.3,terrain_world,differential_drive_robot,10.251074174659433,11.405685988592774,0.009488167107585837,-8.186755195508469e-05,-0.0047944973412288655,0.0006642261904078755,0.9999882823796071
105,320000000,105.32,terrain_world,differential_drive_robot,10.256945130108889,11.405693863211159,0.009366675094716915,-6.130820086477353e-05,-0.003381360552668045,0.0006643187934170884,0.9999940606436911
105,340000000,105.34,terrain_world,differential_drive_robot,10.262840905347796,11.40570271013699,0.008967942189311262,-3.481782591448206e-05,-0.0019520863966683375,0.0006660992034729881,0.9999978722268713
105,360000000,105.36,terrain_world,differential_drive_robot,10.268748516322075,11.40571097062591,0.008294611726238054,-7.851160136644411e-06,-0.0005067184786565763,0.0006668088098989019,0.9999996492703154
105,380000000,105.38,terrain_world,differential_drive_robot,10.27465351223262,11.40571953419164,0.0073728527994941515,3.2597779158782225e-06,0.0010407742094231357,0.0006674473607520968,0.9999992356459276
105,400000000,105.4,terrain_world,differential_drive_robot,10.280554260062745,11.405727417910635,0.006284132813554424,1.3239597056110534e-06,0.0028597116213562395,0.0006674512917005117,0.9999956882689359
105,420000000,105.42,terrain_world,differential_drive_robot,10.286449292916846,11.405735292585613,0.0050122222652350164,-6.860932712379107e-07,0.0049886315657149466,0.0006674508427414097,0.9999873339517873
105,440000000,105.44,terrain_world,differential_drive_robot,10.292719579319593,11.405743533996603,0.004004186792226472,-2.2941576055248087e-06,0.006675859201609239,0.0006675920155920331,0.9999774933565044
105,460000000,105.46,terrain_world,differential_drive_robot,10.298831796882725,11.40575146427919,0.004005855461114976,-2.687457661363479e-06,0.006674220314308014,0.0006676705170758423,0.9999775042429977
105,480000000,105.48,terrain_world,differential_drive_robot,10.304736704074221,11.405759346810832,0.0040072204065513,-3.0087156894534254e-06,0.006672879436420948,0.000667668369606851,0.9999775131921331
105,500000000,105.5,terrain_world,differential_drive_robot,10.310641609388211,11.40576722980944,0.0040083369473185165,-3.271475310781077e-06,0.006671782957600193,0.0006676666135994261,0.9999775205087148
105,520000000,105.52,terrain_world,differential_drive_robot,10.316546513177991,11.405775113189735,0.00400925030798563,-3.4863886796765027e-06,0.0066708863613442965,0.0006676651775706381,0.9999775264905756
105,540000000,105.54,terrain_world,differential_drive_robot,10.322451415731729,11.405782996882072,0.004009997477924931,-3.6621682664351138e-06,0.0066701532369551324,0.0006676640031247876,0.9999775313811621
105,560000000,105.56,terrain_world,differential_drive_robot,10.328356320678314,11.405790889550332,0.004010254165585739,-2.6375022780490014e-06,0.006668967554206834,0.0006676698168853292,0.9999775392886683
105,580000000,105.58,terrain_world,differential_drive_robot,10.334264484719204,11.405798660255273,0.003944384312225821,2.3519535606876318e-05,0.006558598158440751,0.0006672983400561841,0.9999782692388635
105,600000000,105.6,terrain_world,differential_drive_robot,10.340164131874,11.40580567313901,0.0037655751824793604,4.926354722666296e-05,0.006261402795412834,0.0006657098471414672,0.9999801744227412
105,620000000,105.62,terrain_world,differential_drive_robot,10.346048244141242,11.405812171587263,0.0034761933982842786,7.514345692271964e-05,0.005781098534417692,0.0006633127413935053,0.9999830664913298
105,640000000,105.64,terrain_world,differential_drive_robot,10.351906795436165,11.40581820472654,0.003081303739429207,0.00010136137369881897,0.005125790811916546,0.0006602205817539101,0.9999866399623586
105,660000000,105.66,terrain_world,differential_drive_robot,10.357733139180496,11.405823264815062,0.00258352280364183,0.00012630653965740873,0.004299454437024947,0.0006556799047983494,0.9999905343662331
105,680000000,105.68,terrain_world,differential_drive_robot,10.363520350023588,11.40582778923834,0.0019858992139076027,0.00015137973606238733,0.0033067126161401986,0.0006503800111475622,0.9999943098546565
105,700000000,105.7,terrain_world,differential_drive_robot,10.369349091850616,11.405832113833192,0.0018352294821628492,0.0001763568326941212,0.0013325060691237686,0.0006445847117177625,0.999998888917579
105,720000000,105.72,terrain_world,differential_drive_robot,10.37505011155647,11.405835944446684,0.001946652320939154,0.00019987406814735164,-0.001261927600110393,0.0006374722857706656,0.9999989806085674
105,740000000,105.74,terrain_world,differential_drive_robot,10.380706669291104,11.405848692960028,0.0021110866840758106,-2.9000767927338347e-06,-0.003518976256258918,0.0006535958736940121,0.9999935947845523
105,760000000,105.76,terrain_world,differential_drive_robot,10.386597412550941,11.405864877201894,0.0028302977865202854,-1.1096114327231911e-06,-0.004711584533196666,0.0006673917335005031,0.9999886777150176
105,780000000,105.78,terrain_world,differential_drive_robot,10.392495973327545,11.405872749625102,0.003442015710961406,3.4118923568660573e-07,-0.005724878157803418,0.0006673870490450101,0.999983390044299
105,800000000,105.8,terrain_world,differential_drive_robot,10.39839466494294,11.405880621037108,0.0039503240509002075,1.5361232793418382e-06,-0.006566119416685528,0.0006673816189473167,0.9999782201004284
105,820000000,105.82,terrain_world,differential_drive_robot,10.404294062699629,11.40588849264157,0.004351404075312215,2.496915615244223e-06,-0.007229384123566454,0.0006673759962847828,0.9999736449568253
105,840000000,105.84,terrain_world,differential_drive_robot,10.41019461711961,11.405896365504017,0.0046437123338785215,3.2430858197077806e-06,-0.0077124400348876215,0.0006673708556960782,0.9999700359882447
105,860000000,105.86,terrain_world,differential_drive_robot,10.416096677253982,11.405904240363798,0.0048251287027866515,3.789632779837696e-06,-0.008012015147491816,0.0006673666147004097,0.9999676805880862
105,880000000,105.88,terrain_world,differential_drive_robot,10.422000486663128,11.405912117719977,0.004892961426450156,4.1477359643134874e-06,-0.008123802549581862,0.00066736354991236,0.9999667786685835
105,900000000,105.9,terrain_world,differential_drive_robot,10.427905372632742,11.405919996985004,0.004893838309260325,4.3803786485965866e-06,-0.008124946857297163,0.0006673616264687376,0.9999667693717816
105,920000000,105.92,terrain_world,differential_drive_robot,10.433810269510133,11.40592787669675,0.004894018701855151,4.570066629733986e-06,-0.008124995352423276,0.000667360084946441,0.9999667689779269
105,940000000,105.94,terrain_world,differential_drive_robot,10.439715166470663,11.405935756746755,0.00489416619449797,4.72521342363009e-06,-0.008125035103848492,0.0006673588241945408,0.9999667686550555
105,960000000,105.96,terrain_world,differential_drive_robot,10.445620063494585,11.405943637073442,0.004894286768842415,4.852108756185738e-06,-0.008125067719190806,0.0006673577931060494,0.9999667683901259
105,980000000,105.98,terrain_world,differential_drive_robot,10.451524960565031,11.405951517626434,0.0048943853174198025,4.95589703806344e-06,-0.008125094513174998,0.0006673569498784466,0.9999667681724691
106,0,106.0,terrain_world,differential_drive_robot,10.457429857667483,11.405959398364534,0.004894465841974543,5.040785918619713e-06,-0.00812511656094227,0.0006673562603199124,0.9999667679933585
106,20000000,106.02,terrain_world,differential_drive_robot,10.463334754789363,11.40596727925403,0.0048945316156839835,5.110216863719054e-06,-0.008125134741652967,0.0006673556964638132,0.999966767845657
106,40000000,106.04,terrain_world,differential_drive_robot,10.469239651919686,11.405975160267356,0.004894585315839004,5.167004672470298e-06,-0.008125149774150027,0.000667355235435332,0.9999667677235277
106,60000000,106.06,terrain_world,differential_drive_robot,10.475144549048778,11.405983041381964,0.004894629132364282,5.21345158880906e-06,-0.008125162246128777,0.0006673548585244506,0.9999667676221979
106,80000000,106.08,terrain_world,differential_drive_robot,10.481049446168058,11.405990922579406,0.004894664856577507,5.25144063433024e-06,-0.008125172637995537,0.0006673545504276334,0.9999667675377664
106,100000000,106.1,terrain_world,differential_drive_robot,10.48678845802924,11.405988327513425,0.0054054716078338685,-0.00017694996649342943,-0.007146429066021441,0.0006523378463735407,0.9999742355159197
106,120000000,106.12,terrain_world,differential_drive_robot,10.492552777733616,11.40600020615369,0.005926167362255803,-0.00014296357855877673,-0.005732478372406566,0.0006596410851328658,0.9999833414246279
106,140000000,106.14,terrain_world,differential_drive_robot,10.498369522748122,11.406012566201074,0.006184137655211721,-0.00010611381189714366,-0.004327236213391858,0.0006676966524491001,0.999990408927902
106,160000000,106.16,terrain_world,differential_drive_robot,10.504225734555456,11.406024084882548,0.006174421307467126,-7.307442493226452e-05,-0.002917703178456934,0.0006740738878672448,0.9999955136362785
106,180000000,106.18,terrain_world,differential_drive_robot,10.510110934551008,11.406033198085257,0.005889684172562896,-4.6781468606188106e-05,-0.0014947555499694048,0.0006760979255645471,0.9999986532035606
106,200000000,106.2,terrain_world,differential_drive_robot,10.516014946105301,11.406043631255027,0.005329954667678023,-1.4086729467732276e-05,-6.172941764916111e-05,0.0006802731281515511,0.9999997666097299
106,220000000,106.22,terrain_world,differential_drive_robot,10.52192059017496,11.406049955629866,0.004498921535385308,-1.4166883901963733e-06,0.0014190231987453255,0.0006774421262511418,0.9999987637208958
106,240000000,106.24,terrain_world,differential_drive_robot,10.527820943616616,11.40605794982095,0.0034793938722444827,-2.4876233467611047e-06,0.0031221410420750203,0.0006774398228192345,0.9999948966391836
106,260000000,106.26,terrain_world,differential_drive_robot,10.534017494793654,11.406066248598734,0.0026592617435480842,-3.3373390345293348e-06,0.004475692811775895,0.0006775439403265818,0.9999897544959777
106,280000000,106.28,terrain_world,differential_drive_robot,10.54001786323481,11.406074271482222,0.0026632153069001264,-3.279931881487345e-06,0.004472545883098332,0.0006775783697931629,0.9999897685527179
106,300000000,106.3,terrain_world,differential_drive_robot,10.545922773457232,11.40608227390357,0.0026664487466632972,-3.2328653474069567e-06,0.004469971199345254,0.0006775785815253849,0.9999897800649222
106,320000000,106.32,terrain_world,differential_drive_robot,10.551827681092961,11.406090276277022,0.0026690931989509386,-3.1943692848650373e-06,0.004467865010179962,0.0006775787548419595,0.9999897894774115
106,340000000,106.34,terrain_world,differential_drive_robot,10.557732586598883,11.406098278611355,0.00267125590821808,-3.1628830519729375e-06,0.004466141997490274,0.0006775788968049577,0.9999897971741977
106,360000000,106.36,terrain_world,differential_drive_robot,10.56363749034764,11.406106280913725,0.002673024591097194,-3.1371301889387592e-06,0.004464732379546837,0.0006775790131705476,0.9999898034688246
106,380000000,106.38,terrain_world,differential_drive_robot,10.569542392643228,11.406114283189977,0.002674470992178604,-3.1160666705482723e-06,0.004463579081944862,0.0006775791086331965,0.9999898086173783
106,400000000,106.4,terrain_world,differential_drive_robot,10.575447293733662,11.40612228544486,0.0026756537923432857,-3.0988385814413727e-06,0.004462635423697871,0.0006775791870232766,0.9999898128290696
106,420000000,106.42,terrain_world,differential_drive_robot,10.581353669176684,11.406131819764607,0.0026638931346552957,1.3555843478428917e-05,0.00444075478652926,0.0006800495635980966,0.9999899084719586
106,440000000,106.44,terrain_world,differential_drive_robot,10.58725824025733,11.406139417839261,0.0025543164564116646,4.030982555984277e-05,0.0042569864916317,0.0006792177003929551,0.9999907075090465
106,460000000,106.46,terrain_world,differential_drive_robot,10.593149873832338,11.406144718619974,0.0023342052512746888,6.154504069699392e-05,0.003890038918086611,0.0006747424147498927,0.9999922042356617
106,480000000,106.48,terrain_world,differential_drive_robot,10.599023093311008,11.406150915100518,0.002004156470975251,8.76099242256554e-05,0.003340648236451207,0.0006717612837562924,0.9999941905484447
106,500000000,106.5,terrain_world,differential_drive_robot,10.604868243710413,11.406156438372184,0.0015693431561250829,0.00011340183789320306,0.0026170609850335895,0.0006677777023250456,0.9999963460957065
106,520000000,106.52,terrain_world,differential_drive_robot,10.610694510355719,11.406161405416684,0.0010989542606488294,0.00013901570021915342,0.001642124137351708,0.0006629082241534979,0.999998422326575
106,540000000,106.54,terrain_world,differential_drive_robot,10.616548632162642,11.40616621481967,0.0015411670257781636,0.0001642383400618735,-0.0010575764629579233,0.0006577358452124791,0.999999210970364
106,560000000,106.56,terrain_world,differential_drive_robot,10.622305126002649,11.406182916164617,0.0020220733891148507,-6.286852854473264e-07,-0.003368014651716201,0.0006755007012702836,0.999994100070452
106,580000000,106.58,terrain_world,differential_drive_robot,10.6282028179425,11.406190886733217,0.0029091222781939263,8.940110856905288e-07,-0.004839830787412609,0.0006754995229428975,0.999988059797488
106,600000000,106.6,terrain_world,differential_drive_robot,10.634099223189462,11.406198853254761,0.003689508093587974,2.1999084358600714e-06,-0.006132939310402718,0.0006754951266827522,0.9999809651972927
106,620000000,106.62,terrain_world,differential_drive_robot,10.639995163888209,11.406206818153494,0.004363678061981681,3.3074097292100433e-06,-0.007248747902222035,0.0006754896536718893,0.9999734993271766
106,640000000,106.64,terrain_world,differential_drive_robot,10.64589139524672,11.406214782886648,0.0049289372985941654,4.228173163729294e-06,-0.008183368954147603,0.0006754839222613654,0.9999662875198111
106,660000000,106.66,terrain_world,differential_drive_robot,10.651788484172096,11.406222749086306,0.005387658022640316,4.976892046950757e-06,-0.008941205457207394,0.0006754794324391585,0.9999597984657878
106,680000000,106.68,terrain_world,differential_drive_robot,10.6576869402312,11.40623071680681,0.005738472390707367,5.5619139601133685e-06,-0.009520378842336343,0.0006754752590429691,0.9999544520071592
106,700000000,106.7,terrain_world,differential_drive_robot,10.663587175301735,11.406238686858371,0.005979528402793773,5.989063581305869e-06,-0.009918124308609758,0.0006754719574892941,0.9999505860351123
106,720000000,106.72,terrain_world,differential_drive_robot,10.66948950028388,11.40624665973421,0.006108385948840972,6.262161216693394e-06,-0.010130617710693943,0.0006754697617652539,0.9999484558146915
106,740000000,106.74,terrain_world,differential_drive_robot,10.675393964055418,11.406254635500003,0.006129760804142925,6.391801578435392e-06,-0.01016574957008813,0.000675468659071307,0.9999480992716141
106,760000000,106.76,terrain_world,differential_drive_robot,10.6812988556912,11.406262611935917,0.006129988409537504,6.4785939522596226e-06,-0.010166009413711187,0.0006754677746774378,0.999948096629977
106,780000000,106.78,terrain_world,differential_drive_robot,10.687203748014,11.406270588566064,0.006130174799046048,6.549581656267306e-06,-0.010166221555206677,0.0006754670509264661,0.9999480944732364
106,800000000,106.8,terrain_world,differential_drive_robot,10.693108640916824,11.406278565355118,0.006130327474859737,6.60764260085423e-06,-0.010166394685727987,0.0006754664585825044,0.999948092713065
106,820000000,106.82,terrain_world,differential_drive_robot,10.699013534311893,11.40628654227417,0.0061304525727252195,6.655130649374532e-06,-0.010166535914421189,0.0006754659737301387,0.9999480912772064
106,840000000,106.84,terrain_world,differential_drive_robot,10.704918428127124,11.406294519299584,0.006130555110768624,6.693971043429017e-06,-0.0101666510564888,0.0006754655768068459,0.999948090106552
106,860000000,106.86,terrain_world,differential_drive_robot,10.710746723777266,11.406245632184238,0.006219221740376135,-0.00021501369052668483,-0.010021747495152179,0.0005796423701695953,0.9999495899099009
106,880000000,106.88,terrain_world,differential_drive_robot,10.715937802038463,11.40628958255202,0.007420710094084926,-0.0002978752890280525,-0.007986365458172443,0.0006619169108252814,0.999967845034571
106,900000000,106.9,terrain_world,differential_drive_robot,10.721430682369474,11.406306220503868,0.008571686944780447,-0.00025740123890573676,-0.0060563472266868925,0.0006775466281944649,0.9999813974936927
106,920000000,106.92,terrain_world,differential_drive_robot,10.727016498686362,11.406321617320279,0.00958171849102906,-0.00022001918797007015,-0.0043657114477854255,0.0006905749862762726,0.9999902075827042
106,940000000,106.94,terrain_world,differential_drive_robot,10.732682295268145,11.406336007357838,0.01044872911043225,-0.00018508226081575817,-0.002901513007698704,0.0007014969226053075,0.9999955274244432
106,960000000,106.96,terrain_world,differential_drive_robot,10.738416251108132,11.406348124930496,0.011087777961006616,-0.00015633423324644838,-0.0015019105759379455,0.0007082918589456999,0.9999986090724686
106,980000000,106.98,terrain_world,differential_drive_robot,10.744205302880237,11.406359750938162,0.011465942541337447,-0.0001272947226398215,-9.942532603058781e-05,0.0007138859380775986,0.999999732138727
107,0,107.0,terrain_world,differential_drive_robot,10.750038430037815,11.406370762439986,0.011583113979116289,-9.808953068853194e-05,0.0013019290402760998,0.0007182696332916756,0.9999988897233596
107,20000000,107.02,terrain_world,differential_drive_robot,10.755904461120029,11.406381142898821,0.011429688574982274,-6.874188256776769e-05,0.002715916049116922,0.0007214530067026443,0.9999960492822594
107,40000000,107.04,terrain_world,differential_drive_robot,10.761792177102942,11.40639087677661,0.011006429450111741,-3.932395563859521e-05,0.004138660005536265,0.0007234309815206674,0.9999911732583443
107,60000000,107.06,terrain_world,differential_drive_robot,10.767688885467855,11.406398991545219,0.010305905030554188,-1.0036927103444613e-05,0.005581138318606636,0.0007219651921378658,0.9999841646549159
107,80000000,107.08,terrain_world,differential_drive_robot,10.773581893916264,11.406407534724066,0.009373700697983565,-6.676071031893671e-06,0.007151060949785071,0.0007219914630447762,0.9999741701719349
107,100000000,107.1,terrain_world,differential_drive_robot,10.779469061297931,11.406416034904542,0.008274094028957197,-7.733078852414351e-06,0.008999112119416917,0.0007219791048867352,0.9999592465032932
107,120000000,107.12,terrain_world,differential_drive_robot,10.785348210641493,11.406424523733701,0.006996034140316829,-9.06198150249502e-06,0.011151418151706154,0.0007219621106324554,0.9999375603315425
107,140000000,107.14,terrain_world,differential_drive_robot,10.79174567696599,11.406433435889934,0.006856837761653248,-9.043777890872696e-06,0.011378222911681198,0.0007221331013745095,0.9999350051305165
107,160000000,107.16,terrain_world,differential_drive_robot,10.797650578902406,11.40644196685413,0.00685811334484316,-8.892862222452631e-06,0.011377778358955834,0.0007221348175780127,0.9999350101890806
107,180000000,107.18,terrain_world,differential_drive_robot,10.803555479799098,11.40645049744438,0.006859156758783343,-8.769427718992765e-06,0.011377414930137953,0.0007221362210032733,0.9999350143243725
107,200000000,107.2,terrain_world,differential_drive_robot,10.809460379853537,11.406459027728827,0.006860010271069841,-8.66847024637614e-06,0.011377117838643985,0.0007221373686520571,0.9999350177047327
107,220000000,107.22,terrain_world,differential_drive_robot,10.815365279226524,11.406467557763213,0.006860708452522453,-8.58589688787079e-06,0.011376874990177688,0.0007221383071357266,0.999935020467833
107,240000000,107.24,terrain_world,differential_drive_robot,10.821270178048877,11.40647608759309,0.006861279578724839,-8.518360017880605e-06,0.01137667649250606,0.0007221390745707862,0.9999350227262667
107,260000000,107.26,terrain_world,differential_drive_robot,10.82717509063504,11.406484649296559,0.006860957807703366,-5.8619337604344e-06,0.01137521573190892,0.0007221637606707861,0.9999350393461534
107,280000000,107.28,terrain_world,differential_drive_robot,10.833082563015212,11.406493173449867,0.006789910967108444,2.265833994705695e-05,0.011257365061392003,0.00072183506556967,0.9999363730621126
107,300000000,107.3,terrain_world,differential_drive_robot,10.838983191205923,11.406500970692647,0.006604849950243052,5.0798024484029445e-05,0.01095165883857054,0.000720326474135269,0.9999397680450632
107,320000000,107.32,terrain_world,differential_drive_robot,10.844868240437416,11.406508060648843,0.006309436800625518,7.869973125866484e-05,0.01046394910874488,0.0007177087597697321,0.9999449907217587
107,340000000,107.34,terrain_world,differential_drive_robot,10.850729407004982,11.406514441150456,0.005907335143113358,0.00010632986977212465,0.009800007823231503,0.0007140158945625623,0.9999517181953965
107,360000000,107.36,terrain_world,differential_drive_robot,10.85665251102852,11.40652605036249,0.005824477947769555,0.00013839486611035617,0.00827843327317478,0.0007178308721411096,0.9999654659578208
107,380000000,107.38,terrain_world,differential_drive_robot,10.862465836455579,11.406531164338922,0.006347772117152563,0.00016426025390174918,0.005602045292235586,0.0007124511896030299,0.9999840411328649
107,400000000,107.4,terrain_world,differential_drive_robot,10.868230368640752,11.406535541110498,0.006673589595856592,0.00019001876944028674,0.0029725651005914847,0.0007060982461556439,0.9999953145764517
107,420000000,107.42,terrain_world,differential_drive_robot,10.873942566536583,11.406539182227691,0.006805493238150247,0.00021594588374461332,0.00037635077257210266,0.0006987862891267278,0.9999996617125395
107,440000000,107.44,terrain_world,differential_drive_robot,10.879595088633067,11.406542072759528,0.006752622771372463,0.0002415810266174676,-0.002189488739151768,0.0006905165051563793,0.9999973354787626
107,460000000,107.46,terrain_world,differential_drive_robot,10.885182259013721,11.406544204498065,0.006521050490422734,0.0002668802669900332,-0.0047323771378334515,0.0006812949477861585,0.9999885345436429
107,480000000,107.48,terrain_world,differential_drive_robot,10.890698363674758,11.406545572357475,0.0061138691373657465,0.0002918091723238595,-0.007254876201410506,0.0006711312967445537,0.9999734152473713
107,500000000,107.5,terrain_world,differential_drive_robot,10.89611150279198,11.406496393569519,0.005718165123424877,-1.9180542980798967e-05,-0.009512249227270812,0.0006164003750090768,0.9999545673665993
107,520000000,107.52,terrain_world,differential_drive_robot,10.901933177814918,11.406555840960534,0.006167318051151732,-1.3285203580861257e-05,-0.010248802051887556,0.0007011202492386876,0.9999472337630625
107,540000000,107.54,terrain_world,differential_drive_robot,10.907830568347757,11.40656407245835,0.00652770989511998,-9.128513754035182e-06,-0.010839341166635114,0.0007010844383777981,0.9999410068000781
107,560000000,107.56,terrain_world,differential_drive_robot,10.913730073023842,11.406572307759728,0.006775146756336158,-5.783836490404053e-06,-0.011244076986316576,0.0007010505921173678,0.9999365375999321
107,580000000,107.58,terrain_world,differential_drive_robot,10.919631952494758,11.406580548613858,0.006910235419992139,-3.126268782456309e-06,-0.011464097073111176,0.0007010200002917858,0.9999340393443379
107,600000000,107.6,terrain_world,differential_drive_robot,10.925536291336481,11.406588795914463,0.00693584374665621,-1.0509587350242553e-06,-0.011504139160228261,0.0007009933386443124,0.9999335794888662
107,620000000,107.62,terrain_world,differential_drive_robot,10.931441194729443,11.40659704857173,0.006936541970231315,6.227984626124109e-07,-0.01150352138360406,0.0007009708060999816,0.99993358661229
107,640000000,107.64,terrain_world,differential_drive_robot,10.937346096555515,11.40660530544955,0.00693711303890309,1.991490856528517e-06,-0.011503016124848288,0.0007009518214634358,0.9999335924363224
107,660000000,107.66,terrain_world,differential_drive_robot,10.94325099709991,11.40661356578055,0.0069375801062159645,3.1106405095802064e-06,-0.011502602895238313,0.0007009357515048736,0.9999335971983493
107,680000000,107.68,terrain_world,differential_drive_robot,10.949155896596107,11.40662182893836,0.0069379621101539005,4.025658300186812e-06,-0.011502264936271723,0.0007009220799935981,0.9999336010922764
107,700000000,107.7,terrain_world,differential_drive_robot,10.95506079523541,11.406630094412039,0.0069382745408657276,4.773684688085451e-06,-0.011501988540158098,0.0007009103865180846,0.999933604276536
107,720000000,107.72,terrain_world,differential_drive_robot,10.960965693174805,11.40663836178518,0.0069385300686599415,5.385095089285219e-06,-0.01150176249396188,0.000700900329258305,0.9999336068806076
107,740000000,107.74,terrain_world,differential_drive_robot,10.966870590543463,11.40664663071892,0.006938739057746707,5.884730802768325e-06,-0.011501577624813523,0.0007008916310317624,0.9999336090103342
107,760000000,107.76,terrain_world,differential_drive_robot,10.972490195854116,11.406637853903788,0.007381331283917796,-0.000201124425009999,-0.010743276618673069,0.0006802660730741052,0.999942037717452
107,780000000,107.78,terrain_world,differential_drive_robot,10.978062376285305,11.406660608780156,0.008393689484630255,-0.00018545168030646952,-0.009041211766254565,0.0007082930424684767,0.9999588593629429
107,800000000,107.8,terrain_world,differential_drive_robot,10.983732213404206,11.40667151815128,0.00926635232269721,-0.00016593551280334864,-0.007567211291576217,0.0007127743116771231,0.9999711004481354
107,820000000,107.82,terrain_world,differential_drive_robot,10.989468974109755,11.406682058383936,0.009918521819659286,-0.0001446733644266066,-0.006165449340522241,0.000716675186720751,0.9999807261546214
107,840000000,107.84,terrain_world,differential_drive_robot,10.995261550702937,11.406692130683032,0.010308785727542083,-0.0001222862842861012,-0.004760004655915862,0.0007194882508629615,0.9999884048019743
107,860000000,107.86,terrain_world,differential_drive_robot,11.001100253420246,11.406703193896684,0.010435974938497877,-9.330664642092404e-05,-0.0033577417765671695,0.000723987541885393,0.9999940963356088
107,880000000,107.88,terrain_world,differential_drive_robot,11.006972072277224,11.406713358090741,0.010295046828724116,-6.523322335444555e-05,-0.0019457724619256688,0.0007268122380748954,0.9999978407267306
107,900000000,107.9,terrain_world,differential_drive_robot,11.012864532812268,11.406722759289474,0.009876702034408406,-3.79306488724851e-05,-0.000515361442082246,0.0007314927845034981,0.9999995989409977
107,920000000,107.92,terrain_world,differential_drive_robot,11.018770266974753,11.4067318132833,0.00918459605198827,-8.394170966284064e-06,0.0009296853525107985,0.0007322020373030855,0.9999992997471847
107,940000000,107.94,terrain_world,differential_drive_robot,11.024672009113234,11.406740472663772,0.008253974196705564,-3.538939951437851e-06,0.0024939223666846167,0.0007322250837422399,0.9999966220868607
107,960000000,107.96,terrain_world,differential_drive_robot,11.030569498896982,11.40674910656004,0.007155494906431635,-4.572436754030902e-06,0.0043314198411154164,0.0007322177056260573,0.9999903512726932
107,980000000,107.98,terrain_world,differential_drive_robot,11.036460640514607,11.406757731574457,0.005873685534830564,-5.8903488889437925e-06,0.006479769855924121,0.0007322066796797248,0.9999787379846115
108,0,108.0,terrain_world,differential_drive_robot,11.04273171947558,11.406766759751385,0.004860528973538202,-6.927270932132623e-06,0.008178929688468178,0.0007323457554793591,0.999966283797038
108,20000000,108.02,terrain_world,differential_drive_robot,11.048851180969653,11.406775443384374,0.004866770798899134,-6.749840158023178e-06,0.008169161743873934,0.0007324008133565731,0.9999663636042417
108,40000000,108.04,terrain_world,differential_drive_robot,11.054756153858822,11.406784094739418,0.00487187582081707,-6.6043427063444935e-06,0.008161171417711704,0.0007324020107227338,0.9999664288488729
108,60000000,108.06,terrain_world,differential_drive_robot,11.060661112408019,11.40679274582198,0.004876051048351928,-6.485339158494593e-06,0.00815463568904153,0.0007324029887320856,0.9999664821685682
108,80000000,108.08,terrain_world,differential_drive_robot,11.066566059228917,11.406801396682338,0.004879465778523712,-6.38800514325057e-06,0.00814928968105393,0.0007324037878958881,0.9999665257505268
108,100000000,108.1,terrain_world,differential_drive_robot,11.072470996451202,11.406810047361395,0.004882258484056376,-6.3083947730613676e-06,0.008144916749913349,0.0007324044411614102,0.9999665613784672
108,120000000,108.12,terrain_world,differential_drive_robot,11.078377449445473,11.406820254381405,0.004881875074909528,2.156477120361407e-06,0.008136935733203215,0.0007349453150118151,0.9999666245068418
108,140000000,108.14,terrain_world,differential_drive_robot,11.084284405929761,11.406828805023862,0.004808890766969851,3.114059241024193e-05,0.008010264194366524,0.0007344983644846898,0.9999676470816206
108,160000000,108.16,terrain_world,differential_drive_robot,11.090183482068769,11.406836619111298,0.0046221215061638034,5.979273169754153e-05,0.007696480514525377,0.0007328569724676712,0.9999701113199218
108,180000000,108.18,terrain_world,differential_drive_robot,11.096064499855013,11.406842072539286,0.0043267830743991655,8.293039971082842e-05,0.007203843070525529,0.0007275423757793095,0.9999737838811853
108,200000000,108.2,terrain_world,differential_drive_robot,11.101922219716688,11.406848403170976,0.003923503805282844,0.00011092624724830544,0.006532979856080941,0.0007236731871088294,0.9999783918498869
108,220000000,108.22,terrain_world,differential_drive_robot,11.10774725717232,11.40685400665872,0.0034174747176449476,0.00013858575931273995,0.005692006766196947,0.0007187424777732168,0.9999835324955164
108,240000000,108.24,terrain_world,differential_drive_robot,11.113634955680016,11.406859690394073,0.0035885347395846422,0.00016662677251302063,0.0034951449705876124,0.0007135443981643791,0.9999936235054427
108,260000000,108.26,terrain_world,differential_drive_robot,11.119390034520041,11.40686341393656,0.0038965513104925113,0.00019237025086559043,0.0008596703813539549,0.0007071286282738724,0.999999361964609
108,280000000,108.28,terrain_world,differential_drive_robot,11.125090677488801,11.406866487046194,0.0040137764168263436,0.0002178975888683015,-0.0017374184976103686,0.0006996811014229432,0.9999982221704002
108,300000000,108.3,terrain_world,differential_drive_robot,11.130731202321126,11.406868900095246,0.0039463763363823436,0.00024316510812969313,-0.0043044825091924825,0.0006912197031982164,0.9999904672127531
108,320000000,108.32,terrain_world,differential_drive_robot,11.136329570061767,11.406827311251977,0.0039245120869471385,-2.797537122683163e-05,-0.006583309183301538,0.0006375425218632981,0.9999781261593218
108,340000000,108.34,terrain_world,differential_drive_robot,11.142221942631513,11.406839386666649,0.004547497302645038,-2.1411287322026843e-05,-0.007602834152882715,0.0006449525980209895,0.9999708898215721
108,360000000,108.36,terrain_world,differential_drive_robot,11.148118447525652,11.40684696888741,0.005078370404609655,-1.6059836153846327e-05,-0.00847120853493696,0.0006449296857558534,0.9999639105656462
108,380000000,108.38,terrain_world,differential_drive_robot,11.154016056978463,11.406854548423334,0.005498693470333159,-1.1698029531238034e-05,-0.009157980601293702,0.0006449040570119105,0.9999578567885847
108,400000000,108.4,terrain_world,differential_drive_robot,11.159915194956316,11.406862128782878,0.005810025595220982,-8.165282025786087e-06,-0.00966577636162503,0.0006448783915099196,0.9999530773153885
108,420000000,108.42,terrain_world,differential_drive_robot,11.165816233556775,11.40686971224223,0.006010342572907998,-5.333781813877693e-06,-0.009991264340935085,0.0006448543721294991,0.9999498781295285
108,440000000,108.44,terrain_world,differential_drive_robot,11.171719495625062,11.406877300186192,0.006094417981377907,-3.102820644408964e-06,-0.010125783878146766,0.0006448329105262359,0.9999485250160346
108,460000000,108.46,terrain_world,differential_drive_robot,11.177624327290395,11.406884893340148,0.006099709869269958,-1.3456477376839183e-06,-0.010131054420033375,0.0006448151936005639,0.9999484716463612
108,480000000,108.48,terrain_world,differential_drive_robot,11.18352923560148,11.406892490402639,0.0061008123779987145,8.812200911683446e-08,-0.010130041369223037,0.00064480065672464,0.9999484819199254
108,500000000,108.5,terrain_world,differential_drive_robot,11.189434141756461,11.406900090658814,0.006101714334361793,1.2608117472536809e-06,-0.010129212442064162,0.0006447887686585604,0.9999484903239555
108,520000000,108.52,terrain_world,differential_drive_robot,11.195339046164346,11.406907693526193,0.006102452252247699,2.219962328797206e-06,-0.010128534119053999,0.0006447790463816813,0.9999484971995569
108,540000000,108.54,terrain_world,differential_drive_robot,11.201243949159148,11.406915298528673,0.0061030559964092845,3.004457747780422e-06,-0.010127978984976133,0.0006447710950602128,0.9999485028254645
108,560000000,108.56,terrain_world,differential_drive_robot,11.207148851013548,11.406922905277064,0.006103549993199829,3.646101493489926e-06,-0.01012752461730772,0.0006447645919123903,0.9999485074294839
108,580000000,108.58,terrain_world,differential_drive_robot,11.213053751950055,11.406930513453174,0.006103954220854096,4.170905861067634e-06,-0.010127152677049339,0.0006447592730369544,0.9999485111978212
108,600000000,108.6,terrain_world,differential_drive_robot,11.218329254569081,11.40693178306123,0.007125045805421099,-0.00023053008841959654,-0.00841028873467433,0.0006514858526689218,0.9999643940988406
108,620000000,108.62,terrain_world,differential_drive_robot,11.22385939883196,11.406944702593728,0.00822233943294232,-0.00020631770436374015,-0.0065674953255132305,0.0006607761568366842,0.9999781941687653
108,640000000,108.64,terrain_world,differential_drive_robot,11.229479490678294,11.406955589456722,0.00917779300311531,-0.00018623607479963022,-0.004965763089559258,0.0006661404064864637,0.9999874313060249
108,660000000,108.66,terrain_world,differential_drive_robot,11.235173939851398,11.406966073157149,0.009969452118534764,-0.00016488122172699597,-0.003546107900441924,0.0006708324269467218,0.9999934739371032
108,680000000,108.68,terrain_world,differential_drive_robot,11.24093001550491,11.406978932980117,0.010510907322781884,-0.00013192872691817888,-0.0021399151570635944,0.0006794813607848473,0.9999974708283076
108,700000000,108.7,terrain_world,differential_drive_robot,11.246738810958952,11.406989852242832,0.010792205549637952,-0.0001040057918111901,-0.0007407618738482648,0.0006845500081153128,0.9999994859228318
108,720000000,108.72,terrain_world,differential_drive_robot,11.252587473663356,11.407000207410876,0.010805696020251788,-7.599532192406021e-05,0.0006683115865662669,0.0006884388470744387,0.9999995368180368
108,740000000,108.74,terrain_world,differential_drive_robot,11.258469557827441,11.407008248486743,0.010549450175141367,-5.350490256632558e-05,0.0020803863635943474,0.0006882287813257699,0.9999975977325887
108,760000000,108.76,terrain_world,differential_drive_robot,11.264364459436631,11.40701727715463,0.010021369468121271,-2.5299348709803935e-05,0.0035116425417539873,0.0006896938824570325,0.9999935960039696
108,780000000,108.78,terrain_world,differential_drive_robot,11.270263267309156,11.40702636257217,0.009215808351910553,-4.671893896419358e-06,0.004978082676554697,0.0006925668041658505,0.9999873694313647
108,800000000,108.8,terrain_world,differential_drive_robot,11.276156649707836,11.40703452567775,0.008221530422332602,-5.604504299111215e-06,0.006646405102607552,0.0006925603367987295,0.9999776725647336
108,820000000,108.82,terrain_world,differential_drive_robot,11.282043768486153,11.407042680416088,0.007053556301925416,-6.78171167949821e-06,0.008609302006511145,0.0006925505493283915,0.9999626994276866
108,840000000,108.84,terrain_world,differential_drive_robot,11.288287630045534,11.407051200601463,0.006123793222960693,-7.713834658958338e-06,0.010168168467222238,0.0006926793071496421,0.9999480628942167
108,860000000,108.86,terrain_world,differential_drive_robot,11.294368286481,11.407059417037816,0.006125111851137864,-7.59232844069277e-06,0.01016800041358932,0.0006927367525306833,0.999948064564224
108,880000000,108.88,terrain_world,differential_drive_robot,11.300273184871536,11.407067599822872,0.006126190404192864,-7.492496868223352e-06,0.01016786244899489,0.0006927377666021022,0.9999480659671619
108,900000000,108.9,terrain_world,differential_drive_robot,11.306178082996267,11.40707578238711,0.0061270726099402345,-7.410844413548098e-06,0.01016774968885275,0.0006927385959046614,0.9999480671137786
108,920000000,108.92,terrain_world,differential_drive_robot,11.312082980907311,11.407083964770763,0.006127794212391542,-7.344060777162138e-06,0.010167657527979816,0.0006927392741071505,0.9999480680509146
108,940000000,108.94,terrain_world,differential_drive_robot,11.317987878646568,11.40709214700673,0.006128384446760033,-7.289438441521865e-06,0.010167582199661677,0.0006927398287453093,0.9999480688168796
108,960000000,108.96,terrain_world,differential_drive_robot,11.323892776247542,11.407100329121928,0.0061288672246822,-7.2447629086834076e-06,0.010167520622997792,0.0006927402823393496,0.9999480694430064
108,980000000,108.98,terrain_world,differential_drive_robot,11.32980077251289,11.407108601005824,0.00611302415872947,5.614182810607327e-06,0.0101406838777786,0.0006927616346406124,0.9999483419558679
109,0,109.0,terrain_world,differential_drive_robot,11.335706554364744,11.407116455661319,0.005998222263183742,3.273554543401406e-05,0.009950666792979793,0.0006919511128948628,0.9999502509437239
109,20000000,109.02,terrain_world,differential_drive_robot,11.341601802128205,11.40712363558251,0.0057709628373656075,5.9587462500911766e-05,0.009575060402665179,0.0006900618445841361,0.9999539181793681
109,40000000,109.04,terrain_world,differential_drive_robot,11.347475998407447,11.407131853185527,0.005436916766869693,9.160109600256276e-05,0.009023016630025756,0.0006897624010806633,0.9999590496655169
109,60000000,109.06,terrain_world,differential_drive_robot,11.35332339880288,11.407136018465984,0.0049972855235216,0.00011283634573848386,0.008296214205722949,0.0006832581046104086,0.9999653460276383
109,80000000,109.08,terrain_world,differential_drive_robot,11.359247600061126,11.407143981554746,0.00552745370723511,0.0001441514741701649,0.005734003040156697,0.0006819749531090057,0.9999833175306733
109,100000000,109.1,terrain_world,differential_drive_robot,11.365039527295227,11.4071471332917,0.005973672112230314,0.00016332028777745223,0.0030793468774033515,0.0006753814661995966,0.9999950173921704
109,120000000,109.12,terrain_world,differential_drive_robot,11.370780851115263,11.407151984140956,0.0062232415608801765,0.00019310331032160766,0.00047282060502370306,0.0006703459133468172,0.9999996448940087
109,140000000,109.14,terrain_world,differential_drive_robot,11.376466238391403,11.407153701002617,0.006284624665107083,0.00021241846806713274,-0.002100706479012516,0.0006615215169160095,0.9999975521469872
109,160000000,109.16,terrain_world,differential_drive_robot,11.382090938811462,11.407156051751036,0.0061668649163908,0.0002365532182272204,-0.004655624204994571,0.0006531848855171194,0.9999889212163013
109,180000000,109.18,terrain_world,differential_drive_robot,11.387648197920848,11.407157694034938,0.00586973614478995,0.0002604469240721825,-0.007186160087915479,0.0006439708256712975,0.9999739379464678
109,200000000,109.2,terrain_world,differential_drive_robot,11.393123873632776,11.407128533358343,0.00563600483339152,-3.416681916668789e-05,-0.009390135885377631,0.0006107636641470626,0.9999557245940588
109,220000000,109.22,terrain_world,differential_drive_robot,11.39898436814726,11.407172431320774,0.006141950158099384,-2.578935114341378e-05,-0.010218012638502897,0.0006703459461890605,0.9999475697200035
109,240000000,109.24,terrain_world,differential_drive_robot,11.404880652022234,11.407180282345182,0.00655613577275355,-1.939303732707494e-05,-0.010895252644177303,0.0006702994616915463,0.9999404201212997
109,260000000,109.26,terrain_world,differential_drive_robot,11.410778855049564,11.407188136367802,0.006861286413397432,-1.4198856034023559e-05,-0.011393439058892068,0.0006702543817528373,0.9999348679308405
109,280000000,109.28,terrain_world,differential_drive_robot,11.416679351585506,11.407195996177355,0.007055306377597511,-1.0012017823858514e-05,-0.011709179306166244,0.0006702127941189848,0.9999312205519668
109,300000000,109.3,terrain_world,differential_drive_robot,11.422582416445636,11.407203863440511,0.007135512643047173,-6.674301853766381e-06,-0.011838058220485193,0.0006701759186368007,0.9999297031278049
109,320000000,109.32,terrain_world,differential_drive_robot,11.428487329747691,11.407211738612235,0.0071364378542208015,-4.015772082572734e-06,-0.011836908267428453,0.0006701444313795857,0.9999297167766258
109,340000000,109.34,terrain_world,differential_drive_robot,11.434392234024507,11.407219620645888,0.007137456484203153,-1.841057809538649e-06,-0.011836399611290824,0.0006701185924251142,0.9999297228215214
109,360000000,109.36,terrain_world,differential_drive_robot,11.440297136925558,11.407227508337893,0.007138289487377285,-6.235372411170019e-08,-0.011835983820297147,0.0006700974455224255,0.9999297277591137
109,380000000,109.38,terrain_world,differential_drive_robot,11.446202038689576,11.407235400657578,0.007138970657454234,1.3924506467530757e-06,-0.01183564399594399,0.0006700801360842333,0.9999297317921263
109,400000000,109.4,terrain_world,differential_drive_robot,11.45210693951122,11.40724329676207,0.007139527634889462,2.5823350170344976e-06,-0.011835366316676659,0.0006700659652971167,0.9999297350859628
109,420000000,109.42,terrain_world,differential_drive_robot,11.458011839549128,11.407251195962028,0.007139983027314984,3.555539362860512e-06,-0.011835139477511384,0.0006700543616962293,0.9999297377756391
109,440000000,109.44,terrain_world,differential_drive_robot,11.463389512174972,11.40721836996097,0.00778263870168596,-0.00023931354229967262,-0.010748012124776865,0.0006103983322139061,0.9999420235084984
109,460000000,109.46,terrain_world,differential_drive_robot,11.468750560093836,11.40725238821041,0.008999545232497092,-0.00023388298847598572,-0.008700660040613296,0.0006636523935254414,0.9999619009637847
109,480000000,109.48,terrain_world,differential_drive_robot,11.474285227760387,11.407265251316115,0.01009187509585309,-0.0002088498011132781,-0.006866498571031601,0.0006725304910478969,0.9999761773571775
109,500000000,109.5,terrain_world,differential_drive_robot,11.479907154375057,11.40727770630199,0.011043983750952068,-0.00018318342174841084,-0.005270573014204748,0.000680440208493177,0.9999858621525899
109,520000000,109.52,terrain_world,differential_drive_robot,11.485603317618729,11.407289706509516,0.011827162793342965,-0.00015696310563238306,-0.0038492731462142233,0.0006873444413504077,0.9999923429789092
109,540000000,109.54,terrain_world,differential_drive_robot,11.49136126498593,11.407301212291554,0.012358705036839363,-0.0001301882736745433,-0.0024437022773717686,0.0006932267610369313,0.999996765398194
109,560000000,109.56,terrain_world,differential_drive_robot,11.497171615060699,11.407310743216788,0.012624549272852205,-0.0001081526930599596,-0.0010371674876850868,0.0006954804595767264,0.9999992144464553
109,580000000,109.58,terrain_world,differential_drive_robot,11.503022609601409,11.40732126114303,0.012625541369941385,-8.00871166794881e-05,0.000368021503675575,0.0006994322227087537,0.9999996844703465
109,600000000,109.6,terrain_world,differential_drive_robot,11.508902878038578,11.407331930355904,0.012353552629863263,-5.262155587625576e-05,0.001788522846097569,0.0007035436013664849,0.9999981517199928
109,620000000,109.62,terrain_world,differential_drive_robot,11.514799007971655,11.407341094764723,0.011809664825593487,-2.388109625944342e-05,0.0032206400418238355,0.0007049385520469237,0.9999945649697562
109,640000000,109.64,terrain_world,differential_drive_robot,11.52070057348371,11.407349593367137,0.010990304660756864,-4.386729323163164e-06,0.004691353715290394,0.0007051719594666207,0.999988746893475
109,660000000,109.66,terrain_world,differential_drive_robot,11.526594409083147,11.407357905668663,0.00998589821164388,-5.3778297542770735e-06,0.006375154342472433,0.0007051656479437827,0.9999794298482332
109,680000000,109.68,terrain_world,differential_drive_robot,11.532481992380225,11.407366209454324,0.008806945529996653,-6.613524409790771e-06,0.008355116328870782,0.0007051559514904928,0.9999648467533628
109,700000000,109.7,terrain_world,differential_drive_robot,11.538360981734282,11.407374501409246,0.007442223622030617,-8.101948473880393e-06,0.010652002251617505,0.0007051414634718198,0.9999430171554309
109,720000000,109.72,terrain_world,differential_drive_robot,11.544846358153876,11.407383257405625,0.006919440696909985,-8.618268028788833e-06,0.011532492884010535,0.0007053686770000683,0.9999332497665208
109,740000000,109.74,terrain_world,differential_drive_robot,11.550763749898097,11.407391574097128,0.006923124961560885,-8.526031648320833e-06,0.011526714992502246,0.0007053440536025469,0.9999333164059264
109,760000000,109.76,terrain_world,differential_drive_robot,11.556668709045402,11.407399905722261,0.006926138242131897,-8.450776609011244e-06,0.011521988846588303,0.0007053448638985063,0.9999333708753931
109,780000000,109.78,terrain_world,differential_drive_robot,11.562573656295829,11.407408237120226,0.00692860283503039,-8.389203864180607e-06,0.011518123299458498,0.0007053454678332055,0.9999334154097715
109,800000000,109.8,terrain_world,differential_drive_robot,11.56847859385892,11.407416568367085,0.006930618649350656,-8.338823283530739e-06,0.011514961642155024,0.0007053459614387074,0.9999334518236292
109,820000000,109.82,terrain_world,differential_drive_robot,11.574383523503055,11.407424899492657,0.006932267402335746,-8.29759690797745e-06,0.011512375701073484,0.0007053463685467431,0.9999334815993349
109,840000000,109.84,terrain_world,differential_drive_robot,11.58029159448923,11.407433355594788,0.006907720870462237,8.997746413014047e-06,0.011467596243589222,0.00070535712749093,0.9999339961351236
109,860000000,109.86,terrain_world,differential_drive_robot,11.58619661501448,11.407441298692955,0.006776105282169529,3.6645287316559534e-05,0.011247130435617486,0.0007044058147316099,0.9999365002471583
109,880000000,109.88,terrain_world,differential_drive_robot,11.5920900902511,11.407448548827187,0.00653227081830621,6.39923669982704e-05,0.010842224393995441,0.0007023508518774761,0.9999409726471098
109,900000000,109.9,terrain_world,differential_drive_robot,11.597963504508341,11.40745511009717,0.006179916966184796,9.10860242268202e-05,0.010258650689702348,0.0006992355931506757,0.9999471300318573
109,920000000,109.92,terrain_world,differential_drive_robot,11.603808788744791,11.407460977442017,0.005722704337373052,0.00011787077920031582,0.00950205713007033,0.0006950876996748276,0.999954605904621
109,940000000,109.94,terrain_world,differential_drive_robot,11.609618246052161,11.407466139749195,0.005164333671880768,0.0001443689070709255,0.0085781020332498,0.0006899231007472322,0.9999629589786018
109,960000000,109.96,terrain_world,differential_drive_robot,11.61538246003485,11.407472437852368,0.004510538702830517,0.00017610533407840868,0.007495759546697002,0.0006864080841501968,0.9999716553081249
109,980000000,109.98,terrain_world,differential_drive_robot,11.621096998559178,11.407474367627646,0.00376234759337714,0.00019666724230004814,0.00625616760898586,0.0006766901633211822,0.9999801816932508
110,0,110.0,terrain_world,differential_drive_robot,11.626756231631248,11.407477370643715,0.002922405136316858,0.00022207961118651627,0.004863103616526499,0.0006685979346002928,0.9999879268674513
110,20000000,110.02,terrain_world,differential_drive_robot,11.632352200140206,11.40747964683806,0.001995812842826129,0.0002470503744380557,0.0033243663474514682,0.0006595802966061869,0.9999942262374982
110,40000000,110.04,terrain_world,differential_drive_robot,11.637878758458616,11.4074811879005,0.0009861873694517397,0.0002715843666205796,0.001645270292765296,0.0006496521948839033,0.9999983986385285
110,60000000,110.06,terrain_world,differential_drive_robot,11.643319721955002,11.407425538300327,9.789791086049394e-07,3.303380911951995e-05,-3.9664198802392746e-05,0.0005745321990210404,0.9999998336241217
110,80000000,110.08,terrain_world,differential_drive_robot,11.649147286310173,11.407457680965063,-1.6449740752914694e-05,2.4934670170642426e-05,-1.3073032179090443e-06,0.0006161050018487808,0.9999998098955719
110,100000000,110.1,terrain_world,differential_drive_robot,11.655052182820459,11.407464957081675,-1.345277274265595e-05,2.0394329569556705e-05,-1.0639204615771273e-06,0.0006161050210841023,0.9999998099987532
110,120000000,110.12,terrain_world,differential_drive_robot,11.660957079425076,11.407472233185695,-1.1001327889551158e-05,1.6680753189167874e-05,-8.645315995555262e-07,0.0006161050342620541,0.9999998100677778
110,140000000,110.14,terrain_world,differential_drive_robot,11.66686197612233,11.407479509281213,-8.996077332786782e-06,1.364339296074896e-05,-7.011323909075577e-07,0.0006161050432123859,0.999999810113953
110,160000000,110.16,terrain_world,differential_drive_robot,11.672766872910374,11.407486785370988,-7.355779096959951e-06,1.1159114580514335e-05,-5.67177458729246e-07,0.0006161050491954821,0.9999998101448424
110,180000000,110.18,terrain_world,differential_drive_robot,11.678671769787238,11.40749406145687,-6.013984755941237e-06,9.127205652359897e-06,-4.573143453980348e-07,0.0006161050530843217,0.9999998101655062
110,200000000,110.2,terrain_world,differential_drive_robot,11.684576666750809,11.407501337540124,-4.916345733846902e-06,7.465292813312194e-06,-3.671660866282986e-07,0.0006161050554875079,0.9999998101793296
110,220000000,110.22,terrain_world,differential_drive_robot,11.690481563798835,11.407508613621603,-4.01841007198349e-06,6.106002322226743e-06,-2.931534386888576e-07,0.0006161050568323661,0.9999998101885769
110,240000000,110.24,terrain_world,differential_drive_robot,11.696386460928942,11.407515889701887,-3.2838203637963165e-06,4.9942287321198204e-06,-2.3234951778027977e-07,0.0006161050574214588,0.9999998101947629
110,260000000,110.26,terrain_world,differential_drive_robot,11.702291358138623,11.40752316578137,-2.6828398161212227e-06,4.084900918508996e-06,-1.823609356113873e-07,0.0006161050574709631,0.9999998101989013
110,280000000,110.28,terrain_world,differential_drive_robot,11.708196255425255,11.40753044186033,-2.1911466928744248e-06,3.3411548984939028e-06,-1.4123059736334163e-07,0.0006161050571368617,0.9999998102016696
110,300000000,110.3,terrain_world,differential_drive_robot,11.713661372431952,11.407511195118918,0.0006159144504634533,-0.00023453350300501127,0.0010291407564982163,0.0005848067294452769,0.9999992719319493
110,320000000,110.32,terrain_world,differential_drive_robot,11.719110332807771,11.407537347031704,0.0017672292813727761,-0.00022343801123583102,0.0029436910796750006,0.0006224618371820983,0.9999954486394145
110,340000000,110.34,terrain_world,differential_drive_robot,11.724679918983535,11.407549510081093,0.0027820871179672726,-0.0001990630536841322,0.004628355965057041,0.0006306400300393636,0.9999890704343293
110,360000000,110.36,terrain_world,differential_drive_robot,11.730331827213416,11.407561456884576,0.0036564328420768295,-0.00017301122780389883,0.006077545631197843,0.0006382125291058237,0.9999813129208882
110,380000000,110.38,terrain_world,differential_drive_robot,11.7360536761104,11.40757288470921,0.004392435476923792,-0.0001468046886135247,0.0072958488593216665,0.000644673036896914,0.9999731663572182
110,400000000,110.4,terrain_world,differential_drive_robot,11.74183645157612,11.407583713135212,0.004990151924608817,-0.00012068208965369116,0.008284177932886872,0.0006499178504391929,0.9999654671230388
110,420000000,110.42,terrain_world,differential_drive_robot,11.747665160625946,11.407593992709339,0.005456633452421332,-9.449903365496768e-05,0.009054838359726319,0.000654082419488921,0.9999587857248919
110,440000000,110.44,terrain_world,differential_drive_robot,11.753528960889364,11.407603704011349,0.005794867610937304,-6.83293758630442e-05,0.009613244315856842,0.0006571719076794825,0.9999535734172381
110,460000000,110.46,terrain_world,differential_drive_robot,11.759417446294426,11.407612831274974,0.006008030730651352,-4.224368107626113e-05,0.009964976484331534,0.0006591977184798075,0.9999501302152553
110,480000000,110.48,terrain_world,differential_drive_robot,11.765320639505651,11.407621358558492,0.006099555370263538,-1.6445837628471513e-05,0.010115905093086611,0.0006601719944741525,0.9999486148630937
110,500000000,110.5,terrain_world,differential_drive_robot,11.771226865224536,11.40763080722771,0.006104043623567029,-4.229280539906404e-06,0.010123207737377505,0.0006627927891518877,0.9999485393523697
110,520000000,110.52,terrain_world,differential_drive_robot,11.777131757306899,11.407638629320465,0.006104360126899726,-4.681145452858344e-06,0.010123638023778572,0.0006627882152803853,0.9999485349971928
110,540000000,110.54,terrain_world,differential_drive_robot,11.783036650366517,11.407646452407723,0.006104619026330331,-5.05072937487934e-06,0.01012399000584263,0.0006627844739224982,0.9999485314342897
110,560000000,110.56,terrain_world,differential_drive_robot,11.788941544227583,11.407654276308538,0.0061048308015009866,-5.353015099114594e-06,0.010124277926450594,0.000662781413599538,0.9999485285196489
110,580000000,110.58,terrain_world,differential_drive_robot,11.794846438745553,11.40766210087486,0.00610500402376754,-5.600257154464986e-06,0.010124513434896043,0.0006627789103836905,0.9999485261354505
110,600000000,110.6,terrain_world,differential_drive_robot,11.800751333801433,11.407669925985576,0.00610514570369551,-5.802478603639192e-06,0.010124706059186517,0.0006627768628919139,0.9999485241853084
110,620000000,110.62,terrain_world,differential_drive_robot,11.806656229297134,11.407677751541602,0.006105261575280996,-5.967877377990691e-06,0.010124863592341406,0.0006627751881878003,0.9999485225903736
110,640000000,110.64,terrain_world,differential_drive_robot,11.812561125151682,11.407685577461882,0.00610535632841794,-6.103158621288384e-06,0.010124992408346932,0.0006627738184273705,0.999948521286145
110,660000000,110.66,terrain_world,differential_drive_robot,11.818466021298091,11.407693403680113,0.006105433799035409,-6.213806516153065e-06,0.010125097720577693,0.0006627726981140254,0.99994852021986
110,680000000,110.68,terrain_world,differential_drive_robot,11.824370917680826,11.407701230142067,0.0061054971246126445,-6.304306612688151e-06,0.010125183793161019,0.0006627717818522901,0.999948519348359
110,700000000,110.7,terrain_world,differential_drive_robot,11.83027850683593,11.407709571248231,0.0060851955813262795,9.246113990297086e-06,0.010091676690511574,0.0006634713967911068,0.9999488575831212
110,720000000,110.72,terrain_world,differential_drive_robot,11.836184112279602,11.407717143035454,0.0059609777606189004,3.536391535977598e-05,0.009886669555816588,0.000662773633505639,0.9999509054176602
110,740000000,110.74,terrain_world,differential_drive_robot,11.842078341665474,11.40772408938633,0.005724728574485154,6.130571480330587e-05,0.009496654841035053,0.0006610707905797237,0.9999546853602165
110,760000000,110.76,terrain_world,differential_drive_robot,11.847952766986756,11.407730398577021,0.00538002479550319,8.704660404661459e-05,0.008927333693566014,0.000658377539662149,0.9999599300347127
110,780000000,110.78,terrain_world,differential_drive_robot,11.853797265367595,11.40773428126716,0.004932528055185933,0.00010708734892857133,0.008187767332007212,0.0006520369743729703,0.9999662613539522
110,800000000,110.8,terrain_world,differential_drive_robot,11.85960838298101,11.4077392315594,0.0043817349335973565,0.00013211435672477037,0.007276762871845126,0.0006473929349810788,0.9999733057188533
110,820000000,110.82,terrain_world,differential_drive_robot,11.86537491850702,11.407745321189442,0.0037350297887743383,0.00016232199805120946,0.006206094723986282,0.0006444024690216275,0.9999805212029401
110,840000000,110.84,terrain_world,differential_drive_robot,11.871093225306133,11.407748963354107,0.0029927249413639417,0.00018688913550229556,0.004975771082642745,0.0006378840257264481,0.9999873998598952
110,860000000,110.86,terrain_world,differential_drive_robot,11.876754883429008,11.407751928436724,0.002160084276210803,0.00021109442498337696,0.00359395361104082,0.0006304673443185467,0.9999933207014501
110,880000000,110.88,terrain_world,differential_drive_robot,11.882353443320229,11.4077542130561,0.0012407665464236437,0.00023490955090175165,0.0020661007677372357,0.0006221745096401611,0.9999976444692258
110,900000000,110.9,terrain_world,differential_drive_robot,11.887882699200945,11.407755809600431,0.0002383927848983762,0.0002583008726531452,0.0003975706998225592,0.0006130208139539085,0.9999996997117946
110,920000000,110.92,terrain_world,differential_drive_robot,11.893526672231786,11.407768912287002,-1.968233584113332e-05,-5.3126172887051855e-05,-2.2561670946308078e-05,0.0006549690596596036,0.9999997838420325
110,940000000,110.94,terrain_world,differential_drive_robot,11.89943156759245,11.407776644828274,-1.609942029034502e-05,-4.343834802339765e-05,-1.8452277099225705e-05,0.0006549653107117057,0.9999997843965094
110,960000000,110.96,terrain_world,differential_drive_robot,11.905336462912244,11.407784377526713,-1.3168920054743223e-05,-3.5515055542968724e-05,-1.5091244339819272e-05,0.0006549617630855255,0.9999997847679889
110,980000000,110.98,terrain_world,differential_drive_robot,11.911241358202135,11.407792110335752,-1.077204515573684e-05,-2.9035007752358297e-05,-1.234229096977705e-05,0.0006549583793983803,0.9999997850170557
111,0,111.0,terrain_world,differential_drive_robot,11.917146253469385,11.407799843225519,-8.811633241466854e-06,-2.3735420581763737e-05,-1.0093955022852553e-05,0.0006549551361888959,0.9999997851842326
111,20000000,111.02,terrain_world,differential_drive_robot,11.923051148718786,11.407807576177314,-7.208212385659808e-06,-1.9401360457065007e-05,-8.25507347720967e-06,0.0006549520192939368,0.9999997852966237
111,40000000,111.04,terrain_world,differential_drive_robot,11.92895604395349,11.407815309179927,-5.896780478944128e-06,-1.5857031031233932e-05,-6.751085097185872e-06,0.0006549490207520706,0.9999997853723558
111,60000000,111.06,terrain_world,differential_drive_robot,11.934860939175556,11.407823042227154,-4.824170840614573e-06,-1.2958646539599174e-05,-5.521006787118062e-06,0.0006549461367288502,0.999999785423552
111,80000000,111.08,terrain_world,differential_drive_robot,11.940765834386344,11.407830775316148,-3.946897381189558e-06,-1.0588602865044735e-05,-4.514960722364053e-06,0.0006549433661265872,0.9999997854583189
111,100000000,111.1,terrain_world,differential_drive_robot,11.946670729586739,11.407838508446321,-3.2293920445384935e-06,-8.650710007203664e-06,-3.6921519028590437e-06,0.0006549407096522353,0.999999785482077
111,120000000,111.12,terrain_world,differential_drive_robot,11.952575624777342,11.407846241618584,-2.642563133385364e-06,-7.066292678663056e-06,-3.019214069950772e-06,0.0006549381691921277,0.9999997854984501
111,140000000,111.14,terrain_world,differential_drive_robot,11.958119220019805,11.407787985235508,0.0004340874881142183,-0.0003129955357035741,0.0007368340013310814,0.0005524911894885223,0.9999995269313554
111,160000000,111.16,terrain_world,differential_drive_robot,11.963385864196855,11.407834812022479,0.0017045093038278055,-0.0003034921631386129,0.0028479961085965725,0.0006337315419829201,0.9999956975882471
111,180000000,111.18,terrain_world,differential_drive_robot,11.968862081039594,11.407850757444058,0.0028560102239028142,-0.0002654174523115266,0.004757977406664721,0.0006482299209694097,0.999988435434402
111,200000000,111.2,terrain_world,differential_drive_robot,11.974435009077958,11.407866628521,0.0038628367522568585,-0.0002254579765074543,0.006425157865438958,0.0006623132761361361,0.9999791137099961
111,220000000,111.22,terrain_world,differential_drive_robot,11.98008991416973,11.407881273763724,0.004729293494947646,-0.00018884720606361364,0.007857792631073224,0.0006739072972275996,0.9999688821561671
111,240000000,111.24,terrain_world,differential_drive_robot,11.985814332193337,11.407894910104659,0.005457910494430442,-0.00015506061266247983,0.009060999774948368,0.0006834618310406232,0.9999587027068719
111,260000000,111.26,terrain_world,differential_drive_robot,11.99159768180044,11.40790641706419,0.006050152187921636,-0.00012735700224437396,0.01003795848591862,0.0006890250373896725,0.999949372925513
111,280000000,111.28,terrain_world,differential_drive_robot,11.997426853172225,11.407917340570972,0.00651104459045621,-9.96108218101511e-05,0.010797569773438244,0.0006934392960776448,0.9999414591397912
111,300000000,111.3,terrain_world,differential_drive_robot,12.003291004853597,11.407927661375986,0.006843628640752187,-7.188287465062401e-05,0.011345294789699941,0.0006967124072232878,0.9999353947684865
111,320000000,111.32,terrain_world,differential_drive_robot,12.009179750695605,11.407937364417375,0.007051070229752524,-4.424265345854523e-05,0.011686661084194765,0.0006988594652370783,0.9999314634467398
111,340000000,111.34,terrain_world,differential_drive_robot,12.01508311479467,11.407946433542243,0.007136940862355178,-1.6901858294979932e-05,0.0118277360596947,0.0006998948762953032,0.9999298047969125
111,360000000,111.36,terrain_world,differential_drive_robot,12.020989374249273,11.407956351341486,0.007139899118828517,-5.4640066502602965e-06,0.01183226702899484,0.0007025059894823319,0.9999297494886498
111,380000000,111.38,terrain_world,differential_drive_robot,12.026894263555617,11.407964640712551,0.007140282969637296,-5.982920366675989e-06,0.011832612052390981,0.0007024999533163413,0.9999297454071651
111,400000000,111.4,terrain_world,differential_drive_robot,12.032799153747685,11.407972931406844,0.007140596923984438,-6.407363267952483e-06,0.011832894249303826,0.0007024950153262655,0.9999297420686035
111,420000000,111.42,terrain_world,differential_drive_robot,12.038704044637894,11.407981223167992,0.007140853710140425,-6.754539652874997e-06,0.011833125061095833,0.0007024909495997773,0.9999297393377848
111,440000000,111.44,terrain_world,differential_drive_robot,12.044608935907283,11.40798951579467,0.007141063877166514,-7.038532770664654e-06,0.011833314073912369,0.0007024875870706505,0.9999297371014011
111,460000000,111.46,terrain_world,differential_drive_robot,12.050513827758786,11.407997809151592,0.007141236017553017,-7.270813035118455e-06,0.011833469069592149,0.0007024848362843967,0.9999297352674182
111,480000000,111.48,terrain_world,differential_drive_robot,12.056418720105327,11.40800610310583,0.007141377054295758,-7.460797016845774e-06,0.011833596240154957,0.0007024825858763294,0.999929733762617
111,500000000,111.5,terrain_world,differential_drive_robot,12.062323612875566,11.408014397548666,0.0071414926493897695,-7.616186593298558e-06,0.011833700649475944,0.000702480744752324,0.9999297325271089
111,520000000,111.52,terrain_world,differential_drive_robot,12.068228506011017,11.408022692391155,0.007141587433450281,-7.743281182545794e-06,0.011833786438718429,0.0007024792384005948,0.9999297315119118
111,540000000,111.54,terrain_world,differential_drive_robot,12.07413339946366,11.408030987560563,0.007141665193522346,-7.847233121501105e-06,0.011833856994359395,0.0007024780058741326,0.9999297306769657
111,560000000,111.56,terrain_world,differential_drive_robot,12.080042589342908,11.408039412045053,0.007116715881681091,8.750427428332346e-06,0.011792716439795604,0.0007024858017482993,0.9999302167031953
111,580000000,111.58,terrain_world,differential_drive_robot,12.085948813446755,11.408047392359535,0.00698608800864807,3.626849273739967e-05,0.011577455548779246,0.0007016326320733169,0.9999327321971524
111,600000000,111.6,terrain_world,differential_drive_robot,12.091839411303155,11.408054699102218,0.006747548332999417,6.359382789574584e-05,0.011184276897003617,0.000699711273304579,0.9999372071836562
111,620000000,111.62,terrain_world,differential_drive_robot,12.097713233395949,11.40806155634331,0.006397354466058677,9.127993747941805e-05,0.010606806963805445,0.0006970934641029514,0.9999434990911776
111,640000000,111.64,terrain_world,differential_drive_robot,12.103559691169378,11.408067577547508,0.005941932928553834,0.0001182820642203453,0.009855345925283143,0.0006932081194706385,0.9999511876229507
111,660000000,111.66,terrain_world,differential_drive_robot,12.109370556572348,11.408072907132269,0.00538532390551861,0.0001449905350636245,0.008936190118788885,0.0006883155569829463,0.9999598240457461
111,680000000,111.68,terrain_world,differential_drive_robot,12.115138483324348,11.408077533501768,0.004731177458886719,0.00017141054651919393,0.007854927290922978,0.0006824293828534484,0.9999689020293663
111,700000000,111.7,terrain_world,differential_drive_robot,12.120856447850276,11.408081452834281,0.003983113518754228,0.00019747257919315738,0.006617037714340704,0.0006755753988828979,0.9999778594620723
111,720000000,111.72,terrain_world,differential_drive_robot,12.126517745369652,11.408084658606784,0.003144745885491587,0.0002231495288425282,0.005227940923903812,0.0006677735483352007,0.9999860863614414
111,740000000,111.74,terrain_world,differential_drive_robot,12.13211597901646,11.408087138992466,0.0022196707793863744,0.00024844734634426815,0.0036929834005307656,0.0006590343101171351,0.9999929328856767
111,760000000,111.76,terrain_world,differential_drive_robot,12.137645046408558,11.4080888979684,0.001211453608817212,0.00027329559373652143,0.002017422754429919,0.0006493919281088678,0.9999977167999295
111,780000000,111.78,terrain_world,differential_drive_robot,12.14309691816949,11.408087860275911,0.00012570971760332038,0.0002918381355827363,0.00020989757168740874,0.0006362352827720854,0.9999997329890529
111,800000000,111.8,terrain_world,differential_drive_robot,12.14872541886711,11.408087074618173,-3.4538477145035295e-05,-4.300296637768087e-05,-3.575398505235309e-05,0.0006626840312017731,0.9999997788611117
111,820000000,111.82,terrain_world,differential_drive_robot,12.15463031549086,11.408094900088715,-2.8246627059826227e-05,-3.517250340206885e-05,-2.9236163533658914e-05,0.0006626835175891854,0.9999997793793243
111,840000000,111.84,terrain_world,differential_drive_robot,12.160535212109709,11.408102725782058,-2.3100286073488607e-05,-2.8767914212739502e-05,-2.390494819455744e-05,0.000662683171795312,0.9999997797259629
111,860000000,111.86,terrain_world,differential_drive_robot,12.166440108749567,11.408110551624674,-1.889088309101004e-05,-2.3529557051486584e-05,-1.954427073902733e-05,0.0006626829385769773,0.999999779957828
111,880000000,111.88,terrain_world,differential_drive_robot,12.172345005426857,11.408118377567352,-1.544782299720856e-05,-1.9245069125357053e-05,-1.5977410338128425e-05,0.0006626827809268207,0.9999997801129166
111,900000000,111.9,terrain_world,differential_drive_robot,12.178249902151599,11.40812620357712,-1.2631572676881866e-05,-1.574075743616579e-05,-1.3059827871413165e-05,0.0006626826740462238,0.9999997802166474
111,920000000,111.92,terrain_world,differential_drive_robot,12.184154798929491,11.408134029631919,-1.032800562694679e-05,-1.2874557279221005e-05,-1.0673305280221494e-05,0.0006626826013115923,0.999999780286024
111,940000000,111.94,terrain_world,differential_drive_robot,12.190059695763308,11.40814185571696,-8.443776110736413e-06,-1.0530272950222555e-05,-8.721152289266069e-06,0.0006626825515745315,0.9999997803324212
111,960000000,111.96,terrain_world,differential_drive_robot,12.195964592653828,11.408149681822334,-6.9025354693318415e-06,-8.612867179250342e-06,-7.124286074402784e-06,0.000662682517354573,0.999999780363448
111,980000000,111.98,terrain_world,differential_drive_robot,12.20186948960046,11.408157507941409,-5.641837297836866e-06,-7.044608326176804e-06,-5.818024878456016e-06,0.0006626824936292602,0.9999997803841942
112,0,112.0,terrain_world,differential_drive_robot,12.207774386601677,11.408165334069732,-4.610606088066466e-06,-5.761919145154507e-06,-4.749465542372195e-06,0.0006626824770238201,0.9999997803980647
112,20000000,112.02,terrain_world,differential_drive_robot,12.21367928365528,11.408173160204306,-3.7670667606452e-06,-4.71279936700123e-06,-3.8753386065062865e-06,0.00066268246526864,0.9999997804073366
112,40000000,112.04,terrain_world,differential_drive_robot,12.21958418075861,11.408180986343131,-3.0770511793061607e-06,-3.854717611875437e-06,-3.160254007625315e-06,0.0006626824568356347,0.9999997804135335
112,60000000,112.06,terrain_world,differential_drive_robot,12.225489077908666,11.408188812484859,-2.5126130132759133e-06,-3.152887169863196e-06,-2.575266238565619e-06,0.0006626824506946247,0.9999997804176743
112,80000000,112.08,terrain_world,differential_drive_robot,12.231393975102197,11.408196638628583,-2.0508948075700973e-06,-2.5788557499634478e-06,-2.0967007932160552e-06,0.0006626824461500775,0.9999997804204404
112,100000000,112.1,terrain_world,differential_drive_robot,12.237298872335773,11.40820446477369,-1.6732013411689664e-06,-2.1093520261974242e-06,-1.7051943149035562e-06,0.0006626824427315194,0.9999997804222874
112,120000000,112.12,terrain_world,differential_drive_robot,12.243203769605813,11.408212290919765,-1.3642417130108674e-06,-1.7253422196933276e-06,-1.3849095318710773e-06,0.0006626824401199719,0.9999997804235202
112,140000000,112.14,terrain_world,differential_drive_robot,12.249108666908626,11.408220117066525,-1.1115094339749524e-06,-1.4112584704939291e-06,-1.1228931506409706e-06,0.0006626824380986722,0.9999997804243427
112,160000000,112.16,terrain_world,differential_drive_robot,12.255013564240445,11.408227943213785,-9.047753965754352e-07,-1.1543677177650438e-06,-9.085506746726896e-07,0.000662682436519824,0.999999780424891
112,180000000,112.18,terrain_world,differential_drive_robot,12.260918461597416,11.408235769361411,-7.356731691561643e-07,-9.442555023599626e-07,-7.332168562655837e-07,0.0006626824352822975,0.9999997804252563
112,200000000,112.2,terrain_world,differential_drive_robot,12.266823358975643,11.408243595509312,-5.973598036713315e-07,-7.724037654771926e-07,-5.898043671203447e-07,0.0006626824343165984,0.9999997804254993
112,220000000,112.22,terrain_world,differential_drive_robot,12.272728256371181,11.408251421657429,-4.842384069969254e-07,-6.318455273578219e-07,-4.7251644411788265e-07,0.0006626824335746867,0.9999997804256607
112,240000000,112.24,terrain_world,differential_drive_robot,12.278633153780042,11.408259247805715,-3.9173122946934264e-07,-5.168824464376828e-07,-3.7661186077890996e-07,0.0006626824330231558,0.9999997804257679
112,260000000,112.26,terrain_world,differential_drive_robot,12.284538051198224,11.40826707395414,-3.1609407203218134e-07,-4.228538090405247e-07,-2.9821269615816885e-07,0.0006626824326385851,0.9999997804258388
112,280000000,112.28,terrain_world,differential_drive_robot,12.290442948621697,11.408274900102677,-2.5426448827808365e-07,-3.459475846372408e-07,-2.3414710790212464e-07,0.0006626824324043733,0.9999997804258856
112,300000000,112.3,terrain_world,differential_drive_robot,12.29634784604643,11.408282726251313,-2.0373762774831252e-07,-2.830458863724688e-07,-1.8182073551613128e-07,0.0006626824323086048,0.9999997804259163
112,320000000,112.32,terrain_world,differential_drive_robot,12.302252743468378,11.408290552400036,-1.624646872363505e-07,-2.315985724949257e-07,-1.3911152041973422e-07,0.0006626824323425774,0.9999997804259363
112,340000000,112.34,terrain_world,differential_drive_robot,12.308157640883506,11.40829837854883,-1.287698534145165e-07,-1.8951986380314759e-07,-1.0428367873527253e-07,0.0006626824324997943,0.9999997804259493
112,360000000,112.36,terrain_world,differential_drive_robot,12.31406253828778,11.408306204697686,-1.0128236977572138e-07,-1.5510378646131164e-07,-7.591733942021951e-08,0.0006626824327752805,0.9999997804259576
112,380000000,112.38,terrain_world,differential_drive_robot,12.31996743567719,11.408314030846602,-7.888097373715371e-08,-1.2695501210256397e-07,-5.28509949410981e-08,0.000662682433165093,0.9999997804259628
112,400000000,112.4,terrain_world,differential_drive_robot,12.325872333047755,11.408321856995565,-6.064845153593197e-08,-1.0393229143710135e-07,-3.413443162751635e-08,0.0006626824336659948,0.9999997804259659
112,420000000,112.42,terrain_world,differential_drive_robot,12.331777230395508,11.408329683144572,-4.583446861688832e-08,-8.510218822047731e-08,-1.8990231534442543e-08,0.0006626824342752151,0.9999997804259677
112,440000000,112.44,terrain_world,differential_drive_robot,12.337682127716523,11.408337509293617,-3.382516841397693e-08,-6.970123805752132e-08,-6.782284702283354e-09,0.0006626824349902908,0.9999997804259686
112,460000000,112.46,terrain_world,differential_drive_robot,12.343587025006912,11.408345335442696,-2.4118307344104915e-08,-5.7104997582361895e-08,3.0099642628780287e-09,0.0006626824358089283,0.9999997804259689
112,480000000,112.48,terrain_world,differential_drive_robot,12.34949192226284,11.408353161591803,-1.630291772454224e-08,-4.6802729832937606e-08,1.0812579799175269e-08,0.0006626824367289518,0.9999997804259688
112,500000000,112.5,terrain_world,differential_drive_robot,12.355396819480521,11.408360987740918,-1.0042674202456175e-08,-3.837669908018844e-08,1.6974362986633132e-08,0.0006626824377482297,0.9999997804259684
112,520000000,112.52,terrain_world,differential_drive_robot,12.361301716656234,11.408368813890068,-5.062289386789285e-09,-3.148523594972322e-08,2.1780941542548547e-08,0.0006626824388646128,0.9999997804259678
112,540000000,112.54,terrain_world,differential_drive_robot,12.367206613786314,11.408376640039219,-1.136387031950722e-09,-2.5848886322257452e-08,2.5466293635461946e-08,0.0006626824400759212,0.999999780425967
112,560000000,112.56,terrain_world,differential_drive_robot,12.373111510867178,11.40838446618837,1.919598358382242e-09,-2.1239082446157015e-08,2.8222172791366843e-08,0.0006626824413799268,0.9999997804259663
112,580000000,112.58,terrain_world,differential_drive_robot,12.379016407895307,11.40839229233752,4.256864397556122e-09,-1.7468876800560543e-08,3.0205815901886295e-08,0.0006626824427743348,0.9999997804259653
112,600000000,112.6,terrain_world,differential_drive_robot,12.384921304867271,11.408400118486671,5.9993280564687675e-09,-1.438536346794357e-08,3.154624708767646e-08,0.0006626824442567469,0.9999997804259644
112,620000000,112.62,terrain_world,differential_drive_robot,12.390826201779726,11.408407944635822,7.2486040631780365e-09,-1.1863479400273344e-08,3.2349433033261564e-08,0.000662682445824687,0.9999997804259633
112,640000000,112.64,terrain_world,differential_drive_robot,12.39673109862942,11.408415770784945,8.088076347616475e-09,-9.800934417745959e-09,3.270249885966333e-08,0.0006626824474755756,0.9999997804259622
112,660000000,112.66,terrain_world,differential_drive_robot,12.402635995413196,11.40842359693406,8.586227694415386e-09,-8.114064472521842e-09,3.2677175611064055e-08,0.000662682449206714,0.999999780425961
112,680000000,112.68,terrain_world,differential_drive_robot,12.408540892128006,11.40843142308314,8.799362672366585e-09,-6.7344400583506825e-09,3.233261933182657e-08,0.0006626824510153127,0.9999997804259599
112,700000000,112.7,terrain_world,differential_drive_robot,12.414445788770898,11.408439249232195,8.7738342515898e-09,-5.606092039886872e-09,3.1717715932038386e-08,0.0006626824528985548,0.9999997804259587
112,720000000,112.72,terrain_world,differential_drive_robot,12.420350685302209,11.408447075352335,8.54932723172424e-09,-4.687102597618494e-09,3.0875401051103915e-08,0.0006626824069599748,0.9999997804259891
112,740000000,112.74,terrain_world,differential_drive_robot,12.426255581646224,11.408454901385037,8.169871657391311e-09,-3.9728866892719635e-09,2.9860058004032746e-08,0.0006626822182418523,0.9999997804261143
112,760000000,112.76,terrain_world,differential_drive_robot,12.432160477916174,11.408462727420156,7.661360721502071e-09,-3.432161781711787e-09,2.8699320380685274e-08,0.0006626820373553787,0.9999997804262342
112,780000000,112.78,terrain_world,differential_drive_robot,12.438065374109176,11.408470553457427,7.042415281274586e-09,-3.0317528796902742e-09,2.7411532537608987e-08,0.0006626818637169225,0.9999997804263493
112,800000000,112.8,terrain_world,differential_drive_robot,12.443970270111564,11.40847837960134,6.339336389345601e-09,-2.7117324709810144e-09,2.6030171770238194e-08,0.0006626818703035069,0.999999780426345
112,820000000,112.82,terrain_world,differential_drive_robot,12.449875166013395,11.408486205766529,5.574189759398571e-09,-2.4236997893855635e-09,2.4583541939980896e-08,0.000662681911765031,0.9999997804263175
112,840000000,112.84,terrain_world,differential_drive_robot,12.455780061837578,11.408494031929049,4.754365131503706e-09,-2.164268774058231e-09,2.3077005953195362e-08,0.0006626819481811696,0.9999997804262934
112,860000000,112.86,terrain_world,differential_drive_robot,12.461684957581454,11.408501858089105,3.886864005634647e-09,-1.9303327916578975e-09,2.1516545941286096e-08,0.0006626819799916725,0.9999997804262724
112,880000000,112.88,terrain_world,differential_drive_robot,12.46758985324266,11.408509684246868,2.9784724395314213e-09,-1.7189993551203003e-09,1.9908820755739053e-08,0.0006626820075803071,0.9999997804262541
112,900000000,112.9,terrain_world,differential_drive_robot,12.473494748819112,11.408517510402483,2.035950308097675e-09,-1.5275436151042638e-09,1.8261292818101542e-08,0.0006626820312754615,0.9999997804262385
112,920000000,112.92,terrain_world,differential_drive_robot,12.479399644309023,11.408525336556073,1.0662728548339477e-09,-1.3533501579507727e-09,1.6582476434210392e-08,0.0006626820513491729,0.9999997804262252
112,940000000,112.94,terrain_world,differential_drive_robot,12.48530453971094,11.408533162707718,7.697412197897627e-11,-1.1938315577037215e-09,1.488238405818e-08,0.0006626820680137578,0.9999997804262142
112,960000000,112.96,terrain_world,differential_drive_robot,12.491209435023759,11.408540988857466,-9.233105712804928e-10,-1.0463021829194568e-09,1.3173327268074e-08,0.0006626820814144671,0.9999997804262053
112,980000000,112.98,terrain_world,differential_drive_robot,12.497114330246822,11.408548815005316,-1.9238949169100826e-09,-9.077574171690379e-10,1.1471415357537336e-08,0.0006626820916152931,0.9999997804261985
113,0,113.0,terrain_world,differential_drive_robot,12.50301922538001,11.408556641151204,-2.910183611298051e-09,-7.744360559535838e-10,9.79958326258916e-09,0.0006626820985715201,0.999999780426194
113,20000000,113.02,terrain_world,differential_drive_robot,12.508924120423972,11.408564467294966,-3.859507696391331e-09,-6.408087083213902e-10,8.194476824563105e-09,0.0006626821020738802,0.9999997804261916
113,40000000,113.04,terrain_world,differential_drive_robot,12.514829015380647,11.408572293436258,-4.729802288753328e-09,-4.967001133248904e-10,6.7252789637038824e-09,0.0006626821016212197,0.999999780426192
113,60000000,113.06,terrain_world,differential_drive_robot,12.52029606508923,11.408576819585258,-5.2792307715096775e-09,-4.2830346534835397e-10,6.8325787303856696e-09,0.0006656631269804206,0.9999997784462761
113,80000000,113.08,terrain_world,differential_drive_robot,12.52378318214055,11.408577425365687,-5.644604392943082e-09,-4.0695959066570006e-10,7.491843680960805e-09,0.0006666730578392831,0.9999997777734922
113,100000000,113.1,terrain_world,differential_drive_robot,12.525156153586417,11.408577013715142,-5.943427271158111e-09,-3.875963483932768e-10,8.031092702689033e-09,0.0006659871408266083,0.9999997782305395
113,120000000,113.12,terrain_world,differential_drive_robot,12.525179754235051,11.4085769316204,-5.983292262226273e-09,-3.849780917021633e-10,8.103033367180255e-09,0.0006658503507338279,0.9999997783216307
113,140000000,113.14,terrain_world,differential_drive_robot,12.525179754235051,11.4085769316204,-5.983292262226273e-09,-3.849780917021633e-10,8.103033367180255e-09,0.0006658503507338279,0.9999997783216307
113,160000000,113.16,terrain_world,differential_drive_robot,12.525179754235051,11.4085769316204,-5.983292262226273e-09,-3.849780917021633e-10,8.103033367180255e-09,0.0006658503507338279,0.9999997783216307
113,180000000,113.18,terrain_world,differential_drive_robot,12.525179754235051,11.4085769316204,-5.983292262226273e-09,-3.849780917021633e-10,8.103033367180255e-09,0.0006658503507338279,0.9999997783216307
113,200000000,113.2,terrain_world,differential_drive_robot,12.525179754235051,11.4085769316204,-5.983292262226273e-09,-3.849780917021633e-10,8.103033367180255e-09,0.0006658503507338279,0.9999997783216307
113,220000000,113.22,terrain_world,differential_drive_robot,12.525179754235051,11.4085769316204,-5.983292262226273e-09,-3.849780917021633e-10,8.103033367180255e-09,0.0006658503507338279,0.9999997783216307
113,240000000,113.24,terrain_world,differential_drive_robot,12.525179754235051,11.4085769316204,-5.983292262226273e-09,-3.849780917021633e-10,8.103033367180255e-09,0.0006658503507338279,0.9999997783216307
113,260000000,113.26,terrain_world,differential_drive_robot,12.525179754235051,11.4085769316204,-5.983292262226273e-09,-3.849780917021633e-10,8.103033367180255e-09,0.0006658503507338279,0.9999997783216307
113,280000000,113.28,terrain_world,differential_drive_robot,12.525179754235051,11.4085769316204,-5.983292262226273e-09,-3.849780917021633e-10,8.103033367180255e-09,0.0006658503507338279,0.9999997783216307
113,300000000,113.3,terrain_world,differential_drive_robot,12.525179754235051,11.4085769316204,-5.983292262226273e-09,-3.849780917021633e-10,8.103033367180255e-09,0.0006658503507338279,0.9999997783216307
113,320000000,113.32,terrain_world,differential_drive_robot,12.525179754235051,11.4085769316204,-5.983292262226273e-09,-3.849780917021633e-10,8.103033367180255e-09,0.0006658503507338279,0.9999997783216307
113,340000000,113.34,terrain_world,differential_drive_robot,12.525179754235051,11.4085769316204,-5.983292262226273e-09,-3.849780917021633e-10,8.103033367180255e-09,0.0006658503507338279,0.9999997783216307
113,360000000,113.36,terrain_world,differential_drive_robot,12.525179754235051,11.4085769316204,-5.983292262226273e-09,-3.849780917021633e-10,8.103033367180255e-09,0.0006658503507338279,0.9999997783216307
113,380000000,113.38,terrain_world,differential_drive_robot,12.525179754235051,11.4085769316204,-5.983292262226273e-09,-3.849780917021633e-10,8.103033367180255e-09,0.0006658503507338279,0.9999997783216307
113,400000000,113.4,terrain_world,differential_drive_robot,12.525179754235051,11.4085769316204,-5.983292262226273e-09,-3.849780917021633e-10,8.103033367180255e-09,0.0006658503507338279,0.9999997783216307
113,420000000,113.42,terrain_world,differential_drive_robot,12.525179754235051,11.4085769316204,-5.983292262226273e-09,-3.849780917021633e-10,8.103033367180255e-09,0.0006658503507338279,0.9999997783216307
113,440000000,113.44,terrain_world,differential_drive_robot,12.525179754235051,11.4085769316204,-5.983292262226273e-09,-3.849780917021633e-10,8.103033367180255e-09,0.0006658503507338279,0.9999997783216307
113,460000000,113.46,terrain_world,differential_drive_robot,12.525179754235051,11.4085769316204,-5.983292262226273e-09,-3.849780917021633e-10,8.103033367180255e-09,0.0006658503507338279,0.9999997783216307
113,480000000,113.48,terrain_world,differential_drive_robot,12.525179754235051,11.4085769316204,-5.983292262226273e-09,-3.849780917021633e-10,8.103033367180255e-09,0.0006658503507338279,0.9999997783216307
113,500000000,113.5,terrain_world,differential_drive_robot,12.525179754235051,11.4085769316204,-5.983292262226273e-09,-3.849780917021633e-10,8.103033367180255e-09,0.0006658503507338279,0.9999997783216307
113,520000000,113.52,terrain_world,differential_drive_robot,12.525179754235051,11.4085769316204,-5.983292262226273e-09,-3.849780917021633e-10,8.103033367180255e-09,0.0006658503507338279,0.9999997783216307
113,540000000,113.54,terrain_world,differential_drive_robot,12.525179754235051,11.4085769316204,-5.983292262226273e-09,-3.849780917021633e-10,8.103033367180255e-09,0.0006658503507338279,0.9999997783216307
113,560000000,113.56,terrain_world,differential_drive_robot,12.525179754235051,11.4085769316204,-5.983292262226273e-09,-3.849780917021633e-10,8.103033367180255e-09,0.0006658503507338279,0.9999997783216307
113,580000000,113.58,terrain_world,differential_drive_robot,12.525179754235051,11.4085769316204,-5.983292262226273e-09,-3.849780917021633e-10,8.103033367180255e-09,0.0006658503507338279,0.9999997783216307
113,600000000,113.6,terrain_world,differential_drive_robot,12.525179754235051,11.4085769316204,-5.983292262226273e-09,-3.849780917021633e-10,8.103033367180255e-09,0.0006658503507338279,0.9999997783216307
113,620000000,113.62,terrain_world,differential_drive_robot,12.525179754235051,11.4085769316204,-5.983292262226273e-09,-3.849780917021633e-10,8.103033367180255e-09,0.0006658503507338279,0.9999997783216307
113,640000000,113.64,terrain_world,differential_drive_robot,12.525179754235051,11.4085769316204,-5.983292262226273e-09,-3.849780917021633e-10,8.103033367180255e-09,0.0006658503507338279,0.9999997783216307
113,660000000,113.66,terrain_world,differential_drive_robot,12.525179754235051,11.4085769316204,-5.983292262226273e-09,-3.849780917021633e-10,8.103033367180255e-09,0.0006658503507338279,0.9999997783216307
113,680000000,113.68,terrain_world,differential_drive_robot,12.525179754235051,11.4085769316204,-5.983292262226273e-09,-3.849780917021633e-10,8.103033367180255e-09,0.0006658503507338279,0.9999997783216307
113,700000000,113.7,terrain_world,differential_drive_robot,12.525179754235051,11.4085769316204,-5.983292262226273e-09,-3.849780917021633e-10,8.103033367180255e-09,0.0006658503507338279,0.9999997783216307
113,720000000,113.72,terrain_world,differential_drive_robot,12.525179754235051,11.4085769316204,-5.983292262226273e-09,-3.849780917021633e-10,8.103033367180255e-09,0.0006658503507338279,0.9999997783216307
113,740000000,113.74,terrain_world,differential_drive_robot,12.525179754235051,11.4085769316204,-5.983292262226273e-09,-3.849780917021633e-10,8.103033367180255e-09,0.0006658503507338279,0.9999997783216307
113,760000000,113.76,terrain_world,differential_drive_robot,12.525179754235051,11.4085769316204,-5.983292262226273e-09,-3.849780917021633e-10,8.103033367180255e-09,0.0006658503507338279,0.9999997783216307
113,780000000,113.78,terrain_world,differential_drive_robot,12.525179754235051,11.4085769316204,-5.983292262226273e-09,-3.849780917021633e-10,8.103033367180255e-09,0.0006658503507338279,0.9999997783216307
113,800000000,113.8,terrain_world,differential_drive_robot,12.525179754235051,11.4085769316204,-5.983292262226273e-09,-3.849780917021633e-10,8.103033367180255e-09,0.0006658503507338279,0.9999997783216307
113,820000000,113.82,terrain_world,differential_drive_robot,12.525179754235051,11.4085769316204,-5.983292262226273e-09,-3.849780917021633e-10,8.103033367180255e-09,0.0006658503507338279,0.9999997783216307
113,840000000,113.84,terrain_world,differential_drive_robot,12.525179754235051,11.4085769316204,-5.983292262226273e-09,-3.849780917021633e-10,8.103033367180255e-09,0.0006658503507338279,0.9999997783216307
113,860000000,113.86,terrain_world,differential_drive_robot,12.525179754235051,11.4085769316204,-5.983292262226273e-09,-3.849780917021633e-10,8.103033367180255e-09,0.0006658503507338279,0.9999997783216307
113,880000000,113.88,terrain_world,differential_drive_robot,12.525179754235051,11.4085769316204,-5.983292262226273e-09,-3.849780917021633e-10,8.103033367180255e-09,0.0006658503507338279,0.9999997783216307
113,900000000,113.9,terrain_world,differential_drive_robot,12.525179754235051,11.4085769316204,-5.983292262226273e-09,-3.849780917021633e-10,8.103033367180255e-09,0.0006658503507338279,0.9999997783216307
113,920000000,113.92,terrain_world,differential_drive_robot,12.525179754235051,11.4085769316204,-5.983292262226273e-09,-3.849780917021633e-10,8.103033367180255e-09,0.0006658503507338279,0.9999997783216307
113,940000000,113.94,terrain_world,differential_drive_robot,12.525179754235051,11.4085769316204,-5.983292262226273e-09,-3.849780917021633e-10,8.103033367180255e-09,0.0006658503507338279,0.9999997783216307
113,960000000,113.96,terrain_world,differential_drive_robot,12.525179754235051,11.4085769316204,-5.983292262226273e-09,-3.849780917021633e-10,8.103033367180255e-09,0.0006658503507338279,0.9999997783216307
113,980000000,113.98,terrain_world,differential_drive_robot,12.525179754235051,11.4085769316204,-5.983292262226273e-09,-3.849780917021633e-10,8.103033367180255e-09,0.0006658503507338279,0.9999997783216307
114,0,114.0,terrain_world,differential_drive_robot,12.525179754235051,11.4085769316204,-5.983292262226273e-09,-3.849780917021633e-10,8.103033367180255e-09,0.0006658503507338279,0.9999997783216307
114,20000000,114.02,terrain_world,differential_drive_robot,12.525179754235051,11.4085769316204,-5.983292262226273e-09,-3.849780917021633e-10,8.103033367180255e-09,0.0006658503507338279,0.9999997783216307
114,40000000,114.04,terrain_world,differential_drive_robot,12.525179754235051,11.4085769316204,-5.983292262226273e-09,-3.849780917021633e-10,8.103033367180255e-09,0.0006658503507338279,0.9999997783216307
114,60000000,114.06,terrain_world,differential_drive_robot,12.525179754235051,11.4085769316204,-5.983292262226273e-09,-3.849780917021633e-10,8.103033367180255e-09,0.0006658503507338279,0.9999997783216307
114,80000000,114.08,terrain_world,differential_drive_robot,12.525179754235051,11.4085769316204,-5.983292262226273e-09,-3.849780917021633e-10,8.103033367180255e-09,0.0006658503507338279,0.9999997783216307
114,100000000,114.1,terrain_world,differential_drive_robot,12.525179754235051,11.4085769316204,-5.983292262226273e-09,-3.849780917021633e-10,8.103033367180255e-09,0.0006658503507338279,0.9999997783216307
114,120000000,114.12,terrain_world,differential_drive_robot,12.525179754235051,11.4085769316204,-5.983292262226273e-09,-3.849780917021633e-10,8.103033367180255e-09,0.0006658503507338279,0.9999997783216307
114,140000000,114.14,terrain_world,differential_drive_robot,12.525179754235051,11.4085769316204,-5.983292262226273e-09,-3.849780917021633e-10,8.103033367180255e-09,0.0006658503507338279,0.9999997783216307
114,160000000,114.16,terrain_world,differential_drive_robot,12.525179754235051,11.4085769316204,-5.983292262226273e-09,-3.849780917021633e-10,8.103033367180255e-09,0.0006658503507338279,0.9999997783216307
114,180000000,114.18,terrain_world,differential_drive_robot,12.525179754235051,11.4085769316204,-5.983292262226273e-09,-3.849780917021633e-10,8.103033367180255e-09,0.0006658503507338279,0.9999997783216307
114,200000000,114.2,terrain_world,differential_drive_robot,12.525179754235051,11.4085769316204,-5.983292262226273e-09,-3.849780917021633e-10,8.103033367180255e-09,0.0006658503507338279,0.9999997783216307
114,220000000,114.22,terrain_world,differential_drive_robot,12.525179754235051,11.4085769316204,-5.983292262226273e-09,-3.849780917021633e-10,8.103033367180255e-09,0.0006658503507338279,0.9999997783216307
114,240000000,114.24,terrain_world,differential_drive_robot,12.525179754235051,11.4085769316204,-5.983292262226273e-09,-3.849780917021633e-10,8.103033367180255e-09,0.0006658503507338279,0.9999997783216307
114,260000000,114.26,terrain_world,differential_drive_robot,12.525179754235051,11.4085769316204,-5.983292262226273e-09,-3.849780917021633e-10,8.103033367180255e-09,0.0006658503507338279,0.9999997783216307
114,280000000,114.28,terrain_world,differential_drive_robot,12.525179754235051,11.4085769316204,-5.983292262226273e-09,-3.849780917021633e-10,8.103033367180255e-09,0.0006658503507338279,0.9999997783216307
114,300000000,114.3,terrain_world,differential_drive_robot,12.525179754235051,11.4085769316204,-5.983292262226273e-09,-3.849780917021633e-10,8.103033367180255e-09,0.0006658503507338279,0.9999997783216307
114,320000000,114.32,terrain_world,differential_drive_robot,12.525179754235051,11.4085769316204,-5.983292262226273e-09,-3.849780917021633e-10,8.103033367180255e-09,0.0006658503507338279,0.9999997783216307
114,340000000,114.34,terrain_world,differential_drive_robot,12.525179754235051,11.4085769316204,-5.983292262226273e-09,-3.849780917021633e-10,8.103033367180255e-09,0.0006658503507338279,0.9999997783216307
114,360000000,114.36,terrain_world,differential_drive_robot,12.525179754235051,11.4085769316204,-5.983292262226273e-09,-3.849780917021633e-10,8.103033367180255e-09,0.0006658503507338279,0.9999997783216307
114,380000000,114.38,terrain_world,differential_drive_robot,12.525179754235051,11.4085769316204,-5.983292262226273e-09,-3.849780917021633e-10,8.103033367180255e-09,0.0006658503507338279,0.9999997783216307
114,400000000,114.4,terrain_world,differential_drive_robot,12.525179754235051,11.4085769316204,-5.983292262226273e-09,-3.849780917021633e-10,8.103033367180255e-09,0.0006658503507338279,0.9999997783216307
114,420000000,114.42,terrain_world,differential_drive_robot,12.525179754235051,11.4085769316204,-5.983292262226273e-09,-3.849780917021633e-10,8.103033367180255e-09,0.0006658503507338279,0.9999997783216307
114,440000000,114.44,terrain_world,differential_drive_robot,12.525179754235051,11.4085769316204,-5.983292262226273e-09,-3.849780917021633e-10,8.103033367180255e-09,0.0006658503507338279,0.9999997783216307
114,460000000,114.46,terrain_world,differential_drive_robot,12.525179754235051,11.4085769316204,-5.983292262226273e-09,-3.849780917021633e-10,8.103033367180255e-09,0.0006658503507338279,0.9999997783216307
114,480000000,114.48,terrain_world,differential_drive_robot,12.525179754235051,11.4085769316204,-5.983292262226273e-09,-3.849780917021633e-10,8.103033367180255e-09,0.0006658503507338279,0.9999997783216307
114,500000000,114.5,terrain_world,differential_drive_robot,12.525179754235051,11.4085769316204,-5.983292262226273e-09,-3.849780917021633e-10,8.103033367180255e-09,0.0006658503507338279,0.9999997783216307
114,520000000,114.52,terrain_world,differential_drive_robot,12.525179754235051,11.4085769316204,-5.983292262226273e-09,-3.849780917021633e-10,8.103033367180255e-09,0.0006658503507338279,0.9999997783216307
114,540000000,114.54,terrain_world,differential_drive_robot,12.525179754235051,11.4085769316204,-5.983292262226273e-09,-3.849780917021633e-10,8.103033367180255e-09,0.0006658503507338279,0.9999997783216307
114,560000000,114.56,terrain_world,differential_drive_robot,12.525179754235051,11.4085769316204,-5.983292262226273e-09,-3.849780917021633e-10,8.103033367180255e-09,0.0006658503507338279,0.9999997783216307
114,580000000,114.58,terrain_world,differential_drive_robot,12.525179754235051,11.4085769316204,-5.983292262226273e-09,-3.849780917021633e-10,8.103033367180255e-09,0.0006658503507338279,0.9999997783216307
114,600000000,114.6,terrain_world,differential_drive_robot,12.525179754235051,11.4085769316204,-5.983292262226273e-09,-3.849780917021633e-10,8.103033367180255e-09,0.0006658503507338279,0.9999997783216307
114,620000000,114.62,terrain_world,differential_drive_robot,12.525179754235051,11.4085769316204,-5.983292262226273e-09,-3.849780917021633e-10,8.103033367180255e-09,0.0006658503507338279,0.9999997783216307
114,640000000,114.64,terrain_world,differential_drive_robot,12.525179754235051,11.4085769316204,-5.983292262226273e-09,-3.849780917021633e-10,8.103033367180255e-09,0.0006658503507338279,0.9999997783216307
114,660000000,114.66,terrain_world,differential_drive_robot,12.525179754235051,11.4085769316204,-5.983292262226273e-09,-3.849780917021633e-10,8.103033367180255e-09,0.0006658503507338279,0.9999997783216307
114,680000000,114.68,terrain_world,differential_drive_robot,12.525179754235051,11.4085769316204,-5.983292262226273e-09,-3.849780917021633e-10,8.103033367180255e-09,0.0006658503507338279,0.9999997783216307
114,700000000,114.7,terrain_world,differential_drive_robot,12.525179754235051,11.4085769316204,-5.983292262226273e-09,-3.849780917021633e-10,8.103033367180255e-09,0.0006658503507338279,0.9999997783216307
114,720000000,114.72,terrain_world,differential_drive_robot,12.525179754235051,11.4085769316204,-5.983292262226273e-09,-3.849780917021633e-10,8.103033367180255e-09,0.0006658503507338279,0.9999997783216307
114,740000000,114.74,terrain_world,differential_drive_robot,12.525179754235051,11.4085769316204,-5.983292262226273e-09,-3.849780917021633e-10,8.103033367180255e-09,0.0006658503507338279,0.9999997783216307
114,760000000,114.76,terrain_world,differential_drive_robot,12.525179754235051,11.4085769316204,-5.983292262226273e-09,-3.849780917021633e-10,8.103033367180255e-09,0.0006658503507338279,0.9999997783216307
114,780000000,114.78,terrain_world,differential_drive_robot,12.525179754235051,11.4085769316204,-5.983292262226273e-09,-3.849780917021633e-10,8.103033367180255e-09,0.0006658503507338279,0.9999997783216307
114,800000000,114.8,terrain_world,differential_drive_robot,12.525179754235051,11.4085769316204,-5.983292262226273e-09,-3.849780917021633e-10,8.103033367180255e-09,0.0006658503507338279,0.9999997783216307
114,820000000,114.82,terrain_world,differential_drive_robot,12.525179754235051,11.4085769316204,-5.983292262226273e-09,-3.849780917021633e-10,8.103033367180255e-09,0.0006658503507338279,0.9999997783216307
114,840000000,114.84,terrain_world,differential_drive_robot,12.525179754235051,11.4085769316204,-5.983292262226273e-09,-3.849780917021633e-10,8.103033367180255e-09,0.0006658503507338279,0.9999997783216307
114,860000000,114.86,terrain_world,differential_drive_robot,12.525179754235051,11.4085769316204,-5.983292262226273e-09,-3.849780917021633e-10,8.103033367180255e-09,0.0006658503507338279,0.9999997783216307
114,880000000,114.88,terrain_world,differential_drive_robot,12.525179754235051,11.4085769316204,-5.983292262226273e-09,-3.849780917021633e-10,8.103033367180255e-09,0.0006658503507338279,0.9999997783216307
114,900000000,114.9,terrain_world,differential_drive_robot,12.525179754235051,11.4085769316204,-5.983292262226273e-09,-3.849780917021633e-10,8.103033367180255e-09,0.0006658503507338279,0.9999997783216307
114,920000000,114.92,terrain_world,differential_drive_robot,12.525179754235051,11.4085769316204,-5.983292262226273e-09,-3.849780917021633e-10,8.103033367180255e-09,0.0006658503507338279,0.9999997783216307
114,940000000,114.94,terrain_world,differential_drive_robot,12.525179754235051,11.4085769316204,-5.983292262226273e-09,-3.849780917021633e-10,8.103033367180255e-09,0.0006658503507338279,0.9999997783216307
114,960000000,114.96,terrain_world,differential_drive_robot,12.525179754235051,11.4085769316204,-5.983292262226273e-09,-3.849780917021633e-10,8.103033367180255e-09,0.0006658503507338279,0.9999997783216307
114,980000000,114.98,terrain_world,differential_drive_robot,12.525179754235051,11.4085769316204,-5.983292262226273e-09,-3.849780917021633e-10,8.103033367180255e-09,0.0006658503507338279,0.9999997783216307
115,0,115.0,terrain_world,differential_drive_robot,12.525179754235051,11.4085769316204,-5.983292262226273e-09,-3.849780917021633e-10,8.103033367180255e-09,0.0006658503507338279,0.9999997783216307
115,20000000,115.02,terrain_world,differential_drive_robot,12.525179754235051,11.4085769316204,-5.983292262226273e-09,-3.849780917021633e-10,8.103033367180255e-09,0.0006658503507338279,0.9999997783216307
115,40000000,115.04,terrain_world,differential_drive_robot,12.525179754235051,11.4085769316204,-5.983292262226273e-09,-3.849780917021633e-10,8.103033367180255e-09,0.0006658503507338279,0.9999997783216307
115,60000000,115.06,terrain_world,differential_drive_robot,12.525179754235051,11.4085769316204,-5.983292262226273e-09,-3.849780917021633e-10,8.103033367180255e-09,0.0006658503507338279,0.9999997783216307
115,80000000,115.08,terrain_world,differential_drive_robot,12.525179754235051,11.4085769316204,-5.983292262226273e-09,-3.849780917021633e-10,8.103033367180255e-09,0.0006658503507338279,0.9999997783216307
115,100000000,115.1,terrain_world,differential_drive_robot,12.525179754235051,11.4085769316204,-5.983292262226273e-09,-3.849780917021633e-10,8.103033367180255e-09,0.0006658503507338279,0.9999997783216307
115,120000000,115.12,terrain_world,differential_drive_robot,12.525179754235051,11.4085769316204,-5.983292262226273e-09,-3.849780917021633e-10,8.103033367180255e-09,0.0006658503507338279,0.9999997783216307
115,140000000,115.14,terrain_world,differential_drive_robot,12.525179754235051,11.4085769316204,-5.983292262226273e-09,-3.849780917021633e-10,8.103033367180255e-09,0.0006658503507338279,0.9999997783216307
115,160000000,115.16,terrain_world,differential_drive_robot,12.525179754235051,11.4085769316204,-5.983292262226273e-09,-3.849780917021633e-10,8.103033367180255e-09,0.0006658503507338279,0.9999997783216307
115,180000000,115.18,terrain_world,differential_drive_robot,12.525179754235051,11.4085769316204,-5.983292262226273e-09,-3.849780917021633e-10,8.103033367180255e-09,0.0006658503507338279,0.9999997783216307
115,200000000,115.2,terrain_world,differential_drive_robot,12.525179754235051,11.4085769316204,-5.983292262226273e-09,-3.849780917021633e-10,8.103033367180255e-09,0.0006658503507338279,0.9999997783216307
115,220000000,115.22,terrain_world,differential_drive_robot,12.525179754235051,11.4085769316204,-5.983292262226273e-09,-3.849780917021633e-10,8.103033367180255e-09,0.0006658503507338279,0.9999997783216307
115,240000000,115.24,terrain_world,differential_drive_robot,12.525179754235051,11.4085769316204,-5.983292262226273e-09,-3.849780917021633e-10,8.103033367180255e-09,0.0006658503507338279,0.9999997783216307
115,260000000,115.26,terrain_world,differential_drive_robot,12.525179754235051,11.4085769316204,-5.983292262226273e-09,-3.849780917021633e-10,8.103033367180255e-09,0.0006658503507338279,0.9999997783216307
115,280000000,115.28,terrain_world,differential_drive_robot,12.525179754235051,11.4085769316204,-5.983292262226273e-09,-3.849780917021633e-10,8.103033367180255e-09,0.0006658503507338279,0.9999997783216307
115,300000000,115.3,terrain_world,differential_drive_robot,12.525179754235051,11.4085769316204,-5.983292262226273e-09,-3.849780917021633e-10,8.103033367180255e-09,0.0006658503507338279,0.9999997783216307
115,320000000,115.32,terrain_world,differential_drive_robot,12.525179754235051,11.4085769316204,-5.983292262226273e-09,-3.849780917021633e-10,8.103033367180255e-09,0.0006658503507338279,0.9999997783216307
115,340000000,115.34,terrain_world,differential_drive_robot,12.525179754235051,11.4085769316204,-5.983292262226273e-09,-3.849780917021633e-10,8.103033367180255e-09,0.0006658503507338279,0.9999997783216307
115,360000000,115.36,terrain_world,differential_drive_robot,12.525179754235051,11.4085769316204,-5.983292262226273e-09,-3.849780917021633e-10,8.103033367180255e-09,0.0006658503507338279,0.9999997783216307
115,380000000,115.38,terrain_world,differential_drive_robot,12.525179754235051,11.4085769316204,-5.983292262226273e-09,-3.849780917021633e-10,8.103033367180255e-09,0.0006658503507338279,0.9999997783216307
115,400000000,115.4,terrain_world,differential_drive_robot,12.525179754235051,11.4085769316204,-5.983292262226273e-09,-3.849780917021633e-10,8.103033367180255e-09,0.0006658503507338279,0.9999997783216307
115,420000000,115.42,terrain_world,differential_drive_robot,12.525179754235051,11.4085769316204,-5.983292262226273e-09,-3.849780917021633e-10,8.103033367180255e-09,0.0006658503507338279,0.9999997783216307
115,440000000,115.44,terrain_world,differential_drive_robot,12.525179754235051,11.4085769316204,-5.983292262226273e-09,-3.849780917021633e-10,8.103033367180255e-09,0.0006658503507338279,0.9999997783216307
115,460000000,115.46,terrain_world,differential_drive_robot,12.525179754235051,11.4085769316204,-5.983292262226273e-09,-3.849780917021633e-10,8.103033367180255e-09,0.0006658503507338279,0.9999997783216307
115,480000000,115.48,terrain_world,differential_drive_robot,12.525179754235051,11.4085769316204,-5.983292262226273e-09,-3.849780917021633e-10,8.103033367180255e-09,0.0006658503507338279,0.9999997783216307
115,500000000,115.5,terrain_world,differential_drive_robot,12.525179754235051,11.4085769316204,-5.983292262226273e-09,-3.849780917021633e-10,8.103033367180255e-09,0.0006658503507338279,0.9999997783216307
115,520000000,115.52,terrain_world,differential_drive_robot,12.525179754235051,11.4085769316204,-5.983292262226273e-09,-3.849780917021633e-10,8.103033367180255e-09,0.0006658503507338279,0.9999997783216307
115,540000000,115.54,terrain_world,differential_drive_robot,12.525179754235051,11.4085769316204,-5.983292262226273e-09,-3.849780917021633e-10,8.103033367180255e-09,0.0006658503507338279,0.9999997783216307
115,560000000,115.56,terrain_world,differential_drive_robot,12.525179754235051,11.4085769316204,-5.983292262226273e-09,-3.849780917021633e-10,8.103033367180255e-09,0.0006658503507338279,0.9999997783216307
115,580000000,115.58,terrain_world,differential_drive_robot,12.525179754235051,11.4085769316204,-5.983292262226273e-09,-3.849780917021633e-10,8.103033367180255e-09,0.0006658503507338279,0.9999997783216307
115,600000000,115.6,terrain_world,differential_drive_robot,12.525179754235051,11.4085769316204,-5.983292262226273e-09,-3.849780917021633e-10,8.103033367180255e-09,0.0006658503507338279,0.9999997783216307
115,620000000,115.62,terrain_world,differential_drive_robot,12.525179754235051,11.4085769316204,-5.983292262226273e-09,-3.849780917021633e-10,8.103033367180255e-09,0.0006658503507338279,0.9999997783216307
115,640000000,115.64,terrain_world,differential_drive_robot,12.525179754235051,11.4085769316204,-5.983292262226273e-09,-3.849780917021633e-10,8.103033367180255e-09,0.0006658503507338279,0.9999997783216307
115,660000000,115.66,terrain_world,differential_drive_robot,12.525179754235051,11.4085769316204,-5.983292262226273e-09,-3.849780917021633e-10,8.103033367180255e-09,0.0006658503507338279,0.9999997783216307
115,680000000,115.68,terrain_world,differential_drive_robot,12.525179754235051,11.4085769316204,-5.983292262226273e-09,-3.849780917021633e-10,8.103033367180255e-09,0.0006658503507338279,0.9999997783216307
115,700000000,115.7,terrain_world,differential_drive_robot,12.525179754235051,11.4085769316204,-5.983292262226273e-09,-3.849780917021633e-10,8.103033367180255e-09,0.0006658503507338279,0.9999997783216307
115,720000000,115.72,terrain_world,differential_drive_robot,12.525179754235051,11.4085769316204,-5.983292262226273e-09,-3.849780917021633e-10,8.103033367180255e-09,0.0006658503507338279,0.9999997783216307
115,740000000,115.74,terrain_world,differential_drive_robot,12.525179754235051,11.4085769316204,-5.983292262226273e-09,-3.849780917021633e-10,8.103033367180255e-09,0.0006658503507338279,0.9999997783216307
115,760000000,115.76,terrain_world,differential_drive_robot,12.525179754235051,11.4085769316204,-5.983292262226273e-09,-3.849780917021633e-10,8.103033367180255e-09,0.0006658503507338279,0.9999997783216307
115,780000000,115.78,terrain_world,differential_drive_robot,12.525179754235051,11.4085769316204,-5.983292262226273e-09,-3.849780917021633e-10,8.103033367180255e-09,0.0006658503507338279,0.9999997783216307
115,800000000,115.8,terrain_world,differential_drive_robot,12.525179754235051,11.4085769316204,-5.983292262226273e-09,-3.849780917021633e-10,8.103033367180255e-09,0.0006658503507338279,0.9999997783216307
115,820000000,115.82,terrain_world,differential_drive_robot,12.525179754235051,11.4085769316204,-5.983292262226273e-09,-3.849780917021633e-10,8.103033367180255e-09,0.0006658503507338279,0.9999997783216307
115,840000000,115.84,terrain_world,differential_drive_robot,12.525179754235051,11.4085769316204,-5.983292262226273e-09,-3.849780917021633e-10,8.103033367180255e-09,0.0006658503507338279,0.9999997783216307
115,860000000,115.86,terrain_world,differential_drive_robot,12.525179754235051,11.4085769316204,-5.983292262226273e-09,-3.849780917021633e-10,8.103033367180255e-09,0.0006658503507338279,0.9999997783216307
115,880000000,115.88,terrain_world,differential_drive_robot,12.525179754235051,11.4085769316204,-5.983292262226273e-09,-3.849780917021633e-10,8.103033367180255e-09,0.0006658503507338279,0.9999997783216307
115,900000000,115.9,terrain_world,differential_drive_robot,12.525179754235051,11.4085769316204,-5.983292262226273e-09,-3.849780917021633e-10,8.103033367180255e-09,0.0006658503507338279,0.9999997783216307
115,920000000,115.92,terrain_world,differential_drive_robot,12.525179754235051,11.4085769316204,-5.983292262226273e-09,-3.849780917021633e-10,8.103033367180255e-09,0.0006658503507338279,0.9999997783216307
115,940000000,115.94,terrain_world,differential_drive_robot,12.525179754235051,11.4085769316204,-5.983292262226273e-09,-3.849780917021633e-10,8.103033367180255e-09,0.0006658503507338279,0.9999997783216307
115,960000000,115.96,terrain_world,differential_drive_robot,12.525179754235051,11.4085769316204,-5.983292262226273e-09,-3.849780917021633e-10,8.103033367180255e-09,0.0006658503507338279,0.9999997783216307
115,980000000,115.98,terrain_world,differential_drive_robot,12.525179754235051,11.4085769316204,-5.983292262226273e-09,-3.849780917021633e-10,8.103033367180255e-09,0.0006658503507338279,0.9999997783216307
116,0,116.0,terrain_world,differential_drive_robot,12.525179754235051,11.4085769316204,-5.983292262226273e-09,-3.849780917021633e-10,8.103033367180255e-09,0.0006658503507338279,0.9999997783216307
116,20000000,116.02,terrain_world,differential_drive_robot,12.525179754235051,11.4085769316204,-5.983292262226273e-09,-3.849780917021633e-10,8.103033367180255e-09,0.0006658503507338279,0.9999997783216307
116,40000000,116.04,terrain_world,differential_drive_robot,12.525179754235051,11.4085769316204,-5.983292262226273e-09,-3.849780917021633e-10,8.103033367180255e-09,0.0006658503507338279,0.9999997783216307
116,60000000,116.06,terrain_world,differential_drive_robot,12.525179754235051,11.4085769316204,-5.983292262226273e-09,-3.849780917021633e-10,8.103033367180255e-09,0.0006658503507338279,0.9999997783216307
116,80000000,116.08,terrain_world,differential_drive_robot,12.525179754235051,11.4085769316204,-5.983292262226273e-09,-3.849780917021633e-10,8.103033367180255e-09,0.0006658503507338279,0.9999997783216307
116,100000000,116.1,terrain_world,differential_drive_robot,12.525179754235051,11.4085769316204,-5.983292262226273e-09,-3.849780917021633e-10,8.103033367180255e-09,0.0006658503507338279,0.9999997783216307
116,120000000,116.12,terrain_world,differential_drive_robot,12.525179754235051,11.4085769316204,-5.983292262226273e-09,-3.849780917021633e-10,8.103033367180255e-09,0.0006658503507338279,0.9999997783216307
116,140000000,116.14,terrain_world,differential_drive_robot,12.525179754235051,11.4085769316204,-5.983292262226273e-09,-3.849780917021633e-10,8.103033367180255e-09,0.0006658503507338279,0.9999997783216307
116,160000000,116.16,terrain_world,differential_drive_robot,12.525179754235051,11.4085769316204,-5.983292262226273e-09,-3.849780917021633e-10,8.103033367180255e-09,0.0006658503507338279,0.9999997783216307
116,180000000,116.18,terrain_world,differential_drive_robot,12.525179754235051,11.4085769316204,-5.983292262226273e-09,-3.849780917021633e-10,8.103033367180255e-09,0.0006658503507338279,0.9999997783216307
116,200000000,116.2,terrain_world,differential_drive_robot,12.525179754235051,11.4085769316204,-5.983292262226273e-09,-3.849780917021633e-10,8.103033367180255e-09,0.0006658503507338279,0.9999997783216307
116,220000000,116.22,terrain_world,differential_drive_robot,12.525179754235051,11.4085769316204,-5.983292262226273e-09,-3.849780917021633e-10,8.103033367180255e-09,0.0006658503507338279,0.9999997783216307
116,240000000,116.24,terrain_world,differential_drive_robot,12.525179754235051,11.4085769316204,-5.983292262226273e-09,-3.849780917021633e-10,8.103033367180255e-09,0.0006658503507338279,0.9999997783216307
116,260000000,116.26,terrain_world,differential_drive_robot,12.525179754235051,11.4085769316204,-5.983292262226273e-09,-3.849780917021633e-10,8.103033367180255e-09,0.0006658503507338279,0.9999997783216307
116,280000000,116.28,terrain_world,differential_drive_robot,12.525179754235051,11.4085769316204,-5.983292262226273e-09,-3.849780917021633e-10,8.103033367180255e-09,0.0006658503507338279,0.9999997783216307
116,300000000,116.3,terrain_world,differential_drive_robot,12.525179754235051,11.4085769316204,-5.983292262226273e-09,-3.849780917021633e-10,8.103033367180255e-09,0.0006658503507338279,0.9999997783216307
116,320000000,116.32,terrain_world,differential_drive_robot,12.525179754235051,11.4085769316204,-5.983292262226273e-09,-3.849780917021633e-10,8.103033367180255e-09,0.0006658503507338279,0.9999997783216307
116,340000000,116.34,terrain_world,differential_drive_robot,12.525179754235051,11.4085769316204,-5.983292262226273e-09,-3.849780917021633e-10,8.103033367180255e-09,0.0006658503507338279,0.9999997783216307
116,360000000,116.36,terrain_world,differential_drive_robot,12.525179754235051,11.4085769316204,-5.983292262226273e-09,-3.849780917021633e-10,8.103033367180255e-09,0.0006658503507338279,0.9999997783216307
116,380000000,116.38,terrain_world,differential_drive_robot,12.525179754235051,11.4085769316204,-5.983292262226273e-09,-3.849780917021633e-10,8.103033367180255e-09,0.0006658503507338279,0.9999997783216307
116,400000000,116.4,terrain_world,differential_drive_robot,12.525179754235051,11.4085769316204,-5.983292262226273e-09,-3.849780917021633e-10,8.103033367180255e-09,0.0006658503507338279,0.9999997783216307
116,420000000,116.42,terrain_world,differential_drive_robot,12.525179754235051,11.4085769316204,-5.983292262226273e-09,-3.849780917021633e-10,8.103033367180255e-09,0.0006658503507338279,0.9999997783216307
116,440000000,116.44,terrain_world,differential_drive_robot,12.525179754235051,11.4085769316204,-5.983292262226273e-09,-3.849780917021633e-10,8.103033367180255e-09,0.0006658503507338279,0.9999997783216307
116,460000000,116.46,terrain_world,differential_drive_robot,12.525179754235051,11.4085769316204,-5.983292262226273e-09,-3.849780917021633e-10,8.103033367180255e-09,0.0006658503507338279,0.9999997783216307
116,480000000,116.48,terrain_world,differential_drive_robot,12.525179754235051,11.4085769316204,-5.983292262226273e-09,-3.849780917021633e-10,8.103033367180255e-09,0.0006658503507338279,0.9999997783216307
116,500000000,116.5,terrain_world,differential_drive_robot,12.525179754235051,11.4085769316204,-5.983292262226273e-09,-3.849780917021633e-10,8.103033367180255e-09,0.0006658503507338279,0.9999997783216307
116,520000000,116.52,terrain_world,differential_drive_robot,12.525179754235051,11.4085769316204,-5.983292262226273e-09,-3.849780917021633e-10,8.103033367180255e-09,0.0006658503507338279,0.9999997783216307
116,540000000,116.54,terrain_world,differential_drive_robot,12.525179754235051,11.4085769316204,-5.983292262226273e-09,-3.849780917021633e-10,8.103033367180255e-09,0.0006658503507338279,0.9999997783216307
116,560000000,116.56,terrain_world,differential_drive_robot,12.525179754235051,11.4085769316204,-5.983292262226273e-09,-3.849780917021633e-10,8.103033367180255e-09,0.0006658503507338279,0.9999997783216307
116,580000000,116.58,terrain_world,differential_drive_robot,12.525179754235051,11.4085769316204,-5.983292262226273e-09,-3.849780917021633e-10,8.103033367180255e-09,0.0006658503507338279,0.9999997783216307
116,600000000,116.6,terrain_world,differential_drive_robot,12.525179754235051,11.4085769316204,-5.983292262226273e-09,-3.849780917021633e-10,8.103033367180255e-09,0.0006658503507338279,0.9999997783216307
116,620000000,116.62,terrain_world,differential_drive_robot,12.525179754235051,11.4085769316204,-5.983292262226273e-09,-3.849780917021633e-10,8.103033367180255e-09,0.0006658503507338279,0.9999997783216307
116,640000000,116.64,terrain_world,differential_drive_robot,12.525179754235051,11.4085769316204,-5.983292262226273e-09,-3.849780917021633e-10,8.103033367180255e-09,0.0006658503507338279,0.9999997783216307
116,660000000,116.66,terrain_world,differential_drive_robot,12.525179754235051,11.4085769316204,-5.983292262226273e-09,-3.849780917021633e-10,8.103033367180255e-09,0.0006658503507338279,0.9999997783216307
116,680000000,116.68,terrain_world,differential_drive_robot,12.525179754235051,11.4085769316204,-5.983292262226273e-09,-3.849780917021633e-10,8.103033367180255e-09,0.0006658503507338279,0.9999997783216307
116,700000000,116.7,terrain_world,differential_drive_robot,12.525179754235051,11.4085769316204,-5.983292262226273e-09,-3.849780917021633e-10,8.103033367180255e-09,0.0006658503507338279,0.9999997783216307
116,720000000,116.72,terrain_world,differential_drive_robot,12.525179754235051,11.4085769316204,-5.983292262226273e-09,-3.849780917021633e-10,8.103033367180255e-09,0.0006658503507338279,0.9999997783216307
116,740000000,116.74,terrain_world,differential_drive_robot,12.525179754235051,11.4085769316204,-5.983292262226273e-09,-3.849780917021633e-10,8.103033367180255e-09,0.0006658503507338279,0.9999997783216307
116,760000000,116.76,terrain_world,differential_drive_robot,12.525179754235051,11.4085769316204,-5.983292262226273e-09,-3.849780917021633e-10,8.103033367180255e-09,0.0006658503507338279,0.9999997783216307
116,780000000,116.78,terrain_world,differential_drive_robot,12.525179754235051,11.4085769316204,-5.983292262226273e-09,-3.849780917021633e-10,8.103033367180255e-09,0.0006658503507338279,0.9999997783216307
116,800000000,116.8,terrain_world,differential_drive_robot,12.525179754235051,11.4085769316204,-5.983292262226273e-09,-3.849780917021633e-10,8.103033367180255e-09,0.0006658503507338279,0.9999997783216307
116,820000000,116.82,terrain_world,differential_drive_robot,12.525179754235051,11.4085769316204,-5.983292262226273e-09,-3.849780917021633e-10,8.103033367180255e-09,0.0006658503507338279,0.9999997783216307
116,840000000,116.84,terrain_world,differential_drive_robot,12.525179754235051,11.4085769316204,-5.983292262226273e-09,-3.849780917021633e-10,8.103033367180255e-09,0.0006658503507338279,0.9999997783216307
116,860000000,116.86,terrain_world,differential_drive_robot,12.525179754235051,11.4085769316204,-5.983292262226273e-09,-3.849780917021633e-10,8.103033367180255e-09,0.0006658503507338279,0.9999997783216307
116,880000000,116.88,terrain_world,differential_drive_robot,12.525179754235051,11.4085769316204,-5.983292262226273e-09,-3.849780917021633e-10,8.103033367180255e-09,0.0006658503507338279,0.9999997783216307
116,900000000,116.9,terrain_world,differential_drive_robot,12.525179754235051,11.4085769316204,-5.983292262226273e-09,-3.849780917021633e-10,8.103033367180255e-09,0.0006658503507338279,0.9999997783216307
116,920000000,116.92,terrain_world,differential_drive_robot,12.525179754235051,11.4085769316204,-5.983292262226273e-09,-3.849780917021633e-10,8.103033367180255e-09,0.0006658503507338279,0.9999997783216307
116,940000000,116.94,terrain_world,differential_drive_robot,12.525179754235051,11.4085769316204,-5.983292262226273e-09,-3.849780917021633e-10,8.103033367180255e-09,0.0006658503507338279,0.9999997783216307
116,960000000,116.96,terrain_world,differential_drive_robot,12.525179754235051,11.4085769316204,-5.983292262226273e-09,-3.849780917021633e-10,8.103033367180255e-09,0.0006658503507338279,0.9999997783216307
116,980000000,116.98,terrain_world,differential_drive_robot,12.525179754235051,11.4085769316204,-5.983292262226273e-09,-3.849780917021633e-10,8.103033367180255e-09,0.0006658503507338279,0.9999997783216307
117,0,117.0,terrain_world,differential_drive_robot,12.525179754235051,11.4085769316204,-5.983292262226273e-09,-3.849780917021633e-10,8.103033367180255e-09,0.0006658503507338279,0.9999997783216307
117,20000000,117.02,terrain_world,differential_drive_robot,12.525179754235051,11.4085769316204,-5.983292262226273e-09,-3.849780917021633e-10,8.103033367180255e-09,0.0006658503507338279,0.9999997783216307
117,40000000,117.04,terrain_world,differential_drive_robot,12.525179754235051,11.4085769316204,-5.983292262226273e-09,-3.849780917021633e-10,8.103033367180255e-09,0.0006658503507338279,0.9999997783216307
117,60000000,117.06,terrain_world,differential_drive_robot,12.525179754235051,11.4085769316204,-5.983292262226273e-09,-3.849780917021633e-10,8.103033367180255e-09,0.0006658503507338279,0.9999997783216307
117,80000000,117.08,terrain_world,differential_drive_robot,12.525179754235051,11.4085769316204,-5.983292262226273e-09,-3.849780917021633e-10,8.103033367180255e-09,0.0006658503507338279,0.9999997783216307
117,100000000,117.1,terrain_world,differential_drive_robot,12.525179754235051,11.4085769316204,-5.983292262226273e-09,-3.849780917021633e-10,8.103033367180255e-09,0.0006658503507338279,0.9999997783216307
117,120000000,117.12,terrain_world,differential_drive_robot,12.525179754235051,11.4085769316204,-5.983292262226273e-09,-3.849780917021633e-10,8.103033367180255e-09,0.0006658503507338279,0.9999997783216307
117,140000000,117.14,terrain_world,differential_drive_robot,12.525179754235051,11.4085769316204,-5.983292262226273e-09,-3.849780917021633e-10,8.103033367180255e-09,0.0006658503507338279,0.9999997783216307
117,160000000,117.16,terrain_world,differential_drive_robot,12.525179754235051,11.4085769316204,-5.983292262226273e-09,-3.849780917021633e-10,8.103033367180255e-09,0.0006658503507338279,0.9999997783216307
117,180000000,117.18,terrain_world,differential_drive_robot,12.525179754235051,11.4085769316204,-5.983292262226273e-09,-3.849780917021633e-10,8.103033367180255e-09,0.0006658503507338279,0.9999997783216307
117,200000000,117.2,terrain_world,differential_drive_robot,12.525179754235051,11.4085769316204,-5.983292262226273e-09,-3.849780917021633e-10,8.103033367180255e-09,0.0006658503507338279,0.9999997783216307
117,220000000,117.22,terrain_world,differential_drive_robot,12.525179754235051,11.4085769316204,-5.983292262226273e-09,-3.849780917021633e-10,8.103033367180255e-09,0.0006658503507338279,0.9999997783216307
117,240000000,117.24,terrain_world,differential_drive_robot,12.525179754235051,11.4085769316204,-5.983292262226273e-09,-3.849780917021633e-10,8.103033367180255e-09,0.0006658503507338279,0.9999997783216307
117,260000000,117.26,terrain_world,differential_drive_robot,12.525179754235051,11.4085769316204,-5.983292262226273e-09,-3.849780917021633e-10,8.103033367180255e-09,0.0006658503507338279,0.9999997783216307
117,280000000,117.28,terrain_world,differential_drive_robot,12.525179754235051,11.4085769316204,-5.983292262226273e-09,-3.849780917021633e-10,8.103033367180255e-09,0.0006658503507338279,0.9999997783216307
117,300000000,117.3,terrain_world,differential_drive_robot,12.525179754235051,11.4085769316204,-5.983292262226273e-09,-3.849780917021633e-10,8.103033367180255e-09,0.0006658503507338279,0.9999997783216307
117,320000000,117.32,terrain_world,differential_drive_robot,12.525179754235051,11.4085769316204,-5.983292262226273e-09,-3.849780917021633e-10,8.103033367180255e-09,0.0006658503507338279,0.9999997783216307
117,340000000,117.34,terrain_world,differential_drive_robot,12.525179754235051,11.4085769316204,-5.983292262226273e-09,-3.849780917021633e-10,8.103033367180255e-09,0.0006658503507338279,0.9999997783216307
117,360000000,117.36,terrain_world,differential_drive_robot,12.525179754235051,11.4085769316204,-5.983292262226273e-09,-3.849780917021633e-10,8.103033367180255e-09,0.0006658503507338279,0.9999997783216307
117,380000000,117.38,terrain_world,differential_drive_robot,12.525179754235051,11.4085769316204,-5.983292262226273e-09,-3.849780917021633e-10,8.103033367180255e-09,0.0006658503507338279,0.9999997783216307
117,400000000,117.4,terrain_world,differential_drive_robot,12.525179754235051,11.4085769316204,-5.983292262226273e-09,-3.849780917021633e-10,8.103033367180255e-09,0.0006658503507338279,0.9999997783216307
117,420000000,117.42,terrain_world,differential_drive_robot,12.525179754235051,11.4085769316204,-5.983292262226273e-09,-3.849780917021633e-10,8.103033367180255e-09,0.0006658503507338279,0.9999997783216307
117,440000000,117.44,terrain_world,differential_drive_robot,12.525179754235051,11.4085769316204,-5.983292262226273e-09,-3.849780917021633e-10,8.103033367180255e-09,0.0006658503507338279,0.9999997783216307
117,460000000,117.46,terrain_world,differential_drive_robot,12.525179754235051,11.4085769316204,-5.983292262226273e-09,-3.849780917021633e-10,8.103033367180255e-09,0.0006658503507338279,0.9999997783216307
117,480000000,117.48,terrain_world,differential_drive_robot,12.525179754235051,11.4085769316204,-5.983292262226273e-09,-3.849780917021633e-10,8.103033367180255e-09,0.0006658503507338279,0.9999997783216307
117,500000000,117.5,terrain_world,differential_drive_robot,12.525179754235051,11.4085769316204,-5.983292262226273e-09,-3.849780917021633e-10,8.103033367180255e-09,0.0006658503507338279,0.9999997783216307
117,520000000,117.52,terrain_world,differential_drive_robot,12.525179754235051,11.4085769316204,-5.983292262226273e-09,-3.849780917021633e-10,8.103033367180255e-09,0.0006658503507338279,0.9999997783216307
117,540000000,117.54,terrain_world,differential_drive_robot,12.525179754235051,11.4085769316204,-5.983292262226273e-09,-3.849780917021633e-10,8.103033367180255e-09,0.0006658503507338279,0.9999997783216307
117,560000000,117.56,terrain_world,differential_drive_robot,12.525179754235051,11.4085769316204,-5.983292262226273e-09,-3.849780917021633e-10,8.103033367180255e-09,0.0006658503507338279,0.9999997783216307
117,580000000,117.58,terrain_world,differential_drive_robot,12.525179754235051,11.4085769316204,-5.983292262226273e-09,-3.849780917021633e-10,8.103033367180255e-09,0.0006658503507338279,0.9999997783216307
117,600000000,117.6,terrain_world,differential_drive_robot,12.525179754235051,11.4085769316204,-5.983292262226273e-09,-3.849780917021633e-10,8.103033367180255e-09,0.0006658503507338279,0.9999997783216307
117,620000000,117.62,terrain_world,differential_drive_robot,12.525179754235051,11.4085769316204,-5.983292262226273e-09,-3.849780917021633e-10,8.103033367180255e-09,0.0006658503507338279,0.9999997783216307
117,640000000,117.64,terrain_world,differential_drive_robot,12.525179754235051,11.4085769316204,-5.983292262226273e-09,-3.849780917021633e-10,8.103033367180255e-09,0.0006658503507338279,0.9999997783216307
117,660000000,117.66,terrain_world,differential_drive_robot,12.525179754235051,11.4085769316204,-5.983292262226273e-09,-3.849780917021633e-10,8.103033367180255e-09,0.0006658503507338279,0.9999997783216307
117,680000000,117.68,terrain_world,differential_drive_robot,12.525179754235051,11.4085769316204,-5.983292262226273e-09,-3.849780917021633e-10,8.103033367180255e-09,0.0006658503507338279,0.9999997783216307
117,700000000,117.7,terrain_world,differential_drive_robot,12.525179754235051,11.4085769316204,-5.983292262226273e-09,-3.849780917021633e-10,8.103033367180255e-09,0.0006658503507338279,0.9999997783216307
117,720000000,117.72,terrain_world,differential_drive_robot,12.525179754235051,11.4085769316204,-5.983292262226273e-09,-3.849780917021633e-10,8.103033367180255e-09,0.0006658503507338279,0.9999997783216307
117,740000000,117.74,terrain_world,differential_drive_robot,12.525179754235051,11.4085769316204,-5.983292262226273e-09,-3.849780917021633e-10,8.103033367180255e-09,0.0006658503507338279,0.9999997783216307
117,760000000,117.76,terrain_world,differential_drive_robot,12.525179754235051,11.4085769316204,-5.983292262226273e-09,-3.849780917021633e-10,8.103033367180255e-09,0.0006658503507338279,0.9999997783216307
117,780000000,117.78,terrain_world,differential_drive_robot,12.525179754235051,11.4085769316204,-5.983292262226273e-09,-3.849780917021633e-10,8.103033367180255e-09,0.0006658503507338279,0.9999997783216307
117,800000000,117.8,terrain_world,differential_drive_robot,12.525179754235051,11.4085769316204,-5.983292262226273e-09,-3.849780917021633e-10,8.103033367180255e-09,0.0006658503507338279,0.9999997783216307
117,820000000,117.82,terrain_world,differential_drive_robot,12.525179754235051,11.4085769316204,-5.983292262226273e-09,-3.849780917021633e-10,8.103033367180255e-09,0.0006658503507338279,0.9999997783216307
117,840000000,117.84,terrain_world,differential_drive_robot,12.525179754235051,11.4085769316204,-5.983292262226273e-09,-3.849780917021633e-10,8.103033367180255e-09,0.0006658503507338279,0.9999997783216307
117,860000000,117.86,terrain_world,differential_drive_robot,12.525179754235051,11.4085769316204,-5.983292262226273e-09,-3.849780917021633e-10,8.103033367180255e-09,0.0006658503507338279,0.9999997783216307
117,880000000,117.88,terrain_world,differential_drive_robot,12.525179754235051,11.4085769316204,-5.983292262226273e-09,-3.849780917021633e-10,8.103033367180255e-09,0.0006658503507338279,0.9999997783216307
117,900000000,117.9,terrain_world,differential_drive_robot,12.525179754235051,11.4085769316204,-5.983292262226273e-09,-3.849780917021633e-10,8.103033367180255e-09,0.0006658503507338279,0.9999997783216307
117,920000000,117.92,terrain_world,differential_drive_robot,12.525179754235051,11.4085769316204,-5.983292262226273e-09,-3.849780917021633e-10,8.103033367180255e-09,0.0006658503507338279,0.9999997783216307
117,940000000,117.94,terrain_world,differential_drive_robot,12.525179754235051,11.4085769316204,-5.983292262226273e-09,-3.849780917021633e-10,8.103033367180255e-09,0.0006658503507338279,0.9999997783216307
117,960000000,117.96,terrain_world,differential_drive_robot,12.525179754235051,11.4085769316204,-5.983292262226273e-09,-3.849780917021633e-10,8.103033367180255e-09,0.0006658503507338279,0.9999997783216307
117,980000000,117.98,terrain_world,differential_drive_robot,12.525179754235051,11.4085769316204,-5.983292262226273e-09,-3.849780917021633e-10,8.103033367180255e-09,0.0006658503507338279,0.9999997783216307
118,0,118.0,terrain_world,differential_drive_robot,12.525179754235051,11.4085769316204,-5.983292262226273e-09,-3.849780917021633e-10,8.103033367180255e-09,0.0006658503507338279,0.9999997783216307
118,20000000,118.02,terrain_world,differential_drive_robot,12.525179754235051,11.4085769316204,-5.983292262226273e-09,-3.849780917021633e-10,8.103033367180255e-09,0.0006658503507338279,0.9999997783216307
118,40000000,118.04,terrain_world,differential_drive_robot,12.525179754235051,11.4085769316204,-5.983292262226273e-09,-3.849780917021633e-10,8.103033367180255e-09,0.0006658503507338279,0.9999997783216307
118,60000000,118.06,terrain_world,differential_drive_robot,12.525179754235051,11.4085769316204,-5.983292262226273e-09,-3.849780917021633e-10,8.103033367180255e-09,0.0006658503507338279,0.9999997783216307
118,80000000,118.08,terrain_world,differential_drive_robot,12.525179754235051,11.4085769316204,-5.983292262226273e-09,-3.849780917021633e-10,8.103033367180255e-09,0.0006658503507338279,0.9999997783216307
118,100000000,118.1,terrain_world,differential_drive_robot,12.525179754235051,11.4085769316204,-5.983292262226273e-09,-3.849780917021633e-10,8.103033367180255e-09,0.0006658503507338279,0.9999997783216307
118,120000000,118.12,terrain_world,differential_drive_robot,12.525179754235051,11.4085769316204,-5.983292262226273e-09,-3.849780917021633e-10,8.103033367180255e-09,0.0006658503507338279,0.9999997783216307
118,140000000,118.14,terrain_world,differential_drive_robot,12.525179754235051,11.4085769316204,-5.983292262226273e-09,-3.849780917021633e-10,8.103033367180255e-09,0.0006658503507338279,0.9999997783216307
118,160000000,118.16,terrain_world,differential_drive_robot,12.525179754235051,11.4085769316204,-5.983292262226273e-09,-3.849780917021633e-10,8.103033367180255e-09,0.0006658503507338279,0.9999997783216307
118,180000000,118.18,terrain_world,differential_drive_robot,12.525179754235051,11.4085769316204,-5.983292262226273e-09,-3.849780917021633e-10,8.103033367180255e-09,0.0006658503507338279,0.9999997783216307
118,200000000,118.2,terrain_world,differential_drive_robot,12.525179754235051,11.4085769316204,-5.983292262226273e-09,-3.849780917021633e-10,8.103033367180255e-09,0.0006658503507338279,0.9999997783216307
118,220000000,118.22,terrain_world,differential_drive_robot,12.525179754235051,11.4085769316204,-5.983292262226273e-09,-3.849780917021633e-10,8.103033367180255e-09,0.0006658503507338279,0.9999997783216307
118,240000000,118.24,terrain_world,differential_drive_robot,12.525179754235051,11.4085769316204,-5.983292262226273e-09,-3.849780917021633e-10,8.103033367180255e-09,0.0006658503507338279,0.9999997783216307
118,260000000,118.26,terrain_world,differential_drive_robot,12.525179754235051,11.4085769316204,-5.983292262226273e-09,-3.849780917021633e-10,8.103033367180255e-09,0.0006658503507338279,0.9999997783216307
118,280000000,118.28,terrain_world,differential_drive_robot,12.525179754235051,11.4085769316204,-5.983292262226273e-09,-3.849780917021633e-10,8.103033367180255e-09,0.0006658503507338279,0.9999997783216307
118,300000000,118.3,terrain_world,differential_drive_robot,12.525179754235051,11.4085769316204,-5.983292262226273e-09,-3.849780917021633e-10,8.103033367180255e-09,0.0006658503507338279,0.9999997783216307
118,320000000,118.32,terrain_world,differential_drive_robot,12.525179754235051,11.4085769316204,-5.983292262226273e-09,-3.849780917021633e-10,8.103033367180255e-09,0.0006658503507338279,0.9999997783216307
118,340000000,118.34,terrain_world,differential_drive_robot,12.525179754235051,11.4085769316204,-5.983292262226273e-09,-3.849780917021633e-10,8.103033367180255e-09,0.0006658503507338279,0.9999997783216307
118,360000000,118.36,terrain_world,differential_drive_robot,12.525179754235051,11.4085769316204,-5.983292262226273e-09,-3.849780917021633e-10,8.103033367180255e-09,0.0006658503507338279,0.9999997783216307
118,380000000,118.38,terrain_world,differential_drive_robot,12.525179754235051,11.4085769316204,-5.983292262226273e-09,-3.849780917021633e-10,8.103033367180255e-09,0.0006658503507338279,0.9999997783216307
118,400000000,118.4,terrain_world,differential_drive_robot,12.525179754235051,11.4085769316204,-5.983292262226273e-09,-3.849780917021633e-10,8.103033367180255e-09,0.0006658503507338279,0.9999997783216307
118,420000000,118.42,terrain_world,differential_drive_robot,12.525179754235051,11.4085769316204,-5.983292262226273e-09,-3.849780917021633e-10,8.103033367180255e-09,0.0006658503507338279,0.9999997783216307
118,440000000,118.44,terrain_world,differential_drive_robot,12.525179754235051,11.4085769316204,-5.983292262226273e-09,-3.849780917021633e-10,8.103033367180255e-09,0.0006658503507338279,0.9999997783216307
118,460000000,118.46,terrain_world,differential_drive_robot,12.525179754235051,11.4085769316204,-5.983292262226273e-09,-3.849780917021633e-10,8.103033367180255e-09,0.0006658503507338279,0.9999997783216307
118,480000000,118.48,terrain_world,differential_drive_robot,12.525179754235051,11.4085769316204,-5.983292262226273e-09,-3.849780917021633e-10,8.103033367180255e-09,0.0006658503507338279,0.9999997783216307
118,500000000,118.5,terrain_world,differential_drive_robot,12.525179754235051,11.4085769316204,-5.983292262226273e-09,-3.849780917021633e-10,8.103033367180255e-09,0.0006658503507338279,0.9999997783216307
118,520000000,118.52,terrain_world,differential_drive_robot,12.525179754235051,11.4085769316204,-5.983292262226273e-09,-3.849780917021633e-10,8.103033367180255e-09,0.0006658503507338279,0.9999997783216307
118,540000000,118.54,terrain_world,differential_drive_robot,12.525179754235051,11.4085769316204,-5.983292262226273e-09,-3.849780917021633e-10,8.103033367180255e-09,0.0006658503507338279,0.9999997783216307
118,560000000,118.56,terrain_world,differential_drive_robot,12.525179754235051,11.4085769316204,-5.983292262226273e-09,-3.849780917021633e-10,8.103033367180255e-09,0.0006658503507338279,0.9999997783216307
118,580000000,118.58,terrain_world,differential_drive_robot,12.525179754235051,11.4085769316204,-5.983292262226273e-09,-3.849780917021633e-10,8.103033367180255e-09,0.0006658503507338279,0.9999997783216307
118,600000000,118.6,terrain_world,differential_drive_robot,12.525179754235051,11.4085769316204,-5.983292262226273e-09,-3.849780917021633e-10,8.103033367180255e-09,0.0006658503507338279,0.9999997783216307
118,620000000,118.62,terrain_world,differential_drive_robot,12.525179754235051,11.4085769316204,-5.983292262226273e-09,-3.849780917021633e-10,8.103033367180255e-09,0.0006658503507338279,0.9999997783216307
118,640000000,118.64,terrain_world,differential_drive_robot,12.525179754235051,11.4085769316204,-5.983292262226273e-09,-3.849780917021633e-10,8.103033367180255e-09,0.0006658503507338279,0.9999997783216307
118,660000000,118.66,terrain_world,differential_drive_robot,12.525179754235051,11.4085769316204,-5.983292262226273e-09,-3.849780917021633e-10,8.103033367180255e-09,0.0006658503507338279,0.9999997783216307
118,680000000,118.68,terrain_world,differential_drive_robot,12.525179754235051,11.4085769316204,-5.983292262226273e-09,-3.849780917021633e-10,8.103033367180255e-09,0.0006658503507338279,0.9999997783216307
118,700000000,118.7,terrain_world,differential_drive_robot,12.525179754235051,11.4085769316204,-5.983292262226273e-09,-3.849780917021633e-10,8.103033367180255e-09,0.0006658503507338279,0.9999997783216307
118,720000000,118.72,terrain_world,differential_drive_robot,12.525179754235051,11.4085769316204,-5.983292262226273e-09,-3.849780917021633e-10,8.103033367180255e-09,0.0006658503507338279,0.9999997783216307
118,740000000,118.74,terrain_world,differential_drive_robot,12.525179754235051,11.4085769316204,-5.983292262226273e-09,-3.849780917021633e-10,8.103033367180255e-09,0.0006658503507338279,0.9999997783216307
118,760000000,118.76,terrain_world,differential_drive_robot,12.525179754235051,11.4085769316204,-5.983292262226273e-09,-3.849780917021633e-10,8.103033367180255e-09,0.0006658503507338279,0.9999997783216307
118,780000000,118.78,terrain_world,differential_drive_robot,12.525179754235051,11.4085769316204,-5.983292262226273e-09,-3.849780917021633e-10,8.103033367180255e-09,0.0006658503507338279,0.9999997783216307
118,800000000,118.8,terrain_world,differential_drive_robot,12.525179754235051,11.4085769316204,-5.983292262226273e-09,-3.849780917021633e-10,8.103033367180255e-09,0.0006658503507338279,0.9999997783216307
118,820000000,118.82,terrain_world,differential_drive_robot,12.525179754235051,11.4085769316204,-5.983292262226273e-09,-3.849780917021633e-10,8.103033367180255e-09,0.0006658503507338279,0.9999997783216307
118,840000000,118.84,terrain_world,differential_drive_robot,12.525179754235051,11.4085769316204,-5.983292262226273e-09,-3.849780917021633e-10,8.103033367180255e-09,0.0006658503507338279,0.9999997783216307
118,860000000,118.86,terrain_world,differential_drive_robot,12.525179754235051,11.4085769316204,-5.983292262226273e-09,-3.849780917021633e-10,8.103033367180255e-09,0.0006658503507338279,0.9999997783216307
118,880000000,118.88,terrain_world,differential_drive_robot,12.525179754235051,11.4085769316204,-5.983292262226273e-09,-3.849780917021633e-10,8.103033367180255e-09,0.0006658503507338279,0.9999997783216307
118,900000000,118.9,terrain_world,differential_drive_robot,12.525179754235051,11.4085769316204,-5.983292262226273e-09,-3.849780917021633e-10,8.103033367180255e-09,0.0006658503507338279,0.9999997783216307
118,920000000,118.92,terrain_world,differential_drive_robot,12.525179754235051,11.4085769316204,-5.983292262226273e-09,-3.849780917021633e-10,8.103033367180255e-09,0.0006658503507338279,0.9999997783216307
118,940000000,118.94,terrain_world,differential_drive_robot,12.525179754235051,11.4085769316204,-5.983292262226273e-09,-3.849780917021633e-10,8.103033367180255e-09,0.0006658503507338279,0.9999997783216307
118,960000000,118.96,terrain_world,differential_drive_robot,12.525179754235051,11.4085769316204,-5.983292262226273e-09,-3.849780917021633e-10,8.103033367180255e-09,0.0006658503507338279,0.9999997783216307
118,980000000,118.98,terrain_world,differential_drive_robot,12.525179754235051,11.4085769316204,-5.983292262226273e-09,-3.849780917021633e-10,8.103033367180255e-09,0.0006658503507338279,0.9999997783216307
119,0,119.0,terrain_world,differential_drive_robot,12.525179754235051,11.4085769316204,-5.983292262226273e-09,-3.849780917021633e-10,8.103033367180255e-09,0.0006658503507338279,0.9999997783216307
119,20000000,119.02,terrain_world,differential_drive_robot,12.525179754235051,11.4085769316204,-5.983292262226273e-09,-3.849780917021633e-10,8.103033367180255e-09,0.0006658503507338279,0.9999997783216307
119,40000000,119.04,terrain_world,differential_drive_robot,12.525179754235051,11.4085769316204,-5.983292262226273e-09,-3.849780917021633e-10,8.103033367180255e-09,0.0006658503507338279,0.9999997783216307
119,60000000,119.06,terrain_world,differential_drive_robot,12.525179754235051,11.4085769316204,-5.983292262226273e-09,-3.849780917021633e-10,8.103033367180255e-09,0.0006658503507338279,0.9999997783216307
119,80000000,119.08,terrain_world,differential_drive_robot,12.525179754235051,11.4085769316204,-5.983292262226273e-09,-3.849780917021633e-10,8.103033367180255e-09,0.0006658503507338279,0.9999997783216307
119,100000000,119.1,terrain_world,differential_drive_robot,12.525179754235051,11.4085769316204,-5.983292262226273e-09,-3.849780917021633e-10,8.103033367180255e-09,0.0006658503507338279,0.9999997783216307
119,120000000,119.12,terrain_world,differential_drive_robot,12.525179754235051,11.4085769316204,-5.983292262226273e-09,-3.849780917021633e-10,8.103033367180255e-09,0.0006658503507338279,0.9999997783216307
119,140000000,119.14,terrain_world,differential_drive_robot,12.525179754235051,11.4085769316204,-5.983292262226273e-09,-3.849780917021633e-10,8.103033367180255e-09,0.0006658503507338279,0.9999997783216307
119,160000000,119.16,terrain_world,differential_drive_robot,12.525179754235051,11.4085769316204,-5.983292262226273e-09,-3.849780917021633e-10,8.103033367180255e-09,0.0006658503507338279,0.9999997783216307
119,180000000,119.18,terrain_world,differential_drive_robot,12.525179754235051,11.4085769316204,-5.983292262226273e-09,-3.849780917021633e-10,8.103033367180255e-09,0.0006658503507338279,0.9999997783216307
119,200000000,119.2,terrain_world,differential_drive_robot,12.525179754235051,11.4085769316204,-5.983292262226273e-09,-3.849780917021633e-10,8.103033367180255e-09,0.0006658503507338279,0.9999997783216307
119,220000000,119.22,terrain_world,differential_drive_robot,12.525179754235051,11.4085769316204,-5.983292262226273e-09,-3.849780917021633e-10,8.103033367180255e-09,0.0006658503507338279,0.9999997783216307
119,240000000,119.24,terrain_world,differential_drive_robot,12.525179754235051,11.4085769316204,-5.983292262226273e-09,-3.849780917021633e-10,8.103033367180255e-09,0.0006658503507338279,0.9999997783216307
119,260000000,119.26,terrain_world,differential_drive_robot,12.525179754235051,11.4085769316204,-5.983292262226273e-09,-3.849780917021633e-10,8.103033367180255e-09,0.0006658503507338279,0.9999997783216307
119,280000000,119.28,terrain_world,differential_drive_robot,12.525179754235051,11.4085769316204,-5.983292262226273e-09,-3.849780917021633e-10,8.103033367180255e-09,0.0006658503507338279,0.9999997783216307
119,300000000,119.3,terrain_world,differential_drive_robot,12.525179754235051,11.4085769316204,-5.983292262226273e-09,-3.849780917021633e-10,8.103033367180255e-09,0.0006658503507338279,0.9999997783216307
119,320000000,119.32,terrain_world,differential_drive_robot,12.525179754235051,11.4085769316204,-5.983292262226273e-09,-3.849780917021633e-10,8.103033367180255e-09,0.0006658503507338279,0.9999997783216307
119,340000000,119.34,terrain_world,differential_drive_robot,12.525179754235051,11.4085769316204,-5.983292262226273e-09,-3.849780917021633e-10,8.103033367180255e-09,0.0006658503507338279,0.9999997783216307
119,360000000,119.36,terrain_world,differential_drive_robot,12.525179754235051,11.4085769316204,-5.983292262226273e-09,-3.849780917021633e-10,8.103033367180255e-09,0.0006658503507338279,0.9999997783216307
119,380000000,119.38,terrain_world,differential_drive_robot,12.525179754235051,11.4085769316204,-5.983292262226273e-09,-3.849780917021633e-10,8.103033367180255e-09,0.0006658503507338279,0.9999997783216307
119,400000000,119.4,terrain_world,differential_drive_robot,12.525179754235051,11.4085769316204,-5.983292262226273e-09,-3.849780917021633e-10,8.103033367180255e-09,0.0006658503507338279,0.9999997783216307
119,420000000,119.42,terrain_world,differential_drive_robot,12.525179754235051,11.4085769316204,-5.983292262226273e-09,-3.849780917021633e-10,8.103033367180255e-09,0.0006658503507338279,0.9999997783216307
119,440000000,119.44,terrain_world,differential_drive_robot,12.525179754235051,11.4085769316204,-5.983292262226273e-09,-3.849780917021633e-10,8.103033367180255e-09,0.0006658503507338279,0.9999997783216307
119,460000000,119.46,terrain_world,differential_drive_robot,12.525179754235051,11.4085769316204,-5.983292262226273e-09,-3.849780917021633e-10,8.103033367180255e-09,0.0006658503507338279,0.9999997783216307
119,480000000,119.48,terrain_world,differential_drive_robot,12.525179754235051,11.4085769316204,-5.983292262226273e-09,-3.849780917021633e-10,8.103033367180255e-09,0.0006658503507338279,0.9999997783216307
119,500000000,119.5,terrain_world,differential_drive_robot,12.525179754235051,11.4085769316204,-5.983292262226273e-09,-3.849780917021633e-10,8.103033367180255e-09,0.0006658503507338279,0.9999997783216307
119,520000000,119.52,terrain_world,differential_drive_robot,12.525179754235051,11.4085769316204,-5.983292262226273e-09,-3.849780917021633e-10,8.103033367180255e-09,0.0006658503507338279,0.9999997783216307
119,540000000,119.54,terrain_world,differential_drive_robot,12.525179754235051,11.4085769316204,-5.983292262226273e-09,-3.849780917021633e-10,8.103033367180255e-09,0.0006658503507338279,0.9999997783216307
119,560000000,119.56,terrain_world,differential_drive_robot,12.525179754235051,11.4085769316204,-5.983292262226273e-09,-3.849780917021633e-10,8.103033367180255e-09,0.0006658503507338279,0.9999997783216307
119,580000000,119.58,terrain_world,differential_drive_robot,12.525179754235051,11.4085769316204,-5.983292262226273e-09,-3.849780917021633e-10,8.103033367180255e-09,0.0006658503507338279,0.9999997783216307
119,600000000,119.6,terrain_world,differential_drive_robot,12.525179754235051,11.4085769316204,-5.983292262226273e-09,-3.849780917021633e-10,8.103033367180255e-09,0.0006658503507338279,0.9999997783216307
119,620000000,119.62,terrain_world,differential_drive_robot,12.525179754235051,11.4085769316204,-5.983292262226273e-09,-3.849780917021633e-10,8.103033367180255e-09,0.0006658503507338279,0.9999997783216307
119,640000000,119.64,terrain_world,differential_drive_robot,12.525179754235051,11.4085769316204,-5.983292262226273e-09,-3.849780917021633e-10,8.103033367180255e-09,0.0006658503507338279,0.9999997783216307
119,660000000,119.66,terrain_world,differential_drive_robot,12.525179754235051,11.4085769316204,-5.983292262226273e-09,-3.849780917021633e-10,8.103033367180255e-09,0.0006658503507338279,0.9999997783216307
119,680000000,119.68,terrain_world,differential_drive_robot,12.525179754235051,11.4085769316204,-5.983292262226273e-09,-3.849780917021633e-10,8.103033367180255e-09,0.0006658503507338279,0.9999997783216307
119,700000000,119.7,terrain_world,differential_drive_robot,12.525179754235051,11.4085769316204,-5.983292262226273e-09,-3.849780917021633e-10,8.103033367180255e-09,0.0006658503507338279,0.9999997783216307
119,720000000,119.72,terrain_world,differential_drive_robot,12.525179754235051,11.4085769316204,-5.983292262226273e-09,-3.849780917021633e-10,8.103033367180255e-09,0.0006658503507338279,0.9999997783216307
119,740000000,119.74,terrain_world,differential_drive_robot,12.525179754235051,11.4085769316204,-5.983292262226273e-09,-3.849780917021633e-10,8.103033367180255e-09,0.0006658503507338279,0.9999997783216307
119,760000000,119.76,terrain_world,differential_drive_robot,12.525179754235051,11.4085769316204,-5.983292262226273e-09,-3.849780917021633e-10,8.103033367180255e-09,0.0006658503507338279,0.9999997783216307
119,780000000,119.78,terrain_world,differential_drive_robot,12.525179754235051,11.4085769316204,-5.983292262226273e-09,-3.849780917021633e-10,8.103033367180255e-09,0.0006658503507338279,0.9999997783216307
119,800000000,119.8,terrain_world,differential_drive_robot,12.525179754235051,11.4085769316204,-5.983292262226273e-09,-3.849780917021633e-10,8.103033367180255e-09,0.0006658503507338279,0.9999997783216307
119,820000000,119.82,terrain_world,differential_drive_robot,12.525179754235051,11.4085769316204,-5.983292262226273e-09,-3.849780917021633e-10,8.103033367180255e-09,0.0006658503507338279,0.9999997783216307
119,840000000,119.84,terrain_world,differential_drive_robot,12.525179754235051,11.4085769316204,-5.983292262226273e-09,-3.849780917021633e-10,8.103033367180255e-09,0.0006658503507338279,0.9999997783216307
119,860000000,119.86,terrain_world,differential_drive_robot,12.525179754235051,11.4085769316204,-5.983292262226273e-09,-3.849780917021633e-10,8.103033367180255e-09,0.0006658503507338279,0.9999997783216307
119,880000000,119.88,terrain_world,differential_drive_robot,12.525179754235051,11.4085769316204,-5.983292262226273e-09,-3.849780917021633e-10,8.103033367180255e-09,0.0006658503507338279,0.9999997783216307
119,900000000,119.9,terrain_world,differential_drive_robot,12.525179754235051,11.4085769316204,-5.983292262226273e-09,-3.849780917021633e-10,8.103033367180255e-09,0.0006658503507338279,0.9999997783216307
119,920000000,119.92,terrain_world,differential_drive_robot,12.525179754235051,11.4085769316204,-5.983292262226273e-09,-3.849780917021633e-10,8.103033367180255e-09,0.0006658503507338279,0.9999997783216307
119,940000000,119.94,terrain_world,differential_drive_robot,12.525179754235051,11.4085769316204,-5.983292262226273e-09,-3.849780917021633e-10,8.103033367180255e-09,0.0006658503507338279,0.9999997783216307
119,960000000,119.96,terrain_world,differential_drive_robot,12.525179754235051,11.4085769316204,-5.983292262226273e-09,-3.849780917021633e-10,8.103033367180255e-09,0.0006658503507338279,0.9999997783216307
119,980000000,119.98,terrain_world,differential_drive_robot,12.525179754235051,11.4085769316204,-5.983292262226273e-09,-3.849780917021633e-10,8.103033367180255e-09,0.0006658503507338279,0.9999997783216307
120,0,120.0,terrain_world,differential_drive_robot,12.525179754235051,11.4085769316204,-5.983292262226273e-09,-3.849780917021633e-10,8.103033367180255e-09,0.0006658503507338279,0.9999997783216307
120,20000000,120.02,terrain_world,differential_drive_robot,12.525179754235051,11.4085769316204,-5.983292262226273e-09,-3.849780917021633e-10,8.103033367180255e-09,0.0006658503507338279,0.9999997783216307
120,40000000,120.04,terrain_world,differential_drive_robot,12.525179754235051,11.4085769316204,-5.983292262226273e-09,-3.849780917021633e-10,8.103033367180255e-09,0.0006658503507338279,0.9999997783216307
120,60000000,120.06,terrain_world,differential_drive_robot,12.525179754235051,11.4085769316204,-5.983292262226273e-09,-3.849780917021633e-10,8.103033367180255e-09,0.0006658503507338279,0.9999997783216307
120,80000000,120.08,terrain_world,differential_drive_robot,12.525179754235051,11.4085769316204,-5.983292262226273e-09,-3.849780917021633e-10,8.103033367180255e-09,0.0006658503507338279,0.9999997783216307
120,100000000,120.1,terrain_world,differential_drive_robot,12.525179754235051,11.4085769316204,-5.983292262226273e-09,-3.849780917021633e-10,8.103033367180255e-09,0.0006658503507338279,0.9999997783216307
120,120000000,120.12,terrain_world,differential_drive_robot,12.525179754235051,11.4085769316204,-5.983292262226273e-09,-3.849780917021633e-10,8.103033367180255e-09,0.0006658503507338279,0.9999997783216307
120,140000000,120.14,terrain_world,differential_drive_robot,12.525179754235051,11.4085769316204,-5.983292262226273e-09,-3.849780917021633e-10,8.103033367180255e-09,0.0006658503507338279,0.9999997783216307
120,160000000,120.16,terrain_world,differential_drive_robot,12.525179754235051,11.4085769316204,-5.983292262226273e-09,-3.849780917021633e-10,8.103033367180255e-09,0.0006658503507338279,0.9999997783216307
120,180000000,120.18,terrain_world,differential_drive_robot,12.525179754235051,11.4085769316204,-5.983292262226273e-09,-3.849780917021633e-10,8.103033367180255e-09,0.0006658503507338279,0.9999997783216307
120,200000000,120.2,terrain_world,differential_drive_robot,12.525179754235051,11.4085769316204,-5.983292262226273e-09,-3.849780917021633e-10,8.103033367180255e-09,0.0006658503507338279,0.9999997783216307
120,220000000,120.22,terrain_world,differential_drive_robot,12.525179754235051,11.4085769316204,-5.983292262226273e-09,-3.849780917021633e-10,8.103033367180255e-09,0.0006658503507338279,0.9999997783216307
120,240000000,120.24,terrain_world,differential_drive_robot,12.525179754235051,11.4085769316204,-5.983292262226273e-09,-3.849780917021633e-10,8.103033367180255e-09,0.0006658503507338279,0.9999997783216307
120,260000000,120.26,terrain_world,differential_drive_robot,12.525179754235051,11.4085769316204,-5.983292262226273e-09,-3.849780917021633e-10,8.103033367180255e-09,0.0006658503507338279,0.9999997783216307
120,280000000,120.28,terrain_world,differential_drive_robot,12.525179754235051,11.4085769316204,-5.983292262226273e-09,-3.849780917021633e-10,8.103033367180255e-09,0.0006658503507338279,0.9999997783216307
120,300000000,120.3,terrain_world,differential_drive_robot,12.525179754235051,11.4085769316204,-5.983292262226273e-09,-3.849780917021633e-10,8.103033367180255e-09,0.0006658503507338279,0.9999997783216307
120,320000000,120.32,terrain_world,differential_drive_robot,12.525179754235051,11.4085769316204,-5.983292262226273e-09,-3.849780917021633e-10,8.103033367180255e-09,0.0006658503507338279,0.9999997783216307
120,340000000,120.34,terrain_world,differential_drive_robot,12.525179754235051,11.4085769316204,-5.983292262226273e-09,-3.849780917021633e-10,8.103033367180255e-09,0.0006658503507338279,0.9999997783216307
120,360000000,120.36,terrain_world,differential_drive_robot,12.525179754235051,11.4085769316204,-5.983292262226273e-09,-3.849780917021633e-10,8.103033367180255e-09,0.0006658503507338279,0.9999997783216307
120,380000000,120.38,terrain_world,differential_drive_robot,12.525179754235051,11.4085769316204,-5.983292262226273e-09,-3.849780917021633e-10,8.103033367180255e-09,0.0006658503507338279,0.9999997783216307
120,400000000,120.4,terrain_world,differential_drive_robot,12.525179754235051,11.4085769316204,-5.983292262226273e-09,-3.849780917021633e-10,8.103033367180255e-09,0.0006658503507338279,0.9999997783216307
120,420000000,120.42,terrain_world,differential_drive_robot,12.525179754235051,11.4085769316204,-5.983292262226273e-09,-3.849780917021633e-10,8.103033367180255e-09,0.0006658503507338279,0.9999997783216307
120,440000000,120.44,terrain_world,differential_drive_robot,12.525179754235051,11.4085769316204,-5.983292262226273e-09,-3.849780917021633e-10,8.103033367180255e-09,0.0006658503507338279,0.9999997783216307
120,460000000,120.46,terrain_world,differential_drive_robot,12.525179754235051,11.4085769316204,-5.983292262226273e-09,-3.849780917021633e-10,8.103033367180255e-09,0.0006658503507338279,0.9999997783216307
120,480000000,120.48,terrain_world,differential_drive_robot,12.525179754235051,11.4085769316204,-5.983292262226273e-09,-3.849780917021633e-10,8.103033367180255e-09,0.0006658503507338279,0.9999997783216307
120,500000000,120.5,terrain_world,differential_drive_robot,12.525179754235051,11.4085769316204,-5.983292262226273e-09,-3.849780917021633e-10,8.103033367180255e-09,0.0006658503507338279,0.9999997783216307
120,520000000,120.52,terrain_world,differential_drive_robot,12.525179754235051,11.4085769316204,-5.983292262226273e-09,-3.849780917021633e-10,8.103033367180255e-09,0.0006658503507338279,0.9999997783216307
120,540000000,120.54,terrain_world,differential_drive_robot,12.525179754235051,11.4085769316204,-5.983292262226273e-09,-3.849780917021633e-10,8.103033367180255e-09,0.0006658503507338279,0.9999997783216307
120,560000000,120.56,terrain_world,differential_drive_robot,12.525179754235051,11.4085769316204,-5.983292262226273e-09,-3.849780917021633e-10,8.103033367180255e-09,0.0006658503507338279,0.9999997783216307
120,580000000,120.58,terrain_world,differential_drive_robot,12.525179754235051,11.4085769316204,-5.983292262226273e-09,-3.849780917021633e-10,8.103033367180255e-09,0.0006658503507338279,0.9999997783216307
120,600000000,120.6,terrain_world,differential_drive_robot,12.525179754235051,11.4085769316204,-5.983292262226273e-09,-3.849780917021633e-10,8.103033367180255e-09,0.0006658503507338279,0.9999997783216307
120,620000000,120.62,terrain_world,differential_drive_robot,12.525179754235051,11.4085769316204,-5.983292262226273e-09,-3.849780917021633e-10,8.103033367180255e-09,0.0006658503507338279,0.9999997783216307
120,640000000,120.64,terrain_world,differential_drive_robot,12.525179754235051,11.4085769316204,-5.983292262226273e-09,-3.849780917021633e-10,8.103033367180255e-09,0.0006658503507338279,0.9999997783216307
120,660000000,120.66,terrain_world,differential_drive_robot,12.525179754235051,11.4085769316204,-5.983292262226273e-09,-3.849780917021633e-10,8.103033367180255e-09,0.0006658503507338279,0.9999997783216307
120,680000000,120.68,terrain_world,differential_drive_robot,12.525179754235051,11.4085769316204,-5.983292262226273e-09,-3.849780917021633e-10,8.103033367180255e-09,0.0006658503507338279,0.9999997783216307
120,700000000,120.7,terrain_world,differential_drive_robot,12.525179754235051,11.4085769316204,-5.983292262226273e-09,-3.849780917021633e-10,8.103033367180255e-09,0.0006658503507338279,0.9999997783216307
120,720000000,120.72,terrain_world,differential_drive_robot,12.525179754235051,11.4085769316204,-5.983292262226273e-09,-3.849780917021633e-10,8.103033367180255e-09,0.0006658503507338279,0.9999997783216307
120,740000000,120.74,terrain_world,differential_drive_robot,12.525179754235051,11.4085769316204,-5.983292262226273e-09,-3.849780917021633e-10,8.103033367180255e-09,0.0006658503507338279,0.9999997783216307
120,760000000,120.76,terrain_world,differential_drive_robot,12.525179754235051,11.4085769316204,-5.983292262226273e-09,-3.849780917021633e-10,8.103033367180255e-09,0.0006658503507338279,0.9999997783216307
120,780000000,120.78,terrain_world,differential_drive_robot,12.525179754235051,11.4085769316204,-5.983292262226273e-09,-3.849780917021633e-10,8.103033367180255e-09,0.0006658503507338279,0.9999997783216307
120,800000000,120.8,terrain_world,differential_drive_robot,12.525179754235051,11.4085769316204,-5.983292262226273e-09,-3.849780917021633e-10,8.103033367180255e-09,0.0006658503507338279,0.9999997783216307
120,820000000,120.82,terrain_world,differential_drive_robot,12.525179754235051,11.4085769316204,-5.983292262226273e-09,-3.849780917021633e-10,8.103033367180255e-09,0.0006658503507338279,0.9999997783216307
120,840000000,120.84,terrain_world,differential_drive_robot,12.525179754235051,11.4085769316204,-5.983292262226273e-09,-3.849780917021633e-10,8.103033367180255e-09,0.0006658503507338279,0.9999997783216307
120,860000000,120.86,terrain_world,differential_drive_robot,12.525179754235051,11.4085769316204,-5.983292262226273e-09,-3.849780917021633e-10,8.103033367180255e-09,0.0006658503507338279,0.9999997783216307
120,880000000,120.88,terrain_world,differential_drive_robot,12.525179754235051,11.4085769316204,-5.983292262226273e-09,-3.849780917021633e-10,8.103033367180255e-09,0.0006658503507338279,0.9999997783216307
120,900000000,120.9,terrain_world,differential_drive_robot,12.525179754235051,11.4085769316204,-5.983292262226273e-09,-3.849780917021633e-10,8.103033367180255e-09,0.0006658503507338279,0.9999997783216307
120,920000000,120.92,terrain_world,differential_drive_robot,12.525179754235051,11.4085769316204,-5.983292262226273e-09,-3.849780917021633e-10,8.103033367180255e-09,0.0006658503507338279,0.9999997783216307
120,940000000,120.94,terrain_world,differential_drive_robot,12.525179754235051,11.4085769316204,-5.983292262226273e-09,-3.849780917021633e-10,8.103033367180255e-09,0.0006658503507338279,0.9999997783216307
120,960000000,120.96,terrain_world,differential_drive_robot,12.525179754235051,11.4085769316204,-5.983292262226273e-09,-3.849780917021633e-10,8.103033367180255e-09,0.0006658503507338279,0.9999997783216307
120,980000000,120.98,terrain_world,differential_drive_robot,12.525179754235051,11.4085769316204,-5.983292262226273e-09,-3.849780917021633e-10,8.103033367180255e-09,0.0006658503507338279,0.9999997783216307
121,0,121.0,terrain_world,differential_drive_robot,12.525179754235051,11.4085769316204,-5.983292262226273e-09,-3.849780917021633e-10,8.103033367180255e-09,0.0006658503507338279,0.9999997783216307
121,20000000,121.02,terrain_world,differential_drive_robot,12.525179754235051,11.4085769316204,-5.983292262226273e-09,-3.849780917021633e-10,8.103033367180255e-09,0.0006658503507338279,0.9999997783216307
121,40000000,121.04,terrain_world,differential_drive_robot,12.525179754235051,11.4085769316204,-5.983292262226273e-09,-3.849780917021633e-10,8.103033367180255e-09,0.0006658503507338279,0.9999997783216307
121,60000000,121.06,terrain_world,differential_drive_robot,12.525179754235051,11.4085769316204,-5.983292262226273e-09,-3.849780917021633e-10,8.103033367180255e-09,0.0006658503507338279,0.9999997783216307
121,80000000,121.08,terrain_world,differential_drive_robot,12.525179754235051,11.4085769316204,-5.983292262226273e-09,-3.849780917021633e-10,8.103033367180255e-09,0.0006658503507338279,0.9999997783216307
121,100000000,121.1,terrain_world,differential_drive_robot,12.525179754235051,11.4085769316204,-5.983292262226273e-09,-3.849780917021633e-10,8.103033367180255e-09,0.0006658503507338279,0.9999997783216307
121,120000000,121.12,terrain_world,differential_drive_robot,12.525179754235051,11.4085769316204,-5.983292262226273e-09,-3.849780917021633e-10,8.103033367180255e-09,0.0006658503507338279,0.9999997783216307
121,140000000,121.14,terrain_world,differential_drive_robot,12.525179754235051,11.4085769316204,-5.983292262226273e-09,-3.849780917021633e-10,8.103033367180255e-09,0.0006658503507338279,0.9999997783216307
121,160000000,121.16,terrain_world,differential_drive_robot,12.525179754235051,11.4085769316204,-5.983292262226273e-09,-3.849780917021633e-10,8.103033367180255e-09,0.0006658503507338279,0.9999997783216307
121,180000000,121.18,terrain_world,differential_drive_robot,12.525179754235051,11.4085769316204,-5.983292262226273e-09,-3.849780917021633e-10,8.103033367180255e-09,0.0006658503507338279,0.9999997783216307
121,200000000,121.2,terrain_world,differential_drive_robot,12.525179754235051,11.4085769316204,-5.983292262226273e-09,-3.849780917021633e-10,8.103033367180255e-09,0.0006658503507338279,0.9999997783216307
121,220000000,121.22,terrain_world,differential_drive_robot,12.525179754235051,11.4085769316204,-5.983292262226273e-09,-3.849780917021633e-10,8.103033367180255e-09,0.0006658503507338279,0.9999997783216307
121,240000000,121.24,terrain_world,differential_drive_robot,12.525179754235051,11.4085769316204,-5.983292262226273e-09,-3.849780917021633e-10,8.103033367180255e-09,0.0006658503507338279,0.9999997783216307
121,260000000,121.26,terrain_world,differential_drive_robot,12.525179754235051,11.4085769316204,-5.983292262226273e-09,-3.849780917021633e-10,8.103033367180255e-09,0.0006658503507338279,0.9999997783216307
121,280000000,121.28,terrain_world,differential_drive_robot,12.525179754235051,11.4085769316204,-5.983292262226273e-09,-3.849780917021633e-10,8.103033367180255e-09,0.0006658503507338279,0.9999997783216307
121,300000000,121.3,terrain_world,differential_drive_robot,12.525179754235051,11.4085769316204,-5.983292262226273e-09,-3.849780917021633e-10,8.103033367180255e-09,0.0006658503507338279,0.9999997783216307
121,320000000,121.32,terrain_world,differential_drive_robot,12.525179754235051,11.4085769316204,-5.983292262226273e-09,-3.849780917021633e-10,8.103033367180255e-09,0.0006658503507338279,0.9999997783216307
121,340000000,121.34,terrain_world,differential_drive_robot,12.525179754235051,11.4085769316204,-5.983292262226273e-09,-3.849780917021633e-10,8.103033367180255e-09,0.0006658503507338279,0.9999997783216307
121,360000000,121.36,terrain_world,differential_drive_robot,12.525179754235051,11.4085769316204,-5.983292262226273e-09,-3.849780917021633e-10,8.103033367180255e-09,0.0006658503507338279,0.9999997783216307
121,380000000,121.38,terrain_world,differential_drive_robot,12.525179754235051,11.4085769316204,-5.983292262226273e-09,-3.849780917021633e-10,8.103033367180255e-09,0.0006658503507338279,0.9999997783216307
121,400000000,121.4,terrain_world,differential_drive_robot,12.525179754235051,11.4085769316204,-5.983292262226273e-09,-3.849780917021633e-10,8.103033367180255e-09,0.0006658503507338279,0.9999997783216307
121,420000000,121.42,terrain_world,differential_drive_robot,12.525179754235051,11.4085769316204,-5.983292262226273e-09,-3.849780917021633e-10,8.103033367180255e-09,0.0006658503507338279,0.9999997783216307
121,440000000,121.44,terrain_world,differential_drive_robot,12.525179754235051,11.4085769316204,-5.983292262226273e-09,-3.849780917021633e-10,8.103033367180255e-09,0.0006658503507338279,0.9999997783216307
121,460000000,121.46,terrain_world,differential_drive_robot,12.525179754235051,11.4085769316204,-5.983292262226273e-09,-3.849780917021633e-10,8.103033367180255e-09,0.0006658503507338279,0.9999997783216307
121,480000000,121.48,terrain_world,differential_drive_robot,12.525179754235051,11.4085769316204,-5.983292262226273e-09,-3.849780917021633e-10,8.103033367180255e-09,0.0006658503507338279,0.9999997783216307
121,500000000,121.5,terrain_world,differential_drive_robot,12.525179754235051,11.4085769316204,-5.983292262226273e-09,-3.849780917021633e-10,8.103033367180255e-09,0.0006658503507338279,0.9999997783216307
121,520000000,121.52,terrain_world,differential_drive_robot,12.525179754235051,11.4085769316204,-5.983292262226273e-09,-3.849780917021633e-10,8.103033367180255e-09,0.0006658503507338279,0.9999997783216307
121,540000000,121.54,terrain_world,differential_drive_robot,12.525179754235051,11.4085769316204,-5.983292262226273e-09,-3.849780917021633e-10,8.103033367180255e-09,0.0006658503507338279,0.9999997783216307
121,560000000,121.56,terrain_world,differential_drive_robot,12.525179754235051,11.4085769316204,-5.983292262226273e-09,-3.849780917021633e-10,8.103033367180255e-09,0.0006658503507338279,0.9999997783216307
121,580000000,121.58,terrain_world,differential_drive_robot,12.525179754235051,11.4085769316204,-5.983292262226273e-09,-3.849780917021633e-10,8.103033367180255e-09,0.0006658503507338279,0.9999997783216307
121,600000000,121.6,terrain_world,differential_drive_robot,12.525179754235051,11.4085769316204,-5.983292262226273e-09,-3.849780917021633e-10,8.103033367180255e-09,0.0006658503507338279,0.9999997783216307
121,620000000,121.62,terrain_world,differential_drive_robot,12.525179754235051,11.4085769316204,-5.983292262226273e-09,-3.849780917021633e-10,8.103033367180255e-09,0.0006658503507338279,0.9999997783216307
121,640000000,121.64,terrain_world,differential_drive_robot,12.525179754235051,11.4085769316204,-5.983292262226273e-09,-3.849780917021633e-10,8.103033367180255e-09,0.0006658503507338279,0.9999997783216307
121,660000000,121.66,terrain_world,differential_drive_robot,12.525179754235051,11.4085769316204,-5.983292262226273e-09,-3.849780917021633e-10,8.103033367180255e-09,0.0006658503507338279,0.9999997783216307
121,680000000,121.68,terrain_world,differential_drive_robot,12.525179754235051,11.4085769316204,-5.983292262226273e-09,-3.849780917021633e-10,8.103033367180255e-09,0.0006658503507338279,0.9999997783216307
121,700000000,121.7,terrain_world,differential_drive_robot,12.525179754235051,11.4085769316204,-5.983292262226273e-09,-3.849780917021633e-10,8.103033367180255e-09,0.0006658503507338279,0.9999997783216307
121,720000000,121.72,terrain_world,differential_drive_robot,12.525179754235051,11.4085769316204,-5.983292262226273e-09,-3.849780917021633e-10,8.103033367180255e-09,0.0006658503507338279,0.9999997783216307
121,740000000,121.74,terrain_world,differential_drive_robot,12.525179754235051,11.4085769316204,-5.983292262226273e-09,-3.849780917021633e-10,8.103033367180255e-09,0.0006658503507338279,0.9999997783216307
121,760000000,121.76,terrain_world,differential_drive_robot,12.525179754235051,11.4085769316204,-5.983292262226273e-09,-3.849780917021633e-10,8.103033367180255e-09,0.0006658503507338279,0.9999997783216307
121,780000000,121.78,terrain_world,differential_drive_robot,12.525179754235051,11.4085769316204,-5.983292262226273e-09,-3.849780917021633e-10,8.103033367180255e-09,0.0006658503507338279,0.9999997783216307
121,800000000,121.8,terrain_world,differential_drive_robot,12.525179754235051,11.4085769316204,-5.983292262226273e-09,-3.849780917021633e-10,8.103033367180255e-09,0.0006658503507338279,0.9999997783216307
121,820000000,121.82,terrain_world,differential_drive_robot,12.525179754235051,11.4085769316204,-5.983292262226273e-09,-3.849780917021633e-10,8.103033367180255e-09,0.0006658503507338279,0.9999997783216307
121,840000000,121.84,terrain_world,differential_drive_robot,12.525179754235051,11.4085769316204,-5.983292262226273e-09,-3.849780917021633e-10,8.103033367180255e-09,0.0006658503507338279,0.9999997783216307
121,860000000,121.86,terrain_world,differential_drive_robot,12.525179754235051,11.4085769316204,-5.983292262226273e-09,-3.849780917021633e-10,8.103033367180255e-09,0.0006658503507338279,0.9999997783216307
121,880000000,121.88,terrain_world,differential_drive_robot,12.525179754235051,11.4085769316204,-5.983292262226273e-09,-3.849780917021633e-10,8.103033367180255e-09,0.0006658503507338279,0.9999997783216307
121,900000000,121.9,terrain_world,differential_drive_robot,12.525179754235051,11.4085769316204,-5.983292262226273e-09,-3.849780917021633e-10,8.103033367180255e-09,0.0006658503507338279,0.9999997783216307
121,920000000,121.92,terrain_world,differential_drive_robot,12.525179754235051,11.4085769316204,-5.983292262226273e-09,-3.849780917021633e-10,8.103033367180255e-09,0.0006658503507338279,0.9999997783216307
121,940000000,121.94,terrain_world,differential_drive_robot,12.525179754235051,11.4085769316204,-5.983292262226273e-09,-3.849780917021633e-10,8.103033367180255e-09,0.0006658503507338279,0.9999997783216307
121,960000000,121.96,terrain_world,differential_drive_robot,12.525179754235051,11.4085769316204,-5.983292262226273e-09,-3.849780917021633e-10,8.103033367180255e-09,0.0006658503507338279,0.9999997783216307
121,980000000,121.98,terrain_world,differential_drive_robot,12.525179754235051,11.4085769316204,-5.983292262226273e-09,-3.849780917021633e-10,8.103033367180255e-09,0.0006658503507338279,0.9999997783216307
122,0,122.0,terrain_world,differential_drive_robot,12.525179754235051,11.4085769316204,-5.983292262226273e-09,-3.849780917021633e-10,8.103033367180255e-09,0.0006658503507338279,0.9999997783216307
122,20000000,122.02,terrain_world,differential_drive_robot,12.525179754235051,11.4085769316204,-5.983292262226273e-09,-3.849780917021633e-10,8.103033367180255e-09,0.0006658503507338279,0.9999997783216307
122,40000000,122.04,terrain_world,differential_drive_robot,12.525179754235051,11.4085769316204,-5.983292262226273e-09,-3.849780917021633e-10,8.103033367180255e-09,0.0006658503507338279,0.9999997783216307
122,60000000,122.06,terrain_world,differential_drive_robot,12.525179754235051,11.4085769316204,-5.983292262226273e-09,-3.849780917021633e-10,8.103033367180255e-09,0.0006658503507338279,0.9999997783216307
122,80000000,122.08,terrain_world,differential_drive_robot,12.525179754235051,11.4085769316204,-5.983292262226273e-09,-3.849780917021633e-10,8.103033367180255e-09,0.0006658503507338279,0.9999997783216307
122,100000000,122.1,terrain_world,differential_drive_robot,12.525179754235051,11.4085769316204,-5.983292262226273e-09,-3.849780917021633e-10,8.103033367180255e-09,0.0006658503507338279,0.9999997783216307
122,120000000,122.12,terrain_world,differential_drive_robot,12.525179754235051,11.4085769316204,-5.983292262226273e-09,-3.849780917021633e-10,8.103033367180255e-09,0.0006658503507338279,0.9999997783216307
122,140000000,122.14,terrain_world,differential_drive_robot,12.525179754235051,11.4085769316204,-5.983292262226273e-09,-3.849780917021633e-10,8.103033367180255e-09,0.0006658503507338279,0.9999997783216307
122,160000000,122.16,terrain_world,differential_drive_robot,12.525179754235051,11.4085769316204,-5.983292262226273e-09,-3.849780917021633e-10,8.103033367180255e-09,0.0006658503507338279,0.9999997783216307
122,180000000,122.18,terrain_world,differential_drive_robot,12.525179754235051,11.4085769316204,-5.983292262226273e-09,-3.849780917021633e-10,8.103033367180255e-09,0.0006658503507338279,0.9999997783216307
122,200000000,122.2,terrain_world,differential_drive_robot,12.525179754235051,11.4085769316204,-5.983292262226273e-09,-3.849780917021633e-10,8.103033367180255e-09,0.0006658503507338279,0.9999997783216307
122,220000000,122.22,terrain_world,differential_drive_robot,12.525179754235051,11.4085769316204,-5.983292262226273e-09,-3.849780917021633e-10,8.103033367180255e-09,0.0006658503507338279,0.9999997783216307
