time_sec,time_nsec,timestamp,frame_id,child_frame_id,gt_x,gt_y,gt_z,gt_orient_x,gt_orient_y,gt_orient_z,gt_orient_w
138,26000000,138.026,odom,base_footprint,-3.569207474349404e-06,1.7807144901990858e-13,0.0,0.0,0.0,-4.9891033403093716e-08,0.9999999999999988
138,36000000,138.036,odom,base_footprint,-3.569207474349398e-06,1.7807144901990777e-13,0.0,0.0,0.0,-4.9891033403093716e-08,0.9999999999999988
138,46000000,138.046,odom,base_footprint,-3.5692074743493916e-06,1.7807144901990704e-13,0.0,0.0,0.0,-4.98910334030916e-08,0.9999999999999988
138,65000000,138.065,indoor_world,differential_drive_robot,-3.5741685225951495e-06,-2.993451338640735e-08,-4.433823484413102e-07,-4.104671596714432e-10,8.208607569723231e-07,-4.9890855494449206e-08,0.9999999999996618
138,85000000,138.085,indoor_world,differential_drive_robot,-3.5741685225951495e-06,-2.993451338640735e-08,-4.433823484413102e-07,-4.104671596714432e-10,8.208607569723231e-07,-4.9890855494449206e-08,0.9999999999996618
138,105000000,138.105,indoor_world,differential_drive_robot,-3.5741685225951495e-06,-2.993451338640735e-08,-4.433823484413102e-07,-4.104671596714432e-10,8.208607569723231e-07,-4.9890855494449206e-08,0.9999999999996618
138,125000000,138.125,indoor_world,differential_drive_robot,-3.5741685225951495e-06,-2.993451338640735e-08,-4.433823484413102e-07,-4.104671596714432e-10,8.208607569723231e-07,-4.9890855494449206e-08,0.9999999999996618
138,145000000,138.145,indoor_world,differential_drive_robot,-3.5741685225951495e-06,-2.993451338640735e-08,-4.433823484413102e-07,-4.104671596714432e-10,8.208607569723231e-07,-4.9890855494449206e-08,0.9999999999996618
138,165000000,138.165,indoor_world,differential_drive_robot,-3.5741685225951495e-06,-2.993451338640735e-08,-4.433823484413102e-07,-4.104671596714432e-10,8.208607569723231e-07,-4.9890855494449206e-08,0.9999999999996618
138,185000000,138.185,indoor_world,differential_drive_robot,-3.5741685225951495e-06,-2.993451338640735e-08,-4.433823484413102e-07,-4.104671596714432e-10,8.208607569723231e-07,-4.9890855494449206e-08,0.9999999999996618
138,205000000,138.205,indoor_world,differential_drive_robot,-3.5741685225951495e-06,-2.993451338640735e-08,-4.433823484413102e-07,-4.104671596714432e-10,8.208607569723231e-07,-4.9890855494449206e-08,0.9999999999996618
138,225000000,138.225,indoor_world,differential_drive_robot,-3.5741685225951495e-06,-2.993451338640735e-08,-4.433823484413102e-07,-4.104671596714432e-10,8.208607569723231e-07,-4.9890855494449206e-08,0.9999999999996618
138,245000000,138.245,indoor_world,differential_drive_robot,-3.5741685225951495e-06,-2.993451338640735e-08,-4.433823484413102e-07,-4.104671596714432e-10,8.208607569723231e-07,-4.9890855494449206e-08,0.9999999999996618
138,265000000,138.265,indoor_world,differential_drive_robot,-3.5741685225951495e-06,-2.993451338640735e-08,-4.433823484413102e-07,-4.104671596714432e-10,8.208607569723231e-07,-4.9890855494449206e-08,0.9999999999996618
138,285000000,138.285,indoor_world,differential_drive_robot,-3.5741685225951495e-06,-2.993451338640735e-08,-4.433823484413102e-07,-4.104671596714432e-10,8.208607569723231e-07,-4.9890855494449206e-08,0.9999999999996618
138,305000000,138.305,indoor_world,differential_drive_robot,-3.5741685225951495e-06,-2.993451338640735e-08,-4.433823484413102e-07,-4.104671596714432e-10,8.208607569723231e-07,-4.9890855494449206e-08,0.9999999999996618
138,325000000,138.325,indoor_world,differential_drive_robot,-3.5741685225951495e-06,-2.993451338640735e-08,-4.433823484413102e-07,-4.104671596714432e-10,8.208607569723231e-07,-4.9890855494449206e-08,0.9999999999996618
138,345000000,138.345,indoor_world,differential_drive_robot,-3.5741685225951495e-06,-2.993451338640735e-08,-4.433823484413102e-07,-4.104671596714432e-10,8.208607569723231e-07,-4.9890855494449206e-08,0.9999999999996618
138,365000000,138.365,indoor_world,differential_drive_robot,-3.5741685225951495e-06,-2.993451338640735e-08,-4.433823484413102e-07,-4.104671596714432e-10,8.208607569723231e-07,-4.9890855494449206e-08,0.9999999999996618
138,385000000,138.385,indoor_world,differential_drive_robot,-3.5741685225951495e-06,-2.993451338640735e-08,-4.433823484413102e-07,-4.104671596714432e-10,8.208607569723231e-07,-4.9890855494449206e-08,0.9999999999996618
138,405000000,138.405,indoor_world,differential_drive_robot,-3.5741685225951495e-06,-2.993451338640735e-08,-4.433823484413102e-07,-4.104671596714432e-10,8.208607569723231e-07,-4.9890855494449206e-08,0.9999999999996618
138,425000000,138.425,indoor_world,differential_drive_robot,-3.5741685225951495e-06,-2.993451338640735e-08,-4.433823484413102e-07,-4.104671596714432e-10,8.208607569723231e-07,-4.9890855494449206e-08,0.9999999999996618
138,445000000,138.445,indoor_world,differential_drive_robot,-3.5741685225951495e-06,-2.993451338640735e-08,-4.433823484413102e-07,-4.104671596714432e-10,8.208607569723231e-07,-4.9890855494449206e-08,0.9999999999996618
138,465000000,138.465,indoor_world,differential_drive_robot,-3.5741685225951495e-06,-2.993451338640735e-08,-4.433823484413102e-07,-4.104671596714432e-10,8.208607569723231e-07,-4.9890855494449206e-08,0.9999999999996618
138,485000000,138.485,indoor_world,differential_drive_robot,-3.5741685225951495e-06,-2.993451338640735e-08,-4.433823484413102e-07,-4.104671596714432e-10,8.208607569723231e-07,-4.9890855494449206e-08,0.9999999999996618
138,505000000,138.505,indoor_world,differential_drive_robot,-3.5741685225951495e-06,-2.993451338640735e-08,-4.433823484413102e-07,-4.104671596714432e-10,8.208607569723231e-07,-4.9890855494449206e-08,0.9999999999996618
138,525000000,138.525,indoor_world,differential_drive_robot,-3.5741685225951495e-06,-2.993451338640735e-08,-4.433823484413102e-07,-4.104671596714432e-10,8.208607569723231e-07,-4.9890855494449206e-08,0.9999999999996618
138,545000000,138.545,indoor_world,differential_drive_robot,-3.5741685225951495e-06,-2.993451338640735e-08,-4.433823484413102e-07,-4.104671596714432e-10,8.208607569723231e-07,-4.9890855494449206e-08,0.9999999999996618
138,565000000,138.565,indoor_world,differential_drive_robot,-3.5741685225951495e-06,-2.993451338640735e-08,-4.433823484413102e-07,-4.104671596714432e-10,8.208607569723231e-07,-4.9890855494449206e-08,0.9999999999996618
138,585000000,138.585,indoor_world,differential_drive_robot,-3.5741685225951495e-06,-2.993451338640735e-08,-4.433823484413102e-07,-4.104671596714432e-10,8.208607569723231e-07,-4.9890855494449206e-08,0.9999999999996618
138,605000000,138.605,indoor_world,differential_drive_robot,-3.5741685225951495e-06,-2.993451338640735e-08,-4.433823484413102e-07,-4.104671596714432e-10,8.208607569723231e-07,-4.9890855494449206e-08,0.9999999999996618
138,625000000,138.625,indoor_world,differential_drive_robot,-3.5741685225951495e-06,-2.993451338640735e-08,-4.433823484413102e-07,-4.104671596714432e-10,8.208607569723231e-07,-4.9890855494449206e-08,0.9999999999996618
138,645000000,138.645,indoor_world,differential_drive_robot,-3.5741685225951495e-06,-2.993451338640735e-08,-4.433823484413102e-07,-4.104671596714432e-10,8.208607569723231e-07,-4.9890855494449206e-08,0.9999999999996618
138,665000000,138.665,indoor_world,differential_drive_robot,-3.5741685225951495e-06,-2.993451338640735e-08,-4.433823484413102e-07,-4.104671596714432e-10,8.208607569723231e-07,-4.9890855494449206e-08,0.9999999999996618
138,685000000,138.685,indoor_world,differential_drive_robot,-3.5741685225951495e-06,-2.993451338640735e-08,-4.433823484413102e-07,-4.104671596714432e-10,8.208607569723231e-07,-4.9890855494449206e-08,0.9999999999996618
138,705000000,138.705,indoor_world,differential_drive_robot,-3.5741685225951495e-06,-2.993451338640735e-08,-4.433823484413102e-07,-4.104671596714432e-10,8.208607569723231e-07,-4.9890855494449206e-08,0.9999999999996618
138,725000000,138.725,indoor_world,differential_drive_robot,-3.5741685225951495e-06,-2.993451338640735e-08,-4.433823484413102e-07,-4.104671596714432e-10,8.208607569723231e-07,-4.9890855494449206e-08,0.9999999999996618
138,745000000,138.745,indoor_world,differential_drive_robot,-3.5741685225951495e-06,-2.993451338640735e-08,-4.433823484413102e-07,-4.104671596714432e-10,8.208607569723231e-07,-4.9890855494449206e-08,0.9999999999996618
138,765000000,138.765,indoor_world,differential_drive_robot,-3.5741685225951495e-06,-2.993451338640735e-08,-4.433823484413102e-07,-4.104671596714432e-10,8.208607569723231e-07,-4.9890855494449206e-08,0.9999999999996618
138,785000000,138.785,indoor_world,differential_drive_robot,-3.5741685225951495e-06,-2.993451338640735e-08,-4.433823484413102e-07,-4.104671596714432e-10,8.208607569723231e-07,-4.9890855494449206e-08,0.9999999999996618
138,805000000,138.805,indoor_world,differential_drive_robot,-3.5741685225951495e-06,-2.993451338640735e-08,-4.433823484413102e-07,-4.104671596714432e-10,8.208607569723231e-07,-4.9890855494449206e-08,0.9999999999996618
138,825000000,138.825,indoor_world,differential_drive_robot,-3.5741685225951495e-06,-2.993451338640735e-08,-4.433823484413102e-07,-4.104671596714432e-10,8.208607569723231e-07,-4.9890855494449206e-08,0.9999999999996618
138,845000000,138.845,indoor_world,differential_drive_robot,-3.5741685225951495e-06,-2.993451338640735e-08,-4.433823484413102e-07,-4.104671596714432e-10,8.208607569723231e-07,-4.9890855494449206e-08,0.9999999999996618
138,865000000,138.865,indoor_world,differential_drive_robot,-3.5741685225951495e-06,-2.993451338640735e-08,-4.433823484413102e-07,-4.104671596714432e-10,8.208607569723231e-07,-4.9890855494449206e-08,0.9999999999996618
138,885000000,138.885,indoor_world,differential_drive_robot,-3.5741685225951495e-06,-2.993451338640735e-08,-4.433823484413102e-07,-4.104671596714432e-10,8.208607569723231e-07,-4.9890855494449206e-08,0.9999999999996618
138,905000000,138.905,indoor_world,differential_drive_robot,-3.5741685225951495e-06,-2.993451338640735e-08,-4.433823484413102e-07,-4.104671596714432e-10,8.208607569723231e-07,-4.9890855494449206e-08,0.9999999999996618
138,925000000,138.925,indoor_world,differential_drive_robot,-3.5741685225951495e-06,-2.993451338640735e-08,-4.433823484413102e-07,-4.104671596714432e-10,8.208607569723231e-07,-4.9890855494449206e-08,0.9999999999996618
138,945000000,138.945,indoor_world,differential_drive_robot,-3.5741685225951495e-06,-2.993451338640735e-08,-4.433823484413102e-07,-4.104671596714432e-10,8.208607569723231e-07,-4.9890855494449206e-08,0.9999999999996618
138,965000000,138.965,indoor_world,differential_drive_robot,-3.5741685225951495e-06,-2.993451338640735e-08,-4.433823484413102e-07,-4.104671596714432e-10,8.208607569723231e-07,-4.9890855494449206e-08,0.9999999999996618
138,985000000,138.985,indoor_world,differential_drive_robot,-3.5741685225951495e-06,-2.993451338640735e-08,-4.433823484413102e-07,-4.104671596714432e-10,8.208607569723231e-07,-4.9890855494449206e-08,0.9999999999996618
139,5000000,139.005,indoor_world,differential_drive_robot,-3.5741685225951495e-06,-2.993451338640735e-08,-4.433823484413102e-07,-4.104671596714432e-10,8.208607569723231e-07,-4.9890855494449206e-08,0.9999999999996618
139,25000000,139.025,indoor_world,differential_drive_robot,-3.5741685225951495e-06,-2.993451338640735e-08,-4.433823484413102e-07,-4.104671596714432e-10,8.208607569723231e-07,-4.9890855494449206e-08,0.9999999999996618
139,45000000,139.045,indoor_world,differential_drive_robot,-3.5741685225951495e-06,-2.993451338640735e-08,-4.433823484413102e-07,-4.104671596714432e-10,8.208607569723231e-07,-4.9890855494449206e-08,0.9999999999996618
139,65000000,139.065,indoor_world,differential_drive_robot,-3.5741685225951495e-06,-2.993451338640735e-08,-4.433823484413102e-07,-4.104671596714432e-10,8.208607569723231e-07,-4.9890855494449206e-08,0.9999999999996618
139,85000000,139.085,indoor_world,differential_drive_robot,-3.5741685225951495e-06,-2.993451338640735e-08,-4.433823484413102e-07,-4.104671596714432e-10,8.208607569723231e-07,-4.9890855494449206e-08,0.9999999999996618
139,105000000,139.105,indoor_world,differential_drive_robot,-3.5741685225951495e-06,-2.993451338640735e-08,-4.433823484413102e-07,-4.104671596714432e-10,8.208607569723231e-07,-4.9890855494449206e-08,0.9999999999996618
139,125000000,139.125,indoor_world,differential_drive_robot,-3.5741685225951495e-06,-2.993451338640735e-08,-4.433823484413102e-07,-4.104671596714432e-10,8.208607569723231e-07,-4.9890855494449206e-08,0.9999999999996618
139,145000000,139.145,indoor_world,differential_drive_robot,-3.5741685225951495e-06,-2.993451338640735e-08,-4.433823484413102e-07,-4.104671596714432e-10,8.208607569723231e-07,-4.9890855494449206e-08,0.9999999999996618
139,165000000,139.165,indoor_world,differential_drive_robot,-3.5741685225951495e-06,-2.993451338640735e-08,-4.433823484413102e-07,-4.104671596714432e-10,8.208607569723231e-07,-4.9890855494449206e-08,0.9999999999996618
139,185000000,139.185,indoor_world,differential_drive_robot,-3.5741685225951495e-06,-2.993451338640735e-08,-4.433823484413102e-07,-4.104671596714432e-10,8.208607569723231e-07,-4.9890855494449206e-08,0.9999999999996618
139,205000000,139.205,indoor_world,differential_drive_robot,-3.5741685225951495e-06,-2.993451338640735e-08,-4.433823484413102e-07,-4.104671596714432e-10,8.208607569723231e-07,-4.9890855494449206e-08,0.9999999999996618
139,225000000,139.225,indoor_world,differential_drive_robot,-3.5741685225951495e-06,-2.993451338640735e-08,-4.433823484413102e-07,-4.104671596714432e-10,8.208607569723231e-07,-4.9890855494449206e-08,0.9999999999996618
139,245000000,139.245,indoor_world,differential_drive_robot,-3.5741685225951495e-06,-2.993451338640735e-08,-4.433823484413102e-07,-4.104671596714432e-10,8.208607569723231e-07,-4.9890855494449206e-08,0.9999999999996618
139,265000000,139.265,indoor_world,differential_drive_robot,-3.5741685225951495e-06,-2.993451338640735e-08,-4.433823484413102e-07,-4.104671596714432e-10,8.208607569723231e-07,-4.9890855494449206e-08,0.9999999999996618
139,285000000,139.285,indoor_world,differential_drive_robot,-3.5741685225951495e-06,-2.993451338640735e-08,-4.433823484413102e-07,-4.104671596714432e-10,8.208607569723231e-07,-4.9890855494449206e-08,0.9999999999996618
139,305000000,139.305,indoor_world,differential_drive_robot,-3.5741685225951495e-06,-2.993451338640735e-08,-4.433823484413102e-07,-4.104671596714432e-10,8.208607569723231e-07,-4.9890855494449206e-08,0.9999999999996618
139,325000000,139.325,indoor_world,differential_drive_robot,-3.5741685225951495e-06,-2.993451338640735e-08,-4.433823484413102e-07,-4.104671596714432e-10,8.208607569723231e-07,-4.9890855494449206e-08,0.9999999999996618
139,345000000,139.345,indoor_world,differential_drive_robot,-3.5741685225951495e-06,-2.993451338640735e-08,-4.433823484413102e-07,-4.104671596714432e-10,8.208607569723231e-07,-4.9890855494449206e-08,0.9999999999996618
139,365000000,139.365,indoor_world,differential_drive_robot,-3.5741685225951495e-06,-2.993451338640735e-08,-4.433823484413102e-07,-4.104671596714432e-10,8.208607569723231e-07,-4.9890855494449206e-08,0.9999999999996618
139,385000000,139.385,indoor_world,differential_drive_robot,-3.5741685225951495e-06,-2.993451338640735e-08,-4.433823484413102e-07,-4.104671596714432e-10,8.208607569723231e-07,-4.9890855494449206e-08,0.9999999999996618
139,405000000,139.405,indoor_world,differential_drive_robot,-3.5741685225951495e-06,-2.993451338640735e-08,-4.433823484413102e-07,-4.104671596714432e-10,8.208607569723231e-07,-4.9890855494449206e-08,0.9999999999996618
139,425000000,139.425,indoor_world,differential_drive_robot,-3.5741685225951495e-06,-2.993451338640735e-08,-4.433823484413102e-07,-4.104671596714432e-10,8.208607569723231e-07,-4.9890855494449206e-08,0.9999999999996618
139,445000000,139.445,indoor_world,differential_drive_robot,-3.5741685225951495e-06,-2.993451338640735e-08,-4.433823484413102e-07,-4.104671596714432e-10,8.208607569723231e-07,-4.9890855494449206e-08,0.9999999999996618
139,465000000,139.465,indoor_world,differential_drive_robot,-3.5741685225951495e-06,-2.993451338640735e-08,-4.433823484413102e-07,-4.104671596714432e-10,8.208607569723231e-07,-4.9890855494449206e-08,0.9999999999996618
139,485000000,139.485,indoor_world,differential_drive_robot,-3.5741685225951495e-06,-2.993451338640735e-08,-4.433823484413102e-07,-4.104671596714432e-10,8.208607569723231e-07,-4.9890855494449206e-08,0.9999999999996618
139,505000000,139.505,indoor_world,differential_drive_robot,-3.5741685225951495e-06,-2.993451338640735e-08,-4.433823484413102e-07,-4.104671596714432e-10,8.208607569723231e-07,-4.9890855494449206e-08,0.9999999999996618
139,525000000,139.525,indoor_world,differential_drive_robot,-3.5741685225951495e-06,-2.993451338640735e-08,-4.433823484413102e-07,-4.104671596714432e-10,8.208607569723231e-07,-4.9890855494449206e-08,0.9999999999996618
139,545000000,139.545,indoor_world,differential_drive_robot,-3.5741685225951495e-06,-2.993451338640735e-08,-4.433823484413102e-07,-4.104671596714432e-10,8.208607569723231e-07,-4.9890855494449206e-08,0.9999999999996618
139,565000000,139.565,indoor_world,differential_drive_robot,-3.5741685225951495e-06,-2.993451338640735e-08,-4.433823484413102e-07,-4.104671596714432e-10,8.208607569723231e-07,-4.9890855494449206e-08,0.9999999999996618
139,585000000,139.585,indoor_world,differential_drive_robot,-3.5741685225951495e-06,-2.993451338640735e-08,-4.433823484413102e-07,-4.104671596714432e-10,8.208607569723231e-07,-4.9890855494449206e-08,0.9999999999996618
139,605000000,139.605,indoor_world,differential_drive_robot,-3.5741685225951495e-06,-2.993451338640735e-08,-4.433823484413102e-07,-4.104671596714432e-10,8.208607569723231e-07,-4.9890855494449206e-08,0.9999999999996618
139,625000000,139.625,indoor_world,differential_drive_robot,-3.5741685225951495e-06,-2.993451338640735e-08,-4.433823484413102e-07,-4.104671596714432e-10,8.208607569723231e-07,-4.9890855494449206e-08,0.9999999999996618
139,645000000,139.645,indoor_world,differential_drive_robot,-3.5741685225951495e-06,-2.993451338640735e-08,-4.433823484413102e-07,-4.104671596714432e-10,8.208607569723231e-07,-4.9890855494449206e-08,0.9999999999996618
139,665000000,139.665,indoor_world,differential_drive_robot,-3.5741685225951495e-06,-2.993451338640735e-08,-4.433823484413102e-07,-4.104671596714432e-10,8.208607569723231e-07,-4.9890855494449206e-08,0.9999999999996618
139,685000000,139.685,indoor_world,differential_drive_robot,-3.5741685225951495e-06,-2.993451338640735e-08,-4.433823484413102e-07,-4.104671596714432e-10,8.208607569723231e-07,-4.9890855494449206e-08,0.9999999999996618
139,705000000,139.705,indoor_world,differential_drive_robot,-3.5741685225951495e-06,-2.993451338640735e-08,-4.433823484413102e-07,-4.104671596714432e-10,8.208607569723231e-07,-4.9890855494449206e-08,0.9999999999996618
139,725000000,139.725,indoor_world,differential_drive_robot,-3.5741685225951495e-06,-2.993451338640735e-08,-4.433823484413102e-07,-4.104671596714432e-10,8.208607569723231e-07,-4.9890855494449206e-08,0.9999999999996618
139,745000000,139.745,indoor_world,differential_drive_robot,-3.5741685225951495e-06,-2.993451338640735e-08,-4.433823484413102e-07,-4.104671596714432e-10,8.208607569723231e-07,-4.9890855494449206e-08,0.9999999999996618
139,765000000,139.765,indoor_world,differential_drive_robot,-3.5741685225951495e-06,-2.993451338640735e-08,-4.433823484413102e-07,-4.104671596714432e-10,8.208607569723231e-07,-4.9890855494449206e-08,0.9999999999996618
139,785000000,139.785,indoor_world,differential_drive_robot,-3.5741685225951495e-06,-2.993451338640735e-08,-4.433823484413102e-07,-4.104671596714432e-10,8.208607569723231e-07,-4.9890855494449206e-08,0.9999999999996618
139,805000000,139.805,indoor_world,differential_drive_robot,-3.5741685225951495e-06,-2.993451338640735e-08,-4.433823484413102e-07,-4.104671596714432e-10,8.208607569723231e-07,-4.9890855494449206e-08,0.9999999999996618
139,825000000,139.825,indoor_world,differential_drive_robot,-3.5741685225951495e-06,-2.993451338640735e-08,-4.433823484413102e-07,-4.104671596714432e-10,8.208607569723231e-07,-4.9890855494449206e-08,0.9999999999996618
139,845000000,139.845,indoor_world,differential_drive_robot,-3.5741685225951495e-06,-2.993451338640735e-08,-4.433823484413102e-07,-4.104671596714432e-10,8.208607569723231e-07,-4.9890855494449206e-08,0.9999999999996618
139,865000000,139.865,indoor_world,differential_drive_robot,-3.5741685225951495e-06,-2.993451338640735e-08,-4.433823484413102e-07,-4.104671596714432e-10,8.208607569723231e-07,-4.9890855494449206e-08,0.9999999999996618
139,885000000,139.885,indoor_world,differential_drive_robot,-3.5741685225951495e-06,-2.993451338640735e-08,-4.433823484413102e-07,-4.104671596714432e-10,8.208607569723231e-07,-4.9890855494449206e-08,0.9999999999996618
139,905000000,139.905,indoor_world,differential_drive_robot,-3.5741685225951495e-06,-2.993451338640735e-08,-4.433823484413102e-07,-4.104671596714432e-10,8.208607569723231e-07,-4.9890855494449206e-08,0.9999999999996618
139,925000000,139.925,indoor_world,differential_drive_robot,-3.5741685225951495e-06,-2.993451338640735e-08,-4.433823484413102e-07,-4.104671596714432e-10,8.208607569723231e-07,-4.9890855494449206e-08,0.9999999999996618
139,945000000,139.945,indoor_world,differential_drive_robot,-3.5741685225951495e-06,-2.993451338640735e-08,-4.433823484413102e-07,-4.104671596714432e-10,8.208607569723231e-07,-4.9890855494449206e-08,0.9999999999996618
139,965000000,139.965,indoor_world,differential_drive_robot,-3.5741685225951495e-06,-2.993451338640735e-08,-4.433823484413102e-07,-4.104671596714432e-10,8.208607569723231e-07,-4.9890855494449206e-08,0.9999999999996618
139,985000000,139.985,indoor_world,differential_drive_robot,-3.5741685225951495e-06,-2.993451338640735e-08,-4.433823484413102e-07,-4.104671596714432e-10,8.208607569723231e-07,-4.9890855494449206e-08,0.9999999999996618
140,5000000,140.005,indoor_world,differential_drive_robot,-3.5741685225951495e-06,-2.993451338640735e-08,-4.433823484413102e-07,-4.104671596714432e-10,8.208607569723231e-07,-4.9890855494449206e-08,0.9999999999996618
140,25000000,140.025,indoor_world,differential_drive_robot,-3.5741685225951495e-06,-2.993451338640735e-08,-4.433823484413102e-07,-4.104671596714432e-10,8.208607569723231e-07,-4.9890855494449206e-08,0.9999999999996618
140,45000000,140.045,indoor_world,differential_drive_robot,-3.5741685225951495e-06,-2.993451338640735e-08,-4.433823484413102e-07,-4.104671596714432e-10,8.208607569723231e-07,-4.9890855494449206e-08,0.9999999999996618
140,65000000,140.065,indoor_world,differential_drive_robot,-3.5741685225951495e-06,-2.993451338640735e-08,-4.433823484413102e-07,-4.104671596714432e-10,8.208607569723231e-07,-4.9890855494449206e-08,0.9999999999996618
140,85000000,140.085,indoor_world,differential_drive_robot,-3.5741685225951495e-06,-2.993451338640735e-08,-4.433823484413102e-07,-4.104671596714432e-10,8.208607569723231e-07,-4.9890855494449206e-08,0.9999999999996618
140,105000000,140.105,indoor_world,differential_drive_robot,-3.5741685225951495e-06,-2.993451338640735e-08,-4.433823484413102e-07,-4.104671596714432e-10,8.208607569723231e-07,-4.9890855494449206e-08,0.9999999999996618
140,125000000,140.125,indoor_world,differential_drive_robot,-3.5741685225951495e-06,-2.993451338640735e-08,-4.433823484413102e-07,-4.104671596714432e-10,8.208607569723231e-07,-4.9890855494449206e-08,0.9999999999996618
140,145000000,140.145,indoor_world,differential_drive_robot,-3.5741685225951495e-06,-2.993451338640735e-08,-4.433823484413102e-07,-4.104671596714432e-10,8.208607569723231e-07,-4.9890855494449206e-08,0.9999999999996618
140,165000000,140.165,indoor_world,differential_drive_robot,-3.5741685225951495e-06,-2.993451338640735e-08,-4.433823484413102e-07,-4.104671596714432e-10,8.208607569723231e-07,-4.9890855494449206e-08,0.9999999999996618
140,185000000,140.185,indoor_world,differential_drive_robot,-3.5741685225951495e-06,-2.993451338640735e-08,-4.433823484413102e-07,-4.104671596714432e-10,8.208607569723231e-07,-4.9890855494449206e-08,0.9999999999996618
140,205000000,140.205,indoor_world,differential_drive_robot,-3.5741685225951495e-06,-2.993451338640735e-08,-4.433823484413102e-07,-4.104671596714432e-10,8.208607569723231e-07,-4.9890855494449206e-08,0.9999999999996618
140,225000000,140.225,indoor_world,differential_drive_robot,-3.5741685225951495e-06,-2.993451338640735e-08,-4.433823484413102e-07,-4.104671596714432e-10,8.208607569723231e-07,-4.9890855494449206e-08,0.9999999999996618
140,245000000,140.245,indoor_world,differential_drive_robot,-3.5741685225951495e-06,-2.993451338640735e-08,-4.433823484413102e-07,-4.104671596714432e-10,8.208607569723231e-07,-4.9890855494449206e-08,0.9999999999996618
140,265000000,140.265,indoor_world,differential_drive_robot,-3.5741685225951495e-06,-2.993451338640735e-08,-4.433823484413102e-07,-4.104671596714432e-10,8.208607569723231e-07,-4.9890855494449206e-08,0.9999999999996618
140,285000000,140.285,indoor_world,differential_drive_robot,-3.5741685225951495e-06,-2.993451338640735e-08,-4.433823484413102e-07,-4.104671596714432e-10,8.208607569723231e-07,-4.9890855494449206e-08,0.9999999999996618
140,305000000,140.305,indoor_world,differential_drive_robot,-3.5741685225951495e-06,-2.993451338640735e-08,-4.433823484413102e-07,-4.104671596714432e-10,8.208607569723231e-07,-4.9890855494449206e-08,0.9999999999996618
140,325000000,140.325,indoor_world,differential_drive_robot,-3.5741685225951495e-06,-2.993451338640735e-08,-4.433823484413102e-07,-4.104671596714432e-10,8.208607569723231e-07,-4.9890855494449206e-08,0.9999999999996618
140,345000000,140.345,indoor_world,differential_drive_robot,-3.5741685225951495e-06,-2.993451338640735e-08,-4.433823484413102e-07,-4.104671596714432e-10,8.208607569723231e-07,-4.9890855494449206e-08,0.9999999999996618
140,365000000,140.365,indoor_world,differential_drive_robot,-3.5741685225951495e-06,-2.993451338640735e-08,-4.433823484413102e-07,-4.104671596714432e-10,8.208607569723231e-07,-4.9890855494449206e-08,0.9999999999996618
140,385000000,140.385,indoor_world,differential_drive_robot,-3.5741685225951495e-06,-2.993451338640735e-08,-4.433823484413102e-07,-4.104671596714432e-10,8.208607569723231e-07,-4.9890855494449206e-08,0.9999999999996618
140,405000000,140.405,indoor_world,differential_drive_robot,-3.5741685225951495e-06,-2.993451338640735e-08,-4.433823484413102e-07,-4.104671596714432e-10,8.208607569723231e-07,-4.9890855494449206e-08,0.9999999999996618
140,425000000,140.425,indoor_world,differential_drive_robot,-3.5741685225951495e-06,-2.993451338640735e-08,-4.433823484413102e-07,-4.104671596714432e-10,8.208607569723231e-07,-4.9890855494449206e-08,0.9999999999996618
140,445000000,140.445,indoor_world,differential_drive_robot,-3.5741685225951495e-06,-2.993451338640735e-08,-4.433823484413102e-07,-4.104671596714432e-10,8.208607569723231e-07,-4.9890855494449206e-08,0.9999999999996618
140,465000000,140.465,indoor_world,differential_drive_robot,-3.5741685225951495e-06,-2.993451338640735e-08,-4.433823484413102e-07,-4.104671596714432e-10,8.208607569723231e-07,-4.9890855494449206e-08,0.9999999999996618
140,485000000,140.485,indoor_world,differential_drive_robot,-3.5741685225951495e-06,-2.993451338640735e-08,-4.433823484413102e-07,-4.104671596714432e-10,8.208607569723231e-07,-4.9890855494449206e-08,0.9999999999996618
140,505000000,140.505,indoor_world,differential_drive_robot,-3.5741685225951495e-06,-2.993451338640735e-08,-4.433823484413102e-07,-4.104671596714432e-10,8.208607569723231e-07,-4.9890855494449206e-08,0.9999999999996618
140,525000000,140.525,indoor_world,differential_drive_robot,-3.5741685225951495e-06,-2.993451338640735e-08,-4.433823484413102e-07,-4.104671596714432e-10,8.208607569723231e-07,-4.9890855494449206e-08,0.9999999999996618
140,545000000,140.545,indoor_world,differential_drive_robot,-3.5741685225951495e-06,-2.993451338640735e-08,-4.433823484413102e-07,-4.104671596714432e-10,8.208607569723231e-07,-4.9890855494449206e-08,0.9999999999996618
140,565000000,140.565,indoor_world,differential_drive_robot,-3.5741685225951495e-06,-2.993451338640735e-08,-4.433823484413102e-07,-4.104671596714432e-10,8.208607569723231e-07,-4.9890855494449206e-08,0.9999999999996618
140,585000000,140.585,indoor_world,differential_drive_robot,-3.5741685225951495e-06,-2.993451338640735e-08,-4.433823484413102e-07,-4.104671596714432e-10,8.208607569723231e-07,-4.9890855494449206e-08,0.9999999999996618
140,605000000,140.605,indoor_world,differential_drive_robot,-3.5741685225951495e-06,-2.993451338640735e-08,-4.433823484413102e-07,-4.104671596714432e-10,8.208607569723231e-07,-4.9890855494449206e-08,0.9999999999996618
140,625000000,140.625,indoor_world,differential_drive_robot,-3.5741685225951495e-06,-2.993451338640735e-08,-4.433823484413102e-07,-4.104671596714432e-10,8.208607569723231e-07,-4.9890855494449206e-08,0.9999999999996618
140,645000000,140.645,indoor_world,differential_drive_robot,-3.5741685225951495e-06,-2.993451338640735e-08,-4.433823484413102e-07,-4.104671596714432e-10,8.208607569723231e-07,-4.9890855494449206e-08,0.9999999999996618
140,665000000,140.665,indoor_world,differential_drive_robot,-3.5741685225951495e-06,-2.993451338640735e-08,-4.433823484413102e-07,-4.104671596714432e-10,8.208607569723231e-07,-4.9890855494449206e-08,0.9999999999996618
140,685000000,140.685,indoor_world,differential_drive_robot,-3.5741685225951495e-06,-2.993451338640735e-08,-4.433823484413102e-07,-4.104671596714432e-10,8.208607569723231e-07,-4.9890855494449206e-08,0.9999999999996618
140,705000000,140.705,indoor_world,differential_drive_robot,-3.5741685225951495e-06,-2.993451338640735e-08,-4.433823484413102e-07,-4.104671596714432e-10,8.208607569723231e-07,-4.9890855494449206e-08,0.9999999999996618
140,725000000,140.725,indoor_world,differential_drive_robot,-3.5741685225951495e-06,-2.993451338640735e-08,-4.433823484413102e-07,-4.104671596714432e-10,8.208607569723231e-07,-4.9890855494449206e-08,0.9999999999996618
140,745000000,140.745,indoor_world,differential_drive_robot,-3.5741685225951495e-06,-2.993451338640735e-08,-4.433823484413102e-07,-4.104671596714432e-10,8.208607569723231e-07,-4.9890855494449206e-08,0.9999999999996618
140,765000000,140.765,indoor_world,differential_drive_robot,-3.5741685225951495e-06,-2.993451338640735e-08,-4.433823484413102e-07,-4.104671596714432e-10,8.208607569723231e-07,-4.9890855494449206e-08,0.9999999999996618
140,785000000,140.785,indoor_world,differential_drive_robot,-3.5741685225951495e-06,-2.993451338640735e-08,-4.433823484413102e-07,-4.104671596714432e-10,8.208607569723231e-07,-4.9890855494449206e-08,0.9999999999996618
140,805000000,140.805,indoor_world,differential_drive_robot,-3.5741685225951495e-06,-2.993451338640735e-08,-4.433823484413102e-07,-4.104671596714432e-10,8.208607569723231e-07,-4.9890855494449206e-08,0.9999999999996618
140,825000000,140.825,indoor_world,differential_drive_robot,-3.5741685225951495e-06,-2.993451338640735e-08,-4.433823484413102e-07,-4.104671596714432e-10,8.208607569723231e-07,-4.9890855494449206e-08,0.9999999999996618
140,845000000,140.845,indoor_world,differential_drive_robot,-3.5741685225951495e-06,-2.993451338640735e-08,-4.433823484413102e-07,-4.104671596714432e-10,8.208607569723231e-07,-4.9890855494449206e-08,0.9999999999996618
140,865000000,140.865,indoor_world,differential_drive_robot,-3.5741685225951495e-06,-2.993451338640735e-08,-4.433823484413102e-07,-4.104671596714432e-10,8.208607569723231e-07,-4.9890855494449206e-08,0.9999999999996618
140,885000000,140.885,indoor_world,differential_drive_robot,-3.5741685225951495e-06,-2.993451338640735e-08,-4.433823484413102e-07,-4.104671596714432e-10,8.208607569723231e-07,-4.9890855494449206e-08,0.9999999999996618
140,905000000,140.905,indoor_world,differential_drive_robot,-3.5741685225951495e-06,-2.993451338640735e-08,-4.433823484413102e-07,-4.104671596714432e-10,8.208607569723231e-07,-4.9890855494449206e-08,0.9999999999996618
140,925000000,140.925,indoor_world,differential_drive_robot,-3.5741685225951495e-06,-2.993451338640735e-08,-4.433823484413102e-07,-4.104671596714432e-10,8.208607569723231e-07,-4.9890855494449206e-08,0.9999999999996618
140,945000000,140.945,indoor_world,differential_drive_robot,-3.5741685225951495e-06,-2.993451338640735e-08,-4.433823484413102e-07,-4.104671596714432e-10,8.208607569723231e-07,-4.9890855494449206e-08,0.9999999999996618
140,965000000,140.965,indoor_world,differential_drive_robot,-3.5741685225951495e-06,-2.993451338640735e-08,-4.433823484413102e-07,-4.104671596714432e-10,8.208607569723231e-07,-4.9890855494449206e-08,0.9999999999996618
140,985000000,140.985,indoor_world,differential_drive_robot,-3.5741685225951495e-06,-2.993451338640735e-08,-4.433823484413102e-07,-4.104671596714432e-10,8.208607569723231e-07,-4.9890855494449206e-08,0.9999999999996618
141,5000000,141.005,indoor_world,differential_drive_robot,-3.5741685225951495e-06,-2.993451338640735e-08,-4.433823484413102e-07,-4.104671596714432e-10,8.208607569723231e-07,-4.9890855494449206e-08,0.9999999999996618
141,25000000,141.025,indoor_world,differential_drive_robot,-3.5741685225951495e-06,-2.993451338640735e-08,-4.433823484413102e-07,-4.104671596714432e-10,8.208607569723231e-07,-4.9890855494449206e-08,0.9999999999996618
141,45000000,141.045,indoor_world,differential_drive_robot,-3.5741685225951495e-06,-2.993451338640735e-08,-4.433823484413102e-07,-4.104671596714432e-10,8.208607569723231e-07,-4.9890855494449206e-08,0.9999999999996618
141,65000000,141.065,indoor_world,differential_drive_robot,-3.5741685225951495e-06,-2.993451338640735e-08,-4.433823484413102e-07,-4.104671596714432e-10,8.208607569723231e-07,-4.9890855494449206e-08,0.9999999999996618
141,85000000,141.085,indoor_world,differential_drive_robot,-3.5741685225951495e-06,-2.993451338640735e-08,-4.433823484413102e-07,-4.104671596714432e-10,8.208607569723231e-07,-4.9890855494449206e-08,0.9999999999996618
141,105000000,141.105,indoor_world,differential_drive_robot,-3.5741685225951495e-06,-2.993451338640735e-08,-4.433823484413102e-07,-4.104671596714432e-10,8.208607569723231e-07,-4.9890855494449206e-08,0.9999999999996618
141,125000000,141.125,indoor_world,differential_drive_robot,-3.5741685225951495e-06,-2.993451338640735e-08,-4.433823484413102e-07,-4.104671596714432e-10,8.208607569723231e-07,-4.9890855494449206e-08,0.9999999999996618
141,145000000,141.145,indoor_world,differential_drive_robot,-3.5741685225951495e-06,-2.993451338640735e-08,-4.433823484413102e-07,-4.104671596714432e-10,8.208607569723231e-07,-4.9890855494449206e-08,0.9999999999996618
141,165000000,141.165,indoor_world,differential_drive_robot,-3.5741685225951495e-06,-2.993451338640735e-08,-4.433823484413102e-07,-4.104671596714432e-10,8.208607569723231e-07,-4.9890855494449206e-08,0.9999999999996618
141,185000000,141.185,indoor_world,differential_drive_robot,-3.5741685225951495e-06,-2.993451338640735e-08,-4.433823484413102e-07,-4.104671596714432e-10,8.208607569723231e-07,-4.9890855494449206e-08,0.9999999999996618
141,205000000,141.205,indoor_world,differential_drive_robot,-3.5741685225951495e-06,-2.993451338640735e-08,-4.433823484413102e-07,-4.104671596714432e-10,8.208607569723231e-07,-4.9890855494449206e-08,0.9999999999996618
141,225000000,141.225,indoor_world,differential_drive_robot,-3.5741685225951495e-06,-2.993451338640735e-08,-4.433823484413102e-07,-4.104671596714432e-10,8.208607569723231e-07,-4.9890855494449206e-08,0.9999999999996618
141,245000000,141.245,indoor_world,differential_drive_robot,-3.5741685225951495e-06,-2.993451338640735e-08,-4.433823484413102e-07,-4.104671596714432e-10,8.208607569723231e-07,-4.9890855494449206e-08,0.9999999999996618
141,265000000,141.265,indoor_world,differential_drive_robot,-3.5741685225951495e-06,-2.993451338640735e-08,-4.433823484413102e-07,-4.104671596714432e-10,8.208607569723231e-07,-4.9890855494449206e-08,0.9999999999996618
141,285000000,141.285,indoor_world,differential_drive_robot,-3.5741685225951495e-06,-2.993451338640735e-08,-4.433823484413102e-07,-4.104671596714432e-10,8.208607569723231e-07,-4.9890855494449206e-08,0.9999999999996618
141,305000000,141.305,indoor_world,differential_drive_robot,-3.5741685225951495e-06,-2.993451338640735e-08,-4.433823484413102e-07,-4.104671596714432e-10,8.208607569723231e-07,-4.9890855494449206e-08,0.9999999999996618
141,325000000,141.325,indoor_world,differential_drive_robot,-3.5741685225951495e-06,-2.993451338640735e-08,-4.433823484413102e-07,-4.104671596714432e-10,8.208607569723231e-07,-4.9890855494449206e-08,0.9999999999996618
141,345000000,141.345,indoor_world,differential_drive_robot,-3.5741685225951495e-06,-2.993451338640735e-08,-4.433823484413102e-07,-4.104671596714432e-10,8.208607569723231e-07,-4.9890855494449206e-08,0.9999999999996618
141,365000000,141.365,indoor_world,differential_drive_robot,-3.5741685225951495e-06,-2.993451338640735e-08,-4.433823484413102e-07,-4.104671596714432e-10,8.208607569723231e-07,-4.9890855494449206e-08,0.9999999999996618
141,385000000,141.385,indoor_world,differential_drive_robot,-3.5741685225951495e-06,-2.993451338640735e-08,-4.433823484413102e-07,-4.104671596714432e-10,8.208607569723231e-07,-4.9890855494449206e-08,0.9999999999996618
141,405000000,141.405,indoor_world,differential_drive_robot,-3.5741685225951495e-06,-2.993451338640735e-08,-4.433823484413102e-07,-4.104671596714432e-10,8.208607569723231e-07,-4.9890855494449206e-08,0.9999999999996618
141,425000000,141.425,indoor_world,differential_drive_robot,-3.5741685225951495e-06,-2.993451338640735e-08,-4.433823484413102e-07,-4.104671596714432e-10,8.208607569723231e-07,-4.9890855494449206e-08,0.9999999999996618
141,445000000,141.445,indoor_world,differential_drive_robot,-3.5741685225951495e-06,-2.993451338640735e-08,-4.433823484413102e-07,-4.104671596714432e-10,8.208607569723231e-07,-4.9890855494449206e-08,0.9999999999996618
141,465000000,141.465,indoor_world,differential_drive_robot,-3.5741685225951495e-06,-2.993451338640735e-08,-4.433823484413102e-07,-4.104671596714432e-10,8.208607569723231e-07,-4.9890855494449206e-08,0.9999999999996618
141,485000000,141.485,indoor_world,differential_drive_robot,-3.5741685225951495e-06,-2.993451338640735e-08,-4.433823484413102e-07,-4.104671596714432e-10,8.208607569723231e-07,-4.9890855494449206e-08,0.9999999999996618
141,505000000,141.505,indoor_world,differential_drive_robot,-3.5741685225951495e-06,-2.993451338640735e-08,-4.433823484413102e-07,-4.104671596714432e-10,8.208607569723231e-07,-4.9890855494449206e-08,0.9999999999996618
141,525000000,141.525,indoor_world,differential_drive_robot,-3.5741685225951495e-06,-2.993451338640735e-08,-4.433823484413102e-07,-4.104671596714432e-10,8.208607569723231e-07,-4.9890855494449206e-08,0.9999999999996618
141,545000000,141.545,indoor_world,differential_drive_robot,-3.5741685225951495e-06,-2.993451338640735e-08,-4.433823484413102e-07,-4.104671596714432e-10,8.208607569723231e-07,-4.9890855494449206e-08,0.9999999999996618
141,565000000,141.565,indoor_world,differential_drive_robot,-3.5741685225951495e-06,-2.993451338640735e-08,-4.433823484413102e-07,-4.104671596714432e-10,8.208607569723231e-07,-4.9890855494449206e-08,0.9999999999996618
141,585000000,141.585,indoor_world,differential_drive_robot,-3.5741685225951495e-06,-2.993451338640735e-08,-4.433823484413102e-07,-4.104671596714432e-10,8.208607569723231e-07,-4.9890855494449206e-08,0.9999999999996618
141,605000000,141.605,indoor_world,differential_drive_robot,-3.5741685225951495e-06,-2.993451338640735e-08,-4.433823484413102e-07,-4.104671596714432e-10,8.208607569723231e-07,-4.9890855494449206e-08,0.9999999999996618
141,625000000,141.625,indoor_world,differential_drive_robot,-3.5741685225951495e-06,-2.993451338640735e-08,-4.433823484413102e-07,-4.104671596714432e-10,8.208607569723231e-07,-4.9890855494449206e-08,0.9999999999996618
141,645000000,141.645,indoor_world,differential_drive_robot,-3.5741685225951495e-06,-2.993451338640735e-08,-4.433823484413102e-07,-4.104671596714432e-10,8.208607569723231e-07,-4.9890855494449206e-08,0.9999999999996618
141,665000000,141.665,indoor_world,differential_drive_robot,-3.5741685225951495e-06,-2.993451338640735e-08,-4.433823484413102e-07,-4.104671596714432e-10,8.208607569723231e-07,-4.9890855494449206e-08,0.9999999999996618
141,685000000,141.685,indoor_world,differential_drive_robot,-3.5741685225951495e-06,-2.993451338640735e-08,-4.433823484413102e-07,-4.104671596714432e-10,8.208607569723231e-07,-4.9890855494449206e-08,0.9999999999996618
141,705000000,141.705,indoor_world,differential_drive_robot,-3.5741685225951495e-06,-2.993451338640735e-08,-4.433823484413102e-07,-4.104671596714432e-10,8.208607569723231e-07,-4.9890855494449206e-08,0.9999999999996618
141,725000000,141.725,indoor_world,differential_drive_robot,-3.5741685225951495e-06,-2.993451338640735e-08,-4.433823484413102e-07,-4.104671596714432e-10,8.208607569723231e-07,-4.9890855494449206e-08,0.9999999999996618
141,745000000,141.745,indoor_world,differential_drive_robot,-3.5741685225951495e-06,-2.993451338640735e-08,-4.433823484413102e-07,-4.104671596714432e-10,8.208607569723231e-07,-4.9890855494449206e-08,0.9999999999996618
141,765000000,141.765,indoor_world,differential_drive_robot,-3.5741685225951495e-06,-2.993451338640735e-08,-4.433823484413102e-07,-4.104671596714432e-10,8.208607569723231e-07,-4.9890855494449206e-08,0.9999999999996618
141,785000000,141.785,indoor_world,differential_drive_robot,-3.5741685225951495e-06,-2.993451338640735e-08,-4.433823484413102e-07,-4.104671596714432e-10,8.208607569723231e-07,-4.9890855494449206e-08,0.9999999999996618
141,805000000,141.805,indoor_world,differential_drive_robot,-3.5741685225951495e-06,-2.993451338640735e-08,-4.433823484413102e-07,-4.104671596714432e-10,8.208607569723231e-07,-4.9890855494449206e-08,0.9999999999996618
141,825000000,141.825,indoor_world,differential_drive_robot,-3.5741685225951495e-06,-2.993451338640735e-08,-4.433823484413102e-07,-4.104671596714432e-10,8.208607569723231e-07,-4.9890855494449206e-08,0.9999999999996618
141,845000000,141.845,indoor_world,differential_drive_robot,-3.5741685225951495e-06,-2.993451338640735e-08,-4.433823484413102e-07,-4.104671596714432e-10,8.208607569723231e-07,-4.9890855494449206e-08,0.9999999999996618
141,865000000,141.865,indoor_world,differential_drive_robot,-3.5741685225951495e-06,-2.993451338640735e-08,-4.433823484413102e-07,-4.104671596714432e-10,8.208607569723231e-07,-4.9890855494449206e-08,0.9999999999996618
141,885000000,141.885,indoor_world,differential_drive_robot,-3.5741685225951495e-06,-2.993451338640735e-08,-4.433823484413102e-07,-4.104671596714432e-10,8.208607569723231e-07,-4.9890855494449206e-08,0.9999999999996618
141,905000000,141.905,indoor_world,differential_drive_robot,-3.5741685225951495e-06,-2.993451338640735e-08,-4.433823484413102e-07,-4.104671596714432e-10,8.208607569723231e-07,-4.9890855494449206e-08,0.9999999999996618
141,925000000,141.925,indoor_world,differential_drive_robot,-3.5741685225951495e-06,-2.993451338640735e-08,-4.433823484413102e-07,-4.104671596714432e-10,8.208607569723231e-07,-4.9890855494449206e-08,0.9999999999996618
141,945000000,141.945,indoor_world,differential_drive_robot,-3.5741685225951495e-06,-2.993451338640735e-08,-4.433823484413102e-07,-4.104671596714432e-10,8.208607569723231e-07,-4.9890855494449206e-08,0.9999999999996618
141,965000000,141.965,indoor_world,differential_drive_robot,-3.5741685225951495e-06,-2.993451338640735e-08,-4.433823484413102e-07,-4.104671596714432e-10,8.208607569723231e-07,-4.9890855494449206e-08,0.9999999999996618
141,985000000,141.985,indoor_world,differential_drive_robot,-3.5741685225951495e-06,-2.993451338640735e-08,-4.433823484413102e-07,-4.104671596714432e-10,8.208607569723231e-07,-4.9890855494449206e-08,0.9999999999996618
142,5000000,142.005,indoor_world,differential_drive_robot,-3.5741685225951495e-06,-2.993451338640735e-08,-4.433823484413102e-07,-4.104671596714432e-10,8.208607569723231e-07,-4.9890855494449206e-08,0.9999999999996618
142,25000000,142.025,indoor_world,differential_drive_robot,-3.5741685225951495e-06,-2.993451338640735e-08,-4.433823484413102e-07,-4.104671596714432e-10,8.208607569723231e-07,-4.9890855494449206e-08,0.9999999999996618
142,45000000,142.045,indoor_world,differential_drive_robot,-3.5741685225951495e-06,-2.993451338640735e-08,-4.433823484413102e-07,-4.104671596714432e-10,8.208607569723231e-07,-4.9890855494449206e-08,0.9999999999996618
142,65000000,142.065,indoor_world,differential_drive_robot,-3.5741685225951495e-06,-2.993451338640735e-08,-4.433823484413102e-07,-4.104671596714432e-10,8.208607569723231e-07,-4.9890855494449206e-08,0.9999999999996618
142,85000000,142.085,indoor_world,differential_drive_robot,-3.5741685225951495e-06,-2.993451338640735e-08,-4.433823484413102e-07,-4.104671596714432e-10,8.208607569723231e-07,-4.9890855494449206e-08,0.9999999999996618
142,105000000,142.105,indoor_world,differential_drive_robot,-3.5741685225951495e-06,-2.993451338640735e-08,-4.433823484413102e-07,-4.104671596714432e-10,8.208607569723231e-07,-4.9890855494449206e-08,0.9999999999996618
142,125000000,142.125,indoor_world,differential_drive_robot,-3.5741685225951495e-06,-2.993451338640735e-08,-4.433823484413102e-07,-4.104671596714432e-10,8.208607569723231e-07,-4.9890855494449206e-08,0.9999999999996618
142,145000000,142.145,indoor_world,differential_drive_robot,-3.5741685225951495e-06,-2.993451338640735e-08,-4.433823484413102e-07,-4.104671596714432e-10,8.208607569723231e-07,-4.9890855494449206e-08,0.9999999999996618
142,165000000,142.165,indoor_world,differential_drive_robot,-3.5741685225951495e-06,-2.993451338640735e-08,-4.433823484413102e-07,-4.104671596714432e-10,8.208607569723231e-07,-4.9890855494449206e-08,0.9999999999996618
142,185000000,142.185,indoor_world,differential_drive_robot,-3.5741685225951495e-06,-2.993451338640735e-08,-4.433823484413102e-07,-4.104671596714432e-10,8.208607569723231e-07,-4.9890855494449206e-08,0.9999999999996618
142,205000000,142.205,indoor_world,differential_drive_robot,-3.5741685225951495e-06,-2.993451338640735e-08,-4.433823484413102e-07,-4.104671596714432e-10,8.208607569723231e-07,-4.9890855494449206e-08,0.9999999999996618
142,225000000,142.225,indoor_world,differential_drive_robot,-3.5741685225951495e-06,-2.993451338640735e-08,-4.433823484413102e-07,-4.104671596714432e-10,8.208607569723231e-07,-4.9890855494449206e-08,0.9999999999996618
142,245000000,142.245,indoor_world,differential_drive_robot,-3.5741685225951495e-06,-2.993451338640735e-08,-4.433823484413102e-07,-4.104671596714432e-10,8.208607569723231e-07,-4.9890855494449206e-08,0.9999999999996618
142,265000000,142.265,indoor_world,differential_drive_robot,-3.5741685225951495e-06,-2.993451338640735e-08,-4.433823484413102e-07,-4.104671596714432e-10,8.208607569723231e-07,-4.9890855494449206e-08,0.9999999999996618
142,285000000,142.285,indoor_world,differential_drive_robot,-3.5741685225951495e-06,-2.993451338640735e-08,-4.433823484413102e-07,-4.104671596714432e-10,8.208607569723231e-07,-4.9890855494449206e-08,0.9999999999996618
142,305000000,142.305,indoor_world,differential_drive_robot,-3.5741685225951495e-06,-2.993451338640735e-08,-4.433823484413102e-07,-4.104671596714432e-10,8.208607569723231e-07,-4.9890855494449206e-08,0.9999999999996618
142,325000000,142.325,indoor_world,differential_drive_robot,-3.5741685225951495e-06,-2.993451338640735e-08,-4.433823484413102e-07,-4.104671596714432e-10,8.208607569723231e-07,-4.9890855494449206e-08,0.9999999999996618
142,345000000,142.345,indoor_world,differential_drive_robot,-3.5741685225951495e-06,-2.993451338640735e-08,-4.433823484413102e-07,-4.104671596714432e-10,8.208607569723231e-07,-4.9890855494449206e-08,0.9999999999996618
142,365000000,142.365,indoor_world,differential_drive_robot,-3.5741685225951495e-06,-2.993451338640735e-08,-4.433823484413102e-07,-4.104671596714432e-10,8.208607569723231e-07,-4.9890855494449206e-08,0.9999999999996618
142,385000000,142.385,indoor_world,differential_drive_robot,-3.5741685225951495e-06,-2.993451338640735e-08,-4.433823484413102e-07,-4.104671596714432e-10,8.208607569723231e-07,-4.9890855494449206e-08,0.9999999999996618
142,405000000,142.405,indoor_world,differential_drive_robot,-3.5741685225951495e-06,-2.993451338640735e-08,-4.433823484413102e-07,-4.104671596714432e-10,8.208607569723231e-07,-4.9890855494449206e-08,0.9999999999996618
142,425000000,142.425,indoor_world,differential_drive_robot,-3.5741685225951495e-06,-2.993451338640735e-08,-4.433823484413102e-07,-4.104671596714432e-10,8.208607569723231e-07,-4.9890855494449206e-08,0.9999999999996618
142,445000000,142.445,indoor_world,differential_drive_robot,-3.5741685225951495e-06,-2.993451338640735e-08,-4.433823484413102e-07,-4.104671596714432e-10,8.208607569723231e-07,-4.9890855494449206e-08,0.9999999999996618
142,465000000,142.465,indoor_world,differential_drive_robot,-3.5741685225951495e-06,-2.993451338640735e-08,-4.433823484413102e-07,-4.104671596714432e-10,8.208607569723231e-07,-4.9890855494449206e-08,0.9999999999996618
142,485000000,142.485,indoor_world,differential_drive_robot,-3.5741685225951495e-06,-2.993451338640735e-08,-4.433823484413102e-07,-4.104671596714432e-10,8.208607569723231e-07,-4.9890855494449206e-08,0.9999999999996618
142,505000000,142.505,indoor_world,differential_drive_robot,-3.5741685225951495e-06,-2.993451338640735e-08,-4.433823484413102e-07,-4.104671596714432e-10,8.208607569723231e-07,-4.9890855494449206e-08,0.9999999999996618
142,525000000,142.525,indoor_world,differential_drive_robot,-3.5741685225951495e-06,-2.993451338640735e-08,-4.433823484413102e-07,-4.104671596714432e-10,8.208607569723231e-07,-4.9890855494449206e-08,0.9999999999996618
142,545000000,142.545,indoor_world,differential_drive_robot,-3.5741685225951495e-06,-2.993451338640735e-08,-4.433823484413102e-07,-4.104671596714432e-10,8.208607569723231e-07,-4.9890855494449206e-08,0.9999999999996618
142,565000000,142.565,indoor_world,differential_drive_robot,-3.5741685225951495e-06,-2.993451338640735e-08,-4.433823484413102e-07,-4.104671596714432e-10,8.208607569723231e-07,-4.9890855494449206e-08,0.9999999999996618
142,585000000,142.585,indoor_world,differential_drive_robot,-3.5741685225951495e-06,-2.993451338640735e-08,-4.433823484413102e-07,-4.104671596714432e-10,8.208607569723231e-07,-4.9890855494449206e-08,0.9999999999996618
142,605000000,142.605,indoor_world,differential_drive_robot,-3.5741685225951495e-06,-2.993451338640735e-08,-4.433823484413102e-07,-4.104671596714432e-10,8.208607569723231e-07,-4.9890855494449206e-08,0.9999999999996618
142,625000000,142.625,indoor_world,differential_drive_robot,-3.5741685225951495e-06,-2.993451338640735e-08,-4.433823484413102e-07,-4.104671596714432e-10,8.208607569723231e-07,-4.9890855494449206e-08,0.9999999999996618
142,645000000,142.645,indoor_world,differential_drive_robot,-3.5741685225951495e-06,-2.993451338640735e-08,-4.433823484413102e-07,-4.104671596714432e-10,8.208607569723231e-07,-4.9890855494449206e-08,0.9999999999996618
142,665000000,142.665,indoor_world,differential_drive_robot,-3.5741685225951495e-06,-2.993451338640735e-08,-4.433823484413102e-07,-4.104671596714432e-10,8.208607569723231e-07,-4.9890855494449206e-08,0.9999999999996618
142,685000000,142.685,indoor_world,differential_drive_robot,-3.5741685225951495e-06,-2.993451338640735e-08,-4.433823484413102e-07,-4.104671596714432e-10,8.208607569723231e-07,-4.9890855494449206e-08,0.9999999999996618
142,705000000,142.705,indoor_world,differential_drive_robot,-3.5741685225951495e-06,-2.993451338640735e-08,-4.433823484413102e-07,-4.104671596714432e-10,8.208607569723231e-07,-4.9890855494449206e-08,0.9999999999996618
142,725000000,142.725,indoor_world,differential_drive_robot,-3.5741685225951495e-06,-2.993451338640735e-08,-4.433823484413102e-07,-4.104671596714432e-10,8.208607569723231e-07,-4.9890855494449206e-08,0.9999999999996618
142,745000000,142.745,indoor_world,differential_drive_robot,-3.5741685225951495e-06,-2.993451338640735e-08,-4.433823484413102e-07,-4.104671596714432e-10,8.208607569723231e-07,-4.9890855494449206e-08,0.9999999999996618
142,765000000,142.765,indoor_world,differential_drive_robot,-3.5741685225951495e-06,-2.993451338640735e-08,-4.433823484413102e-07,-4.104671596714432e-10,8.208607569723231e-07,-4.9890855494449206e-08,0.9999999999996618
142,785000000,142.785,indoor_world,differential_drive_robot,-3.5741685225951495e-06,-2.993451338640735e-08,-4.433823484413102e-07,-4.104671596714432e-10,8.208607569723231e-07,-4.9890855494449206e-08,0.9999999999996618
142,805000000,142.805,indoor_world,differential_drive_robot,-3.5741685225951495e-06,-2.993451338640735e-08,-4.433823484413102e-07,-4.104671596714432e-10,8.208607569723231e-07,-4.9890855494449206e-08,0.9999999999996618
142,825000000,142.825,indoor_world,differential_drive_robot,-3.5741685225951495e-06,-2.993451338640735e-08,-4.433823484413102e-07,-4.104671596714432e-10,8.208607569723231e-07,-4.9890855494449206e-08,0.9999999999996618
142,845000000,142.845,indoor_world,differential_drive_robot,-3.5741685225951495e-06,-2.993451338640735e-08,-4.433823484413102e-07,-4.104671596714432e-10,8.208607569723231e-07,-4.9890855494449206e-08,0.9999999999996618
142,865000000,142.865,indoor_world,differential_drive_robot,-3.5741685225951495e-06,-2.993451338640735e-08,-4.433823484413102e-07,-4.104671596714432e-10,8.208607569723231e-07,-4.9890855494449206e-08,0.9999999999996618
142,885000000,142.885,indoor_world,differential_drive_robot,-3.5741685225951495e-06,-2.993451338640735e-08,-4.433823484413102e-07,-4.104671596714432e-10,8.208607569723231e-07,-4.9890855494449206e-08,0.9999999999996618
142,905000000,142.905,indoor_world,differential_drive_robot,-3.5741685225951495e-06,-2.993451338640735e-08,-4.433823484413102e-07,-4.104671596714432e-10,8.208607569723231e-07,-4.9890855494449206e-08,0.9999999999996618
142,925000000,142.925,indoor_world,differential_drive_robot,-3.5741685225951495e-06,-2.993451338640735e-08,-4.433823484413102e-07,-4.104671596714432e-10,8.208607569723231e-07,-4.9890855494449206e-08,0.9999999999996618
142,945000000,142.945,indoor_world,differential_drive_robot,-3.5741685225951495e-06,-2.993451338640735e-08,-4.433823484413102e-07,-4.104671596714432e-10,8.208607569723231e-07,-4.9890855494449206e-08,0.9999999999996618
142,965000000,142.965,indoor_world,differential_drive_robot,-3.5741685225951495e-06,-2.993451338640735e-08,-4.433823484413102e-07,-4.104671596714432e-10,8.208607569723231e-07,-4.9890855494449206e-08,0.9999999999996618
142,985000000,142.985,indoor_world,differential_drive_robot,-3.5741685225951495e-06,-2.993451338640735e-08,-4.433823484413102e-07,-4.104671596714432e-10,8.208607569723231e-07,-4.9890855494449206e-08,0.9999999999996618
143,5000000,143.005,indoor_world,differential_drive_robot,-3.5741685225951495e-06,-2.993451338640735e-08,-4.433823484413102e-07,-4.104671596714432e-10,8.208607569723231e-07,-4.9890855494449206e-08,0.9999999999996618
143,25000000,143.025,indoor_world,differential_drive_robot,-3.5741685225951495e-06,-2.993451338640735e-08,-4.433823484413102e-07,-4.104671596714432e-10,8.208607569723231e-07,-4.9890855494449206e-08,0.9999999999996618
143,45000000,143.045,indoor_world,differential_drive_robot,-3.5741685225951495e-06,-2.993451338640735e-08,-4.433823484413102e-07,-4.104671596714432e-10,8.208607569723231e-07,-4.9890855494449206e-08,0.9999999999996618
143,65000000,143.065,indoor_world,differential_drive_robot,-3.5741685225951495e-06,-2.993451338640735e-08,-4.433823484413102e-07,-4.104671596714432e-10,8.208607569723231e-07,-4.9890855494449206e-08,0.9999999999996618
143,85000000,143.085,indoor_world,differential_drive_robot,-3.5741685225951495e-06,-2.993451338640735e-08,-4.433823484413102e-07,-4.104671596714432e-10,8.208607569723231e-07,-4.9890855494449206e-08,0.9999999999996618
143,105000000,143.105,indoor_world,differential_drive_robot,-3.5741685225951495e-06,-2.993451338640735e-08,-4.433823484413102e-07,-4.104671596714432e-10,8.208607569723231e-07,-4.9890855494449206e-08,0.9999999999996618
143,125000000,143.125,indoor_world,differential_drive_robot,-3.5741685225951495e-06,-2.993451338640735e-08,-4.433823484413102e-07,-4.104671596714432e-10,8.208607569723231e-07,-4.9890855494449206e-08,0.9999999999996618
143,145000000,143.145,indoor_world,differential_drive_robot,-3.5741685225951495e-06,-2.993451338640735e-08,-4.433823484413102e-07,-4.104671596714432e-10,8.208607569723231e-07,-4.9890855494449206e-08,0.9999999999996618
143,165000000,143.165,indoor_world,differential_drive_robot,-3.5741685225951495e-06,-2.993451338640735e-08,-4.433823484413102e-07,-4.104671596714432e-10,8.208607569723231e-07,-4.9890855494449206e-08,0.9999999999996618
143,185000000,143.185,indoor_world,differential_drive_robot,-3.5741685225951495e-06,-2.993451338640735e-08,-4.433823484413102e-07,-4.104671596714432e-10,8.208607569723231e-07,-4.9890855494449206e-08,0.9999999999996618
143,205000000,143.205,indoor_world,differential_drive_robot,-3.5741685225951495e-06,-2.993451338640735e-08,-4.433823484413102e-07,-4.104671596714432e-10,8.208607569723231e-07,-4.9890855494449206e-08,0.9999999999996618
143,225000000,143.225,indoor_world,differential_drive_robot,-3.5741685225951495e-06,-2.993451338640735e-08,-4.433823484413102e-07,-4.104671596714432e-10,8.208607569723231e-07,-4.9890855494449206e-08,0.9999999999996618
143,245000000,143.245,indoor_world,differential_drive_robot,-3.5741685225951495e-06,-2.993451338640735e-08,-4.433823484413102e-07,-4.104671596714432e-10,8.208607569723231e-07,-4.9890855494449206e-08,0.9999999999996618
143,265000000,143.265,indoor_world,differential_drive_robot,-3.5741685225951495e-06,-2.993451338640735e-08,-4.433823484413102e-07,-4.104671596714432e-10,8.208607569723231e-07,-4.9890855494449206e-08,0.9999999999996618
143,285000000,143.285,indoor_world,differential_drive_robot,-3.5741685225951495e-06,-2.993451338640735e-08,-4.433823484413102e-07,-4.104671596714432e-10,8.208607569723231e-07,-4.9890855494449206e-08,0.9999999999996618
143,305000000,143.305,indoor_world,differential_drive_robot,-3.5741685225951495e-06,-2.993451338640735e-08,-4.433823484413102e-07,-4.104671596714432e-10,8.208607569723231e-07,-4.9890855494449206e-08,0.9999999999996618
143,325000000,143.325,indoor_world,differential_drive_robot,-3.5741685225951495e-06,-2.993451338640735e-08,-4.433823484413102e-07,-4.104671596714432e-10,8.208607569723231e-07,-4.9890855494449206e-08,0.9999999999996618
143,345000000,143.345,indoor_world,differential_drive_robot,-3.5741685225951495e-06,-2.993451338640735e-08,-4.433823484413102e-07,-4.104671596714432e-10,8.208607569723231e-07,-4.9890855494449206e-08,0.9999999999996618
143,365000000,143.365,indoor_world,differential_drive_robot,-3.5741685225951495e-06,-2.993451338640735e-08,-4.433823484413102e-07,-4.104671596714432e-10,8.208607569723231e-07,-4.9890855494449206e-08,0.9999999999996618
143,385000000,143.385,indoor_world,differential_drive_robot,-3.5741685225951495e-06,-2.993451338640735e-08,-4.433823484413102e-07,-4.104671596714432e-10,8.208607569723231e-07,-4.9890855494449206e-08,0.9999999999996618
143,405000000,143.405,indoor_world,differential_drive_robot,-3.5741685225951495e-06,-2.993451338640735e-08,-4.433823484413102e-07,-4.104671596714432e-10,8.208607569723231e-07,-4.9890855494449206e-08,0.9999999999996618
143,425000000,143.425,indoor_world,differential_drive_robot,-3.5741685225951495e-06,-2.993451338640735e-08,-4.433823484413102e-07,-4.104671596714432e-10,8.208607569723231e-07,-4.9890855494449206e-08,0.9999999999996618
143,445000000,143.445,indoor_world,differential_drive_robot,-3.5741685225951495e-06,-2.993451338640735e-08,-4.433823484413102e-07,-4.104671596714432e-10,8.208607569723231e-07,-4.9890855494449206e-08,0.9999999999996618
143,465000000,143.465,indoor_world,differential_drive_robot,-3.5741685225951495e-06,-2.993451338640735e-08,-4.433823484413102e-07,-4.104671596714432e-10,8.208607569723231e-07,-4.9890855494449206e-08,0.9999999999996618
143,485000000,143.485,indoor_world,differential_drive_robot,-3.5741685225951495e-06,-2.993451338640735e-08,-4.433823484413102e-07,-4.104671596714432e-10,8.208607569723231e-07,-4.9890855494449206e-08,0.9999999999996618
143,505000000,143.505,indoor_world,differential_drive_robot,-3.5741685225951495e-06,-2.993451338640735e-08,-4.433823484413102e-07,-4.104671596714432e-10,8.208607569723231e-07,-4.9890855494449206e-08,0.9999999999996618
143,525000000,143.525,indoor_world,differential_drive_robot,-3.5741685225951495e-06,-2.993451338640735e-08,-4.433823484413102e-07,-4.104671596714432e-10,8.208607569723231e-07,-4.9890855494449206e-08,0.9999999999996618
143,545000000,143.545,indoor_world,differential_drive_robot,-3.5741685225951495e-06,-2.993451338640735e-08,-4.433823484413102e-07,-4.104671596714432e-10,8.208607569723231e-07,-4.9890855494449206e-08,0.9999999999996618
143,565000000,143.565,indoor_world,differential_drive_robot,-3.5741685225951495e-06,-2.993451338640735e-08,-4.433823484413102e-07,-4.104671596714432e-10,8.208607569723231e-07,-4.9890855494449206e-08,0.9999999999996618
143,585000000,143.585,indoor_world,differential_drive_robot,-3.5741685225951495e-06,-2.993451338640735e-08,-4.433823484413102e-07,-4.104671596714432e-10,8.208607569723231e-07,-4.9890855494449206e-08,0.9999999999996618
143,605000000,143.605,indoor_world,differential_drive_robot,-3.5741685225951495e-06,-2.993451338640735e-08,-4.433823484413102e-07,-4.104671596714432e-10,8.208607569723231e-07,-4.9890855494449206e-08,0.9999999999996618
143,625000000,143.625,indoor_world,differential_drive_robot,-3.5741685225951495e-06,-2.993451338640735e-08,-4.433823484413102e-07,-4.104671596714432e-10,8.208607569723231e-07,-4.9890855494449206e-08,0.9999999999996618
143,645000000,143.645,indoor_world,differential_drive_robot,-3.5741685225951495e-06,-2.993451338640735e-08,-4.433823484413102e-07,-4.104671596714432e-10,8.208607569723231e-07,-4.9890855494449206e-08,0.9999999999996618
143,665000000,143.665,indoor_world,differential_drive_robot,-3.5741685225951495e-06,-2.993451338640735e-08,-4.433823484413102e-07,-4.104671596714432e-10,8.208607569723231e-07,-4.9890855494449206e-08,0.9999999999996618
143,685000000,143.685,indoor_world,differential_drive_robot,-3.5741685225951495e-06,-2.993451338640735e-08,-4.433823484413102e-07,-4.104671596714432e-10,8.208607569723231e-07,-4.9890855494449206e-08,0.9999999999996618
143,705000000,143.705,indoor_world,differential_drive_robot,-3.5741685225951495e-06,-2.993451338640735e-08,-4.433823484413102e-07,-4.104671596714432e-10,8.208607569723231e-07,-4.9890855494449206e-08,0.9999999999996618
143,725000000,143.725,indoor_world,differential_drive_robot,-3.5741685225951495e-06,-2.993451338640735e-08,-4.433823484413102e-07,-4.104671596714432e-10,8.208607569723231e-07,-4.9890855494449206e-08,0.9999999999996618
143,745000000,143.745,indoor_world,differential_drive_robot,-3.5741685225951495e-06,-2.993451338640735e-08,-4.433823484413102e-07,-4.104671596714432e-10,8.208607569723231e-07,-4.9890855494449206e-08,0.9999999999996618
143,765000000,143.765,indoor_world,differential_drive_robot,-3.5741685225951495e-06,-2.993451338640735e-08,-4.433823484413102e-07,-4.104671596714432e-10,8.208607569723231e-07,-4.9890855494449206e-08,0.9999999999996618
143,785000000,143.785,indoor_world,differential_drive_robot,-3.5741685225951495e-06,-2.993451338640735e-08,-4.433823484413102e-07,-4.104671596714432e-10,8.208607569723231e-07,-4.9890855494449206e-08,0.9999999999996618
143,805000000,143.805,indoor_world,differential_drive_robot,-3.5741685225951495e-06,-2.993451338640735e-08,-4.433823484413102e-07,-4.104671596714432e-10,8.208607569723231e-07,-4.9890855494449206e-08,0.9999999999996618
143,825000000,143.825,indoor_world,differential_drive_robot,-3.5741685225951495e-06,-2.993451338640735e-08,-4.433823484413102e-07,-4.104671596714432e-10,8.208607569723231e-07,-4.9890855494449206e-08,0.9999999999996618
143,845000000,143.845,indoor_world,differential_drive_robot,-3.5741685225951495e-06,-2.993451338640735e-08,-4.433823484413102e-07,-4.104671596714432e-10,8.208607569723231e-07,-4.9890855494449206e-08,0.9999999999996618
143,865000000,143.865,indoor_world,differential_drive_robot,-3.5741685225951495e-06,-2.993451338640735e-08,-4.433823484413102e-07,-4.104671596714432e-10,8.208607569723231e-07,-4.9890855494449206e-08,0.9999999999996618
143,885000000,143.885,indoor_world,differential_drive_robot,-3.5741685225951495e-06,-2.993451338640735e-08,-4.433823484413102e-07,-4.104671596714432e-10,8.208607569723231e-07,-4.9890855494449206e-08,0.9999999999996618
143,905000000,143.905,indoor_world,differential_drive_robot,-3.5741685225951495e-06,-2.993451338640735e-08,-4.433823484413102e-07,-4.104671596714432e-10,8.208607569723231e-07,-4.9890855494449206e-08,0.9999999999996618
143,925000000,143.925,indoor_world,differential_drive_robot,-3.5741685225951495e-06,-2.993451338640735e-08,-4.433823484413102e-07,-4.104671596714432e-10,8.208607569723231e-07,-4.9890855494449206e-08,0.9999999999996618
143,945000000,143.945,indoor_world,differential_drive_robot,-3.5741685225951495e-06,-2.993451338640735e-08,-4.433823484413102e-07,-4.104671596714432e-10,8.208607569723231e-07,-4.9890855494449206e-08,0.9999999999996618
143,965000000,143.965,indoor_world,differential_drive_robot,-3.5741685225951495e-06,-2.993451338640735e-08,-4.433823484413102e-07,-4.104671596714432e-10,8.208607569723231e-07,-4.9890855494449206e-08,0.9999999999996618
143,985000000,143.985,indoor_world,differential_drive_robot,-3.5741685225951495e-06,-2.993451338640735e-08,-4.433823484413102e-07,-4.104671596714432e-10,8.208607569723231e-07,-4.9890855494449206e-08,0.9999999999996618
144,5000000,144.005,indoor_world,differential_drive_robot,-3.5741685225951495e-06,-2.993451338640735e-08,-4.433823484413102e-07,-4.104671596714432e-10,8.208607569723231e-07,-4.9890855494449206e-08,0.9999999999996618
144,25000000,144.025,indoor_world,differential_drive_robot,-3.5741685225951495e-06,-2.993451338640735e-08,-4.433823484413102e-07,-4.104671596714432e-10,8.208607569723231e-07,-4.9890855494449206e-08,0.9999999999996618
144,45000000,144.045,indoor_world,differential_drive_robot,-3.5741685225951495e-06,-2.993451338640735e-08,-4.433823484413102e-07,-4.104671596714432e-10,8.208607569723231e-07,-4.9890855494449206e-08,0.9999999999996618
144,65000000,144.065,indoor_world,differential_drive_robot,-3.5741685225951495e-06,-2.993451338640735e-08,-4.433823484413102e-07,-4.104671596714432e-10,8.208607569723231e-07,-4.9890855494449206e-08,0.9999999999996618
144,85000000,144.085,indoor_world,differential_drive_robot,-3.5741685225951495e-06,-2.993451338640735e-08,-4.433823484413102e-07,-4.104671596714432e-10,8.208607569723231e-07,-4.9890855494449206e-08,0.9999999999996618
144,105000000,144.105,indoor_world,differential_drive_robot,-3.5741685225951495e-06,-2.993451338640735e-08,-4.433823484413102e-07,-4.104671596714432e-10,8.208607569723231e-07,-4.9890855494449206e-08,0.9999999999996618
144,125000000,144.125,indoor_world,differential_drive_robot,-3.5741685225951495e-06,-2.993451338640735e-08,-4.433823484413102e-07,-4.104671596714432e-10,8.208607569723231e-07,-4.9890855494449206e-08,0.9999999999996618
144,145000000,144.145,indoor_world,differential_drive_robot,-3.5741685225951495e-06,-2.993451338640735e-08,-4.433823484413102e-07,-4.104671596714432e-10,8.208607569723231e-07,-4.9890855494449206e-08,0.9999999999996618
144,165000000,144.165,indoor_world,differential_drive_robot,-3.5741685225951495e-06,-2.993451338640735e-08,-4.433823484413102e-07,-4.104671596714432e-10,8.208607569723231e-07,-4.9890855494449206e-08,0.9999999999996618
144,185000000,144.185,indoor_world,differential_drive_robot,-3.5741685225951495e-06,-2.993451338640735e-08,-4.433823484413102e-07,-4.104671596714432e-10,8.208607569723231e-07,-4.9890855494449206e-08,0.9999999999996618
144,205000000,144.205,indoor_world,differential_drive_robot,-3.5741685225951495e-06,-2.993451338640735e-08,-4.433823484413102e-07,-4.104671596714432e-10,8.208607569723231e-07,-4.9890855494449206e-08,0.9999999999996618
144,225000000,144.225,indoor_world,differential_drive_robot,-3.5741685225951495e-06,-2.993451338640735e-08,-4.433823484413102e-07,-4.104671596714432e-10,8.208607569723231e-07,-4.9890855494449206e-08,0.9999999999996618
144,245000000,144.245,indoor_world,differential_drive_robot,-3.5741685225951495e-06,-2.993451338640735e-08,-4.433823484413102e-07,-4.104671596714432e-10,8.208607569723231e-07,-4.9890855494449206e-08,0.9999999999996618
144,265000000,144.265,indoor_world,differential_drive_robot,-3.5741685225951495e-06,-2.993451338640735e-08,-4.433823484413102e-07,-4.104671596714432e-10,8.208607569723231e-07,-4.9890855494449206e-08,0.9999999999996618
144,285000000,144.285,indoor_world,differential_drive_robot,-3.5741685225951495e-06,-2.993451338640735e-08,-4.433823484413102e-07,-4.104671596714432e-10,8.208607569723231e-07,-4.9890855494449206e-08,0.9999999999996618
144,305000000,144.305,indoor_world,differential_drive_robot,-3.5741685225951495e-06,-2.993451338640735e-08,-4.433823484413102e-07,-4.104671596714432e-10,8.208607569723231e-07,-4.9890855494449206e-08,0.9999999999996618
144,325000000,144.325,indoor_world,differential_drive_robot,-3.5741685225951495e-06,-2.993451338640735e-08,-4.433823484413102e-07,-4.104671596714432e-10,8.208607569723231e-07,-4.9890855494449206e-08,0.9999999999996618
144,345000000,144.345,indoor_world,differential_drive_robot,-3.5741685225951495e-06,-2.993451338640735e-08,-4.433823484413102e-07,-4.104671596714432e-10,8.208607569723231e-07,-4.9890855494449206e-08,0.9999999999996618
144,365000000,144.365,indoor_world,differential_drive_robot,-3.5741685225951495e-06,-2.993451338640735e-08,-4.433823484413102e-07,-4.104671596714432e-10,8.208607569723231e-07,-4.9890855494449206e-08,0.9999999999996618
144,385000000,144.385,indoor_world,differential_drive_robot,-3.5741685225951495e-06,-2.993451338640735e-08,-4.433823484413102e-07,-4.104671596714432e-10,8.208607569723231e-07,-4.9890855494449206e-08,0.9999999999996618
144,405000000,144.405,indoor_world,differential_drive_robot,-3.5741685225951495e-06,-2.993451338640735e-08,-4.433823484413102e-07,-4.104671596714432e-10,8.208607569723231e-07,-4.9890855494449206e-08,0.9999999999996618
144,425000000,144.425,indoor_world,differential_drive_robot,-3.5741685225951495e-06,-2.993451338640735e-08,-4.433823484413102e-07,-4.104671596714432e-10,8.208607569723231e-07,-4.9890855494449206e-08,0.9999999999996618
144,445000000,144.445,indoor_world,differential_drive_robot,-3.5741685225951495e-06,-2.993451338640735e-08,-4.433823484413102e-07,-4.104671596714432e-10,8.208607569723231e-07,-4.9890855494449206e-08,0.9999999999996618
144,465000000,144.465,indoor_world,differential_drive_robot,-3.5741685225951495e-06,-2.993451338640735e-08,-4.433823484413102e-07,-4.104671596714432e-10,8.208607569723231e-07,-4.9890855494449206e-08,0.9999999999996618
144,485000000,144.485,indoor_world,differential_drive_robot,-3.5741685225951495e-06,-2.993451338640735e-08,-4.433823484413102e-07,-4.104671596714432e-10,8.208607569723231e-07,-4.9890855494449206e-08,0.9999999999996618
144,505000000,144.505,indoor_world,differential_drive_robot,-3.5741685225951495e-06,-2.993451338640735e-08,-4.433823484413102e-07,-4.104671596714432e-10,8.208607569723231e-07,-4.9890855494449206e-08,0.9999999999996618
144,525000000,144.525,indoor_world,differential_drive_robot,-3.5741685225951495e-06,-2.993451338640735e-08,-4.433823484413102e-07,-4.104671596714432e-10,8.208607569723231e-07,-4.9890855494449206e-08,0.9999999999996618
144,545000000,144.545,indoor_world,differential_drive_robot,-3.5741685225951495e-06,-2.993451338640735e-08,-4.433823484413102e-07,-4.104671596714432e-10,8.208607569723231e-07,-4.9890855494449206e-08,0.9999999999996618
144,565000000,144.565,indoor_world,differential_drive_robot,-3.5741685225951495e-06,-2.993451338640735e-08,-4.433823484413102e-07,-4.104671596714432e-10,8.208607569723231e-07,-4.9890855494449206e-08,0.9999999999996618
144,585000000,144.585,indoor_world,differential_drive_robot,-3.5741685225951495e-06,-2.993451338640735e-08,-4.433823484413102e-07,-4.104671596714432e-10,8.208607569723231e-07,-4.9890855494449206e-08,0.9999999999996618
144,605000000,144.605,indoor_world,differential_drive_robot,-3.5741685225951495e-06,-2.993451338640735e-08,-4.433823484413102e-07,-4.104671596714432e-10,8.208607569723231e-07,-4.9890855494449206e-08,0.9999999999996618
144,625000000,144.625,indoor_world,differential_drive_robot,-3.5741685225951495e-06,-2.993451338640735e-08,-4.433823484413102e-07,-4.104671596714432e-10,8.208607569723231e-07,-4.9890855494449206e-08,0.9999999999996618
144,645000000,144.645,indoor_world,differential_drive_robot,-3.5741685225951495e-06,-2.993451338640735e-08,-4.433823484413102e-07,-4.104671596714432e-10,8.208607569723231e-07,-4.9890855494449206e-08,0.9999999999996618
144,665000000,144.665,indoor_world,differential_drive_robot,-3.5741685225951495e-06,-2.993451338640735e-08,-4.433823484413102e-07,-4.104671596714432e-10,8.208607569723231e-07,-4.9890855494449206e-08,0.9999999999996618
144,685000000,144.685,indoor_world,differential_drive_robot,-3.5741685225951495e-06,-2.993451338640735e-08,-4.433823484413102e-07,-4.104671596714432e-10,8.208607569723231e-07,-4.9890855494449206e-08,0.9999999999996618
144,705000000,144.705,indoor_world,differential_drive_robot,-3.5741685225951495e-06,-2.993451338640735e-08,-4.433823484413102e-07,-4.104671596714432e-10,8.208607569723231e-07,-4.9890855494449206e-08,0.9999999999996618
144,725000000,144.725,indoor_world,differential_drive_robot,-3.5741685225951495e-06,-2.993451338640735e-08,-4.433823484413102e-07,-4.104671596714432e-10,8.208607569723231e-07,-4.9890855494449206e-08,0.9999999999996618
144,745000000,144.745,indoor_world,differential_drive_robot,-3.5741685225951495e-06,-2.993451338640735e-08,-4.433823484413102e-07,-4.104671596714432e-10,8.208607569723231e-07,-4.9890855494449206e-08,0.9999999999996618
144,765000000,144.765,indoor_world,differential_drive_robot,-3.5741685225951495e-06,-2.993451338640735e-08,-4.433823484413102e-07,-4.104671596714432e-10,8.208607569723231e-07,-4.9890855494449206e-08,0.9999999999996618
144,785000000,144.785,indoor_world,differential_drive_robot,-3.5741685225951495e-06,-2.993451338640735e-08,-4.433823484413102e-07,-4.104671596714432e-10,8.208607569723231e-07,-4.9890855494449206e-08,0.9999999999996618
144,805000000,144.805,indoor_world,differential_drive_robot,-3.5741685225951495e-06,-2.993451338640735e-08,-4.433823484413102e-07,-4.104671596714432e-10,8.208607569723231e-07,-4.9890855494449206e-08,0.9999999999996618
144,825000000,144.825,indoor_world,differential_drive_robot,-3.5741685225951495e-06,-2.993451338640735e-08,-4.433823484413102e-07,-4.104671596714432e-10,8.208607569723231e-07,-4.9890855494449206e-08,0.9999999999996618
144,845000000,144.845,indoor_world,differential_drive_robot,-3.5741685225951495e-06,-2.993451338640735e-08,-4.433823484413102e-07,-4.104671596714432e-10,8.208607569723231e-07,-4.9890855494449206e-08,0.9999999999996618
144,865000000,144.865,indoor_world,differential_drive_robot,-3.5741685225951495e-06,-2.993451338640735e-08,-4.433823484413102e-07,-4.104671596714432e-10,8.208607569723231e-07,-4.9890855494449206e-08,0.9999999999996618
144,885000000,144.885,indoor_world,differential_drive_robot,-3.5741685225951495e-06,-2.993451338640735e-08,-4.433823484413102e-07,-4.104671596714432e-10,8.208607569723231e-07,-4.9890855494449206e-08,0.9999999999996618
144,905000000,144.905,indoor_world,differential_drive_robot,-3.5741685225951495e-06,-2.993451338640735e-08,-4.433823484413102e-07,-4.104671596714432e-10,8.208607569723231e-07,-4.9890855494449206e-08,0.9999999999996618
144,925000000,144.925,indoor_world,differential_drive_robot,-3.5741685225951495e-06,-2.993451338640735e-08,-4.433823484413102e-07,-4.104671596714432e-10,8.208607569723231e-07,-4.9890855494449206e-08,0.9999999999996618
144,945000000,144.945,indoor_world,differential_drive_robot,-3.5741685225951495e-06,-2.993451338640735e-08,-4.433823484413102e-07,-4.104671596714432e-10,8.208607569723231e-07,-4.9890855494449206e-08,0.9999999999996618
144,965000000,144.965,indoor_world,differential_drive_robot,-3.5741685225951495e-06,-2.993451338640735e-08,-4.433823484413102e-07,-4.104671596714432e-10,8.208607569723231e-07,-4.9890855494449206e-08,0.9999999999996618
144,985000000,144.985,indoor_world,differential_drive_robot,-3.5741685225951495e-06,-2.993451338640735e-08,-4.433823484413102e-07,-4.104671596714432e-10,8.208607569723231e-07,-4.9890855494449206e-08,0.9999999999996618
145,5000000,145.005,indoor_world,differential_drive_robot,-3.5741685225951495e-06,-2.993451338640735e-08,-4.433823484413102e-07,-4.104671596714432e-10,8.208607569723231e-07,-4.9890855494449206e-08,0.9999999999996618
145,25000000,145.025,indoor_world,differential_drive_robot,-3.5741685225951495e-06,-2.993451338640735e-08,-4.433823484413102e-07,-4.104671596714432e-10,8.208607569723231e-07,-4.9890855494449206e-08,0.9999999999996618
145,45000000,145.045,indoor_world,differential_drive_robot,-3.5741685225951495e-06,-2.993451338640735e-08,-4.433823484413102e-07,-4.104671596714432e-10,8.208607569723231e-07,-4.9890855494449206e-08,0.9999999999996618
145,65000000,145.065,indoor_world,differential_drive_robot,-3.5741685225951495e-06,-2.993451338640735e-08,-4.433823484413102e-07,-4.104671596714432e-10,8.208607569723231e-07,-4.9890855494449206e-08,0.9999999999996618
145,85000000,145.085,indoor_world,differential_drive_robot,-3.5741685225951495e-06,-2.993451338640735e-08,-4.433823484413102e-07,-4.104671596714432e-10,8.208607569723231e-07,-4.9890855494449206e-08,0.9999999999996618
145,105000000,145.105,indoor_world,differential_drive_robot,-3.5741685225951495e-06,-2.993451338640735e-08,-4.433823484413102e-07,-4.104671596714432e-10,8.208607569723231e-07,-4.9890855494449206e-08,0.9999999999996618
145,125000000,145.125,indoor_world,differential_drive_robot,-3.5741685225951495e-06,-2.993451338640735e-08,-4.433823484413102e-07,-4.104671596714432e-10,8.208607569723231e-07,-4.9890855494449206e-08,0.9999999999996618
145,145000000,145.145,indoor_world,differential_drive_robot,-3.5741685225951495e-06,-2.993451338640735e-08,-4.433823484413102e-07,-4.104671596714432e-10,8.208607569723231e-07,-4.9890855494449206e-08,0.9999999999996618
145,165000000,145.165,indoor_world,differential_drive_robot,-3.5741685225951495e-06,-2.993451338640735e-08,-4.433823484413102e-07,-4.104671596714432e-10,8.208607569723231e-07,-4.9890855494449206e-08,0.9999999999996618
145,185000000,145.185,indoor_world,differential_drive_robot,-3.5741685225951495e-06,-2.993451338640735e-08,-4.433823484413102e-07,-4.104671596714432e-10,8.208607569723231e-07,-4.9890855494449206e-08,0.9999999999996618
145,205000000,145.205,indoor_world,differential_drive_robot,-3.5741685225951495e-06,-2.993451338640735e-08,-4.433823484413102e-07,-4.104671596714432e-10,8.208607569723231e-07,-4.9890855494449206e-08,0.9999999999996618
145,225000000,145.225,indoor_world,differential_drive_robot,-3.5741685225951495e-06,-2.993451338640735e-08,-4.433823484413102e-07,-4.104671596714432e-10,8.208607569723231e-07,-4.9890855494449206e-08,0.9999999999996618
145,245000000,145.245,indoor_world,differential_drive_robot,-3.5741685225951495e-06,-2.993451338640735e-08,-4.433823484413102e-07,-4.104671596714432e-10,8.208607569723231e-07,-4.9890855494449206e-08,0.9999999999996618
145,265000000,145.265,indoor_world,differential_drive_robot,-3.5741685225951495e-06,-2.993451338640735e-08,-4.433823484413102e-07,-4.104671596714432e-10,8.208607569723231e-07,-4.9890855494449206e-08,0.9999999999996618
145,285000000,145.285,indoor_world,differential_drive_robot,-3.5741685225951495e-06,-2.993451338640735e-08,-4.433823484413102e-07,-4.104671596714432e-10,8.208607569723231e-07,-4.9890855494449206e-08,0.9999999999996618
145,305000000,145.305,indoor_world,differential_drive_robot,-3.5741685225951495e-06,-2.993451338640735e-08,-4.433823484413102e-07,-4.104671596714432e-10,8.208607569723231e-07,-4.9890855494449206e-08,0.9999999999996618
145,325000000,145.325,indoor_world,differential_drive_robot,-3.5741685225951495e-06,-2.993451338640735e-08,-4.433823484413102e-07,-4.104671596714432e-10,8.208607569723231e-07,-4.9890855494449206e-08,0.9999999999996618
145,345000000,145.345,indoor_world,differential_drive_robot,-3.5741685225951495e-06,-2.993451338640735e-08,-4.433823484413102e-07,-4.104671596714432e-10,8.208607569723231e-07,-4.9890855494449206e-08,0.9999999999996618
145,365000000,145.365,indoor_world,differential_drive_robot,-3.5741685225951495e-06,-2.993451338640735e-08,-4.433823484413102e-07,-4.104671596714432e-10,8.208607569723231e-07,-4.9890855494449206e-08,0.9999999999996618
145,385000000,145.385,indoor_world,differential_drive_robot,-3.5741685225951495e-06,-2.993451338640735e-08,-4.433823484413102e-07,-4.104671596714432e-10,8.208607569723231e-07,-4.9890855494449206e-08,0.9999999999996618
145,405000000,145.405,indoor_world,differential_drive_robot,-3.5741685225951495e-06,-2.993451338640735e-08,-4.433823484413102e-07,-4.104671596714432e-10,8.208607569723231e-07,-4.9890855494449206e-08,0.9999999999996618
145,425000000,145.425,indoor_world,differential_drive_robot,-3.5741685225951495e-06,-2.993451338640735e-08,-4.433823484413102e-07,-4.104671596714432e-10,8.208607569723231e-07,-4.9890855494449206e-08,0.9999999999996618
145,445000000,145.445,indoor_world,differential_drive_robot,-3.5741685225951495e-06,-2.993451338640735e-08,-4.433823484413102e-07,-4.104671596714432e-10,8.208607569723231e-07,-4.9890855494449206e-08,0.9999999999996618
145,465000000,145.465,indoor_world,differential_drive_robot,-3.5741685225951495e-06,-2.993451338640735e-08,-4.433823484413102e-07,-4.104671596714432e-10,8.208607569723231e-07,-4.9890855494449206e-08,0.9999999999996618
145,485000000,145.485,indoor_world,differential_drive_robot,-3.5741685225951495e-06,-2.993451338640735e-08,-4.433823484413102e-07,-4.104671596714432e-10,8.208607569723231e-07,-4.9890855494449206e-08,0.9999999999996618
145,505000000,145.505,indoor_world,differential_drive_robot,-3.5741685225951495e-06,-2.993451338640735e-08,-4.433823484413102e-07,-4.104671596714432e-10,8.208607569723231e-07,-4.9890855494449206e-08,0.9999999999996618
145,525000000,145.525,indoor_world,differential_drive_robot,-3.5741685225951495e-06,-2.993451338640735e-08,-4.433823484413102e-07,-4.104671596714432e-10,8.208607569723231e-07,-4.9890855494449206e-08,0.9999999999996618
145,545000000,145.545,indoor_world,differential_drive_robot,-3.5741685225951495e-06,-2.993451338640735e-08,-4.433823484413102e-07,-4.104671596714432e-10,8.208607569723231e-07,-4.9890855494449206e-08,0.9999999999996618
145,565000000,145.565,indoor_world,differential_drive_robot,-3.5741685225951495e-06,-2.993451338640735e-08,-4.433823484413102e-07,-4.104671596714432e-10,8.208607569723231e-07,-4.9890855494449206e-08,0.9999999999996618
145,585000000,145.585,indoor_world,differential_drive_robot,-3.5741685225951495e-06,-2.993451338640735e-08,-4.433823484413102e-07,-4.104671596714432e-10,8.208607569723231e-07,-4.9890855494449206e-08,0.9999999999996618
145,605000000,145.605,indoor_world,differential_drive_robot,-3.5741685225951495e-06,-2.993451338640735e-08,-4.433823484413102e-07,-4.104671596714432e-10,8.208607569723231e-07,-4.9890855494449206e-08,0.9999999999996618
145,625000000,145.625,indoor_world,differential_drive_robot,-3.5741685225951495e-06,-2.993451338640735e-08,-4.433823484413102e-07,-4.104671596714432e-10,8.208607569723231e-07,-4.9890855494449206e-08,0.9999999999996618
145,645000000,145.645,indoor_world,differential_drive_robot,-3.5741685225951495e-06,-2.993451338640735e-08,-4.433823484413102e-07,-4.104671596714432e-10,8.208607569723231e-07,-4.9890855494449206e-08,0.9999999999996618
145,665000000,145.665,indoor_world,differential_drive_robot,-3.5741685225951495e-06,-2.993451338640735e-08,-4.433823484413102e-07,-4.104671596714432e-10,8.208607569723231e-07,-4.9890855494449206e-08,0.9999999999996618
145,685000000,145.685,indoor_world,differential_drive_robot,-3.5741685225951495e-06,-2.993451338640735e-08,-4.433823484413102e-07,-4.104671596714432e-10,8.208607569723231e-07,-4.9890855494449206e-08,0.9999999999996618
145,705000000,145.705,indoor_world,differential_drive_robot,-3.5741685225951495e-06,-2.993451338640735e-08,-4.433823484413102e-07,-4.104671596714432e-10,8.208607569723231e-07,-4.9890855494449206e-08,0.9999999999996618
145,725000000,145.725,indoor_world,differential_drive_robot,-3.5741685225951495e-06,-2.993451338640735e-08,-4.433823484413102e-07,-4.104671596714432e-10,8.208607569723231e-07,-4.9890855494449206e-08,0.9999999999996618
145,745000000,145.745,indoor_world,differential_drive_robot,-3.5741685225951495e-06,-2.993451338640735e-08,-4.433823484413102e-07,-4.104671596714432e-10,8.208607569723231e-07,-4.9890855494449206e-08,0.9999999999996618
145,765000000,145.765,indoor_world,differential_drive_robot,-3.5741685225951495e-06,-2.993451338640735e-08,-4.433823484413102e-07,-4.104671596714432e-10,8.208607569723231e-07,-4.9890855494449206e-08,0.9999999999996618
145,785000000,145.785,indoor_world,differential_drive_robot,-3.5741685225951495e-06,-2.993451338640735e-08,-4.433823484413102e-07,-4.104671596714432e-10,8.208607569723231e-07,-4.9890855494449206e-08,0.9999999999996618
145,805000000,145.805,indoor_world,differential_drive_robot,-3.5741685225951495e-06,-2.993451338640735e-08,-4.433823484413102e-07,-4.104671596714432e-10,8.208607569723231e-07,-4.9890855494449206e-08,0.9999999999996618
145,825000000,145.825,indoor_world,differential_drive_robot,-3.5741685225951495e-06,-2.993451338640735e-08,-4.433823484413102e-07,-4.104671596714432e-10,8.208607569723231e-07,-4.9890855494449206e-08,0.9999999999996618
145,845000000,145.845,indoor_world,differential_drive_robot,-3.5741685225951495e-06,-2.993451338640735e-08,-4.433823484413102e-07,-4.104671596714432e-10,8.208607569723231e-07,-4.9890855494449206e-08,0.9999999999996618
145,865000000,145.865,indoor_world,differential_drive_robot,-3.5741685225951495e-06,-2.993451338640735e-08,-4.433823484413102e-07,-4.104671596714432e-10,8.208607569723231e-07,-4.9890855494449206e-08,0.9999999999996618
145,885000000,145.885,indoor_world,differential_drive_robot,-3.5741685225951495e-06,-2.993451338640735e-08,-4.433823484413102e-07,-4.104671596714432e-10,8.208607569723231e-07,-4.9890855494449206e-08,0.9999999999996618
145,905000000,145.905,indoor_world,differential_drive_robot,-3.5741685225951495e-06,-2.993451338640735e-08,-4.433823484413102e-07,-4.104671596714432e-10,8.208607569723231e-07,-4.9890855494449206e-08,0.9999999999996618
145,925000000,145.925,indoor_world,differential_drive_robot,-3.5741685225951495e-06,-2.993451338640735e-08,-4.433823484413102e-07,-4.104671596714432e-10,8.208607569723231e-07,-4.9890855494449206e-08,0.9999999999996618
145,945000000,145.945,indoor_world,differential_drive_robot,-3.5741685225951495e-06,-2.993451338640735e-08,-4.433823484413102e-07,-4.104671596714432e-10,8.208607569723231e-07,-4.9890855494449206e-08,0.9999999999996618
145,965000000,145.965,indoor_world,differential_drive_robot,-3.5741685225951495e-06,-2.993451338640735e-08,-4.433823484413102e-07,-4.104671596714432e-10,8.208607569723231e-07,-4.9890855494449206e-08,0.9999999999996618
145,985000000,145.985,indoor_world,differential_drive_robot,-3.5741685225951495e-06,-2.993451338640735e-08,-4.433823484413102e-07,-4.104671596714432e-10,8.208607569723231e-07,-4.9890855494449206e-08,0.9999999999996618
146,5000000,146.005,indoor_world,differential_drive_robot,-3.5741685225951495e-06,-2.993451338640735e-08,-4.433823484413102e-07,-4.104671596714432e-10,8.208607569723231e-07,-4.9890855494449206e-08,0.9999999999996618
146,25000000,146.025,indoor_world,differential_drive_robot,-3.5741685225951495e-06,-2.993451338640735e-08,-4.433823484413102e-07,-4.104671596714432e-10,8.208607569723231e-07,-4.9890855494449206e-08,0.9999999999996618
146,45000000,146.045,indoor_world,differential_drive_robot,-3.5741685225951495e-06,-2.993451338640735e-08,-4.433823484413102e-07,-4.104671596714432e-10,8.208607569723231e-07,-4.9890855494449206e-08,0.9999999999996618
146,65000000,146.065,indoor_world,differential_drive_robot,-3.5741685225951495e-06,-2.993451338640735e-08,-4.433823484413102e-07,-4.104671596714432e-10,8.208607569723231e-07,-4.9890855494449206e-08,0.9999999999996618
146,85000000,146.085,indoor_world,differential_drive_robot,-3.5741685225951495e-06,-2.993451338640735e-08,-4.433823484413102e-07,-4.104671596714432e-10,8.208607569723231e-07,-4.9890855494449206e-08,0.9999999999996618
146,105000000,146.105,indoor_world,differential_drive_robot,-3.5741685225951495e-06,-2.993451338640735e-08,-4.433823484413102e-07,-4.104671596714432e-10,8.208607569723231e-07,-4.9890855494449206e-08,0.9999999999996618
146,125000000,146.125,indoor_world,differential_drive_robot,-3.5741685225951495e-06,-2.993451338640735e-08,-4.433823484413102e-07,-4.104671596714432e-10,8.208607569723231e-07,-4.9890855494449206e-08,0.9999999999996618
146,145000000,146.145,indoor_world,differential_drive_robot,-3.5741685225951495e-06,-2.993451338640735e-08,-4.433823484413102e-07,-4.104671596714432e-10,8.208607569723231e-07,-4.9890855494449206e-08,0.9999999999996618
146,165000000,146.165,indoor_world,differential_drive_robot,-3.5741685225951495e-06,-2.993451338640735e-08,-4.433823484413102e-07,-4.104671596714432e-10,8.208607569723231e-07,-4.9890855494449206e-08,0.9999999999996618
146,185000000,146.185,indoor_world,differential_drive_robot,-3.5741685225951495e-06,-2.993451338640735e-08,-4.433823484413102e-07,-4.104671596714432e-10,8.208607569723231e-07,-4.9890855494449206e-08,0.9999999999996618
146,205000000,146.205,indoor_world,differential_drive_robot,-3.5741685225951495e-06,-2.993451338640735e-08,-4.433823484413102e-07,-4.104671596714432e-10,8.208607569723231e-07,-4.9890855494449206e-08,0.9999999999996618
146,225000000,146.225,indoor_world,differential_drive_robot,-3.5741685225951495e-06,-2.993451338640735e-08,-4.433823484413102e-07,-4.104671596714432e-10,8.208607569723231e-07,-4.9890855494449206e-08,0.9999999999996618
146,245000000,146.245,indoor_world,differential_drive_robot,-3.5741685225951495e-06,-2.993451338640735e-08,-4.433823484413102e-07,-4.104671596714432e-10,8.208607569723231e-07,-4.9890855494449206e-08,0.9999999999996618
146,265000000,146.265,indoor_world,differential_drive_robot,-3.5741685225951495e-06,-2.993451338640735e-08,-4.433823484413102e-07,-4.104671596714432e-10,8.208607569723231e-07,-4.9890855494449206e-08,0.9999999999996618
146,285000000,146.285,indoor_world,differential_drive_robot,-3.5741685225951495e-06,-2.993451338640735e-08,-4.433823484413102e-07,-4.104671596714432e-10,8.208607569723231e-07,-4.9890855494449206e-08,0.9999999999996618
146,305000000,146.305,indoor_world,differential_drive_robot,-3.5741685225951495e-06,-2.993451338640735e-08,-4.433823484413102e-07,-4.104671596714432e-10,8.208607569723231e-07,-4.9890855494449206e-08,0.9999999999996618
146,325000000,146.325,indoor_world,differential_drive_robot,-3.5741685225951495e-06,-2.993451338640735e-08,-4.433823484413102e-07,-4.104671596714432e-10,8.208607569723231e-07,-4.9890855494449206e-08,0.9999999999996618
146,345000000,146.345,indoor_world,differential_drive_robot,-3.5741685225951495e-06,-2.993451338640735e-08,-4.433823484413102e-07,-4.104671596714432e-10,8.208607569723231e-07,-4.9890855494449206e-08,0.9999999999996618
146,365000000,146.365,indoor_world,differential_drive_robot,-3.5741685225951495e-06,-2.993451338640735e-08,-4.433823484413102e-07,-4.104671596714432e-10,8.208607569723231e-07,-4.9890855494449206e-08,0.9999999999996618
146,385000000,146.385,indoor_world,differential_drive_robot,-3.5741685225951495e-06,-2.993451338640735e-08,-4.433823484413102e-07,-4.104671596714432e-10,8.208607569723231e-07,-4.9890855494449206e-08,0.9999999999996618
146,405000000,146.405,indoor_world,differential_drive_robot,-3.5741685225951495e-06,-2.993451338640735e-08,-4.433823484413102e-07,-4.104671596714432e-10,8.208607569723231e-07,-4.9890855494449206e-08,0.9999999999996618
146,425000000,146.425,indoor_world,differential_drive_robot,-3.5741685225951495e-06,-2.993451338640735e-08,-4.433823484413102e-07,-4.104671596714432e-10,8.208607569723231e-07,-4.9890855494449206e-08,0.9999999999996618
146,445000000,146.445,indoor_world,differential_drive_robot,-3.5741685225951495e-06,-2.993451338640735e-08,-4.433823484413102e-07,-4.104671596714432e-10,8.208607569723231e-07,-4.9890855494449206e-08,0.9999999999996618
146,465000000,146.465,indoor_world,differential_drive_robot,-3.5741685225951495e-06,-2.993451338640735e-08,-4.433823484413102e-07,-4.104671596714432e-10,8.208607569723231e-07,-4.9890855494449206e-08,0.9999999999996618
146,485000000,146.485,indoor_world,differential_drive_robot,-3.5741685225951495e-06,-2.993451338640735e-08,-4.433823484413102e-07,-4.104671596714432e-10,8.208607569723231e-07,-4.9890855494449206e-08,0.9999999999996618
146,505000000,146.505,indoor_world,differential_drive_robot,-3.5741685225951495e-06,-2.993451338640735e-08,-4.433823484413102e-07,-4.104671596714432e-10,8.208607569723231e-07,-4.9890855494449206e-08,0.9999999999996618
146,525000000,146.525,indoor_world,differential_drive_robot,-3.5741685225951495e-06,-2.993451338640735e-08,-4.433823484413102e-07,-4.104671596714432e-10,8.208607569723231e-07,-4.9890855494449206e-08,0.9999999999996618
146,545000000,146.545,indoor_world,differential_drive_robot,-3.5741685225951495e-06,-2.993451338640735e-08,-4.433823484413102e-07,-4.104671596714432e-10,8.208607569723231e-07,-4.9890855494449206e-08,0.9999999999996618
146,565000000,146.565,indoor_world,differential_drive_robot,-3.5741685225951495e-06,-2.993451338640735e-08,-4.433823484413102e-07,-4.104671596714432e-10,8.208607569723231e-07,-4.9890855494449206e-08,0.9999999999996618
146,585000000,146.585,indoor_world,differential_drive_robot,-3.5741685225951495e-06,-2.993451338640735e-08,-4.433823484413102e-07,-4.104671596714432e-10,8.208607569723231e-07,-4.9890855494449206e-08,0.9999999999996618
146,605000000,146.605,indoor_world,differential_drive_robot,-3.5741685225951495e-06,-2.993451338640735e-08,-4.433823484413102e-07,-4.104671596714432e-10,8.208607569723231e-07,-4.9890855494449206e-08,0.9999999999996618
146,625000000,146.625,indoor_world,differential_drive_robot,-3.5741685225951495e-06,-2.993451338640735e-08,-4.433823484413102e-07,-4.104671596714432e-10,8.208607569723231e-07,-4.9890855494449206e-08,0.9999999999996618
146,645000000,146.645,indoor_world,differential_drive_robot,-3.5741685225951495e-06,-2.993451338640735e-08,-4.433823484413102e-07,-4.104671596714432e-10,8.208607569723231e-07,-4.9890855494449206e-08,0.9999999999996618
146,665000000,146.665,indoor_world,differential_drive_robot,-3.5741685225951495e-06,-2.993451338640735e-08,-4.433823484413102e-07,-4.104671596714432e-10,8.208607569723231e-07,-4.9890855494449206e-08,0.9999999999996618
146,685000000,146.685,indoor_world,differential_drive_robot,-3.5741685225951495e-06,-2.993451338640735e-08,-4.433823484413102e-07,-4.104671596714432e-10,8.208607569723231e-07,-4.9890855494449206e-08,0.9999999999996618
146,705000000,146.705,indoor_world,differential_drive_robot,-3.5741685225951495e-06,-2.993451338640735e-08,-4.433823484413102e-07,-4.104671596714432e-10,8.208607569723231e-07,-4.9890855494449206e-08,0.9999999999996618
146,725000000,146.725,indoor_world,differential_drive_robot,-3.5741685225951495e-06,-2.993451338640735e-08,-4.433823484413102e-07,-4.104671596714432e-10,8.208607569723231e-07,-4.9890855494449206e-08,0.9999999999996618
146,745000000,146.745,indoor_world,differential_drive_robot,-3.5741685225951495e-06,-2.993451338640735e-08,-4.433823484413102e-07,-4.104671596714432e-10,8.208607569723231e-07,-4.9890855494449206e-08,0.9999999999996618
146,765000000,146.765,indoor_world,differential_drive_robot,-3.5741685225951495e-06,-2.993451338640735e-08,-4.433823484413102e-07,-4.104671596714432e-10,8.208607569723231e-07,-4.9890855494449206e-08,0.9999999999996618
146,785000000,146.785,indoor_world,differential_drive_robot,-3.5741685225951495e-06,-2.993451338640735e-08,-4.433823484413102e-07,-4.104671596714432e-10,8.208607569723231e-07,-4.9890855494449206e-08,0.9999999999996618
146,805000000,146.805,indoor_world,differential_drive_robot,-3.5741685225951495e-06,-2.993451338640735e-08,-4.433823484413102e-07,-4.104671596714432e-10,8.208607569723231e-07,-4.9890855494449206e-08,0.9999999999996618
146,825000000,146.825,indoor_world,differential_drive_robot,-3.5741685225951495e-06,-2.993451338640735e-08,-4.433823484413102e-07,-4.104671596714432e-10,8.208607569723231e-07,-4.9890855494449206e-08,0.9999999999996618
146,845000000,146.845,indoor_world,differential_drive_robot,-3.5741685225951495e-06,-2.993451338640735e-08,-4.433823484413102e-07,-4.104671596714432e-10,8.208607569723231e-07,-4.9890855494449206e-08,0.9999999999996618
146,865000000,146.865,indoor_world,differential_drive_robot,-3.5741685225951495e-06,-2.993451338640735e-08,-4.433823484413102e-07,-4.104671596714432e-10,8.208607569723231e-07,-4.9890855494449206e-08,0.9999999999996618
146,885000000,146.885,indoor_world,differential_drive_robot,-3.5741685225951495e-06,-2.993451338640735e-08,-4.433823484413102e-07,-4.104671596714432e-10,8.208607569723231e-07,-4.9890855494449206e-08,0.9999999999996618
146,905000000,146.905,indoor_world,differential_drive_robot,-3.5741685225951495e-06,-2.993451338640735e-08,-4.433823484413102e-07,-4.104671596714432e-10,8.208607569723231e-07,-4.9890855494449206e-08,0.9999999999996618
146,925000000,146.925,indoor_world,differential_drive_robot,-3.5741685225951495e-06,-2.993451338640735e-08,-4.433823484413102e-07,-4.104671596714432e-10,8.208607569723231e-07,-4.9890855494449206e-08,0.9999999999996618
146,945000000,146.945,indoor_world,differential_drive_robot,-3.5741685225951495e-06,-2.993451338640735e-08,-4.433823484413102e-07,-4.104671596714432e-10,8.208607569723231e-07,-4.9890855494449206e-08,0.9999999999996618
146,965000000,146.965,indoor_world,differential_drive_robot,-3.5741685225951495e-06,-2.993451338640735e-08,-4.433823484413102e-07,-4.104671596714432e-10,8.208607569723231e-07,-4.9890855494449206e-08,0.9999999999996618
146,985000000,146.985,indoor_world,differential_drive_robot,-3.5741685225951495e-06,-2.993451338640735e-08,-4.433823484413102e-07,-4.104671596714432e-10,8.208607569723231e-07,-4.9890855494449206e-08,0.9999999999996618
147,5000000,147.005,indoor_world,differential_drive_robot,-3.5741685225951495e-06,-2.993451338640735e-08,-4.433823484413102e-07,-4.104671596714432e-10,8.208607569723231e-07,-4.9890855494449206e-08,0.9999999999996618
147,25000000,147.025,indoor_world,differential_drive_robot,-3.5741685225951495e-06,-2.993451338640735e-08,-4.433823484413102e-07,-4.104671596714432e-10,8.208607569723231e-07,-4.9890855494449206e-08,0.9999999999996618
147,45000000,147.045,indoor_world,differential_drive_robot,-3.5741685225951495e-06,-2.993451338640735e-08,-4.433823484413102e-07,-4.104671596714432e-10,8.208607569723231e-07,-4.9890855494449206e-08,0.9999999999996618
147,65000000,147.065,indoor_world,differential_drive_robot,-3.5741685225951495e-06,-2.993451338640735e-08,-4.433823484413102e-07,-4.104671596714432e-10,8.208607569723231e-07,-4.9890855494449206e-08,0.9999999999996618
147,85000000,147.085,indoor_world,differential_drive_robot,-3.5741685225951495e-06,-2.993451338640735e-08,-4.433823484413102e-07,-4.104671596714432e-10,8.208607569723231e-07,-4.9890855494449206e-08,0.9999999999996618
147,105000000,147.105,indoor_world,differential_drive_robot,-3.5741685225951495e-06,-2.993451338640735e-08,-4.433823484413102e-07,-4.104671596714432e-10,8.208607569723231e-07,-4.9890855494449206e-08,0.9999999999996618
147,125000000,147.125,indoor_world,differential_drive_robot,-3.5741685225951495e-06,-2.993451338640735e-08,-4.433823484413102e-07,-4.104671596714432e-10,8.208607569723231e-07,-4.9890855494449206e-08,0.9999999999996618
147,145000000,147.145,indoor_world,differential_drive_robot,-3.5741685225951495e-06,-2.993451338640735e-08,-4.433823484413102e-07,-4.104671596714432e-10,8.208607569723231e-07,-4.9890855494449206e-08,0.9999999999996618
147,165000000,147.165,indoor_world,differential_drive_robot,-3.5741685225951495e-06,-2.993451338640735e-08,-4.433823484413102e-07,-4.104671596714432e-10,8.208607569723231e-07,-4.9890855494449206e-08,0.9999999999996618
147,185000000,147.185,indoor_world,differential_drive_robot,-3.5741685225951495e-06,-2.993451338640735e-08,-4.433823484413102e-07,-4.104671596714432e-10,8.208607569723231e-07,-4.9890855494449206e-08,0.9999999999996618
147,205000000,147.205,indoor_world,differential_drive_robot,-3.5741685225951495e-06,-2.993451338640735e-08,-4.433823484413102e-07,-4.104671596714432e-10,8.208607569723231e-07,-4.9890855494449206e-08,0.9999999999996618
147,225000000,147.225,indoor_world,differential_drive_robot,-3.5741685225951495e-06,-2.993451338640735e-08,-4.433823484413102e-07,-4.104671596714432e-10,8.208607569723231e-07,-4.9890855494449206e-08,0.9999999999996618
147,245000000,147.245,indoor_world,differential_drive_robot,-3.5741685225951495e-06,-2.993451338640735e-08,-4.433823484413102e-07,-4.104671596714432e-10,8.208607569723231e-07,-4.9890855494449206e-08,0.9999999999996618
147,265000000,147.265,indoor_world,differential_drive_robot,-3.5741685225951495e-06,-2.993451338640735e-08,-4.433823484413102e-07,-4.104671596714432e-10,8.208607569723231e-07,-4.9890855494449206e-08,0.9999999999996618
147,285000000,147.285,indoor_world,differential_drive_robot,-3.5741685225951495e-06,-2.993451338640735e-08,-4.433823484413102e-07,-4.104671596714432e-10,8.208607569723231e-07,-4.9890855494449206e-08,0.9999999999996618
147,305000000,147.305,indoor_world,differential_drive_robot,-3.5741685225951495e-06,-2.993451338640735e-08,-4.433823484413102e-07,-4.104671596714432e-10,8.208607569723231e-07,-4.9890855494449206e-08,0.9999999999996618
147,325000000,147.325,indoor_world,differential_drive_robot,-3.5741685225951495e-06,-2.993451338640735e-08,-4.433823484413102e-07,-4.104671596714432e-10,8.208607569723231e-07,-4.9890855494449206e-08,0.9999999999996618
147,345000000,147.345,indoor_world,differential_drive_robot,-3.5741685225951495e-06,-2.993451338640735e-08,-4.433823484413102e-07,-4.104671596714432e-10,8.208607569723231e-07,-4.9890855494449206e-08,0.9999999999996618
147,365000000,147.365,indoor_world,differential_drive_robot,-3.5741685225951495e-06,-2.993451338640735e-08,-4.433823484413102e-07,-4.104671596714432e-10,8.208607569723231e-07,-4.9890855494449206e-08,0.9999999999996618
147,385000000,147.385,indoor_world,differential_drive_robot,-3.5741685225951495e-06,-2.993451338640735e-08,-4.433823484413102e-07,-4.104671596714432e-10,8.208607569723231e-07,-4.9890855494449206e-08,0.9999999999996618
147,405000000,147.405,indoor_world,differential_drive_robot,-3.5741685225951495e-06,-2.993451338640735e-08,-4.433823484413102e-07,-4.104671596714432e-10,8.208607569723231e-07,-4.9890855494449206e-08,0.9999999999996618
147,425000000,147.425,indoor_world,differential_drive_robot,-3.5741685225951495e-06,-2.993451338640735e-08,-4.433823484413102e-07,-4.104671596714432e-10,8.208607569723231e-07,-4.9890855494449206e-08,0.9999999999996618
147,445000000,147.445,indoor_world,differential_drive_robot,-3.5741685225951495e-06,-2.993451338640735e-08,-4.433823484413102e-07,-4.104671596714432e-10,8.208607569723231e-07,-4.9890855494449206e-08,0.9999999999996618
147,465000000,147.465,indoor_world,differential_drive_robot,-3.5741685225951495e-06,-2.993451338640735e-08,-4.433823484413102e-07,-4.104671596714432e-10,8.208607569723231e-07,-4.9890855494449206e-08,0.9999999999996618
147,485000000,147.485,indoor_world,differential_drive_robot,-3.5741685225951495e-06,-2.993451338640735e-08,-4.433823484413102e-07,-4.104671596714432e-10,8.208607569723231e-07,-4.9890855494449206e-08,0.9999999999996618
147,505000000,147.505,indoor_world,differential_drive_robot,-3.5741685225951495e-06,-2.993451338640735e-08,-4.433823484413102e-07,-4.104671596714432e-10,8.208607569723231e-07,-4.9890855494449206e-08,0.9999999999996618
147,525000000,147.525,indoor_world,differential_drive_robot,-3.5741685225951495e-06,-2.993451338640735e-08,-4.433823484413102e-07,-4.104671596714432e-10,8.208607569723231e-07,-4.9890855494449206e-08,0.9999999999996618
147,545000000,147.545,indoor_world,differential_drive_robot,-3.5741685225951495e-06,-2.993451338640735e-08,-4.433823484413102e-07,-4.104671596714432e-10,8.208607569723231e-07,-4.9890855494449206e-08,0.9999999999996618
147,565000000,147.565,indoor_world,differential_drive_robot,-3.5741685225951495e-06,-2.993451338640735e-08,-4.433823484413102e-07,-4.104671596714432e-10,8.208607569723231e-07,-4.9890855494449206e-08,0.9999999999996618
147,585000000,147.585,indoor_world,differential_drive_robot,-3.5741685225951495e-06,-2.993451338640735e-08,-4.433823484413102e-07,-4.104671596714432e-10,8.208607569723231e-07,-4.9890855494449206e-08,0.9999999999996618
147,605000000,147.605,indoor_world,differential_drive_robot,-3.5741685225951495e-06,-2.993451338640735e-08,-4.433823484413102e-07,-4.104671596714432e-10,8.208607569723231e-07,-4.9890855494449206e-08,0.9999999999996618
147,625000000,147.625,indoor_world,differential_drive_robot,-3.5741685225951495e-06,-2.993451338640735e-08,-4.433823484413102e-07,-4.104671596714432e-10,8.208607569723231e-07,-4.9890855494449206e-08,0.9999999999996618
147,645000000,147.645,indoor_world,differential_drive_robot,-3.5741685225951495e-06,-2.993451338640735e-08,-4.433823484413102e-07,-4.104671596714432e-10,8.208607569723231e-07,-4.9890855494449206e-08,0.9999999999996618
147,665000000,147.665,indoor_world,differential_drive_robot,-3.5741685225951495e-06,-2.993451338640735e-08,-4.433823484413102e-07,-4.104671596714432e-10,8.208607569723231e-07,-4.9890855494449206e-08,0.9999999999996618
147,685000000,147.685,indoor_world,differential_drive_robot,-3.5741685225951495e-06,-2.993451338640735e-08,-4.433823484413102e-07,-4.104671596714432e-10,8.208607569723231e-07,-4.9890855494449206e-08,0.9999999999996618
147,705000000,147.705,indoor_world,differential_drive_robot,-3.5741685225951495e-06,-2.993451338640735e-08,-4.433823484413102e-07,-4.104671596714432e-10,8.208607569723231e-07,-4.9890855494449206e-08,0.9999999999996618
147,725000000,147.725,indoor_world,differential_drive_robot,-3.5741685225951495e-06,-2.993451338640735e-08,-4.433823484413102e-07,-4.104671596714432e-10,8.208607569723231e-07,-4.9890855494449206e-08,0.9999999999996618
147,745000000,147.745,indoor_world,differential_drive_robot,-3.5741685225951495e-06,-2.993451338640735e-08,-4.433823484413102e-07,-4.104671596714432e-10,8.208607569723231e-07,-4.9890855494449206e-08,0.9999999999996618
147,765000000,147.765,indoor_world,differential_drive_robot,-3.5741685225951495e-06,-2.993451338640735e-08,-4.433823484413102e-07,-4.104671596714432e-10,8.208607569723231e-07,-4.9890855494449206e-08,0.9999999999996618
147,785000000,147.785,indoor_world,differential_drive_robot,-3.5741685225951495e-06,-2.993451338640735e-08,-4.433823484413102e-07,-4.104671596714432e-10,8.208607569723231e-07,-4.9890855494449206e-08,0.9999999999996618
147,805000000,147.805,indoor_world,differential_drive_robot,-3.5741685225951495e-06,-2.993451338640735e-08,-4.433823484413102e-07,-4.104671596714432e-10,8.208607569723231e-07,-4.9890855494449206e-08,0.9999999999996618
147,825000000,147.825,indoor_world,differential_drive_robot,-3.5741685225951495e-06,-2.993451338640735e-08,-4.433823484413102e-07,-4.104671596714432e-10,8.208607569723231e-07,-4.9890855494449206e-08,0.9999999999996618
147,845000000,147.845,indoor_world,differential_drive_robot,-3.5741685225951495e-06,-2.993451338640735e-08,-4.433823484413102e-07,-4.104671596714432e-10,8.208607569723231e-07,-4.9890855494449206e-08,0.9999999999996618
147,865000000,147.865,indoor_world,differential_drive_robot,-3.5741685225951495e-06,-2.993451338640735e-08,-4.433823484413102e-07,-4.104671596714432e-10,8.208607569723231e-07,-4.9890855494449206e-08,0.9999999999996618
147,885000000,147.885,indoor_world,differential_drive_robot,-3.5741685225951495e-06,-2.993451338640735e-08,-4.433823484413102e-07,-4.104671596714432e-10,8.208607569723231e-07,-4.9890855494449206e-08,0.9999999999996618
147,905000000,147.905,indoor_world,differential_drive_robot,-3.5741685225951495e-06,-2.993451338640735e-08,-4.433823484413102e-07,-4.104671596714432e-10,8.208607569723231e-07,-4.9890855494449206e-08,0.9999999999996618
147,925000000,147.925,indoor_world,differential_drive_robot,-3.5741685225951495e-06,-2.993451338640735e-08,-4.433823484413102e-07,-4.104671596714432e-10,8.208607569723231e-07,-4.9890855494449206e-08,0.9999999999996618
147,945000000,147.945,indoor_world,differential_drive_robot,-3.5741685225951495e-06,-2.993451338640735e-08,-4.433823484413102e-07,-4.104671596714432e-10,8.208607569723231e-07,-4.9890855494449206e-08,0.9999999999996618
147,965000000,147.965,indoor_world,differential_drive_robot,-3.5741685225951495e-06,-2.993451338640735e-08,-4.433823484413102e-07,-4.104671596714432e-10,8.208607569723231e-07,-4.9890855494449206e-08,0.9999999999996618
147,985000000,147.985,indoor_world,differential_drive_robot,-3.5741685225951495e-06,-2.993451338640735e-08,-4.433823484413102e-07,-4.104671596714432e-10,8.208607569723231e-07,-4.9890855494449206e-08,0.9999999999996618
148,5000000,148.005,indoor_world,differential_drive_robot,-3.5741685225951495e-06,-2.993451338640735e-08,-4.433823484413102e-07,-4.104671596714432e-10,8.208607569723231e-07,-4.9890855494449206e-08,0.9999999999996618
148,25000000,148.025,indoor_world,differential_drive_robot,-3.5741685225951495e-06,-2.993451338640735e-08,-4.433823484413102e-07,-4.104671596714432e-10,8.208607569723231e-07,-4.9890855494449206e-08,0.9999999999996618
148,45000000,148.045,indoor_world,differential_drive_robot,-3.5741685225951495e-06,-2.993451338640735e-08,-4.433823484413102e-07,-4.104671596714432e-10,8.208607569723231e-07,-4.9890855494449206e-08,0.9999999999996618
148,65000000,148.065,indoor_world,differential_drive_robot,-3.5741685225951495e-06,-2.993451338640735e-08,-4.433823484413102e-07,-4.104671596714432e-10,8.208607569723231e-07,-4.9890855494449206e-08,0.9999999999996618
148,85000000,148.085,indoor_world,differential_drive_robot,-3.5741685225951495e-06,-2.993451338640735e-08,-4.433823484413102e-07,-4.104671596714432e-10,8.208607569723231e-07,-4.9890855494449206e-08,0.9999999999996618
148,105000000,148.105,indoor_world,differential_drive_robot,-3.5741685225951495e-06,-2.993451338640735e-08,-4.433823484413102e-07,-4.104671596714432e-10,8.208607569723231e-07,-4.9890855494449206e-08,0.9999999999996618
148,125000000,148.125,indoor_world,differential_drive_robot,-3.5741685225951495e-06,-2.993451338640735e-08,-4.433823484413102e-07,-4.104671596714432e-10,8.208607569723231e-07,-4.9890855494449206e-08,0.9999999999996618
148,145000000,148.145,indoor_world,differential_drive_robot,-3.5741685225951495e-06,-2.993451338640735e-08,-4.433823484413102e-07,-4.104671596714432e-10,8.208607569723231e-07,-4.9890855494449206e-08,0.9999999999996618
148,165000000,148.165,indoor_world,differential_drive_robot,-3.5741685225951495e-06,-2.993451338640735e-08,-4.433823484413102e-07,-4.104671596714432e-10,8.208607569723231e-07,-4.9890855494449206e-08,0.9999999999996618
148,185000000,148.185,indoor_world,differential_drive_robot,-3.5741685225951495e-06,-2.993451338640735e-08,-4.433823484413102e-07,-4.104671596714432e-10,8.208607569723231e-07,-4.9890855494449206e-08,0.9999999999996618
148,205000000,148.205,indoor_world,differential_drive_robot,-3.5741685225951495e-06,-2.993451338640735e-08,-4.433823484413102e-07,-4.104671596714432e-10,8.208607569723231e-07,-4.9890855494449206e-08,0.9999999999996618
148,225000000,148.225,indoor_world,differential_drive_robot,-3.5741685225951495e-06,-2.993451338640735e-08,-4.433823484413102e-07,-4.104671596714432e-10,8.208607569723231e-07,-4.9890855494449206e-08,0.9999999999996618
148,245000000,148.245,indoor_world,differential_drive_robot,-3.5741685225951495e-06,-2.993451338640735e-08,-4.433823484413102e-07,-4.104671596714432e-10,8.208607569723231e-07,-4.9890855494449206e-08,0.9999999999996618
148,265000000,148.265,indoor_world,differential_drive_robot,-3.5741685225951495e-06,-2.993451338640735e-08,-4.433823484413102e-07,-4.104671596714432e-10,8.208607569723231e-07,-4.9890855494449206e-08,0.9999999999996618
148,285000000,148.285,indoor_world,differential_drive_robot,-3.5741685225951495e-06,-2.993451338640735e-08,-4.433823484413102e-07,-4.104671596714432e-10,8.208607569723231e-07,-4.9890855494449206e-08,0.9999999999996618
148,305000000,148.305,indoor_world,differential_drive_robot,-3.5741685225951495e-06,-2.993451338640735e-08,-4.433823484413102e-07,-4.104671596714432e-10,8.208607569723231e-07,-4.9890855494449206e-08,0.9999999999996618
148,325000000,148.325,indoor_world,differential_drive_robot,-3.5741685225951495e-06,-2.993451338640735e-08,-4.433823484413102e-07,-4.104671596714432e-10,8.208607569723231e-07,-4.9890855494449206e-08,0.9999999999996618
148,345000000,148.345,indoor_world,differential_drive_robot,-3.5741685225951495e-06,-2.993451338640735e-08,-4.433823484413102e-07,-4.104671596714432e-10,8.208607569723231e-07,-4.9890855494449206e-08,0.9999999999996618
148,365000000,148.365,indoor_world,differential_drive_robot,-3.5741685225951495e-06,-2.993451338640735e-08,-4.433823484413102e-07,-4.104671596714432e-10,8.208607569723231e-07,-4.9890855494449206e-08,0.9999999999996618
148,385000000,148.385,indoor_world,differential_drive_robot,-3.5741685225951495e-06,-2.993451338640735e-08,-4.433823484413102e-07,-4.104671596714432e-10,8.208607569723231e-07,-4.9890855494449206e-08,0.9999999999996618
148,405000000,148.405,indoor_world,differential_drive_robot,-3.5741685225951495e-06,-2.993451338640735e-08,-4.433823484413102e-07,-4.104671596714432e-10,8.208607569723231e-07,-4.9890855494449206e-08,0.9999999999996618
148,425000000,148.425,indoor_world,differential_drive_robot,-3.5741685225951495e-06,-2.993451338640735e-08,-4.433823484413102e-07,-4.104671596714432e-10,8.208607569723231e-07,-4.9890855494449206e-08,0.9999999999996618
148,445000000,148.445,indoor_world,differential_drive_robot,-3.5741685225951495e-06,-2.993451338640735e-08,-4.433823484413102e-07,-4.104671596714432e-10,8.208607569723231e-07,-4.9890855494449206e-08,0.9999999999996618
148,465000000,148.465,indoor_world,differential_drive_robot,-3.5741685225951495e-06,-2.993451338640735e-08,-4.433823484413102e-07,-4.104671596714432e-10,8.208607569723231e-07,-4.9890855494449206e-08,0.9999999999996618
148,485000000,148.485,indoor_world,differential_drive_robot,-3.5741685225951495e-06,-2.993451338640735e-08,-4.433823484413102e-07,-4.104671596714432e-10,8.208607569723231e-07,-4.9890855494449206e-08,0.9999999999996618
148,505000000,148.505,indoor_world,differential_drive_robot,-3.5741685225951495e-06,-2.993451338640735e-08,-4.433823484413102e-07,-4.104671596714432e-10,8.208607569723231e-07,-4.9890855494449206e-08,0.9999999999996618
148,525000000,148.525,indoor_world,differential_drive_robot,-3.5741685225951495e-06,-2.993451338640735e-08,-4.433823484413102e-07,-4.104671596714432e-10,8.208607569723231e-07,-4.9890855494449206e-08,0.9999999999996618
148,545000000,148.545,indoor_world,differential_drive_robot,-3.5741685225951495e-06,-2.993451338640735e-08,-4.433823484413102e-07,-4.104671596714432e-10,8.208607569723231e-07,-4.9890855494449206e-08,0.9999999999996618
148,565000000,148.565,indoor_world,differential_drive_robot,-3.5741685225951495e-06,-2.993451338640735e-08,-4.433823484413102e-07,-4.104671596714432e-10,8.208607569723231e-07,-4.9890855494449206e-08,0.9999999999996618
148,585000000,148.585,indoor_world,differential_drive_robot,-3.5741685225951495e-06,-2.993451338640735e-08,-4.433823484413102e-07,-4.104671596714432e-10,8.208607569723231e-07,-4.9890855494449206e-08,0.9999999999996618
148,605000000,148.605,indoor_world,differential_drive_robot,-3.5741685225951495e-06,-2.993451338640735e-08,-4.433823484413102e-07,-4.104671596714432e-10,8.208607569723231e-07,-4.9890855494449206e-08,0.9999999999996618
148,625000000,148.625,indoor_world,differential_drive_robot,-3.5741685225951495e-06,-2.993451338640735e-08,-4.433823484413102e-07,-4.104671596714432e-10,8.208607569723231e-07,-4.9890855494449206e-08,0.9999999999996618
148,645000000,148.645,indoor_world,differential_drive_robot,-3.5741685225951495e-06,-2.993451338640735e-08,-4.433823484413102e-07,-4.104671596714432e-10,8.208607569723231e-07,-4.9890855494449206e-08,0.9999999999996618
148,665000000,148.665,indoor_world,differential_drive_robot,-3.5741685225951495e-06,-2.993451338640735e-08,-4.433823484413102e-07,-4.104671596714432e-10,8.208607569723231e-07,-4.9890855494449206e-08,0.9999999999996618
148,685000000,148.685,indoor_world,differential_drive_robot,-3.5741685225951495e-06,-2.993451338640735e-08,-4.433823484413102e-07,-4.104671596714432e-10,8.208607569723231e-07,-4.9890855494449206e-08,0.9999999999996618
148,705000000,148.705,indoor_world,differential_drive_robot,-3.5741685225951495e-06,-2.993451338640735e-08,-4.433823484413102e-07,-4.104671596714432e-10,8.208607569723231e-07,-4.9890855494449206e-08,0.9999999999996618
148,725000000,148.725,indoor_world,differential_drive_robot,-3.5741685225951495e-06,-2.993451338640735e-08,-4.433823484413102e-07,-4.104671596714432e-10,8.208607569723231e-07,-4.9890855494449206e-08,0.9999999999996618
148,745000000,148.745,indoor_world,differential_drive_robot,-3.5741685225951495e-06,-2.993451338640735e-08,-4.433823484413102e-07,-4.104671596714432e-10,8.208607569723231e-07,-4.9890855494449206e-08,0.9999999999996618
148,765000000,148.765,indoor_world,differential_drive_robot,-3.5741685225951495e-06,-2.993451338640735e-08,-4.433823484413102e-07,-4.104671596714432e-10,8.208607569723231e-07,-4.9890855494449206e-08,0.9999999999996618
148,785000000,148.785,indoor_world,differential_drive_robot,-3.5741685225951495e-06,-2.993451338640735e-08,-4.433823484413102e-07,-4.104671596714432e-10,8.208607569723231e-07,-4.9890855494449206e-08,0.9999999999996618
148,805000000,148.805,indoor_world,differential_drive_robot,-3.5741685225951495e-06,-2.993451338640735e-08,-4.433823484413102e-07,-4.104671596714432e-10,8.208607569723231e-07,-4.9890855494449206e-08,0.9999999999996618
148,825000000,148.825,indoor_world,differential_drive_robot,-3.5741685225951495e-06,-2.993451338640735e-08,-4.433823484413102e-07,-4.104671596714432e-10,8.208607569723231e-07,-4.9890855494449206e-08,0.9999999999996618
148,845000000,148.845,indoor_world,differential_drive_robot,-3.5741685225951495e-06,-2.993451338640735e-08,-4.433823484413102e-07,-4.104671596714432e-10,8.208607569723231e-07,-4.9890855494449206e-08,0.9999999999996618
148,865000000,148.865,indoor_world,differential_drive_robot,-3.5741685225951495e-06,-2.993451338640735e-08,-4.433823484413102e-07,-4.104671596714432e-10,8.208607569723231e-07,-4.9890855494449206e-08,0.9999999999996618
148,885000000,148.885,indoor_world,differential_drive_robot,-3.5741685225951495e-06,-2.993451338640735e-08,-4.433823484413102e-07,-4.104671596714432e-10,8.208607569723231e-07,-4.9890855494449206e-08,0.9999999999996618
148,905000000,148.905,indoor_world,differential_drive_robot,-3.5741685225951495e-06,-2.993451338640735e-08,-4.433823484413102e-07,-4.104671596714432e-10,8.208607569723231e-07,-4.9890855494449206e-08,0.9999999999996618
148,925000000,148.925,indoor_world,differential_drive_robot,-3.5741685225951495e-06,-2.993451338640735e-08,-4.433823484413102e-07,-4.104671596714432e-10,8.208607569723231e-07,-4.9890855494449206e-08,0.9999999999996618
148,945000000,148.945,indoor_world,differential_drive_robot,-3.5741685225951495e-06,-2.993451338640735e-08,-4.433823484413102e-07,-4.104671596714432e-10,8.208607569723231e-07,-4.9890855494449206e-08,0.9999999999996618
148,965000000,148.965,indoor_world,differential_drive_robot,-3.5741685225951495e-06,-2.993451338640735e-08,-4.433823484413102e-07,-4.104671596714432e-10,8.208607569723231e-07,-4.9890855494449206e-08,0.9999999999996618
148,985000000,148.985,indoor_world,differential_drive_robot,-3.5741685225951495e-06,-2.993451338640735e-08,-4.433823484413102e-07,-4.104671596714432e-10,8.208607569723231e-07,-4.9890855494449206e-08,0.9999999999996618
149,5000000,149.005,indoor_world,differential_drive_robot,-3.5741685225951495e-06,-2.993451338640735e-08,-4.433823484413102e-07,-4.104671596714432e-10,8.208607569723231e-07,-4.9890855494449206e-08,0.9999999999996618
149,25000000,149.025,indoor_world,differential_drive_robot,-3.5741685225951495e-06,-2.993451338640735e-08,-4.433823484413102e-07,-4.104671596714432e-10,8.208607569723231e-07,-4.9890855494449206e-08,0.9999999999996618
149,45000000,149.045,indoor_world,differential_drive_robot,-3.5741685225951495e-06,-2.993451338640735e-08,-4.433823484413102e-07,-4.104671596714432e-10,8.208607569723231e-07,-4.9890855494449206e-08,0.9999999999996618
149,65000000,149.065,indoor_world,differential_drive_robot,-3.5741685225951495e-06,-2.993451338640735e-08,-4.433823484413102e-07,-4.104671596714432e-10,8.208607569723231e-07,-4.9890855494449206e-08,0.9999999999996618
149,85000000,149.085,indoor_world,differential_drive_robot,-3.5741685225951495e-06,-2.993451338640735e-08,-4.433823484413102e-07,-4.104671596714432e-10,8.208607569723231e-07,-4.9890855494449206e-08,0.9999999999996618
149,105000000,149.105,indoor_world,differential_drive_robot,-3.5741685225951495e-06,-2.993451338640735e-08,-4.433823484413102e-07,-4.104671596714432e-10,8.208607569723231e-07,-4.9890855494449206e-08,0.9999999999996618
149,125000000,149.125,indoor_world,differential_drive_robot,-3.5741685225951495e-06,-2.993451338640735e-08,-4.433823484413102e-07,-4.104671596714432e-10,8.208607569723231e-07,-4.9890855494449206e-08,0.9999999999996618
149,145000000,149.145,indoor_world,differential_drive_robot,-3.5741685225951495e-06,-2.993451338640735e-08,-4.433823484413102e-07,-4.104671596714432e-10,8.208607569723231e-07,-4.9890855494449206e-08,0.9999999999996618
149,165000000,149.165,indoor_world,differential_drive_robot,-3.5741685225951495e-06,-2.993451338640735e-08,-4.433823484413102e-07,-4.104671596714432e-10,8.208607569723231e-07,-4.9890855494449206e-08,0.9999999999996618
149,185000000,149.185,indoor_world,differential_drive_robot,-3.5741685225951495e-06,-2.993451338640735e-08,-4.433823484413102e-07,-4.104671596714432e-10,8.208607569723231e-07,-4.9890855494449206e-08,0.9999999999996618
149,205000000,149.205,indoor_world,differential_drive_robot,-3.5741685225951495e-06,-2.993451338640735e-08,-4.433823484413102e-07,-4.104671596714432e-10,8.208607569723231e-07,-4.9890855494449206e-08,0.9999999999996618
149,225000000,149.225,indoor_world,differential_drive_robot,-3.5741685225951495e-06,-2.993451338640735e-08,-4.433823484413102e-07,-4.104671596714432e-10,8.208607569723231e-07,-4.9890855494449206e-08,0.9999999999996618
149,245000000,149.245,indoor_world,differential_drive_robot,-3.5741685225951495e-06,-2.993451338640735e-08,-4.433823484413102e-07,-4.104671596714432e-10,8.208607569723231e-07,-4.9890855494449206e-08,0.9999999999996618
149,265000000,149.265,indoor_world,differential_drive_robot,-3.5741685225951495e-06,-2.993451338640735e-08,-4.433823484413102e-07,-4.104671596714432e-10,8.208607569723231e-07,-4.9890855494449206e-08,0.9999999999996618
149,285000000,149.285,indoor_world,differential_drive_robot,-3.5741685225951495e-06,-2.993451338640735e-08,-4.433823484413102e-07,-4.104671596714432e-10,8.208607569723231e-07,-4.9890855494449206e-08,0.9999999999996618
149,305000000,149.305,indoor_world,differential_drive_robot,-3.5741685225951495e-06,-2.993451338640735e-08,-4.433823484413102e-07,-4.104671596714432e-10,8.208607569723231e-07,-4.9890855494449206e-08,0.9999999999996618
149,325000000,149.325,indoor_world,differential_drive_robot,-3.5741685225951495e-06,-2.993451338640735e-08,-4.433823484413102e-07,-4.104671596714432e-10,8.208607569723231e-07,-4.9890855494449206e-08,0.9999999999996618
149,345000000,149.345,indoor_world,differential_drive_robot,-3.5741685225951495e-06,-2.993451338640735e-08,-4.433823484413102e-07,-4.104671596714432e-10,8.208607569723231e-07,-4.9890855494449206e-08,0.9999999999996618
149,365000000,149.365,indoor_world,differential_drive_robot,-3.5741685225951495e-06,-2.993451338640735e-08,-4.433823484413102e-07,-4.104671596714432e-10,8.208607569723231e-07,-4.9890855494449206e-08,0.9999999999996618
149,385000000,149.385,indoor_world,differential_drive_robot,-3.5741685225951495e-06,-2.993451338640735e-08,-4.433823484413102e-07,-4.104671596714432e-10,8.208607569723231e-07,-4.9890855494449206e-08,0.9999999999996618
149,405000000,149.405,indoor_world,differential_drive_robot,-3.5741685225951495e-06,-2.993451338640735e-08,-4.433823484413102e-07,-4.104671596714432e-10,8.208607569723231e-07,-4.9890855494449206e-08,0.9999999999996618
149,425000000,149.425,indoor_world,differential_drive_robot,-3.5741685225951495e-06,-2.993451338640735e-08,-4.433823484413102e-07,-4.104671596714432e-10,8.208607569723231e-07,-4.9890855494449206e-08,0.9999999999996618
149,445000000,149.445,indoor_world,differential_drive_robot,-3.5741685225951495e-06,-2.993451338640735e-08,-4.433823484413102e-07,-4.104671596714432e-10,8.208607569723231e-07,-4.9890855494449206e-08,0.9999999999996618
149,465000000,149.465,indoor_world,differential_drive_robot,-3.5741685225951495e-06,-2.993451338640735e-08,-4.433823484413102e-07,-4.104671596714432e-10,8.208607569723231e-07,-4.9890855494449206e-08,0.9999999999996618
149,485000000,149.485,indoor_world,differential_drive_robot,-3.5741685225951495e-06,-2.993451338640735e-08,-4.433823484413102e-07,-4.104671596714432e-10,8.208607569723231e-07,-4.9890855494449206e-08,0.9999999999996618
149,505000000,149.505,indoor_world,differential_drive_robot,-3.5741685225951495e-06,-2.993451338640735e-08,-4.433823484413102e-07,-4.104671596714432e-10,8.208607569723231e-07,-4.9890855494449206e-08,0.9999999999996618
149,525000000,149.525,indoor_world,differential_drive_robot,-3.5741685225951495e-06,-2.993451338640735e-08,-4.433823484413102e-07,-4.104671596714432e-10,8.208607569723231e-07,-4.9890855494449206e-08,0.9999999999996618
149,545000000,149.545,indoor_world,differential_drive_robot,-3.5741685225951495e-06,-2.993451338640735e-08,-4.433823484413102e-07,-4.104671596714432e-10,8.208607569723231e-07,-4.9890855494449206e-08,0.9999999999996618
149,565000000,149.565,indoor_world,differential_drive_robot,-3.5741685225951495e-06,-2.993451338640735e-08,-4.433823484413102e-07,-4.104671596714432e-10,8.208607569723231e-07,-4.9890855494449206e-08,0.9999999999996618
149,585000000,149.585,indoor_world,differential_drive_robot,-3.5741685225951495e-06,-2.993451338640735e-08,-4.433823484413102e-07,-4.104671596714432e-10,8.208607569723231e-07,-4.9890855494449206e-08,0.9999999999996618
149,605000000,149.605,indoor_world,differential_drive_robot,-3.5741685225951495e-06,-2.993451338640735e-08,-4.433823484413102e-07,-4.104671596714432e-10,8.208607569723231e-07,-4.9890855494449206e-08,0.9999999999996618
149,625000000,149.625,indoor_world,differential_drive_robot,-3.5741685225951495e-06,-2.993451338640735e-08,-4.433823484413102e-07,-4.104671596714432e-10,8.208607569723231e-07,-4.9890855494449206e-08,0.9999999999996618
149,645000000,149.645,indoor_world,differential_drive_robot,-3.5741685225951495e-06,-2.993451338640735e-08,-4.433823484413102e-07,-4.104671596714432e-10,8.208607569723231e-07,-4.9890855494449206e-08,0.9999999999996618
149,665000000,149.665,indoor_world,differential_drive_robot,-3.5741685225951495e-06,-2.993451338640735e-08,-4.433823484413102e-07,-4.104671596714432e-10,8.208607569723231e-07,-4.9890855494449206e-08,0.9999999999996618
149,685000000,149.685,indoor_world,differential_drive_robot,-3.5741685225951495e-06,-2.993451338640735e-08,-4.433823484413102e-07,-4.104671596714432e-10,8.208607569723231e-07,-4.9890855494449206e-08,0.9999999999996618
149,705000000,149.705,indoor_world,differential_drive_robot,-3.5741685225951495e-06,-2.993451338640735e-08,-4.433823484413102e-07,-4.104671596714432e-10,8.208607569723231e-07,-4.9890855494449206e-08,0.9999999999996618
149,725000000,149.725,indoor_world,differential_drive_robot,-3.5741685225951495e-06,-2.993451338640735e-08,-4.433823484413102e-07,-4.104671596714432e-10,8.208607569723231e-07,-4.9890855494449206e-08,0.9999999999996618
149,745000000,149.745,indoor_world,differential_drive_robot,-3.5741685225951495e-06,-2.993451338640735e-08,-4.433823484413102e-07,-4.104671596714432e-10,8.208607569723231e-07,-4.9890855494449206e-08,0.9999999999996618
149,765000000,149.765,indoor_world,differential_drive_robot,-3.5741685225951495e-06,-2.993451338640735e-08,-4.433823484413102e-07,-4.104671596714432e-10,8.208607569723231e-07,-4.9890855494449206e-08,0.9999999999996618
149,785000000,149.785,indoor_world,differential_drive_robot,-3.5741685225951495e-06,-2.993451338640735e-08,-4.433823484413102e-07,-4.104671596714432e-10,8.208607569723231e-07,-4.9890855494449206e-08,0.9999999999996618
149,805000000,149.805,indoor_world,differential_drive_robot,-3.5741685225951495e-06,-2.993451338640735e-08,-4.433823484413102e-07,-4.104671596714432e-10,8.208607569723231e-07,-4.9890855494449206e-08,0.9999999999996618
149,825000000,149.825,indoor_world,differential_drive_robot,-3.5741685225951495e-06,-2.993451338640735e-08,-4.433823484413102e-07,-4.104671596714432e-10,8.208607569723231e-07,-4.9890855494449206e-08,0.9999999999996618
149,845000000,149.845,indoor_world,differential_drive_robot,-3.5741685225951495e-06,-2.993451338640735e-08,-4.433823484413102e-07,-4.104671596714432e-10,8.208607569723231e-07,-4.9890855494449206e-08,0.9999999999996618
149,865000000,149.865,indoor_world,differential_drive_robot,-3.5741685225951495e-06,-2.993451338640735e-08,-4.433823484413102e-07,-4.104671596714432e-10,8.208607569723231e-07,-4.9890855494449206e-08,0.9999999999996618
149,885000000,149.885,indoor_world,differential_drive_robot,-3.5741685225951495e-06,-2.993451338640735e-08,-4.433823484413102e-07,-4.104671596714432e-10,8.208607569723231e-07,-4.9890855494449206e-08,0.9999999999996618
149,905000000,149.905,indoor_world,differential_drive_robot,-3.5741685225951495e-06,-2.993451338640735e-08,-4.433823484413102e-07,-4.104671596714432e-10,8.208607569723231e-07,-4.9890855494449206e-08,0.9999999999996618
149,925000000,149.925,indoor_world,differential_drive_robot,-3.5741685225951495e-06,-2.993451338640735e-08,-4.433823484413102e-07,-4.104671596714432e-10,8.208607569723231e-07,-4.9890855494449206e-08,0.9999999999996618
149,945000000,149.945,indoor_world,differential_drive_robot,-3.5741685225951495e-06,-2.993451338640735e-08,-4.433823484413102e-07,-4.104671596714432e-10,8.208607569723231e-07,-4.9890855494449206e-08,0.9999999999996618
149,965000000,149.965,indoor_world,differential_drive_robot,-3.5741685225951495e-06,-2.993451338640735e-08,-4.433823484413102e-07,-4.104671596714432e-10,8.208607569723231e-07,-4.9890855494449206e-08,0.9999999999996618
149,985000000,149.985,indoor_world,differential_drive_robot,-3.5741685225951495e-06,-2.993451338640735e-08,-4.433823484413102e-07,-4.104671596714432e-10,8.208607569723231e-07,-4.9890855494449206e-08,0.9999999999996618
150,5000000,150.005,indoor_world,differential_drive_robot,-3.5741685225951495e-06,-2.993451338640735e-08,-4.433823484413102e-07,-4.104671596714432e-10,8.208607569723231e-07,-4.9890855494449206e-08,0.9999999999996618
150,25000000,150.025,indoor_world,differential_drive_robot,-3.5741685225951495e-06,-2.993451338640735e-08,-4.433823484413102e-07,-4.104671596714432e-10,8.208607569723231e-07,-4.9890855494449206e-08,0.9999999999996618
150,45000000,150.045,indoor_world,differential_drive_robot,-3.5741685225951495e-06,-2.993451338640735e-08,-4.433823484413102e-07,-4.104671596714432e-10,8.208607569723231e-07,-4.9890855494449206e-08,0.9999999999996618
150,65000000,150.065,indoor_world,differential_drive_robot,-3.5741685225951495e-06,-2.993451338640735e-08,-4.433823484413102e-07,-4.104671596714432e-10,8.208607569723231e-07,-4.9890855494449206e-08,0.9999999999996618
150,85000000,150.085,indoor_world,differential_drive_robot,-3.5741685225951495e-06,-2.993451338640735e-08,-4.433823484413102e-07,-4.104671596714432e-10,8.208607569723231e-07,-4.9890855494449206e-08,0.9999999999996618
150,105000000,150.105,indoor_world,differential_drive_robot,-3.5741685225951495e-06,-2.993451338640735e-08,-4.433823484413102e-07,-4.104671596714432e-10,8.208607569723231e-07,-4.9890855494449206e-08,0.9999999999996618
150,125000000,150.125,indoor_world,differential_drive_robot,-3.5741685225951495e-06,-2.993451338640735e-08,-4.433823484413102e-07,-4.104671596714432e-10,8.208607569723231e-07,-4.9890855494449206e-08,0.9999999999996618
150,145000000,150.145,indoor_world,differential_drive_robot,-3.5741685225951495e-06,-2.993451338640735e-08,-4.433823484413102e-07,-4.104671596714432e-10,8.208607569723231e-07,-4.9890855494449206e-08,0.9999999999996618
150,165000000,150.165,indoor_world,differential_drive_robot,-3.5741685225951495e-06,-2.993451338640735e-08,-4.433823484413102e-07,-4.104671596714432e-10,8.208607569723231e-07,-4.9890855494449206e-08,0.9999999999996618
150,185000000,150.185,indoor_world,differential_drive_robot,-3.5741685225951495e-06,-2.993451338640735e-08,-4.433823484413102e-07,-4.104671596714432e-10,8.208607569723231e-07,-4.9890855494449206e-08,0.9999999999996618
150,205000000,150.205,indoor_world,differential_drive_robot,-3.5741685225951495e-06,-2.993451338640735e-08,-4.433823484413102e-07,-4.104671596714432e-10,8.208607569723231e-07,-4.9890855494449206e-08,0.9999999999996618
150,225000000,150.225,indoor_world,differential_drive_robot,-3.5741685225951495e-06,-2.993451338640735e-08,-4.433823484413102e-07,-4.104671596714432e-10,8.208607569723231e-07,-4.9890855494449206e-08,0.9999999999996618
150,245000000,150.245,indoor_world,differential_drive_robot,-3.5741685225951495e-06,-2.993451338640735e-08,-4.433823484413102e-07,-4.104671596714432e-10,8.208607569723231e-07,-4.9890855494449206e-08,0.9999999999996618
150,265000000,150.265,indoor_world,differential_drive_robot,-3.5741685225951495e-06,-2.993451338640735e-08,-4.433823484413102e-07,-4.104671596714432e-10,8.208607569723231e-07,-4.9890855494449206e-08,0.9999999999996618
150,285000000,150.285,indoor_world,differential_drive_robot,-3.5741685225951495e-06,-2.993451338640735e-08,-4.433823484413102e-07,-4.104671596714432e-10,8.208607569723231e-07,-4.9890855494449206e-08,0.9999999999996618
150,305000000,150.305,indoor_world,differential_drive_robot,-3.5741685225951495e-06,-2.993451338640735e-08,-4.433823484413102e-07,-4.104671596714432e-10,8.208607569723231e-07,-4.9890855494449206e-08,0.9999999999996618
150,325000000,150.325,indoor_world,differential_drive_robot,-3.5741685225951495e-06,-2.993451338640735e-08,-4.433823484413102e-07,-4.104671596714432e-10,8.208607569723231e-07,-4.9890855494449206e-08,0.9999999999996618
150,345000000,150.345,indoor_world,differential_drive_robot,-3.5741685225951495e-06,-2.993451338640735e-08,-4.433823484413102e-07,-4.104671596714432e-10,8.208607569723231e-07,-4.9890855494449206e-08,0.9999999999996618
150,365000000,150.365,indoor_world,differential_drive_robot,-3.5741685225951495e-06,-2.993451338640735e-08,-4.433823484413102e-07,-4.104671596714432e-10,8.208607569723231e-07,-4.9890855494449206e-08,0.9999999999996618
150,385000000,150.385,indoor_world,differential_drive_robot,-3.5741685225951495e-06,-2.993451338640735e-08,-4.433823484413102e-07,-4.104671596714432e-10,8.208607569723231e-07,-4.9890855494449206e-08,0.9999999999996618
150,405000000,150.405,indoor_world,differential_drive_robot,-3.5741685225951495e-06,-2.993451338640735e-08,-4.433823484413102e-07,-4.104671596714432e-10,8.208607569723231e-07,-4.9890855494449206e-08,0.9999999999996618
150,425000000,150.425,indoor_world,differential_drive_robot,-3.5741685225951495e-06,-2.993451338640735e-08,-4.433823484413102e-07,-4.104671596714432e-10,8.208607569723231e-07,-4.9890855494449206e-08,0.9999999999996618
150,445000000,150.445,indoor_world,differential_drive_robot,-3.5741685225951495e-06,-2.993451338640735e-08,-4.433823484413102e-07,-4.104671596714432e-10,8.208607569723231e-07,-4.9890855494449206e-08,0.9999999999996618
150,465000000,150.465,indoor_world,differential_drive_robot,-3.5741685225951495e-06,-2.993451338640735e-08,-4.433823484413102e-07,-4.104671596714432e-10,8.208607569723231e-07,-4.9890855494449206e-08,0.9999999999996618
150,485000000,150.485,indoor_world,differential_drive_robot,-3.5741685225951495e-06,-2.993451338640735e-08,-4.433823484413102e-07,-4.104671596714432e-10,8.208607569723231e-07,-4.9890855494449206e-08,0.9999999999996618
150,505000000,150.505,indoor_world,differential_drive_robot,-3.5741685225951495e-06,-2.993451338640735e-08,-4.433823484413102e-07,-4.104671596714432e-10,8.208607569723231e-07,-4.9890855494449206e-08,0.9999999999996618
150,525000000,150.525,indoor_world,differential_drive_robot,-3.5741685225951495e-06,-2.993451338640735e-08,-4.433823484413102e-07,-4.104671596714432e-10,8.208607569723231e-07,-4.9890855494449206e-08,0.9999999999996618
150,545000000,150.545,indoor_world,differential_drive_robot,-3.5741685225951495e-06,-2.993451338640735e-08,-4.433823484413102e-07,-4.104671596714432e-10,8.208607569723231e-07,-4.9890855494449206e-08,0.9999999999996618
150,565000000,150.565,indoor_world,differential_drive_robot,-3.5741685225951495e-06,-2.993451338640735e-08,-4.433823484413102e-07,-4.104671596714432e-10,8.208607569723231e-07,-4.9890855494449206e-08,0.9999999999996618
150,585000000,150.585,indoor_world,differential_drive_robot,-3.5741685225951495e-06,-2.993451338640735e-08,-4.433823484413102e-07,-4.104671596714432e-10,8.208607569723231e-07,-4.9890855494449206e-08,0.9999999999996618
150,605000000,150.605,indoor_world,differential_drive_robot,-3.5741685225951495e-06,-2.993451338640735e-08,-4.433823484413102e-07,-4.104671596714432e-10,8.208607569723231e-07,-4.9890855494449206e-08,0.9999999999996618
150,625000000,150.625,indoor_world,differential_drive_robot,-3.5741685225951495e-06,-2.993451338640735e-08,-4.433823484413102e-07,-4.104671596714432e-10,8.208607569723231e-07,-4.9890855494449206e-08,0.9999999999996618
150,645000000,150.645,indoor_world,differential_drive_robot,-3.5741685225951495e-06,-2.993451338640735e-08,-4.433823484413102e-07,-4.104671596714432e-10,8.208607569723231e-07,-4.9890855494449206e-08,0.9999999999996618
150,665000000,150.665,indoor_world,differential_drive_robot,-3.5741685225951495e-06,-2.993451338640735e-08,-4.433823484413102e-07,-4.104671596714432e-10,8.208607569723231e-07,-4.9890855494449206e-08,0.9999999999996618
150,685000000,150.685,indoor_world,differential_drive_robot,-3.5741685225951495e-06,-2.993451338640735e-08,-4.433823484413102e-07,-4.104671596714432e-10,8.208607569723231e-07,-4.9890855494449206e-08,0.9999999999996618
150,705000000,150.705,indoor_world,differential_drive_robot,-3.5741685225951495e-06,-2.993451338640735e-08,-4.433823484413102e-07,-4.104671596714432e-10,8.208607569723231e-07,-4.9890855494449206e-08,0.9999999999996618
150,725000000,150.725,indoor_world,differential_drive_robot,-3.5741685225951495e-06,-2.993451338640735e-08,-4.433823484413102e-07,-4.104671596714432e-10,8.208607569723231e-07,-4.9890855494449206e-08,0.9999999999996618
150,745000000,150.745,indoor_world,differential_drive_robot,-3.5741685225951495e-06,-2.993451338640735e-08,-4.433823484413102e-07,-4.104671596714432e-10,8.208607569723231e-07,-4.9890855494449206e-08,0.9999999999996618
150,765000000,150.765,indoor_world,differential_drive_robot,-3.5741685225951495e-06,-2.993451338640735e-08,-4.433823484413102e-07,-4.104671596714432e-10,8.208607569723231e-07,-4.9890855494449206e-08,0.9999999999996618
150,785000000,150.785,indoor_world,differential_drive_robot,-3.5741685225951495e-06,-2.993451338640735e-08,-4.433823484413102e-07,-4.104671596714432e-10,8.208607569723231e-07,-4.9890855494449206e-08,0.9999999999996618
150,805000000,150.805,indoor_world,differential_drive_robot,-3.5741685225951495e-06,-2.993451338640735e-08,-4.433823484413102e-07,-4.104671596714432e-10,8.208607569723231e-07,-4.9890855494449206e-08,0.9999999999996618
150,825000000,150.825,indoor_world,differential_drive_robot,-3.5741685225951495e-06,-2.993451338640735e-08,-4.433823484413102e-07,-4.104671596714432e-10,8.208607569723231e-07,-4.9890855494449206e-08,0.9999999999996618
150,845000000,150.845,indoor_world,differential_drive_robot,-3.5741685225951495e-06,-2.993451338640735e-08,-4.433823484413102e-07,-4.104671596714432e-10,8.208607569723231e-07,-4.9890855494449206e-08,0.9999999999996618
150,865000000,150.865,indoor_world,differential_drive_robot,-3.5741685225951495e-06,-2.993451338640735e-08,-4.433823484413102e-07,-4.104671596714432e-10,8.208607569723231e-07,-4.9890855494449206e-08,0.9999999999996618
150,885000000,150.885,indoor_world,differential_drive_robot,-3.5741685225951495e-06,-2.993451338640735e-08,-4.433823484413102e-07,-4.104671596714432e-10,8.208607569723231e-07,-4.9890855494449206e-08,0.9999999999996618
150,905000000,150.905,indoor_world,differential_drive_robot,-3.5741685225951495e-06,-2.993451338640735e-08,-4.433823484413102e-07,-4.104671596714432e-10,8.208607569723231e-07,-4.9890855494449206e-08,0.9999999999996618
150,925000000,150.925,indoor_world,differential_drive_robot,-3.5741685225951495e-06,-2.993451338640735e-08,-4.433823484413102e-07,-4.104671596714432e-10,8.208607569723231e-07,-4.9890855494449206e-08,0.9999999999996618
150,945000000,150.945,indoor_world,differential_drive_robot,-3.5741685225951495e-06,-2.993451338640735e-08,-4.433823484413102e-07,-4.104671596714432e-10,8.208607569723231e-07,-4.9890855494449206e-08,0.9999999999996618
150,965000000,150.965,indoor_world,differential_drive_robot,-3.5741685225951495e-06,-2.993451338640735e-08,-4.433823484413102e-07,-4.104671596714432e-10,8.208607569723231e-07,-4.9890855494449206e-08,0.9999999999996618
150,985000000,150.985,indoor_world,differential_drive_robot,-3.5741685225951495e-06,-2.993451338640735e-08,-4.433823484413102e-07,-4.104671596714432e-10,8.208607569723231e-07,-4.9890855494449206e-08,0.9999999999996618
151,5000000,151.005,indoor_world,differential_drive_robot,-3.5741685225951495e-06,-2.993451338640735e-08,-4.433823484413102e-07,-4.104671596714432e-10,8.208607569723231e-07,-4.9890855494449206e-08,0.9999999999996618
151,25000000,151.025,indoor_world,differential_drive_robot,-3.5741685225951495e-06,-2.993451338640735e-08,-4.433823484413102e-07,-4.104671596714432e-10,8.208607569723231e-07,-4.9890855494449206e-08,0.9999999999996618
151,45000000,151.045,indoor_world,differential_drive_robot,-3.5741685225951495e-06,-2.993451338640735e-08,-4.433823484413102e-07,-4.104671596714432e-10,8.208607569723231e-07,-4.9890855494449206e-08,0.9999999999996618
151,65000000,151.065,indoor_world,differential_drive_robot,-3.5741685225951495e-06,-2.993451338640735e-08,-4.433823484413102e-07,-4.104671596714432e-10,8.208607569723231e-07,-4.9890855494449206e-08,0.9999999999996618
151,85000000,151.085,indoor_world,differential_drive_robot,-3.5741685225951495e-06,-2.993451338640735e-08,-4.433823484413102e-07,-4.104671596714432e-10,8.208607569723231e-07,-4.9890855494449206e-08,0.9999999999996618
151,105000000,151.105,indoor_world,differential_drive_robot,-3.5741685225951495e-06,-2.993451338640735e-08,-4.433823484413102e-07,-4.104671596714432e-10,8.208607569723231e-07,-4.9890855494449206e-08,0.9999999999996618
151,125000000,151.125,indoor_world,differential_drive_robot,-3.5741685225951495e-06,-2.993451338640735e-08,-4.433823484413102e-07,-4.104671596714432e-10,8.208607569723231e-07,-4.9890855494449206e-08,0.9999999999996618
151,145000000,151.145,indoor_world,differential_drive_robot,-3.5741685225951495e-06,-2.993451338640735e-08,-4.433823484413102e-07,-4.104671596714432e-10,8.208607569723231e-07,-4.9890855494449206e-08,0.9999999999996618
151,165000000,151.165,indoor_world,differential_drive_robot,-3.5741685225951495e-06,-2.993451338640735e-08,-4.433823484413102e-07,-4.104671596714432e-10,8.208607569723231e-07,-4.9890855494449206e-08,0.9999999999996618
151,185000000,151.185,indoor_world,differential_drive_robot,-3.5741685225951495e-06,-2.993451338640735e-08,-4.433823484413102e-07,-4.104671596714432e-10,8.208607569723231e-07,-4.9890855494449206e-08,0.9999999999996618
151,205000000,151.205,indoor_world,differential_drive_robot,-3.5741685225951495e-06,-2.993451338640735e-08,-4.433823484413102e-07,-4.104671596714432e-10,8.208607569723231e-07,-4.9890855494449206e-08,0.9999999999996618
151,225000000,151.225,indoor_world,differential_drive_robot,-3.5741685225951495e-06,-2.993451338640735e-08,-4.433823484413102e-07,-4.104671596714432e-10,8.208607569723231e-07,-4.9890855494449206e-08,0.9999999999996618
151,245000000,151.245,indoor_world,differential_drive_robot,-3.5741685225951495e-06,-2.993451338640735e-08,-4.433823484413102e-07,-4.104671596714432e-10,8.208607569723231e-07,-4.9890855494449206e-08,0.9999999999996618
151,265000000,151.265,indoor_world,differential_drive_robot,-3.5741685225951495e-06,-2.993451338640735e-08,-4.433823484413102e-07,-4.104671596714432e-10,8.208607569723231e-07,-4.9890855494449206e-08,0.9999999999996618
151,285000000,151.285,indoor_world,differential_drive_robot,-3.5741685225951495e-06,-2.993451338640735e-08,-4.433823484413102e-07,-4.104671596714432e-10,8.208607569723231e-07,-4.9890855494449206e-08,0.9999999999996618
151,305000000,151.305,indoor_world,differential_drive_robot,-3.5741685225951495e-06,-2.993451338640735e-08,-4.433823484413102e-07,-4.104671596714432e-10,8.208607569723231e-07,-4.9890855494449206e-08,0.9999999999996618
151,325000000,151.325,indoor_world,differential_drive_robot,-3.5741685225951495e-06,-2.993451338640735e-08,-4.433823484413102e-07,-4.104671596714432e-10,8.208607569723231e-07,-4.9890855494449206e-08,0.9999999999996618
151,345000000,151.345,indoor_world,differential_drive_robot,-3.5741685225951495e-06,-2.993451338640735e-08,-4.433823484413102e-07,-4.104671596714432e-10,8.208607569723231e-07,-4.9890855494449206e-08,0.9999999999996618
151,365000000,151.365,indoor_world,differential_drive_robot,-3.5741685225951495e-06,-2.993451338640735e-08,-4.433823484413102e-07,-4.104671596714432e-10,8.208607569723231e-07,-4.9890855494449206e-08,0.9999999999996618
151,385000000,151.385,indoor_world,differential_drive_robot,-3.5741685225951495e-06,-2.993451338640735e-08,-4.433823484413102e-07,-4.104671596714432e-10,8.208607569723231e-07,-4.9890855494449206e-08,0.9999999999996618
151,405000000,151.405,indoor_world,differential_drive_robot,-3.5741685225951495e-06,-2.993451338640735e-08,-4.433823484413102e-07,-4.104671596714432e-10,8.208607569723231e-07,-4.9890855494449206e-08,0.9999999999996618
151,425000000,151.425,indoor_world,differential_drive_robot,-3.5741685225951495e-06,-2.993451338640735e-08,-4.433823484413102e-07,-4.104671596714432e-10,8.208607569723231e-07,-4.9890855494449206e-08,0.9999999999996618
151,445000000,151.445,indoor_world,differential_drive_robot,-3.5741685225951495e-06,-2.993451338640735e-08,-4.433823484413102e-07,-4.104671596714432e-10,8.208607569723231e-07,-4.9890855494449206e-08,0.9999999999996618
151,465000000,151.465,indoor_world,differential_drive_robot,-3.5741685225951495e-06,-2.993451338640735e-08,-4.433823484413102e-07,-4.104671596714432e-10,8.208607569723231e-07,-4.9890855494449206e-08,0.9999999999996618
151,485000000,151.485,indoor_world,differential_drive_robot,-3.5741685225951495e-06,-2.993451338640735e-08,-4.433823484413102e-07,-4.104671596714432e-10,8.208607569723231e-07,-4.9890855494449206e-08,0.9999999999996618
151,505000000,151.505,indoor_world,differential_drive_robot,-3.5741685225951495e-06,-2.993451338640735e-08,-4.433823484413102e-07,-4.104671596714432e-10,8.208607569723231e-07,-4.9890855494449206e-08,0.9999999999996618
151,525000000,151.525,indoor_world,differential_drive_robot,-3.5741685225951495e-06,-2.993451338640735e-08,-4.433823484413102e-07,-4.104671596714432e-10,8.208607569723231e-07,-4.9890855494449206e-08,0.9999999999996618
151,545000000,151.545,indoor_world,differential_drive_robot,-3.5741685225951495e-06,-2.993451338640735e-08,-4.433823484413102e-07,-4.104671596714432e-10,8.208607569723231e-07,-4.9890855494449206e-08,0.9999999999996618
151,565000000,151.565,indoor_world,differential_drive_robot,-3.5741685225951495e-06,-2.993451338640735e-08,-4.433823484413102e-07,-4.104671596714432e-10,8.208607569723231e-07,-4.9890855494449206e-08,0.9999999999996618
151,585000000,151.585,indoor_world,differential_drive_robot,-3.5741685225951495e-06,-2.993451338640735e-08,-4.433823484413102e-07,-4.104671596714432e-10,8.208607569723231e-07,-4.9890855494449206e-08,0.9999999999996618
151,605000000,151.605,indoor_world,differential_drive_robot,-3.5741685225951495e-06,-2.993451338640735e-08,-4.433823484413102e-07,-4.104671596714432e-10,8.208607569723231e-07,-4.9890855494449206e-08,0.9999999999996618
151,625000000,151.625,indoor_world,differential_drive_robot,-3.5741685225951495e-06,-2.993451338640735e-08,-4.433823484413102e-07,-4.104671596714432e-10,8.208607569723231e-07,-4.9890855494449206e-08,0.9999999999996618
151,645000000,151.645,indoor_world,differential_drive_robot,-3.5741685225951495e-06,-2.993451338640735e-08,-4.433823484413102e-07,-4.104671596714432e-10,8.208607569723231e-07,-4.9890855494449206e-08,0.9999999999996618
151,665000000,151.665,indoor_world,differential_drive_robot,-3.5741685225951495e-06,-2.993451338640735e-08,-4.433823484413102e-07,-4.104671596714432e-10,8.208607569723231e-07,-4.9890855494449206e-08,0.9999999999996618
151,685000000,151.685,indoor_world,differential_drive_robot,-3.5741685225951495e-06,-2.993451338640735e-08,-4.433823484413102e-07,-4.104671596714432e-10,8.208607569723231e-07,-4.9890855494449206e-08,0.9999999999996618
151,705000000,151.705,indoor_world,differential_drive_robot,-3.5741685225951495e-06,-2.993451338640735e-08,-4.433823484413102e-07,-4.104671596714432e-10,8.208607569723231e-07,-4.9890855494449206e-08,0.9999999999996618
151,725000000,151.725,indoor_world,differential_drive_robot,-3.5741685225951495e-06,-2.993451338640735e-08,-4.433823484413102e-07,-4.104671596714432e-10,8.208607569723231e-07,-4.9890855494449206e-08,0.9999999999996618
151,745000000,151.745,indoor_world,differential_drive_robot,-3.5741685225951495e-06,-2.993451338640735e-08,-4.433823484413102e-07,-4.104671596714432e-10,8.208607569723231e-07,-4.9890855494449206e-08,0.9999999999996618
151,765000000,151.765,indoor_world,differential_drive_robot,-3.5741685225951495e-06,-2.993451338640735e-08,-4.433823484413102e-07,-4.104671596714432e-10,8.208607569723231e-07,-4.9890855494449206e-08,0.9999999999996618
151,785000000,151.785,indoor_world,differential_drive_robot,-3.5741685225951495e-06,-2.993451338640735e-08,-4.433823484413102e-07,-4.104671596714432e-10,8.208607569723231e-07,-4.9890855494449206e-08,0.9999999999996618
151,805000000,151.805,indoor_world,differential_drive_robot,-3.5741685225951495e-06,-2.993451338640735e-08,-4.433823484413102e-07,-4.104671596714432e-10,8.208607569723231e-07,-4.9890855494449206e-08,0.9999999999996618
151,825000000,151.825,indoor_world,differential_drive_robot,-3.5741685225951495e-06,-2.993451338640735e-08,-4.433823484413102e-07,-4.104671596714432e-10,8.208607569723231e-07,-4.9890855494449206e-08,0.9999999999996618
151,845000000,151.845,indoor_world,differential_drive_robot,-3.5741685225951495e-06,-2.993451338640735e-08,-4.433823484413102e-07,-4.104671596714432e-10,8.208607569723231e-07,-4.9890855494449206e-08,0.9999999999996618
151,865000000,151.865,indoor_world,differential_drive_robot,-3.5741685225951495e-06,-2.993451338640735e-08,-4.433823484413102e-07,-4.104671596714432e-10,8.208607569723231e-07,-4.9890855494449206e-08,0.9999999999996618
151,885000000,151.885,indoor_world,differential_drive_robot,-3.5741685225951495e-06,-2.993451338640735e-08,-4.433823484413102e-07,-4.104671596714432e-10,8.208607569723231e-07,-4.9890855494449206e-08,0.9999999999996618
151,905000000,151.905,indoor_world,differential_drive_robot,-3.5741685225951495e-06,-2.993451338640735e-08,-4.433823484413102e-07,-4.104671596714432e-10,8.208607569723231e-07,-4.9890855494449206e-08,0.9999999999996618
151,925000000,151.925,indoor_world,differential_drive_robot,-3.5741685225951495e-06,-2.993451338640735e-08,-4.433823484413102e-07,-4.104671596714432e-10,8.208607569723231e-07,-4.9890855494449206e-08,0.9999999999996618
151,945000000,151.945,indoor_world,differential_drive_robot,-3.5741685225951495e-06,-2.993451338640735e-08,-4.433823484413102e-07,-4.104671596714432e-10,8.208607569723231e-07,-4.9890855494449206e-08,0.9999999999996618
151,965000000,151.965,indoor_world,differential_drive_robot,-3.5741685225951495e-06,-2.993451338640735e-08,-4.433823484413102e-07,-4.104671596714432e-10,8.208607569723231e-07,-4.9890855494449206e-08,0.9999999999996618
151,985000000,151.985,indoor_world,differential_drive_robot,-3.5741685225951495e-06,-2.993451338640735e-08,-4.433823484413102e-07,-4.104671596714432e-10,8.208607569723231e-07,-4.9890855494449206e-08,0.9999999999996618
152,5000000,152.005,indoor_world,differential_drive_robot,-3.5741685225951495e-06,-2.993451338640735e-08,-4.433823484413102e-07,-4.104671596714432e-10,8.208607569723231e-07,-4.9890855494449206e-08,0.9999999999996618
152,25000000,152.025,indoor_world,differential_drive_robot,-3.5741685225951495e-06,-2.993451338640735e-08,-4.433823484413102e-07,-4.104671596714432e-10,8.208607569723231e-07,-4.9890855494449206e-08,0.9999999999996618
152,45000000,152.045,indoor_world,differential_drive_robot,-3.5741685225951495e-06,-2.993451338640735e-08,-4.433823484413102e-07,-4.104671596714432e-10,8.208607569723231e-07,-4.9890855494449206e-08,0.9999999999996618
152,65000000,152.065,indoor_world,differential_drive_robot,-3.5741685225951495e-06,-2.993451338640735e-08,-4.433823484413102e-07,-4.104671596714432e-10,8.208607569723231e-07,-4.9890855494449206e-08,0.9999999999996618
152,85000000,152.085,indoor_world,differential_drive_robot,-3.5741685225951495e-06,-2.993451338640735e-08,-4.433823484413102e-07,-4.104671596714432e-10,8.208607569723231e-07,-4.9890855494449206e-08,0.9999999999996618
152,105000000,152.105,indoor_world,differential_drive_robot,-3.5741685225951495e-06,-2.993451338640735e-08,-4.433823484413102e-07,-4.104671596714432e-10,8.208607569723231e-07,-4.9890855494449206e-08,0.9999999999996618
152,125000000,152.125,indoor_world,differential_drive_robot,-3.5741685225951495e-06,-2.993451338640735e-08,-4.433823484413102e-07,-4.104671596714432e-10,8.208607569723231e-07,-4.9890855494449206e-08,0.9999999999996618
152,145000000,152.145,indoor_world,differential_drive_robot,-3.5741685225951495e-06,-2.993451338640735e-08,-4.433823484413102e-07,-4.104671596714432e-10,8.208607569723231e-07,-4.9890855494449206e-08,0.9999999999996618
152,165000000,152.165,indoor_world,differential_drive_robot,-3.5741685225951495e-06,-2.993451338640735e-08,-4.433823484413102e-07,-4.104671596714432e-10,8.208607569723231e-07,-4.9890855494449206e-08,0.9999999999996618
152,185000000,152.185,indoor_world,differential_drive_robot,-3.5741685225951495e-06,-2.993451338640735e-08,-4.433823484413102e-07,-4.104671596714432e-10,8.208607569723231e-07,-4.9890855494449206e-08,0.9999999999996618
152,205000000,152.205,indoor_world,differential_drive_robot,-3.5741685225951495e-06,-2.993451338640735e-08,-4.433823484413102e-07,-4.104671596714432e-10,8.208607569723231e-07,-4.9890855494449206e-08,0.9999999999996618
152,225000000,152.225,indoor_world,differential_drive_robot,-3.5741685225951495e-06,-2.993451338640735e-08,-4.433823484413102e-07,-4.104671596714432e-10,8.208607569723231e-07,-4.9890855494449206e-08,0.9999999999996618
152,245000000,152.245,indoor_world,differential_drive_robot,-3.5741685225951495e-06,-2.993451338640735e-08,-4.433823484413102e-07,-4.104671596714432e-10,8.208607569723231e-07,-4.9890855494449206e-08,0.9999999999996618
152,265000000,152.265,indoor_world,differential_drive_robot,-3.5741685225951495e-06,-2.993451338640735e-08,-4.433823484413102e-07,-4.104671596714432e-10,8.208607569723231e-07,-4.9890855494449206e-08,0.9999999999996618
152,285000000,152.285,indoor_world,differential_drive_robot,-3.5741685225951495e-06,-2.993451338640735e-08,-4.433823484413102e-07,-4.104671596714432e-10,8.208607569723231e-07,-4.9890855494449206e-08,0.9999999999996618
152,305000000,152.305,indoor_world,differential_drive_robot,-3.5741685225951495e-06,-2.993451338640735e-08,-4.433823484413102e-07,-4.104671596714432e-10,8.208607569723231e-07,-4.9890855494449206e-08,0.9999999999996618
152,325000000,152.325,indoor_world,differential_drive_robot,-3.5741685225951495e-06,-2.993451338640735e-08,-4.433823484413102e-07,-4.104671596714432e-10,8.208607569723231e-07,-4.9890855494449206e-08,0.9999999999996618
152,345000000,152.345,indoor_world,differential_drive_robot,-3.5741685225951495e-06,-2.993451338640735e-08,-4.433823484413102e-07,-4.104671596714432e-10,8.208607569723231e-07,-4.9890855494449206e-08,0.9999999999996618
152,365000000,152.365,indoor_world,differential_drive_robot,-3.5741685225951495e-06,-2.993451338640735e-08,-4.433823484413102e-07,-4.104671596714432e-10,8.208607569723231e-07,-4.9890855494449206e-08,0.9999999999996618
152,385000000,152.385,indoor_world,differential_drive_robot,-3.5741685225951495e-06,-2.993451338640735e-08,-4.433823484413102e-07,-4.104671596714432e-10,8.208607569723231e-07,-4.9890855494449206e-08,0.9999999999996618
152,405000000,152.405,indoor_world,differential_drive_robot,-3.5741685225951495e-06,-2.993451338640735e-08,-4.433823484413102e-07,-4.104671596714432e-10,8.208607569723231e-07,-4.9890855494449206e-08,0.9999999999996618
152,425000000,152.425,indoor_world,differential_drive_robot,-3.5741685225951495e-06,-2.993451338640735e-08,-4.433823484413102e-07,-4.104671596714432e-10,8.208607569723231e-07,-4.9890855494449206e-08,0.9999999999996618
152,445000000,152.445,indoor_world,differential_drive_robot,-3.5741685225951495e-06,-2.993451338640735e-08,-4.433823484413102e-07,-4.104671596714432e-10,8.208607569723231e-07,-4.9890855494449206e-08,0.9999999999996618
152,465000000,152.465,indoor_world,differential_drive_robot,-3.5741685225951495e-06,-2.993451338640735e-08,-4.433823484413102e-07,-4.104671596714432e-10,8.208607569723231e-07,-4.9890855494449206e-08,0.9999999999996618
152,485000000,152.485,indoor_world,differential_drive_robot,-3.5741685225951495e-06,-2.993451338640735e-08,-4.433823484413102e-07,-4.104671596714432e-10,8.208607569723231e-07,-4.9890855494449206e-08,0.9999999999996618
152,505000000,152.505,indoor_world,differential_drive_robot,-3.5741685225951495e-06,-2.993451338640735e-08,-4.433823484413102e-07,-4.104671596714432e-10,8.208607569723231e-07,-4.9890855494449206e-08,0.9999999999996618
152,525000000,152.525,indoor_world,differential_drive_robot,-3.5741685225951495e-06,-2.993451338640735e-08,-4.433823484413102e-07,-4.104671596714432e-10,8.208607569723231e-07,-4.9890855494449206e-08,0.9999999999996618
152,545000000,152.545,indoor_world,differential_drive_robot,-3.5741685225951495e-06,-2.993451338640735e-08,-4.433823484413102e-07,-4.104671596714432e-10,8.208607569723231e-07,-4.9890855494449206e-08,0.9999999999996618
152,565000000,152.565,indoor_world,differential_drive_robot,-3.5741685225951495e-06,-2.993451338640735e-08,-4.433823484413102e-07,-4.104671596714432e-10,8.208607569723231e-07,-4.9890855494449206e-08,0.9999999999996618
152,585000000,152.585,indoor_world,differential_drive_robot,-3.5741685225951495e-06,-2.993451338640735e-08,-4.433823484413102e-07,-4.104671596714432e-10,8.208607569723231e-07,-4.9890855494449206e-08,0.9999999999996618
152,605000000,152.605,indoor_world,differential_drive_robot,-3.5741685225951495e-06,-2.993451338640735e-08,-4.433823484413102e-07,-4.104671596714432e-10,8.208607569723231e-07,-4.9890855494449206e-08,0.9999999999996618
152,625000000,152.625,indoor_world,differential_drive_robot,-3.5741685225951495e-06,-2.993451338640735e-08,-4.433823484413102e-07,-4.104671596714432e-10,8.208607569723231e-07,-4.9890855494449206e-08,0.9999999999996618
152,645000000,152.645,indoor_world,differential_drive_robot,-3.5741685225951495e-06,-2.993451338640735e-08,-4.433823484413102e-07,-4.104671596714432e-10,8.208607569723231e-07,-4.9890855494449206e-08,0.9999999999996618
152,665000000,152.665,indoor_world,differential_drive_robot,-3.5741685225951495e-06,-2.993451338640735e-08,-4.433823484413102e-07,-4.104671596714432e-10,8.208607569723231e-07,-4.9890855494449206e-08,0.9999999999996618
152,685000000,152.685,indoor_world,differential_drive_robot,-3.5741685225951495e-06,-2.993451338640735e-08,-4.433823484413102e-07,-4.104671596714432e-10,8.208607569723231e-07,-4.9890855494449206e-08,0.9999999999996618
152,705000000,152.705,indoor_world,differential_drive_robot,-3.5741685225951495e-06,-2.993451338640735e-08,-4.433823484413102e-07,-4.104671596714432e-10,8.208607569723231e-07,-4.9890855494449206e-08,0.9999999999996618
152,725000000,152.725,indoor_world,differential_drive_robot,-3.5741685225951495e-06,-2.993451338640735e-08,-4.433823484413102e-07,-4.104671596714432e-10,8.208607569723231e-07,-4.9890855494449206e-08,0.9999999999996618
152,745000000,152.745,indoor_world,differential_drive_robot,-3.5741685225951495e-06,-2.993451338640735e-08,-4.433823484413102e-07,-4.104671596714432e-10,8.208607569723231e-07,-4.9890855494449206e-08,0.9999999999996618
152,765000000,152.765,indoor_world,differential_drive_robot,-3.5741685225951495e-06,-2.993451338640735e-08,-4.433823484413102e-07,-4.104671596714432e-10,8.208607569723231e-07,-4.9890855494449206e-08,0.9999999999996618
152,785000000,152.785,indoor_world,differential_drive_robot,-3.5741685225951495e-06,-2.993451338640735e-08,-4.433823484413102e-07,-4.104671596714432e-10,8.208607569723231e-07,-4.9890855494449206e-08,0.9999999999996618
152,805000000,152.805,indoor_world,differential_drive_robot,-3.5741685225951495e-06,-2.993451338640735e-08,-4.433823484413102e-07,-4.104671596714432e-10,8.208607569723231e-07,-4.9890855494449206e-08,0.9999999999996618
152,825000000,152.825,indoor_world,differential_drive_robot,-3.5741685225951495e-06,-2.993451338640735e-08,-4.433823484413102e-07,-4.104671596714432e-10,8.208607569723231e-07,-4.9890855494449206e-08,0.9999999999996618
152,845000000,152.845,indoor_world,differential_drive_robot,-3.5741685225951495e-06,-2.993451338640735e-08,-4.433823484413102e-07,-4.104671596714432e-10,8.208607569723231e-07,-4.9890855494449206e-08,0.9999999999996618
152,865000000,152.865,indoor_world,differential_drive_robot,-3.5741685225951495e-06,-2.993451338640735e-08,-4.433823484413102e-07,-4.104671596714432e-10,8.208607569723231e-07,-4.9890855494449206e-08,0.9999999999996618
152,885000000,152.885,indoor_world,differential_drive_robot,-3.5741685225951495e-06,-2.993451338640735e-08,-4.433823484413102e-07,-4.104671596714432e-10,8.208607569723231e-07,-4.9890855494449206e-08,0.9999999999996618
152,905000000,152.905,indoor_world,differential_drive_robot,-3.5741685225951495e-06,-2.993451338640735e-08,-4.433823484413102e-07,-4.104671596714432e-10,8.208607569723231e-07,-4.9890855494449206e-08,0.9999999999996618
152,925000000,152.925,indoor_world,differential_drive_robot,-3.5741685225951495e-06,-2.993451338640735e-08,-4.433823484413102e-07,-4.104671596714432e-10,8.208607569723231e-07,-4.9890855494449206e-08,0.9999999999996618
152,945000000,152.945,indoor_world,differential_drive_robot,-3.5741685225951495e-06,-2.993451338640735e-08,-4.433823484413102e-07,-4.104671596714432e-10,8.208607569723231e-07,-4.9890855494449206e-08,0.9999999999996618
152,965000000,152.965,indoor_world,differential_drive_robot,-3.5741685225951495e-06,-2.993451338640735e-08,-4.433823484413102e-07,-4.104671596714432e-10,8.208607569723231e-07,-4.9890855494449206e-08,0.9999999999996618
152,985000000,152.985,indoor_world,differential_drive_robot,-3.5741685225951495e-06,-2.993451338640735e-08,-4.433823484413102e-07,-4.104671596714432e-10,8.208607569723231e-07,-4.9890855494449206e-08,0.9999999999996618
153,5000000,153.005,indoor_world,differential_drive_robot,-3.5741685225951495e-06,-2.993451338640735e-08,-4.433823484413102e-07,-4.104671596714432e-10,8.208607569723231e-07,-4.9890855494449206e-08,0.9999999999996618
153,25000000,153.025,indoor_world,differential_drive_robot,-3.5741685225951495e-06,-2.993451338640735e-08,-4.433823484413102e-07,-4.104671596714432e-10,8.208607569723231e-07,-4.9890855494449206e-08,0.9999999999996618
153,45000000,153.045,indoor_world,differential_drive_robot,-3.5741685225951495e-06,-2.993451338640735e-08,-4.433823484413102e-07,-4.104671596714432e-10,8.208607569723231e-07,-4.9890855494449206e-08,0.9999999999996618
153,65000000,153.065,indoor_world,differential_drive_robot,-3.5741685225951495e-06,-2.993451338640735e-08,-4.433823484413102e-07,-4.104671596714432e-10,8.208607569723231e-07,-4.9890855494449206e-08,0.9999999999996618
153,85000000,153.085,indoor_world,differential_drive_robot,-3.5741685225951495e-06,-2.993451338640735e-08,-4.433823484413102e-07,-4.104671596714432e-10,8.208607569723231e-07,-4.9890855494449206e-08,0.9999999999996618
153,105000000,153.105,indoor_world,differential_drive_robot,-3.5741685225951495e-06,-2.993451338640735e-08,-4.433823484413102e-07,-4.104671596714432e-10,8.208607569723231e-07,-4.9890855494449206e-08,0.9999999999996618
153,125000000,153.125,indoor_world,differential_drive_robot,-3.5741685225951495e-06,-2.993451338640735e-08,-4.433823484413102e-07,-4.104671596714432e-10,8.208607569723231e-07,-4.9890855494449206e-08,0.9999999999996618
153,145000000,153.145,indoor_world,differential_drive_robot,-3.5741685225951495e-06,-2.993451338640735e-08,-4.433823484413102e-07,-4.104671596714432e-10,8.208607569723231e-07,-4.9890855494449206e-08,0.9999999999996618
153,165000000,153.165,indoor_world,differential_drive_robot,-3.5741685225951495e-06,-2.993451338640735e-08,-4.433823484413102e-07,-4.104671596714432e-10,8.208607569723231e-07,-4.9890855494449206e-08,0.9999999999996618
153,185000000,153.185,indoor_world,differential_drive_robot,-3.5741685225951495e-06,-2.993451338640735e-08,-4.433823484413102e-07,-4.104671596714432e-10,8.208607569723231e-07,-4.9890855494449206e-08,0.9999999999996618
153,205000000,153.205,indoor_world,differential_drive_robot,-3.5741685225951495e-06,-2.993451338640735e-08,-4.433823484413102e-07,-4.104671596714432e-10,8.208607569723231e-07,-4.9890855494449206e-08,0.9999999999996618
153,225000000,153.225,indoor_world,differential_drive_robot,-3.5741685225951495e-06,-2.993451338640735e-08,-4.433823484413102e-07,-4.104671596714432e-10,8.208607569723231e-07,-4.9890855494449206e-08,0.9999999999996618
153,245000000,153.245,indoor_world,differential_drive_robot,-3.5741685225951495e-06,-2.993451338640735e-08,-4.433823484413102e-07,-4.104671596714432e-10,8.208607569723231e-07,-4.9890855494449206e-08,0.9999999999996618
153,265000000,153.265,indoor_world,differential_drive_robot,-3.5741685225951495e-06,-2.993451338640735e-08,-4.433823484413102e-07,-4.104671596714432e-10,8.208607569723231e-07,-4.9890855494449206e-08,0.9999999999996618
153,285000000,153.285,indoor_world,differential_drive_robot,-3.5741685225951495e-06,-2.993451338640735e-08,-4.433823484413102e-07,-4.104671596714432e-10,8.208607569723231e-07,-4.9890855494449206e-08,0.9999999999996618
153,305000000,153.305,indoor_world,differential_drive_robot,-3.5741685225951495e-06,-2.993451338640735e-08,-4.433823484413102e-07,-4.104671596714432e-10,8.208607569723231e-07,-4.9890855494449206e-08,0.9999999999996618
153,325000000,153.325,indoor_world,differential_drive_robot,-3.5741685225951495e-06,-2.993451338640735e-08,-4.433823484413102e-07,-4.104671596714432e-10,8.208607569723231e-07,-4.9890855494449206e-08,0.9999999999996618
153,345000000,153.345,indoor_world,differential_drive_robot,-3.5741685225951495e-06,-2.993451338640735e-08,-4.433823484413102e-07,-4.104671596714432e-10,8.208607569723231e-07,-4.9890855494449206e-08,0.9999999999996618
153,365000000,153.365,indoor_world,differential_drive_robot,-3.5741685225951495e-06,-2.993451338640735e-08,-4.433823484413102e-07,-4.104671596714432e-10,8.208607569723231e-07,-4.9890855494449206e-08,0.9999999999996618
153,385000000,153.385,indoor_world,differential_drive_robot,-3.5741685225951495e-06,-2.993451338640735e-08,-4.433823484413102e-07,-4.104671596714432e-10,8.208607569723231e-07,-4.9890855494449206e-08,0.9999999999996618
153,405000000,153.405,indoor_world,differential_drive_robot,-3.5741685225951495e-06,-2.993451338640735e-08,-4.433823484413102e-07,-4.104671596714432e-10,8.208607569723231e-07,-4.9890855494449206e-08,0.9999999999996618
153,425000000,153.425,indoor_world,differential_drive_robot,-3.5741685225951495e-06,-2.993451338640735e-08,-4.433823484413102e-07,-4.104671596714432e-10,8.208607569723231e-07,-4.9890855494449206e-08,0.9999999999996618
153,445000000,153.445,indoor_world,differential_drive_robot,-3.5741685225951495e-06,-2.993451338640735e-08,-4.433823484413102e-07,-4.104671596714432e-10,8.208607569723231e-07,-4.9890855494449206e-08,0.9999999999996618
153,465000000,153.465,indoor_world,differential_drive_robot,-3.5741685225951495e-06,-2.993451338640735e-08,-4.433823484413102e-07,-4.104671596714432e-10,8.208607569723231e-07,-4.9890855494449206e-08,0.9999999999996618
153,485000000,153.485,indoor_world,differential_drive_robot,-3.5741685225951495e-06,-2.993451338640735e-08,-4.433823484413102e-07,-4.104671596714432e-10,8.208607569723231e-07,-4.9890855494449206e-08,0.9999999999996618
153,505000000,153.505,indoor_world,differential_drive_robot,-3.5741685225951495e-06,-2.993451338640735e-08,-4.433823484413102e-07,-4.104671596714432e-10,8.208607569723231e-07,-4.9890855494449206e-08,0.9999999999996618
153,525000000,153.525,indoor_world,differential_drive_robot,-3.5741685225951495e-06,-2.993451338640735e-08,-4.433823484413102e-07,-4.104671596714432e-10,8.208607569723231e-07,-4.9890855494449206e-08,0.9999999999996618
153,545000000,153.545,indoor_world,differential_drive_robot,-3.5741685225951495e-06,-2.993451338640735e-08,-4.433823484413102e-07,-4.104671596714432e-10,8.208607569723231e-07,-4.9890855494449206e-08,0.9999999999996618
153,565000000,153.565,indoor_world,differential_drive_robot,-3.5741685225951495e-06,-2.993451338640735e-08,-4.433823484413102e-07,-4.104671596714432e-10,8.208607569723231e-07,-4.9890855494449206e-08,0.9999999999996618
153,585000000,153.585,indoor_world,differential_drive_robot,-3.5741685225951495e-06,-2.993451338640735e-08,-4.433823484413102e-07,-4.104671596714432e-10,8.208607569723231e-07,-4.9890855494449206e-08,0.9999999999996618
153,605000000,153.605,indoor_world,differential_drive_robot,-3.5741685225951495e-06,-2.993451338640735e-08,-4.433823484413102e-07,-4.104671596714432e-10,8.208607569723231e-07,-4.9890855494449206e-08,0.9999999999996618
153,625000000,153.625,indoor_world,differential_drive_robot,-3.5741685225951495e-06,-2.993451338640735e-08,-4.433823484413102e-07,-4.104671596714432e-10,8.208607569723231e-07,-4.9890855494449206e-08,0.9999999999996618
153,645000000,153.645,indoor_world,differential_drive_robot,-3.5741685225951495e-06,-2.993451338640735e-08,-4.433823484413102e-07,-4.104671596714432e-10,8.208607569723231e-07,-4.9890855494449206e-08,0.9999999999996618
153,665000000,153.665,indoor_world,differential_drive_robot,-3.5741685225951495e-06,-2.993451338640735e-08,-4.433823484413102e-07,-4.104671596714432e-10,8.208607569723231e-07,-4.9890855494449206e-08,0.9999999999996618
153,685000000,153.685,indoor_world,differential_drive_robot,-3.5741685225951495e-06,-2.993451338640735e-08,-4.433823484413102e-07,-4.104671596714432e-10,8.208607569723231e-07,-4.9890855494449206e-08,0.9999999999996618
153,705000000,153.705,indoor_world,differential_drive_robot,-3.5741685225951495e-06,-2.993451338640735e-08,-4.433823484413102e-07,-4.104671596714432e-10,8.208607569723231e-07,-4.9890855494449206e-08,0.9999999999996618
153,725000000,153.725,indoor_world,differential_drive_robot,-3.5741685225951495e-06,-2.993451338640735e-08,-4.433823484413102e-07,-4.104671596714432e-10,8.208607569723231e-07,-4.9890855494449206e-08,0.9999999999996618
153,745000000,153.745,indoor_world,differential_drive_robot,-3.5741685225951495e-06,-2.993451338640735e-08,-4.433823484413102e-07,-4.104671596714432e-10,8.208607569723231e-07,-4.9890855494449206e-08,0.9999999999996618
153,765000000,153.765,indoor_world,differential_drive_robot,-3.5741685225951495e-06,-2.993451338640735e-08,-4.433823484413102e-07,-4.104671596714432e-10,8.208607569723231e-07,-4.9890855494449206e-08,0.9999999999996618
153,785000000,153.785,indoor_world,differential_drive_robot,-3.5741685225951495e-06,-2.993451338640735e-08,-4.433823484413102e-07,-4.104671596714432e-10,8.208607569723231e-07,-4.9890855494449206e-08,0.9999999999996618
153,805000000,153.805,indoor_world,differential_drive_robot,-3.5741685225951495e-06,-2.993451338640735e-08,-4.433823484413102e-07,-4.104671596714432e-10,8.208607569723231e-07,-4.9890855494449206e-08,0.9999999999996618
153,825000000,153.825,indoor_world,differential_drive_robot,-3.5741685225951495e-06,-2.993451338640735e-08,-4.433823484413102e-07,-4.104671596714432e-10,8.208607569723231e-07,-4.9890855494449206e-08,0.9999999999996618
153,845000000,153.845,indoor_world,differential_drive_robot,-3.5741685225951495e-06,-2.993451338640735e-08,-4.433823484413102e-07,-4.104671596714432e-10,8.208607569723231e-07,-4.9890855494449206e-08,0.9999999999996618
153,865000000,153.865,indoor_world,differential_drive_robot,-3.5741685225951495e-06,-2.993451338640735e-08,-4.433823484413102e-07,-4.104671596714432e-10,8.208607569723231e-07,-4.9890855494449206e-08,0.9999999999996618
153,885000000,153.885,indoor_world,differential_drive_robot,-3.5741685225951495e-06,-2.993451338640735e-08,-4.433823484413102e-07,-4.104671596714432e-10,8.208607569723231e-07,-4.9890855494449206e-08,0.9999999999996618
153,905000000,153.905,indoor_world,differential_drive_robot,-3.5741685225951495e-06,-2.993451338640735e-08,-4.433823484413102e-07,-4.104671596714432e-10,8.208607569723231e-07,-4.9890855494449206e-08,0.9999999999996618
153,925000000,153.925,indoor_world,differential_drive_robot,-3.5741685225951495e-06,-2.993451338640735e-08,-4.433823484413102e-07,-4.104671596714432e-10,8.208607569723231e-07,-4.9890855494449206e-08,0.9999999999996618
153,945000000,153.945,indoor_world,differential_drive_robot,-3.5741685225951495e-06,-2.993451338640735e-08,-4.433823484413102e-07,-4.104671596714432e-10,8.208607569723231e-07,-4.9890855494449206e-08,0.9999999999996618
153,965000000,153.965,indoor_world,differential_drive_robot,-3.5741685225951495e-06,-2.993451338640735e-08,-4.433823484413102e-07,-4.104671596714432e-10,8.208607569723231e-07,-4.9890855494449206e-08,0.9999999999996618
153,985000000,153.985,indoor_world,differential_drive_robot,-3.5741685225951495e-06,-2.993451338640735e-08,-4.433823484413102e-07,-4.104671596714432e-10,8.208607569723231e-07,-4.9890855494449206e-08,0.9999999999996618
154,5000000,154.005,indoor_world,differential_drive_robot,-3.5741685225951495e-06,-2.993451338640735e-08,-4.433823484413102e-07,-4.104671596714432e-10,8.208607569723231e-07,-4.9890855494449206e-08,0.9999999999996618
154,25000000,154.025,indoor_world,differential_drive_robot,-3.5741685225951495e-06,-2.993451338640735e-08,-4.433823484413102e-07,-4.104671596714432e-10,8.208607569723231e-07,-4.9890855494449206e-08,0.9999999999996618
154,45000000,154.045,indoor_world,differential_drive_robot,-3.5741685225951495e-06,-2.993451338640735e-08,-4.433823484413102e-07,-4.104671596714432e-10,8.208607569723231e-07,-4.9890855494449206e-08,0.9999999999996618
154,65000000,154.065,indoor_world,differential_drive_robot,-3.5741685225951495e-06,-2.993451338640735e-08,-4.433823484413102e-07,-4.104671596714432e-10,8.208607569723231e-07,-4.9890855494449206e-08,0.9999999999996618
154,85000000,154.085,indoor_world,differential_drive_robot,-3.5741685225951495e-06,-2.993451338640735e-08,-4.433823484413102e-07,-4.104671596714432e-10,8.208607569723231e-07,-4.9890855494449206e-08,0.9999999999996618
154,105000000,154.105,indoor_world,differential_drive_robot,-3.5741685225951495e-06,-2.993451338640735e-08,-4.433823484413102e-07,-4.104671596714432e-10,8.208607569723231e-07,-4.9890855494449206e-08,0.9999999999996618
154,125000000,154.125,indoor_world,differential_drive_robot,-3.5741685225951495e-06,-2.993451338640735e-08,-4.433823484413102e-07,-4.104671596714432e-10,8.208607569723231e-07,-4.9890855494449206e-08,0.9999999999996618
154,145000000,154.145,indoor_world,differential_drive_robot,-3.5741685225951495e-06,-2.993451338640735e-08,-4.433823484413102e-07,-4.104671596714432e-10,8.208607569723231e-07,-4.9890855494449206e-08,0.9999999999996618
154,165000000,154.165,indoor_world,differential_drive_robot,-3.5741685225951495e-06,-2.993451338640735e-08,-4.433823484413102e-07,-4.104671596714432e-10,8.208607569723231e-07,-4.9890855494449206e-08,0.9999999999996618
154,185000000,154.185,indoor_world,differential_drive_robot,-3.5741685225951495e-06,-2.993451338640735e-08,-4.433823484413102e-07,-4.104671596714432e-10,8.208607569723231e-07,-4.9890855494449206e-08,0.9999999999996618
154,205000000,154.205,indoor_world,differential_drive_robot,-3.5741685225951495e-06,-2.993451338640735e-08,-4.433823484413102e-07,-4.104671596714432e-10,8.208607569723231e-07,-4.9890855494449206e-08,0.9999999999996618
154,225000000,154.225,indoor_world,differential_drive_robot,-3.5741685225951495e-06,-2.993451338640735e-08,-4.433823484413102e-07,-4.104671596714432e-10,8.208607569723231e-07,-4.9890855494449206e-08,0.9999999999996618
154,245000000,154.245,indoor_world,differential_drive_robot,-3.5741685225951495e-06,-2.993451338640735e-08,-4.433823484413102e-07,-4.104671596714432e-10,8.208607569723231e-07,-4.9890855494449206e-08,0.9999999999996618
154,265000000,154.265,indoor_world,differential_drive_robot,-3.5741685225951495e-06,-2.993451338640735e-08,-4.433823484413102e-07,-4.104671596714432e-10,8.208607569723231e-07,-4.9890855494449206e-08,0.9999999999996618
154,285000000,154.285,indoor_world,differential_drive_robot,-3.5741685225951495e-06,-2.993451338640735e-08,-4.433823484413102e-07,-4.104671596714432e-10,8.208607569723231e-07,-4.9890855494449206e-08,0.9999999999996618
154,305000000,154.305,indoor_world,differential_drive_robot,-3.5741685225951495e-06,-2.993451338640735e-08,-4.433823484413102e-07,-4.104671596714432e-10,8.208607569723231e-07,-4.9890855494449206e-08,0.9999999999996618
154,325000000,154.325,indoor_world,differential_drive_robot,-3.5741685225951495e-06,-2.993451338640735e-08,-4.433823484413102e-07,-4.104671596714432e-10,8.208607569723231e-07,-4.9890855494449206e-08,0.9999999999996618
154,345000000,154.345,indoor_world,differential_drive_robot,-3.5741685225951495e-06,-2.993451338640735e-08,-4.433823484413102e-07,-4.104671596714432e-10,8.208607569723231e-07,-4.9890855494449206e-08,0.9999999999996618
154,365000000,154.365,indoor_world,differential_drive_robot,-3.5741685225951495e-06,-2.993451338640735e-08,-4.433823484413102e-07,-4.104671596714432e-10,8.208607569723231e-07,-4.9890855494449206e-08,0.9999999999996618
154,385000000,154.385,indoor_world,differential_drive_robot,-3.5741685225951495e-06,-2.993451338640735e-08,-4.433823484413102e-07,-4.104671596714432e-10,8.208607569723231e-07,-4.9890855494449206e-08,0.9999999999996618
154,405000000,154.405,indoor_world,differential_drive_robot,-3.5741685225951495e-06,-2.993451338640735e-08,-4.433823484413102e-07,-4.104671596714432e-10,8.208607569723231e-07,-4.9890855494449206e-08,0.9999999999996618
154,425000000,154.425,indoor_world,differential_drive_robot,-3.5741685225951495e-06,-2.993451338640735e-08,-4.433823484413102e-07,-4.104671596714432e-10,8.208607569723231e-07,-4.9890855494449206e-08,0.9999999999996618
154,445000000,154.445,indoor_world,differential_drive_robot,-3.5741685225951495e-06,-2.993451338640735e-08,-4.433823484413102e-07,-4.104671596714432e-10,8.208607569723231e-07,-4.9890855494449206e-08,0.9999999999996618
154,465000000,154.465,indoor_world,differential_drive_robot,-3.5741685225951495e-06,-2.993451338640735e-08,-4.433823484413102e-07,-4.104671596714432e-10,8.208607569723231e-07,-4.9890855494449206e-08,0.9999999999996618
154,485000000,154.485,indoor_world,differential_drive_robot,-3.5741685225951495e-06,-2.993451338640735e-08,-4.433823484413102e-07,-4.104671596714432e-10,8.208607569723231e-07,-4.9890855494449206e-08,0.9999999999996618
154,505000000,154.505,indoor_world,differential_drive_robot,-3.5741685225951495e-06,-2.993451338640735e-08,-4.433823484413102e-07,-4.104671596714432e-10,8.208607569723231e-07,-4.9890855494449206e-08,0.9999999999996618
154,525000000,154.525,indoor_world,differential_drive_robot,-3.5741685225951495e-06,-2.993451338640735e-08,-4.433823484413102e-07,-4.104671596714432e-10,8.208607569723231e-07,-4.9890855494449206e-08,0.9999999999996618
154,545000000,154.545,indoor_world,differential_drive_robot,-3.5741685225951495e-06,-2.993451338640735e-08,-4.433823484413102e-07,-4.104671596714432e-10,8.208607569723231e-07,-4.9890855494449206e-08,0.9999999999996618
154,565000000,154.565,indoor_world,differential_drive_robot,-3.5741685225951495e-06,-2.993451338640735e-08,-4.433823484413102e-07,-4.104671596714432e-10,8.208607569723231e-07,-4.9890855494449206e-08,0.9999999999996618
154,585000000,154.585,indoor_world,differential_drive_robot,-3.5741685225951495e-06,-2.993451338640735e-08,-4.433823484413102e-07,-4.104671596714432e-10,8.208607569723231e-07,-4.9890855494449206e-08,0.9999999999996618
154,605000000,154.605,indoor_world,differential_drive_robot,-3.5741685225951495e-06,-2.993451338640735e-08,-4.433823484413102e-07,-4.104671596714432e-10,8.208607569723231e-07,-4.9890855494449206e-08,0.9999999999996618
154,625000000,154.625,indoor_world,differential_drive_robot,-3.5741685225951495e-06,-2.993451338640735e-08,-4.433823484413102e-07,-4.104671596714432e-10,8.208607569723231e-07,-4.9890855494449206e-08,0.9999999999996618
154,645000000,154.645,indoor_world,differential_drive_robot,-3.5741685225951495e-06,-2.993451338640735e-08,-4.433823484413102e-07,-4.104671596714432e-10,8.208607569723231e-07,-4.9890855494449206e-08,0.9999999999996618
154,665000000,154.665,indoor_world,differential_drive_robot,-3.5741685225951495e-06,-2.993451338640735e-08,-4.433823484413102e-07,-4.104671596714432e-10,8.208607569723231e-07,-4.9890855494449206e-08,0.9999999999996618
154,685000000,154.685,indoor_world,differential_drive_robot,-3.5741685225951495e-06,-2.993451338640735e-08,-4.433823484413102e-07,-4.104671596714432e-10,8.208607569723231e-07,-4.9890855494449206e-08,0.9999999999996618
154,705000000,154.705,indoor_world,differential_drive_robot,-3.5741685225951495e-06,-2.993451338640735e-08,-4.433823484413102e-07,-4.104671596714432e-10,8.208607569723231e-07,-4.9890855494449206e-08,0.9999999999996618
154,725000000,154.725,indoor_world,differential_drive_robot,-3.5741685225951495e-06,-2.993451338640735e-08,-4.433823484413102e-07,-4.104671596714432e-10,8.208607569723231e-07,-4.9890855494449206e-08,0.9999999999996618
154,745000000,154.745,indoor_world,differential_drive_robot,-3.5741685225951495e-06,-2.993451338640735e-08,-4.433823484413102e-07,-4.104671596714432e-10,8.208607569723231e-07,-4.9890855494449206e-08,0.9999999999996618
154,765000000,154.765,indoor_world,differential_drive_robot,-3.5741685225951495e-06,-2.993451338640735e-08,-4.433823484413102e-07,-4.104671596714432e-10,8.208607569723231e-07,-4.9890855494449206e-08,0.9999999999996618
154,785000000,154.785,indoor_world,differential_drive_robot,-3.5741685225951495e-06,-2.993451338640735e-08,-4.433823484413102e-07,-4.104671596714432e-10,8.208607569723231e-07,-4.9890855494449206e-08,0.9999999999996618
154,805000000,154.805,indoor_world,differential_drive_robot,-3.5741685225951495e-06,-2.993451338640735e-08,-4.433823484413102e-07,-4.104671596714432e-10,8.208607569723231e-07,-4.9890855494449206e-08,0.9999999999996618
154,825000000,154.825,indoor_world,differential_drive_robot,-3.5741685225951495e-06,-2.993451338640735e-08,-4.433823484413102e-07,-4.104671596714432e-10,8.208607569723231e-07,-4.9890855494449206e-08,0.9999999999996618
154,845000000,154.845,indoor_world,differential_drive_robot,-3.5741685225951495e-06,-2.993451338640735e-08,-4.433823484413102e-07,-4.104671596714432e-10,8.208607569723231e-07,-4.9890855494449206e-08,0.9999999999996618
154,865000000,154.865,indoor_world,differential_drive_robot,-3.5741685225951495e-06,-2.993451338640735e-08,-4.433823484413102e-07,-4.104671596714432e-10,8.208607569723231e-07,-4.9890855494449206e-08,0.9999999999996618
154,885000000,154.885,indoor_world,differential_drive_robot,-3.5741685225951495e-06,-2.993451338640735e-08,-4.433823484413102e-07,-4.104671596714432e-10,8.208607569723231e-07,-4.9890855494449206e-08,0.9999999999996618
154,905000000,154.905,indoor_world,differential_drive_robot,-3.5741685225951495e-06,-2.993451338640735e-08,-4.433823484413102e-07,-4.104671596714432e-10,8.208607569723231e-07,-4.9890855494449206e-08,0.9999999999996618
154,925000000,154.925,indoor_world,differential_drive_robot,-3.5741685225951495e-06,-2.993451338640735e-08,-4.433823484413102e-07,-4.104671596714432e-10,8.208607569723231e-07,-4.9890855494449206e-08,0.9999999999996618
154,945000000,154.945,indoor_world,differential_drive_robot,-3.5741685225951495e-06,-2.993451338640735e-08,-4.433823484413102e-07,-4.104671596714432e-10,8.208607569723231e-07,-4.9890855494449206e-08,0.9999999999996618
154,965000000,154.965,indoor_world,differential_drive_robot,-3.5741685225951495e-06,-2.993451338640735e-08,-4.433823484413102e-07,-4.104671596714432e-10,8.208607569723231e-07,-4.9890855494449206e-08,0.9999999999996618
154,985000000,154.985,indoor_world,differential_drive_robot,-3.5741685225951495e-06,-2.993451338640735e-08,-4.433823484413102e-07,-4.104671596714432e-10,8.208607569723231e-07,-4.9890855494449206e-08,0.9999999999996618
155,5000000,155.005,indoor_world,differential_drive_robot,-3.5741685225951495e-06,-2.993451338640735e-08,-4.433823484413102e-07,-4.104671596714432e-10,8.208607569723231e-07,-4.9890855494449206e-08,0.9999999999996618
155,25000000,155.025,indoor_world,differential_drive_robot,-3.5741685225951495e-06,-2.993451338640735e-08,-4.433823484413102e-07,-4.104671596714432e-10,8.208607569723231e-07,-4.9890855494449206e-08,0.9999999999996618
155,45000000,155.045,indoor_world,differential_drive_robot,-3.5741685225951495e-06,-2.993451338640735e-08,-4.433823484413102e-07,-4.104671596714432e-10,8.208607569723231e-07,-4.9890855494449206e-08,0.9999999999996618
155,65000000,155.065,indoor_world,differential_drive_robot,-3.5741685225951495e-06,-2.993451338640735e-08,-4.433823484413102e-07,-4.104671596714432e-10,8.208607569723231e-07,-4.9890855494449206e-08,0.9999999999996618
155,85000000,155.085,indoor_world,differential_drive_robot,-3.5741685225951495e-06,-2.993451338640735e-08,-4.433823484413102e-07,-4.104671596714432e-10,8.208607569723231e-07,-4.9890855494449206e-08,0.9999999999996618
155,105000000,155.105,indoor_world,differential_drive_robot,-3.5741685225951495e-06,-2.993451338640735e-08,-4.433823484413102e-07,-4.104671596714432e-10,8.208607569723231e-07,-4.9890855494449206e-08,0.9999999999996618
155,125000000,155.125,indoor_world,differential_drive_robot,-3.5741685225951495e-06,-2.993451338640735e-08,-4.433823484413102e-07,-4.104671596714432e-10,8.208607569723231e-07,-4.9890855494449206e-08,0.9999999999996618
155,145000000,155.145,indoor_world,differential_drive_robot,-3.5741685225951495e-06,-2.993451338640735e-08,-4.433823484413102e-07,-4.104671596714432e-10,8.208607569723231e-07,-4.9890855494449206e-08,0.9999999999996618
155,165000000,155.165,indoor_world,differential_drive_robot,-3.5741685225951495e-06,-2.993451338640735e-08,-4.433823484413102e-07,-4.104671596714432e-10,8.208607569723231e-07,-4.9890855494449206e-08,0.9999999999996618
155,185000000,155.185,indoor_world,differential_drive_robot,-3.5741685225951495e-06,-2.993451338640735e-08,-4.433823484413102e-07,-4.104671596714432e-10,8.208607569723231e-07,-4.9890855494449206e-08,0.9999999999996618
155,205000000,155.205,indoor_world,differential_drive_robot,-3.5741685225951495e-06,-2.993451338640735e-08,-4.433823484413102e-07,-4.104671596714432e-10,8.208607569723231e-07,-4.9890855494449206e-08,0.9999999999996618
155,225000000,155.225,indoor_world,differential_drive_robot,-3.5741685225951495e-06,-2.993451338640735e-08,-4.433823484413102e-07,-4.104671596714432e-10,8.208607569723231e-07,-4.9890855494449206e-08,0.9999999999996618
155,245000000,155.245,indoor_world,differential_drive_robot,-3.5741685225951495e-06,-2.993451338640735e-08,-4.433823484413102e-07,-4.104671596714432e-10,8.208607569723231e-07,-4.9890855494449206e-08,0.9999999999996618
155,265000000,155.265,indoor_world,differential_drive_robot,-3.5741685225951495e-06,-2.993451338640735e-08,-4.433823484413102e-07,-4.104671596714432e-10,8.208607569723231e-07,-4.9890855494449206e-08,0.9999999999996618
155,285000000,155.285,indoor_world,differential_drive_robot,-3.5741685225951495e-06,-2.993451338640735e-08,-4.433823484413102e-07,-4.104671596714432e-10,8.208607569723231e-07,-4.9890855494449206e-08,0.9999999999996618
155,305000000,155.305,indoor_world,differential_drive_robot,-3.5741685225951495e-06,-2.993451338640735e-08,-4.433823484413102e-07,-4.104671596714432e-10,8.208607569723231e-07,-4.9890855494449206e-08,0.9999999999996618
155,325000000,155.325,indoor_world,differential_drive_robot,-3.5741685225951495e-06,-2.993451338640735e-08,-4.433823484413102e-07,-4.104671596714432e-10,8.208607569723231e-07,-4.9890855494449206e-08,0.9999999999996618
155,345000000,155.345,indoor_world,differential_drive_robot,-3.5741685225951495e-06,-2.993451338640735e-08,-4.433823484413102e-07,-4.104671596714432e-10,8.208607569723231e-07,-4.9890855494449206e-08,0.9999999999996618
155,365000000,155.365,indoor_world,differential_drive_robot,-3.5741685225951495e-06,-2.993451338640735e-08,-4.433823484413102e-07,-4.104671596714432e-10,8.208607569723231e-07,-4.9890855494449206e-08,0.9999999999996618
155,385000000,155.385,indoor_world,differential_drive_robot,-3.5741685225951495e-06,-2.993451338640735e-08,-4.433823484413102e-07,-4.104671596714432e-10,8.208607569723231e-07,-4.9890855494449206e-08,0.9999999999996618
155,405000000,155.405,indoor_world,differential_drive_robot,-3.5741685225951495e-06,-2.993451338640735e-08,-4.433823484413102e-07,-4.104671596714432e-10,8.208607569723231e-07,-4.9890855494449206e-08,0.9999999999996618
155,425000000,155.425,indoor_world,differential_drive_robot,-3.5741685225951495e-06,-2.993451338640735e-08,-4.433823484413102e-07,-4.104671596714432e-10,8.208607569723231e-07,-4.9890855494449206e-08,0.9999999999996618
155,445000000,155.445,indoor_world,differential_drive_robot,-3.5741685225951495e-06,-2.993451338640735e-08,-4.433823484413102e-07,-4.104671596714432e-10,8.208607569723231e-07,-4.9890855494449206e-08,0.9999999999996618
155,465000000,155.465,indoor_world,differential_drive_robot,-3.5741685225951495e-06,-2.993451338640735e-08,-4.433823484413102e-07,-4.104671596714432e-10,8.208607569723231e-07,-4.9890855494449206e-08,0.9999999999996618
155,485000000,155.485,indoor_world,differential_drive_robot,-3.5741685225951495e-06,-2.993451338640735e-08,-4.433823484413102e-07,-4.104671596714432e-10,8.208607569723231e-07,-4.9890855494449206e-08,0.9999999999996618
155,505000000,155.505,indoor_world,differential_drive_robot,-3.5741685225951495e-06,-2.993451338640735e-08,-4.433823484413102e-07,-4.104671596714432e-10,8.208607569723231e-07,-4.9890855494449206e-08,0.9999999999996618
155,525000000,155.525,indoor_world,differential_drive_robot,-3.5741685225951495e-06,-2.993451338640735e-08,-4.433823484413102e-07,-4.104671596714432e-10,8.208607569723231e-07,-4.9890855494449206e-08,0.9999999999996618
155,545000000,155.545,indoor_world,differential_drive_robot,-3.5741685225951495e-06,-2.993451338640735e-08,-4.433823484413102e-07,-4.104671596714432e-10,8.208607569723231e-07,-4.9890855494449206e-08,0.9999999999996618
155,565000000,155.565,indoor_world,differential_drive_robot,-3.5741685225951495e-06,-2.993451338640735e-08,-4.433823484413102e-07,-4.104671596714432e-10,8.208607569723231e-07,-4.9890855494449206e-08,0.9999999999996618
155,585000000,155.585,indoor_world,differential_drive_robot,-3.5741685225951495e-06,-2.993451338640735e-08,-4.433823484413102e-07,-4.104671596714432e-10,8.208607569723231e-07,-4.9890855494449206e-08,0.9999999999996618
155,605000000,155.605,indoor_world,differential_drive_robot,-3.5741685225951495e-06,-2.993451338640735e-08,-4.433823484413102e-07,-4.104671596714432e-10,8.208607569723231e-07,-4.9890855494449206e-08,0.9999999999996618
155,625000000,155.625,indoor_world,differential_drive_robot,-3.5741685225951495e-06,-2.993451338640735e-08,-4.433823484413102e-07,-4.104671596714432e-10,8.208607569723231e-07,-4.9890855494449206e-08,0.9999999999996618
155,645000000,155.645,indoor_world,differential_drive_robot,-3.5741685225951495e-06,-2.993451338640735e-08,-4.433823484413102e-07,-4.104671596714432e-10,8.208607569723231e-07,-4.9890855494449206e-08,0.9999999999996618
155,665000000,155.665,indoor_world,differential_drive_robot,-3.5741685225951495e-06,-2.993451338640735e-08,-4.433823484413102e-07,-4.104671596714432e-10,8.208607569723231e-07,-4.9890855494449206e-08,0.9999999999996618
155,685000000,155.685,indoor_world,differential_drive_robot,-3.5741685225951495e-06,-2.993451338640735e-08,-4.433823484413102e-07,-4.104671596714432e-10,8.208607569723231e-07,-4.9890855494449206e-08,0.9999999999996618
155,705000000,155.705,indoor_world,differential_drive_robot,-3.5741685225951495e-06,-2.993451338640735e-08,-4.433823484413102e-07,-4.104671596714432e-10,8.208607569723231e-07,-4.9890855494449206e-08,0.9999999999996618
155,725000000,155.725,indoor_world,differential_drive_robot,-3.5741685225951495e-06,-2.993451338640735e-08,-4.433823484413102e-07,-4.104671596714432e-10,8.208607569723231e-07,-4.9890855494449206e-08,0.9999999999996618
155,745000000,155.745,indoor_world,differential_drive_robot,-3.5741685225951495e-06,-2.993451338640735e-08,-4.433823484413102e-07,-4.104671596714432e-10,8.208607569723231e-07,-4.9890855494449206e-08,0.9999999999996618
155,765000000,155.765,indoor_world,differential_drive_robot,-3.5741685225951495e-06,-2.993451338640735e-08,-4.433823484413102e-07,-4.104671596714432e-10,8.208607569723231e-07,-4.9890855494449206e-08,0.9999999999996618
155,785000000,155.785,indoor_world,differential_drive_robot,-3.5741685225951495e-06,-2.993451338640735e-08,-4.433823484413102e-07,-4.104671596714432e-10,8.208607569723231e-07,-4.9890855494449206e-08,0.9999999999996618
155,805000000,155.805,indoor_world,differential_drive_robot,-3.5741685225951495e-06,-2.993451338640735e-08,-4.433823484413102e-07,-4.104671596714432e-10,8.208607569723231e-07,-4.9890855494449206e-08,0.9999999999996618
155,825000000,155.825,indoor_world,differential_drive_robot,-3.5741685225951495e-06,-2.993451338640735e-08,-4.433823484413102e-07,-4.104671596714432e-10,8.208607569723231e-07,-4.9890855494449206e-08,0.9999999999996618
155,845000000,155.845,indoor_world,differential_drive_robot,-3.5741685225951495e-06,-2.993451338640735e-08,-4.433823484413102e-07,-4.104671596714432e-10,8.208607569723231e-07,-4.9890855494449206e-08,0.9999999999996618
155,865000000,155.865,indoor_world,differential_drive_robot,-3.5741685225951495e-06,-2.993451338640735e-08,-4.433823484413102e-07,-4.104671596714432e-10,8.208607569723231e-07,-4.9890855494449206e-08,0.9999999999996618
155,885000000,155.885,indoor_world,differential_drive_robot,-3.5741685225951495e-06,-2.993451338640735e-08,-4.433823484413102e-07,-4.104671596714432e-10,8.208607569723231e-07,-4.9890855494449206e-08,0.9999999999996618
155,905000000,155.905,indoor_world,differential_drive_robot,-3.5741685225951495e-06,-2.993451338640735e-08,-4.433823484413102e-07,-4.104671596714432e-10,8.208607569723231e-07,-4.9890855494449206e-08,0.9999999999996618
155,925000000,155.925,indoor_world,differential_drive_robot,-3.5741685225951495e-06,-2.993451338640735e-08,-4.433823484413102e-07,-4.104671596714432e-10,8.208607569723231e-07,-4.9890855494449206e-08,0.9999999999996618
155,945000000,155.945,indoor_world,differential_drive_robot,-3.5741685225951495e-06,-2.993451338640735e-08,-4.433823484413102e-07,-4.104671596714432e-10,8.208607569723231e-07,-4.9890855494449206e-08,0.9999999999996618
155,965000000,155.965,indoor_world,differential_drive_robot,-3.5741685225951495e-06,-2.993451338640735e-08,-4.433823484413102e-07,-4.104671596714432e-10,8.208607569723231e-07,-4.9890855494449206e-08,0.9999999999996618
155,985000000,155.985,indoor_world,differential_drive_robot,-3.5741685225951495e-06,-2.993451338640735e-08,-4.433823484413102e-07,-4.104671596714432e-10,8.208607569723231e-07,-4.9890855494449206e-08,0.9999999999996618
156,5000000,156.005,indoor_world,differential_drive_robot,-3.5741685225951495e-06,-2.993451338640735e-08,-4.433823484413102e-07,-4.104671596714432e-10,8.208607569723231e-07,-4.9890855494449206e-08,0.9999999999996618
156,25000000,156.025,indoor_world,differential_drive_robot,-3.5741685225951495e-06,-2.993451338640735e-08,-4.433823484413102e-07,-4.104671596714432e-10,8.208607569723231e-07,-4.9890855494449206e-08,0.9999999999996618
156,45000000,156.045,indoor_world,differential_drive_robot,-3.5741685225951495e-06,-2.993451338640735e-08,-4.433823484413102e-07,-4.104671596714432e-10,8.208607569723231e-07,-4.9890855494449206e-08,0.9999999999996618
156,65000000,156.065,indoor_world,differential_drive_robot,-3.5741685225951495e-06,-2.993451338640735e-08,-4.433823484413102e-07,-4.104671596714432e-10,8.208607569723231e-07,-4.9890855494449206e-08,0.9999999999996618
156,85000000,156.085,indoor_world,differential_drive_robot,-3.5741685225951495e-06,-2.993451338640735e-08,-4.433823484413102e-07,-4.104671596714432e-10,8.208607569723231e-07,-4.9890855494449206e-08,0.9999999999996618
156,105000000,156.105,indoor_world,differential_drive_robot,-3.5741685225951495e-06,-2.993451338640735e-08,-4.433823484413102e-07,-4.104671596714432e-10,8.208607569723231e-07,-4.9890855494449206e-08,0.9999999999996618
156,125000000,156.125,indoor_world,differential_drive_robot,-3.5741685225951495e-06,-2.993451338640735e-08,-4.433823484413102e-07,-4.104671596714432e-10,8.208607569723231e-07,-4.9890855494449206e-08,0.9999999999996618
156,145000000,156.145,indoor_world,differential_drive_robot,-3.5741685225951495e-06,-2.993451338640735e-08,-4.433823484413102e-07,-4.104671596714432e-10,8.208607569723231e-07,-4.9890855494449206e-08,0.9999999999996618
156,165000000,156.165,indoor_world,differential_drive_robot,-3.5741685225951495e-06,-2.993451338640735e-08,-4.433823484413102e-07,-4.104671596714432e-10,8.208607569723231e-07,-4.9890855494449206e-08,0.9999999999996618
156,185000000,156.185,indoor_world,differential_drive_robot,-3.5741685225951495e-06,-2.993451338640735e-08,-4.433823484413102e-07,-4.104671596714432e-10,8.208607569723231e-07,-4.9890855494449206e-08,0.9999999999996618
156,205000000,156.205,indoor_world,differential_drive_robot,-3.5741685225951495e-06,-2.993451338640735e-08,-4.433823484413102e-07,-4.104671596714432e-10,8.208607569723231e-07,-4.9890855494449206e-08,0.9999999999996618
156,225000000,156.225,indoor_world,differential_drive_robot,-3.5741685225951495e-06,-2.993451338640735e-08,-4.433823484413102e-07,-4.104671596714432e-10,8.208607569723231e-07,-4.9890855494449206e-08,0.9999999999996618
156,245000000,156.245,indoor_world,differential_drive_robot,-3.5741685225951495e-06,-2.993451338640735e-08,-4.433823484413102e-07,-4.104671596714432e-10,8.208607569723231e-07,-4.9890855494449206e-08,0.9999999999996618
156,265000000,156.265,indoor_world,differential_drive_robot,-3.5741685225951495e-06,-2.993451338640735e-08,-4.433823484413102e-07,-4.104671596714432e-10,8.208607569723231e-07,-4.9890855494449206e-08,0.9999999999996618
156,285000000,156.285,indoor_world,differential_drive_robot,-3.5741685225951495e-06,-2.993451338640735e-08,-4.433823484413102e-07,-4.104671596714432e-10,8.208607569723231e-07,-4.9890855494449206e-08,0.9999999999996618
156,305000000,156.305,indoor_world,differential_drive_robot,-3.5741685225951495e-06,-2.993451338640735e-08,-4.433823484413102e-07,-4.104671596714432e-10,8.208607569723231e-07,-4.9890855494449206e-08,0.9999999999996618
156,325000000,156.325,indoor_world,differential_drive_robot,-3.5741685225951495e-06,-2.993451338640735e-08,-4.433823484413102e-07,-4.104671596714432e-10,8.208607569723231e-07,-4.9890855494449206e-08,0.9999999999996618
156,345000000,156.345,indoor_world,differential_drive_robot,-3.5741685225951495e-06,-2.993451338640735e-08,-4.433823484413102e-07,-4.104671596714432e-10,8.208607569723231e-07,-4.9890855494449206e-08,0.9999999999996618
156,365000000,156.365,indoor_world,differential_drive_robot,-3.5741685225951495e-06,-2.993451338640735e-08,-4.433823484413102e-07,-4.104671596714432e-10,8.208607569723231e-07,-4.9890855494449206e-08,0.9999999999996618
156,385000000,156.385,indoor_world,differential_drive_robot,-3.5741685225951495e-06,-2.993451338640735e-08,-4.433823484413102e-07,-4.104671596714432e-10,8.208607569723231e-07,-4.9890855494449206e-08,0.9999999999996618
156,405000000,156.405,indoor_world,differential_drive_robot,-3.5741685225951495e-06,-2.993451338640735e-08,-4.433823484413102e-07,-4.104671596714432e-10,8.208607569723231e-07,-4.9890855494449206e-08,0.9999999999996618
156,425000000,156.425,indoor_world,differential_drive_robot,-3.5741685225951495e-06,-2.993451338640735e-08,-4.433823484413102e-07,-4.104671596714432e-10,8.208607569723231e-07,-4.9890855494449206e-08,0.9999999999996618
156,445000000,156.445,indoor_world,differential_drive_robot,-3.5741685225951495e-06,-2.993451338640735e-08,-4.433823484413102e-07,-4.104671596714432e-10,8.208607569723231e-07,-4.9890855494449206e-08,0.9999999999996618
156,465000000,156.465,indoor_world,differential_drive_robot,-3.5741685225951495e-06,-2.993451338640735e-08,-4.433823484413102e-07,-4.104671596714432e-10,8.208607569723231e-07,-4.9890855494449206e-08,0.9999999999996618
156,485000000,156.485,indoor_world,differential_drive_robot,-3.5741685225951495e-06,-2.993451338640735e-08,-4.433823484413102e-07,-4.104671596714432e-10,8.208607569723231e-07,-4.9890855494449206e-08,0.9999999999996618
156,505000000,156.505,indoor_world,differential_drive_robot,-3.5741685225951495e-06,-2.993451338640735e-08,-4.433823484413102e-07,-4.104671596714432e-10,8.208607569723231e-07,-4.9890855494449206e-08,0.9999999999996618
156,525000000,156.525,indoor_world,differential_drive_robot,-3.5741685225951495e-06,-2.993451338640735e-08,-4.433823484413102e-07,-4.104671596714432e-10,8.208607569723231e-07,-4.9890855494449206e-08,0.9999999999996618
156,545000000,156.545,indoor_world,differential_drive_robot,-3.5741685225951495e-06,-2.993451338640735e-08,-4.433823484413102e-07,-4.104671596714432e-10,8.208607569723231e-07,-4.9890855494449206e-08,0.9999999999996618
156,565000000,156.565,indoor_world,differential_drive_robot,-3.5741685225951495e-06,-2.993451338640735e-08,-4.433823484413102e-07,-4.104671596714432e-10,8.208607569723231e-07,-4.9890855494449206e-08,0.9999999999996618
156,585000000,156.585,indoor_world,differential_drive_robot,-3.5741685225951495e-06,-2.993451338640735e-08,-4.433823484413102e-07,-4.104671596714432e-10,8.208607569723231e-07,-4.9890855494449206e-08,0.9999999999996618
156,605000000,156.605,indoor_world,differential_drive_robot,-3.5741685225951495e-06,-2.993451338640735e-08,-4.433823484413102e-07,-4.104671596714432e-10,8.208607569723231e-07,-4.9890855494449206e-08,0.9999999999996618
156,625000000,156.625,indoor_world,differential_drive_robot,-3.5741685225951495e-06,-2.993451338640735e-08,-4.433823484413102e-07,-4.104671596714432e-10,8.208607569723231e-07,-4.9890855494449206e-08,0.9999999999996618
156,645000000,156.645,indoor_world,differential_drive_robot,-3.5741685225951495e-06,-2.993451338640735e-08,-4.433823484413102e-07,-4.104671596714432e-10,8.208607569723231e-07,-4.9890855494449206e-08,0.9999999999996618
156,665000000,156.665,indoor_world,differential_drive_robot,-3.5741685225951495e-06,-2.993451338640735e-08,-4.433823484413102e-07,-4.104671596714432e-10,8.208607569723231e-07,-4.9890855494449206e-08,0.9999999999996618
156,685000000,156.685,indoor_world,differential_drive_robot,-3.5741685225951495e-06,-2.993451338640735e-08,-4.433823484413102e-07,-4.104671596714432e-10,8.208607569723231e-07,-4.9890855494449206e-08,0.9999999999996618
156,705000000,156.705,indoor_world,differential_drive_robot,-3.5741685225951495e-06,-2.993451338640735e-08,-4.433823484413102e-07,-4.104671596714432e-10,8.208607569723231e-07,-4.9890855494449206e-08,0.9999999999996618
156,725000000,156.725,indoor_world,differential_drive_robot,-3.5741685225951495e-06,-2.993451338640735e-08,-4.433823484413102e-07,-4.104671596714432e-10,8.208607569723231e-07,-4.9890855494449206e-08,0.9999999999996618
156,745000000,156.745,indoor_world,differential_drive_robot,-3.5741685225951495e-06,-2.993451338640735e-08,-4.433823484413102e-07,-4.104671596714432e-10,8.208607569723231e-07,-4.9890855494449206e-08,0.9999999999996618
156,765000000,156.765,indoor_world,differential_drive_robot,-3.5741685225951495e-06,-2.993451338640735e-08,-4.433823484413102e-07,-4.104671596714432e-10,8.208607569723231e-07,-4.9890855494449206e-08,0.9999999999996618
156,785000000,156.785,indoor_world,differential_drive_robot,-3.5741685225951495e-06,-2.993451338640735e-08,-4.433823484413102e-07,-4.104671596714432e-10,8.208607569723231e-07,-4.9890855494449206e-08,0.9999999999996618
156,805000000,156.805,indoor_world,differential_drive_robot,-3.5741685225951495e-06,-2.993451338640735e-08,-4.433823484413102e-07,-4.104671596714432e-10,8.208607569723231e-07,-4.9890855494449206e-08,0.9999999999996618
156,825000000,156.825,indoor_world,differential_drive_robot,-3.5741685225951495e-06,-2.993451338640735e-08,-4.433823484413102e-07,-4.104671596714432e-10,8.208607569723231e-07,-4.9890855494449206e-08,0.9999999999996618
156,845000000,156.845,indoor_world,differential_drive_robot,-3.5741685225951495e-06,-2.993451338640735e-08,-4.433823484413102e-07,-4.104671596714432e-10,8.208607569723231e-07,-4.9890855494449206e-08,0.9999999999996618
156,865000000,156.865,indoor_world,differential_drive_robot,-3.5741685225951495e-06,-2.993451338640735e-08,-4.433823484413102e-07,-4.104671596714432e-10,8.208607569723231e-07,-4.9890855494449206e-08,0.9999999999996618
156,885000000,156.885,indoor_world,differential_drive_robot,-3.5741685225951495e-06,-2.993451338640735e-08,-4.433823484413102e-07,-4.104671596714432e-10,8.208607569723231e-07,-4.9890855494449206e-08,0.9999999999996618
156,905000000,156.905,indoor_world,differential_drive_robot,-3.5741685225951495e-06,-2.993451338640735e-08,-4.433823484413102e-07,-4.104671596714432e-10,8.208607569723231e-07,-4.9890855494449206e-08,0.9999999999996618
156,925000000,156.925,indoor_world,differential_drive_robot,-3.5741685225951495e-06,-2.993451338640735e-08,-4.433823484413102e-07,-4.104671596714432e-10,8.208607569723231e-07,-4.9890855494449206e-08,0.9999999999996618
156,945000000,156.945,indoor_world,differential_drive_robot,-3.5741685225951495e-06,-2.993451338640735e-08,-4.433823484413102e-07,-4.104671596714432e-10,8.208607569723231e-07,-4.9890855494449206e-08,0.9999999999996618
156,965000000,156.965,indoor_world,differential_drive_robot,-3.5741685225951495e-06,-2.993451338640735e-08,-4.433823484413102e-07,-4.104671596714432e-10,8.208607569723231e-07,-4.9890855494449206e-08,0.9999999999996618
156,985000000,156.985,indoor_world,differential_drive_robot,-3.5741685225951495e-06,-2.993451338640735e-08,-4.433823484413102e-07,-4.104671596714432e-10,8.208607569723231e-07,-4.9890855494449206e-08,0.9999999999996618
157,5000000,157.005,indoor_world,differential_drive_robot,-3.5741685225951495e-06,-2.993451338640735e-08,-4.433823484413102e-07,-4.104671596714432e-10,8.208607569723231e-07,-4.9890855494449206e-08,0.9999999999996618
157,25000000,157.025,indoor_world,differential_drive_robot,-3.5741685225951495e-06,-2.993451338640735e-08,-4.433823484413102e-07,-4.104671596714432e-10,8.208607569723231e-07,-4.9890855494449206e-08,0.9999999999996618
157,45000000,157.045,indoor_world,differential_drive_robot,-3.5741685225951495e-06,-2.993451338640735e-08,-4.433823484413102e-07,-4.104671596714432e-10,8.208607569723231e-07,-4.9890855494449206e-08,0.9999999999996618
157,65000000,157.065,indoor_world,differential_drive_robot,-3.5741685225951495e-06,-2.993451338640735e-08,-4.433823484413102e-07,-4.104671596714432e-10,8.208607569723231e-07,-4.9890855494449206e-08,0.9999999999996618
157,85000000,157.085,indoor_world,differential_drive_robot,-3.5741685225951495e-06,-2.993451338640735e-08,-4.433823484413102e-07,-4.104671596714432e-10,8.208607569723231e-07,-4.9890855494449206e-08,0.9999999999996618
157,105000000,157.105,indoor_world,differential_drive_robot,-3.5741685225951495e-06,-2.993451338640735e-08,-4.433823484413102e-07,-4.104671596714432e-10,8.208607569723231e-07,-4.9890855494449206e-08,0.9999999999996618
157,125000000,157.125,indoor_world,differential_drive_robot,-3.5741685225951495e-06,-2.993451338640735e-08,-4.433823484413102e-07,-4.104671596714432e-10,8.208607569723231e-07,-4.9890855494449206e-08,0.9999999999996618
157,145000000,157.145,indoor_world,differential_drive_robot,-3.5741685225951495e-06,-2.993451338640735e-08,-4.433823484413102e-07,-4.104671596714432e-10,8.208607569723231e-07,-4.9890855494449206e-08,0.9999999999996618
157,165000000,157.165,indoor_world,differential_drive_robot,-3.5741685225951495e-06,-2.993451338640735e-08,-4.433823484413102e-07,-4.104671596714432e-10,8.208607569723231e-07,-4.9890855494449206e-08,0.9999999999996618
157,185000000,157.185,indoor_world,differential_drive_robot,-3.5741685225951495e-06,-2.993451338640735e-08,-4.433823484413102e-07,-4.104671596714432e-10,8.208607569723231e-07,-4.9890855494449206e-08,0.9999999999996618
157,205000000,157.205,indoor_world,differential_drive_robot,-3.5741685225951495e-06,-2.993451338640735e-08,-4.433823484413102e-07,-4.104671596714432e-10,8.208607569723231e-07,-4.9890855494449206e-08,0.9999999999996618
157,225000000,157.225,indoor_world,differential_drive_robot,-3.5741685225951495e-06,-2.993451338640735e-08,-4.433823484413102e-07,-4.104671596714432e-10,8.208607569723231e-07,-4.9890855494449206e-08,0.9999999999996618
157,245000000,157.245,indoor_world,differential_drive_robot,-3.5741685225951495e-06,-2.993451338640735e-08,-4.433823484413102e-07,-4.104671596714432e-10,8.208607569723231e-07,-4.9890855494449206e-08,0.9999999999996618
157,265000000,157.265,indoor_world,differential_drive_robot,-3.5741685225951495e-06,-2.993451338640735e-08,-4.433823484413102e-07,-4.104671596714432e-10,8.208607569723231e-07,-4.9890855494449206e-08,0.9999999999996618
157,285000000,157.285,indoor_world,differential_drive_robot,-3.5741685225951495e-06,-2.993451338640735e-08,-4.433823484413102e-07,-4.104671596714432e-10,8.208607569723231e-07,-4.9890855494449206e-08,0.9999999999996618
157,305000000,157.305,indoor_world,differential_drive_robot,-3.5741685225951495e-06,-2.993451338640735e-08,-4.433823484413102e-07,-4.104671596714432e-10,8.208607569723231e-07,-4.9890855494449206e-08,0.9999999999996618
157,325000000,157.325,indoor_world,differential_drive_robot,-3.5741685225951495e-06,-2.993451338640735e-08,-4.433823484413102e-07,-4.104671596714432e-10,8.208607569723231e-07,-4.9890855494449206e-08,0.9999999999996618
157,345000000,157.345,indoor_world,differential_drive_robot,-3.5741685225951495e-06,-2.993451338640735e-08,-4.433823484413102e-07,-4.104671596714432e-10,8.208607569723231e-07,-4.9890855494449206e-08,0.9999999999996618
157,365000000,157.365,indoor_world,differential_drive_robot,-3.5741685225951495e-06,-2.993451338640735e-08,-4.433823484413102e-07,-4.104671596714432e-10,8.208607569723231e-07,-4.9890855494449206e-08,0.9999999999996618
157,385000000,157.385,indoor_world,differential_drive_robot,-3.5741685225951495e-06,-2.993451338640735e-08,-4.433823484413102e-07,-4.104671596714432e-10,8.208607569723231e-07,-4.9890855494449206e-08,0.9999999999996618
157,405000000,157.405,indoor_world,differential_drive_robot,-3.5741685225951495e-06,-2.993451338640735e-08,-4.433823484413102e-07,-4.104671596714432e-10,8.208607569723231e-07,-4.9890855494449206e-08,0.9999999999996618
157,425000000,157.425,indoor_world,differential_drive_robot,-3.5741685225951495e-06,-2.993451338640735e-08,-4.433823484413102e-07,-4.104671596714432e-10,8.208607569723231e-07,-4.9890855494449206e-08,0.9999999999996618
157,445000000,157.445,indoor_world,differential_drive_robot,-3.5741685225951495e-06,-2.993451338640735e-08,-4.433823484413102e-07,-4.104671596714432e-10,8.208607569723231e-07,-4.9890855494449206e-08,0.9999999999996618
157,465000000,157.465,indoor_world,differential_drive_robot,-3.5741685225951495e-06,-2.993451338640735e-08,-4.433823484413102e-07,-4.104671596714432e-10,8.208607569723231e-07,-4.9890855494449206e-08,0.9999999999996618
157,485000000,157.485,indoor_world,differential_drive_robot,-3.5741685225951495e-06,-2.993451338640735e-08,-4.433823484413102e-07,-4.104671596714432e-10,8.208607569723231e-07,-4.9890855494449206e-08,0.9999999999996618
157,505000000,157.505,indoor_world,differential_drive_robot,-3.5741685225951495e-06,-2.993451338640735e-08,-4.433823484413102e-07,-4.104671596714432e-10,8.208607569723231e-07,-4.9890855494449206e-08,0.9999999999996618
157,525000000,157.525,indoor_world,differential_drive_robot,-3.5741685225951495e-06,-2.993451338640735e-08,-4.433823484413102e-07,-4.104671596714432e-10,8.208607569723231e-07,-4.9890855494449206e-08,0.9999999999996618
157,545000000,157.545,indoor_world,differential_drive_robot,-3.5741685225951495e-06,-2.993451338640735e-08,-4.433823484413102e-07,-4.104671596714432e-10,8.208607569723231e-07,-4.9890855494449206e-08,0.9999999999996618
157,565000000,157.565,indoor_world,differential_drive_robot,-3.5741685225951495e-06,-2.993451338640735e-08,-4.433823484413102e-07,-4.104671596714432e-10,8.208607569723231e-07,-4.9890855494449206e-08,0.9999999999996618
157,585000000,157.585,indoor_world,differential_drive_robot,-3.5741685225951495e-06,-2.993451338640735e-08,-4.433823484413102e-07,-4.104671596714432e-10,8.208607569723231e-07,-4.9890855494449206e-08,0.9999999999996618
157,605000000,157.605,indoor_world,differential_drive_robot,-3.5741685225951495e-06,-2.993451338640735e-08,-4.433823484413102e-07,-4.104671596714432e-10,8.208607569723231e-07,-4.9890855494449206e-08,0.9999999999996618
157,625000000,157.625,indoor_world,differential_drive_robot,-3.5741685225951495e-06,-2.993451338640735e-08,-4.433823484413102e-07,-4.104671596714432e-10,8.208607569723231e-07,-4.9890855494449206e-08,0.9999999999996618
157,645000000,157.645,indoor_world,differential_drive_robot,-3.5741685225951495e-06,-2.993451338640735e-08,-4.433823484413102e-07,-4.104671596714432e-10,8.208607569723231e-07,-4.9890855494449206e-08,0.9999999999996618
157,665000000,157.665,indoor_world,differential_drive_robot,-3.5741685225951495e-06,-2.993451338640735e-08,-4.433823484413102e-07,-4.104671596714432e-10,8.208607569723231e-07,-4.9890855494449206e-08,0.9999999999996618
157,685000000,157.685,indoor_world,differential_drive_robot,-3.5741685225951495e-06,-2.993451338640735e-08,-4.433823484413102e-07,-4.104671596714432e-10,8.208607569723231e-07,-4.9890855494449206e-08,0.9999999999996618
157,705000000,157.705,indoor_world,differential_drive_robot,-3.5741685225951495e-06,-2.993451338640735e-08,-4.433823484413102e-07,-4.104671596714432e-10,8.208607569723231e-07,-4.9890855494449206e-08,0.9999999999996618
157,725000000,157.725,indoor_world,differential_drive_robot,-3.5741685225951495e-06,-2.993451338640735e-08,-4.433823484413102e-07,-4.104671596714432e-10,8.208607569723231e-07,-4.9890855494449206e-08,0.9999999999996618
157,745000000,157.745,indoor_world,differential_drive_robot,-3.5741685225951495e-06,-2.993451338640735e-08,-4.433823484413102e-07,-4.104671596714432e-10,8.208607569723231e-07,-4.9890855494449206e-08,0.9999999999996618
157,765000000,157.765,indoor_world,differential_drive_robot,-3.5741685225951495e-06,-2.993451338640735e-08,-4.433823484413102e-07,-4.104671596714432e-10,8.208607569723231e-07,-4.9890855494449206e-08,0.9999999999996618
157,785000000,157.785,indoor_world,differential_drive_robot,-3.5741685225951495e-06,-2.993451338640735e-08,-4.433823484413102e-07,-4.104671596714432e-10,8.208607569723231e-07,-4.9890855494449206e-08,0.9999999999996618
157,805000000,157.805,indoor_world,differential_drive_robot,-3.5741685225951495e-06,-2.993451338640735e-08,-4.433823484413102e-07,-4.104671596714432e-10,8.208607569723231e-07,-4.9890855494449206e-08,0.9999999999996618
157,825000000,157.825,indoor_world,differential_drive_robot,-3.5741685225951495e-06,-2.993451338640735e-08,-4.433823484413102e-07,-4.104671596714432e-10,8.208607569723231e-07,-4.9890855494449206e-08,0.9999999999996618
157,845000000,157.845,indoor_world,differential_drive_robot,-3.5741685225951495e-06,-2.993451338640735e-08,-4.433823484413102e-07,-4.104671596714432e-10,8.208607569723231e-07,-4.9890855494449206e-08,0.9999999999996618
157,865000000,157.865,indoor_world,differential_drive_robot,-3.5741685225951495e-06,-2.993451338640735e-08,-4.433823484413102e-07,-4.104671596714432e-10,8.208607569723231e-07,-4.9890855494449206e-08,0.9999999999996618
157,885000000,157.885,indoor_world,differential_drive_robot,-3.5741685225951495e-06,-2.993451338640735e-08,-4.433823484413102e-07,-4.104671596714432e-10,8.208607569723231e-07,-4.9890855494449206e-08,0.9999999999996618
157,905000000,157.905,indoor_world,differential_drive_robot,-3.5741685225951495e-06,-2.993451338640735e-08,-4.433823484413102e-07,-4.104671596714432e-10,8.208607569723231e-07,-4.9890855494449206e-08,0.9999999999996618
157,925000000,157.925,indoor_world,differential_drive_robot,-3.5741685225951495e-06,-2.993451338640735e-08,-4.433823484413102e-07,-4.104671596714432e-10,8.208607569723231e-07,-4.9890855494449206e-08,0.9999999999996618
157,945000000,157.945,indoor_world,differential_drive_robot,-3.5741685225951495e-06,-2.993451338640735e-08,-4.433823484413102e-07,-4.104671596714432e-10,8.208607569723231e-07,-4.9890855494449206e-08,0.9999999999996618
157,965000000,157.965,indoor_world,differential_drive_robot,-3.5741685225951495e-06,-2.993451338640735e-08,-4.433823484413102e-07,-4.104671596714432e-10,8.208607569723231e-07,-4.9890855494449206e-08,0.9999999999996618
157,985000000,157.985,indoor_world,differential_drive_robot,-3.5741685225951495e-06,-2.993451338640735e-08,-4.433823484413102e-07,-4.104671596714432e-10,8.208607569723231e-07,-4.9890855494449206e-08,0.9999999999996618
158,5000000,158.005,indoor_world,differential_drive_robot,-3.5741685225951495e-06,-2.993451338640735e-08,-4.433823484413102e-07,-4.104671596714432e-10,8.208607569723231e-07,-4.9890855494449206e-08,0.9999999999996618
158,25000000,158.025,indoor_world,differential_drive_robot,-3.5741685225951495e-06,-2.993451338640735e-08,-4.433823484413102e-07,-4.104671596714432e-10,8.208607569723231e-07,-4.9890855494449206e-08,0.9999999999996618
158,45000000,158.045,indoor_world,differential_drive_robot,-3.5741685225951495e-06,-2.993451338640735e-08,-4.433823484413102e-07,-4.104671596714432e-10,8.208607569723231e-07,-4.9890855494449206e-08,0.9999999999996618
158,65000000,158.065,indoor_world,differential_drive_robot,-3.5741685225951495e-06,-2.993451338640735e-08,-4.433823484413102e-07,-4.104671596714432e-10,8.208607569723231e-07,-4.9890855494449206e-08,0.9999999999996618
158,85000000,158.085,indoor_world,differential_drive_robot,-3.5741685225951495e-06,-2.993451338640735e-08,-4.433823484413102e-07,-4.104671596714432e-10,8.208607569723231e-07,-4.9890855494449206e-08,0.9999999999996618
158,105000000,158.105,indoor_world,differential_drive_robot,-3.5741685225951495e-06,-2.993451338640735e-08,-4.433823484413102e-07,-4.104671596714432e-10,8.208607569723231e-07,-4.9890855494449206e-08,0.9999999999996618
158,125000000,158.125,indoor_world,differential_drive_robot,-3.5741685225951495e-06,-2.993451338640735e-08,-4.433823484413102e-07,-4.104671596714432e-10,8.208607569723231e-07,-4.9890855494449206e-08,0.9999999999996618
158,145000000,158.145,indoor_world,differential_drive_robot,-3.5741685225951495e-06,-2.993451338640735e-08,-4.433823484413102e-07,-4.104671596714432e-10,8.208607569723231e-07,-4.9890855494449206e-08,0.9999999999996618
158,165000000,158.165,indoor_world,differential_drive_robot,-3.5741685225951495e-06,-2.993451338640735e-08,-4.433823484413102e-07,-4.104671596714432e-10,8.208607569723231e-07,-4.9890855494449206e-08,0.9999999999996618
158,185000000,158.185,indoor_world,differential_drive_robot,-3.5741685225951495e-06,-2.993451338640735e-08,-4.433823484413102e-07,-4.104671596714432e-10,8.208607569723231e-07,-4.9890855494449206e-08,0.9999999999996618
158,205000000,158.205,indoor_world,differential_drive_robot,-3.5741685225951495e-06,-2.993451338640735e-08,-4.433823484413102e-07,-4.104671596714432e-10,8.208607569723231e-07,-4.9890855494449206e-08,0.9999999999996618
158,225000000,158.225,indoor_world,differential_drive_robot,-3.5741685225951495e-06,-2.993451338640735e-08,-4.433823484413102e-07,-4.104671596714432e-10,8.208607569723231e-07,-4.9890855494449206e-08,0.9999999999996618
158,245000000,158.245,indoor_world,differential_drive_robot,-3.5741685225951495e-06,-2.993451338640735e-08,-4.433823484413102e-07,-4.104671596714432e-10,8.208607569723231e-07,-4.9890855494449206e-08,0.9999999999996618
158,265000000,158.265,indoor_world,differential_drive_robot,-3.5741685225951495e-06,-2.993451338640735e-08,-4.433823484413102e-07,-4.104671596714432e-10,8.208607569723231e-07,-4.9890855494449206e-08,0.9999999999996618
158,285000000,158.285,indoor_world,differential_drive_robot,-3.5741685225951495e-06,-2.993451338640735e-08,-4.433823484413102e-07,-4.104671596714432e-10,8.208607569723231e-07,-4.9890855494449206e-08,0.9999999999996618
158,305000000,158.305,indoor_world,differential_drive_robot,-3.5741685225951495e-06,-2.993451338640735e-08,-4.433823484413102e-07,-4.104671596714432e-10,8.208607569723231e-07,-4.9890855494449206e-08,0.9999999999996618
158,325000000,158.325,indoor_world,differential_drive_robot,-3.5741685225951495e-06,-2.993451338640735e-08,-4.433823484413102e-07,-4.104671596714432e-10,8.208607569723231e-07,-4.9890855494449206e-08,0.9999999999996618
158,345000000,158.345,indoor_world,differential_drive_robot,-3.5741685225951495e-06,-2.993451338640735e-08,-4.433823484413102e-07,-4.104671596714432e-10,8.208607569723231e-07,-4.9890855494449206e-08,0.9999999999996618
158,365000000,158.365,indoor_world,differential_drive_robot,-3.5741685225951495e-06,-2.993451338640735e-08,-4.433823484413102e-07,-4.104671596714432e-10,8.208607569723231e-07,-4.9890855494449206e-08,0.9999999999996618
158,385000000,158.385,indoor_world,differential_drive_robot,-3.5741685225951495e-06,-2.993451338640735e-08,-4.433823484413102e-07,-4.104671596714432e-10,8.208607569723231e-07,-4.9890855494449206e-08,0.9999999999996618
158,405000000,158.405,indoor_world,differential_drive_robot,-3.5741685225951495e-06,-2.993451338640735e-08,-4.433823484413102e-07,-4.104671596714432e-10,8.208607569723231e-07,-4.9890855494449206e-08,0.9999999999996618
158,425000000,158.425,indoor_world,differential_drive_robot,-3.5741685225951495e-06,-2.993451338640735e-08,-4.433823484413102e-07,-4.104671596714432e-10,8.208607569723231e-07,-4.9890855494449206e-08,0.9999999999996618
158,445000000,158.445,indoor_world,differential_drive_robot,-3.5741685225951495e-06,-2.993451338640735e-08,-4.433823484413102e-07,-4.104671596714432e-10,8.208607569723231e-07,-4.9890855494449206e-08,0.9999999999996618
158,465000000,158.465,indoor_world,differential_drive_robot,-3.5741685225951495e-06,-2.993451338640735e-08,-4.433823484413102e-07,-4.104671596714432e-10,8.208607569723231e-07,-4.9890855494449206e-08,0.9999999999996618
158,485000000,158.485,indoor_world,differential_drive_robot,-3.5741685225951495e-06,-2.993451338640735e-08,-4.433823484413102e-07,-4.104671596714432e-10,8.208607569723231e-07,-4.9890855494449206e-08,0.9999999999996618
158,505000000,158.505,indoor_world,differential_drive_robot,-3.5741685225951495e-06,-2.993451338640735e-08,-4.433823484413102e-07,-4.104671596714432e-10,8.208607569723231e-07,-4.9890855494449206e-08,0.9999999999996618
158,525000000,158.525,indoor_world,differential_drive_robot,-3.5741685225951495e-06,-2.993451338640735e-08,-4.433823484413102e-07,-4.104671596714432e-10,8.208607569723231e-07,-4.9890855494449206e-08,0.9999999999996618
158,545000000,158.545,indoor_world,differential_drive_robot,-3.5741685225951495e-06,-2.993451338640735e-08,-4.433823484413102e-07,-4.104671596714432e-10,8.208607569723231e-07,-4.9890855494449206e-08,0.9999999999996618
158,565000000,158.565,indoor_world,differential_drive_robot,-3.5741685225951495e-06,-2.993451338640735e-08,-4.433823484413102e-07,-4.104671596714432e-10,8.208607569723231e-07,-4.9890855494449206e-08,0.9999999999996618
158,585000000,158.585,indoor_world,differential_drive_robot,-3.5741685225951495e-06,-2.993451338640735e-08,-4.433823484413102e-07,-4.104671596714432e-10,8.208607569723231e-07,-4.9890855494449206e-08,0.9999999999996618
158,605000000,158.605,indoor_world,differential_drive_robot,-3.5741685225951495e-06,-2.993451338640735e-08,-4.433823484413102e-07,-4.104671596714432e-10,8.208607569723231e-07,-4.9890855494449206e-08,0.9999999999996618
158,625000000,158.625,indoor_world,differential_drive_robot,-3.5741685225951495e-06,-2.993451338640735e-08,-4.433823484413102e-07,-4.104671596714432e-10,8.208607569723231e-07,-4.9890855494449206e-08,0.9999999999996618
158,645000000,158.645,indoor_world,differential_drive_robot,-3.5741685225951495e-06,-2.993451338640735e-08,-4.433823484413102e-07,-4.104671596714432e-10,8.208607569723231e-07,-4.9890855494449206e-08,0.9999999999996618
158,665000000,158.665,indoor_world,differential_drive_robot,-3.5741685225951495e-06,-2.993451338640735e-08,-4.433823484413102e-07,-4.104671596714432e-10,8.208607569723231e-07,-4.9890855494449206e-08,0.9999999999996618
158,685000000,158.685,indoor_world,differential_drive_robot,-3.5741685225951495e-06,-2.993451338640735e-08,-4.433823484413102e-07,-4.104671596714432e-10,8.208607569723231e-07,-4.9890855494449206e-08,0.9999999999996618
158,705000000,158.705,indoor_world,differential_drive_robot,-3.5741685225951495e-06,-2.993451338640735e-08,-4.433823484413102e-07,-4.104671596714432e-10,8.208607569723231e-07,-4.9890855494449206e-08,0.9999999999996618
158,725000000,158.725,indoor_world,differential_drive_robot,-3.5741685225951495e-06,-2.993451338640735e-08,-4.433823484413102e-07,-4.104671596714432e-10,8.208607569723231e-07,-4.9890855494449206e-08,0.9999999999996618
158,745000000,158.745,indoor_world,differential_drive_robot,-3.5741685225951495e-06,-2.993451338640735e-08,-4.433823484413102e-07,-4.104671596714432e-10,8.208607569723231e-07,-4.9890855494449206e-08,0.9999999999996618
158,765000000,158.765,indoor_world,differential_drive_robot,-3.5741685225951495e-06,-2.993451338640735e-08,-4.433823484413102e-07,-4.104671596714432e-10,8.208607569723231e-07,-4.9890855494449206e-08,0.9999999999996618
158,785000000,158.785,indoor_world,differential_drive_robot,-3.5741685225951495e-06,-2.993451338640735e-08,-4.433823484413102e-07,-4.104671596714432e-10,8.208607569723231e-07,-4.9890855494449206e-08,0.9999999999996618
158,805000000,158.805,indoor_world,differential_drive_robot,-3.5741685225951495e-06,-2.993451338640735e-08,-4.433823484413102e-07,-4.104671596714432e-10,8.208607569723231e-07,-4.9890855494449206e-08,0.9999999999996618
158,825000000,158.825,indoor_world,differential_drive_robot,-3.5741685225951495e-06,-2.993451338640735e-08,-4.433823484413102e-07,-4.104671596714432e-10,8.208607569723231e-07,-4.9890855494449206e-08,0.9999999999996618
158,845000000,158.845,indoor_world,differential_drive_robot,-3.5741685225951495e-06,-2.993451338640735e-08,-4.433823484413102e-07,-4.104671596714432e-10,8.208607569723231e-07,-4.9890855494449206e-08,0.9999999999996618
158,865000000,158.865,indoor_world,differential_drive_robot,-3.5741685225951495e-06,-2.993451338640735e-08,-4.433823484413102e-07,-4.104671596714432e-10,8.208607569723231e-07,-4.9890855494449206e-08,0.9999999999996618
158,885000000,158.885,indoor_world,differential_drive_robot,-3.5741685225951495e-06,-2.993451338640735e-08,-4.433823484413102e-07,-4.104671596714432e-10,8.208607569723231e-07,-4.9890855494449206e-08,0.9999999999996618
158,905000000,158.905,indoor_world,differential_drive_robot,-3.5741685225951495e-06,-2.993451338640735e-08,-4.433823484413102e-07,-4.104671596714432e-10,8.208607569723231e-07,-4.9890855494449206e-08,0.9999999999996618
158,925000000,158.925,indoor_world,differential_drive_robot,-3.5741685225951495e-06,-2.993451338640735e-08,-4.433823484413102e-07,-4.104671596714432e-10,8.208607569723231e-07,-4.9890855494449206e-08,0.9999999999996618
158,945000000,158.945,indoor_world,differential_drive_robot,-3.5741685225951495e-06,-2.993451338640735e-08,-4.433823484413102e-07,-4.104671596714432e-10,8.208607569723231e-07,-4.9890855494449206e-08,0.9999999999996618
158,965000000,158.965,indoor_world,differential_drive_robot,-3.5741685225951495e-06,-2.993451338640735e-08,-4.433823484413102e-07,-4.104671596714432e-10,8.208607569723231e-07,-4.9890855494449206e-08,0.9999999999996618
158,985000000,158.985,indoor_world,differential_drive_robot,-3.5741685225951495e-06,-2.993451338640735e-08,-4.433823484413102e-07,-4.104671596714432e-10,8.208607569723231e-07,-4.9890855494449206e-08,0.9999999999996618
159,5000000,159.005,indoor_world,differential_drive_robot,-3.5741685225951495e-06,-2.993451338640735e-08,-4.433823484413102e-07,-4.104671596714432e-10,8.208607569723231e-07,-4.9890855494449206e-08,0.9999999999996618
159,25000000,159.025,indoor_world,differential_drive_robot,-3.5741685225951495e-06,-2.993451338640735e-08,-4.433823484413102e-07,-4.104671596714432e-10,8.208607569723231e-07,-4.9890855494449206e-08,0.9999999999996618
159,45000000,159.045,indoor_world,differential_drive_robot,-3.5741685225951495e-06,-2.993451338640735e-08,-4.433823484413102e-07,-4.104671596714432e-10,8.208607569723231e-07,-4.9890855494449206e-08,0.9999999999996618
159,65000000,159.065,indoor_world,differential_drive_robot,-3.5741685225951495e-06,-2.993451338640735e-08,-4.433823484413102e-07,-4.104671596714432e-10,8.208607569723231e-07,-4.9890855494449206e-08,0.9999999999996618
159,85000000,159.085,indoor_world,differential_drive_robot,-3.5741685225951495e-06,-2.993451338640735e-08,-4.433823484413102e-07,-4.104671596714432e-10,8.208607569723231e-07,-4.9890855494449206e-08,0.9999999999996618
159,105000000,159.105,indoor_world,differential_drive_robot,-3.5741685225951495e-06,-2.993451338640735e-08,-4.433823484413102e-07,-4.104671596714432e-10,8.208607569723231e-07,-4.9890855494449206e-08,0.9999999999996618
159,125000000,159.125,indoor_world,differential_drive_robot,-3.5741685225951495e-06,-2.993451338640735e-08,-4.433823484413102e-07,-4.104671596714432e-10,8.208607569723231e-07,-4.9890855494449206e-08,0.9999999999996618
159,145000000,159.145,indoor_world,differential_drive_robot,-3.5741685225951495e-06,-2.993451338640735e-08,-4.433823484413102e-07,-4.104671596714432e-10,8.208607569723231e-07,-4.9890855494449206e-08,0.9999999999996618
159,165000000,159.165,indoor_world,differential_drive_robot,-3.5741685225951495e-06,-2.993451338640735e-08,-4.433823484413102e-07,-4.104671596714432e-10,8.208607569723231e-07,-4.9890855494449206e-08,0.9999999999996618
159,185000000,159.185,indoor_world,differential_drive_robot,-3.5741685225951495e-06,-2.993451338640735e-08,-4.433823484413102e-07,-4.104671596714432e-10,8.208607569723231e-07,-4.9890855494449206e-08,0.9999999999996618
159,205000000,159.205,indoor_world,differential_drive_robot,-3.5741685225951495e-06,-2.993451338640735e-08,-4.433823484413102e-07,-4.104671596714432e-10,8.208607569723231e-07,-4.9890855494449206e-08,0.9999999999996618
159,225000000,159.225,indoor_world,differential_drive_robot,-3.5741685225951495e-06,-2.993451338640735e-08,-4.433823484413102e-07,-4.104671596714432e-10,8.208607569723231e-07,-4.9890855494449206e-08,0.9999999999996618
159,245000000,159.245,indoor_world,differential_drive_robot,-3.5741685225951495e-06,-2.993451338640735e-08,-4.433823484413102e-07,-4.104671596714432e-10,8.208607569723231e-07,-4.9890855494449206e-08,0.9999999999996618
159,265000000,159.265,indoor_world,differential_drive_robot,-3.5741685225951495e-06,-2.993451338640735e-08,-4.433823484413102e-07,-4.104671596714432e-10,8.208607569723231e-07,-4.9890855494449206e-08,0.9999999999996618
159,285000000,159.285,indoor_world,differential_drive_robot,-3.5741685225951495e-06,-2.993451338640735e-08,-4.433823484413102e-07,-4.104671596714432e-10,8.208607569723231e-07,-4.9890855494449206e-08,0.9999999999996618
159,305000000,159.305,indoor_world,differential_drive_robot,-3.5741685225951495e-06,-2.993451338640735e-08,-4.433823484413102e-07,-4.104671596714432e-10,8.208607569723231e-07,-4.9890855494449206e-08,0.9999999999996618
159,325000000,159.325,indoor_world,differential_drive_robot,-3.5741685225951495e-06,-2.993451338640735e-08,-4.433823484413102e-07,-4.104671596714432e-10,8.208607569723231e-07,-4.9890855494449206e-08,0.9999999999996618
159,345000000,159.345,indoor_world,differential_drive_robot,-3.5741685225951495e-06,-2.993451338640735e-08,-4.433823484413102e-07,-4.104671596714432e-10,8.208607569723231e-07,-4.9890855494449206e-08,0.9999999999996618
159,365000000,159.365,indoor_world,differential_drive_robot,-3.5741685225951495e-06,-2.993451338640735e-08,-4.433823484413102e-07,-4.104671596714432e-10,8.208607569723231e-07,-4.9890855494449206e-08,0.9999999999996618
159,385000000,159.385,indoor_world,differential_drive_robot,-3.5741685225951495e-06,-2.993451338640735e-08,-4.433823484413102e-07,-4.104671596714432e-10,8.208607569723231e-07,-4.9890855494449206e-08,0.9999999999996618
159,405000000,159.405,indoor_world,differential_drive_robot,-3.5741685225951495e-06,-2.993451338640735e-08,-4.433823484413102e-07,-4.104671596714432e-10,8.208607569723231e-07,-4.9890855494449206e-08,0.9999999999996618
159,425000000,159.425,indoor_world,differential_drive_robot,-3.5741685225951495e-06,-2.993451338640735e-08,-4.433823484413102e-07,-4.104671596714432e-10,8.208607569723231e-07,-4.9890855494449206e-08,0.9999999999996618
159,445000000,159.445,indoor_world,differential_drive_robot,-3.5741685225951495e-06,-2.993451338640735e-08,-4.433823484413102e-07,-4.104671596714432e-10,8.208607569723231e-07,-4.9890855494449206e-08,0.9999999999996618
159,465000000,159.465,indoor_world,differential_drive_robot,-3.5741685225951495e-06,-2.993451338640735e-08,-4.433823484413102e-07,-4.104671596714432e-10,8.208607569723231e-07,-4.9890855494449206e-08,0.9999999999996618
159,485000000,159.485,indoor_world,differential_drive_robot,-3.5741685225951495e-06,-2.993451338640735e-08,-4.433823484413102e-07,-4.104671596714432e-10,8.208607569723231e-07,-4.9890855494449206e-08,0.9999999999996618
159,505000000,159.505,indoor_world,differential_drive_robot,-3.5741685225951495e-06,-2.993451338640735e-08,-4.433823484413102e-07,-4.104671596714432e-10,8.208607569723231e-07,-4.9890855494449206e-08,0.9999999999996618
159,525000000,159.525,indoor_world,differential_drive_robot,-3.5741685225951495e-06,-2.993451338640735e-08,-4.433823484413102e-07,-4.104671596714432e-10,8.208607569723231e-07,-4.9890855494449206e-08,0.9999999999996618
159,545000000,159.545,indoor_world,differential_drive_robot,-3.5741685225951495e-06,-2.993451338640735e-08,-4.433823484413102e-07,-4.104671596714432e-10,8.208607569723231e-07,-4.9890855494449206e-08,0.9999999999996618
159,565000000,159.565,indoor_world,differential_drive_robot,-3.5741685225951495e-06,-2.993451338640735e-08,-4.433823484413102e-07,-4.104671596714432e-10,8.208607569723231e-07,-4.9890855494449206e-08,0.9999999999996618
159,585000000,159.585,indoor_world,differential_drive_robot,-3.5741685225951495e-06,-2.993451338640735e-08,-4.433823484413102e-07,-4.104671596714432e-10,8.208607569723231e-07,-4.9890855494449206e-08,0.9999999999996618
159,605000000,159.605,indoor_world,differential_drive_robot,-3.5741685225951495e-06,-2.993451338640735e-08,-4.433823484413102e-07,-4.104671596714432e-10,8.208607569723231e-07,-4.9890855494449206e-08,0.9999999999996618
159,625000000,159.625,indoor_world,differential_drive_robot,-3.5741685225951495e-06,-2.993451338640735e-08,-4.433823484413102e-07,-4.104671596714432e-10,8.208607569723231e-07,-4.9890855494449206e-08,0.9999999999996618
159,645000000,159.645,indoor_world,differential_drive_robot,-3.5741685225951495e-06,-2.993451338640735e-08,-4.433823484413102e-07,-4.104671596714432e-10,8.208607569723231e-07,-4.9890855494449206e-08,0.9999999999996618
159,665000000,159.665,indoor_world,differential_drive_robot,-3.5741685225951495e-06,-2.993451338640735e-08,-4.433823484413102e-07,-4.104671596714432e-10,8.208607569723231e-07,-4.9890855494449206e-08,0.9999999999996618
159,685000000,159.685,indoor_world,differential_drive_robot,-3.5741685225951495e-06,-2.993451338640735e-08,-4.433823484413102e-07,-4.104671596714432e-10,8.208607569723231e-07,-4.9890855494449206e-08,0.9999999999996618
159,705000000,159.705,indoor_world,differential_drive_robot,-3.5741685225951495e-06,-2.993451338640735e-08,-4.433823484413102e-07,-4.104671596714432e-10,8.208607569723231e-07,-4.9890855494449206e-08,0.9999999999996618
159,725000000,159.725,indoor_world,differential_drive_robot,-3.5741685225951495e-06,-2.993451338640735e-08,-4.433823484413102e-07,-4.104671596714432e-10,8.208607569723231e-07,-4.9890855494449206e-08,0.9999999999996618
159,745000000,159.745,indoor_world,differential_drive_robot,-3.5741685225951495e-06,-2.993451338640735e-08,-4.433823484413102e-07,-4.104671596714432e-10,8.208607569723231e-07,-4.9890855494449206e-08,0.9999999999996618
159,765000000,159.765,indoor_world,differential_drive_robot,-3.5741685225951495e-06,-2.993451338640735e-08,-4.433823484413102e-07,-4.104671596714432e-10,8.208607569723231e-07,-4.9890855494449206e-08,0.9999999999996618
159,785000000,159.785,indoor_world,differential_drive_robot,-3.5741685225951495e-06,-2.993451338640735e-08,-4.433823484413102e-07,-4.104671596714432e-10,8.208607569723231e-07,-4.9890855494449206e-08,0.9999999999996618
159,805000000,159.805,indoor_world,differential_drive_robot,-3.5741685225951495e-06,-2.993451338640735e-08,-4.433823484413102e-07,-4.104671596714432e-10,8.208607569723231e-07,-4.9890855494449206e-08,0.9999999999996618
159,825000000,159.825,indoor_world,differential_drive_robot,-3.5741685225951495e-06,-2.993451338640735e-08,-4.433823484413102e-07,-4.104671596714432e-10,8.208607569723231e-07,-4.9890855494449206e-08,0.9999999999996618
159,845000000,159.845,indoor_world,differential_drive_robot,-3.5741685225951495e-06,-2.993451338640735e-08,-4.433823484413102e-07,-4.104671596714432e-10,8.208607569723231e-07,-4.9890855494449206e-08,0.9999999999996618
159,865000000,159.865,indoor_world,differential_drive_robot,-3.5741685225951495e-06,-2.993451338640735e-08,-4.433823484413102e-07,-4.104671596714432e-10,8.208607569723231e-07,-4.9890855494449206e-08,0.9999999999996618
159,885000000,159.885,indoor_world,differential_drive_robot,-3.5741685225951495e-06,-2.993451338640735e-08,-4.433823484413102e-07,-4.104671596714432e-10,8.208607569723231e-07,-4.9890855494449206e-08,0.9999999999996618
159,905000000,159.905,indoor_world,differential_drive_robot,-3.5741685225951495e-06,-2.993451338640735e-08,-4.433823484413102e-07,-4.104671596714432e-10,8.208607569723231e-07,-4.9890855494449206e-08,0.9999999999996618
159,925000000,159.925,indoor_world,differential_drive_robot,-3.5741685225951495e-06,-2.993451338640735e-08,-4.433823484413102e-07,-4.104671596714432e-10,8.208607569723231e-07,-4.9890855494449206e-08,0.9999999999996618
159,945000000,159.945,indoor_world,differential_drive_robot,-3.5741685225951495e-06,-2.993451338640735e-08,-4.433823484413102e-07,-4.104671596714432e-10,8.208607569723231e-07,-4.9890855494449206e-08,0.9999999999996618
159,965000000,159.965,indoor_world,differential_drive_robot,-3.5741685225951495e-06,-2.993451338640735e-08,-4.433823484413102e-07,-4.104671596714432e-10,8.208607569723231e-07,-4.9890855494449206e-08,0.9999999999996618
159,985000000,159.985,indoor_world,differential_drive_robot,-3.5741685225951495e-06,-2.993451338640735e-08,-4.433823484413102e-07,-4.104671596714432e-10,8.208607569723231e-07,-4.9890855494449206e-08,0.9999999999996618
160,5000000,160.005,indoor_world,differential_drive_robot,-3.5741685225951495e-06,-2.993451338640735e-08,-4.433823484413102e-07,-4.104671596714432e-10,8.208607569723231e-07,-4.9890855494449206e-08,0.9999999999996618
160,25000000,160.025,indoor_world,differential_drive_robot,-3.5741685225951495e-06,-2.993451338640735e-08,-4.433823484413102e-07,-4.104671596714432e-10,8.208607569723231e-07,-4.9890855494449206e-08,0.9999999999996618
160,45000000,160.045,indoor_world,differential_drive_robot,-3.5741685225951495e-06,-2.993451338640735e-08,-4.433823484413102e-07,-4.104671596714432e-10,8.208607569723231e-07,-4.9890855494449206e-08,0.9999999999996618
160,65000000,160.065,indoor_world,differential_drive_robot,-3.5741685225951495e-06,-2.993451338640735e-08,-4.433823484413102e-07,-4.104671596714432e-10,8.208607569723231e-07,-4.9890855494449206e-08,0.9999999999996618
160,85000000,160.085,indoor_world,differential_drive_robot,-3.5741685225951495e-06,-2.993451338640735e-08,-4.433823484413102e-07,-4.104671596714432e-10,8.208607569723231e-07,-4.9890855494449206e-08,0.9999999999996618
160,105000000,160.105,indoor_world,differential_drive_robot,-3.5741685225951495e-06,-2.993451338640735e-08,-4.433823484413102e-07,-4.104671596714432e-10,8.208607569723231e-07,-4.9890855494449206e-08,0.9999999999996618
160,125000000,160.125,indoor_world,differential_drive_robot,-3.5741685225951495e-06,-2.993451338640735e-08,-4.433823484413102e-07,-4.104671596714432e-10,8.208607569723231e-07,-4.9890855494449206e-08,0.9999999999996618
160,145000000,160.145,indoor_world,differential_drive_robot,-3.5741685225951495e-06,-2.993451338640735e-08,-4.433823484413102e-07,-4.104671596714432e-10,8.208607569723231e-07,-4.9890855494449206e-08,0.9999999999996618
160,165000000,160.165,indoor_world,differential_drive_robot,-3.5741685225951495e-06,-2.993451338640735e-08,-4.433823484413102e-07,-4.104671596714432e-10,8.208607569723231e-07,-4.9890855494449206e-08,0.9999999999996618
160,185000000,160.185,indoor_world,differential_drive_robot,-3.5741685225951495e-06,-2.993451338640735e-08,-4.433823484413102e-07,-4.104671596714432e-10,8.208607569723231e-07,-4.9890855494449206e-08,0.9999999999996618
160,205000000,160.205,indoor_world,differential_drive_robot,-3.5741685225951495e-06,-2.993451338640735e-08,-4.433823484413102e-07,-4.104671596714432e-10,8.208607569723231e-07,-4.9890855494449206e-08,0.9999999999996618
160,225000000,160.225,indoor_world,differential_drive_robot,-3.5741685225951495e-06,-2.993451338640735e-08,-4.433823484413102e-07,-4.104671596714432e-10,8.208607569723231e-07,-4.9890855494449206e-08,0.9999999999996618
160,245000000,160.245,indoor_world,differential_drive_robot,-3.5741685225951495e-06,-2.993451338640735e-08,-4.433823484413102e-07,-4.104671596714432e-10,8.208607569723231e-07,-4.9890855494449206e-08,0.9999999999996618
160,265000000,160.265,indoor_world,differential_drive_robot,-3.5741685225951495e-06,-2.993451338640735e-08,-4.433823484413102e-07,-4.104671596714432e-10,8.208607569723231e-07,-4.9890855494449206e-08,0.9999999999996618
160,285000000,160.285,indoor_world,differential_drive_robot,-3.5741685225951495e-06,-2.993451338640735e-08,-4.433823484413102e-07,-4.104671596714432e-10,8.208607569723231e-07,-4.9890855494449206e-08,0.9999999999996618
160,305000000,160.305,indoor_world,differential_drive_robot,-3.5741685225951495e-06,-2.993451338640735e-08,-4.433823484413102e-07,-4.104671596714432e-10,8.208607569723231e-07,-4.9890855494449206e-08,0.9999999999996618
160,325000000,160.325,indoor_world,differential_drive_robot,-3.5741685225951495e-06,-2.993451338640735e-08,-4.433823484413102e-07,-4.104671596714432e-10,8.208607569723231e-07,-4.9890855494449206e-08,0.9999999999996618
160,345000000,160.345,indoor_world,differential_drive_robot,-3.5741685225951495e-06,-2.993451338640735e-08,-4.433823484413102e-07,-4.104671596714432e-10,8.208607569723231e-07,-4.9890855494449206e-08,0.9999999999996618
160,365000000,160.365,indoor_world,differential_drive_robot,-3.5741685225951495e-06,-2.993451338640735e-08,-4.433823484413102e-07,-4.104671596714432e-10,8.208607569723231e-07,-4.9890855494449206e-08,0.9999999999996618
160,385000000,160.385,indoor_world,differential_drive_robot,-3.5741685225951495e-06,-2.993451338640735e-08,-4.433823484413102e-07,-4.104671596714432e-10,8.208607569723231e-07,-4.9890855494449206e-08,0.9999999999996618
160,405000000,160.405,indoor_world,differential_drive_robot,-3.5741685225951495e-06,-2.993451338640735e-08,-4.433823484413102e-07,-4.104671596714432e-10,8.208607569723231e-07,-4.9890855494449206e-08,0.9999999999996618
160,425000000,160.425,indoor_world,differential_drive_robot,-3.5741685225951495e-06,-2.993451338640735e-08,-4.433823484413102e-07,-4.104671596714432e-10,8.208607569723231e-07,-4.9890855494449206e-08,0.9999999999996618
160,445000000,160.445,indoor_world,differential_drive_robot,-3.5741685225951495e-06,-2.993451338640735e-08,-4.433823484413102e-07,-4.104671596714432e-10,8.208607569723231e-07,-4.9890855494449206e-08,0.9999999999996618
160,465000000,160.465,indoor_world,differential_drive_robot,-3.5741685225951495e-06,-2.993451338640735e-08,-4.433823484413102e-07,-4.104671596714432e-10,8.208607569723231e-07,-4.9890855494449206e-08,0.9999999999996618
160,485000000,160.485,indoor_world,differential_drive_robot,-3.5741685225951495e-06,-2.993451338640735e-08,-4.433823484413102e-07,-4.104671596714432e-10,8.208607569723231e-07,-4.9890855494449206e-08,0.9999999999996618
160,505000000,160.505,indoor_world,differential_drive_robot,-3.5741685225951495e-06,-2.993451338640735e-08,-4.433823484413102e-07,-4.104671596714432e-10,8.208607569723231e-07,-4.9890855494449206e-08,0.9999999999996618
160,525000000,160.525,indoor_world,differential_drive_robot,-3.5741685225951495e-06,-2.993451338640735e-08,-4.433823484413102e-07,-4.104671596714432e-10,8.208607569723231e-07,-4.9890855494449206e-08,0.9999999999996618
160,545000000,160.545,indoor_world,differential_drive_robot,-3.5741685225951495e-06,-2.993451338640735e-08,-4.433823484413102e-07,-4.104671596714432e-10,8.208607569723231e-07,-4.9890855494449206e-08,0.9999999999996618
160,565000000,160.565,indoor_world,differential_drive_robot,-3.5741685225951495e-06,-2.993451338640735e-08,-4.433823484413102e-07,-4.104671596714432e-10,8.208607569723231e-07,-4.9890855494449206e-08,0.9999999999996618
160,585000000,160.585,indoor_world,differential_drive_robot,-3.5741685225951495e-06,-2.993451338640735e-08,-4.433823484413102e-07,-4.104671596714432e-10,8.208607569723231e-07,-4.9890855494449206e-08,0.9999999999996618
160,605000000,160.605,indoor_world,differential_drive_robot,-3.5741685225951495e-06,-2.993451338640735e-08,-4.433823484413102e-07,-4.104671596714432e-10,8.208607569723231e-07,-4.9890855494449206e-08,0.9999999999996618
160,625000000,160.625,indoor_world,differential_drive_robot,-3.5741685225951495e-06,-2.993451338640735e-08,-4.433823484413102e-07,-4.104671596714432e-10,8.208607569723231e-07,-4.9890855494449206e-08,0.9999999999996618
160,645000000,160.645,indoor_world,differential_drive_robot,-3.5741685225951495e-06,-2.993451338640735e-08,-4.433823484413102e-07,-4.104671596714432e-10,8.208607569723231e-07,-4.9890855494449206e-08,0.9999999999996618
160,665000000,160.665,indoor_world,differential_drive_robot,-3.5741685225951495e-06,-2.993451338640735e-08,-4.433823484413102e-07,-4.104671596714432e-10,8.208607569723231e-07,-4.9890855494449206e-08,0.9999999999996618
160,685000000,160.685,indoor_world,differential_drive_robot,-3.5741685225951495e-06,-2.993451338640735e-08,-4.433823484413102e-07,-4.104671596714432e-10,8.208607569723231e-07,-4.9890855494449206e-08,0.9999999999996618
160,705000000,160.705,indoor_world,differential_drive_robot,-3.5741685225951495e-06,-2.993451338640735e-08,-4.433823484413102e-07,-4.104671596714432e-10,8.208607569723231e-07,-4.9890855494449206e-08,0.9999999999996618
160,725000000,160.725,indoor_world,differential_drive_robot,-3.5741685225951495e-06,-2.993451338640735e-08,-4.433823484413102e-07,-4.104671596714432e-10,8.208607569723231e-07,-4.9890855494449206e-08,0.9999999999996618
160,745000000,160.745,indoor_world,differential_drive_robot,-3.5741685225951495e-06,-2.993451338640735e-08,-4.433823484413102e-07,-4.104671596714432e-10,8.208607569723231e-07,-4.9890855494449206e-08,0.9999999999996618
160,765000000,160.765,indoor_world,differential_drive_robot,-3.5741685225951495e-06,-2.993451338640735e-08,-4.433823484413102e-07,-4.104671596714432e-10,8.208607569723231e-07,-4.9890855494449206e-08,0.9999999999996618
160,785000000,160.785,indoor_world,differential_drive_robot,-3.5741685225951495e-06,-2.993451338640735e-08,-4.433823484413102e-07,-4.104671596714432e-10,8.208607569723231e-07,-4.9890855494449206e-08,0.9999999999996618
160,805000000,160.805,indoor_world,differential_drive_robot,-3.5741685225951495e-06,-2.993451338640735e-08,-4.433823484413102e-07,-4.104671596714432e-10,8.208607569723231e-07,-4.9890855494449206e-08,0.9999999999996618
160,825000000,160.825,indoor_world,differential_drive_robot,-3.5741685225951495e-06,-2.993451338640735e-08,-4.433823484413102e-07,-4.104671596714432e-10,8.208607569723231e-07,-4.9890855494449206e-08,0.9999999999996618
160,845000000,160.845,indoor_world,differential_drive_robot,-3.5741685225951495e-06,-2.993451338640735e-08,-4.433823484413102e-07,-4.104671596714432e-10,8.208607569723231e-07,-4.9890855494449206e-08,0.9999999999996618
160,865000000,160.865,indoor_world,differential_drive_robot,-3.5741685225951495e-06,-2.993451338640735e-08,-4.433823484413102e-07,-4.104671596714432e-10,8.208607569723231e-07,-4.9890855494449206e-08,0.9999999999996618
160,885000000,160.885,indoor_world,differential_drive_robot,-3.5741685225951495e-06,-2.993451338640735e-08,-4.433823484413102e-07,-4.104671596714432e-10,8.208607569723231e-07,-4.9890855494449206e-08,0.9999999999996618
160,905000000,160.905,indoor_world,differential_drive_robot,-3.5741685225951495e-06,-2.993451338640735e-08,-4.433823484413102e-07,-4.104671596714432e-10,8.208607569723231e-07,-4.9890855494449206e-08,0.9999999999996618
160,925000000,160.925,indoor_world,differential_drive_robot,-3.5741685225951495e-06,-2.993451338640735e-08,-4.433823484413102e-07,-4.104671596714432e-10,8.208607569723231e-07,-4.9890855494449206e-08,0.9999999999996618
160,945000000,160.945,indoor_world,differential_drive_robot,-3.5741685225951495e-06,-2.993451338640735e-08,-4.433823484413102e-07,-4.104671596714432e-10,8.208607569723231e-07,-4.9890855494449206e-08,0.9999999999996618
160,965000000,160.965,indoor_world,differential_drive_robot,-3.5741685225951495e-06,-2.993451338640735e-08,-4.433823484413102e-07,-4.104671596714432e-10,8.208607569723231e-07,-4.9890855494449206e-08,0.9999999999996618
160,985000000,160.985,indoor_world,differential_drive_robot,-3.5741685225951495e-06,-2.993451338640735e-08,-4.433823484413102e-07,-4.104671596714432e-10,8.208607569723231e-07,-4.9890855494449206e-08,0.9999999999996618
161,5000000,161.005,indoor_world,differential_drive_robot,-3.5741685225951495e-06,-2.993451338640735e-08,-4.433823484413102e-07,-4.104671596714432e-10,8.208607569723231e-07,-4.9890855494449206e-08,0.9999999999996618
161,25000000,161.025,indoor_world,differential_drive_robot,-3.5741685225951495e-06,-2.993451338640735e-08,-4.433823484413102e-07,-4.104671596714432e-10,8.208607569723231e-07,-4.9890855494449206e-08,0.9999999999996618
161,45000000,161.045,indoor_world,differential_drive_robot,-3.5741685225951495e-06,-2.993451338640735e-08,-4.433823484413102e-07,-4.104671596714432e-10,8.208607569723231e-07,-4.9890855494449206e-08,0.9999999999996618
161,65000000,161.065,indoor_world,differential_drive_robot,-3.5741685225951495e-06,-2.993451338640735e-08,-4.433823484413102e-07,-4.104671596714432e-10,8.208607569723231e-07,-4.9890855494449206e-08,0.9999999999996618
161,85000000,161.085,indoor_world,differential_drive_robot,-3.5741685225951495e-06,-2.993451338640735e-08,-4.433823484413102e-07,-4.104671596714432e-10,8.208607569723231e-07,-4.9890855494449206e-08,0.9999999999996618
161,105000000,161.105,indoor_world,differential_drive_robot,-3.5741685225951495e-06,-2.993451338640735e-08,-4.433823484413102e-07,-4.104671596714432e-10,8.208607569723231e-07,-4.9890855494449206e-08,0.9999999999996618
161,125000000,161.125,indoor_world,differential_drive_robot,-3.5741685225951495e-06,-2.993451338640735e-08,-4.433823484413102e-07,-4.104671596714432e-10,8.208607569723231e-07,-4.9890855494449206e-08,0.9999999999996618
161,145000000,161.145,indoor_world,differential_drive_robot,-3.5741685225951495e-06,-2.993451338640735e-08,-4.433823484413102e-07,-4.104671596714432e-10,8.208607569723231e-07,-4.9890855494449206e-08,0.9999999999996618
161,165000000,161.165,indoor_world,differential_drive_robot,-3.5741685225951495e-06,-2.993451338640735e-08,-4.433823484413102e-07,-4.104671596714432e-10,8.208607569723231e-07,-4.9890855494449206e-08,0.9999999999996618
161,185000000,161.185,indoor_world,differential_drive_robot,-3.5741685225951495e-06,-2.993451338640735e-08,-4.433823484413102e-07,-4.104671596714432e-10,8.208607569723231e-07,-4.9890855494449206e-08,0.9999999999996618
161,205000000,161.205,indoor_world,differential_drive_robot,-3.5741685225951495e-06,-2.993451338640735e-08,-4.433823484413102e-07,-4.104671596714432e-10,8.208607569723231e-07,-4.9890855494449206e-08,0.9999999999996618
161,225000000,161.225,indoor_world,differential_drive_robot,-3.5741685225951495e-06,-2.993451338640735e-08,-4.433823484413102e-07,-4.104671596714432e-10,8.208607569723231e-07,-4.9890855494449206e-08,0.9999999999996618
161,245000000,161.245,indoor_world,differential_drive_robot,-3.5741685225951495e-06,-2.993451338640735e-08,-4.433823484413102e-07,-4.104671596714432e-10,8.208607569723231e-07,-4.9890855494449206e-08,0.9999999999996618
161,265000000,161.265,indoor_world,differential_drive_robot,-3.5741685225951495e-06,-2.993451338640735e-08,-4.433823484413102e-07,-4.104671596714432e-10,8.208607569723231e-07,-4.9890855494449206e-08,0.9999999999996618
161,285000000,161.285,indoor_world,differential_drive_robot,-3.5741685225951495e-06,-2.993451338640735e-08,-4.433823484413102e-07,-4.104671596714432e-10,8.208607569723231e-07,-4.9890855494449206e-08,0.9999999999996618
161,305000000,161.305,indoor_world,differential_drive_robot,-3.5741685225951495e-06,-2.993451338640735e-08,-4.433823484413102e-07,-4.104671596714432e-10,8.208607569723231e-07,-4.9890855494449206e-08,0.9999999999996618
161,325000000,161.325,indoor_world,differential_drive_robot,-3.5741685225951495e-06,-2.993451338640735e-08,-4.433823484413102e-07,-4.104671596714432e-10,8.208607569723231e-07,-4.9890855494449206e-08,0.9999999999996618
161,345000000,161.345,indoor_world,differential_drive_robot,-3.5741685225951495e-06,-2.993451338640735e-08,-4.433823484413102e-07,-4.104671596714432e-10,8.208607569723231e-07,-4.9890855494449206e-08,0.9999999999996618
161,365000000,161.365,indoor_world,differential_drive_robot,-3.5741685225951495e-06,-2.993451338640735e-08,-4.433823484413102e-07,-4.104671596714432e-10,8.208607569723231e-07,-4.9890855494449206e-08,0.9999999999996618
161,385000000,161.385,indoor_world,differential_drive_robot,-3.5741685225951495e-06,-2.993451338640735e-08,-4.433823484413102e-07,-4.104671596714432e-10,8.208607569723231e-07,-4.9890855494449206e-08,0.9999999999996618
161,405000000,161.405,indoor_world,differential_drive_robot,-3.5741685225951495e-06,-2.993451338640735e-08,-4.433823484413102e-07,-4.104671596714432e-10,8.208607569723231e-07,-4.9890855494449206e-08,0.9999999999996618
161,425000000,161.425,indoor_world,differential_drive_robot,-3.5741685225951495e-06,-2.993451338640735e-08,-4.433823484413102e-07,-4.104671596714432e-10,8.208607569723231e-07,-4.9890855494449206e-08,0.9999999999996618
161,445000000,161.445,indoor_world,differential_drive_robot,-3.5741685225951495e-06,-2.993451338640735e-08,-4.433823484413102e-07,-4.104671596714432e-10,8.208607569723231e-07,-4.9890855494449206e-08,0.9999999999996618
161,465000000,161.465,indoor_world,differential_drive_robot,-3.5741685225951495e-06,-2.993451338640735e-08,-4.433823484413102e-07,-4.104671596714432e-10,8.208607569723231e-07,-4.9890855494449206e-08,0.9999999999996618
161,485000000,161.485,indoor_world,differential_drive_robot,-3.5741685225951495e-06,-2.993451338640735e-08,-4.433823484413102e-07,-4.104671596714432e-10,8.208607569723231e-07,-4.9890855494449206e-08,0.9999999999996618
161,505000000,161.505,indoor_world,differential_drive_robot,-3.5741685225951495e-06,-2.993451338640735e-08,-4.433823484413102e-07,-4.104671596714432e-10,8.208607569723231e-07,-4.9890855494449206e-08,0.9999999999996618
161,525000000,161.525,indoor_world,differential_drive_robot,-3.5741685225951495e-06,-2.993451338640735e-08,-4.433823484413102e-07,-4.104671596714432e-10,8.208607569723231e-07,-4.9890855494449206e-08,0.9999999999996618
161,545000000,161.545,indoor_world,differential_drive_robot,-3.5741685225951495e-06,-2.993451338640735e-08,-4.433823484413102e-07,-4.104671596714432e-10,8.208607569723231e-07,-4.9890855494449206e-08,0.9999999999996618
161,565000000,161.565,indoor_world,differential_drive_robot,-3.5741685225951495e-06,-2.993451338640735e-08,-4.433823484413102e-07,-4.104671596714432e-10,8.208607569723231e-07,-4.9890855494449206e-08,0.9999999999996618
161,585000000,161.585,indoor_world,differential_drive_robot,-3.5741685225951495e-06,-2.993451338640735e-08,-4.433823484413102e-07,-4.104671596714432e-10,8.208607569723231e-07,-4.9890855494449206e-08,0.9999999999996618
161,605000000,161.605,indoor_world,differential_drive_robot,-3.5741685225951495e-06,-2.993451338640735e-08,-4.433823484413102e-07,-4.104671596714432e-10,8.208607569723231e-07,-4.9890855494449206e-08,0.9999999999996618
161,625000000,161.625,indoor_world,differential_drive_robot,-3.5741685225951495e-06,-2.993451338640735e-08,-4.433823484413102e-07,-4.104671596714432e-10,8.208607569723231e-07,-4.9890855494449206e-08,0.9999999999996618
161,645000000,161.645,indoor_world,differential_drive_robot,-3.5741685225951495e-06,-2.993451338640735e-08,-4.433823484413102e-07,-4.104671596714432e-10,8.208607569723231e-07,-4.9890855494449206e-08,0.9999999999996618
161,665000000,161.665,indoor_world,differential_drive_robot,-3.5741685225951495e-06,-2.993451338640735e-08,-4.433823484413102e-07,-4.104671596714432e-10,8.208607569723231e-07,-4.9890855494449206e-08,0.9999999999996618
161,685000000,161.685,indoor_world,differential_drive_robot,-3.5741685225951495e-06,-2.993451338640735e-08,-4.433823484413102e-07,-4.104671596714432e-10,8.208607569723231e-07,-4.9890855494449206e-08,0.9999999999996618
161,705000000,161.705,indoor_world,differential_drive_robot,-3.5741685225951495e-06,-2.993451338640735e-08,-4.433823484413102e-07,-4.104671596714432e-10,8.208607569723231e-07,-4.9890855494449206e-08,0.9999999999996618
161,725000000,161.725,indoor_world,differential_drive_robot,-3.5741685225951495e-06,-2.993451338640735e-08,-4.433823484413102e-07,-4.104671596714432e-10,8.208607569723231e-07,-4.9890855494449206e-08,0.9999999999996618
161,745000000,161.745,indoor_world,differential_drive_robot,-3.5741685225951495e-06,-2.993451338640735e-08,-4.433823484413102e-07,-4.104671596714432e-10,8.208607569723231e-07,-4.9890855494449206e-08,0.9999999999996618
161,765000000,161.765,indoor_world,differential_drive_robot,-3.5741685225951495e-06,-2.993451338640735e-08,-4.433823484413102e-07,-4.104671596714432e-10,8.208607569723231e-07,-4.9890855494449206e-08,0.9999999999996618
161,785000000,161.785,indoor_world,differential_drive_robot,-3.5741685225951495e-06,-2.993451338640735e-08,-4.433823484413102e-07,-4.104671596714432e-10,8.208607569723231e-07,-4.9890855494449206e-08,0.9999999999996618
161,805000000,161.805,indoor_world,differential_drive_robot,-3.5741685225951495e-06,-2.993451338640735e-08,-4.433823484413102e-07,-4.104671596714432e-10,8.208607569723231e-07,-4.9890855494449206e-08,0.9999999999996618
161,825000000,161.825,indoor_world,differential_drive_robot,-3.5741685225951495e-06,-2.993451338640735e-08,-4.433823484413102e-07,-4.104671596714432e-10,8.208607569723231e-07,-4.9890855494449206e-08,0.9999999999996618
161,845000000,161.845,indoor_world,differential_drive_robot,-3.5741685225951495e-06,-2.993451338640735e-08,-4.433823484413102e-07,-4.104671596714432e-10,8.208607569723231e-07,-4.9890855494449206e-08,0.9999999999996618
161,865000000,161.865,indoor_world,differential_drive_robot,-3.5741685225951495e-06,-2.993451338640735e-08,-4.433823484413102e-07,-4.104671596714432e-10,8.208607569723231e-07,-4.9890855494449206e-08,0.9999999999996618
161,885000000,161.885,indoor_world,differential_drive_robot,-3.5741685225951495e-06,-2.993451338640735e-08,-4.433823484413102e-07,-4.104671596714432e-10,8.208607569723231e-07,-4.9890855494449206e-08,0.9999999999996618
161,905000000,161.905,indoor_world,differential_drive_robot,-3.5741685225951495e-06,-2.993451338640735e-08,-4.433823484413102e-07,-4.104671596714432e-10,8.208607569723231e-07,-4.9890855494449206e-08,0.9999999999996618
161,925000000,161.925,indoor_world,differential_drive_robot,-3.5741685225951495e-06,-2.993451338640735e-08,-4.433823484413102e-07,-4.104671596714432e-10,8.208607569723231e-07,-4.9890855494449206e-08,0.9999999999996618
161,945000000,161.945,indoor_world,differential_drive_robot,-3.5741685225951495e-06,-2.993451338640735e-08,-4.433823484413102e-07,-4.104671596714432e-10,8.208607569723231e-07,-4.9890855494449206e-08,0.9999999999996618
161,965000000,161.965,indoor_world,differential_drive_robot,-3.5741685225951495e-06,-2.993451338640735e-08,-4.433823484413102e-07,-4.104671596714432e-10,8.208607569723231e-07,-4.9890855494449206e-08,0.9999999999996618
161,985000000,161.985,indoor_world,differential_drive_robot,-3.5741685225951495e-06,-2.993451338640735e-08,-4.433823484413102e-07,-4.104671596714432e-10,8.208607569723231e-07,-4.9890855494449206e-08,0.9999999999996618
162,5000000,162.005,indoor_world,differential_drive_robot,-3.5741685225951495e-06,-2.993451338640735e-08,-4.433823484413102e-07,-4.104671596714432e-10,8.208607569723231e-07,-4.9890855494449206e-08,0.9999999999996618
162,25000000,162.025,indoor_world,differential_drive_robot,-3.5741685225951495e-06,-2.993451338640735e-08,-4.433823484413102e-07,-4.104671596714432e-10,8.208607569723231e-07,-4.9890855494449206e-08,0.9999999999996618
162,45000000,162.045,indoor_world,differential_drive_robot,-3.5741685225951495e-06,-2.993451338640735e-08,-4.433823484413102e-07,-4.104671596714432e-10,8.208607569723231e-07,-4.9890855494449206e-08,0.9999999999996618
162,65000000,162.065,indoor_world,differential_drive_robot,-3.5741685225951495e-06,-2.993451338640735e-08,-4.433823484413102e-07,-4.104671596714432e-10,8.208607569723231e-07,-4.9890855494449206e-08,0.9999999999996618
162,85000000,162.085,indoor_world,differential_drive_robot,-3.5741685225951495e-06,-2.993451338640735e-08,-4.433823484413102e-07,-4.104671596714432e-10,8.208607569723231e-07,-4.9890855494449206e-08,0.9999999999996618
162,105000000,162.105,indoor_world,differential_drive_robot,-3.5741685225951495e-06,-2.993451338640735e-08,-4.433823484413102e-07,-4.104671596714432e-10,8.208607569723231e-07,-4.9890855494449206e-08,0.9999999999996618
162,125000000,162.125,indoor_world,differential_drive_robot,-3.5741685225951495e-06,-2.993451338640735e-08,-4.433823484413102e-07,-4.104671596714432e-10,8.208607569723231e-07,-4.9890855494449206e-08,0.9999999999996618
162,145000000,162.145,indoor_world,differential_drive_robot,-3.5741685225951495e-06,-2.993451338640735e-08,-4.433823484413102e-07,-4.104671596714432e-10,8.208607569723231e-07,-4.9890855494449206e-08,0.9999999999996618
162,165000000,162.165,indoor_world,differential_drive_robot,-3.5741685225951495e-06,-2.993451338640735e-08,-4.433823484413102e-07,-4.104671596714432e-10,8.208607569723231e-07,-4.9890855494449206e-08,0.9999999999996618
162,185000000,162.185,indoor_world,differential_drive_robot,-3.5741685225951495e-06,-2.993451338640735e-08,-4.433823484413102e-07,-4.104671596714432e-10,8.208607569723231e-07,-4.9890855494449206e-08,0.9999999999996618
162,205000000,162.205,indoor_world,differential_drive_robot,-3.5741685225951495e-06,-2.993451338640735e-08,-4.433823484413102e-07,-4.104671596714432e-10,8.208607569723231e-07,-4.9890855494449206e-08,0.9999999999996618
162,225000000,162.225,indoor_world,differential_drive_robot,-3.5741685225951495e-06,-2.993451338640735e-08,-4.433823484413102e-07,-4.104671596714432e-10,8.208607569723231e-07,-4.9890855494449206e-08,0.9999999999996618
162,245000000,162.245,indoor_world,differential_drive_robot,-3.5741685225951495e-06,-2.993451338640735e-08,-4.433823484413102e-07,-4.104671596714432e-10,8.208607569723231e-07,-4.9890855494449206e-08,0.9999999999996618
162,265000000,162.265,indoor_world,differential_drive_robot,-3.5741685225951495e-06,-2.993451338640735e-08,-4.433823484413102e-07,-4.104671596714432e-10,8.208607569723231e-07,-4.9890855494449206e-08,0.9999999999996618
162,285000000,162.285,indoor_world,differential_drive_robot,-3.5741685225951495e-06,-2.993451338640735e-08,-4.433823484413102e-07,-4.104671596714432e-10,8.208607569723231e-07,-4.9890855494449206e-08,0.9999999999996618
162,305000000,162.305,indoor_world,differential_drive_robot,-3.5741685225951495e-06,-2.993451338640735e-08,-4.433823484413102e-07,-4.104671596714432e-10,8.208607569723231e-07,-4.9890855494449206e-08,0.9999999999996618
162,325000000,162.325,indoor_world,differential_drive_robot,-3.5741685225951495e-06,-2.993451338640735e-08,-4.433823484413102e-07,-4.104671596714432e-10,8.208607569723231e-07,-4.9890855494449206e-08,0.9999999999996618
162,345000000,162.345,indoor_world,differential_drive_robot,-3.5741685225951495e-06,-2.993451338640735e-08,-4.433823484413102e-07,-4.104671596714432e-10,8.208607569723231e-07,-4.9890855494449206e-08,0.9999999999996618
162,365000000,162.365,indoor_world,differential_drive_robot,-3.5741685225951495e-06,-2.993451338640735e-08,-4.433823484413102e-07,-4.104671596714432e-10,8.208607569723231e-07,-4.9890855494449206e-08,0.9999999999996618
162,385000000,162.385,indoor_world,differential_drive_robot,-3.5741685225951495e-06,-2.993451338640735e-08,-4.433823484413102e-07,-4.104671596714432e-10,8.208607569723231e-07,-4.9890855494449206e-08,0.9999999999996618
162,405000000,162.405,indoor_world,differential_drive_robot,-3.5741685225951495e-06,-2.993451338640735e-08,-4.433823484413102e-07,-4.104671596714432e-10,8.208607569723231e-07,-4.9890855494449206e-08,0.9999999999996618
162,425000000,162.425,indoor_world,differential_drive_robot,-3.5741685225951495e-06,-2.993451338640735e-08,-4.433823484413102e-07,-4.104671596714432e-10,8.208607569723231e-07,-4.9890855494449206e-08,0.9999999999996618
162,445000000,162.445,indoor_world,differential_drive_robot,-3.5741685225951495e-06,-2.993451338640735e-08,-4.433823484413102e-07,-4.104671596714432e-10,8.208607569723231e-07,-4.9890855494449206e-08,0.9999999999996618
162,465000000,162.465,indoor_world,differential_drive_robot,-3.5741685225951495e-06,-2.993451338640735e-08,-4.433823484413102e-07,-4.104671596714432e-10,8.208607569723231e-07,-4.9890855494449206e-08,0.9999999999996618
162,485000000,162.485,indoor_world,differential_drive_robot,-3.5741685225951495e-06,-2.993451338640735e-08,-4.433823484413102e-07,-4.104671596714432e-10,8.208607569723231e-07,-4.9890855494449206e-08,0.9999999999996618
162,505000000,162.505,indoor_world,differential_drive_robot,-3.5741685225951495e-06,-2.993451338640735e-08,-4.433823484413102e-07,-4.104671596714432e-10,8.208607569723231e-07,-4.9890855494449206e-08,0.9999999999996618
162,525000000,162.525,indoor_world,differential_drive_robot,-3.5741685225951495e-06,-2.993451338640735e-08,-4.433823484413102e-07,-4.104671596714432e-10,8.208607569723231e-07,-4.9890855494449206e-08,0.9999999999996618
162,545000000,162.545,indoor_world,differential_drive_robot,-3.5741685225951495e-06,-2.993451338640735e-08,-4.433823484413102e-07,-4.104671596714432e-10,8.208607569723231e-07,-4.9890855494449206e-08,0.9999999999996618
162,565000000,162.565,indoor_world,differential_drive_robot,-3.5741685225951495e-06,-2.993451338640735e-08,-4.433823484413102e-07,-4.104671596714432e-10,8.208607569723231e-07,-4.9890855494449206e-08,0.9999999999996618
162,585000000,162.585,indoor_world,differential_drive_robot,-3.5741685225951495e-06,-2.993451338640735e-08,-4.433823484413102e-07,-4.104671596714432e-10,8.208607569723231e-07,-4.9890855494449206e-08,0.9999999999996618
162,605000000,162.605,indoor_world,differential_drive_robot,-3.5741685225951495e-06,-2.993451338640735e-08,-4.433823484413102e-07,-4.104671596714432e-10,8.208607569723231e-07,-4.9890855494449206e-08,0.9999999999996618
162,625000000,162.625,indoor_world,differential_drive_robot,-3.5741685225951495e-06,-2.993451338640735e-08,-4.433823484413102e-07,-4.104671596714432e-10,8.208607569723231e-07,-4.9890855494449206e-08,0.9999999999996618
162,645000000,162.645,indoor_world,differential_drive_robot,-3.5741685225951495e-06,-2.993451338640735e-08,-4.433823484413102e-07,-4.104671596714432e-10,8.208607569723231e-07,-4.9890855494449206e-08,0.9999999999996618
162,665000000,162.665,indoor_world,differential_drive_robot,-3.5741685225951495e-06,-2.993451338640735e-08,-4.433823484413102e-07,-4.104671596714432e-10,8.208607569723231e-07,-4.9890855494449206e-08,0.9999999999996618
162,685000000,162.685,indoor_world,differential_drive_robot,-3.5741685225951495e-06,-2.993451338640735e-08,-4.433823484413102e-07,-4.104671596714432e-10,8.208607569723231e-07,-4.9890855494449206e-08,0.9999999999996618
162,705000000,162.705,indoor_world,differential_drive_robot,-3.5741685225951495e-06,-2.993451338640735e-08,-4.433823484413102e-07,-4.104671596714432e-10,8.208607569723231e-07,-4.9890855494449206e-08,0.9999999999996618
162,725000000,162.725,indoor_world,differential_drive_robot,-3.5741685225951495e-06,-2.993451338640735e-08,-4.433823484413102e-07,-4.104671596714432e-10,8.208607569723231e-07,-4.9890855494449206e-08,0.9999999999996618
162,745000000,162.745,indoor_world,differential_drive_robot,-3.5741685225951495e-06,-2.993451338640735e-08,-4.433823484413102e-07,-4.104671596714432e-10,8.208607569723231e-07,-4.9890855494449206e-08,0.9999999999996618
162,765000000,162.765,indoor_world,differential_drive_robot,-3.5741685225951495e-06,-2.993451338640735e-08,-4.433823484413102e-07,-4.104671596714432e-10,8.208607569723231e-07,-4.9890855494449206e-08,0.9999999999996618
162,785000000,162.785,indoor_world,differential_drive_robot,-3.5741685225951495e-06,-2.993451338640735e-08,-4.433823484413102e-07,-4.104671596714432e-10,8.208607569723231e-07,-4.9890855494449206e-08,0.9999999999996618
162,805000000,162.805,indoor_world,differential_drive_robot,-3.5741685225951495e-06,-2.993451338640735e-08,-4.433823484413102e-07,-4.104671596714432e-10,8.208607569723231e-07,-4.9890855494449206e-08,0.9999999999996618
162,825000000,162.825,indoor_world,differential_drive_robot,-3.5741685225951495e-06,-2.993451338640735e-08,-4.433823484413102e-07,-4.104671596714432e-10,8.208607569723231e-07,-4.9890855494449206e-08,0.9999999999996618
162,845000000,162.845,indoor_world,differential_drive_robot,-3.5741685225951495e-06,-2.993451338640735e-08,-4.433823484413102e-07,-4.104671596714432e-10,8.208607569723231e-07,-4.9890855494449206e-08,0.9999999999996618
162,865000000,162.865,indoor_world,differential_drive_robot,-3.5741685225951495e-06,-2.993451338640735e-08,-4.433823484413102e-07,-4.104671596714432e-10,8.208607569723231e-07,-4.9890855494449206e-08,0.9999999999996618
162,885000000,162.885,indoor_world,differential_drive_robot,-3.5741685225951495e-06,-2.993451338640735e-08,-4.433823484413102e-07,-4.104671596714432e-10,8.208607569723231e-07,-4.9890855494449206e-08,0.9999999999996618
162,905000000,162.905,indoor_world,differential_drive_robot,-3.5741685225951495e-06,-2.993451338640735e-08,-4.433823484413102e-07,-4.104671596714432e-10,8.208607569723231e-07,-4.9890855494449206e-08,0.9999999999996618
162,925000000,162.925,indoor_world,differential_drive_robot,-3.5741685225951495e-06,-2.993451338640735e-08,-4.433823484413102e-07,-4.104671596714432e-10,8.208607569723231e-07,-4.9890855494449206e-08,0.9999999999996618
162,945000000,162.945,indoor_world,differential_drive_robot,-3.5741685225951495e-06,-2.993451338640735e-08,-4.433823484413102e-07,-4.104671596714432e-10,8.208607569723231e-07,-4.9890855494449206e-08,0.9999999999996618
162,965000000,162.965,indoor_world,differential_drive_robot,-3.5741685225951495e-06,-2.993451338640735e-08,-4.433823484413102e-07,-4.104671596714432e-10,8.208607569723231e-07,-4.9890855494449206e-08,0.9999999999996618
162,985000000,162.985,indoor_world,differential_drive_robot,-3.5741685225951495e-06,-2.993451338640735e-08,-4.433823484413102e-07,-4.104671596714432e-10,8.208607569723231e-07,-4.9890855494449206e-08,0.9999999999996618
163,5000000,163.005,indoor_world,differential_drive_robot,-3.5741685225951495e-06,-2.993451338640735e-08,-4.433823484413102e-07,-4.104671596714432e-10,8.208607569723231e-07,-4.9890855494449206e-08,0.9999999999996618
163,25000000,163.025,indoor_world,differential_drive_robot,-3.5741685225951495e-06,-2.993451338640735e-08,-4.433823484413102e-07,-4.104671596714432e-10,8.208607569723231e-07,-4.9890855494449206e-08,0.9999999999996618
163,45000000,163.045,indoor_world,differential_drive_robot,-3.5741685225951495e-06,-2.993451338640735e-08,-4.433823484413102e-07,-4.104671596714432e-10,8.208607569723231e-07,-4.9890855494449206e-08,0.9999999999996618
163,65000000,163.065,indoor_world,differential_drive_robot,-3.5741685225951495e-06,-2.993451338640735e-08,-4.433823484413102e-07,-4.104671596714432e-10,8.208607569723231e-07,-4.9890855494449206e-08,0.9999999999996618
163,85000000,163.085,indoor_world,differential_drive_robot,-3.5741685225951495e-06,-2.993451338640735e-08,-4.433823484413102e-07,-4.104671596714432e-10,8.208607569723231e-07,-4.9890855494449206e-08,0.9999999999996618
163,105000000,163.105,indoor_world,differential_drive_robot,-3.5741685225951495e-06,-2.993451338640735e-08,-4.433823484413102e-07,-4.104671596714432e-10,8.208607569723231e-07,-4.9890855494449206e-08,0.9999999999996618
163,125000000,163.125,indoor_world,differential_drive_robot,-3.5741685225951495e-06,-2.993451338640735e-08,-4.433823484413102e-07,-4.104671596714432e-10,8.208607569723231e-07,-4.9890855494449206e-08,0.9999999999996618
163,145000000,163.145,indoor_world,differential_drive_robot,-3.5741685225951495e-06,-2.993451338640735e-08,-4.433823484413102e-07,-4.104671596714432e-10,8.208607569723231e-07,-4.9890855494449206e-08,0.9999999999996618
163,165000000,163.165,indoor_world,differential_drive_robot,-3.5741685225951495e-06,-2.993451338640735e-08,-4.433823484413102e-07,-4.104671596714432e-10,8.208607569723231e-07,-4.9890855494449206e-08,0.9999999999996618
163,185000000,163.185,indoor_world,differential_drive_robot,-3.5741685225951495e-06,-2.993451338640735e-08,-4.433823484413102e-07,-4.104671596714432e-10,8.208607569723231e-07,-4.9890855494449206e-08,0.9999999999996618
163,205000000,163.205,indoor_world,differential_drive_robot,-3.5741685225951495e-06,-2.993451338640735e-08,-4.433823484413102e-07,-4.104671596714432e-10,8.208607569723231e-07,-4.9890855494449206e-08,0.9999999999996618
163,225000000,163.225,indoor_world,differential_drive_robot,-3.5741685225951495e-06,-2.993451338640735e-08,-4.433823484413102e-07,-4.104671596714432e-10,8.208607569723231e-07,-4.9890855494449206e-08,0.9999999999996618
163,245000000,163.245,indoor_world,differential_drive_robot,-3.5741685225951495e-06,-2.993451338640735e-08,-4.433823484413102e-07,-4.104671596714432e-10,8.208607569723231e-07,-4.9890855494449206e-08,0.9999999999996618
163,265000000,163.265,indoor_world,differential_drive_robot,-3.5741685225951495e-06,-2.993451338640735e-08,-4.433823484413102e-07,-4.104671596714432e-10,8.208607569723231e-07,-4.9890855494449206e-08,0.9999999999996618
163,285000000,163.285,indoor_world,differential_drive_robot,-3.5741685225951495e-06,-2.993451338640735e-08,-4.433823484413102e-07,-4.104671596714432e-10,8.208607569723231e-07,-4.9890855494449206e-08,0.9999999999996618
163,305000000,163.305,indoor_world,differential_drive_robot,-3.5741685225951495e-06,-2.993451338640735e-08,-4.433823484413102e-07,-4.104671596714432e-10,8.208607569723231e-07,-4.9890855494449206e-08,0.9999999999996618
163,325000000,163.325,indoor_world,differential_drive_robot,-3.5741685225951495e-06,-2.993451338640735e-08,-4.433823484413102e-07,-4.104671596714432e-10,8.208607569723231e-07,-4.9890855494449206e-08,0.9999999999996618
163,345000000,163.345,indoor_world,differential_drive_robot,-3.5741685225951495e-06,-2.993451338640735e-08,-4.433823484413102e-07,-4.104671596714432e-10,8.208607569723231e-07,-4.9890855494449206e-08,0.9999999999996618
163,365000000,163.365,indoor_world,differential_drive_robot,-3.5741685225951495e-06,-2.993451338640735e-08,-4.433823484413102e-07,-4.104671596714432e-10,8.208607569723231e-07,-4.9890855494449206e-08,0.9999999999996618
163,385000000,163.385,indoor_world,differential_drive_robot,-3.5741685225951495e-06,-2.993451338640735e-08,-4.433823484413102e-07,-4.104671596714432e-10,8.208607569723231e-07,-4.9890855494449206e-08,0.9999999999996618
163,405000000,163.405,indoor_world,differential_drive_robot,-3.5741685225951495e-06,-2.993451338640735e-08,-4.433823484413102e-07,-4.104671596714432e-10,8.208607569723231e-07,-4.9890855494449206e-08,0.9999999999996618
163,425000000,163.425,indoor_world,differential_drive_robot,-3.5741685225951495e-06,-2.993451338640735e-08,-4.433823484413102e-07,-4.104671596714432e-10,8.208607569723231e-07,-4.9890855494449206e-08,0.9999999999996618
163,445000000,163.445,indoor_world,differential_drive_robot,-3.5741685225951495e-06,-2.993451338640735e-08,-4.433823484413102e-07,-4.104671596714432e-10,8.208607569723231e-07,-4.9890855494449206e-08,0.9999999999996618
163,465000000,163.465,indoor_world,differential_drive_robot,-3.5741685225951495e-06,-2.993451338640735e-08,-4.433823484413102e-07,-4.104671596714432e-10,8.208607569723231e-07,-4.9890855494449206e-08,0.9999999999996618
163,485000000,163.485,indoor_world,differential_drive_robot,-3.5741685225951495e-06,-2.993451338640735e-08,-4.433823484413102e-07,-4.104671596714432e-10,8.208607569723231e-07,-4.9890855494449206e-08,0.9999999999996618
163,505000000,163.505,indoor_world,differential_drive_robot,-3.5741685225951495e-06,-2.993451338640735e-08,-4.433823484413102e-07,-4.104671596714432e-10,8.208607569723231e-07,-4.9890855494449206e-08,0.9999999999996618
163,525000000,163.525,indoor_world,differential_drive_robot,-3.5741685225951495e-06,-2.993451338640735e-08,-4.433823484413102e-07,-4.104671596714432e-10,8.208607569723231e-07,-4.9890855494449206e-08,0.9999999999996618
163,545000000,163.545,indoor_world,differential_drive_robot,-3.5741685225951495e-06,-2.993451338640735e-08,-4.433823484413102e-07,-4.104671596714432e-10,8.208607569723231e-07,-4.9890855494449206e-08,0.9999999999996618
163,565000000,163.565,indoor_world,differential_drive_robot,-3.5741685225951495e-06,-2.993451338640735e-08,-4.433823484413102e-07,-4.104671596714432e-10,8.208607569723231e-07,-4.9890855494449206e-08,0.9999999999996618
163,585000000,163.585,indoor_world,differential_drive_robot,-3.5741685225951495e-06,-2.993451338640735e-08,-4.433823484413102e-07,-4.104671596714432e-10,8.208607569723231e-07,-4.9890855494449206e-08,0.9999999999996618
163,605000000,163.605,indoor_world,differential_drive_robot,-3.5741685225951495e-06,-2.993451338640735e-08,-4.433823484413102e-07,-4.104671596714432e-10,8.208607569723231e-07,-4.9890855494449206e-08,0.9999999999996618
163,625000000,163.625,indoor_world,differential_drive_robot,-3.5741685225951495e-06,-2.993451338640735e-08,-4.433823484413102e-07,-4.104671596714432e-10,8.208607569723231e-07,-4.9890855494449206e-08,0.9999999999996618
163,645000000,163.645,indoor_world,differential_drive_robot,-3.5741685225951495e-06,-2.993451338640735e-08,-4.433823484413102e-07,-4.104671596714432e-10,8.208607569723231e-07,-4.9890855494449206e-08,0.9999999999996618
163,665000000,163.665,indoor_world,differential_drive_robot,-3.5741685225951495e-06,-2.993451338640735e-08,-4.433823484413102e-07,-4.104671596714432e-10,8.208607569723231e-07,-4.9890855494449206e-08,0.9999999999996618
163,685000000,163.685,indoor_world,differential_drive_robot,-3.5741685225951495e-06,-2.993451338640735e-08,-4.433823484413102e-07,-4.104671596714432e-10,8.208607569723231e-07,-4.9890855494449206e-08,0.9999999999996618
163,705000000,163.705,indoor_world,differential_drive_robot,-3.5741685225951495e-06,-2.993451338640735e-08,-4.433823484413102e-07,-4.104671596714432e-10,8.208607569723231e-07,-4.9890855494449206e-08,0.9999999999996618
163,725000000,163.725,indoor_world,differential_drive_robot,-3.5741685225951495e-06,-2.993451338640735e-08,-4.433823484413102e-07,-4.104671596714432e-10,8.208607569723231e-07,-4.9890855494449206e-08,0.9999999999996618
163,745000000,163.745,indoor_world,differential_drive_robot,-3.5741685225951495e-06,-2.993451338640735e-08,-4.433823484413102e-07,-4.104671596714432e-10,8.208607569723231e-07,-4.9890855494449206e-08,0.9999999999996618
163,765000000,163.765,indoor_world,differential_drive_robot,-3.5741685225951495e-06,-2.993451338640735e-08,-4.433823484413102e-07,-4.104671596714432e-10,8.208607569723231e-07,-4.9890855494449206e-08,0.9999999999996618
163,785000000,163.785,indoor_world,differential_drive_robot,-3.5741685225951495e-06,-2.993451338640735e-08,-4.433823484413102e-07,-4.104671596714432e-10,8.208607569723231e-07,-4.9890855494449206e-08,0.9999999999996618
163,805000000,163.805,indoor_world,differential_drive_robot,-3.5741685225951495e-06,-2.993451338640735e-08,-4.433823484413102e-07,-4.104671596714432e-10,8.208607569723231e-07,-4.9890855494449206e-08,0.9999999999996618
163,825000000,163.825,indoor_world,differential_drive_robot,-3.5741685225951495e-06,-2.993451338640735e-08,-4.433823484413102e-07,-4.104671596714432e-10,8.208607569723231e-07,-4.9890855494449206e-08,0.9999999999996618
163,845000000,163.845,indoor_world,differential_drive_robot,-3.5741685225951495e-06,-2.993451338640735e-08,-4.433823484413102e-07,-4.104671596714432e-10,8.208607569723231e-07,-4.9890855494449206e-08,0.9999999999996618
163,865000000,163.865,indoor_world,differential_drive_robot,-3.5741685225951495e-06,-2.993451338640735e-08,-4.433823484413102e-07,-4.104671596714432e-10,8.208607569723231e-07,-4.9890855494449206e-08,0.9999999999996618
163,885000000,163.885,indoor_world,differential_drive_robot,-3.5741685225951495e-06,-2.993451338640735e-08,-4.433823484413102e-07,-4.104671596714432e-10,8.208607569723231e-07,-4.9890855494449206e-08,0.9999999999996618
163,905000000,163.905,indoor_world,differential_drive_robot,-3.5741685225951495e-06,-2.993451338640735e-08,-4.433823484413102e-07,-4.104671596714432e-10,8.208607569723231e-07,-4.9890855494449206e-08,0.9999999999996618
163,925000000,163.925,indoor_world,differential_drive_robot,-3.5741685225951495e-06,-2.993451338640735e-08,-4.433823484413102e-07,-4.104671596714432e-10,8.208607569723231e-07,-4.9890855494449206e-08,0.9999999999996618
163,945000000,163.945,indoor_world,differential_drive_robot,-3.5741685225951495e-06,-2.993451338640735e-08,-4.433823484413102e-07,-4.104671596714432e-10,8.208607569723231e-07,-4.9890855494449206e-08,0.9999999999996618
163,965000000,163.965,indoor_world,differential_drive_robot,-3.5741685225951495e-06,-2.993451338640735e-08,-4.433823484413102e-07,-4.104671596714432e-10,8.208607569723231e-07,-4.9890855494449206e-08,0.9999999999996618
163,985000000,163.985,indoor_world,differential_drive_robot,-3.5741685225951495e-06,-2.993451338640735e-08,-4.433823484413102e-07,-4.104671596714432e-10,8.208607569723231e-07,-4.9890855494449206e-08,0.9999999999996618
164,5000000,164.005,indoor_world,differential_drive_robot,-3.5741685225951495e-06,-2.993451338640735e-08,-4.433823484413102e-07,-4.104671596714432e-10,8.208607569723231e-07,-4.9890855494449206e-08,0.9999999999996618
164,25000000,164.025,indoor_world,differential_drive_robot,-3.5741685225951495e-06,-2.993451338640735e-08,-4.433823484413102e-07,-4.104671596714432e-10,8.208607569723231e-07,-4.9890855494449206e-08,0.9999999999996618
164,45000000,164.045,indoor_world,differential_drive_robot,-3.5741685225951495e-06,-2.993451338640735e-08,-4.433823484413102e-07,-4.104671596714432e-10,8.208607569723231e-07,-4.9890855494449206e-08,0.9999999999996618
164,65000000,164.065,indoor_world,differential_drive_robot,-3.5741685225951495e-06,-2.993451338640735e-08,-4.433823484413102e-07,-4.104671596714432e-10,8.208607569723231e-07,-4.9890855494449206e-08,0.9999999999996618
164,85000000,164.085,indoor_world,differential_drive_robot,-3.5741685225951495e-06,-2.993451338640735e-08,-4.433823484413102e-07,-4.104671596714432e-10,8.208607569723231e-07,-4.9890855494449206e-08,0.9999999999996618
164,105000000,164.105,indoor_world,differential_drive_robot,-3.5741685225951495e-06,-2.993451338640735e-08,-4.433823484413102e-07,-4.104671596714432e-10,8.208607569723231e-07,-4.9890855494449206e-08,0.9999999999996618
164,125000000,164.125,indoor_world,differential_drive_robot,-3.5741685225951495e-06,-2.993451338640735e-08,-4.433823484413102e-07,-4.104671596714432e-10,8.208607569723231e-07,-4.9890855494449206e-08,0.9999999999996618
164,145000000,164.145,indoor_world,differential_drive_robot,-3.5741685225951495e-06,-2.993451338640735e-08,-4.433823484413102e-07,-4.104671596714432e-10,8.208607569723231e-07,-4.9890855494449206e-08,0.9999999999996618
164,165000000,164.165,indoor_world,differential_drive_robot,-3.5741685225951495e-06,-2.993451338640735e-08,-4.433823484413102e-07,-4.104671596714432e-10,8.208607569723231e-07,-4.9890855494449206e-08,0.9999999999996618
164,185000000,164.185,indoor_world,differential_drive_robot,-3.5741685225951495e-06,-2.993451338640735e-08,-4.433823484413102e-07,-4.104671596714432e-10,8.208607569723231e-07,-4.9890855494449206e-08,0.9999999999996618
164,205000000,164.205,indoor_world,differential_drive_robot,-3.5741685225951495e-06,-2.993451338640735e-08,-4.433823484413102e-07,-4.104671596714432e-10,8.208607569723231e-07,-4.9890855494449206e-08,0.9999999999996618
164,225000000,164.225,indoor_world,differential_drive_robot,-3.5741685225951495e-06,-2.993451338640735e-08,-4.433823484413102e-07,-4.104671596714432e-10,8.208607569723231e-07,-4.9890855494449206e-08,0.9999999999996618
164,245000000,164.245,indoor_world,differential_drive_robot,-3.5741685225951495e-06,-2.993451338640735e-08,-4.433823484413102e-07,-4.104671596714432e-10,8.208607569723231e-07,-4.9890855494449206e-08,0.9999999999996618
164,265000000,164.265,indoor_world,differential_drive_robot,-3.5741685225951495e-06,-2.993451338640735e-08,-4.433823484413102e-07,-4.104671596714432e-10,8.208607569723231e-07,-4.9890855494449206e-08,0.9999999999996618
164,285000000,164.285,indoor_world,differential_drive_robot,-3.5741685225951495e-06,-2.993451338640735e-08,-4.433823484413102e-07,-4.104671596714432e-10,8.208607569723231e-07,-4.9890855494449206e-08,0.9999999999996618
164,305000000,164.305,indoor_world,differential_drive_robot,-3.5741685225951495e-06,-2.993451338640735e-08,-4.433823484413102e-07,-4.104671596714432e-10,8.208607569723231e-07,-4.9890855494449206e-08,0.9999999999996618
164,325000000,164.325,indoor_world,differential_drive_robot,-3.5741685225951495e-06,-2.993451338640735e-08,-4.433823484413102e-07,-4.104671596714432e-10,8.208607569723231e-07,-4.9890855494449206e-08,0.9999999999996618
164,345000000,164.345,indoor_world,differential_drive_robot,-3.5741685225951495e-06,-2.993451338640735e-08,-4.433823484413102e-07,-4.104671596714432e-10,8.208607569723231e-07,-4.9890855494449206e-08,0.9999999999996618
164,365000000,164.365,indoor_world,differential_drive_robot,-3.5741685225951495e-06,-2.993451338640735e-08,-4.433823484413102e-07,-4.104671596714432e-10,8.208607569723231e-07,-4.9890855494449206e-08,0.9999999999996618
164,385000000,164.385,indoor_world,differential_drive_robot,-3.5741685225951495e-06,-2.993451338640735e-08,-4.433823484413102e-07,-4.104671596714432e-10,8.208607569723231e-07,-4.9890855494449206e-08,0.9999999999996618
164,405000000,164.405,indoor_world,differential_drive_robot,-3.5741685225951495e-06,-2.993451338640735e-08,-4.433823484413102e-07,-4.104671596714432e-10,8.208607569723231e-07,-4.9890855494449206e-08,0.9999999999996618
164,425000000,164.425,indoor_world,differential_drive_robot,-3.5741685225951495e-06,-2.993451338640735e-08,-4.433823484413102e-07,-4.104671596714432e-10,8.208607569723231e-07,-4.9890855494449206e-08,0.9999999999996618
164,445000000,164.445,indoor_world,differential_drive_robot,-3.5741685225951495e-06,-2.993451338640735e-08,-4.433823484413102e-07,-4.104671596714432e-10,8.208607569723231e-07,-4.9890855494449206e-08,0.9999999999996618
164,465000000,164.465,indoor_world,differential_drive_robot,-3.5741685225951495e-06,-2.993451338640735e-08,-4.433823484413102e-07,-4.104671596714432e-10,8.208607569723231e-07,-4.9890855494449206e-08,0.9999999999996618
164,485000000,164.485,indoor_world,differential_drive_robot,-3.5741685225951495e-06,-2.993451338640735e-08,-4.433823484413102e-07,-4.104671596714432e-10,8.208607569723231e-07,-4.9890855494449206e-08,0.9999999999996618
164,505000000,164.505,indoor_world,differential_drive_robot,-3.5741685225951495e-06,-2.993451338640735e-08,-4.433823484413102e-07,-4.104671596714432e-10,8.208607569723231e-07,-4.9890855494449206e-08,0.9999999999996618
164,525000000,164.525,indoor_world,differential_drive_robot,-3.5741685225951495e-06,-2.993451338640735e-08,-4.433823484413102e-07,-4.104671596714432e-10,8.208607569723231e-07,-4.9890855494449206e-08,0.9999999999996618
164,545000000,164.545,indoor_world,differential_drive_robot,-3.5741685225951495e-06,-2.993451338640735e-08,-4.433823484413102e-07,-4.104671596714432e-10,8.208607569723231e-07,-4.9890855494449206e-08,0.9999999999996618
164,565000000,164.565,indoor_world,differential_drive_robot,-3.5741685225951495e-06,-2.993451338640735e-08,-4.433823484413102e-07,-4.104671596714432e-10,8.208607569723231e-07,-4.9890855494449206e-08,0.9999999999996618
164,585000000,164.585,indoor_world,differential_drive_robot,-3.5741685225951495e-06,-2.993451338640735e-08,-4.433823484413102e-07,-4.104671596714432e-10,8.208607569723231e-07,-4.9890855494449206e-08,0.9999999999996618
164,605000000,164.605,indoor_world,differential_drive_robot,-3.5741685225951495e-06,-2.993451338640735e-08,-4.433823484413102e-07,-4.104671596714432e-10,8.208607569723231e-07,-4.9890855494449206e-08,0.9999999999996618
164,625000000,164.625,indoor_world,differential_drive_robot,-3.5741685225951495e-06,-2.993451338640735e-08,-4.433823484413102e-07,-4.104671596714432e-10,8.208607569723231e-07,-4.9890855494449206e-08,0.9999999999996618
164,645000000,164.645,indoor_world,differential_drive_robot,-3.5741685225951495e-06,-2.993451338640735e-08,-4.433823484413102e-07,-4.104671596714432e-10,8.208607569723231e-07,-4.9890855494449206e-08,0.9999999999996618
164,665000000,164.665,indoor_world,differential_drive_robot,-3.5741685225951495e-06,-2.993451338640735e-08,-4.433823484413102e-07,-4.104671596714432e-10,8.208607569723231e-07,-4.9890855494449206e-08,0.9999999999996618
164,685000000,164.685,indoor_world,differential_drive_robot,-3.5741685225951495e-06,-2.993451338640735e-08,-4.433823484413102e-07,-4.104671596714432e-10,8.208607569723231e-07,-4.9890855494449206e-08,0.9999999999996618
164,705000000,164.705,indoor_world,differential_drive_robot,-3.5741685225951495e-06,-2.993451338640735e-08,-4.433823484413102e-07,-4.104671596714432e-10,8.208607569723231e-07,-4.9890855494449206e-08,0.9999999999996618
164,725000000,164.725,indoor_world,differential_drive_robot,-3.5741685225951495e-06,-2.993451338640735e-08,-4.433823484413102e-07,-4.104671596714432e-10,8.208607569723231e-07,-4.9890855494449206e-08,0.9999999999996618
164,745000000,164.745,indoor_world,differential_drive_robot,-3.5741685225951495e-06,-2.993451338640735e-08,-4.433823484413102e-07,-4.104671596714432e-10,8.208607569723231e-07,-4.9890855494449206e-08,0.9999999999996618
164,765000000,164.765,indoor_world,differential_drive_robot,-3.5741685225951495e-06,-2.993451338640735e-08,-4.433823484413102e-07,-4.104671596714432e-10,8.208607569723231e-07,-4.9890855494449206e-08,0.9999999999996618
164,785000000,164.785,indoor_world,differential_drive_robot,-3.5741685225951495e-06,-2.993451338640735e-08,-4.433823484413102e-07,-4.104671596714432e-10,8.208607569723231e-07,-4.9890855494449206e-08,0.9999999999996618
164,805000000,164.805,indoor_world,differential_drive_robot,-3.5741685225951495e-06,-2.993451338640735e-08,-4.433823484413102e-07,-4.104671596714432e-10,8.208607569723231e-07,-4.9890855494449206e-08,0.9999999999996618
164,825000000,164.825,indoor_world,differential_drive_robot,-3.5741685225951495e-06,-2.993451338640735e-08,-4.433823484413102e-07,-4.104671596714432e-10,8.208607569723231e-07,-4.9890855494449206e-08,0.9999999999996618
164,845000000,164.845,indoor_world,differential_drive_robot,-3.5741685225951495e-06,-2.993451338640735e-08,-4.433823484413102e-07,-4.104671596714432e-10,8.208607569723231e-07,-4.9890855494449206e-08,0.9999999999996618
164,865000000,164.865,indoor_world,differential_drive_robot,-3.5741685225951495e-06,-2.993451338640735e-08,-4.433823484413102e-07,-4.104671596714432e-10,8.208607569723231e-07,-4.9890855494449206e-08,0.9999999999996618
164,885000000,164.885,indoor_world,differential_drive_robot,-3.5741685225951495e-06,-2.993451338640735e-08,-4.433823484413102e-07,-4.104671596714432e-10,8.208607569723231e-07,-4.9890855494449206e-08,0.9999999999996618
164,905000000,164.905,indoor_world,differential_drive_robot,-3.5741685225951495e-06,-2.993451338640735e-08,-4.433823484413102e-07,-4.104671596714432e-10,8.208607569723231e-07,-4.9890855494449206e-08,0.9999999999996618
164,925000000,164.925,indoor_world,differential_drive_robot,-3.5741685225951495e-06,-2.993451338640735e-08,-4.433823484413102e-07,-4.104671596714432e-10,8.208607569723231e-07,-4.9890855494449206e-08,0.9999999999996618
164,945000000,164.945,indoor_world,differential_drive_robot,-3.5741685225951495e-06,-2.993451338640735e-08,-4.433823484413102e-07,-4.104671596714432e-10,8.208607569723231e-07,-4.9890855494449206e-08,0.9999999999996618
164,965000000,164.965,indoor_world,differential_drive_robot,-3.5741685225951495e-06,-2.993451338640735e-08,-4.433823484413102e-07,-4.104671596714432e-10,8.208607569723231e-07,-4.9890855494449206e-08,0.9999999999996618
164,985000000,164.985,indoor_world,differential_drive_robot,-3.5741685225951495e-06,-2.993451338640735e-08,-4.433823484413102e-07,-4.104671596714432e-10,8.208607569723231e-07,-4.9890855494449206e-08,0.9999999999996618
165,5000000,165.005,indoor_world,differential_drive_robot,-3.5741685225951495e-06,-2.993451338640735e-08,-4.433823484413102e-07,-4.104671596714432e-10,8.208607569723231e-07,-4.9890855494449206e-08,0.9999999999996618
165,25000000,165.025,indoor_world,differential_drive_robot,-3.5741685225951495e-06,-2.993451338640735e-08,-4.433823484413102e-07,-4.104671596714432e-10,8.208607569723231e-07,-4.9890855494449206e-08,0.9999999999996618
165,45000000,165.045,indoor_world,differential_drive_robot,-3.5741685225951495e-06,-2.993451338640735e-08,-4.433823484413102e-07,-4.104671596714432e-10,8.208607569723231e-07,-4.9890855494449206e-08,0.9999999999996618
165,65000000,165.065,indoor_world,differential_drive_robot,-3.5741685225951495e-06,-2.993451338640735e-08,-4.433823484413102e-07,-4.104671596714432e-10,8.208607569723231e-07,-4.9890855494449206e-08,0.9999999999996618
165,85000000,165.085,indoor_world,differential_drive_robot,-3.5741685225951495e-06,-2.993451338640735e-08,-4.433823484413102e-07,-4.104671596714432e-10,8.208607569723231e-07,-4.9890855494449206e-08,0.9999999999996618
165,105000000,165.105,indoor_world,differential_drive_robot,-3.5741685225951495e-06,-2.993451338640735e-08,-4.433823484413102e-07,-4.104671596714432e-10,8.208607569723231e-07,-4.9890855494449206e-08,0.9999999999996618
165,125000000,165.125,indoor_world,differential_drive_robot,-3.5741685225951495e-06,-2.993451338640735e-08,-4.433823484413102e-07,-4.104671596714432e-10,8.208607569723231e-07,-4.9890855494449206e-08,0.9999999999996618
165,145000000,165.145,indoor_world,differential_drive_robot,-3.5741685225951495e-06,-2.993451338640735e-08,-4.433823484413102e-07,-4.104671596714432e-10,8.208607569723231e-07,-4.9890855494449206e-08,0.9999999999996618
165,165000000,165.165,indoor_world,differential_drive_robot,-3.5741685225951495e-06,-2.993451338640735e-08,-4.433823484413102e-07,-4.104671596714432e-10,8.208607569723231e-07,-4.9890855494449206e-08,0.9999999999996618
165,185000000,165.185,indoor_world,differential_drive_robot,-3.5741685225951495e-06,-2.993451338640735e-08,-4.433823484413102e-07,-4.104671596714432e-10,8.208607569723231e-07,-4.9890855494449206e-08,0.9999999999996618
165,205000000,165.205,indoor_world,differential_drive_robot,-3.5741685225951495e-06,-2.993451338640735e-08,-4.433823484413102e-07,-4.104671596714432e-10,8.208607569723231e-07,-4.9890855494449206e-08,0.9999999999996618
165,225000000,165.225,indoor_world,differential_drive_robot,-3.5741685225951495e-06,-2.993451338640735e-08,-4.433823484413102e-07,-4.104671596714432e-10,8.208607569723231e-07,-4.9890855494449206e-08,0.9999999999996618
165,245000000,165.245,indoor_world,differential_drive_robot,-3.5741685225951495e-06,-2.993451338640735e-08,-4.433823484413102e-07,-4.104671596714432e-10,8.208607569723231e-07,-4.9890855494449206e-08,0.9999999999996618
165,265000000,165.265,indoor_world,differential_drive_robot,-3.5741685225951495e-06,-2.993451338640735e-08,-4.433823484413102e-07,-4.104671596714432e-10,8.208607569723231e-07,-4.9890855494449206e-08,0.9999999999996618
165,285000000,165.285,indoor_world,differential_drive_robot,-3.5741685225951495e-06,-2.993451338640735e-08,-4.433823484413102e-07,-4.104671596714432e-10,8.208607569723231e-07,-4.9890855494449206e-08,0.9999999999996618
165,305000000,165.305,indoor_world,differential_drive_robot,-3.5741685225951495e-06,-2.993451338640735e-08,-4.433823484413102e-07,-4.104671596714432e-10,8.208607569723231e-07,-4.9890855494449206e-08,0.9999999999996618
165,325000000,165.325,indoor_world,differential_drive_robot,-3.5741685225951495e-06,-2.993451338640735e-08,-4.433823484413102e-07,-4.104671596714432e-10,8.208607569723231e-07,-4.9890855494449206e-08,0.9999999999996618
165,345000000,165.345,indoor_world,differential_drive_robot,-3.5741685225951495e-06,-2.993451338640735e-08,-4.433823484413102e-07,-4.104671596714432e-10,8.208607569723231e-07,-4.9890855494449206e-08,0.9999999999996618
165,365000000,165.365,indoor_world,differential_drive_robot,-3.5741685225951495e-06,-2.993451338640735e-08,-4.433823484413102e-07,-4.104671596714432e-10,8.208607569723231e-07,-4.9890855494449206e-08,0.9999999999996618
165,385000000,165.385,indoor_world,differential_drive_robot,-3.5741685225951495e-06,-2.993451338640735e-08,-4.433823484413102e-07,-4.104671596714432e-10,8.208607569723231e-07,-4.9890855494449206e-08,0.9999999999996618
165,405000000,165.405,indoor_world,differential_drive_robot,-3.5741685225951495e-06,-2.993451338640735e-08,-4.433823484413102e-07,-4.104671596714432e-10,8.208607569723231e-07,-4.9890855494449206e-08,0.9999999999996618
165,425000000,165.425,indoor_world,differential_drive_robot,-3.5741685225951495e-06,-2.993451338640735e-08,-4.433823484413102e-07,-4.104671596714432e-10,8.208607569723231e-07,-4.9890855494449206e-08,0.9999999999996618
165,445000000,165.445,indoor_world,differential_drive_robot,-3.5741685225951495e-06,-2.993451338640735e-08,-4.433823484413102e-07,-4.104671596714432e-10,8.208607569723231e-07,-4.9890855494449206e-08,0.9999999999996618
165,465000000,165.465,indoor_world,differential_drive_robot,-3.5741685225951495e-06,-2.993451338640735e-08,-4.433823484413102e-07,-4.104671596714432e-10,8.208607569723231e-07,-4.9890855494449206e-08,0.9999999999996618
165,485000000,165.485,indoor_world,differential_drive_robot,-3.5741685225951495e-06,-2.993451338640735e-08,-4.433823484413102e-07,-4.104671596714432e-10,8.208607569723231e-07,-4.9890855494449206e-08,0.9999999999996618
165,505000000,165.505,indoor_world,differential_drive_robot,-3.5741685225951495e-06,-2.993451338640735e-08,-4.433823484413102e-07,-4.104671596714432e-10,8.208607569723231e-07,-4.9890855494449206e-08,0.9999999999996618
165,525000000,165.525,indoor_world,differential_drive_robot,-3.5741685225951495e-06,-2.993451338640735e-08,-4.433823484413102e-07,-4.104671596714432e-10,8.208607569723231e-07,-4.9890855494449206e-08,0.9999999999996618
165,545000000,165.545,indoor_world,differential_drive_robot,-3.5741685225951495e-06,-2.993451338640735e-08,-4.433823484413102e-07,-4.104671596714432e-10,8.208607569723231e-07,-4.9890855494449206e-08,0.9999999999996618
165,565000000,165.565,indoor_world,differential_drive_robot,-3.5741685225951495e-06,-2.993451338640735e-08,-4.433823484413102e-07,-4.104671596714432e-10,8.208607569723231e-07,-4.9890855494449206e-08,0.9999999999996618
165,585000000,165.585,indoor_world,differential_drive_robot,-3.5741685225951495e-06,-2.993451338640735e-08,-4.433823484413102e-07,-4.104671596714432e-10,8.208607569723231e-07,-4.9890855494449206e-08,0.9999999999996618
165,605000000,165.605,indoor_world,differential_drive_robot,-3.5741685225951495e-06,-2.993451338640735e-08,-4.433823484413102e-07,-4.104671596714432e-10,8.208607569723231e-07,-4.9890855494449206e-08,0.9999999999996618
165,625000000,165.625,indoor_world,differential_drive_robot,-3.5741685225951495e-06,-2.993451338640735e-08,-4.433823484413102e-07,-4.104671596714432e-10,8.208607569723231e-07,-4.9890855494449206e-08,0.9999999999996618
165,645000000,165.645,indoor_world,differential_drive_robot,-3.5741685225951495e-06,-2.993451338640735e-08,-4.433823484413102e-07,-4.104671596714432e-10,8.208607569723231e-07,-4.9890855494449206e-08,0.9999999999996618
165,665000000,165.665,indoor_world,differential_drive_robot,-3.5741685225951495e-06,-2.993451338640735e-08,-4.433823484413102e-07,-4.104671596714432e-10,8.208607569723231e-07,-4.9890855494449206e-08,0.9999999999996618
165,685000000,165.685,indoor_world,differential_drive_robot,-3.5741685225951495e-06,-2.993451338640735e-08,-4.433823484413102e-07,-4.104671596714432e-10,8.208607569723231e-07,-4.9890855494449206e-08,0.9999999999996618
165,705000000,165.705,indoor_world,differential_drive_robot,-3.5741685225951495e-06,-2.993451338640735e-08,-4.433823484413102e-07,-4.104671596714432e-10,8.208607569723231e-07,-4.9890855494449206e-08,0.9999999999996618
165,725000000,165.725,indoor_world,differential_drive_robot,-3.5741685225951495e-06,-2.993451338640735e-08,-4.433823484413102e-07,-4.104671596714432e-10,8.208607569723231e-07,-4.9890855494449206e-08,0.9999999999996618
165,745000000,165.745,indoor_world,differential_drive_robot,-3.5741685225951495e-06,-2.993451338640735e-08,-4.433823484413102e-07,-4.104671596714432e-10,8.208607569723231e-07,-4.9890855494449206e-08,0.9999999999996618
165,765000000,165.765,indoor_world,differential_drive_robot,-3.5741685225951495e-06,-2.993451338640735e-08,-4.433823484413102e-07,-4.104671596714432e-10,8.208607569723231e-07,-4.9890855494449206e-08,0.9999999999996618
165,785000000,165.785,indoor_world,differential_drive_robot,-3.5741685225951495e-06,-2.993451338640735e-08,-4.433823484413102e-07,-4.104671596714432e-10,8.208607569723231e-07,-4.9890855494449206e-08,0.9999999999996618
165,805000000,165.805,indoor_world,differential_drive_robot,-3.5741685225951495e-06,-2.993451338640735e-08,-4.433823484413102e-07,-4.104671596714432e-10,8.208607569723231e-07,-4.9890855494449206e-08,0.9999999999996618
165,825000000,165.825,indoor_world,differential_drive_robot,-3.5741685225951495e-06,-2.993451338640735e-08,-4.433823484413102e-07,-4.104671596714432e-10,8.208607569723231e-07,-4.9890855494449206e-08,0.9999999999996618
165,845000000,165.845,indoor_world,differential_drive_robot,-3.5741685225951495e-06,-2.993451338640735e-08,-4.433823484413102e-07,-4.104671596714432e-10,8.208607569723231e-07,-4.9890855494449206e-08,0.9999999999996618
165,865000000,165.865,indoor_world,differential_drive_robot,-3.5741685225951495e-06,-2.993451338640735e-08,-4.433823484413102e-07,-4.104671596714432e-10,8.208607569723231e-07,-4.9890855494449206e-08,0.9999999999996618
165,885000000,165.885,indoor_world,differential_drive_robot,-3.5741685225951495e-06,-2.993451338640735e-08,-4.433823484413102e-07,-4.104671596714432e-10,8.208607569723231e-07,-4.9890855494449206e-08,0.9999999999996618
165,905000000,165.905,indoor_world,differential_drive_robot,-3.5741685225951495e-06,-2.993451338640735e-08,-4.433823484413102e-07,-4.104671596714432e-10,8.208607569723231e-07,-4.9890855494449206e-08,0.9999999999996618
165,925000000,165.925,indoor_world,differential_drive_robot,-3.5741685225951495e-06,-2.993451338640735e-08,-4.433823484413102e-07,-4.104671596714432e-10,8.208607569723231e-07,-4.9890855494449206e-08,0.9999999999996618
165,945000000,165.945,indoor_world,differential_drive_robot,-3.5741685225951495e-06,-2.993451338640735e-08,-4.433823484413102e-07,-4.104671596714432e-10,8.208607569723231e-07,-4.9890855494449206e-08,0.9999999999996618
165,965000000,165.965,indoor_world,differential_drive_robot,-3.5741685225951495e-06,-2.993451338640735e-08,-4.433823484413102e-07,-4.104671596714432e-10,8.208607569723231e-07,-4.9890855494449206e-08,0.9999999999996618
165,985000000,165.985,indoor_world,differential_drive_robot,-3.5741685225951495e-06,-2.993451338640735e-08,-4.433823484413102e-07,-4.104671596714432e-10,8.208607569723231e-07,-4.9890855494449206e-08,0.9999999999996618
166,5000000,166.005,indoor_world,differential_drive_robot,-3.5741685225951495e-06,-2.993451338640735e-08,-4.433823484413102e-07,-4.104671596714432e-10,8.208607569723231e-07,-4.9890855494449206e-08,0.9999999999996618
166,25000000,166.025,indoor_world,differential_drive_robot,-3.5741685225951495e-06,-2.993451338640735e-08,-4.433823484413102e-07,-4.104671596714432e-10,8.208607569723231e-07,-4.9890855494449206e-08,0.9999999999996618
166,45000000,166.045,indoor_world,differential_drive_robot,-3.5741685225951495e-06,-2.993451338640735e-08,-4.433823484413102e-07,-4.104671596714432e-10,8.208607569723231e-07,-4.9890855494449206e-08,0.9999999999996618
166,65000000,166.065,indoor_world,differential_drive_robot,-3.5741685225951495e-06,-2.993451338640735e-08,-4.433823484413102e-07,-4.104671596714432e-10,8.208607569723231e-07,-4.9890855494449206e-08,0.9999999999996618
166,85000000,166.085,indoor_world,differential_drive_robot,-3.5741685225951495e-06,-2.993451338640735e-08,-4.433823484413102e-07,-4.104671596714432e-10,8.208607569723231e-07,-4.9890855494449206e-08,0.9999999999996618
166,105000000,166.105,indoor_world,differential_drive_robot,-3.5741685225951495e-06,-2.993451338640735e-08,-4.433823484413102e-07,-4.104671596714432e-10,8.208607569723231e-07,-4.9890855494449206e-08,0.9999999999996618
166,125000000,166.125,indoor_world,differential_drive_robot,-3.5741685225951495e-06,-2.993451338640735e-08,-4.433823484413102e-07,-4.104671596714432e-10,8.208607569723231e-07,-4.9890855494449206e-08,0.9999999999996618
166,145000000,166.145,indoor_world,differential_drive_robot,-3.5741685225951495e-06,-2.993451338640735e-08,-4.433823484413102e-07,-4.104671596714432e-10,8.208607569723231e-07,-4.9890855494449206e-08,0.9999999999996618
166,165000000,166.165,indoor_world,differential_drive_robot,-3.5741685225951495e-06,-2.993451338640735e-08,-4.433823484413102e-07,-4.104671596714432e-10,8.208607569723231e-07,-4.9890855494449206e-08,0.9999999999996618
166,185000000,166.185,indoor_world,differential_drive_robot,-3.5741685225951495e-06,-2.993451338640735e-08,-4.433823484413102e-07,-4.104671596714432e-10,8.208607569723231e-07,-4.9890855494449206e-08,0.9999999999996618
166,205000000,166.205,indoor_world,differential_drive_robot,-3.5741685225951495e-06,-2.993451338640735e-08,-4.433823484413102e-07,-4.104671596714432e-10,8.208607569723231e-07,-4.9890855494449206e-08,0.9999999999996618
166,225000000,166.225,indoor_world,differential_drive_robot,-3.5741685225951495e-06,-2.993451338640735e-08,-4.433823484413102e-07,-4.104671596714432e-10,8.208607569723231e-07,-4.9890855494449206e-08,0.9999999999996618
166,245000000,166.245,indoor_world,differential_drive_robot,-3.5741685225951495e-06,-2.993451338640735e-08,-4.433823484413102e-07,-4.104671596714432e-10,8.208607569723231e-07,-4.9890855494449206e-08,0.9999999999996618
166,265000000,166.265,indoor_world,differential_drive_robot,-3.5741685225951495e-06,-2.993451338640735e-08,-4.433823484413102e-07,-4.104671596714432e-10,8.208607569723231e-07,-4.9890855494449206e-08,0.9999999999996618
166,285000000,166.285,indoor_world,differential_drive_robot,-3.5741685225951495e-06,-2.993451338640735e-08,-4.433823484413102e-07,-4.104671596714432e-10,8.208607569723231e-07,-4.9890855494449206e-08,0.9999999999996618
166,305000000,166.305,indoor_world,differential_drive_robot,-3.5741685225951495e-06,-2.993451338640735e-08,-4.433823484413102e-07,-4.104671596714432e-10,8.208607569723231e-07,-4.9890855494449206e-08,0.9999999999996618
166,325000000,166.325,indoor_world,differential_drive_robot,-3.5741685225951495e-06,-2.993451338640735e-08,-4.433823484413102e-07,-4.104671596714432e-10,8.208607569723231e-07,-4.9890855494449206e-08,0.9999999999996618
166,345000000,166.345,indoor_world,differential_drive_robot,-3.5741685225951495e-06,-2.993451338640735e-08,-4.433823484413102e-07,-4.104671596714432e-10,8.208607569723231e-07,-4.9890855494449206e-08,0.9999999999996618
166,365000000,166.365,indoor_world,differential_drive_robot,-3.5741685225951495e-06,-2.993451338640735e-08,-4.433823484413102e-07,-4.104671596714432e-10,8.208607569723231e-07,-4.9890855494449206e-08,0.9999999999996618
166,385000000,166.385,indoor_world,differential_drive_robot,-3.5741685225951495e-06,-2.993451338640735e-08,-4.433823484413102e-07,-4.104671596714432e-10,8.208607569723231e-07,-4.9890855494449206e-08,0.9999999999996618
166,405000000,166.405,indoor_world,differential_drive_robot,-3.5741685225951495e-06,-2.993451338640735e-08,-4.433823484413102e-07,-4.104671596714432e-10,8.208607569723231e-07,-4.9890855494449206e-08,0.9999999999996618
166,425000000,166.425,indoor_world,differential_drive_robot,-3.5741685225951495e-06,-2.993451338640735e-08,-4.433823484413102e-07,-4.104671596714432e-10,8.208607569723231e-07,-4.9890855494449206e-08,0.9999999999996618
166,445000000,166.445,indoor_world,differential_drive_robot,-3.5741685225951495e-06,-2.993451338640735e-08,-4.433823484413102e-07,-4.104671596714432e-10,8.208607569723231e-07,-4.9890855494449206e-08,0.9999999999996618
166,465000000,166.465,indoor_world,differential_drive_robot,-3.5741685225951495e-06,-2.993451338640735e-08,-4.433823484413102e-07,-4.104671596714432e-10,8.208607569723231e-07,-4.9890855494449206e-08,0.9999999999996618
166,485000000,166.485,indoor_world,differential_drive_robot,-3.5741685225951495e-06,-2.993451338640735e-08,-4.433823484413102e-07,-4.104671596714432e-10,8.208607569723231e-07,-4.9890855494449206e-08,0.9999999999996618
166,505000000,166.505,indoor_world,differential_drive_robot,-3.5741685225951495e-06,-2.993451338640735e-08,-4.433823484413102e-07,-4.104671596714432e-10,8.208607569723231e-07,-4.9890855494449206e-08,0.9999999999996618
166,525000000,166.525,indoor_world,differential_drive_robot,-3.5741685225951495e-06,-2.993451338640735e-08,-4.433823484413102e-07,-4.104671596714432e-10,8.208607569723231e-07,-4.9890855494449206e-08,0.9999999999996618
166,545000000,166.545,indoor_world,differential_drive_robot,-3.5741685225951495e-06,-2.993451338640735e-08,-4.433823484413102e-07,-4.104671596714432e-10,8.208607569723231e-07,-4.9890855494449206e-08,0.9999999999996618
166,565000000,166.565,indoor_world,differential_drive_robot,-3.5741685225951495e-06,-2.993451338640735e-08,-4.433823484413102e-07,-4.104671596714432e-10,8.208607569723231e-07,-4.9890855494449206e-08,0.9999999999996618
166,585000000,166.585,indoor_world,differential_drive_robot,-3.5741685225951495e-06,-2.993451338640735e-08,-4.433823484413102e-07,-4.104671596714432e-10,8.208607569723231e-07,-4.9890855494449206e-08,0.9999999999996618
166,605000000,166.605,indoor_world,differential_drive_robot,-3.5741685225951495e-06,-2.993451338640735e-08,-4.433823484413102e-07,-4.104671596714432e-10,8.208607569723231e-07,-4.9890855494449206e-08,0.9999999999996618
166,625000000,166.625,indoor_world,differential_drive_robot,-3.5741685225951495e-06,-2.993451338640735e-08,-4.433823484413102e-07,-4.104671596714432e-10,8.208607569723231e-07,-4.9890855494449206e-08,0.9999999999996618
166,645000000,166.645,indoor_world,differential_drive_robot,-3.5741685225951495e-06,-2.993451338640735e-08,-4.433823484413102e-07,-4.104671596714432e-10,8.208607569723231e-07,-4.9890855494449206e-08,0.9999999999996618
166,665000000,166.665,indoor_world,differential_drive_robot,-3.5741685225951495e-06,-2.993451338640735e-08,-4.433823484413102e-07,-4.104671596714432e-10,8.208607569723231e-07,-4.9890855494449206e-08,0.9999999999996618
166,685000000,166.685,indoor_world,differential_drive_robot,-3.5741685225951495e-06,-2.993451338640735e-08,-4.433823484413102e-07,-4.104671596714432e-10,8.208607569723231e-07,-4.9890855494449206e-08,0.9999999999996618
166,705000000,166.705,indoor_world,differential_drive_robot,-3.5741685225951495e-06,-2.993451338640735e-08,-4.433823484413102e-07,-4.104671596714432e-10,8.208607569723231e-07,-4.9890855494449206e-08,0.9999999999996618
166,725000000,166.725,indoor_world,differential_drive_robot,-3.5741685225951495e-06,-2.993451338640735e-08,-4.433823484413102e-07,-4.104671596714432e-10,8.208607569723231e-07,-4.9890855494449206e-08,0.9999999999996618
166,745000000,166.745,indoor_world,differential_drive_robot,-3.5741685225951495e-06,-2.993451338640735e-08,-4.433823484413102e-07,-4.104671596714432e-10,8.208607569723231e-07,-4.9890855494449206e-08,0.9999999999996618
166,765000000,166.765,indoor_world,differential_drive_robot,-3.5741685225951495e-06,-2.993451338640735e-08,-4.433823484413102e-07,-4.104671596714432e-10,8.208607569723231e-07,-4.9890855494449206e-08,0.9999999999996618
166,785000000,166.785,indoor_world,differential_drive_robot,-3.5741685225951495e-06,-2.993451338640735e-08,-4.433823484413102e-07,-4.104671596714432e-10,8.208607569723231e-07,-4.9890855494449206e-08,0.9999999999996618
166,805000000,166.805,indoor_world,differential_drive_robot,-3.5741685225951495e-06,-2.993451338640735e-08,-4.433823484413102e-07,-4.104671596714432e-10,8.208607569723231e-07,-4.9890855494449206e-08,0.9999999999996618
166,825000000,166.825,indoor_world,differential_drive_robot,-3.5741685225951495e-06,-2.993451338640735e-08,-4.433823484413102e-07,-4.104671596714432e-10,8.208607569723231e-07,-4.9890855494449206e-08,0.9999999999996618
166,845000000,166.845,indoor_world,differential_drive_robot,-3.5741685225951495e-06,-2.993451338640735e-08,-4.433823484413102e-07,-4.104671596714432e-10,8.208607569723231e-07,-4.9890855494449206e-08,0.9999999999996618
166,865000000,166.865,indoor_world,differential_drive_robot,-3.5741685225951495e-06,-2.993451338640735e-08,-4.433823484413102e-07,-4.104671596714432e-10,8.208607569723231e-07,-4.9890855494449206e-08,0.9999999999996618
166,885000000,166.885,indoor_world,differential_drive_robot,-3.5741685225951495e-06,-2.993451338640735e-08,-4.433823484413102e-07,-4.104671596714432e-10,8.208607569723231e-07,-4.9890855494449206e-08,0.9999999999996618
166,905000000,166.905,indoor_world,differential_drive_robot,-3.5741685225951495e-06,-2.993451338640735e-08,-4.433823484413102e-07,-4.104671596714432e-10,8.208607569723231e-07,-4.9890855494449206e-08,0.9999999999996618
166,925000000,166.925,indoor_world,differential_drive_robot,-3.5741685225951495e-06,-2.993451338640735e-08,-4.433823484413102e-07,-4.104671596714432e-10,8.208607569723231e-07,-4.9890855494449206e-08,0.9999999999996618
166,945000000,166.945,indoor_world,differential_drive_robot,-3.5741685225951495e-06,-2.993451338640735e-08,-4.433823484413102e-07,-4.104671596714432e-10,8.208607569723231e-07,-4.9890855494449206e-08,0.9999999999996618
166,965000000,166.965,indoor_world,differential_drive_robot,-3.5741685225951495e-06,-2.993451338640735e-08,-4.433823484413102e-07,-4.104671596714432e-10,8.208607569723231e-07,-4.9890855494449206e-08,0.9999999999996618
166,985000000,166.985,indoor_world,differential_drive_robot,-3.5741685225951495e-06,-2.993451338640735e-08,-4.433823484413102e-07,-4.104671596714432e-10,8.208607569723231e-07,-4.9890855494449206e-08,0.9999999999996618
167,5000000,167.005,indoor_world,differential_drive_robot,-3.5741685225951495e-06,-2.993451338640735e-08,-4.433823484413102e-07,-4.104671596714432e-10,8.208607569723231e-07,-4.9890855494449206e-08,0.9999999999996618
167,25000000,167.025,indoor_world,differential_drive_robot,-3.5741685225951495e-06,-2.993451338640735e-08,-4.433823484413102e-07,-4.104671596714432e-10,8.208607569723231e-07,-4.9890855494449206e-08,0.9999999999996618
167,45000000,167.045,indoor_world,differential_drive_robot,-3.5741685225951495e-06,-2.993451338640735e-08,-4.433823484413102e-07,-4.104671596714432e-10,8.208607569723231e-07,-4.9890855494449206e-08,0.9999999999996618
167,65000000,167.065,indoor_world,differential_drive_robot,-3.5741685225951495e-06,-2.993451338640735e-08,-4.433823484413102e-07,-4.104671596714432e-10,8.208607569723231e-07,-4.9890855494449206e-08,0.9999999999996618
167,85000000,167.085,indoor_world,differential_drive_robot,-3.5741685225951495e-06,-2.993451338640735e-08,-4.433823484413102e-07,-4.104671596714432e-10,8.208607569723231e-07,-4.9890855494449206e-08,0.9999999999996618
167,105000000,167.105,indoor_world,differential_drive_robot,-3.5741685225951495e-06,-2.993451338640735e-08,-4.433823484413102e-07,-4.104671596714432e-10,8.208607569723231e-07,-4.9890855494449206e-08,0.9999999999996618
167,125000000,167.125,indoor_world,differential_drive_robot,-3.5741685225951495e-06,-2.993451338640735e-08,-4.433823484413102e-07,-4.104671596714432e-10,8.208607569723231e-07,-4.9890855494449206e-08,0.9999999999996618
167,145000000,167.145,indoor_world,differential_drive_robot,-3.5741685225951495e-06,-2.993451338640735e-08,-4.433823484413102e-07,-4.104671596714432e-10,8.208607569723231e-07,-4.9890855494449206e-08,0.9999999999996618
167,165000000,167.165,indoor_world,differential_drive_robot,-3.5741685225951495e-06,-2.993451338640735e-08,-4.433823484413102e-07,-4.104671596714432e-10,8.208607569723231e-07,-4.9890855494449206e-08,0.9999999999996618
167,185000000,167.185,indoor_world,differential_drive_robot,-3.5741685225951495e-06,-2.993451338640735e-08,-4.433823484413102e-07,-4.104671596714432e-10,8.208607569723231e-07,-4.9890855494449206e-08,0.9999999999996618
167,205000000,167.205,indoor_world,differential_drive_robot,-3.5741685225951495e-06,-2.993451338640735e-08,-4.433823484413102e-07,-4.104671596714432e-10,8.208607569723231e-07,-4.9890855494449206e-08,0.9999999999996618
167,225000000,167.225,indoor_world,differential_drive_robot,-3.5741685225951495e-06,-2.993451338640735e-08,-4.433823484413102e-07,-4.104671596714432e-10,8.208607569723231e-07,-4.9890855494449206e-08,0.9999999999996618
167,245000000,167.245,indoor_world,differential_drive_robot,-3.5741685225951495e-06,-2.993451338640735e-08,-4.433823484413102e-07,-4.104671596714432e-10,8.208607569723231e-07,-4.9890855494449206e-08,0.9999999999996618
167,265000000,167.265,indoor_world,differential_drive_robot,-3.5741685225951495e-06,-2.993451338640735e-08,-4.433823484413102e-07,-4.104671596714432e-10,8.208607569723231e-07,-4.9890855494449206e-08,0.9999999999996618
167,285000000,167.285,indoor_world,differential_drive_robot,-3.5741685225951495e-06,-2.993451338640735e-08,-4.433823484413102e-07,-4.104671596714432e-10,8.208607569723231e-07,-4.9890855494449206e-08,0.9999999999996618
167,305000000,167.305,indoor_world,differential_drive_robot,-3.5741685225951495e-06,-2.993451338640735e-08,-4.433823484413102e-07,-4.104671596714432e-10,8.208607569723231e-07,-4.9890855494449206e-08,0.9999999999996618
167,325000000,167.325,indoor_world,differential_drive_robot,-3.5741685225951495e-06,-2.993451338640735e-08,-4.433823484413102e-07,-4.104671596714432e-10,8.208607569723231e-07,-4.9890855494449206e-08,0.9999999999996618
167,345000000,167.345,indoor_world,differential_drive_robot,-3.5741685225951495e-06,-2.993451338640735e-08,-4.433823484413102e-07,-4.104671596714432e-10,8.208607569723231e-07,-4.9890855494449206e-08,0.9999999999996618
167,365000000,167.365,indoor_world,differential_drive_robot,-3.5741685225951495e-06,-2.993451338640735e-08,-4.433823484413102e-07,-4.104671596714432e-10,8.208607569723231e-07,-4.9890855494449206e-08,0.9999999999996618
167,385000000,167.385,indoor_world,differential_drive_robot,-3.5741685225951495e-06,-2.993451338640735e-08,-4.433823484413102e-07,-4.104671596714432e-10,8.208607569723231e-07,-4.9890855494449206e-08,0.9999999999996618
167,405000000,167.405,indoor_world,differential_drive_robot,-3.5741685225951495e-06,-2.993451338640735e-08,-4.433823484413102e-07,-4.104671596714432e-10,8.208607569723231e-07,-4.9890855494449206e-08,0.9999999999996618
167,425000000,167.425,indoor_world,differential_drive_robot,-3.5741685225951495e-06,-2.993451338640735e-08,-4.433823484413102e-07,-4.104671596714432e-10,8.208607569723231e-07,-4.9890855494449206e-08,0.9999999999996618
167,445000000,167.445,indoor_world,differential_drive_robot,-3.5741685225951495e-06,-2.993451338640735e-08,-4.433823484413102e-07,-4.104671596714432e-10,8.208607569723231e-07,-4.9890855494449206e-08,0.9999999999996618
167,465000000,167.465,indoor_world,differential_drive_robot,-3.5741685225951495e-06,-2.993451338640735e-08,-4.433823484413102e-07,-4.104671596714432e-10,8.208607569723231e-07,-4.9890855494449206e-08,0.9999999999996618
167,485000000,167.485,indoor_world,differential_drive_robot,-3.5741685225951495e-06,-2.993451338640735e-08,-4.433823484413102e-07,-4.104671596714432e-10,8.208607569723231e-07,-4.9890855494449206e-08,0.9999999999996618
167,505000000,167.505,indoor_world,differential_drive_robot,-3.5741685225951495e-06,-2.993451338640735e-08,-4.433823484413102e-07,-4.104671596714432e-10,8.208607569723231e-07,-4.9890855494449206e-08,0.9999999999996618
167,525000000,167.525,indoor_world,differential_drive_robot,-3.5741685225951495e-06,-2.993451338640735e-08,-4.433823484413102e-07,-4.104671596714432e-10,8.208607569723231e-07,-4.9890855494449206e-08,0.9999999999996618
167,545000000,167.545,indoor_world,differential_drive_robot,-3.5741685225951495e-06,-2.993451338640735e-08,-4.433823484413102e-07,-4.104671596714432e-10,8.208607569723231e-07,-4.9890855494449206e-08,0.9999999999996618
167,565000000,167.565,indoor_world,differential_drive_robot,-3.5741685225951495e-06,-2.993451338640735e-08,-4.433823484413102e-07,-4.104671596714432e-10,8.208607569723231e-07,-4.9890855494449206e-08,0.9999999999996618
167,585000000,167.585,indoor_world,differential_drive_robot,-3.5741685225951495e-06,-2.993451338640735e-08,-4.433823484413102e-07,-4.104671596714432e-10,8.208607569723231e-07,-4.9890855494449206e-08,0.9999999999996618
167,605000000,167.605,indoor_world,differential_drive_robot,-3.5741685225951495e-06,-2.993451338640735e-08,-4.433823484413102e-07,-4.104671596714432e-10,8.208607569723231e-07,-4.9890855494449206e-08,0.9999999999996618
167,625000000,167.625,indoor_world,differential_drive_robot,-3.5741685225951495e-06,-2.993451338640735e-08,-4.433823484413102e-07,-4.104671596714432e-10,8.208607569723231e-07,-4.9890855494449206e-08,0.9999999999996618
167,645000000,167.645,indoor_world,differential_drive_robot,-3.5741685225951495e-06,-2.993451338640735e-08,-4.433823484413102e-07,-4.104671596714432e-10,8.208607569723231e-07,-4.9890855494449206e-08,0.9999999999996618
167,665000000,167.665,indoor_world,differential_drive_robot,-3.5741685225951495e-06,-2.993451338640735e-08,-4.433823484413102e-07,-4.104671596714432e-10,8.208607569723231e-07,-4.9890855494449206e-08,0.9999999999996618
167,685000000,167.685,indoor_world,differential_drive_robot,-3.5741685225951495e-06,-2.993451338640735e-08,-4.433823484413102e-07,-4.104671596714432e-10,8.208607569723231e-07,-4.9890855494449206e-08,0.9999999999996618
167,705000000,167.705,indoor_world,differential_drive_robot,-3.5741685225951495e-06,-2.993451338640735e-08,-4.433823484413102e-07,-4.104671596714432e-10,8.208607569723231e-07,-4.9890855494449206e-08,0.9999999999996618
167,725000000,167.725,indoor_world,differential_drive_robot,-3.5741685225951495e-06,-2.993451338640735e-08,-4.433823484413102e-07,-4.104671596714432e-10,8.208607569723231e-07,-4.9890855494449206e-08,0.9999999999996618
167,745000000,167.745,indoor_world,differential_drive_robot,-3.5741685225951495e-06,-2.993451338640735e-08,-4.433823484413102e-07,-4.104671596714432e-10,8.208607569723231e-07,-4.9890855494449206e-08,0.9999999999996618
167,765000000,167.765,indoor_world,differential_drive_robot,-3.5741685225951495e-06,-2.993451338640735e-08,-4.433823484413102e-07,-4.104671596714432e-10,8.208607569723231e-07,-4.9890855494449206e-08,0.9999999999996618
167,785000000,167.785,indoor_world,differential_drive_robot,-3.5741685225951495e-06,-2.993451338640735e-08,-4.433823484413102e-07,-4.104671596714432e-10,8.208607569723231e-07,-4.9890855494449206e-08,0.9999999999996618
167,805000000,167.805,indoor_world,differential_drive_robot,-3.5741685225951495e-06,-2.993451338640735e-08,-4.433823484413102e-07,-4.104671596714432e-10,8.208607569723231e-07,-4.9890855494449206e-08,0.9999999999996618
167,825000000,167.825,indoor_world,differential_drive_robot,-3.5741685225951495e-06,-2.993451338640735e-08,-4.433823484413102e-07,-4.104671596714432e-10,8.208607569723231e-07,-4.9890855494449206e-08,0.9999999999996618
167,845000000,167.845,indoor_world,differential_drive_robot,-3.5741685225951495e-06,-2.993451338640735e-08,-4.433823484413102e-07,-4.104671596714432e-10,8.208607569723231e-07,-4.9890855494449206e-08,0.9999999999996618
167,865000000,167.865,indoor_world,differential_drive_robot,-3.5741685225951495e-06,-2.993451338640735e-08,-4.433823484413102e-07,-4.104671596714432e-10,8.208607569723231e-07,-4.9890855494449206e-08,0.9999999999996618
167,885000000,167.885,indoor_world,differential_drive_robot,-3.5741685225951495e-06,-2.993451338640735e-08,-4.433823484413102e-07,-4.104671596714432e-10,8.208607569723231e-07,-4.9890855494449206e-08,0.9999999999996618
167,905000000,167.905,indoor_world,differential_drive_robot,-3.5741685225951495e-06,-2.993451338640735e-08,-4.433823484413102e-07,-4.104671596714432e-10,8.208607569723231e-07,-4.9890855494449206e-08,0.9999999999996618
167,925000000,167.925,indoor_world,differential_drive_robot,-3.5741685225951495e-06,-2.993451338640735e-08,-4.433823484413102e-07,-4.104671596714432e-10,8.208607569723231e-07,-4.9890855494449206e-08,0.9999999999996618
167,945000000,167.945,indoor_world,differential_drive_robot,-3.5741685225951495e-06,-2.993451338640735e-08,-4.433823484413102e-07,-4.104671596714432e-10,8.208607569723231e-07,-4.9890855494449206e-08,0.9999999999996618
167,965000000,167.965,indoor_world,differential_drive_robot,-3.5741685225951495e-06,-2.993451338640735e-08,-4.433823484413102e-07,-4.104671596714432e-10,8.208607569723231e-07,-4.9890855494449206e-08,0.9999999999996618
167,985000000,167.985,indoor_world,differential_drive_robot,-3.5741685225951495e-06,-2.993451338640735e-08,-4.433823484413102e-07,-4.104671596714432e-10,8.208607569723231e-07,-4.9890855494449206e-08,0.9999999999996618
168,5000000,168.005,indoor_world,differential_drive_robot,-3.5741685225951495e-06,-2.993451338640735e-08,-4.433823484413102e-07,-4.104671596714432e-10,8.208607569723231e-07,-4.9890855494449206e-08,0.9999999999996618
168,25000000,168.025,indoor_world,differential_drive_robot,-3.5741685225951495e-06,-2.993451338640735e-08,-4.433823484413102e-07,-4.104671596714432e-10,8.208607569723231e-07,-4.9890855494449206e-08,0.9999999999996618
168,45000000,168.045,indoor_world,differential_drive_robot,-3.5741685225951495e-06,-2.993451338640735e-08,-4.433823484413102e-07,-4.104671596714432e-10,8.208607569723231e-07,-4.9890855494449206e-08,0.9999999999996618
168,65000000,168.065,indoor_world,differential_drive_robot,-3.5741685225951495e-06,-2.993451338640735e-08,-4.433823484413102e-07,-4.104671596714432e-10,8.208607569723231e-07,-4.9890855494449206e-08,0.9999999999996618
168,85000000,168.085,indoor_world,differential_drive_robot,-3.5741685225951495e-06,-2.993451338640735e-08,-4.433823484413102e-07,-4.104671596714432e-10,8.208607569723231e-07,-4.9890855494449206e-08,0.9999999999996618
168,105000000,168.105,indoor_world,differential_drive_robot,-3.5741685225951495e-06,-2.993451338640735e-08,-4.433823484413102e-07,-4.104671596714432e-10,8.208607569723231e-07,-4.9890855494449206e-08,0.9999999999996618
168,125000000,168.125,indoor_world,differential_drive_robot,-3.5741685225951495e-06,-2.993451338640735e-08,-4.433823484413102e-07,-4.104671596714432e-10,8.208607569723231e-07,-4.9890855494449206e-08,0.9999999999996618
168,145000000,168.145,indoor_world,differential_drive_robot,-3.5741685225951495e-06,-2.993451338640735e-08,-4.433823484413102e-07,-4.104671596714432e-10,8.208607569723231e-07,-4.9890855494449206e-08,0.9999999999996618
168,165000000,168.165,indoor_world,differential_drive_robot,-3.5741685225951495e-06,-2.993451338640735e-08,-4.433823484413102e-07,-4.104671596714432e-10,8.208607569723231e-07,-4.9890855494449206e-08,0.9999999999996618
168,185000000,168.185,indoor_world,differential_drive_robot,-3.5741685225951495e-06,-2.993451338640735e-08,-4.433823484413102e-07,-4.104671596714432e-10,8.208607569723231e-07,-4.9890855494449206e-08,0.9999999999996618
168,205000000,168.205,indoor_world,differential_drive_robot,-3.5741685225951495e-06,-2.993451338640735e-08,-4.433823484413102e-07,-4.104671596714432e-10,8.208607569723231e-07,-4.9890855494449206e-08,0.9999999999996618
168,225000000,168.225,indoor_world,differential_drive_robot,-3.5741685225951495e-06,-2.993451338640735e-08,-4.433823484413102e-07,-4.104671596714432e-10,8.208607569723231e-07,-4.9890855494449206e-08,0.9999999999996618
168,245000000,168.245,indoor_world,differential_drive_robot,-3.5741685225951495e-06,-2.993451338640735e-08,-4.433823484413102e-07,-4.104671596714432e-10,8.208607569723231e-07,-4.9890855494449206e-08,0.9999999999996618
168,265000000,168.265,indoor_world,differential_drive_robot,-3.5741685225951495e-06,-2.993451338640735e-08,-4.433823484413102e-07,-4.104671596714432e-10,8.208607569723231e-07,-4.9890855494449206e-08,0.9999999999996618
168,285000000,168.285,indoor_world,differential_drive_robot,-3.5741685225951495e-06,-2.993451338640735e-08,-4.433823484413102e-07,-4.104671596714432e-10,8.208607569723231e-07,-4.9890855494449206e-08,0.9999999999996618
168,305000000,168.305,indoor_world,differential_drive_robot,-3.5741685225951495e-06,-2.993451338640735e-08,-4.433823484413102e-07,-4.104671596714432e-10,8.208607569723231e-07,-4.9890855494449206e-08,0.9999999999996618
168,325000000,168.325,indoor_world,differential_drive_robot,-3.5741685225951495e-06,-2.993451338640735e-08,-4.433823484413102e-07,-4.104671596714432e-10,8.208607569723231e-07,-4.9890855494449206e-08,0.9999999999996618
168,345000000,168.345,indoor_world,differential_drive_robot,-3.5741685225951495e-06,-2.993451338640735e-08,-4.433823484413102e-07,-4.104671596714432e-10,8.208607569723231e-07,-4.9890855494449206e-08,0.9999999999996618
168,365000000,168.365,indoor_world,differential_drive_robot,-3.5741685225951495e-06,-2.993451338640735e-08,-4.433823484413102e-07,-4.104671596714432e-10,8.208607569723231e-07,-4.9890855494449206e-08,0.9999999999996618
168,385000000,168.385,indoor_world,differential_drive_robot,-3.5741685225951495e-06,-2.993451338640735e-08,-4.433823484413102e-07,-4.104671596714432e-10,8.208607569723231e-07,-4.9890855494449206e-08,0.9999999999996618
168,405000000,168.405,indoor_world,differential_drive_robot,-3.5741685225951495e-06,-2.993451338640735e-08,-4.433823484413102e-07,-4.104671596714432e-10,8.208607569723231e-07,-4.9890855494449206e-08,0.9999999999996618
168,425000000,168.425,indoor_world,differential_drive_robot,-3.5741685225951495e-06,-2.993451338640735e-08,-4.433823484413102e-07,-4.104671596714432e-10,8.208607569723231e-07,-4.9890855494449206e-08,0.9999999999996618
168,445000000,168.445,indoor_world,differential_drive_robot,-3.5741685225951495e-06,-2.993451338640735e-08,-4.433823484413102e-07,-4.104671596714432e-10,8.208607569723231e-07,-4.9890855494449206e-08,0.9999999999996618
168,465000000,168.465,indoor_world,differential_drive_robot,-3.5741685225951495e-06,-2.993451338640735e-08,-4.433823484413102e-07,-4.104671596714432e-10,8.208607569723231e-07,-4.9890855494449206e-08,0.9999999999996618
168,485000000,168.485,indoor_world,differential_drive_robot,-3.5741685225951495e-06,-2.993451338640735e-08,-4.433823484413102e-07,-4.104671596714432e-10,8.208607569723231e-07,-4.9890855494449206e-08,0.9999999999996618
168,505000000,168.505,indoor_world,differential_drive_robot,-3.5741685225951495e-06,-2.993451338640735e-08,-4.433823484413102e-07,-4.104671596714432e-10,8.208607569723231e-07,-4.9890855494449206e-08,0.9999999999996618
168,525000000,168.525,indoor_world,differential_drive_robot,-3.5741685225951495e-06,-2.993451338640735e-08,-4.433823484413102e-07,-4.104671596714432e-10,8.208607569723231e-07,-4.9890855494449206e-08,0.9999999999996618
168,545000000,168.545,indoor_world,differential_drive_robot,-3.5741685225951495e-06,-2.993451338640735e-08,-4.433823484413102e-07,-4.104671596714432e-10,8.208607569723231e-07,-4.9890855494449206e-08,0.9999999999996618
168,565000000,168.565,indoor_world,differential_drive_robot,-3.5741685225951495e-06,-2.993451338640735e-08,-4.433823484413102e-07,-4.104671596714432e-10,8.208607569723231e-07,-4.9890855494449206e-08,0.9999999999996618
168,585000000,168.585,indoor_world,differential_drive_robot,-3.5741685225951495e-06,-2.993451338640735e-08,-4.433823484413102e-07,-4.104671596714432e-10,8.208607569723231e-07,-4.9890855494449206e-08,0.9999999999996618
168,605000000,168.605,indoor_world,differential_drive_robot,-3.5741685225951495e-06,-2.993451338640735e-08,-4.433823484413102e-07,-4.104671596714432e-10,8.208607569723231e-07,-4.9890855494449206e-08,0.9999999999996618
168,625000000,168.625,indoor_world,differential_drive_robot,-3.5741685225951495e-06,-2.993451338640735e-08,-4.433823484413102e-07,-4.104671596714432e-10,8.208607569723231e-07,-4.9890855494449206e-08,0.9999999999996618
168,645000000,168.645,indoor_world,differential_drive_robot,-3.5741685225951495e-06,-2.993451338640735e-08,-4.433823484413102e-07,-4.104671596714432e-10,8.208607569723231e-07,-4.9890855494449206e-08,0.9999999999996618
168,665000000,168.665,indoor_world,differential_drive_robot,-3.5741685225951495e-06,-2.993451338640735e-08,-4.433823484413102e-07,-4.104671596714432e-10,8.208607569723231e-07,-4.9890855494449206e-08,0.9999999999996618
168,685000000,168.685,indoor_world,differential_drive_robot,-3.5741685225951495e-06,-2.993451338640735e-08,-4.433823484413102e-07,-4.104671596714432e-10,8.208607569723231e-07,-4.9890855494449206e-08,0.9999999999996618
168,705000000,168.705,indoor_world,differential_drive_robot,-3.5741685225951495e-06,-2.993451338640735e-08,-4.433823484413102e-07,-4.104671596714432e-10,8.208607569723231e-07,-4.9890855494449206e-08,0.9999999999996618
168,725000000,168.725,indoor_world,differential_drive_robot,-3.5741685225951495e-06,-2.993451338640735e-08,-4.433823484413102e-07,-4.104671596714432e-10,8.208607569723231e-07,-4.9890855494449206e-08,0.9999999999996618
168,745000000,168.745,indoor_world,differential_drive_robot,-3.5741685225951495e-06,-2.993451338640735e-08,-4.433823484413102e-07,-4.104671596714432e-10,8.208607569723231e-07,-4.9890855494449206e-08,0.9999999999996618
168,765000000,168.765,indoor_world,differential_drive_robot,-3.5741685225951495e-06,-2.993451338640735e-08,-4.433823484413102e-07,-4.104671596714432e-10,8.208607569723231e-07,-4.9890855494449206e-08,0.9999999999996618
168,785000000,168.785,indoor_world,differential_drive_robot,-3.5741685225951495e-06,-2.993451338640735e-08,-4.433823484413102e-07,-4.104671596714432e-10,8.208607569723231e-07,-4.9890855494449206e-08,0.9999999999996618
168,805000000,168.805,indoor_world,differential_drive_robot,-3.5741685225951495e-06,-2.993451338640735e-08,-4.433823484413102e-07,-4.104671596714432e-10,8.208607569723231e-07,-4.9890855494449206e-08,0.9999999999996618
168,825000000,168.825,indoor_world,differential_drive_robot,-3.5741685225951495e-06,-2.993451338640735e-08,-4.433823484413102e-07,-4.104671596714432e-10,8.208607569723231e-07,-4.9890855494449206e-08,0.9999999999996618
168,845000000,168.845,indoor_world,differential_drive_robot,-3.5741685225951495e-06,-2.993451338640735e-08,-4.433823484413102e-07,-4.104671596714432e-10,8.208607569723231e-07,-4.9890855494449206e-08,0.9999999999996618
168,865000000,168.865,indoor_world,differential_drive_robot,-3.5741685225951495e-06,-2.993451338640735e-08,-4.433823484413102e-07,-4.104671596714432e-10,8.208607569723231e-07,-4.9890855494449206e-08,0.9999999999996618
168,885000000,168.885,indoor_world,differential_drive_robot,-3.5741685225951495e-06,-2.993451338640735e-08,-4.433823484413102e-07,-4.104671596714432e-10,8.208607569723231e-07,-4.9890855494449206e-08,0.9999999999996618
168,905000000,168.905,indoor_world,differential_drive_robot,-3.5741685225951495e-06,-2.993451338640735e-08,-4.433823484413102e-07,-4.104671596714432e-10,8.208607569723231e-07,-4.9890855494449206e-08,0.9999999999996618
168,925000000,168.925,indoor_world,differential_drive_robot,-3.5741685225951495e-06,-2.993451338640735e-08,-4.433823484413102e-07,-4.104671596714432e-10,8.208607569723231e-07,-4.9890855494449206e-08,0.9999999999996618
168,945000000,168.945,indoor_world,differential_drive_robot,-3.5741685225951495e-06,-2.993451338640735e-08,-4.433823484413102e-07,-4.104671596714432e-10,8.208607569723231e-07,-4.9890855494449206e-08,0.9999999999996618
168,965000000,168.965,indoor_world,differential_drive_robot,-3.5741685225951495e-06,-2.993451338640735e-08,-4.433823484413102e-07,-4.104671596714432e-10,8.208607569723231e-07,-4.9890855494449206e-08,0.9999999999996618
168,985000000,168.985,indoor_world,differential_drive_robot,-3.5741685225951495e-06,-2.993451338640735e-08,-4.433823484413102e-07,-4.104671596714432e-10,8.208607569723231e-07,-4.9890855494449206e-08,0.9999999999996618
169,5000000,169.005,indoor_world,differential_drive_robot,-3.5741685225951495e-06,-2.993451338640735e-08,-4.433823484413102e-07,-4.104671596714432e-10,8.208607569723231e-07,-4.9890855494449206e-08,0.9999999999996618
169,25000000,169.025,indoor_world,differential_drive_robot,-3.5741685225951495e-06,-2.993451338640735e-08,-4.433823484413102e-07,-4.104671596714432e-10,8.208607569723231e-07,-4.9890855494449206e-08,0.9999999999996618
169,45000000,169.045,indoor_world,differential_drive_robot,-3.5741685225951495e-06,-2.993451338640735e-08,-4.433823484413102e-07,-4.104671596714432e-10,8.208607569723231e-07,-4.9890855494449206e-08,0.9999999999996618
169,65000000,169.065,indoor_world,differential_drive_robot,-3.5741685225951495e-06,-2.993451338640735e-08,-4.433823484413102e-07,-4.104671596714432e-10,8.208607569723231e-07,-4.9890855494449206e-08,0.9999999999996618
169,85000000,169.085,indoor_world,differential_drive_robot,-3.5741685225951495e-06,-2.993451338640735e-08,-4.433823484413102e-07,-4.104671596714432e-10,8.208607569723231e-07,-4.9890855494449206e-08,0.9999999999996618
169,105000000,169.105,indoor_world,differential_drive_robot,-3.5741685225951495e-06,-2.993451338640735e-08,-4.433823484413102e-07,-4.104671596714432e-10,8.208607569723231e-07,-4.9890855494449206e-08,0.9999999999996618
169,125000000,169.125,indoor_world,differential_drive_robot,-3.5741685225951495e-06,-2.993451338640735e-08,-4.433823484413102e-07,-4.104671596714432e-10,8.208607569723231e-07,-4.9890855494449206e-08,0.9999999999996618
169,145000000,169.145,indoor_world,differential_drive_robot,-3.5741685225951495e-06,-2.993451338640735e-08,-4.433823484413102e-07,-4.104671596714432e-10,8.208607569723231e-07,-4.9890855494449206e-08,0.9999999999996618
169,165000000,169.165,indoor_world,differential_drive_robot,-3.5741685225951495e-06,-2.993451338640735e-08,-4.433823484413102e-07,-4.104671596714432e-10,8.208607569723231e-07,-4.9890855494449206e-08,0.9999999999996618
169,185000000,169.185,indoor_world,differential_drive_robot,-3.5741685225951495e-06,-2.993451338640735e-08,-4.433823484413102e-07,-4.104671596714432e-10,8.208607569723231e-07,-4.9890855494449206e-08,0.9999999999996618
169,205000000,169.205,indoor_world,differential_drive_robot,-3.5741685225951495e-06,-2.993451338640735e-08,-4.433823484413102e-07,-4.104671596714432e-10,8.208607569723231e-07,-4.9890855494449206e-08,0.9999999999996618
169,225000000,169.225,indoor_world,differential_drive_robot,-3.5741685225951495e-06,-2.993451338640735e-08,-4.433823484413102e-07,-4.104671596714432e-10,8.208607569723231e-07,-4.9890855494449206e-08,0.9999999999996618
169,245000000,169.245,indoor_world,differential_drive_robot,-3.5741685225951495e-06,-2.993451338640735e-08,-4.433823484413102e-07,-4.104671596714432e-10,8.208607569723231e-07,-4.9890855494449206e-08,0.9999999999996618
169,265000000,169.265,indoor_world,differential_drive_robot,-3.5741685225951495e-06,-2.993451338640735e-08,-4.433823484413102e-07,-4.104671596714432e-10,8.208607569723231e-07,-4.9890855494449206e-08,0.9999999999996618
169,285000000,169.285,indoor_world,differential_drive_robot,-3.5741685225951495e-06,-2.993451338640735e-08,-4.433823484413102e-07,-4.104671596714432e-10,8.208607569723231e-07,-4.9890855494449206e-08,0.9999999999996618
169,305000000,169.305,indoor_world,differential_drive_robot,-3.5741685225951495e-06,-2.993451338640735e-08,-4.433823484413102e-07,-4.104671596714432e-10,8.208607569723231e-07,-4.9890855494449206e-08,0.9999999999996618
169,325000000,169.325,indoor_world,differential_drive_robot,-3.5741685225951495e-06,-2.993451338640735e-08,-4.433823484413102e-07,-4.104671596714432e-10,8.208607569723231e-07,-4.9890855494449206e-08,0.9999999999996618
169,345000000,169.345,indoor_world,differential_drive_robot,-3.5741685225951495e-06,-2.993451338640735e-08,-4.433823484413102e-07,-4.104671596714432e-10,8.208607569723231e-07,-4.9890855494449206e-08,0.9999999999996618
169,365000000,169.365,indoor_world,differential_drive_robot,-3.5741685225951495e-06,-2.993451338640735e-08,-4.433823484413102e-07,-4.104671596714432e-10,8.208607569723231e-07,-4.9890855494449206e-08,0.9999999999996618
169,385000000,169.385,indoor_world,differential_drive_robot,-3.5741685225951495e-06,-2.993451338640735e-08,-4.433823484413102e-07,-4.104671596714432e-10,8.208607569723231e-07,-4.9890855494449206e-08,0.9999999999996618
169,405000000,169.405,indoor_world,differential_drive_robot,-3.5741685225951495e-06,-2.993451338640735e-08,-4.433823484413102e-07,-4.104671596714432e-10,8.208607569723231e-07,-4.9890855494449206e-08,0.9999999999996618
169,425000000,169.425,indoor_world,differential_drive_robot,-3.5741685225951495e-06,-2.993451338640735e-08,-4.433823484413102e-07,-4.104671596714432e-10,8.208607569723231e-07,-4.9890855494449206e-08,0.9999999999996618
169,445000000,169.445,indoor_world,differential_drive_robot,-3.5741685225951495e-06,-2.993451338640735e-08,-4.433823484413102e-07,-4.104671596714432e-10,8.208607569723231e-07,-4.9890855494449206e-08,0.9999999999996618
169,465000000,169.465,indoor_world,differential_drive_robot,-3.5741685225951495e-06,-2.993451338640735e-08,-4.433823484413102e-07,-4.104671596714432e-10,8.208607569723231e-07,-4.9890855494449206e-08,0.9999999999996618
169,485000000,169.485,indoor_world,differential_drive_robot,-3.5741685225951495e-06,-2.993451338640735e-08,-4.433823484413102e-07,-4.104671596714432e-10,8.208607569723231e-07,-4.9890855494449206e-08,0.9999999999996618
169,505000000,169.505,indoor_world,differential_drive_robot,-3.5741685225951495e-06,-2.993451338640735e-08,-4.433823484413102e-07,-4.104671596714432e-10,8.208607569723231e-07,-4.9890855494449206e-08,0.9999999999996618
169,525000000,169.525,indoor_world,differential_drive_robot,-3.5741685225951495e-06,-2.993451338640735e-08,-4.433823484413102e-07,-4.104671596714432e-10,8.208607569723231e-07,-4.9890855494449206e-08,0.9999999999996618
169,545000000,169.545,indoor_world,differential_drive_robot,-3.5741685225951495e-06,-2.993451338640735e-08,-4.433823484413102e-07,-4.104671596714432e-10,8.208607569723231e-07,-4.9890855494449206e-08,0.9999999999996618
169,565000000,169.565,indoor_world,differential_drive_robot,-3.5741685225951495e-06,-2.993451338640735e-08,-4.433823484413102e-07,-4.104671596714432e-10,8.208607569723231e-07,-4.9890855494449206e-08,0.9999999999996618
169,585000000,169.585,indoor_world,differential_drive_robot,-3.5741685225951495e-06,-2.993451338640735e-08,-4.433823484413102e-07,-4.104671596714432e-10,8.208607569723231e-07,-4.9890855494449206e-08,0.9999999999996618
169,605000000,169.605,indoor_world,differential_drive_robot,-3.5741685225951495e-06,-2.993451338640735e-08,-4.433823484413102e-07,-4.104671596714432e-10,8.208607569723231e-07,-4.9890855494449206e-08,0.9999999999996618
169,625000000,169.625,indoor_world,differential_drive_robot,-3.5741685225951495e-06,-2.993451338640735e-08,-4.433823484413102e-07,-4.104671596714432e-10,8.208607569723231e-07,-4.9890855494449206e-08,0.9999999999996618
169,645000000,169.645,indoor_world,differential_drive_robot,-3.5741685225951495e-06,-2.993451338640735e-08,-4.433823484413102e-07,-4.104671596714432e-10,8.208607569723231e-07,-4.9890855494449206e-08,0.9999999999996618
169,665000000,169.665,indoor_world,differential_drive_robot,-3.5741685225951495e-06,-2.993451338640735e-08,-4.433823484413102e-07,-4.104671596714432e-10,8.208607569723231e-07,-4.9890855494449206e-08,0.9999999999996618
169,685000000,169.685,indoor_world,differential_drive_robot,-3.5741685225951495e-06,-2.993451338640735e-08,-4.433823484413102e-07,-4.104671596714432e-10,8.208607569723231e-07,-4.9890855494449206e-08,0.9999999999996618
169,705000000,169.705,indoor_world,differential_drive_robot,-3.5741685225951495e-06,-2.993451338640735e-08,-4.433823484413102e-07,-4.104671596714432e-10,8.208607569723231e-07,-4.9890855494449206e-08,0.9999999999996618
169,725000000,169.725,indoor_world,differential_drive_robot,-3.5741685225951495e-06,-2.993451338640735e-08,-4.433823484413102e-07,-4.104671596714432e-10,8.208607569723231e-07,-4.9890855494449206e-08,0.9999999999996618
169,745000000,169.745,indoor_world,differential_drive_robot,-3.5741685225951495e-06,-2.993451338640735e-08,-4.433823484413102e-07,-4.104671596714432e-10,8.208607569723231e-07,-4.9890855494449206e-08,0.9999999999996618
169,765000000,169.765,indoor_world,differential_drive_robot,-3.5741685225951495e-06,-2.993451338640735e-08,-4.433823484413102e-07,-4.104671596714432e-10,8.208607569723231e-07,-4.9890855494449206e-08,0.9999999999996618
169,785000000,169.785,indoor_world,differential_drive_robot,-3.5741685225951495e-06,-2.993451338640735e-08,-4.433823484413102e-07,-4.104671596714432e-10,8.208607569723231e-07,-4.9890855494449206e-08,0.9999999999996618
169,805000000,169.805,indoor_world,differential_drive_robot,-3.5741685225951495e-06,-2.993451338640735e-08,-4.433823484413102e-07,-4.104671596714432e-10,8.208607569723231e-07,-4.9890855494449206e-08,0.9999999999996618
169,825000000,169.825,indoor_world,differential_drive_robot,-3.5741685225951495e-06,-2.993451338640735e-08,-4.433823484413102e-07,-4.104671596714432e-10,8.208607569723231e-07,-4.9890855494449206e-08,0.9999999999996618
169,845000000,169.845,indoor_world,differential_drive_robot,-3.5741685225951495e-06,-2.993451338640735e-08,-4.433823484413102e-07,-4.104671596714432e-10,8.208607569723231e-07,-4.9890855494449206e-08,0.9999999999996618
169,865000000,169.865,indoor_world,differential_drive_robot,-3.5741685225951495e-06,-2.993451338640735e-08,-4.433823484413102e-07,-4.104671596714432e-10,8.208607569723231e-07,-4.9890855494449206e-08,0.9999999999996618
169,885000000,169.885,indoor_world,differential_drive_robot,-3.5741685225951495e-06,-2.993451338640735e-08,-4.433823484413102e-07,-4.104671596714432e-10,8.208607569723231e-07,-4.9890855494449206e-08,0.9999999999996618
169,905000000,169.905,indoor_world,differential_drive_robot,-3.5741685225951495e-06,-2.993451338640735e-08,-4.433823484413102e-07,-4.104671596714432e-10,8.208607569723231e-07,-4.9890855494449206e-08,0.9999999999996618
169,925000000,169.925,indoor_world,differential_drive_robot,-3.5741685225951495e-06,-2.993451338640735e-08,-4.433823484413102e-07,-4.104671596714432e-10,8.208607569723231e-07,-4.9890855494449206e-08,0.9999999999996618
169,945000000,169.945,indoor_world,differential_drive_robot,-3.5741685225951495e-06,-2.993451338640735e-08,-4.433823484413102e-07,-4.104671596714432e-10,8.208607569723231e-07,-4.9890855494449206e-08,0.9999999999996618
169,965000000,169.965,indoor_world,differential_drive_robot,-3.5741685225951495e-06,-2.993451338640735e-08,-4.433823484413102e-07,-4.104671596714432e-10,8.208607569723231e-07,-4.9890855494449206e-08,0.9999999999996618
169,985000000,169.985,indoor_world,differential_drive_robot,-3.5741685225951495e-06,-2.993451338640735e-08,-4.433823484413102e-07,-4.104671596714432e-10,8.208607569723231e-07,-4.9890855494449206e-08,0.9999999999996618
170,5000000,170.005,indoor_world,differential_drive_robot,-3.5741685225951495e-06,-2.993451338640735e-08,-4.433823484413102e-07,-4.104671596714432e-10,8.208607569723231e-07,-4.9890855494449206e-08,0.9999999999996618
170,25000000,170.025,indoor_world,differential_drive_robot,-3.5741685225951495e-06,-2.993451338640735e-08,-4.433823484413102e-07,-4.104671596714432e-10,8.208607569723231e-07,-4.9890855494449206e-08,0.9999999999996618
170,45000000,170.045,indoor_world,differential_drive_robot,-3.5741685225951495e-06,-2.993451338640735e-08,-4.433823484413102e-07,-4.104671596714432e-10,8.208607569723231e-07,-4.9890855494449206e-08,0.9999999999996618
170,65000000,170.065,indoor_world,differential_drive_robot,-3.5741685225951495e-06,-2.993451338640735e-08,-4.433823484413102e-07,-4.104671596714432e-10,8.208607569723231e-07,-4.9890855494449206e-08,0.9999999999996618
170,85000000,170.085,indoor_world,differential_drive_robot,-3.5741685225951495e-06,-2.993451338640735e-08,-4.433823484413102e-07,-4.104671596714432e-10,8.208607569723231e-07,-4.9890855494449206e-08,0.9999999999996618
170,105000000,170.105,indoor_world,differential_drive_robot,-3.5741685225951495e-06,-2.993451338640735e-08,-4.433823484413102e-07,-4.104671596714432e-10,8.208607569723231e-07,-4.9890855494449206e-08,0.9999999999996618
170,125000000,170.125,indoor_world,differential_drive_robot,-3.5741685225951495e-06,-2.993451338640735e-08,-4.433823484413102e-07,-4.104671596714432e-10,8.208607569723231e-07,-4.9890855494449206e-08,0.9999999999996618
170,145000000,170.145,indoor_world,differential_drive_robot,-3.5741685225951495e-06,-2.993451338640735e-08,-4.433823484413102e-07,-4.104671596714432e-10,8.208607569723231e-07,-4.9890855494449206e-08,0.9999999999996618
170,165000000,170.165,indoor_world,differential_drive_robot,-3.5741685225951495e-06,-2.993451338640735e-08,-4.433823484413102e-07,-4.104671596714432e-10,8.208607569723231e-07,-4.9890855494449206e-08,0.9999999999996618
170,185000000,170.185,indoor_world,differential_drive_robot,-3.5741685225951495e-06,-2.993451338640735e-08,-4.433823484413102e-07,-4.104671596714432e-10,8.208607569723231e-07,-4.9890855494449206e-08,0.9999999999996618
170,205000000,170.205,indoor_world,differential_drive_robot,-3.5741685225951495e-06,-2.993451338640735e-08,-4.433823484413102e-07,-4.104671596714432e-10,8.208607569723231e-07,-4.9890855494449206e-08,0.9999999999996618
170,225000000,170.225,indoor_world,differential_drive_robot,-3.5741685225951495e-06,-2.993451338640735e-08,-4.433823484413102e-07,-4.104671596714432e-10,8.208607569723231e-07,-4.9890855494449206e-08,0.9999999999996618
170,245000000,170.245,indoor_world,differential_drive_robot,-3.5741685225951495e-06,-2.993451338640735e-08,-4.433823484413102e-07,-4.104671596714432e-10,8.208607569723231e-07,-4.9890855494449206e-08,0.9999999999996618
170,265000000,170.265,indoor_world,differential_drive_robot,-3.5741685225951495e-06,-2.993451338640735e-08,-4.433823484413102e-07,-4.104671596714432e-10,8.208607569723231e-07,-4.9890855494449206e-08,0.9999999999996618
170,285000000,170.285,indoor_world,differential_drive_robot,-3.5741685225951495e-06,-2.993451338640735e-08,-4.433823484413102e-07,-4.104671596714432e-10,8.208607569723231e-07,-4.9890855494449206e-08,0.9999999999996618
170,305000000,170.305,indoor_world,differential_drive_robot,-3.5741685225951495e-06,-2.993451338640735e-08,-4.433823484413102e-07,-4.104671596714432e-10,8.208607569723231e-07,-4.9890855494449206e-08,0.9999999999996618
170,325000000,170.325,indoor_world,differential_drive_robot,-3.5741685225951495e-06,-2.993451338640735e-08,-4.433823484413102e-07,-4.104671596714432e-10,8.208607569723231e-07,-4.9890855494449206e-08,0.9999999999996618
170,345000000,170.345,indoor_world,differential_drive_robot,-3.5741685225951495e-06,-2.993451338640735e-08,-4.433823484413102e-07,-4.104671596714432e-10,8.208607569723231e-07,-4.9890855494449206e-08,0.9999999999996618
170,365000000,170.365,indoor_world,differential_drive_robot,-3.5741685225951495e-06,-2.993451338640735e-08,-4.433823484413102e-07,-4.104671596714432e-10,8.208607569723231e-07,-4.9890855494449206e-08,0.9999999999996618
170,385000000,170.385,indoor_world,differential_drive_robot,-3.5741685225951495e-06,-2.993451338640735e-08,-4.433823484413102e-07,-4.104671596714432e-10,8.208607569723231e-07,-4.9890855494449206e-08,0.9999999999996618
170,405000000,170.405,indoor_world,differential_drive_robot,-3.5741685225951495e-06,-2.993451338640735e-08,-4.433823484413102e-07,-4.104671596714432e-10,8.208607569723231e-07,-4.9890855494449206e-08,0.9999999999996618
170,425000000,170.425,indoor_world,differential_drive_robot,-3.5741685225951495e-06,-2.993451338640735e-08,-4.433823484413102e-07,-4.104671596714432e-10,8.208607569723231e-07,-4.9890855494449206e-08,0.9999999999996618
170,445000000,170.445,indoor_world,differential_drive_robot,-3.5741685225951495e-06,-2.993451338640735e-08,-4.433823484413102e-07,-4.104671596714432e-10,8.208607569723231e-07,-4.9890855494449206e-08,0.9999999999996618
170,465000000,170.465,indoor_world,differential_drive_robot,-3.5741685225951495e-06,-2.993451338640735e-08,-4.433823484413102e-07,-4.104671596714432e-10,8.208607569723231e-07,-4.9890855494449206e-08,0.9999999999996618
170,485000000,170.485,indoor_world,differential_drive_robot,-3.5741685225951495e-06,-2.993451338640735e-08,-4.433823484413102e-07,-4.104671596714432e-10,8.208607569723231e-07,-4.9890855494449206e-08,0.9999999999996618
170,505000000,170.505,indoor_world,differential_drive_robot,-3.5741685225951495e-06,-2.993451338640735e-08,-4.433823484413102e-07,-4.104671596714432e-10,8.208607569723231e-07,-4.9890855494449206e-08,0.9999999999996618
170,525000000,170.525,indoor_world,differential_drive_robot,-3.5741685225951495e-06,-2.993451338640735e-08,-4.433823484413102e-07,-4.104671596714432e-10,8.208607569723231e-07,-4.9890855494449206e-08,0.9999999999996618
170,545000000,170.545,indoor_world,differential_drive_robot,-3.5741685225951495e-06,-2.993451338640735e-08,-4.433823484413102e-07,-4.104671596714432e-10,8.208607569723231e-07,-4.9890855494449206e-08,0.9999999999996618
170,565000000,170.565,indoor_world,differential_drive_robot,-3.5741685225951495e-06,-2.993451338640735e-08,-4.433823484413102e-07,-4.104671596714432e-10,8.208607569723231e-07,-4.9890855494449206e-08,0.9999999999996618
170,585000000,170.585,indoor_world,differential_drive_robot,-3.5741685225951495e-06,-2.993451338640735e-08,-4.433823484413102e-07,-4.104671596714432e-10,8.208607569723231e-07,-4.9890855494449206e-08,0.9999999999996618
170,605000000,170.605,indoor_world,differential_drive_robot,-3.5741685225951495e-06,-2.993451338640735e-08,-4.433823484413102e-07,-4.104671596714432e-10,8.208607569723231e-07,-4.9890855494449206e-08,0.9999999999996618
170,625000000,170.625,indoor_world,differential_drive_robot,-3.5741685225951495e-06,-2.993451338640735e-08,-4.433823484413102e-07,-4.104671596714432e-10,8.208607569723231e-07,-4.9890855494449206e-08,0.9999999999996618
170,645000000,170.645,indoor_world,differential_drive_robot,-3.5741685225951495e-06,-2.993451338640735e-08,-4.433823484413102e-07,-4.104671596714432e-10,8.208607569723231e-07,-4.9890855494449206e-08,0.9999999999996618
170,665000000,170.665,indoor_world,differential_drive_robot,-3.5741685225951495e-06,-2.993451338640735e-08,-4.433823484413102e-07,-4.104671596714432e-10,8.208607569723231e-07,-4.9890855494449206e-08,0.9999999999996618
170,685000000,170.685,indoor_world,differential_drive_robot,-3.5741685225951495e-06,-2.993451338640735e-08,-4.433823484413102e-07,-4.104671596714432e-10,8.208607569723231e-07,-4.9890855494449206e-08,0.9999999999996618
170,705000000,170.705,indoor_world,differential_drive_robot,-3.5741685225951495e-06,-2.993451338640735e-08,-4.433823484413102e-07,-4.104671596714432e-10,8.208607569723231e-07,-4.9890855494449206e-08,0.9999999999996618
170,725000000,170.725,indoor_world,differential_drive_robot,-3.5741685225951495e-06,-2.993451338640735e-08,-4.433823484413102e-07,-4.104671596714432e-10,8.208607569723231e-07,-4.9890855494449206e-08,0.9999999999996618
170,745000000,170.745,indoor_world,differential_drive_robot,-3.5741685225951495e-06,-2.993451338640735e-08,-4.433823484413102e-07,-4.104671596714432e-10,8.208607569723231e-07,-4.9890855494449206e-08,0.9999999999996618
170,765000000,170.765,indoor_world,differential_drive_robot,-3.5741685225951495e-06,-2.993451338640735e-08,-4.433823484413102e-07,-4.104671596714432e-10,8.208607569723231e-07,-4.9890855494449206e-08,0.9999999999996618
170,785000000,170.785,indoor_world,differential_drive_robot,-3.5741685225951495e-06,-2.993451338640735e-08,-4.433823484413102e-07,-4.104671596714432e-10,8.208607569723231e-07,-4.9890855494449206e-08,0.9999999999996618
170,805000000,170.805,indoor_world,differential_drive_robot,-3.5741685225951495e-06,-2.993451338640735e-08,-4.433823484413102e-07,-4.104671596714432e-10,8.208607569723231e-07,-4.9890855494449206e-08,0.9999999999996618
170,825000000,170.825,indoor_world,differential_drive_robot,-3.5741685225951495e-06,-2.993451338640735e-08,-4.433823484413102e-07,-4.104671596714432e-10,8.208607569723231e-07,-4.9890855494449206e-08,0.9999999999996618
170,845000000,170.845,indoor_world,differential_drive_robot,-3.5741685225951495e-06,-2.993451338640735e-08,-4.433823484413102e-07,-4.104671596714432e-10,8.208607569723231e-07,-4.9890855494449206e-08,0.9999999999996618
170,865000000,170.865,indoor_world,differential_drive_robot,-3.5741685225951495e-06,-2.993451338640735e-08,-4.433823484413102e-07,-4.104671596714432e-10,8.208607569723231e-07,-4.9890855494449206e-08,0.9999999999996618
170,885000000,170.885,indoor_world,differential_drive_robot,-3.5741685225951495e-06,-2.993451338640735e-08,-4.433823484413102e-07,-4.104671596714432e-10,8.208607569723231e-07,-4.9890855494449206e-08,0.9999999999996618
170,905000000,170.905,indoor_world,differential_drive_robot,-3.5741685225951495e-06,-2.993451338640735e-08,-4.433823484413102e-07,-4.104671596714432e-10,8.208607569723231e-07,-4.9890855494449206e-08,0.9999999999996618
170,925000000,170.925,indoor_world,differential_drive_robot,-3.5741685225951495e-06,-2.993451338640735e-08,-4.433823484413102e-07,-4.104671596714432e-10,8.208607569723231e-07,-4.9890855494449206e-08,0.9999999999996618
170,945000000,170.945,indoor_world,differential_drive_robot,-3.5741685225951495e-06,-2.993451338640735e-08,-4.433823484413102e-07,-4.104671596714432e-10,8.208607569723231e-07,-4.9890855494449206e-08,0.9999999999996618
170,965000000,170.965,indoor_world,differential_drive_robot,-3.5741685225951495e-06,-2.993451338640735e-08,-4.433823484413102e-07,-4.104671596714432e-10,8.208607569723231e-07,-4.9890855494449206e-08,0.9999999999996618
170,985000000,170.985,indoor_world,differential_drive_robot,-3.5741685225951495e-06,-2.993451338640735e-08,-4.433823484413102e-07,-4.104671596714432e-10,8.208607569723231e-07,-4.9890855494449206e-08,0.9999999999996618
171,5000000,171.005,indoor_world,differential_drive_robot,-3.5741685225951495e-06,-2.993451338640735e-08,-4.433823484413102e-07,-4.104671596714432e-10,8.208607569723231e-07,-4.9890855494449206e-08,0.9999999999996618
171,25000000,171.025,indoor_world,differential_drive_robot,-3.5741685225951495e-06,-2.993451338640735e-08,-4.433823484413102e-07,-4.104671596714432e-10,8.208607569723231e-07,-4.9890855494449206e-08,0.9999999999996618
171,45000000,171.045,indoor_world,differential_drive_robot,-3.5741685225951495e-06,-2.993451338640735e-08,-4.433823484413102e-07,-4.104671596714432e-10,8.208607569723231e-07,-4.9890855494449206e-08,0.9999999999996618
171,65000000,171.065,indoor_world,differential_drive_robot,-3.5741685225951495e-06,-2.993451338640735e-08,-4.433823484413102e-07,-4.104671596714432e-10,8.208607569723231e-07,-4.9890855494449206e-08,0.9999999999996618
171,85000000,171.085,indoor_world,differential_drive_robot,-3.5741685225951495e-06,-2.993451338640735e-08,-4.433823484413102e-07,-4.104671596714432e-10,8.208607569723231e-07,-4.9890855494449206e-08,0.9999999999996618
171,105000000,171.105,indoor_world,differential_drive_robot,-3.5741685225951495e-06,-2.993451338640735e-08,-4.433823484413102e-07,-4.104671596714432e-10,8.208607569723231e-07,-4.9890855494449206e-08,0.9999999999996618
171,125000000,171.125,indoor_world,differential_drive_robot,-3.5741685225951495e-06,-2.993451338640735e-08,-4.433823484413102e-07,-4.104671596714432e-10,8.208607569723231e-07,-4.9890855494449206e-08,0.9999999999996618
171,145000000,171.145,indoor_world,differential_drive_robot,-3.5741685225951495e-06,-2.993451338640735e-08,-4.433823484413102e-07,-4.104671596714432e-10,8.208607569723231e-07,-4.9890855494449206e-08,0.9999999999996618
171,165000000,171.165,indoor_world,differential_drive_robot,-3.5741685225951495e-06,-2.993451338640735e-08,-4.433823484413102e-07,-4.104671596714432e-10,8.208607569723231e-07,-4.9890855494449206e-08,0.9999999999996618
171,185000000,171.185,indoor_world,differential_drive_robot,-3.5741685225951495e-06,-2.993451338640735e-08,-4.433823484413102e-07,-4.104671596714432e-10,8.208607569723231e-07,-4.9890855494449206e-08,0.9999999999996618
171,205000000,171.205,indoor_world,differential_drive_robot,-3.5741685225951495e-06,-2.993451338640735e-08,-4.433823484413102e-07,-4.104671596714432e-10,8.208607569723231e-07,-4.9890855494449206e-08,0.9999999999996618
171,225000000,171.225,indoor_world,differential_drive_robot,-3.5741685225951495e-06,-2.993451338640735e-08,-4.433823484413102e-07,-4.104671596714432e-10,8.208607569723231e-07,-4.9890855494449206e-08,0.9999999999996618
171,245000000,171.245,indoor_world,differential_drive_robot,-3.5741685225951495e-06,-2.993451338640735e-08,-4.433823484413102e-07,-4.104671596714432e-10,8.208607569723231e-07,-4.9890855494449206e-08,0.9999999999996618
171,265000000,171.265,indoor_world,differential_drive_robot,-3.5741685225951495e-06,-2.993451338640735e-08,-4.433823484413102e-07,-4.104671596714432e-10,8.208607569723231e-07,-4.9890855494449206e-08,0.9999999999996618
171,285000000,171.285,indoor_world,differential_drive_robot,-3.5741685225951495e-06,-2.993451338640735e-08,-4.433823484413102e-07,-4.104671596714432e-10,8.208607569723231e-07,-4.9890855494449206e-08,0.9999999999996618
171,305000000,171.305,indoor_world,differential_drive_robot,-3.5741685225951495e-06,-2.993451338640735e-08,-4.433823484413102e-07,-4.104671596714432e-10,8.208607569723231e-07,-4.9890855494449206e-08,0.9999999999996618
171,325000000,171.325,indoor_world,differential_drive_robot,-3.5741685225951495e-06,-2.993451338640735e-08,-4.433823484413102e-07,-4.104671596714432e-10,8.208607569723231e-07,-4.9890855494449206e-08,0.9999999999996618
171,345000000,171.345,indoor_world,differential_drive_robot,-3.5741685225951495e-06,-2.993451338640735e-08,-4.433823484413102e-07,-4.104671596714432e-10,8.208607569723231e-07,-4.9890855494449206e-08,0.9999999999996618
171,365000000,171.365,indoor_world,differential_drive_robot,-3.5741685225951495e-06,-2.993451338640735e-08,-4.433823484413102e-07,-4.104671596714432e-10,8.208607569723231e-07,-4.9890855494449206e-08,0.9999999999996618
171,385000000,171.385,indoor_world,differential_drive_robot,-3.5741685225951495e-06,-2.993451338640735e-08,-4.433823484413102e-07,-4.104671596714432e-10,8.208607569723231e-07,-4.9890855494449206e-08,0.9999999999996618
171,405000000,171.405,indoor_world,differential_drive_robot,-3.5741685225951495e-06,-2.993451338640735e-08,-4.433823484413102e-07,-4.104671596714432e-10,8.208607569723231e-07,-4.9890855494449206e-08,0.9999999999996618
171,425000000,171.425,indoor_world,differential_drive_robot,-3.5741685225951495e-06,-2.993451338640735e-08,-4.433823484413102e-07,-4.104671596714432e-10,8.208607569723231e-07,-4.9890855494449206e-08,0.9999999999996618
171,445000000,171.445,indoor_world,differential_drive_robot,-3.5741685225951495e-06,-2.993451338640735e-08,-4.433823484413102e-07,-4.104671596714432e-10,8.208607569723231e-07,-4.9890855494449206e-08,0.9999999999996618
171,465000000,171.465,indoor_world,differential_drive_robot,-3.5741685225951495e-06,-2.993451338640735e-08,-4.433823484413102e-07,-4.104671596714432e-10,8.208607569723231e-07,-4.9890855494449206e-08,0.9999999999996618
171,485000000,171.485,indoor_world,differential_drive_robot,-3.5741685225951495e-06,-2.993451338640735e-08,-4.433823484413102e-07,-4.104671596714432e-10,8.208607569723231e-07,-4.9890855494449206e-08,0.9999999999996618
171,505000000,171.505,indoor_world,differential_drive_robot,-3.5741685225951495e-06,-2.993451338640735e-08,-4.433823484413102e-07,-4.104671596714432e-10,8.208607569723231e-07,-4.9890855494449206e-08,0.9999999999996618
171,525000000,171.525,indoor_world,differential_drive_robot,-3.5741685225951495e-06,-2.993451338640735e-08,-4.433823484413102e-07,-4.104671596714432e-10,8.208607569723231e-07,-4.9890855494449206e-08,0.9999999999996618
171,545000000,171.545,indoor_world,differential_drive_robot,-3.5741685225951495e-06,-2.993451338640735e-08,-4.433823484413102e-07,-4.104671596714432e-10,8.208607569723231e-07,-4.9890855494449206e-08,0.9999999999996618
171,565000000,171.565,indoor_world,differential_drive_robot,-3.5741685225951495e-06,-2.993451338640735e-08,-4.433823484413102e-07,-4.104671596714432e-10,8.208607569723231e-07,-4.9890855494449206e-08,0.9999999999996618
171,585000000,171.585,indoor_world,differential_drive_robot,-3.5741685225951495e-06,-2.993451338640735e-08,-4.433823484413102e-07,-4.104671596714432e-10,8.208607569723231e-07,-4.9890855494449206e-08,0.9999999999996618
171,605000000,171.605,indoor_world,differential_drive_robot,-3.5741685225951495e-06,-2.993451338640735e-08,-4.433823484413102e-07,-4.104671596714432e-10,8.208607569723231e-07,-4.9890855494449206e-08,0.9999999999996618
171,625000000,171.625,indoor_world,differential_drive_robot,-3.5741685225951495e-06,-2.993451338640735e-08,-4.433823484413102e-07,-4.104671596714432e-10,8.208607569723231e-07,-4.9890855494449206e-08,0.9999999999996618
171,645000000,171.645,indoor_world,differential_drive_robot,-3.5741685225951495e-06,-2.993451338640735e-08,-4.433823484413102e-07,-4.104671596714432e-10,8.208607569723231e-07,-4.9890855494449206e-08,0.9999999999996618
171,665000000,171.665,indoor_world,differential_drive_robot,-3.5741685225951495e-06,-2.993451338640735e-08,-4.433823484413102e-07,-4.104671596714432e-10,8.208607569723231e-07,-4.9890855494449206e-08,0.9999999999996618
171,685000000,171.685,indoor_world,differential_drive_robot,-3.5741685225951495e-06,-2.993451338640735e-08,-4.433823484413102e-07,-4.104671596714432e-10,8.208607569723231e-07,-4.9890855494449206e-08,0.9999999999996618
171,705000000,171.705,indoor_world,differential_drive_robot,-3.5741685225951495e-06,-2.993451338640735e-08,-4.433823484413102e-07,-4.104671596714432e-10,8.208607569723231e-07,-4.9890855494449206e-08,0.9999999999996618
171,725000000,171.725,indoor_world,differential_drive_robot,-3.5741685225951495e-06,-2.993451338640735e-08,-4.433823484413102e-07,-4.104671596714432e-10,8.208607569723231e-07,-4.9890855494449206e-08,0.9999999999996618
171,745000000,171.745,indoor_world,differential_drive_robot,-3.5741685225951495e-06,-2.993451338640735e-08,-4.433823484413102e-07,-4.104671596714432e-10,8.208607569723231e-07,-4.9890855494449206e-08,0.9999999999996618
171,765000000,171.765,indoor_world,differential_drive_robot,-3.5741685225951495e-06,-2.993451338640735e-08,-4.433823484413102e-07,-4.104671596714432e-10,8.208607569723231e-07,-4.9890855494449206e-08,0.9999999999996618
171,785000000,171.785,indoor_world,differential_drive_robot,-3.5741685225951495e-06,-2.993451338640735e-08,-4.433823484413102e-07,-4.104671596714432e-10,8.208607569723231e-07,-4.9890855494449206e-08,0.9999999999996618
171,805000000,171.805,indoor_world,differential_drive_robot,-3.5741685225951495e-06,-2.993451338640735e-08,-4.433823484413102e-07,-4.104671596714432e-10,8.208607569723231e-07,-4.9890855494449206e-08,0.9999999999996618
171,825000000,171.825,indoor_world,differential_drive_robot,-3.5741685225951495e-06,-2.993451338640735e-08,-4.433823484413102e-07,-4.104671596714432e-10,8.208607569723231e-07,-4.9890855494449206e-08,0.9999999999996618
171,845000000,171.845,indoor_world,differential_drive_robot,-3.5741685225951495e-06,-2.993451338640735e-08,-4.433823484413102e-07,-4.104671596714432e-10,8.208607569723231e-07,-4.9890855494449206e-08,0.9999999999996618
171,865000000,171.865,indoor_world,differential_drive_robot,-3.5741685225951495e-06,-2.993451338640735e-08,-4.433823484413102e-07,-4.104671596714432e-10,8.208607569723231e-07,-4.9890855494449206e-08,0.9999999999996618
171,885000000,171.885,indoor_world,differential_drive_robot,-3.5741685225951495e-06,-2.993451338640735e-08,-4.433823484413102e-07,-4.104671596714432e-10,8.208607569723231e-07,-4.9890855494449206e-08,0.9999999999996618
171,905000000,171.905,indoor_world,differential_drive_robot,-3.5741685225951495e-06,-2.993451338640735e-08,-4.433823484413102e-07,-4.104671596714432e-10,8.208607569723231e-07,-4.9890855494449206e-08,0.9999999999996618
171,925000000,171.925,indoor_world,differential_drive_robot,-3.5741685225951495e-06,-2.993451338640735e-08,-4.433823484413102e-07,-4.104671596714432e-10,8.208607569723231e-07,-4.9890855494449206e-08,0.9999999999996618
171,945000000,171.945,indoor_world,differential_drive_robot,-3.5741685225951495e-06,-2.993451338640735e-08,-4.433823484413102e-07,-4.104671596714432e-10,8.208607569723231e-07,-4.9890855494449206e-08,0.9999999999996618
171,965000000,171.965,indoor_world,differential_drive_robot,-3.5741685225951495e-06,-2.993451338640735e-08,-4.433823484413102e-07,-4.104671596714432e-10,8.208607569723231e-07,-4.9890855494449206e-08,0.9999999999996618
171,985000000,171.985,indoor_world,differential_drive_robot,-3.5741685225951495e-06,-2.993451338640735e-08,-4.433823484413102e-07,-4.104671596714432e-10,8.208607569723231e-07,-4.9890855494449206e-08,0.9999999999996618
172,5000000,172.005,indoor_world,differential_drive_robot,-3.5741685225951495e-06,-2.993451338640735e-08,-4.433823484413102e-07,-4.104671596714432e-10,8.208607569723231e-07,-4.9890855494449206e-08,0.9999999999996618
172,25000000,172.025,indoor_world,differential_drive_robot,-3.5741685225951495e-06,-2.993451338640735e-08,-4.433823484413102e-07,-4.104671596714432e-10,8.208607569723231e-07,-4.9890855494449206e-08,0.9999999999996618
172,45000000,172.045,indoor_world,differential_drive_robot,-3.5741685225951495e-06,-2.993451338640735e-08,-4.433823484413102e-07,-4.104671596714432e-10,8.208607569723231e-07,-4.9890855494449206e-08,0.9999999999996618
172,65000000,172.065,indoor_world,differential_drive_robot,-3.5741685225951495e-06,-2.993451338640735e-08,-4.433823484413102e-07,-4.104671596714432e-10,8.208607569723231e-07,-4.9890855494449206e-08,0.9999999999996618
172,85000000,172.085,indoor_world,differential_drive_robot,-3.5741685225951495e-06,-2.993451338640735e-08,-4.433823484413102e-07,-4.104671596714432e-10,8.208607569723231e-07,-4.9890855494449206e-08,0.9999999999996618
172,105000000,172.105,indoor_world,differential_drive_robot,-3.5741685225951495e-06,-2.993451338640735e-08,-4.433823484413102e-07,-4.104671596714432e-10,8.208607569723231e-07,-4.9890855494449206e-08,0.9999999999996618
172,125000000,172.125,indoor_world,differential_drive_robot,-3.5741685225951495e-06,-2.993451338640735e-08,-4.433823484413102e-07,-4.104671596714432e-10,8.208607569723231e-07,-4.9890855494449206e-08,0.9999999999996618
172,145000000,172.145,indoor_world,differential_drive_robot,-3.5741685225951495e-06,-2.993451338640735e-08,-4.433823484413102e-07,-4.104671596714432e-10,8.208607569723231e-07,-4.9890855494449206e-08,0.9999999999996618
172,165000000,172.165,indoor_world,differential_drive_robot,-3.5741685225951495e-06,-2.993451338640735e-08,-4.433823484413102e-07,-4.104671596714432e-10,8.208607569723231e-07,-4.9890855494449206e-08,0.9999999999996618
172,185000000,172.185,indoor_world,differential_drive_robot,-3.5741685225951495e-06,-2.993451338640735e-08,-4.433823484413102e-07,-4.104671596714432e-10,8.208607569723231e-07,-4.9890855494449206e-08,0.9999999999996618
172,205000000,172.205,indoor_world,differential_drive_robot,-3.5741685225951495e-06,-2.993451338640735e-08,-4.433823484413102e-07,-4.104671596714432e-10,8.208607569723231e-07,-4.9890855494449206e-08,0.9999999999996618
172,225000000,172.225,indoor_world,differential_drive_robot,-3.5741685225951495e-06,-2.993451338640735e-08,-4.433823484413102e-07,-4.104671596714432e-10,8.208607569723231e-07,-4.9890855494449206e-08,0.9999999999996618
172,245000000,172.245,indoor_world,differential_drive_robot,-3.5741685225951495e-06,-2.993451338640735e-08,-4.433823484413102e-07,-4.104671596714432e-10,8.208607569723231e-07,-4.9890855494449206e-08,0.9999999999996618
172,265000000,172.265,indoor_world,differential_drive_robot,-3.5741685225951495e-06,-2.993451338640735e-08,-4.433823484413102e-07,-4.104671596714432e-10,8.208607569723231e-07,-4.9890855494449206e-08,0.9999999999996618
172,285000000,172.285,indoor_world,differential_drive_robot,-3.5741685225951495e-06,-2.993451338640735e-08,-4.433823484413102e-07,-4.104671596714432e-10,8.208607569723231e-07,-4.9890855494449206e-08,0.9999999999996618
172,305000000,172.305,indoor_world,differential_drive_robot,-3.5741685225951495e-06,-2.993451338640735e-08,-4.433823484413102e-07,-4.104671596714432e-10,8.208607569723231e-07,-4.9890855494449206e-08,0.9999999999996618
172,325000000,172.325,indoor_world,differential_drive_robot,-3.5741685225951495e-06,-2.993451338640735e-08,-4.433823484413102e-07,-4.104671596714432e-10,8.208607569723231e-07,-4.9890855494449206e-08,0.9999999999996618
172,345000000,172.345,indoor_world,differential_drive_robot,-3.5741685225951495e-06,-2.993451338640735e-08,-4.433823484413102e-07,-4.104671596714432e-10,8.208607569723231e-07,-4.9890855494449206e-08,0.9999999999996618
172,365000000,172.365,indoor_world,differential_drive_robot,-3.5741685225951495e-06,-2.993451338640735e-08,-4.433823484413102e-07,-4.104671596714432e-10,8.208607569723231e-07,-4.9890855494449206e-08,0.9999999999996618
172,385000000,172.385,indoor_world,differential_drive_robot,-3.5741685225951495e-06,-2.993451338640735e-08,-4.433823484413102e-07,-4.104671596714432e-10,8.208607569723231e-07,-4.9890855494449206e-08,0.9999999999996618
172,405000000,172.405,indoor_world,differential_drive_robot,-3.5741685225951495e-06,-2.993451338640735e-08,-4.433823484413102e-07,-4.104671596714432e-10,8.208607569723231e-07,-4.9890855494449206e-08,0.9999999999996618
172,425000000,172.425,indoor_world,differential_drive_robot,-3.5741685225951495e-06,-2.993451338640735e-08,-4.433823484413102e-07,-4.104671596714432e-10,8.208607569723231e-07,-4.9890855494449206e-08,0.9999999999996618
172,445000000,172.445,indoor_world,differential_drive_robot,-3.5741685225951495e-06,-2.993451338640735e-08,-4.433823484413102e-07,-4.104671596714432e-10,8.208607569723231e-07,-4.9890855494449206e-08,0.9999999999996618
172,465000000,172.465,indoor_world,differential_drive_robot,-3.5741685225951495e-06,-2.993451338640735e-08,-4.433823484413102e-07,-4.104671596714432e-10,8.208607569723231e-07,-4.9890855494449206e-08,0.9999999999996618
172,485000000,172.485,indoor_world,differential_drive_robot,-3.5741685225951495e-06,-2.993451338640735e-08,-4.433823484413102e-07,-4.104671596714432e-10,8.208607569723231e-07,-4.9890855494449206e-08,0.9999999999996618
172,505000000,172.505,indoor_world,differential_drive_robot,-3.5741685225951495e-06,-2.993451338640735e-08,-4.433823484413102e-07,-4.104671596714432e-10,8.208607569723231e-07,-4.9890855494449206e-08,0.9999999999996618
172,525000000,172.525,indoor_world,differential_drive_robot,-3.5741685225951495e-06,-2.993451338640735e-08,-4.433823484413102e-07,-4.104671596714432e-10,8.208607569723231e-07,-4.9890855494449206e-08,0.9999999999996618
172,545000000,172.545,indoor_world,differential_drive_robot,-3.5741685225951495e-06,-2.993451338640735e-08,-4.433823484413102e-07,-4.104671596714432e-10,8.208607569723231e-07,-4.9890855494449206e-08,0.9999999999996618
172,565000000,172.565,indoor_world,differential_drive_robot,-3.5741685225951495e-06,-2.993451338640735e-08,-4.433823484413102e-07,-4.104671596714432e-10,8.208607569723231e-07,-4.9890855494449206e-08,0.9999999999996618
172,585000000,172.585,indoor_world,differential_drive_robot,-3.5741685225951495e-06,-2.993451338640735e-08,-4.433823484413102e-07,-4.104671596714432e-10,8.208607569723231e-07,-4.9890855494449206e-08,0.9999999999996618
172,605000000,172.605,indoor_world,differential_drive_robot,-3.5741685225951495e-06,-2.993451338640735e-08,-4.433823484413102e-07,-4.104671596714432e-10,8.208607569723231e-07,-4.9890855494449206e-08,0.9999999999996618
172,625000000,172.625,indoor_world,differential_drive_robot,-3.5741685225951495e-06,-2.993451338640735e-08,-4.433823484413102e-07,-4.104671596714432e-10,8.208607569723231e-07,-4.9890855494449206e-08,0.9999999999996618
172,645000000,172.645,indoor_world,differential_drive_robot,-3.5741685225951495e-06,-2.993451338640735e-08,-4.433823484413102e-07,-4.104671596714432e-10,8.208607569723231e-07,-4.9890855494449206e-08,0.9999999999996618
172,665000000,172.665,indoor_world,differential_drive_robot,-3.5741685225951495e-06,-2.993451338640735e-08,-4.433823484413102e-07,-4.104671596714432e-10,8.208607569723231e-07,-4.9890855494449206e-08,0.9999999999996618
172,685000000,172.685,indoor_world,differential_drive_robot,-3.5741685225951495e-06,-2.993451338640735e-08,-4.433823484413102e-07,-4.104671596714432e-10,8.208607569723231e-07,-4.9890855494449206e-08,0.9999999999996618
172,705000000,172.705,indoor_world,differential_drive_robot,-3.5741685225951495e-06,-2.993451338640735e-08,-4.433823484413102e-07,-4.104671596714432e-10,8.208607569723231e-07,-4.9890855494449206e-08,0.9999999999996618
172,725000000,172.725,indoor_world,differential_drive_robot,-3.5741685225951495e-06,-2.993451338640735e-08,-4.433823484413102e-07,-4.104671596714432e-10,8.208607569723231e-07,-4.9890855494449206e-08,0.9999999999996618
172,745000000,172.745,indoor_world,differential_drive_robot,-3.5741685225951495e-06,-2.993451338640735e-08,-4.433823484413102e-07,-4.104671596714432e-10,8.208607569723231e-07,-4.9890855494449206e-08,0.9999999999996618
172,765000000,172.765,indoor_world,differential_drive_robot,-3.5741685225951495e-06,-2.993451338640735e-08,-4.433823484413102e-07,-4.104671596714432e-10,8.208607569723231e-07,-4.9890855494449206e-08,0.9999999999996618
172,785000000,172.785,indoor_world,differential_drive_robot,-3.5741685225951495e-06,-2.993451338640735e-08,-4.433823484413102e-07,-4.104671596714432e-10,8.208607569723231e-07,-4.9890855494449206e-08,0.9999999999996618
172,805000000,172.805,indoor_world,differential_drive_robot,-3.5741685225951495e-06,-2.993451338640735e-08,-4.433823484413102e-07,-4.104671596714432e-10,8.208607569723231e-07,-4.9890855494449206e-08,0.9999999999996618
172,825000000,172.825,indoor_world,differential_drive_robot,-3.5741685225951495e-06,-2.993451338640735e-08,-4.433823484413102e-07,-4.104671596714432e-10,8.208607569723231e-07,-4.9890855494449206e-08,0.9999999999996618
172,845000000,172.845,indoor_world,differential_drive_robot,-3.5741685225951495e-06,-2.993451338640735e-08,-4.433823484413102e-07,-4.104671596714432e-10,8.208607569723231e-07,-4.9890855494449206e-08,0.9999999999996618
172,865000000,172.865,indoor_world,differential_drive_robot,-3.5741685225951495e-06,-2.993451338640735e-08,-4.433823484413102e-07,-4.104671596714432e-10,8.208607569723231e-07,-4.9890855494449206e-08,0.9999999999996618
172,885000000,172.885,indoor_world,differential_drive_robot,-3.5741685225951495e-06,-2.993451338640735e-08,-4.433823484413102e-07,-4.104671596714432e-10,8.208607569723231e-07,-4.9890855494449206e-08,0.9999999999996618
172,905000000,172.905,indoor_world,differential_drive_robot,-3.5741685225951495e-06,-2.993451338640735e-08,-4.433823484413102e-07,-4.104671596714432e-10,8.208607569723231e-07,-4.9890855494449206e-08,0.9999999999996618
172,925000000,172.925,indoor_world,differential_drive_robot,-3.5741685225951495e-06,-2.993451338640735e-08,-4.433823484413102e-07,-4.104671596714432e-10,8.208607569723231e-07,-4.9890855494449206e-08,0.9999999999996618
172,945000000,172.945,indoor_world,differential_drive_robot,-3.5741685225951495e-06,-2.993451338640735e-08,-4.433823484413102e-07,-4.104671596714432e-10,8.208607569723231e-07,-4.9890855494449206e-08,0.9999999999996618
172,965000000,172.965,indoor_world,differential_drive_robot,-3.5741685225951495e-06,-2.993451338640735e-08,-4.433823484413102e-07,-4.104671596714432e-10,8.208607569723231e-07,-4.9890855494449206e-08,0.9999999999996618
172,985000000,172.985,indoor_world,differential_drive_robot,-3.5741685225951495e-06,-2.993451338640735e-08,-4.433823484413102e-07,-4.104671596714432e-10,8.208607569723231e-07,-4.9890855494449206e-08,0.9999999999996618
173,5000000,173.005,indoor_world,differential_drive_robot,-3.5741685225951495e-06,-2.993451338640735e-08,-4.433823484413102e-07,-4.104671596714432e-10,8.208607569723231e-07,-4.9890855494449206e-08,0.9999999999996618
173,25000000,173.025,indoor_world,differential_drive_robot,-3.5741685225951495e-06,-2.993451338640735e-08,-4.433823484413102e-07,-4.104671596714432e-10,8.208607569723231e-07,-4.9890855494449206e-08,0.9999999999996618
173,45000000,173.045,indoor_world,differential_drive_robot,-3.5741685225951495e-06,-2.993451338640735e-08,-4.433823484413102e-07,-4.104671596714432e-10,8.208607569723231e-07,-4.9890855494449206e-08,0.9999999999996618
173,65000000,173.065,indoor_world,differential_drive_robot,-3.5741685225951495e-06,-2.993451338640735e-08,-4.433823484413102e-07,-4.104671596714432e-10,8.208607569723231e-07,-4.9890855494449206e-08,0.9999999999996618
173,85000000,173.085,indoor_world,differential_drive_robot,-3.5741685225951495e-06,-2.993451338640735e-08,-4.433823484413102e-07,-4.104671596714432e-10,8.208607569723231e-07,-4.9890855494449206e-08,0.9999999999996618
173,105000000,173.105,indoor_world,differential_drive_robot,-3.5741685225951495e-06,-2.993451338640735e-08,-4.433823484413102e-07,-4.104671596714432e-10,8.208607569723231e-07,-4.9890855494449206e-08,0.9999999999996618
173,125000000,173.125,indoor_world,differential_drive_robot,-3.5741685225951495e-06,-2.993451338640735e-08,-4.433823484413102e-07,-4.104671596714432e-10,8.208607569723231e-07,-4.9890855494449206e-08,0.9999999999996618
173,145000000,173.145,indoor_world,differential_drive_robot,-3.5741685225951495e-06,-2.993451338640735e-08,-4.433823484413102e-07,-4.104671596714432e-10,8.208607569723231e-07,-4.9890855494449206e-08,0.9999999999996618
173,165000000,173.165,indoor_world,differential_drive_robot,-3.5741685225951495e-06,-2.993451338640735e-08,-4.433823484413102e-07,-4.104671596714432e-10,8.208607569723231e-07,-4.9890855494449206e-08,0.9999999999996618
173,185000000,173.185,indoor_world,differential_drive_robot,-3.5741685225951495e-06,-2.993451338640735e-08,-4.433823484413102e-07,-4.104671596714432e-10,8.208607569723231e-07,-4.9890855494449206e-08,0.9999999999996618
173,205000000,173.205,indoor_world,differential_drive_robot,-3.5741685225951495e-06,-2.993451338640735e-08,-4.433823484413102e-07,-4.104671596714432e-10,8.208607569723231e-07,-4.9890855494449206e-08,0.9999999999996618
173,225000000,173.225,indoor_world,differential_drive_robot,-3.5741685225951495e-06,-2.993451338640735e-08,-4.433823484413102e-07,-4.104671596714432e-10,8.208607569723231e-07,-4.9890855494449206e-08,0.9999999999996618
173,245000000,173.245,indoor_world,differential_drive_robot,-3.5741685225951495e-06,-2.993451338640735e-08,-4.433823484413102e-07,-4.104671596714432e-10,8.208607569723231e-07,-4.9890855494449206e-08,0.9999999999996618
173,265000000,173.265,indoor_world,differential_drive_robot,-3.5741685225951495e-06,-2.993451338640735e-08,-4.433823484413102e-07,-4.104671596714432e-10,8.208607569723231e-07,-4.9890855494449206e-08,0.9999999999996618
173,285000000,173.285,indoor_world,differential_drive_robot,-3.5741685225951495e-06,-2.993451338640735e-08,-4.433823484413102e-07,-4.104671596714432e-10,8.208607569723231e-07,-4.9890855494449206e-08,0.9999999999996618
173,305000000,173.305,indoor_world,differential_drive_robot,-3.5741685225951495e-06,-2.993451338640735e-08,-4.433823484413102e-07,-4.104671596714432e-10,8.208607569723231e-07,-4.9890855494449206e-08,0.9999999999996618
173,325000000,173.325,indoor_world,differential_drive_robot,-3.5741685225951495e-06,-2.993451338640735e-08,-4.433823484413102e-07,-4.104671596714432e-10,8.208607569723231e-07,-4.9890855494449206e-08,0.9999999999996618
173,345000000,173.345,indoor_world,differential_drive_robot,-3.5741685225951495e-06,-2.993451338640735e-08,-4.433823484413102e-07,-4.104671596714432e-10,8.208607569723231e-07,-4.9890855494449206e-08,0.9999999999996618
173,365000000,173.365,indoor_world,differential_drive_robot,-3.5741685225951495e-06,-2.993451338640735e-08,-4.433823484413102e-07,-4.104671596714432e-10,8.208607569723231e-07,-4.9890855494449206e-08,0.9999999999996618
173,385000000,173.385,indoor_world,differential_drive_robot,-3.5741685225951495e-06,-2.993451338640735e-08,-4.433823484413102e-07,-4.104671596714432e-10,8.208607569723231e-07,-4.9890855494449206e-08,0.9999999999996618
173,405000000,173.405,indoor_world,differential_drive_robot,-3.5741685225951495e-06,-2.993451338640735e-08,-4.433823484413102e-07,-4.104671596714432e-10,8.208607569723231e-07,-4.9890855494449206e-08,0.9999999999996618
173,425000000,173.425,indoor_world,differential_drive_robot,-3.5741685225951495e-06,-2.993451338640735e-08,-4.433823484413102e-07,-4.104671596714432e-10,8.208607569723231e-07,-4.9890855494449206e-08,0.9999999999996618
173,445000000,173.445,indoor_world,differential_drive_robot,-3.5741685225951495e-06,-2.993451338640735e-08,-4.433823484413102e-07,-4.104671596714432e-10,8.208607569723231e-07,-4.9890855494449206e-08,0.9999999999996618
173,465000000,173.465,indoor_world,differential_drive_robot,-3.5741685225951495e-06,-2.993451338640735e-08,-4.433823484413102e-07,-4.104671596714432e-10,8.208607569723231e-07,-4.9890855494449206e-08,0.9999999999996618
173,485000000,173.485,indoor_world,differential_drive_robot,-3.5741685225951495e-06,-2.993451338640735e-08,-4.433823484413102e-07,-4.104671596714432e-10,8.208607569723231e-07,-4.9890855494449206e-08,0.9999999999996618
173,505000000,173.505,indoor_world,differential_drive_robot,-3.5741685225951495e-06,-2.993451338640735e-08,-4.433823484413102e-07,-4.104671596714432e-10,8.208607569723231e-07,-4.9890855494449206e-08,0.9999999999996618
173,525000000,173.525,indoor_world,differential_drive_robot,-3.5741685225951495e-06,-2.993451338640735e-08,-4.433823484413102e-07,-4.104671596714432e-10,8.208607569723231e-07,-4.9890855494449206e-08,0.9999999999996618
173,545000000,173.545,indoor_world,differential_drive_robot,-3.5741685225951495e-06,-2.993451338640735e-08,-4.433823484413102e-07,-4.104671596714432e-10,8.208607569723231e-07,-4.9890855494449206e-08,0.9999999999996618
173,565000000,173.565,indoor_world,differential_drive_robot,-3.5741685225951495e-06,-2.993451338640735e-08,-4.433823484413102e-07,-4.104671596714432e-10,8.208607569723231e-07,-4.9890855494449206e-08,0.9999999999996618
173,585000000,173.585,indoor_world,differential_drive_robot,-3.5741685225951495e-06,-2.993451338640735e-08,-4.433823484413102e-07,-4.104671596714432e-10,8.208607569723231e-07,-4.9890855494449206e-08,0.9999999999996618
173,605000000,173.605,indoor_world,differential_drive_robot,-3.5741685225951495e-06,-2.993451338640735e-08,-4.433823484413102e-07,-4.104671596714432e-10,8.208607569723231e-07,-4.9890855494449206e-08,0.9999999999996618
173,625000000,173.625,indoor_world,differential_drive_robot,-3.5741685225951495e-06,-2.993451338640735e-08,-4.433823484413102e-07,-4.104671596714432e-10,8.208607569723231e-07,-4.9890855494449206e-08,0.9999999999996618
173,645000000,173.645,indoor_world,differential_drive_robot,-3.5741685225951495e-06,-2.993451338640735e-08,-4.433823484413102e-07,-4.104671596714432e-10,8.208607569723231e-07,-4.9890855494449206e-08,0.9999999999996618
173,665000000,173.665,indoor_world,differential_drive_robot,-3.5741685225951495e-06,-2.993451338640735e-08,-4.433823484413102e-07,-4.104671596714432e-10,8.208607569723231e-07,-4.9890855494449206e-08,0.9999999999996618
173,685000000,173.685,indoor_world,differential_drive_robot,-3.5741685225951495e-06,-2.993451338640735e-08,-4.433823484413102e-07,-4.104671596714432e-10,8.208607569723231e-07,-4.9890855494449206e-08,0.9999999999996618
173,705000000,173.705,indoor_world,differential_drive_robot,-3.5741685225951495e-06,-2.993451338640735e-08,-4.433823484413102e-07,-4.104671596714432e-10,8.208607569723231e-07,-4.9890855494449206e-08,0.9999999999996618
173,725000000,173.725,indoor_world,differential_drive_robot,-3.5741685225951495e-06,-2.993451338640735e-08,-4.433823484413102e-07,-4.104671596714432e-10,8.208607569723231e-07,-4.9890855494449206e-08,0.9999999999996618
173,745000000,173.745,indoor_world,differential_drive_robot,-3.5741685225951495e-06,-2.993451338640735e-08,-4.433823484413102e-07,-4.104671596714432e-10,8.208607569723231e-07,-4.9890855494449206e-08,0.9999999999996618
173,765000000,173.765,indoor_world,differential_drive_robot,-3.5741685225951495e-06,-2.993451338640735e-08,-4.433823484413102e-07,-4.104671596714432e-10,8.208607569723231e-07,-4.9890855494449206e-08,0.9999999999996618
173,785000000,173.785,indoor_world,differential_drive_robot,-3.5741685225951495e-06,-2.993451338640735e-08,-4.433823484413102e-07,-4.104671596714432e-10,8.208607569723231e-07,-4.9890855494449206e-08,0.9999999999996618
173,805000000,173.805,indoor_world,differential_drive_robot,-3.5741685225951495e-06,-2.993451338640735e-08,-4.433823484413102e-07,-4.104671596714432e-10,8.208607569723231e-07,-4.9890855494449206e-08,0.9999999999996618
173,825000000,173.825,indoor_world,differential_drive_robot,-3.5741685225951495e-06,-2.993451338640735e-08,-4.433823484413102e-07,-4.104671596714432e-10,8.208607569723231e-07,-4.9890855494449206e-08,0.9999999999996618
173,845000000,173.845,indoor_world,differential_drive_robot,-3.5741685225951495e-06,-2.993451338640735e-08,-4.433823484413102e-07,-4.104671596714432e-10,8.208607569723231e-07,-4.9890855494449206e-08,0.9999999999996618
173,865000000,173.865,indoor_world,differential_drive_robot,-3.5741685225951495e-06,-2.993451338640735e-08,-4.433823484413102e-07,-4.104671596714432e-10,8.208607569723231e-07,-4.9890855494449206e-08,0.9999999999996618
173,885000000,173.885,indoor_world,differential_drive_robot,-3.5741685225951495e-06,-2.993451338640735e-08,-4.433823484413102e-07,-4.104671596714432e-10,8.208607569723231e-07,-4.9890855494449206e-08,0.9999999999996618
173,905000000,173.905,indoor_world,differential_drive_robot,-3.5741685225951495e-06,-2.993451338640735e-08,-4.433823484413102e-07,-4.104671596714432e-10,8.208607569723231e-07,-4.9890855494449206e-08,0.9999999999996618
173,925000000,173.925,indoor_world,differential_drive_robot,-3.5741685225951495e-06,-2.993451338640735e-08,-4.433823484413102e-07,-4.104671596714432e-10,8.208607569723231e-07,-4.9890855494449206e-08,0.9999999999996618
173,945000000,173.945,indoor_world,differential_drive_robot,-3.5741685225951495e-06,-2.993451338640735e-08,-4.433823484413102e-07,-4.104671596714432e-10,8.208607569723231e-07,-4.9890855494449206e-08,0.9999999999996618
173,965000000,173.965,indoor_world,differential_drive_robot,-3.5741685225951495e-06,-2.993451338640735e-08,-4.433823484413102e-07,-4.104671596714432e-10,8.208607569723231e-07,-4.9890855494449206e-08,0.9999999999996618
173,985000000,173.985,indoor_world,differential_drive_robot,-3.5741685225951495e-06,-2.993451338640735e-08,-4.433823484413102e-07,-4.104671596714432e-10,8.208607569723231e-07,-4.9890855494449206e-08,0.9999999999996618
174,5000000,174.005,indoor_world,differential_drive_robot,-3.5741685225951495e-06,-2.993451338640735e-08,-4.433823484413102e-07,-4.104671596714432e-10,8.208607569723231e-07,-4.9890855494449206e-08,0.9999999999996618
174,25000000,174.025,indoor_world,differential_drive_robot,-3.5741685225951495e-06,-2.993451338640735e-08,-4.433823484413102e-07,-4.104671596714432e-10,8.208607569723231e-07,-4.9890855494449206e-08,0.9999999999996618
174,45000000,174.045,indoor_world,differential_drive_robot,-3.5741685225951495e-06,-2.993451338640735e-08,-4.433823484413102e-07,-4.104671596714432e-10,8.208607569723231e-07,-4.9890855494449206e-08,0.9999999999996618
174,65000000,174.065,indoor_world,differential_drive_robot,-3.5741685225951495e-06,-2.993451338640735e-08,-4.433823484413102e-07,-4.104671596714432e-10,8.208607569723231e-07,-4.9890855494449206e-08,0.9999999999996618
174,85000000,174.085,indoor_world,differential_drive_robot,-3.5741685225951495e-06,-2.993451338640735e-08,-4.433823484413102e-07,-4.104671596714432e-10,8.208607569723231e-07,-4.9890855494449206e-08,0.9999999999996618
174,105000000,174.105,indoor_world,differential_drive_robot,-3.5741685225951495e-06,-2.993451338640735e-08,-4.433823484413102e-07,-4.104671596714432e-10,8.208607569723231e-07,-4.9890855494449206e-08,0.9999999999996618
174,125000000,174.125,indoor_world,differential_drive_robot,-3.5741685225951495e-06,-2.993451338640735e-08,-4.433823484413102e-07,-4.104671596714432e-10,8.208607569723231e-07,-4.9890855494449206e-08,0.9999999999996618
174,145000000,174.145,indoor_world,differential_drive_robot,-3.5741685225951495e-06,-2.993451338640735e-08,-4.433823484413102e-07,-4.104671596714432e-10,8.208607569723231e-07,-4.9890855494449206e-08,0.9999999999996618
174,165000000,174.165,indoor_world,differential_drive_robot,-3.5741685225951495e-06,-2.993451338640735e-08,-4.433823484413102e-07,-4.104671596714432e-10,8.208607569723231e-07,-4.9890855494449206e-08,0.9999999999996618
174,185000000,174.185,indoor_world,differential_drive_robot,-3.5741685225951495e-06,-2.993451338640735e-08,-4.433823484413102e-07,-4.104671596714432e-10,8.208607569723231e-07,-4.9890855494449206e-08,0.9999999999996618
174,205000000,174.205,indoor_world,differential_drive_robot,-3.5741685225951495e-06,-2.993451338640735e-08,-4.433823484413102e-07,-4.104671596714432e-10,8.208607569723231e-07,-4.9890855494449206e-08,0.9999999999996618
174,225000000,174.225,indoor_world,differential_drive_robot,-3.5741685225951495e-06,-2.993451338640735e-08,-4.433823484413102e-07,-4.104671596714432e-10,8.208607569723231e-07,-4.9890855494449206e-08,0.9999999999996618
174,245000000,174.245,indoor_world,differential_drive_robot,-3.5741685225951495e-06,-2.993451338640735e-08,-4.433823484413102e-07,-4.104671596714432e-10,8.208607569723231e-07,-4.9890855494449206e-08,0.9999999999996618
174,265000000,174.265,indoor_world,differential_drive_robot,-3.5741685225951495e-06,-2.993451338640735e-08,-4.433823484413102e-07,-4.104671596714432e-10,8.208607569723231e-07,-4.9890855494449206e-08,0.9999999999996618
174,285000000,174.285,indoor_world,differential_drive_robot,-3.5741685225951495e-06,-2.993451338640735e-08,-4.433823484413102e-07,-4.104671596714432e-10,8.208607569723231e-07,-4.9890855494449206e-08,0.9999999999996618
174,305000000,174.305,indoor_world,differential_drive_robot,-3.5741685225951495e-06,-2.993451338640735e-08,-4.433823484413102e-07,-4.104671596714432e-10,8.208607569723231e-07,-4.9890855494449206e-08,0.9999999999996618
174,325000000,174.325,indoor_world,differential_drive_robot,-3.5741685225951495e-06,-2.993451338640735e-08,-4.433823484413102e-07,-4.104671596714432e-10,8.208607569723231e-07,-4.9890855494449206e-08,0.9999999999996618
174,345000000,174.345,indoor_world,differential_drive_robot,-3.5741685225951495e-06,-2.993451338640735e-08,-4.433823484413102e-07,-4.104671596714432e-10,8.208607569723231e-07,-4.9890855494449206e-08,0.9999999999996618
174,365000000,174.365,indoor_world,differential_drive_robot,-3.5741685225951495e-06,-2.993451338640735e-08,-4.433823484413102e-07,-4.104671596714432e-10,8.208607569723231e-07,-4.9890855494449206e-08,0.9999999999996618
174,385000000,174.385,indoor_world,differential_drive_robot,-3.5741685225951495e-06,-2.993451338640735e-08,-4.433823484413102e-07,-4.104671596714432e-10,8.208607569723231e-07,-4.9890855494449206e-08,0.9999999999996618
174,405000000,174.405,indoor_world,differential_drive_robot,-3.5741685225951495e-06,-2.993451338640735e-08,-4.433823484413102e-07,-4.104671596714432e-10,8.208607569723231e-07,-4.9890855494449206e-08,0.9999999999996618
174,425000000,174.425,indoor_world,differential_drive_robot,-3.5741685225951495e-06,-2.993451338640735e-08,-4.433823484413102e-07,-4.104671596714432e-10,8.208607569723231e-07,-4.9890855494449206e-08,0.9999999999996618
174,445000000,174.445,indoor_world,differential_drive_robot,-3.5741685225951495e-06,-2.993451338640735e-08,-4.433823484413102e-07,-4.104671596714432e-10,8.208607569723231e-07,-4.9890855494449206e-08,0.9999999999996618
174,465000000,174.465,indoor_world,differential_drive_robot,-3.5741685225951495e-06,-2.993451338640735e-08,-4.433823484413102e-07,-4.104671596714432e-10,8.208607569723231e-07,-4.9890855494449206e-08,0.9999999999996618
174,485000000,174.485,indoor_world,differential_drive_robot,-3.5741685225951495e-06,-2.993451338640735e-08,-4.433823484413102e-07,-4.104671596714432e-10,8.208607569723231e-07,-4.9890855494449206e-08,0.9999999999996618
174,505000000,174.505,indoor_world,differential_drive_robot,-3.5741685225951495e-06,-2.993451338640735e-08,-4.433823484413102e-07,-4.104671596714432e-10,8.208607569723231e-07,-4.9890855494449206e-08,0.9999999999996618
174,525000000,174.525,indoor_world,differential_drive_robot,-3.5741685225951495e-06,-2.993451338640735e-08,-4.433823484413102e-07,-4.104671596714432e-10,8.208607569723231e-07,-4.9890855494449206e-08,0.9999999999996618
174,545000000,174.545,indoor_world,differential_drive_robot,-3.5741685225951495e-06,-2.993451338640735e-08,-4.433823484413102e-07,-4.104671596714432e-10,8.208607569723231e-07,-4.9890855494449206e-08,0.9999999999996618
174,565000000,174.565,indoor_world,differential_drive_robot,-3.5741685225951495e-06,-2.993451338640735e-08,-4.433823484413102e-07,-4.104671596714432e-10,8.208607569723231e-07,-4.9890855494449206e-08,0.9999999999996618
174,585000000,174.585,indoor_world,differential_drive_robot,-3.5741685225951495e-06,-2.993451338640735e-08,-4.433823484413102e-07,-4.104671596714432e-10,8.208607569723231e-07,-4.9890855494449206e-08,0.9999999999996618
174,605000000,174.605,indoor_world,differential_drive_robot,-3.5741685225951495e-06,-2.993451338640735e-08,-4.433823484413102e-07,-4.104671596714432e-10,8.208607569723231e-07,-4.9890855494449206e-08,0.9999999999996618
174,625000000,174.625,indoor_world,differential_drive_robot,-3.5741685225951495e-06,-2.993451338640735e-08,-4.433823484413102e-07,-4.104671596714432e-10,8.208607569723231e-07,-4.9890855494449206e-08,0.9999999999996618
174,645000000,174.645,indoor_world,differential_drive_robot,-3.5741685225951495e-06,-2.993451338640735e-08,-4.433823484413102e-07,-4.104671596714432e-10,8.208607569723231e-07,-4.9890855494449206e-08,0.9999999999996618
174,665000000,174.665,indoor_world,differential_drive_robot,-3.5741685225951495e-06,-2.993451338640735e-08,-4.433823484413102e-07,-4.104671596714432e-10,8.208607569723231e-07,-4.9890855494449206e-08,0.9999999999996618
174,685000000,174.685,indoor_world,differential_drive_robot,-3.5741685225951495e-06,-2.993451338640735e-08,-4.433823484413102e-07,-4.104671596714432e-10,8.208607569723231e-07,-4.9890855494449206e-08,0.9999999999996618
174,705000000,174.705,indoor_world,differential_drive_robot,-3.5741685225951495e-06,-2.993451338640735e-08,-4.433823484413102e-07,-4.104671596714432e-10,8.208607569723231e-07,-4.9890855494449206e-08,0.9999999999996618
174,725000000,174.725,indoor_world,differential_drive_robot,-3.5741685225951495e-06,-2.993451338640735e-08,-4.433823484413102e-07,-4.104671596714432e-10,8.208607569723231e-07,-4.9890855494449206e-08,0.9999999999996618
174,745000000,174.745,indoor_world,differential_drive_robot,-3.5741685225951495e-06,-2.993451338640735e-08,-4.433823484413102e-07,-4.104671596714432e-10,8.208607569723231e-07,-4.9890855494449206e-08,0.9999999999996618
174,765000000,174.765,indoor_world,differential_drive_robot,-3.5741685225951495e-06,-2.993451338640735e-08,-4.433823484413102e-07,-4.104671596714432e-10,8.208607569723231e-07,-4.9890855494449206e-08,0.9999999999996618
174,785000000,174.785,indoor_world,differential_drive_robot,-3.5741685225951495e-06,-2.993451338640735e-08,-4.433823484413102e-07,-4.104671596714432e-10,8.208607569723231e-07,-4.9890855494449206e-08,0.9999999999996618
174,805000000,174.805,indoor_world,differential_drive_robot,-3.5741685225951495e-06,-2.993451338640735e-08,-4.433823484413102e-07,-4.104671596714432e-10,8.208607569723231e-07,-4.9890855494449206e-08,0.9999999999996618
174,825000000,174.825,indoor_world,differential_drive_robot,-3.5741685225951495e-06,-2.993451338640735e-08,-4.433823484413102e-07,-4.104671596714432e-10,8.208607569723231e-07,-4.9890855494449206e-08,0.9999999999996618
174,845000000,174.845,indoor_world,differential_drive_robot,-3.5741685225951495e-06,-2.993451338640735e-08,-4.433823484413102e-07,-4.104671596714432e-10,8.208607569723231e-07,-4.9890855494449206e-08,0.9999999999996618
174,865000000,174.865,indoor_world,differential_drive_robot,-3.5741685225951495e-06,-2.993451338640735e-08,-4.433823484413102e-07,-4.104671596714432e-10,8.208607569723231e-07,-4.9890855494449206e-08,0.9999999999996618
174,885000000,174.885,indoor_world,differential_drive_robot,-3.5741685225951495e-06,-2.993451338640735e-08,-4.433823484413102e-07,-4.104671596714432e-10,8.208607569723231e-07,-4.9890855494449206e-08,0.9999999999996618
174,905000000,174.905,indoor_world,differential_drive_robot,-3.5741685225951495e-06,-2.993451338640735e-08,-4.433823484413102e-07,-4.104671596714432e-10,8.208607569723231e-07,-4.9890855494449206e-08,0.9999999999996618
174,925000000,174.925,indoor_world,differential_drive_robot,-3.5741685225951495e-06,-2.993451338640735e-08,-4.433823484413102e-07,-4.104671596714432e-10,8.208607569723231e-07,-4.9890855494449206e-08,0.9999999999996618
174,945000000,174.945,indoor_world,differential_drive_robot,-3.5741685225951495e-06,-2.993451338640735e-08,-4.433823484413102e-07,-4.104671596714432e-10,8.208607569723231e-07,-4.9890855494449206e-08,0.9999999999996618
174,965000000,174.965,indoor_world,differential_drive_robot,-3.5741685225951495e-06,-2.993451338640735e-08,-4.433823484413102e-07,-4.104671596714432e-10,8.208607569723231e-07,-4.9890855494449206e-08,0.9999999999996618
174,985000000,174.985,indoor_world,differential_drive_robot,-3.5741685225951495e-06,-2.993451338640735e-08,-4.433823484413102e-07,-4.104671596714432e-10,8.208607569723231e-07,-4.9890855494449206e-08,0.9999999999996618
175,5000000,175.005,indoor_world,differential_drive_robot,-3.5741685225951495e-06,-2.993451338640735e-08,-4.433823484413102e-07,-4.104671596714432e-10,8.208607569723231e-07,-4.9890855494449206e-08,0.9999999999996618
175,25000000,175.025,indoor_world,differential_drive_robot,-3.5741685225951495e-06,-2.993451338640735e-08,-4.433823484413102e-07,-4.104671596714432e-10,8.208607569723231e-07,-4.9890855494449206e-08,0.9999999999996618
175,45000000,175.045,indoor_world,differential_drive_robot,-3.5741685225951495e-06,-2.993451338640735e-08,-4.433823484413102e-07,-4.104671596714432e-10,8.208607569723231e-07,-4.9890855494449206e-08,0.9999999999996618
175,65000000,175.065,indoor_world,differential_drive_robot,-3.5741685225951495e-06,-2.993451338640735e-08,-4.433823484413102e-07,-4.104671596714432e-10,8.208607569723231e-07,-4.9890855494449206e-08,0.9999999999996618
175,85000000,175.085,indoor_world,differential_drive_robot,-3.5741685225951495e-06,-2.993451338640735e-08,-4.433823484413102e-07,-4.104671596714432e-10,8.208607569723231e-07,-4.9890855494449206e-08,0.9999999999996618
175,105000000,175.105,indoor_world,differential_drive_robot,-3.5741685225951495e-06,-2.993451338640735e-08,-4.433823484413102e-07,-4.104671596714432e-10,8.208607569723231e-07,-4.9890855494449206e-08,0.9999999999996618
175,125000000,175.125,indoor_world,differential_drive_robot,-3.5741685225951495e-06,-2.993451338640735e-08,-4.433823484413102e-07,-4.104671596714432e-10,8.208607569723231e-07,-4.9890855494449206e-08,0.9999999999996618
175,145000000,175.145,indoor_world,differential_drive_robot,-3.5741685225951495e-06,-2.993451338640735e-08,-4.433823484413102e-07,-4.104671596714432e-10,8.208607569723231e-07,-4.9890855494449206e-08,0.9999999999996618
175,165000000,175.165,indoor_world,differential_drive_robot,-3.5741685225951495e-06,-2.993451338640735e-08,-4.433823484413102e-07,-4.104671596714432e-10,8.208607569723231e-07,-4.9890855494449206e-08,0.9999999999996618
175,185000000,175.185,indoor_world,differential_drive_robot,-3.5741685225951495e-06,-2.993451338640735e-08,-4.433823484413102e-07,-4.104671596714432e-10,8.208607569723231e-07,-4.9890855494449206e-08,0.9999999999996618
175,205000000,175.205,indoor_world,differential_drive_robot,-3.5741685225951495e-06,-2.993451338640735e-08,-4.433823484413102e-07,-4.104671596714432e-10,8.208607569723231e-07,-4.9890855494449206e-08,0.9999999999996618
175,225000000,175.225,indoor_world,differential_drive_robot,-3.5741685225951495e-06,-2.993451338640735e-08,-4.433823484413102e-07,-4.104671596714432e-10,8.208607569723231e-07,-4.9890855494449206e-08,0.9999999999996618
175,245000000,175.245,indoor_world,differential_drive_robot,-3.5741685225951495e-06,-2.993451338640735e-08,-4.433823484413102e-07,-4.104671596714432e-10,8.208607569723231e-07,-4.9890855494449206e-08,0.9999999999996618
175,265000000,175.265,indoor_world,differential_drive_robot,-3.5741685225951495e-06,-2.993451338640735e-08,-4.433823484413102e-07,-4.104671596714432e-10,8.208607569723231e-07,-4.9890855494449206e-08,0.9999999999996618
175,285000000,175.285,indoor_world,differential_drive_robot,-3.5741685225951495e-06,-2.993451338640735e-08,-4.433823484413102e-07,-4.104671596714432e-10,8.208607569723231e-07,-4.9890855494449206e-08,0.9999999999996618
175,305000000,175.305,indoor_world,differential_drive_robot,-3.5741685225951495e-06,-2.993451338640735e-08,-4.433823484413102e-07,-4.104671596714432e-10,8.208607569723231e-07,-4.9890855494449206e-08,0.9999999999996618
175,325000000,175.325,indoor_world,differential_drive_robot,-3.5741685225951495e-06,-2.993451338640735e-08,-4.433823484413102e-07,-4.104671596714432e-10,8.208607569723231e-07,-4.9890855494449206e-08,0.9999999999996618
175,345000000,175.345,indoor_world,differential_drive_robot,-3.5741685225951495e-06,-2.993451338640735e-08,-4.433823484413102e-07,-4.104671596714432e-10,8.208607569723231e-07,-4.9890855494449206e-08,0.9999999999996618
175,365000000,175.365,indoor_world,differential_drive_robot,-3.5741685225951495e-06,-2.993451338640735e-08,-4.433823484413102e-07,-4.104671596714432e-10,8.208607569723231e-07,-4.9890855494449206e-08,0.9999999999996618
175,385000000,175.385,indoor_world,differential_drive_robot,-3.5741685225951495e-06,-2.993451338640735e-08,-4.433823484413102e-07,-4.104671596714432e-10,8.208607569723231e-07,-4.9890855494449206e-08,0.9999999999996618
175,405000000,175.405,indoor_world,differential_drive_robot,-3.5741685225951495e-06,-2.993451338640735e-08,-4.433823484413102e-07,-4.104671596714432e-10,8.208607569723231e-07,-4.9890855494449206e-08,0.9999999999996618
175,425000000,175.425,indoor_world,differential_drive_robot,-3.5741685225951495e-06,-2.993451338640735e-08,-4.433823484413102e-07,-4.104671596714432e-10,8.208607569723231e-07,-4.9890855494449206e-08,0.9999999999996618
175,445000000,175.445,indoor_world,differential_drive_robot,-3.5741685225951495e-06,-2.993451338640735e-08,-4.433823484413102e-07,-4.104671596714432e-10,8.208607569723231e-07,-4.9890855494449206e-08,0.9999999999996618
175,465000000,175.465,indoor_world,differential_drive_robot,-3.5741685225951495e-06,-2.993451338640735e-08,-4.433823484413102e-07,-4.104671596714432e-10,8.208607569723231e-07,-4.9890855494449206e-08,0.9999999999996618
175,485000000,175.485,indoor_world,differential_drive_robot,-3.5741685225951495e-06,-2.993451338640735e-08,-4.433823484413102e-07,-4.104671596714432e-10,8.208607569723231e-07,-4.9890855494449206e-08,0.9999999999996618
175,505000000,175.505,indoor_world,differential_drive_robot,-3.5741685225951495e-06,-2.993451338640735e-08,-4.433823484413102e-07,-4.104671596714432e-10,8.208607569723231e-07,-4.9890855494449206e-08,0.9999999999996618
175,525000000,175.525,indoor_world,differential_drive_robot,-3.5741685225951495e-06,-2.993451338640735e-08,-4.433823484413102e-07,-4.104671596714432e-10,8.208607569723231e-07,-4.9890855494449206e-08,0.9999999999996618
175,545000000,175.545,indoor_world,differential_drive_robot,-3.5741685225951495e-06,-2.993451338640735e-08,-4.433823484413102e-07,-4.104671596714432e-10,8.208607569723231e-07,-4.9890855494449206e-08,0.9999999999996618
175,565000000,175.565,indoor_world,differential_drive_robot,-3.5741685225951495e-06,-2.993451338640735e-08,-4.433823484413102e-07,-4.104671596714432e-10,8.208607569723231e-07,-4.9890855494449206e-08,0.9999999999996618
175,585000000,175.585,indoor_world,differential_drive_robot,-3.5741685225951495e-06,-2.993451338640735e-08,-4.433823484413102e-07,-4.104671596714432e-10,8.208607569723231e-07,-4.9890855494449206e-08,0.9999999999996618
175,605000000,175.605,indoor_world,differential_drive_robot,-3.5741685225951495e-06,-2.993451338640735e-08,-4.433823484413102e-07,-4.104671596714432e-10,8.208607569723231e-07,-4.9890855494449206e-08,0.9999999999996618
175,625000000,175.625,indoor_world,differential_drive_robot,-3.5741685225951495e-06,-2.993451338640735e-08,-4.433823484413102e-07,-4.104671596714432e-10,8.208607569723231e-07,-4.9890855494449206e-08,0.9999999999996618
175,645000000,175.645,indoor_world,differential_drive_robot,-3.5741685225951495e-06,-2.993451338640735e-08,-4.433823484413102e-07,-4.104671596714432e-10,8.208607569723231e-07,-4.9890855494449206e-08,0.9999999999996618
175,665000000,175.665,indoor_world,differential_drive_robot,-3.5741685225951495e-06,-2.993451338640735e-08,-4.433823484413102e-07,-4.104671596714432e-10,8.208607569723231e-07,-4.9890855494449206e-08,0.9999999999996618
175,685000000,175.685,indoor_world,differential_drive_robot,-3.5741685225951495e-06,-2.993451338640735e-08,-4.433823484413102e-07,-4.104671596714432e-10,8.208607569723231e-07,-4.9890855494449206e-08,0.9999999999996618
175,705000000,175.705,indoor_world,differential_drive_robot,-3.5741685225951495e-06,-2.993451338640735e-08,-4.433823484413102e-07,-4.104671596714432e-10,8.208607569723231e-07,-4.9890855494449206e-08,0.9999999999996618
175,725000000,175.725,indoor_world,differential_drive_robot,-3.5741685225951495e-06,-2.993451338640735e-08,-4.433823484413102e-07,-4.104671596714432e-10,8.208607569723231e-07,-4.9890855494449206e-08,0.9999999999996618
175,745000000,175.745,indoor_world,differential_drive_robot,-3.5741685225951495e-06,-2.993451338640735e-08,-4.433823484413102e-07,-4.104671596714432e-10,8.208607569723231e-07,-4.9890855494449206e-08,0.9999999999996618
175,765000000,175.765,indoor_world,differential_drive_robot,-3.5741685225951495e-06,-2.993451338640735e-08,-4.433823484413102e-07,-4.104671596714432e-10,8.208607569723231e-07,-4.9890855494449206e-08,0.9999999999996618
175,785000000,175.785,indoor_world,differential_drive_robot,-3.5741685225951495e-06,-2.993451338640735e-08,-4.433823484413102e-07,-4.104671596714432e-10,8.208607569723231e-07,-4.9890855494449206e-08,0.9999999999996618
175,805000000,175.805,indoor_world,differential_drive_robot,-3.5741685225951495e-06,-2.993451338640735e-08,-4.433823484413102e-07,-4.104671596714432e-10,8.208607569723231e-07,-4.9890855494449206e-08,0.9999999999996618
175,825000000,175.825,indoor_world,differential_drive_robot,-3.5741685225951495e-06,-2.993451338640735e-08,-4.433823484413102e-07,-4.104671596714432e-10,8.208607569723231e-07,-4.9890855494449206e-08,0.9999999999996618
175,845000000,175.845,indoor_world,differential_drive_robot,-3.5741685225951495e-06,-2.993451338640735e-08,-4.433823484413102e-07,-4.104671596714432e-10,8.208607569723231e-07,-4.9890855494449206e-08,0.9999999999996618
175,865000000,175.865,indoor_world,differential_drive_robot,-3.5741685225951495e-06,-2.993451338640735e-08,-4.433823484413102e-07,-4.104671596714432e-10,8.208607569723231e-07,-4.9890855494449206e-08,0.9999999999996618
175,885000000,175.885,indoor_world,differential_drive_robot,-3.5741685225951495e-06,-2.993451338640735e-08,-4.433823484413102e-07,-4.104671596714432e-10,8.208607569723231e-07,-4.9890855494449206e-08,0.9999999999996618
175,905000000,175.905,indoor_world,differential_drive_robot,-3.5741685225951495e-06,-2.993451338640735e-08,-4.433823484413102e-07,-4.104671596714432e-10,8.208607569723231e-07,-4.9890855494449206e-08,0.9999999999996618
175,925000000,175.925,indoor_world,differential_drive_robot,-3.5741685225951495e-06,-2.993451338640735e-08,-4.433823484413102e-07,-4.104671596714432e-10,8.208607569723231e-07,-4.9890855494449206e-08,0.9999999999996618
175,945000000,175.945,indoor_world,differential_drive_robot,-3.5741685225951495e-06,-2.993451338640735e-08,-4.433823484413102e-07,-4.104671596714432e-10,8.208607569723231e-07,-4.9890855494449206e-08,0.9999999999996618
175,965000000,175.965,indoor_world,differential_drive_robot,-3.5741685225951495e-06,-2.993451338640735e-08,-4.433823484413102e-07,-4.104671596714432e-10,8.208607569723231e-07,-4.9890855494449206e-08,0.9999999999996618
175,985000000,175.985,indoor_world,differential_drive_robot,-3.5741685225951495e-06,-2.993451338640735e-08,-4.433823484413102e-07,-4.104671596714432e-10,8.208607569723231e-07,-4.9890855494449206e-08,0.9999999999996618
176,5000000,176.005,indoor_world,differential_drive_robot,-3.5741685225951495e-06,-2.993451338640735e-08,-4.433823484413102e-07,-4.104671596714432e-10,8.208607569723231e-07,-4.9890855494449206e-08,0.9999999999996618
176,25000000,176.025,indoor_world,differential_drive_robot,-3.5741685225951495e-06,-2.993451338640735e-08,-4.433823484413102e-07,-4.104671596714432e-10,8.208607569723231e-07,-4.9890855494449206e-08,0.9999999999996618
176,45000000,176.045,indoor_world,differential_drive_robot,-3.5741685225951495e-06,-2.993451338640735e-08,-4.433823484413102e-07,-4.104671596714432e-10,8.208607569723231e-07,-4.9890855494449206e-08,0.9999999999996618
176,65000000,176.065,indoor_world,differential_drive_robot,-3.5741685225951495e-06,-2.993451338640735e-08,-4.433823484413102e-07,-4.104671596714432e-10,8.208607569723231e-07,-4.9890855494449206e-08,0.9999999999996618
176,85000000,176.085,indoor_world,differential_drive_robot,-3.5741685225951495e-06,-2.993451338640735e-08,-4.433823484413102e-07,-4.104671596714432e-10,8.208607569723231e-07,-4.9890855494449206e-08,0.9999999999996618
176,105000000,176.105,indoor_world,differential_drive_robot,-3.5741685225951495e-06,-2.993451338640735e-08,-4.433823484413102e-07,-4.104671596714432e-10,8.208607569723231e-07,-4.9890855494449206e-08,0.9999999999996618
176,125000000,176.125,indoor_world,differential_drive_robot,-3.5741685225951495e-06,-2.993451338640735e-08,-4.433823484413102e-07,-4.104671596714432e-10,8.208607569723231e-07,-4.9890855494449206e-08,0.9999999999996618
176,145000000,176.145,indoor_world,differential_drive_robot,-3.5741685225951495e-06,-2.993451338640735e-08,-4.433823484413102e-07,-4.104671596714432e-10,8.208607569723231e-07,-4.9890855494449206e-08,0.9999999999996618
176,165000000,176.165,indoor_world,differential_drive_robot,-3.5741685225951495e-06,-2.993451338640735e-08,-4.433823484413102e-07,-4.104671596714432e-10,8.208607569723231e-07,-4.9890855494449206e-08,0.9999999999996618
176,185000000,176.185,indoor_world,differential_drive_robot,-3.5741685225951495e-06,-2.993451338640735e-08,-4.433823484413102e-07,-4.104671596714432e-10,8.208607569723231e-07,-4.9890855494449206e-08,0.9999999999996618
176,205000000,176.205,indoor_world,differential_drive_robot,-3.5741685225951495e-06,-2.993451338640735e-08,-4.433823484413102e-07,-4.104671596714432e-10,8.208607569723231e-07,-4.9890855494449206e-08,0.9999999999996618
176,225000000,176.225,indoor_world,differential_drive_robot,-3.5741685225951495e-06,-2.993451338640735e-08,-4.433823484413102e-07,-4.104671596714432e-10,8.208607569723231e-07,-4.9890855494449206e-08,0.9999999999996618
176,245000000,176.245,indoor_world,differential_drive_robot,-3.5741685225951495e-06,-2.993451338640735e-08,-4.433823484413102e-07,-4.104671596714432e-10,8.208607569723231e-07,-4.9890855494449206e-08,0.9999999999996618
176,265000000,176.265,indoor_world,differential_drive_robot,-3.5741685225951495e-06,-2.993451338640735e-08,-4.433823484413102e-07,-4.104671596714432e-10,8.208607569723231e-07,-4.9890855494449206e-08,0.9999999999996618
176,285000000,176.285,indoor_world,differential_drive_robot,-3.5741685225951495e-06,-2.993451338640735e-08,-4.433823484413102e-07,-4.104671596714432e-10,8.208607569723231e-07,-4.9890855494449206e-08,0.9999999999996618
176,305000000,176.305,indoor_world,differential_drive_robot,-3.5741685225951495e-06,-2.993451338640735e-08,-4.433823484413102e-07,-4.104671596714432e-10,8.208607569723231e-07,-4.9890855494449206e-08,0.9999999999996618
176,325000000,176.325,indoor_world,differential_drive_robot,-3.5741685225951495e-06,-2.993451338640735e-08,-4.433823484413102e-07,-4.104671596714432e-10,8.208607569723231e-07,-4.9890855494449206e-08,0.9999999999996618
176,345000000,176.345,indoor_world,differential_drive_robot,-3.5741685225951495e-06,-2.993451338640735e-08,-4.433823484413102e-07,-4.104671596714432e-10,8.208607569723231e-07,-4.9890855494449206e-08,0.9999999999996618
176,365000000,176.365,indoor_world,differential_drive_robot,-3.5741685225951495e-06,-2.993451338640735e-08,-4.433823484413102e-07,-4.104671596714432e-10,8.208607569723231e-07,-4.9890855494449206e-08,0.9999999999996618
176,385000000,176.385,indoor_world,differential_drive_robot,-3.5741685225951495e-06,-2.993451338640735e-08,-4.433823484413102e-07,-4.104671596714432e-10,8.208607569723231e-07,-4.9890855494449206e-08,0.9999999999996618
176,405000000,176.405,indoor_world,differential_drive_robot,-3.5741685225951495e-06,-2.993451338640735e-08,-4.433823484413102e-07,-4.104671596714432e-10,8.208607569723231e-07,-4.9890855494449206e-08,0.9999999999996618
176,425000000,176.425,indoor_world,differential_drive_robot,-3.5741685225951495e-06,-2.993451338640735e-08,-4.433823484413102e-07,-4.104671596714432e-10,8.208607569723231e-07,-4.9890855494449206e-08,0.9999999999996618
176,445000000,176.445,indoor_world,differential_drive_robot,-3.5741685225951495e-06,-2.993451338640735e-08,-4.433823484413102e-07,-4.104671596714432e-10,8.208607569723231e-07,-4.9890855494449206e-08,0.9999999999996618
176,465000000,176.465,indoor_world,differential_drive_robot,-3.5741685225951495e-06,-2.993451338640735e-08,-4.433823484413102e-07,-4.104671596714432e-10,8.208607569723231e-07,-4.9890855494449206e-08,0.9999999999996618
176,485000000,176.485,indoor_world,differential_drive_robot,-3.5741685225951495e-06,-2.993451338640735e-08,-4.433823484413102e-07,-4.104671596714432e-10,8.208607569723231e-07,-4.9890855494449206e-08,0.9999999999996618
176,505000000,176.505,indoor_world,differential_drive_robot,-3.5741685225951495e-06,-2.993451338640735e-08,-4.433823484413102e-07,-4.104671596714432e-10,8.208607569723231e-07,-4.9890855494449206e-08,0.9999999999996618
176,525000000,176.525,indoor_world,differential_drive_robot,-3.5741685225951495e-06,-2.993451338640735e-08,-4.433823484413102e-07,-4.104671596714432e-10,8.208607569723231e-07,-4.9890855494449206e-08,0.9999999999996618
176,545000000,176.545,indoor_world,differential_drive_robot,-3.5741685225951495e-06,-2.993451338640735e-08,-4.433823484413102e-07,-4.104671596714432e-10,8.208607569723231e-07,-4.9890855494449206e-08,0.9999999999996618
176,565000000,176.565,indoor_world,differential_drive_robot,-3.5741685225951495e-06,-2.993451338640735e-08,-4.433823484413102e-07,-4.104671596714432e-10,8.208607569723231e-07,-4.9890855494449206e-08,0.9999999999996618
176,585000000,176.585,indoor_world,differential_drive_robot,-3.5741685225951495e-06,-2.993451338640735e-08,-4.433823484413102e-07,-4.104671596714432e-10,8.208607569723231e-07,-4.9890855494449206e-08,0.9999999999996618
176,605000000,176.605,indoor_world,differential_drive_robot,-3.5741685225951495e-06,-2.993451338640735e-08,-4.433823484413102e-07,-4.104671596714432e-10,8.208607569723231e-07,-4.9890855494449206e-08,0.9999999999996618
176,625000000,176.625,indoor_world,differential_drive_robot,-3.5741685225951495e-06,-2.993451338640735e-08,-4.433823484413102e-07,-4.104671596714432e-10,8.208607569723231e-07,-4.9890855494449206e-08,0.9999999999996618
176,645000000,176.645,indoor_world,differential_drive_robot,-3.5741685225951495e-06,-2.993451338640735e-08,-4.433823484413102e-07,-4.104671596714432e-10,8.208607569723231e-07,-4.9890855494449206e-08,0.9999999999996618
176,665000000,176.665,indoor_world,differential_drive_robot,-3.5741685225951495e-06,-2.993451338640735e-08,-4.433823484413102e-07,-4.104671596714432e-10,8.208607569723231e-07,-4.9890855494449206e-08,0.9999999999996618
176,685000000,176.685,indoor_world,differential_drive_robot,-3.5741685225951495e-06,-2.993451338640735e-08,-4.433823484413102e-07,-4.104671596714432e-10,8.208607569723231e-07,-4.9890855494449206e-08,0.9999999999996618
176,705000000,176.705,indoor_world,differential_drive_robot,-3.5741685225951495e-06,-2.993451338640735e-08,-4.433823484413102e-07,-4.104671596714432e-10,8.208607569723231e-07,-4.9890855494449206e-08,0.9999999999996618
176,725000000,176.725,indoor_world,differential_drive_robot,-3.5741685225951495e-06,-2.993451338640735e-08,-4.433823484413102e-07,-4.104671596714432e-10,8.208607569723231e-07,-4.9890855494449206e-08,0.9999999999996618
176,745000000,176.745,indoor_world,differential_drive_robot,-3.5741685225951495e-06,-2.993451338640735e-08,-4.433823484413102e-07,-4.104671596714432e-10,8.208607569723231e-07,-4.9890855494449206e-08,0.9999999999996618
176,765000000,176.765,indoor_world,differential_drive_robot,-3.5741685225951495e-06,-2.993451338640735e-08,-4.433823484413102e-07,-4.104671596714432e-10,8.208607569723231e-07,-4.9890855494449206e-08,0.9999999999996618
176,785000000,176.785,indoor_world,differential_drive_robot,-3.5741685225951495e-06,-2.993451338640735e-08,-4.433823484413102e-07,-4.104671596714432e-10,8.208607569723231e-07,-4.9890855494449206e-08,0.9999999999996618
176,805000000,176.805,indoor_world,differential_drive_robot,-3.5741685225951495e-06,-2.993451338640735e-08,-4.433823484413102e-07,-4.104671596714432e-10,8.208607569723231e-07,-4.9890855494449206e-08,0.9999999999996618
176,825000000,176.825,indoor_world,differential_drive_robot,-3.5741685225951495e-06,-2.993451338640735e-08,-4.433823484413102e-07,-4.104671596714432e-10,8.208607569723231e-07,-4.9890855494449206e-08,0.9999999999996618
176,845000000,176.845,indoor_world,differential_drive_robot,-3.5741685225951495e-06,-2.993451338640735e-08,-4.433823484413102e-07,-4.104671596714432e-10,8.208607569723231e-07,-4.9890855494449206e-08,0.9999999999996618
176,865000000,176.865,indoor_world,differential_drive_robot,-3.5741685225951495e-06,-2.993451338640735e-08,-4.433823484413102e-07,-4.104671596714432e-10,8.208607569723231e-07,-4.9890855494449206e-08,0.9999999999996618
176,885000000,176.885,indoor_world,differential_drive_robot,-3.5741685225951495e-06,-2.993451338640735e-08,-4.433823484413102e-07,-4.104671596714432e-10,8.208607569723231e-07,-4.9890855494449206e-08,0.9999999999996618
176,905000000,176.905,indoor_world,differential_drive_robot,-3.5741685225951495e-06,-2.993451338640735e-08,-4.433823484413102e-07,-4.104671596714432e-10,8.208607569723231e-07,-4.9890855494449206e-08,0.9999999999996618
176,925000000,176.925,indoor_world,differential_drive_robot,-3.5741685225951495e-06,-2.993451338640735e-08,-4.433823484413102e-07,-4.104671596714432e-10,8.208607569723231e-07,-4.9890855494449206e-08,0.9999999999996618
176,945000000,176.945,indoor_world,differential_drive_robot,-3.5741685225951495e-06,-2.993451338640735e-08,-4.433823484413102e-07,-4.104671596714432e-10,8.208607569723231e-07,-4.9890855494449206e-08,0.9999999999996618
176,965000000,176.965,indoor_world,differential_drive_robot,-3.5741685225951495e-06,-2.993451338640735e-08,-4.433823484413102e-07,-4.104671596714432e-10,8.208607569723231e-07,-4.9890855494449206e-08,0.9999999999996618
176,985000000,176.985,indoor_world,differential_drive_robot,-3.5741685225951495e-06,-2.993451338640735e-08,-4.433823484413102e-07,-4.104671596714432e-10,8.208607569723231e-07,-4.9890855494449206e-08,0.9999999999996618
177,5000000,177.005,indoor_world,differential_drive_robot,-3.5741685225951495e-06,-2.993451338640735e-08,-4.433823484413102e-07,-4.104671596714432e-10,8.208607569723231e-07,-4.9890855494449206e-08,0.9999999999996618
177,25000000,177.025,indoor_world,differential_drive_robot,-3.5741685225951495e-06,-2.993451338640735e-08,-4.433823484413102e-07,-4.104671596714432e-10,8.208607569723231e-07,-4.9890855494449206e-08,0.9999999999996618
177,45000000,177.045,indoor_world,differential_drive_robot,-3.5741685225951495e-06,-2.993451338640735e-08,-4.433823484413102e-07,-4.104671596714432e-10,8.208607569723231e-07,-4.9890855494449206e-08,0.9999999999996618
177,65000000,177.065,indoor_world,differential_drive_robot,-3.5741685225951495e-06,-2.993451338640735e-08,-4.433823484413102e-07,-4.104671596714432e-10,8.208607569723231e-07,-4.9890855494449206e-08,0.9999999999996618
177,85000000,177.085,indoor_world,differential_drive_robot,-3.5741685225951495e-06,-2.993451338640735e-08,-4.433823484413102e-07,-4.104671596714432e-10,8.208607569723231e-07,-4.9890855494449206e-08,0.9999999999996618
177,105000000,177.105,indoor_world,differential_drive_robot,-3.5741685225951495e-06,-2.993451338640735e-08,-4.433823484413102e-07,-4.104671596714432e-10,8.208607569723231e-07,-4.9890855494449206e-08,0.9999999999996618
177,125000000,177.125,indoor_world,differential_drive_robot,-3.5741685225951495e-06,-2.993451338640735e-08,-4.433823484413102e-07,-4.104671596714432e-10,8.208607569723231e-07,-4.9890855494449206e-08,0.9999999999996618
177,145000000,177.145,indoor_world,differential_drive_robot,-3.5741685225951495e-06,-2.993451338640735e-08,-4.433823484413102e-07,-4.104671596714432e-10,8.208607569723231e-07,-4.9890855494449206e-08,0.9999999999996618
177,165000000,177.165,indoor_world,differential_drive_robot,-3.5741685225951495e-06,-2.993451338640735e-08,-4.433823484413102e-07,-4.104671596714432e-10,8.208607569723231e-07,-4.9890855494449206e-08,0.9999999999996618
177,185000000,177.185,indoor_world,differential_drive_robot,-3.5741685225951495e-06,-2.993451338640735e-08,-4.433823484413102e-07,-4.104671596714432e-10,8.208607569723231e-07,-4.9890855494449206e-08,0.9999999999996618
177,205000000,177.205,indoor_world,differential_drive_robot,-3.5741685225951495e-06,-2.993451338640735e-08,-4.433823484413102e-07,-4.104671596714432e-10,8.208607569723231e-07,-4.9890855494449206e-08,0.9999999999996618
177,225000000,177.225,indoor_world,differential_drive_robot,-3.5741685225951495e-06,-2.993451338640735e-08,-4.433823484413102e-07,-4.104671596714432e-10,8.208607569723231e-07,-4.9890855494449206e-08,0.9999999999996618
177,245000000,177.245,indoor_world,differential_drive_robot,-3.5741685225951495e-06,-2.993451338640735e-08,-4.433823484413102e-07,-4.104671596714432e-10,8.208607569723231e-07,-4.9890855494449206e-08,0.9999999999996618
177,265000000,177.265,indoor_world,differential_drive_robot,-3.5741685225951495e-06,-2.993451338640735e-08,-4.433823484413102e-07,-4.104671596714432e-10,8.208607569723231e-07,-4.9890855494449206e-08,0.9999999999996618
177,285000000,177.285,indoor_world,differential_drive_robot,-3.5741685225951495e-06,-2.993451338640735e-08,-4.433823484413102e-07,-4.104671596714432e-10,8.208607569723231e-07,-4.9890855494449206e-08,0.9999999999996618
177,305000000,177.305,indoor_world,differential_drive_robot,-3.5741685225951495e-06,-2.993451338640735e-08,-4.433823484413102e-07,-4.104671596714432e-10,8.208607569723231e-07,-4.9890855494449206e-08,0.9999999999996618
177,325000000,177.325,indoor_world,differential_drive_robot,-3.5741685225951495e-06,-2.993451338640735e-08,-4.433823484413102e-07,-4.104671596714432e-10,8.208607569723231e-07,-4.9890855494449206e-08,0.9999999999996618
177,345000000,177.345,indoor_world,differential_drive_robot,-3.5741685225951495e-06,-2.993451338640735e-08,-4.433823484413102e-07,-4.104671596714432e-10,8.208607569723231e-07,-4.9890855494449206e-08,0.9999999999996618
177,365000000,177.365,indoor_world,differential_drive_robot,-3.5741685225951495e-06,-2.993451338640735e-08,-4.433823484413102e-07,-4.104671596714432e-10,8.208607569723231e-07,-4.9890855494449206e-08,0.9999999999996618
177,385000000,177.385,indoor_world,differential_drive_robot,-3.5741685225951495e-06,-2.993451338640735e-08,-4.433823484413102e-07,-4.104671596714432e-10,8.208607569723231e-07,-4.9890855494449206e-08,0.9999999999996618
177,405000000,177.405,indoor_world,differential_drive_robot,-3.5741685225951495e-06,-2.993451338640735e-08,-4.433823484413102e-07,-4.104671596714432e-10,8.208607569723231e-07,-4.9890855494449206e-08,0.9999999999996618
177,425000000,177.425,indoor_world,differential_drive_robot,-3.5741685225951495e-06,-2.993451338640735e-08,-4.433823484413102e-07,-4.104671596714432e-10,8.208607569723231e-07,-4.9890855494449206e-08,0.9999999999996618
177,445000000,177.445,indoor_world,differential_drive_robot,-3.5741685225951495e-06,-2.993451338640735e-08,-4.433823484413102e-07,-4.104671596714432e-10,8.208607569723231e-07,-4.9890855494449206e-08,0.9999999999996618
177,465000000,177.465,indoor_world,differential_drive_robot,-3.5741685225951495e-06,-2.993451338640735e-08,-4.433823484413102e-07,-4.104671596714432e-10,8.208607569723231e-07,-4.9890855494449206e-08,0.9999999999996618
177,485000000,177.485,indoor_world,differential_drive_robot,-3.5741685225951495e-06,-2.993451338640735e-08,-4.433823484413102e-07,-4.104671596714432e-10,8.208607569723231e-07,-4.9890855494449206e-08,0.9999999999996618
177,505000000,177.505,indoor_world,differential_drive_robot,-3.5741685225951495e-06,-2.993451338640735e-08,-4.433823484413102e-07,-4.104671596714432e-10,8.208607569723231e-07,-4.9890855494449206e-08,0.9999999999996618
177,525000000,177.525,indoor_world,differential_drive_robot,-3.5741685225951495e-06,-2.993451338640735e-08,-4.433823484413102e-07,-4.104671596714432e-10,8.208607569723231e-07,-4.9890855494449206e-08,0.9999999999996618
177,545000000,177.545,indoor_world,differential_drive_robot,-3.5741685225951495e-06,-2.993451338640735e-08,-4.433823484413102e-07,-4.104671596714432e-10,8.208607569723231e-07,-4.9890855494449206e-08,0.9999999999996618
177,565000000,177.565,indoor_world,differential_drive_robot,-3.5741685225951495e-06,-2.993451338640735e-08,-4.433823484413102e-07,-4.104671596714432e-10,8.208607569723231e-07,-4.9890855494449206e-08,0.9999999999996618
177,585000000,177.585,indoor_world,differential_drive_robot,-3.5741685225951495e-06,-2.993451338640735e-08,-4.433823484413102e-07,-4.104671596714432e-10,8.208607569723231e-07,-4.9890855494449206e-08,0.9999999999996618
177,605000000,177.605,indoor_world,differential_drive_robot,-3.5741685225951495e-06,-2.993451338640735e-08,-4.433823484413102e-07,-4.104671596714432e-10,8.208607569723231e-07,-4.9890855494449206e-08,0.9999999999996618
177,625000000,177.625,indoor_world,differential_drive_robot,-3.5741685225951495e-06,-2.993451338640735e-08,-4.433823484413102e-07,-4.104671596714432e-10,8.208607569723231e-07,-4.9890855494449206e-08,0.9999999999996618
177,645000000,177.645,indoor_world,differential_drive_robot,-3.5741685225951495e-06,-2.993451338640735e-08,-4.433823484413102e-07,-4.104671596714432e-10,8.208607569723231e-07,-4.9890855494449206e-08,0.9999999999996618
177,665000000,177.665,indoor_world,differential_drive_robot,-3.5741685225951495e-06,-2.993451338640735e-08,-4.433823484413102e-07,-4.104671596714432e-10,8.208607569723231e-07,-4.9890855494449206e-08,0.9999999999996618
177,685000000,177.685,indoor_world,differential_drive_robot,-3.5741685225951495e-06,-2.993451338640735e-08,-4.433823484413102e-07,-4.104671596714432e-10,8.208607569723231e-07,-4.9890855494449206e-08,0.9999999999996618
177,705000000,177.705,indoor_world,differential_drive_robot,-3.5741685225951495e-06,-2.993451338640735e-08,-4.433823484413102e-07,-4.104671596714432e-10,8.208607569723231e-07,-4.9890855494449206e-08,0.9999999999996618
177,725000000,177.725,indoor_world,differential_drive_robot,-3.5741685225951495e-06,-2.993451338640735e-08,-4.433823484413102e-07,-4.104671596714432e-10,8.208607569723231e-07,-4.9890855494449206e-08,0.9999999999996618
177,745000000,177.745,indoor_world,differential_drive_robot,-3.5741685225951495e-06,-2.993451338640735e-08,-4.433823484413102e-07,-4.104671596714432e-10,8.208607569723231e-07,-4.9890855494449206e-08,0.9999999999996618
177,765000000,177.765,indoor_world,differential_drive_robot,-3.5741685225951495e-06,-2.993451338640735e-08,-4.433823484413102e-07,-4.104671596714432e-10,8.208607569723231e-07,-4.9890855494449206e-08,0.9999999999996618
177,785000000,177.785,indoor_world,differential_drive_robot,-3.5741685225951495e-06,-2.993451338640735e-08,-4.433823484413102e-07,-4.104671596714432e-10,8.208607569723231e-07,-4.9890855494449206e-08,0.9999999999996618
177,805000000,177.805,indoor_world,differential_drive_robot,-3.5741685225951495e-06,-2.993451338640735e-08,-4.433823484413102e-07,-4.104671596714432e-10,8.208607569723231e-07,-4.9890855494449206e-08,0.9999999999996618
177,825000000,177.825,indoor_world,differential_drive_robot,-3.5741685225951495e-06,-2.993451338640735e-08,-4.433823484413102e-07,-4.104671596714432e-10,8.208607569723231e-07,-4.9890855494449206e-08,0.9999999999996618
177,845000000,177.845,indoor_world,differential_drive_robot,-3.5741685225951495e-06,-2.993451338640735e-08,-4.433823484413102e-07,-4.104671596714432e-10,8.208607569723231e-07,-4.9890855494449206e-08,0.9999999999996618
177,865000000,177.865,indoor_world,differential_drive_robot,-3.5741685225951495e-06,-2.993451338640735e-08,-4.433823484413102e-07,-4.104671596714432e-10,8.208607569723231e-07,-4.9890855494449206e-08,0.9999999999996618
177,885000000,177.885,indoor_world,differential_drive_robot,-3.5741685225951495e-06,-2.993451338640735e-08,-4.433823484413102e-07,-4.104671596714432e-10,8.208607569723231e-07,-4.9890855494449206e-08,0.9999999999996618
177,905000000,177.905,indoor_world,differential_drive_robot,-3.5741685225951495e-06,-2.993451338640735e-08,-4.433823484413102e-07,-4.104671596714432e-10,8.208607569723231e-07,-4.9890855494449206e-08,0.9999999999996618
177,925000000,177.925,indoor_world,differential_drive_robot,-3.5741685225951495e-06,-2.993451338640735e-08,-4.433823484413102e-07,-4.104671596714432e-10,8.208607569723231e-07,-4.9890855494449206e-08,0.9999999999996618
177,945000000,177.945,indoor_world,differential_drive_robot,-3.5741685225951495e-06,-2.993451338640735e-08,-4.433823484413102e-07,-4.104671596714432e-10,8.208607569723231e-07,-4.9890855494449206e-08,0.9999999999996618
177,965000000,177.965,indoor_world,differential_drive_robot,-3.5741685225951495e-06,-2.993451338640735e-08,-4.433823484413102e-07,-4.104671596714432e-10,8.208607569723231e-07,-4.9890855494449206e-08,0.9999999999996618
177,985000000,177.985,indoor_world,differential_drive_robot,-3.5741685225951495e-06,-2.993451338640735e-08,-4.433823484413102e-07,-4.104671596714432e-10,8.208607569723231e-07,-4.9890855494449206e-08,0.9999999999996618
178,5000000,178.005,indoor_world,differential_drive_robot,-3.5741685225951495e-06,-2.993451338640735e-08,-4.433823484413102e-07,-4.104671596714432e-10,8.208607569723231e-07,-4.9890855494449206e-08,0.9999999999996618
178,25000000,178.025,indoor_world,differential_drive_robot,-3.5741685225951495e-06,-2.993451338640735e-08,-4.433823484413102e-07,-4.104671596714432e-10,8.208607569723231e-07,-4.9890855494449206e-08,0.9999999999996618
178,45000000,178.045,indoor_world,differential_drive_robot,-3.5741685225951495e-06,-2.993451338640735e-08,-4.433823484413102e-07,-4.104671596714432e-10,8.208607569723231e-07,-4.9890855494449206e-08,0.9999999999996618
178,65000000,178.065,indoor_world,differential_drive_robot,-3.5741685225951495e-06,-2.993451338640735e-08,-4.433823484413102e-07,-4.104671596714432e-10,8.208607569723231e-07,-4.9890855494449206e-08,0.9999999999996618
178,85000000,178.085,indoor_world,differential_drive_robot,-3.5741685225951495e-06,-2.993451338640735e-08,-4.433823484413102e-07,-4.104671596714432e-10,8.208607569723231e-07,-4.9890855494449206e-08,0.9999999999996618
178,105000000,178.105,indoor_world,differential_drive_robot,-3.5741685225951495e-06,-2.993451338640735e-08,-4.433823484413102e-07,-4.104671596714432e-10,8.208607569723231e-07,-4.9890855494449206e-08,0.9999999999996618
178,125000000,178.125,indoor_world,differential_drive_robot,-3.5741685225951495e-06,-2.993451338640735e-08,-4.433823484413102e-07,-4.104671596714432e-10,8.208607569723231e-07,-4.9890855494449206e-08,0.9999999999996618
178,145000000,178.145,indoor_world,differential_drive_robot,-3.5741685225951495e-06,-2.993451338640735e-08,-4.433823484413102e-07,-4.104671596714432e-10,8.208607569723231e-07,-4.9890855494449206e-08,0.9999999999996618
178,165000000,178.165,indoor_world,differential_drive_robot,-3.5741685225951495e-06,-2.993451338640735e-08,-4.433823484413102e-07,-4.104671596714432e-10,8.208607569723231e-07,-4.9890855494449206e-08,0.9999999999996618
178,185000000,178.185,indoor_world,differential_drive_robot,-3.5741685225951495e-06,-2.993451338640735e-08,-4.433823484413102e-07,-4.104671596714432e-10,8.208607569723231e-07,-4.9890855494449206e-08,0.9999999999996618
178,205000000,178.205,indoor_world,differential_drive_robot,-3.5741685225951495e-06,-2.993451338640735e-08,-4.433823484413102e-07,-4.104671596714432e-10,8.208607569723231e-07,-4.9890855494449206e-08,0.9999999999996618
178,225000000,178.225,indoor_world,differential_drive_robot,-3.5741685225951495e-06,-2.993451338640735e-08,-4.433823484413102e-07,-4.104671596714432e-10,8.208607569723231e-07,-4.9890855494449206e-08,0.9999999999996618
178,245000000,178.245,indoor_world,differential_drive_robot,-3.5741685225951495e-06,-2.993451338640735e-08,-4.433823484413102e-07,-4.104671596714432e-10,8.208607569723231e-07,-4.9890855494449206e-08,0.9999999999996618
178,265000000,178.265,indoor_world,differential_drive_robot,-3.5741685225951495e-06,-2.993451338640735e-08,-4.433823484413102e-07,-4.104671596714432e-10,8.208607569723231e-07,-4.9890855494449206e-08,0.9999999999996618
178,285000000,178.285,indoor_world,differential_drive_robot,-3.5741685225951495e-06,-2.993451338640735e-08,-4.433823484413102e-07,-4.104671596714432e-10,8.208607569723231e-07,-4.9890855494449206e-08,0.9999999999996618
178,305000000,178.305,indoor_world,differential_drive_robot,-3.5741685225951495e-06,-2.993451338640735e-08,-4.433823484413102e-07,-4.104671596714432e-10,8.208607569723231e-07,-4.9890855494449206e-08,0.9999999999996618
178,325000000,178.325,indoor_world,differential_drive_robot,-3.5741685225951495e-06,-2.993451338640735e-08,-4.433823484413102e-07,-4.104671596714432e-10,8.208607569723231e-07,-4.9890855494449206e-08,0.9999999999996618
178,345000000,178.345,indoor_world,differential_drive_robot,-3.5741685225951495e-06,-2.993451338640735e-08,-4.433823484413102e-07,-4.104671596714432e-10,8.208607569723231e-07,-4.9890855494449206e-08,0.9999999999996618
178,365000000,178.365,indoor_world,differential_drive_robot,-3.5741685225951495e-06,-2.993451338640735e-08,-4.433823484413102e-07,-4.104671596714432e-10,8.208607569723231e-07,-4.9890855494449206e-08,0.9999999999996618
178,385000000,178.385,indoor_world,differential_drive_robot,-3.5741685225951495e-06,-2.993451338640735e-08,-4.433823484413102e-07,-4.104671596714432e-10,8.208607569723231e-07,-4.9890855494449206e-08,0.9999999999996618
178,405000000,178.405,indoor_world,differential_drive_robot,-3.5741685225951495e-06,-2.993451338640735e-08,-4.433823484413102e-07,-4.104671596714432e-10,8.208607569723231e-07,-4.9890855494449206e-08,0.9999999999996618
178,425000000,178.425,indoor_world,differential_drive_robot,-3.5741685225951495e-06,-2.993451338640735e-08,-4.433823484413102e-07,-4.104671596714432e-10,8.208607569723231e-07,-4.9890855494449206e-08,0.9999999999996618
178,445000000,178.445,indoor_world,differential_drive_robot,-3.5741685225951495e-06,-2.993451338640735e-08,-4.433823484413102e-07,-4.104671596714432e-10,8.208607569723231e-07,-4.9890855494449206e-08,0.9999999999996618
178,465000000,178.465,indoor_world,differential_drive_robot,-3.5741685225951495e-06,-2.993451338640735e-08,-4.433823484413102e-07,-4.104671596714432e-10,8.208607569723231e-07,-4.9890855494449206e-08,0.9999999999996618
178,485000000,178.485,indoor_world,differential_drive_robot,-3.5741685225951495e-06,-2.993451338640735e-08,-4.433823484413102e-07,-4.104671596714432e-10,8.208607569723231e-07,-4.9890855494449206e-08,0.9999999999996618
178,505000000,178.505,indoor_world,differential_drive_robot,-3.5741685225951495e-06,-2.993451338640735e-08,-4.433823484413102e-07,-4.104671596714432e-10,8.208607569723231e-07,-4.9890855494449206e-08,0.9999999999996618
178,525000000,178.525,indoor_world,differential_drive_robot,-3.5741685225951495e-06,-2.993451338640735e-08,-4.433823484413102e-07,-4.104671596714432e-10,8.208607569723231e-07,-4.9890855494449206e-08,0.9999999999996618
178,545000000,178.545,indoor_world,differential_drive_robot,-3.5741685225951495e-06,-2.993451338640735e-08,-4.433823484413102e-07,-4.104671596714432e-10,8.208607569723231e-07,-4.9890855494449206e-08,0.9999999999996618
178,565000000,178.565,indoor_world,differential_drive_robot,-3.5741685225951495e-06,-2.993451338640735e-08,-4.433823484413102e-07,-4.104671596714432e-10,8.208607569723231e-07,-4.9890855494449206e-08,0.9999999999996618
178,585000000,178.585,indoor_world,differential_drive_robot,-3.5741685225951495e-06,-2.993451338640735e-08,-4.433823484413102e-07,-4.104671596714432e-10,8.208607569723231e-07,-4.9890855494449206e-08,0.9999999999996618
178,605000000,178.605,indoor_world,differential_drive_robot,-3.5741685225951495e-06,-2.993451338640735e-08,-4.433823484413102e-07,-4.104671596714432e-10,8.208607569723231e-07,-4.9890855494449206e-08,0.9999999999996618
178,625000000,178.625,indoor_world,differential_drive_robot,-3.5741685225951495e-06,-2.993451338640735e-08,-4.433823484413102e-07,-4.104671596714432e-10,8.208607569723231e-07,-4.9890855494449206e-08,0.9999999999996618
178,645000000,178.645,indoor_world,differential_drive_robot,-3.5741685225951495e-06,-2.993451338640735e-08,-4.433823484413102e-07,-4.104671596714432e-10,8.208607569723231e-07,-4.9890855494449206e-08,0.9999999999996618
178,665000000,178.665,indoor_world,differential_drive_robot,-3.5741685225951495e-06,-2.993451338640735e-08,-4.433823484413102e-07,-4.104671596714432e-10,8.208607569723231e-07,-4.9890855494449206e-08,0.9999999999996618
178,685000000,178.685,indoor_world,differential_drive_robot,-3.5741685225951495e-06,-2.993451338640735e-08,-4.433823484413102e-07,-4.104671596714432e-10,8.208607569723231e-07,-4.9890855494449206e-08,0.9999999999996618
178,705000000,178.705,indoor_world,differential_drive_robot,-3.5741685225951495e-06,-2.993451338640735e-08,-4.433823484413102e-07,-4.104671596714432e-10,8.208607569723231e-07,-4.9890855494449206e-08,0.9999999999996618
178,725000000,178.725,indoor_world,differential_drive_robot,-3.5741685225951495e-06,-2.993451338640735e-08,-4.433823484413102e-07,-4.104671596714432e-10,8.208607569723231e-07,-4.9890855494449206e-08,0.9999999999996618
178,745000000,178.745,indoor_world,differential_drive_robot,-3.5741685225951495e-06,-2.993451338640735e-08,-4.433823484413102e-07,-4.104671596714432e-10,8.208607569723231e-07,-4.9890855494449206e-08,0.9999999999996618
178,765000000,178.765,indoor_world,differential_drive_robot,-3.5741685225951495e-06,-2.993451338640735e-08,-4.433823484413102e-07,-4.104671596714432e-10,8.208607569723231e-07,-4.9890855494449206e-08,0.9999999999996618
178,785000000,178.785,indoor_world,differential_drive_robot,-3.5741685225951495e-06,-2.993451338640735e-08,-4.433823484413102e-07,-4.104671596714432e-10,8.208607569723231e-07,-4.9890855494449206e-08,0.9999999999996618
178,805000000,178.805,indoor_world,differential_drive_robot,-3.5741685225951495e-06,-2.993451338640735e-08,-4.433823484413102e-07,-4.104671596714432e-10,8.208607569723231e-07,-4.9890855494449206e-08,0.9999999999996618
178,825000000,178.825,indoor_world,differential_drive_robot,-3.5741685225951495e-06,-2.993451338640735e-08,-4.433823484413102e-07,-4.104671596714432e-10,8.208607569723231e-07,-4.9890855494449206e-08,0.9999999999996618
178,845000000,178.845,indoor_world,differential_drive_robot,-3.5741685225951495e-06,-2.993451338640735e-08,-4.433823484413102e-07,-4.104671596714432e-10,8.208607569723231e-07,-4.9890855494449206e-08,0.9999999999996618
178,865000000,178.865,indoor_world,differential_drive_robot,-3.5741685225951495e-06,-2.993451338640735e-08,-4.433823484413102e-07,-4.104671596714432e-10,8.208607569723231e-07,-4.9890855494449206e-08,0.9999999999996618
178,885000000,178.885,indoor_world,differential_drive_robot,-3.5741685225951495e-06,-2.993451338640735e-08,-4.433823484413102e-07,-4.104671596714432e-10,8.208607569723231e-07,-4.9890855494449206e-08,0.9999999999996618
178,905000000,178.905,indoor_world,differential_drive_robot,-3.5741685225951495e-06,-2.993451338640735e-08,-4.433823484413102e-07,-4.104671596714432e-10,8.208607569723231e-07,-4.9890855494449206e-08,0.9999999999996618
178,925000000,178.925,indoor_world,differential_drive_robot,-3.5741685225951495e-06,-2.993451338640735e-08,-4.433823484413102e-07,-4.104671596714432e-10,8.208607569723231e-07,-4.9890855494449206e-08,0.9999999999996618
178,945000000,178.945,indoor_world,differential_drive_robot,-3.5741685225951495e-06,-2.993451338640735e-08,-4.433823484413102e-07,-4.104671596714432e-10,8.208607569723231e-07,-4.9890855494449206e-08,0.9999999999996618
178,965000000,178.965,indoor_world,differential_drive_robot,-3.5741685225951495e-06,-2.993451338640735e-08,-4.433823484413102e-07,-4.104671596714432e-10,8.208607569723231e-07,-4.9890855494449206e-08,0.9999999999996618
178,985000000,178.985,indoor_world,differential_drive_robot,-3.5741685225951495e-06,-2.993451338640735e-08,-4.433823484413102e-07,-4.104671596714432e-10,8.208607569723231e-07,-4.9890855494449206e-08,0.9999999999996618
179,5000000,179.005,indoor_world,differential_drive_robot,-3.5741685225951495e-06,-2.993451338640735e-08,-4.433823484413102e-07,-4.104671596714432e-10,8.208607569723231e-07,-4.9890855494449206e-08,0.9999999999996618
179,25000000,179.025,indoor_world,differential_drive_robot,-3.5741685225951495e-06,-2.993451338640735e-08,-4.433823484413102e-07,-4.104671596714432e-10,8.208607569723231e-07,-4.9890855494449206e-08,0.9999999999996618
179,45000000,179.045,indoor_world,differential_drive_robot,-3.5741685225951495e-06,-2.993451338640735e-08,-4.433823484413102e-07,-4.104671596714432e-10,8.208607569723231e-07,-4.9890855494449206e-08,0.9999999999996618
179,65000000,179.065,indoor_world,differential_drive_robot,-3.5741685225951495e-06,-2.993451338640735e-08,-4.433823484413102e-07,-4.104671596714432e-10,8.208607569723231e-07,-4.9890855494449206e-08,0.9999999999996618
179,85000000,179.085,indoor_world,differential_drive_robot,-3.5741685225951495e-06,-2.993451338640735e-08,-4.433823484413102e-07,-4.104671596714432e-10,8.208607569723231e-07,-4.9890855494449206e-08,0.9999999999996618
179,105000000,179.105,indoor_world,differential_drive_robot,-3.5741685225951495e-06,-2.993451338640735e-08,-4.433823484413102e-07,-4.104671596714432e-10,8.208607569723231e-07,-4.9890855494449206e-08,0.9999999999996618
179,125000000,179.125,indoor_world,differential_drive_robot,-3.5741685225951495e-06,-2.993451338640735e-08,-4.433823484413102e-07,-4.104671596714432e-10,8.208607569723231e-07,-4.9890855494449206e-08,0.9999999999996618
179,145000000,179.145,indoor_world,differential_drive_robot,-3.5741685225951495e-06,-2.993451338640735e-08,-4.433823484413102e-07,-4.104671596714432e-10,8.208607569723231e-07,-4.9890855494449206e-08,0.9999999999996618
179,165000000,179.165,indoor_world,differential_drive_robot,-3.5741685225951495e-06,-2.993451338640735e-08,-4.433823484413102e-07,-4.104671596714432e-10,8.208607569723231e-07,-4.9890855494449206e-08,0.9999999999996618
179,185000000,179.185,indoor_world,differential_drive_robot,-3.5741685225951495e-06,-2.993451338640735e-08,-4.433823484413102e-07,-4.104671596714432e-10,8.208607569723231e-07,-4.9890855494449206e-08,0.9999999999996618
179,205000000,179.205,indoor_world,differential_drive_robot,-3.5741685225951495e-06,-2.993451338640735e-08,-4.433823484413102e-07,-4.104671596714432e-10,8.208607569723231e-07,-4.9890855494449206e-08,0.9999999999996618
179,225000000,179.225,indoor_world,differential_drive_robot,-3.5741685225951495e-06,-2.993451338640735e-08,-4.433823484413102e-07,-4.104671596714432e-10,8.208607569723231e-07,-4.9890855494449206e-08,0.9999999999996618
179,245000000,179.245,indoor_world,differential_drive_robot,-3.5741685225951495e-06,-2.993451338640735e-08,-4.433823484413102e-07,-4.104671596714432e-10,8.208607569723231e-07,-4.9890855494449206e-08,0.9999999999996618
179,265000000,179.265,indoor_world,differential_drive_robot,-3.5741685225951495e-06,-2.993451338640735e-08,-4.433823484413102e-07,-4.104671596714432e-10,8.208607569723231e-07,-4.9890855494449206e-08,0.9999999999996618
179,285000000,179.285,indoor_world,differential_drive_robot,-3.5741685225951495e-06,-2.993451338640735e-08,-4.433823484413102e-07,-4.104671596714432e-10,8.208607569723231e-07,-4.9890855494449206e-08,0.9999999999996618
179,305000000,179.305,indoor_world,differential_drive_robot,-3.5741685225951495e-06,-2.993451338640735e-08,-4.433823484413102e-07,-4.104671596714432e-10,8.208607569723231e-07,-4.9890855494449206e-08,0.9999999999996618
179,325000000,179.325,indoor_world,differential_drive_robot,-3.5741685225951495e-06,-2.993451338640735e-08,-4.433823484413102e-07,-4.104671596714432e-10,8.208607569723231e-07,-4.9890855494449206e-08,0.9999999999996618
179,345000000,179.345,indoor_world,differential_drive_robot,-3.5741685225951495e-06,-2.993451338640735e-08,-4.433823484413102e-07,-4.104671596714432e-10,8.208607569723231e-07,-4.9890855494449206e-08,0.9999999999996618
179,365000000,179.365,indoor_world,differential_drive_robot,-3.5741685225951495e-06,-2.993451338640735e-08,-4.433823484413102e-07,-4.104671596714432e-10,8.208607569723231e-07,-4.9890855494449206e-08,0.9999999999996618
179,385000000,179.385,indoor_world,differential_drive_robot,-3.5741685225951495e-06,-2.993451338640735e-08,-4.433823484413102e-07,-4.104671596714432e-10,8.208607569723231e-07,-4.9890855494449206e-08,0.9999999999996618
179,405000000,179.405,indoor_world,differential_drive_robot,-3.5741685225951495e-06,-2.993451338640735e-08,-4.433823484413102e-07,-4.104671596714432e-10,8.208607569723231e-07,-4.9890855494449206e-08,0.9999999999996618
179,425000000,179.425,indoor_world,differential_drive_robot,-3.5741685225951495e-06,-2.993451338640735e-08,-4.433823484413102e-07,-4.104671596714432e-10,8.208607569723231e-07,-4.9890855494449206e-08,0.9999999999996618
179,445000000,179.445,indoor_world,differential_drive_robot,-3.5741685225951495e-06,-2.993451338640735e-08,-4.433823484413102e-07,-4.104671596714432e-10,8.208607569723231e-07,-4.9890855494449206e-08,0.9999999999996618
179,465000000,179.465,indoor_world,differential_drive_robot,-3.5741685225951495e-06,-2.993451338640735e-08,-4.433823484413102e-07,-4.104671596714432e-10,8.208607569723231e-07,-4.9890855494449206e-08,0.9999999999996618
179,485000000,179.485,indoor_world,differential_drive_robot,-3.5741685225951495e-06,-2.993451338640735e-08,-4.433823484413102e-07,-4.104671596714432e-10,8.208607569723231e-07,-4.9890855494449206e-08,0.9999999999996618
179,505000000,179.505,indoor_world,differential_drive_robot,-3.5741685225951495e-06,-2.993451338640735e-08,-4.433823484413102e-07,-4.104671596714432e-10,8.208607569723231e-07,-4.9890855494449206e-08,0.9999999999996618
179,525000000,179.525,indoor_world,differential_drive_robot,-3.5741685225951495e-06,-2.993451338640735e-08,-4.433823484413102e-07,-4.104671596714432e-10,8.208607569723231e-07,-4.9890855494449206e-08,0.9999999999996618
179,545000000,179.545,indoor_world,differential_drive_robot,-3.5741685225951495e-06,-2.993451338640735e-08,-4.433823484413102e-07,-4.104671596714432e-10,8.208607569723231e-07,-4.9890855494449206e-08,0.9999999999996618
179,565000000,179.565,indoor_world,differential_drive_robot,-3.5741685225951495e-06,-2.993451338640735e-08,-4.433823484413102e-07,-4.104671596714432e-10,8.208607569723231e-07,-4.9890855494449206e-08,0.9999999999996618
179,585000000,179.585,indoor_world,differential_drive_robot,-3.5741685225951495e-06,-2.993451338640735e-08,-4.433823484413102e-07,-4.104671596714432e-10,8.208607569723231e-07,-4.9890855494449206e-08,0.9999999999996618
179,605000000,179.605,indoor_world,differential_drive_robot,-3.5741685225951495e-06,-2.993451338640735e-08,-4.433823484413102e-07,-4.104671596714432e-10,8.208607569723231e-07,-4.9890855494449206e-08,0.9999999999996618
179,625000000,179.625,indoor_world,differential_drive_robot,-3.5741685225951495e-06,-2.993451338640735e-08,-4.433823484413102e-07,-4.104671596714432e-10,8.208607569723231e-07,-4.9890855494449206e-08,0.9999999999996618
179,645000000,179.645,indoor_world,differential_drive_robot,-3.5741685225951495e-06,-2.993451338640735e-08,-4.433823484413102e-07,-4.104671596714432e-10,8.208607569723231e-07,-4.9890855494449206e-08,0.9999999999996618
179,665000000,179.665,indoor_world,differential_drive_robot,-3.5741685225951495e-06,-2.993451338640735e-08,-4.433823484413102e-07,-4.104671596714432e-10,8.208607569723231e-07,-4.9890855494449206e-08,0.9999999999996618
179,685000000,179.685,indoor_world,differential_drive_robot,-3.5741685225951495e-06,-2.993451338640735e-08,-4.433823484413102e-07,-4.104671596714432e-10,8.208607569723231e-07,-4.9890855494449206e-08,0.9999999999996618
179,705000000,179.705,indoor_world,differential_drive_robot,-3.5741685225951495e-06,-2.993451338640735e-08,-4.433823484413102e-07,-4.104671596714432e-10,8.208607569723231e-07,-4.9890855494449206e-08,0.9999999999996618
179,725000000,179.725,indoor_world,differential_drive_robot,-3.5741685225951495e-06,-2.993451338640735e-08,-4.433823484413102e-07,-4.104671596714432e-10,8.208607569723231e-07,-4.9890855494449206e-08,0.9999999999996618
179,745000000,179.745,indoor_world,differential_drive_robot,-3.5741685225951495e-06,-2.993451338640735e-08,-4.433823484413102e-07,-4.104671596714432e-10,8.208607569723231e-07,-4.9890855494449206e-08,0.9999999999996618
179,765000000,179.765,indoor_world,differential_drive_robot,-3.5741685225951495e-06,-2.993451338640735e-08,-4.433823484413102e-07,-4.104671596714432e-10,8.208607569723231e-07,-4.9890855494449206e-08,0.9999999999996618
179,785000000,179.785,indoor_world,differential_drive_robot,-3.5741685225951495e-06,-2.993451338640735e-08,-4.433823484413102e-07,-4.104671596714432e-10,8.208607569723231e-07,-4.9890855494449206e-08,0.9999999999996618
179,805000000,179.805,indoor_world,differential_drive_robot,-3.5741685225951495e-06,-2.993451338640735e-08,-4.433823484413102e-07,-4.104671596714432e-10,8.208607569723231e-07,-4.9890855494449206e-08,0.9999999999996618
179,825000000,179.825,indoor_world,differential_drive_robot,-3.5741685225951495e-06,-2.993451338640735e-08,-4.433823484413102e-07,-4.104671596714432e-10,8.208607569723231e-07,-4.9890855494449206e-08,0.9999999999996618
179,845000000,179.845,indoor_world,differential_drive_robot,-3.5741685225951495e-06,-2.993451338640735e-08,-4.433823484413102e-07,-4.104671596714432e-10,8.208607569723231e-07,-4.9890855494449206e-08,0.9999999999996618
179,865000000,179.865,indoor_world,differential_drive_robot,-3.5741685225951495e-06,-2.993451338640735e-08,-4.433823484413102e-07,-4.104671596714432e-10,8.208607569723231e-07,-4.9890855494449206e-08,0.9999999999996618
179,885000000,179.885,indoor_world,differential_drive_robot,-3.5741685225951495e-06,-2.993451338640735e-08,-4.433823484413102e-07,-4.104671596714432e-10,8.208607569723231e-07,-4.9890855494449206e-08,0.9999999999996618
179,905000000,179.905,indoor_world,differential_drive_robot,-3.5741685225951495e-06,-2.993451338640735e-08,-4.433823484413102e-07,-4.104671596714432e-10,8.208607569723231e-07,-4.9890855494449206e-08,0.9999999999996618
179,925000000,179.925,indoor_world,differential_drive_robot,-3.5741685225951495e-06,-2.993451338640735e-08,-4.433823484413102e-07,-4.104671596714432e-10,8.208607569723231e-07,-4.9890855494449206e-08,0.9999999999996618
179,945000000,179.945,indoor_world,differential_drive_robot,-3.5741685225951495e-06,-2.993451338640735e-08,-4.433823484413102e-07,-4.104671596714432e-10,8.208607569723231e-07,-4.9890855494449206e-08,0.9999999999996618
179,965000000,179.965,indoor_world,differential_drive_robot,-3.5741685225951495e-06,-2.993451338640735e-08,-4.433823484413102e-07,-4.104671596714432e-10,8.208607569723231e-07,-4.9890855494449206e-08,0.9999999999996618
179,985000000,179.985,indoor_world,differential_drive_robot,-3.5741685225951495e-06,-2.993451338640735e-08,-4.433823484413102e-07,-4.104671596714432e-10,8.208607569723231e-07,-4.9890855494449206e-08,0.9999999999996618
180,5000000,180.005,indoor_world,differential_drive_robot,-3.5741685225951495e-06,-2.993451338640735e-08,-4.433823484413102e-07,-4.104671596714432e-10,8.208607569723231e-07,-4.9890855494449206e-08,0.9999999999996618
180,25000000,180.025,indoor_world,differential_drive_robot,-3.5741685225951495e-06,-2.993451338640735e-08,-4.433823484413102e-07,-4.104671596714432e-10,8.208607569723231e-07,-4.9890855494449206e-08,0.9999999999996618
180,45000000,180.045,indoor_world,differential_drive_robot,-3.5741685225951495e-06,-2.993451338640735e-08,-4.433823484413102e-07,-4.104671596714432e-10,8.208607569723231e-07,-4.9890855494449206e-08,0.9999999999996618
180,65000000,180.065,indoor_world,differential_drive_robot,-3.5741685225951495e-06,-2.993451338640735e-08,-4.433823484413102e-07,-4.104671596714432e-10,8.208607569723231e-07,-4.9890855494449206e-08,0.9999999999996618
180,85000000,180.085,indoor_world,differential_drive_robot,-3.5741685225951495e-06,-2.993451338640735e-08,-4.433823484413102e-07,-4.104671596714432e-10,8.208607569723231e-07,-4.9890855494449206e-08,0.9999999999996618
180,105000000,180.105,indoor_world,differential_drive_robot,-3.5741685225951495e-06,-2.993451338640735e-08,-4.433823484413102e-07,-4.104671596714432e-10,8.208607569723231e-07,-4.9890855494449206e-08,0.9999999999996618
180,125000000,180.125,indoor_world,differential_drive_robot,-3.5741685225951495e-06,-2.993451338640735e-08,-4.433823484413102e-07,-4.104671596714432e-10,8.208607569723231e-07,-4.9890855494449206e-08,0.9999999999996618
180,145000000,180.145,indoor_world,differential_drive_robot,-3.5741685225951495e-06,-2.993451338640735e-08,-4.433823484413102e-07,-4.104671596714432e-10,8.208607569723231e-07,-4.9890855494449206e-08,0.9999999999996618
180,165000000,180.165,indoor_world,differential_drive_robot,-3.5741685225951495e-06,-2.993451338640735e-08,-4.433823484413102e-07,-4.104671596714432e-10,8.208607569723231e-07,-4.9890855494449206e-08,0.9999999999996618
180,185000000,180.185,indoor_world,differential_drive_robot,-3.5741685225951495e-06,-2.993451338640735e-08,-4.433823484413102e-07,-4.104671596714432e-10,8.208607569723231e-07,-4.9890855494449206e-08,0.9999999999996618
180,205000000,180.205,indoor_world,differential_drive_robot,-3.5741685225951495e-06,-2.993451338640735e-08,-4.433823484413102e-07,-4.104671596714432e-10,8.208607569723231e-07,-4.9890855494449206e-08,0.9999999999996618
180,225000000,180.225,indoor_world,differential_drive_robot,-3.5741685225951495e-06,-2.993451338640735e-08,-4.433823484413102e-07,-4.104671596714432e-10,8.208607569723231e-07,-4.9890855494449206e-08,0.9999999999996618
180,245000000,180.245,indoor_world,differential_drive_robot,-3.5741685225951495e-06,-2.993451338640735e-08,-4.433823484413102e-07,-4.104671596714432e-10,8.208607569723231e-07,-4.9890855494449206e-08,0.9999999999996618
180,265000000,180.265,indoor_world,differential_drive_robot,-3.5741685225951495e-06,-2.993451338640735e-08,-4.433823484413102e-07,-4.104671596714432e-10,8.208607569723231e-07,-4.9890855494449206e-08,0.9999999999996618
180,285000000,180.285,indoor_world,differential_drive_robot,-3.5741685225951495e-06,-2.993451338640735e-08,-4.433823484413102e-07,-4.104671596714432e-10,8.208607569723231e-07,-4.9890855494449206e-08,0.9999999999996618
180,305000000,180.305,indoor_world,differential_drive_robot,-3.5741685225951495e-06,-2.993451338640735e-08,-4.433823484413102e-07,-4.104671596714432e-10,8.208607569723231e-07,-4.9890855494449206e-08,0.9999999999996618
180,325000000,180.325,indoor_world,differential_drive_robot,-3.5741685225951495e-06,-2.993451338640735e-08,-4.433823484413102e-07,-4.104671596714432e-10,8.208607569723231e-07,-4.9890855494449206e-08,0.9999999999996618
180,345000000,180.345,indoor_world,differential_drive_robot,-3.5741685225951495e-06,-2.993451338640735e-08,-4.433823484413102e-07,-4.104671596714432e-10,8.208607569723231e-07,-4.9890855494449206e-08,0.9999999999996618
180,365000000,180.365,indoor_world,differential_drive_robot,-3.5741685225951495e-06,-2.993451338640735e-08,-4.433823484413102e-07,-4.104671596714432e-10,8.208607569723231e-07,-4.9890855494449206e-08,0.9999999999996618
180,385000000,180.385,indoor_world,differential_drive_robot,-3.5741685225951495e-06,-2.993451338640735e-08,-4.433823484413102e-07,-4.104671596714432e-10,8.208607569723231e-07,-4.9890855494449206e-08,0.9999999999996618
180,405000000,180.405,indoor_world,differential_drive_robot,-3.5741685225951495e-06,-2.993451338640735e-08,-4.433823484413102e-07,-4.104671596714432e-10,8.208607569723231e-07,-4.9890855494449206e-08,0.9999999999996618
180,425000000,180.425,indoor_world,differential_drive_robot,-3.5741685225951495e-06,-2.993451338640735e-08,-4.433823484413102e-07,-4.104671596714432e-10,8.208607569723231e-07,-4.9890855494449206e-08,0.9999999999996618
180,445000000,180.445,indoor_world,differential_drive_robot,-3.5741685225951495e-06,-2.993451338640735e-08,-4.433823484413102e-07,-4.104671596714432e-10,8.208607569723231e-07,-4.9890855494449206e-08,0.9999999999996618
180,465000000,180.465,indoor_world,differential_drive_robot,-3.5741685225951495e-06,-2.993451338640735e-08,-4.433823484413102e-07,-4.104671596714432e-10,8.208607569723231e-07,-4.9890855494449206e-08,0.9999999999996618
180,485000000,180.485,indoor_world,differential_drive_robot,-3.5741685225951495e-06,-2.993451338640735e-08,-4.433823484413102e-07,-4.104671596714432e-10,8.208607569723231e-07,-4.9890855494449206e-08,0.9999999999996618
180,505000000,180.505,indoor_world,differential_drive_robot,-3.5741685225951495e-06,-2.993451338640735e-08,-4.433823484413102e-07,-4.104671596714432e-10,8.208607569723231e-07,-4.9890855494449206e-08,0.9999999999996618
180,525000000,180.525,indoor_world,differential_drive_robot,-3.5741685225951495e-06,-2.993451338640735e-08,-4.433823484413102e-07,-4.104671596714432e-10,8.208607569723231e-07,-4.9890855494449206e-08,0.9999999999996618
180,545000000,180.545,indoor_world,differential_drive_robot,-3.5741685225951495e-06,-2.993451338640735e-08,-4.433823484413102e-07,-4.104671596714432e-10,8.208607569723231e-07,-4.9890855494449206e-08,0.9999999999996618
180,565000000,180.565,indoor_world,differential_drive_robot,-3.5741685225951495e-06,-2.993451338640735e-08,-4.433823484413102e-07,-4.104671596714432e-10,8.208607569723231e-07,-4.9890855494449206e-08,0.9999999999996618
180,585000000,180.585,indoor_world,differential_drive_robot,-3.5741685225951495e-06,-2.993451338640735e-08,-4.433823484413102e-07,-4.104671596714432e-10,8.208607569723231e-07,-4.9890855494449206e-08,0.9999999999996618
180,605000000,180.605,indoor_world,differential_drive_robot,-3.5741685225951495e-06,-2.993451338640735e-08,-4.433823484413102e-07,-4.104671596714432e-10,8.208607569723231e-07,-4.9890855494449206e-08,0.9999999999996618
180,625000000,180.625,indoor_world,differential_drive_robot,-3.5741685225951495e-06,-2.993451338640735e-08,-4.433823484413102e-07,-4.104671596714432e-10,8.208607569723231e-07,-4.9890855494449206e-08,0.9999999999996618
180,645000000,180.645,indoor_world,differential_drive_robot,-3.5741685225951495e-06,-2.993451338640735e-08,-4.433823484413102e-07,-4.104671596714432e-10,8.208607569723231e-07,-4.9890855494449206e-08,0.9999999999996618
180,665000000,180.665,indoor_world,differential_drive_robot,-3.5741685225951495e-06,-2.993451338640735e-08,-4.433823484413102e-07,-4.104671596714432e-10,8.208607569723231e-07,-4.9890855494449206e-08,0.9999999999996618
180,685000000,180.685,indoor_world,differential_drive_robot,-3.5741685225951495e-06,-2.993451338640735e-08,-4.433823484413102e-07,-4.104671596714432e-10,8.208607569723231e-07,-4.9890855494449206e-08,0.9999999999996618
180,705000000,180.705,indoor_world,differential_drive_robot,-3.5741685225951495e-06,-2.993451338640735e-08,-4.433823484413102e-07,-4.104671596714432e-10,8.208607569723231e-07,-4.9890855494449206e-08,0.9999999999996618
180,725000000,180.725,indoor_world,differential_drive_robot,-3.5741685225951495e-06,-2.993451338640735e-08,-4.433823484413102e-07,-4.104671596714432e-10,8.208607569723231e-07,-4.9890855494449206e-08,0.9999999999996618
180,745000000,180.745,indoor_world,differential_drive_robot,-3.5741685225951495e-06,-2.993451338640735e-08,-4.433823484413102e-07,-4.104671596714432e-10,8.208607569723231e-07,-4.9890855494449206e-08,0.9999999999996618
180,765000000,180.765,indoor_world,differential_drive_robot,-3.5741685225951495e-06,-2.993451338640735e-08,-4.433823484413102e-07,-4.104671596714432e-10,8.208607569723231e-07,-4.9890855494449206e-08,0.9999999999996618
180,785000000,180.785,indoor_world,differential_drive_robot,-3.5741685225951495e-06,-2.993451338640735e-08,-4.433823484413102e-07,-4.104671596714432e-10,8.208607569723231e-07,-4.9890855494449206e-08,0.9999999999996618
180,805000000,180.805,indoor_world,differential_drive_robot,-3.5741685225951495e-06,-2.993451338640735e-08,-4.433823484413102e-07,-4.104671596714432e-10,8.208607569723231e-07,-4.9890855494449206e-08,0.9999999999996618
180,825000000,180.825,indoor_world,differential_drive_robot,-3.5741685225951495e-06,-2.993451338640735e-08,-4.433823484413102e-07,-4.104671596714432e-10,8.208607569723231e-07,-4.9890855494449206e-08,0.9999999999996618
180,845000000,180.845,indoor_world,differential_drive_robot,-3.5741685225951495e-06,-2.993451338640735e-08,-4.433823484413102e-07,-4.104671596714432e-10,8.208607569723231e-07,-4.9890855494449206e-08,0.9999999999996618
180,865000000,180.865,indoor_world,differential_drive_robot,-3.5741685225951495e-06,-2.993451338640735e-08,-4.433823484413102e-07,-4.104671596714432e-10,8.208607569723231e-07,-4.9890855494449206e-08,0.9999999999996618
180,885000000,180.885,indoor_world,differential_drive_robot,-3.5741685225951495e-06,-2.993451338640735e-08,-4.433823484413102e-07,-4.104671596714432e-10,8.208607569723231e-07,-4.9890855494449206e-08,0.9999999999996618
180,905000000,180.905,indoor_world,differential_drive_robot,-3.5741685225951495e-06,-2.993451338640735e-08,-4.433823484413102e-07,-4.104671596714432e-10,8.208607569723231e-07,-4.9890855494449206e-08,0.9999999999996618
180,925000000,180.925,indoor_world,differential_drive_robot,-3.5741685225951495e-06,-2.993451338640735e-08,-4.433823484413102e-07,-4.104671596714432e-10,8.208607569723231e-07,-4.9890855494449206e-08,0.9999999999996618
180,945000000,180.945,indoor_world,differential_drive_robot,-3.5741685225951495e-06,-2.993451338640735e-08,-4.433823484413102e-07,-4.104671596714432e-10,8.208607569723231e-07,-4.9890855494449206e-08,0.9999999999996618
180,965000000,180.965,indoor_world,differential_drive_robot,-3.5741685225951495e-06,-2.993451338640735e-08,-4.433823484413102e-07,-4.104671596714432e-10,8.208607569723231e-07,-4.9890855494449206e-08,0.9999999999996618
180,985000000,180.985,indoor_world,differential_drive_robot,-3.5741685225951495e-06,-2.993451338640735e-08,-4.433823484413102e-07,-4.104671596714432e-10,8.208607569723231e-07,-4.9890855494449206e-08,0.9999999999996618
181,5000000,181.005,indoor_world,differential_drive_robot,-3.5741685225951495e-06,-2.993451338640735e-08,-4.433823484413102e-07,-4.104671596714432e-10,8.208607569723231e-07,-4.9890855494449206e-08,0.9999999999996618
181,25000000,181.025,indoor_world,differential_drive_robot,-3.5741685225951495e-06,-2.993451338640735e-08,-4.433823484413102e-07,-4.104671596714432e-10,8.208607569723231e-07,-4.9890855494449206e-08,0.9999999999996618
181,45000000,181.045,indoor_world,differential_drive_robot,-3.5741685225951495e-06,-2.993451338640735e-08,-4.433823484413102e-07,-4.104671596714432e-10,8.208607569723231e-07,-4.9890855494449206e-08,0.9999999999996618
181,65000000,181.065,indoor_world,differential_drive_robot,-3.5741685225951495e-06,-2.993451338640735e-08,-4.433823484413102e-07,-4.104671596714432e-10,8.208607569723231e-07,-4.9890855494449206e-08,0.9999999999996618
181,85000000,181.085,indoor_world,differential_drive_robot,-3.5741685225951495e-06,-2.993451338640735e-08,-4.433823484413102e-07,-4.104671596714432e-10,8.208607569723231e-07,-4.9890855494449206e-08,0.9999999999996618
181,105000000,181.105,indoor_world,differential_drive_robot,-3.5741685225951495e-06,-2.993451338640735e-08,-4.433823484413102e-07,-4.104671596714432e-10,8.208607569723231e-07,-4.9890855494449206e-08,0.9999999999996618
181,125000000,181.125,indoor_world,differential_drive_robot,-3.5741685225951495e-06,-2.993451338640735e-08,-4.433823484413102e-07,-4.104671596714432e-10,8.208607569723231e-07,-4.9890855494449206e-08,0.9999999999996618
181,145000000,181.145,indoor_world,differential_drive_robot,-3.5741685225951495e-06,-2.993451338640735e-08,-4.433823484413102e-07,-4.104671596714432e-10,8.208607569723231e-07,-4.9890855494449206e-08,0.9999999999996618
181,165000000,181.165,indoor_world,differential_drive_robot,-3.5741685225951495e-06,-2.993451338640735e-08,-4.433823484413102e-07,-4.104671596714432e-10,8.208607569723231e-07,-4.9890855494449206e-08,0.9999999999996618
181,185000000,181.185,indoor_world,differential_drive_robot,-3.5741685225951495e-06,-2.993451338640735e-08,-4.433823484413102e-07,-4.104671596714432e-10,8.208607569723231e-07,-4.9890855494449206e-08,0.9999999999996618
181,205000000,181.205,indoor_world,differential_drive_robot,-3.5741685225951495e-06,-2.993451338640735e-08,-4.433823484413102e-07,-4.104671596714432e-10,8.208607569723231e-07,-4.9890855494449206e-08,0.9999999999996618
181,225000000,181.225,indoor_world,differential_drive_robot,-3.5741685225951495e-06,-2.993451338640735e-08,-4.433823484413102e-07,-4.104671596714432e-10,8.208607569723231e-07,-4.9890855494449206e-08,0.9999999999996618
181,245000000,181.245,indoor_world,differential_drive_robot,-3.5741685225951495e-06,-2.993451338640735e-08,-4.433823484413102e-07,-4.104671596714432e-10,8.208607569723231e-07,-4.9890855494449206e-08,0.9999999999996618
181,265000000,181.265,indoor_world,differential_drive_robot,-3.5741685225951495e-06,-2.993451338640735e-08,-4.433823484413102e-07,-4.104671596714432e-10,8.208607569723231e-07,-4.9890855494449206e-08,0.9999999999996618
181,285000000,181.285,indoor_world,differential_drive_robot,-3.5741685225951495e-06,-2.993451338640735e-08,-4.433823484413102e-07,-4.104671596714432e-10,8.208607569723231e-07,-4.9890855494449206e-08,0.9999999999996618
181,305000000,181.305,indoor_world,differential_drive_robot,-3.5741685225951495e-06,-2.993451338640735e-08,-4.433823484413102e-07,-4.104671596714432e-10,8.208607569723231e-07,-4.9890855494449206e-08,0.9999999999996618
181,325000000,181.325,indoor_world,differential_drive_robot,-3.5741685225951495e-06,-2.993451338640735e-08,-4.433823484413102e-07,-4.104671596714432e-10,8.208607569723231e-07,-4.9890855494449206e-08,0.9999999999996618
181,345000000,181.345,indoor_world,differential_drive_robot,-3.5741685225951495e-06,-2.993451338640735e-08,-4.433823484413102e-07,-4.104671596714432e-10,8.208607569723231e-07,-4.9890855494449206e-08,0.9999999999996618
181,365000000,181.365,indoor_world,differential_drive_robot,-3.5741685225951495e-06,-2.993451338640735e-08,-4.433823484413102e-07,-4.104671596714432e-10,8.208607569723231e-07,-4.9890855494449206e-08,0.9999999999996618
181,385000000,181.385,indoor_world,differential_drive_robot,-3.5741685225951495e-06,-2.993451338640735e-08,-4.433823484413102e-07,-4.104671596714432e-10,8.208607569723231e-07,-4.9890855494449206e-08,0.9999999999996618
181,405000000,181.405,indoor_world,differential_drive_robot,-3.5741685225951495e-06,-2.993451338640735e-08,-4.433823484413102e-07,-4.104671596714432e-10,8.208607569723231e-07,-4.9890855494449206e-08,0.9999999999996618
181,425000000,181.425,indoor_world,differential_drive_robot,-3.5741685225951495e-06,-2.993451338640735e-08,-4.433823484413102e-07,-4.104671596714432e-10,8.208607569723231e-07,-4.9890855494449206e-08,0.9999999999996618
181,445000000,181.445,indoor_world,differential_drive_robot,-3.5741685225951495e-06,-2.993451338640735e-08,-4.433823484413102e-07,-4.104671596714432e-10,8.208607569723231e-07,-4.9890855494449206e-08,0.9999999999996618
181,465000000,181.465,indoor_world,differential_drive_robot,-3.5741685225951495e-06,-2.993451338640735e-08,-4.433823484413102e-07,-4.104671596714432e-10,8.208607569723231e-07,-4.9890855494449206e-08,0.9999999999996618
181,485000000,181.485,indoor_world,differential_drive_robot,-3.5741685225951495e-06,-2.993451338640735e-08,-4.433823484413102e-07,-4.104671596714432e-10,8.208607569723231e-07,-4.9890855494449206e-08,0.9999999999996618
181,505000000,181.505,indoor_world,differential_drive_robot,-3.5741685225951495e-06,-2.993451338640735e-08,-4.433823484413102e-07,-4.104671596714432e-10,8.208607569723231e-07,-4.9890855494449206e-08,0.9999999999996618
181,525000000,181.525,indoor_world,differential_drive_robot,-3.5741685225951495e-06,-2.993451338640735e-08,-4.433823484413102e-07,-4.104671596714432e-10,8.208607569723231e-07,-4.9890855494449206e-08,0.9999999999996618
181,545000000,181.545,indoor_world,differential_drive_robot,-3.5741685225951495e-06,-2.993451338640735e-08,-4.433823484413102e-07,-4.104671596714432e-10,8.208607569723231e-07,-4.9890855494449206e-08,0.9999999999996618
181,565000000,181.565,indoor_world,differential_drive_robot,-3.5741685225951495e-06,-2.993451338640735e-08,-4.433823484413102e-07,-4.104671596714432e-10,8.208607569723231e-07,-4.9890855494449206e-08,0.9999999999996618
181,585000000,181.585,indoor_world,differential_drive_robot,-3.5741685225951495e-06,-2.993451338640735e-08,-4.433823484413102e-07,-4.104671596714432e-10,8.208607569723231e-07,-4.9890855494449206e-08,0.9999999999996618
181,605000000,181.605,indoor_world,differential_drive_robot,-3.5741685225951495e-06,-2.993451338640735e-08,-4.433823484413102e-07,-4.104671596714432e-10,8.208607569723231e-07,-4.9890855494449206e-08,0.9999999999996618
181,625000000,181.625,indoor_world,differential_drive_robot,-3.5741685225951495e-06,-2.993451338640735e-08,-4.433823484413102e-07,-4.104671596714432e-10,8.208607569723231e-07,-4.9890855494449206e-08,0.9999999999996618
181,645000000,181.645,indoor_world,differential_drive_robot,-3.5741685225951495e-06,-2.993451338640735e-08,-4.433823484413102e-07,-4.104671596714432e-10,8.208607569723231e-07,-4.9890855494449206e-08,0.9999999999996618
181,665000000,181.665,indoor_world,differential_drive_robot,-3.5741685225951495e-06,-2.993451338640735e-08,-4.433823484413102e-07,-4.104671596714432e-10,8.208607569723231e-07,-4.9890855494449206e-08,0.9999999999996618
181,685000000,181.685,indoor_world,differential_drive_robot,-3.5741685225951495e-06,-2.993451338640735e-08,-4.433823484413102e-07,-4.104671596714432e-10,8.208607569723231e-07,-4.9890855494449206e-08,0.9999999999996618
181,705000000,181.705,indoor_world,differential_drive_robot,-3.5741685225951495e-06,-2.993451338640735e-08,-4.433823484413102e-07,-4.104671596714432e-10,8.208607569723231e-07,-4.9890855494449206e-08,0.9999999999996618
181,725000000,181.725,indoor_world,differential_drive_robot,-3.5741685225951495e-06,-2.993451338640735e-08,-4.433823484413102e-07,-4.104671596714432e-10,8.208607569723231e-07,-4.9890855494449206e-08,0.9999999999996618
181,745000000,181.745,indoor_world,differential_drive_robot,-3.5741685225951495e-06,-2.993451338640735e-08,-4.433823484413102e-07,-4.104671596714432e-10,8.208607569723231e-07,-4.9890855494449206e-08,0.9999999999996618
181,765000000,181.765,indoor_world,differential_drive_robot,-3.5741685225951495e-06,-2.993451338640735e-08,-4.433823484413102e-07,-4.104671596714432e-10,8.208607569723231e-07,-4.9890855494449206e-08,0.9999999999996618
181,785000000,181.785,indoor_world,differential_drive_robot,-3.5741685225951495e-06,-2.993451338640735e-08,-4.433823484413102e-07,-4.104671596714432e-10,8.208607569723231e-07,-4.9890855494449206e-08,0.9999999999996618
181,805000000,181.805,indoor_world,differential_drive_robot,-3.5741685225951495e-06,-2.993451338640735e-08,-4.433823484413102e-07,-4.104671596714432e-10,8.208607569723231e-07,-4.9890855494449206e-08,0.9999999999996618
181,825000000,181.825,indoor_world,differential_drive_robot,-3.5741685225951495e-06,-2.993451338640735e-08,-4.433823484413102e-07,-4.104671596714432e-10,8.208607569723231e-07,-4.9890855494449206e-08,0.9999999999996618
181,845000000,181.845,indoor_world,differential_drive_robot,-3.5741685225951495e-06,-2.993451338640735e-08,-4.433823484413102e-07,-4.104671596714432e-10,8.208607569723231e-07,-4.9890855494449206e-08,0.9999999999996618
181,865000000,181.865,indoor_world,differential_drive_robot,-3.5741685225951495e-06,-2.993451338640735e-08,-4.433823484413102e-07,-4.104671596714432e-10,8.208607569723231e-07,-4.9890855494449206e-08,0.9999999999996618
181,885000000,181.885,indoor_world,differential_drive_robot,-3.5741685225951495e-06,-2.993451338640735e-08,-4.433823484413102e-07,-4.104671596714432e-10,8.208607569723231e-07,-4.9890855494449206e-08,0.9999999999996618
181,905000000,181.905,indoor_world,differential_drive_robot,-3.5741685225951495e-06,-2.993451338640735e-08,-4.433823484413102e-07,-4.104671596714432e-10,8.208607569723231e-07,-4.9890855494449206e-08,0.9999999999996618
181,925000000,181.925,indoor_world,differential_drive_robot,-3.5741685225951495e-06,-2.993451338640735e-08,-4.433823484413102e-07,-4.104671596714432e-10,8.208607569723231e-07,-4.9890855494449206e-08,0.9999999999996618
181,945000000,181.945,indoor_world,differential_drive_robot,-3.5741685225951495e-06,-2.993451338640735e-08,-4.433823484413102e-07,-4.104671596714432e-10,8.208607569723231e-07,-4.9890855494449206e-08,0.9999999999996618
181,965000000,181.965,indoor_world,differential_drive_robot,-3.5741685225951495e-06,-2.993451338640735e-08,-4.433823484413102e-07,-4.104671596714432e-10,8.208607569723231e-07,-4.9890855494449206e-08,0.9999999999996618
181,985000000,181.985,indoor_world,differential_drive_robot,-3.5741685225951495e-06,-2.993451338640735e-08,-4.433823484413102e-07,-4.104671596714432e-10,8.208607569723231e-07,-4.9890855494449206e-08,0.9999999999996618
182,5000000,182.005,indoor_world,differential_drive_robot,-3.5741685225951495e-06,-2.993451338640735e-08,-4.433823484413102e-07,-4.104671596714432e-10,8.208607569723231e-07,-4.9890855494449206e-08,0.9999999999996618
182,25000000,182.025,indoor_world,differential_drive_robot,-3.5741685225951495e-06,-2.993451338640735e-08,-4.433823484413102e-07,-4.104671596714432e-10,8.208607569723231e-07,-4.9890855494449206e-08,0.9999999999996618
182,45000000,182.045,indoor_world,differential_drive_robot,-3.5741685225951495e-06,-2.993451338640735e-08,-4.433823484413102e-07,-4.104671596714432e-10,8.208607569723231e-07,-4.9890855494449206e-08,0.9999999999996618
182,65000000,182.065,indoor_world,differential_drive_robot,-3.5741685225951495e-06,-2.993451338640735e-08,-4.433823484413102e-07,-4.104671596714432e-10,8.208607569723231e-07,-4.9890855494449206e-08,0.9999999999996618
182,85000000,182.085,indoor_world,differential_drive_robot,-3.5741685225951495e-06,-2.993451338640735e-08,-4.433823484413102e-07,-4.104671596714432e-10,8.208607569723231e-07,-4.9890855494449206e-08,0.9999999999996618
182,105000000,182.105,indoor_world,differential_drive_robot,-3.5741685225951495e-06,-2.993451338640735e-08,-4.433823484413102e-07,-4.104671596714432e-10,8.208607569723231e-07,-4.9890855494449206e-08,0.9999999999996618
182,125000000,182.125,indoor_world,differential_drive_robot,-3.5741685225951495e-06,-2.993451338640735e-08,-4.433823484413102e-07,-4.104671596714432e-10,8.208607569723231e-07,-4.9890855494449206e-08,0.9999999999996618
182,145000000,182.145,indoor_world,differential_drive_robot,-3.5741685225951495e-06,-2.993451338640735e-08,-4.433823484413102e-07,-4.104671596714432e-10,8.208607569723231e-07,-4.9890855494449206e-08,0.9999999999996618
182,165000000,182.165,indoor_world,differential_drive_robot,-3.5741685225951495e-06,-2.993451338640735e-08,-4.433823484413102e-07,-4.104671596714432e-10,8.208607569723231e-07,-4.9890855494449206e-08,0.9999999999996618
182,185000000,182.185,indoor_world,differential_drive_robot,-3.5741685225951495e-06,-2.993451338640735e-08,-4.433823484413102e-07,-4.104671596714432e-10,8.208607569723231e-07,-4.9890855494449206e-08,0.9999999999996618
182,205000000,182.205,indoor_world,differential_drive_robot,-3.5741685225951495e-06,-2.993451338640735e-08,-4.433823484413102e-07,-4.104671596714432e-10,8.208607569723231e-07,-4.9890855494449206e-08,0.9999999999996618
182,225000000,182.225,indoor_world,differential_drive_robot,-3.5741685225951495e-06,-2.993451338640735e-08,-4.433823484413102e-07,-4.104671596714432e-10,8.208607569723231e-07,-4.9890855494449206e-08,0.9999999999996618
182,245000000,182.245,indoor_world,differential_drive_robot,-3.5741685225951495e-06,-2.993451338640735e-08,-4.433823484413102e-07,-4.104671596714432e-10,8.208607569723231e-07,-4.9890855494449206e-08,0.9999999999996618
182,265000000,182.265,indoor_world,differential_drive_robot,-3.5741685225951495e-06,-2.993451338640735e-08,-4.433823484413102e-07,-4.104671596714432e-10,8.208607569723231e-07,-4.9890855494449206e-08,0.9999999999996618
182,285000000,182.285,indoor_world,differential_drive_robot,-3.5741685225951495e-06,-2.993451338640735e-08,-4.433823484413102e-07,-4.104671596714432e-10,8.208607569723231e-07,-4.9890855494449206e-08,0.9999999999996618
182,305000000,182.305,indoor_world,differential_drive_robot,-3.5741685225951495e-06,-2.993451338640735e-08,-4.433823484413102e-07,-4.104671596714432e-10,8.208607569723231e-07,-4.9890855494449206e-08,0.9999999999996618
182,325000000,182.325,indoor_world,differential_drive_robot,-3.5741685225951495e-06,-2.993451338640735e-08,-4.433823484413102e-07,-4.104671596714432e-10,8.208607569723231e-07,-4.9890855494449206e-08,0.9999999999996618
182,345000000,182.345,indoor_world,differential_drive_robot,-3.5741685225951495e-06,-2.993451338640735e-08,-4.433823484413102e-07,-4.104671596714432e-10,8.208607569723231e-07,-4.9890855494449206e-08,0.9999999999996618
182,365000000,182.365,indoor_world,differential_drive_robot,-3.5741685225951495e-06,-2.993451338640735e-08,-4.433823484413102e-07,-4.104671596714432e-10,8.208607569723231e-07,-4.9890855494449206e-08,0.9999999999996618
182,385000000,182.385,indoor_world,differential_drive_robot,-3.5741685225951495e-06,-2.993451338640735e-08,-4.433823484413102e-07,-4.104671596714432e-10,8.208607569723231e-07,-4.9890855494449206e-08,0.9999999999996618
182,405000000,182.405,indoor_world,differential_drive_robot,-3.5741685225951495e-06,-2.993451338640735e-08,-4.433823484413102e-07,-4.104671596714432e-10,8.208607569723231e-07,-4.9890855494449206e-08,0.9999999999996618
182,425000000,182.425,indoor_world,differential_drive_robot,-3.5741685225951495e-06,-2.993451338640735e-08,-4.433823484413102e-07,-4.104671596714432e-10,8.208607569723231e-07,-4.9890855494449206e-08,0.9999999999996618
182,445000000,182.445,indoor_world,differential_drive_robot,-3.5741685225951495e-06,-2.993451338640735e-08,-4.433823484413102e-07,-4.104671596714432e-10,8.208607569723231e-07,-4.9890855494449206e-08,0.9999999999996618
182,465000000,182.465,indoor_world,differential_drive_robot,-3.5741685225951495e-06,-2.993451338640735e-08,-4.433823484413102e-07,-4.104671596714432e-10,8.208607569723231e-07,-4.9890855494449206e-08,0.9999999999996618
182,485000000,182.485,indoor_world,differential_drive_robot,-3.5741685225951495e-06,-2.993451338640735e-08,-4.433823484413102e-07,-4.104671596714432e-10,8.208607569723231e-07,-4.9890855494449206e-08,0.9999999999996618
182,505000000,182.505,indoor_world,differential_drive_robot,-3.5741685225951495e-06,-2.993451338640735e-08,-4.433823484413102e-07,-4.104671596714432e-10,8.208607569723231e-07,-4.9890855494449206e-08,0.9999999999996618
182,525000000,182.525,indoor_world,differential_drive_robot,-3.5741685225951495e-06,-2.993451338640735e-08,-4.433823484413102e-07,-4.104671596714432e-10,8.208607569723231e-07,-4.9890855494449206e-08,0.9999999999996618
182,545000000,182.545,indoor_world,differential_drive_robot,-3.5741685225951495e-06,-2.993451338640735e-08,-4.433823484413102e-07,-4.104671596714432e-10,8.208607569723231e-07,-4.9890855494449206e-08,0.9999999999996618
182,565000000,182.565,indoor_world,differential_drive_robot,-3.5741685225951495e-06,-2.993451338640735e-08,-4.433823484413102e-07,-4.104671596714432e-10,8.208607569723231e-07,-4.9890855494449206e-08,0.9999999999996618
182,585000000,182.585,indoor_world,differential_drive_robot,-3.5741685225951495e-06,-2.993451338640735e-08,-4.433823484413102e-07,-4.104671596714432e-10,8.208607569723231e-07,-4.9890855494449206e-08,0.9999999999996618
182,605000000,182.605,indoor_world,differential_drive_robot,-3.5741685225951495e-06,-2.993451338640735e-08,-4.433823484413102e-07,-4.104671596714432e-10,8.208607569723231e-07,-4.9890855494449206e-08,0.9999999999996618
182,625000000,182.625,indoor_world,differential_drive_robot,-3.5741685225951495e-06,-2.993451338640735e-08,-4.433823484413102e-07,-4.104671596714432e-10,8.208607569723231e-07,-4.9890855494449206e-08,0.9999999999996618
182,645000000,182.645,indoor_world,differential_drive_robot,-3.5741685225951495e-06,-2.993451338640735e-08,-4.433823484413102e-07,-4.104671596714432e-10,8.208607569723231e-07,-4.9890855494449206e-08,0.9999999999996618
182,665000000,182.665,indoor_world,differential_drive_robot,-3.5741685225951495e-06,-2.993451338640735e-08,-4.433823484413102e-07,-4.104671596714432e-10,8.208607569723231e-07,-4.9890855494449206e-08,0.9999999999996618
182,685000000,182.685,indoor_world,differential_drive_robot,-3.5741685225951495e-06,-2.993451338640735e-08,-4.433823484413102e-07,-4.104671596714432e-10,8.208607569723231e-07,-4.9890855494449206e-08,0.9999999999996618
182,705000000,182.705,indoor_world,differential_drive_robot,-3.5741685225951495e-06,-2.993451338640735e-08,-4.433823484413102e-07,-4.104671596714432e-10,8.208607569723231e-07,-4.9890855494449206e-08,0.9999999999996618
182,725000000,182.725,indoor_world,differential_drive_robot,-3.5741685225951495e-06,-2.993451338640735e-08,-4.433823484413102e-07,-4.104671596714432e-10,8.208607569723231e-07,-4.9890855494449206e-08,0.9999999999996618
182,745000000,182.745,indoor_world,differential_drive_robot,-3.5741685225951495e-06,-2.993451338640735e-08,-4.433823484413102e-07,-4.104671596714432e-10,8.208607569723231e-07,-4.9890855494449206e-08,0.9999999999996618
182,765000000,182.765,indoor_world,differential_drive_robot,-3.5741685225951495e-06,-2.993451338640735e-08,-4.433823484413102e-07,-4.104671596714432e-10,8.208607569723231e-07,-4.9890855494449206e-08,0.9999999999996618
182,785000000,182.785,indoor_world,differential_drive_robot,-3.5741685225951495e-06,-2.993451338640735e-08,-4.433823484413102e-07,-4.104671596714432e-10,8.208607569723231e-07,-4.9890855494449206e-08,0.9999999999996618
182,805000000,182.805,indoor_world,differential_drive_robot,-3.5741685225951495e-06,-2.993451338640735e-08,-4.433823484413102e-07,-4.104671596714432e-10,8.208607569723231e-07,-4.9890855494449206e-08,0.9999999999996618
182,825000000,182.825,indoor_world,differential_drive_robot,-3.5741685225951495e-06,-2.993451338640735e-08,-4.433823484413102e-07,-4.104671596714432e-10,8.208607569723231e-07,-4.9890855494449206e-08,0.9999999999996618
182,845000000,182.845,indoor_world,differential_drive_robot,-3.5741685225951495e-06,-2.993451338640735e-08,-4.433823484413102e-07,-4.104671596714432e-10,8.208607569723231e-07,-4.9890855494449206e-08,0.9999999999996618
182,865000000,182.865,indoor_world,differential_drive_robot,-3.5741685225951495e-06,-2.993451338640735e-08,-4.433823484413102e-07,-4.104671596714432e-10,8.208607569723231e-07,-4.9890855494449206e-08,0.9999999999996618
182,885000000,182.885,indoor_world,differential_drive_robot,-3.5741685225951495e-06,-2.993451338640735e-08,-4.433823484413102e-07,-4.104671596714432e-10,8.208607569723231e-07,-4.9890855494449206e-08,0.9999999999996618
182,905000000,182.905,indoor_world,differential_drive_robot,-3.5741685225951495e-06,-2.993451338640735e-08,-4.433823484413102e-07,-4.104671596714432e-10,8.208607569723231e-07,-4.9890855494449206e-08,0.9999999999996618
182,925000000,182.925,indoor_world,differential_drive_robot,-3.5741685225951495e-06,-2.993451338640735e-08,-4.433823484413102e-07,-4.104671596714432e-10,8.208607569723231e-07,-4.9890855494449206e-08,0.9999999999996618
182,945000000,182.945,indoor_world,differential_drive_robot,-3.5741685225951495e-06,-2.993451338640735e-08,-4.433823484413102e-07,-4.104671596714432e-10,8.208607569723231e-07,-4.9890855494449206e-08,0.9999999999996618
182,965000000,182.965,indoor_world,differential_drive_robot,-3.5741685225951495e-06,-2.993451338640735e-08,-4.433823484413102e-07,-4.104671596714432e-10,8.208607569723231e-07,-4.9890855494449206e-08,0.9999999999996618
182,985000000,182.985,indoor_world,differential_drive_robot,-3.5741685225951495e-06,-2.993451338640735e-08,-4.433823484413102e-07,-4.104671596714432e-10,8.208607569723231e-07,-4.9890855494449206e-08,0.9999999999996618
183,5000000,183.005,indoor_world,differential_drive_robot,-3.5741685225951495e-06,-2.993451338640735e-08,-4.433823484413102e-07,-4.104671596714432e-10,8.208607569723231e-07,-4.9890855494449206e-08,0.9999999999996618
183,25000000,183.025,indoor_world,differential_drive_robot,-3.5741685225951495e-06,-2.993451338640735e-08,-4.433823484413102e-07,-4.104671596714432e-10,8.208607569723231e-07,-4.9890855494449206e-08,0.9999999999996618
183,45000000,183.045,indoor_world,differential_drive_robot,-3.5741685225951495e-06,-2.993451338640735e-08,-4.433823484413102e-07,-4.104671596714432e-10,8.208607569723231e-07,-4.9890855494449206e-08,0.9999999999996618
183,65000000,183.065,indoor_world,differential_drive_robot,-3.5741685225951495e-06,-2.993451338640735e-08,-4.433823484413102e-07,-4.104671596714432e-10,8.208607569723231e-07,-4.9890855494449206e-08,0.9999999999996618
183,85000000,183.085,indoor_world,differential_drive_robot,-3.5741685225951495e-06,-2.993451338640735e-08,-4.433823484413102e-07,-4.104671596714432e-10,8.208607569723231e-07,-4.9890855494449206e-08,0.9999999999996618
183,105000000,183.105,indoor_world,differential_drive_robot,-3.5741685225951495e-06,-2.993451338640735e-08,-4.433823484413102e-07,-4.104671596714432e-10,8.208607569723231e-07,-4.9890855494449206e-08,0.9999999999996618
183,125000000,183.125,indoor_world,differential_drive_robot,-3.5741685225951495e-06,-2.993451338640735e-08,-4.433823484413102e-07,-4.104671596714432e-10,8.208607569723231e-07,-4.9890855494449206e-08,0.9999999999996618
183,145000000,183.145,indoor_world,differential_drive_robot,-3.5741685225951495e-06,-2.993451338640735e-08,-4.433823484413102e-07,-4.104671596714432e-10,8.208607569723231e-07,-4.9890855494449206e-08,0.9999999999996618
183,165000000,183.165,indoor_world,differential_drive_robot,-3.5741685225951495e-06,-2.993451338640735e-08,-4.433823484413102e-07,-4.104671596714432e-10,8.208607569723231e-07,-4.9890855494449206e-08,0.9999999999996618
183,185000000,183.185,indoor_world,differential_drive_robot,-3.5741685225951495e-06,-2.993451338640735e-08,-4.433823484413102e-07,-4.104671596714432e-10,8.208607569723231e-07,-4.9890855494449206e-08,0.9999999999996618
183,205000000,183.205,indoor_world,differential_drive_robot,-3.5741685225951495e-06,-2.993451338640735e-08,-4.433823484413102e-07,-4.104671596714432e-10,8.208607569723231e-07,-4.9890855494449206e-08,0.9999999999996618
183,225000000,183.225,indoor_world,differential_drive_robot,-3.5741685225951495e-06,-2.993451338640735e-08,-4.433823484413102e-07,-4.104671596714432e-10,8.208607569723231e-07,-4.9890855494449206e-08,0.9999999999996618
183,245000000,183.245,indoor_world,differential_drive_robot,-3.5741685225951495e-06,-2.993451338640735e-08,-4.433823484413102e-07,-4.104671596714432e-10,8.208607569723231e-07,-4.9890855494449206e-08,0.9999999999996618
183,265000000,183.265,indoor_world,differential_drive_robot,-3.5741685225951495e-06,-2.993451338640735e-08,-4.433823484413102e-07,-4.104671596714432e-10,8.208607569723231e-07,-4.9890855494449206e-08,0.9999999999996618
183,285000000,183.285,indoor_world,differential_drive_robot,-3.5741685225951495e-06,-2.993451338640735e-08,-4.433823484413102e-07,-4.104671596714432e-10,8.208607569723231e-07,-4.9890855494449206e-08,0.9999999999996618
183,305000000,183.305,indoor_world,differential_drive_robot,-3.5741685225951495e-06,-2.993451338640735e-08,-4.433823484413102e-07,-4.104671596714432e-10,8.208607569723231e-07,-4.9890855494449206e-08,0.9999999999996618
183,325000000,183.325,indoor_world,differential_drive_robot,-3.5741685225951495e-06,-2.993451338640735e-08,-4.433823484413102e-07,-4.104671596714432e-10,8.208607569723231e-07,-4.9890855494449206e-08,0.9999999999996618
183,345000000,183.345,indoor_world,differential_drive_robot,-3.5741685225951495e-06,-2.993451338640735e-08,-4.433823484413102e-07,-4.104671596714432e-10,8.208607569723231e-07,-4.9890855494449206e-08,0.9999999999996618
183,365000000,183.365,indoor_world,differential_drive_robot,-3.5741685225951495e-06,-2.993451338640735e-08,-4.433823484413102e-07,-4.104671596714432e-10,8.208607569723231e-07,-4.9890855494449206e-08,0.9999999999996618
183,385000000,183.385,indoor_world,differential_drive_robot,-3.5741685225951495e-06,-2.993451338640735e-08,-4.433823484413102e-07,-4.104671596714432e-10,8.208607569723231e-07,-4.9890855494449206e-08,0.9999999999996618
183,405000000,183.405,indoor_world,differential_drive_robot,-3.5741685225951495e-06,-2.993451338640735e-08,-4.433823484413102e-07,-4.104671596714432e-10,8.208607569723231e-07,-4.9890855494449206e-08,0.9999999999996618
183,425000000,183.425,indoor_world,differential_drive_robot,-3.5741685225951495e-06,-2.993451338640735e-08,-4.433823484413102e-07,-4.104671596714432e-10,8.208607569723231e-07,-4.9890855494449206e-08,0.9999999999996618
183,445000000,183.445,indoor_world,differential_drive_robot,-3.5741685225951495e-06,-2.993451338640735e-08,-4.433823484413102e-07,-4.104671596714432e-10,8.208607569723231e-07,-4.9890855494449206e-08,0.9999999999996618
183,465000000,183.465,indoor_world,differential_drive_robot,-3.5741685225951495e-06,-2.993451338640735e-08,-4.433823484413102e-07,-4.104671596714432e-10,8.208607569723231e-07,-4.9890855494449206e-08,0.9999999999996618
183,485000000,183.485,indoor_world,differential_drive_robot,-3.5741685225951495e-06,-2.993451338640735e-08,-4.433823484413102e-07,-4.104671596714432e-10,8.208607569723231e-07,-4.9890855494449206e-08,0.9999999999996618
183,505000000,183.505,indoor_world,differential_drive_robot,-3.5741685225951495e-06,-2.993451338640735e-08,-4.433823484413102e-07,-4.104671596714432e-10,8.208607569723231e-07,-4.9890855494449206e-08,0.9999999999996618
183,525000000,183.525,indoor_world,differential_drive_robot,-3.5741685225951495e-06,-2.993451338640735e-08,-4.433823484413102e-07,-4.104671596714432e-10,8.208607569723231e-07,-4.9890855494449206e-08,0.9999999999996618
183,545000000,183.545,indoor_world,differential_drive_robot,-3.5741685225951495e-06,-2.993451338640735e-08,-4.433823484413102e-07,-4.104671596714432e-10,8.208607569723231e-07,-4.9890855494449206e-08,0.9999999999996618
183,565000000,183.565,indoor_world,differential_drive_robot,-3.5741685225951495e-06,-2.993451338640735e-08,-4.433823484413102e-07,-4.104671596714432e-10,8.208607569723231e-07,-4.9890855494449206e-08,0.9999999999996618
183,585000000,183.585,indoor_world,differential_drive_robot,-3.5741685225951495e-06,-2.993451338640735e-08,-4.433823484413102e-07,-4.104671596714432e-10,8.208607569723231e-07,-4.9890855494449206e-08,0.9999999999996618
183,605000000,183.605,indoor_world,differential_drive_robot,-3.5741685225951495e-06,-2.993451338640735e-08,-4.433823484413102e-07,-4.104671596714432e-10,8.208607569723231e-07,-4.9890855494449206e-08,0.9999999999996618
183,625000000,183.625,indoor_world,differential_drive_robot,-3.5741685225951495e-06,-2.993451338640735e-08,-4.433823484413102e-07,-4.104671596714432e-10,8.208607569723231e-07,-4.9890855494449206e-08,0.9999999999996618
183,645000000,183.645,indoor_world,differential_drive_robot,-3.5741685225951495e-06,-2.993451338640735e-08,-4.433823484413102e-07,-4.104671596714432e-10,8.208607569723231e-07,-4.9890855494449206e-08,0.9999999999996618
183,665000000,183.665,indoor_world,differential_drive_robot,-3.5741685225951495e-06,-2.993451338640735e-08,-4.433823484413102e-07,-4.104671596714432e-10,8.208607569723231e-07,-4.9890855494449206e-08,0.9999999999996618
183,685000000,183.685,indoor_world,differential_drive_robot,-3.5741685225951495e-06,-2.993451338640735e-08,-4.433823484413102e-07,-4.104671596714432e-10,8.208607569723231e-07,-4.9890855494449206e-08,0.9999999999996618
183,705000000,183.705,indoor_world,differential_drive_robot,-3.5741685225951495e-06,-2.993451338640735e-08,-4.433823484413102e-07,-4.104671596714432e-10,8.208607569723231e-07,-4.9890855494449206e-08,0.9999999999996618
183,725000000,183.725,indoor_world,differential_drive_robot,-3.5741685225951495e-06,-2.993451338640735e-08,-4.433823484413102e-07,-4.104671596714432e-10,8.208607569723231e-07,-4.9890855494449206e-08,0.9999999999996618
183,745000000,183.745,indoor_world,differential_drive_robot,-3.5741685225951495e-06,-2.993451338640735e-08,-4.433823484413102e-07,-4.104671596714432e-10,8.208607569723231e-07,-4.9890855494449206e-08,0.9999999999996618
183,765000000,183.765,indoor_world,differential_drive_robot,-3.5741685225951495e-06,-2.993451338640735e-08,-4.433823484413102e-07,-4.104671596714432e-10,8.208607569723231e-07,-4.9890855494449206e-08,0.9999999999996618
183,785000000,183.785,indoor_world,differential_drive_robot,-3.5741685225951495e-06,-2.993451338640735e-08,-4.433823484413102e-07,-4.104671596714432e-10,8.208607569723231e-07,-4.9890855494449206e-08,0.9999999999996618
183,805000000,183.805,indoor_world,differential_drive_robot,-3.5741685225951495e-06,-2.993451338640735e-08,-4.433823484413102e-07,-4.104671596714432e-10,8.208607569723231e-07,-4.9890855494449206e-08,0.9999999999996618
183,825000000,183.825,indoor_world,differential_drive_robot,-3.5741685225951495e-06,-2.993451338640735e-08,-4.433823484413102e-07,-4.104671596714432e-10,8.208607569723231e-07,-4.9890855494449206e-08,0.9999999999996618
183,845000000,183.845,indoor_world,differential_drive_robot,-3.5741685225951495e-06,-2.993451338640735e-08,-4.433823484413102e-07,-4.104671596714432e-10,8.208607569723231e-07,-4.9890855494449206e-08,0.9999999999996618
183,865000000,183.865,indoor_world,differential_drive_robot,-3.5741685225951495e-06,-2.993451338640735e-08,-4.433823484413102e-07,-4.104671596714432e-10,8.208607569723231e-07,-4.9890855494449206e-08,0.9999999999996618
183,885000000,183.885,indoor_world,differential_drive_robot,-3.5741685225951495e-06,-2.993451338640735e-08,-4.433823484413102e-07,-4.104671596714432e-10,8.208607569723231e-07,-4.9890855494449206e-08,0.9999999999996618
183,905000000,183.905,indoor_world,differential_drive_robot,-3.5741685225951495e-06,-2.993451338640735e-08,-4.433823484413102e-07,-4.104671596714432e-10,8.208607569723231e-07,-4.9890855494449206e-08,0.9999999999996618
183,925000000,183.925,indoor_world,differential_drive_robot,-3.5741685225951495e-06,-2.993451338640735e-08,-4.433823484413102e-07,-4.104671596714432e-10,8.208607569723231e-07,-4.9890855494449206e-08,0.9999999999996618
183,945000000,183.945,indoor_world,differential_drive_robot,-3.5741685225951495e-06,-2.993451338640735e-08,-4.433823484413102e-07,-4.104671596714432e-10,8.208607569723231e-07,-4.9890855494449206e-08,0.9999999999996618
183,965000000,183.965,indoor_world,differential_drive_robot,-3.5741685225951495e-06,-2.993451338640735e-08,-4.433823484413102e-07,-4.104671596714432e-10,8.208607569723231e-07,-4.9890855494449206e-08,0.9999999999996618
183,985000000,183.985,indoor_world,differential_drive_robot,-3.5741685225951495e-06,-2.993451338640735e-08,-4.433823484413102e-07,-4.104671596714432e-10,8.208607569723231e-07,-4.9890855494449206e-08,0.9999999999996618
184,5000000,184.005,indoor_world,differential_drive_robot,-3.5741685225951495e-06,-2.993451338640735e-08,-4.433823484413102e-07,-4.104671596714432e-10,8.208607569723231e-07,-4.9890855494449206e-08,0.9999999999996618
184,25000000,184.025,indoor_world,differential_drive_robot,-3.5741685225951495e-06,-2.993451338640735e-08,-4.433823484413102e-07,-4.104671596714432e-10,8.208607569723231e-07,-4.9890855494449206e-08,0.9999999999996618
184,45000000,184.045,indoor_world,differential_drive_robot,-3.5741685225951495e-06,-2.993451338640735e-08,-4.433823484413102e-07,-4.104671596714432e-10,8.208607569723231e-07,-4.9890855494449206e-08,0.9999999999996618
184,65000000,184.065,indoor_world,differential_drive_robot,-3.5741685225951495e-06,-2.993451338640735e-08,-4.433823484413102e-07,-4.104671596714432e-10,8.208607569723231e-07,-4.9890855494449206e-08,0.9999999999996618
184,85000000,184.085,indoor_world,differential_drive_robot,-3.5741685225951495e-06,-2.993451338640735e-08,-4.433823484413102e-07,-4.104671596714432e-10,8.208607569723231e-07,-4.9890855494449206e-08,0.9999999999996618
184,105000000,184.105,indoor_world,differential_drive_robot,-3.5741685225951495e-06,-2.993451338640735e-08,-4.433823484413102e-07,-4.104671596714432e-10,8.208607569723231e-07,-4.9890855494449206e-08,0.9999999999996618
184,125000000,184.125,indoor_world,differential_drive_robot,-3.5741685225951495e-06,-2.993451338640735e-08,-4.433823484413102e-07,-4.104671596714432e-10,8.208607569723231e-07,-4.9890855494449206e-08,0.9999999999996618
184,145000000,184.145,indoor_world,differential_drive_robot,-3.5741685225951495e-06,-2.993451338640735e-08,-4.433823484413102e-07,-4.104671596714432e-10,8.208607569723231e-07,-4.9890855494449206e-08,0.9999999999996618
184,165000000,184.165,indoor_world,differential_drive_robot,-3.5741685225951495e-06,-2.993451338640735e-08,-4.433823484413102e-07,-4.104671596714432e-10,8.208607569723231e-07,-4.9890855494449206e-08,0.9999999999996618
184,185000000,184.185,indoor_world,differential_drive_robot,-3.5741685225951495e-06,-2.993451338640735e-08,-4.433823484413102e-07,-4.104671596714432e-10,8.208607569723231e-07,-4.9890855494449206e-08,0.9999999999996618
184,205000000,184.205,indoor_world,differential_drive_robot,-3.5741685225951495e-06,-2.993451338640735e-08,-4.433823484413102e-07,-4.104671596714432e-10,8.208607569723231e-07,-4.9890855494449206e-08,0.9999999999996618
184,225000000,184.225,indoor_world,differential_drive_robot,-3.5741685225951495e-06,-2.993451338640735e-08,-4.433823484413102e-07,-4.104671596714432e-10,8.208607569723231e-07,-4.9890855494449206e-08,0.9999999999996618
184,245000000,184.245,indoor_world,differential_drive_robot,-3.5741685225951495e-06,-2.993451338640735e-08,-4.433823484413102e-07,-4.104671596714432e-10,8.208607569723231e-07,-4.9890855494449206e-08,0.9999999999996618
184,265000000,184.265,indoor_world,differential_drive_robot,-3.5741685225951495e-06,-2.993451338640735e-08,-4.433823484413102e-07,-4.104671596714432e-10,8.208607569723231e-07,-4.9890855494449206e-08,0.9999999999996618
184,285000000,184.285,indoor_world,differential_drive_robot,-3.5741685225951495e-06,-2.993451338640735e-08,-4.433823484413102e-07,-4.104671596714432e-10,8.208607569723231e-07,-4.9890855494449206e-08,0.9999999999996618
184,305000000,184.305,indoor_world,differential_drive_robot,-3.5741685225951495e-06,-2.993451338640735e-08,-4.433823484413102e-07,-4.104671596714432e-10,8.208607569723231e-07,-4.9890855494449206e-08,0.9999999999996618
184,325000000,184.325,indoor_world,differential_drive_robot,-3.5741685225951495e-06,-2.993451338640735e-08,-4.433823484413102e-07,-4.104671596714432e-10,8.208607569723231e-07,-4.9890855494449206e-08,0.9999999999996618
184,345000000,184.345,indoor_world,differential_drive_robot,-3.5741685225951495e-06,-2.993451338640735e-08,-4.433823484413102e-07,-4.104671596714432e-10,8.208607569723231e-07,-4.9890855494449206e-08,0.9999999999996618
184,365000000,184.365,indoor_world,differential_drive_robot,-3.5741685225951495e-06,-2.993451338640735e-08,-4.433823484413102e-07,-4.104671596714432e-10,8.208607569723231e-07,-4.9890855494449206e-08,0.9999999999996618
184,385000000,184.385,indoor_world,differential_drive_robot,-3.5741685225951495e-06,-2.993451338640735e-08,-4.433823484413102e-07,-4.104671596714432e-10,8.208607569723231e-07,-4.9890855494449206e-08,0.9999999999996618
184,405000000,184.405,indoor_world,differential_drive_robot,-3.5741685225951495e-06,-2.993451338640735e-08,-4.433823484413102e-07,-4.104671596714432e-10,8.208607569723231e-07,-4.9890855494449206e-08,0.9999999999996618
184,425000000,184.425,indoor_world,differential_drive_robot,-3.5741685225951495e-06,-2.993451338640735e-08,-4.433823484413102e-07,-4.104671596714432e-10,8.208607569723231e-07,-4.9890855494449206e-08,0.9999999999996618
184,445000000,184.445,indoor_world,differential_drive_robot,-3.5741685225951495e-06,-2.993451338640735e-08,-4.433823484413102e-07,-4.104671596714432e-10,8.208607569723231e-07,-4.9890855494449206e-08,0.9999999999996618
184,465000000,184.465,indoor_world,differential_drive_robot,-3.5741685225951495e-06,-2.993451338640735e-08,-4.433823484413102e-07,-4.104671596714432e-10,8.208607569723231e-07,-4.9890855494449206e-08,0.9999999999996618
184,485000000,184.485,indoor_world,differential_drive_robot,-3.5741685225951495e-06,-2.993451338640735e-08,-4.433823484413102e-07,-4.104671596714432e-10,8.208607569723231e-07,-4.9890855494449206e-08,0.9999999999996618
184,505000000,184.505,indoor_world,differential_drive_robot,-3.5741685225951495e-06,-2.993451338640735e-08,-4.433823484413102e-07,-4.104671596714432e-10,8.208607569723231e-07,-4.9890855494449206e-08,0.9999999999996618
184,525000000,184.525,indoor_world,differential_drive_robot,-3.5741685225951495e-06,-2.993451338640735e-08,-4.433823484413102e-07,-4.104671596714432e-10,8.208607569723231e-07,-4.9890855494449206e-08,0.9999999999996618
184,545000000,184.545,indoor_world,differential_drive_robot,-3.5741685225951495e-06,-2.993451338640735e-08,-4.433823484413102e-07,-4.104671596714432e-10,8.208607569723231e-07,-4.9890855494449206e-08,0.9999999999996618
184,565000000,184.565,indoor_world,differential_drive_robot,-3.5741685225951495e-06,-2.993451338640735e-08,-4.433823484413102e-07,-4.104671596714432e-10,8.208607569723231e-07,-4.9890855494449206e-08,0.9999999999996618
184,585000000,184.585,indoor_world,differential_drive_robot,-3.5741685225951495e-06,-2.993451338640735e-08,-4.433823484413102e-07,-4.104671596714432e-10,8.208607569723231e-07,-4.9890855494449206e-08,0.9999999999996618
184,605000000,184.605,indoor_world,differential_drive_robot,-3.5741685225951495e-06,-2.993451338640735e-08,-4.433823484413102e-07,-4.104671596714432e-10,8.208607569723231e-07,-4.9890855494449206e-08,0.9999999999996618
184,625000000,184.625,indoor_world,differential_drive_robot,-3.5741685225951495e-06,-2.993451338640735e-08,-4.433823484413102e-07,-4.104671596714432e-10,8.208607569723231e-07,-4.9890855494449206e-08,0.9999999999996618
184,645000000,184.645,indoor_world,differential_drive_robot,-3.5741685225951495e-06,-2.993451338640735e-08,-4.433823484413102e-07,-4.104671596714432e-10,8.208607569723231e-07,-4.9890855494449206e-08,0.9999999999996618
184,665000000,184.665,indoor_world,differential_drive_robot,-3.5741685225951495e-06,-2.993451338640735e-08,-4.433823484413102e-07,-4.104671596714432e-10,8.208607569723231e-07,-4.9890855494449206e-08,0.9999999999996618
184,685000000,184.685,indoor_world,differential_drive_robot,-3.5741685225951495e-06,-2.993451338640735e-08,-4.433823484413102e-07,-4.104671596714432e-10,8.208607569723231e-07,-4.9890855494449206e-08,0.9999999999996618
184,705000000,184.705,indoor_world,differential_drive_robot,-3.5741685225951495e-06,-2.993451338640735e-08,-4.433823484413102e-07,-4.104671596714432e-10,8.208607569723231e-07,-4.9890855494449206e-08,0.9999999999996618
184,725000000,184.725,indoor_world,differential_drive_robot,-3.5741685225951495e-06,-2.993451338640735e-08,-4.433823484413102e-07,-4.104671596714432e-10,8.208607569723231e-07,-4.9890855494449206e-08,0.9999999999996618
184,745000000,184.745,indoor_world,differential_drive_robot,-3.5741685225951495e-06,-2.993451338640735e-08,-4.433823484413102e-07,-4.104671596714432e-10,8.208607569723231e-07,-4.9890855494449206e-08,0.9999999999996618
184,765000000,184.765,indoor_world,differential_drive_robot,-3.5741685225951495e-06,-2.993451338640735e-08,-4.433823484413102e-07,-4.104671596714432e-10,8.208607569723231e-07,-4.9890855494449206e-08,0.9999999999996618
184,785000000,184.785,indoor_world,differential_drive_robot,-3.5741685225951495e-06,-2.993451338640735e-08,-4.433823484413102e-07,-4.104671596714432e-10,8.208607569723231e-07,-4.9890855494449206e-08,0.9999999999996618
184,805000000,184.805,indoor_world,differential_drive_robot,-3.5741685225951495e-06,-2.993451338640735e-08,-4.433823484413102e-07,-4.104671596714432e-10,8.208607569723231e-07,-4.9890855494449206e-08,0.9999999999996618
184,825000000,184.825,indoor_world,differential_drive_robot,-3.5741685225951495e-06,-2.993451338640735e-08,-4.433823484413102e-07,-4.104671596714432e-10,8.208607569723231e-07,-4.9890855494449206e-08,0.9999999999996618
184,845000000,184.845,indoor_world,differential_drive_robot,-3.5741685225951495e-06,-2.993451338640735e-08,-4.433823484413102e-07,-4.104671596714432e-10,8.208607569723231e-07,-4.9890855494449206e-08,0.9999999999996618
184,865000000,184.865,indoor_world,differential_drive_robot,-3.5741685225951495e-06,-2.993451338640735e-08,-4.433823484413102e-07,-4.104671596714432e-10,8.208607569723231e-07,-4.9890855494449206e-08,0.9999999999996618
184,885000000,184.885,indoor_world,differential_drive_robot,-3.5741685225951495e-06,-2.993451338640735e-08,-4.433823484413102e-07,-4.104671596714432e-10,8.208607569723231e-07,-4.9890855494449206e-08,0.9999999999996618
184,905000000,184.905,indoor_world,differential_drive_robot,-3.5741685225951495e-06,-2.993451338640735e-08,-4.433823484413102e-07,-4.104671596714432e-10,8.208607569723231e-07,-4.9890855494449206e-08,0.9999999999996618
184,925000000,184.925,indoor_world,differential_drive_robot,-3.5741685225951495e-06,-2.993451338640735e-08,-4.433823484413102e-07,-4.104671596714432e-10,8.208607569723231e-07,-4.9890855494449206e-08,0.9999999999996618
184,945000000,184.945,indoor_world,differential_drive_robot,-3.5741685225951495e-06,-2.993451338640735e-08,-4.433823484413102e-07,-4.104671596714432e-10,8.208607569723231e-07,-4.9890855494449206e-08,0.9999999999996618
184,965000000,184.965,indoor_world,differential_drive_robot,-3.5741685225951495e-06,-2.993451338640735e-08,-4.433823484413102e-07,-4.104671596714432e-10,8.208607569723231e-07,-4.9890855494449206e-08,0.9999999999996618
184,985000000,184.985,indoor_world,differential_drive_robot,-3.5741685225951495e-06,-2.993451338640735e-08,-4.433823484413102e-07,-4.104671596714432e-10,8.208607569723231e-07,-4.9890855494449206e-08,0.9999999999996618
185,5000000,185.005,indoor_world,differential_drive_robot,-3.5741685225951495e-06,-2.993451338640735e-08,-4.433823484413102e-07,-4.104671596714432e-10,8.208607569723231e-07,-4.9890855494449206e-08,0.9999999999996618
185,25000000,185.025,indoor_world,differential_drive_robot,-3.5741685225951495e-06,-2.993451338640735e-08,-4.433823484413102e-07,-4.104671596714432e-10,8.208607569723231e-07,-4.9890855494449206e-08,0.9999999999996618
185,45000000,185.045,indoor_world,differential_drive_robot,-3.5741685225951495e-06,-2.993451338640735e-08,-4.433823484413102e-07,-4.104671596714432e-10,8.208607569723231e-07,-4.9890855494449206e-08,0.9999999999996618
185,65000000,185.065,indoor_world,differential_drive_robot,-3.5741685225951495e-06,-2.993451338640735e-08,-4.433823484413102e-07,-4.104671596714432e-10,8.208607569723231e-07,-4.9890855494449206e-08,0.9999999999996618
185,85000000,185.085,indoor_world,differential_drive_robot,-3.5741685225951495e-06,-2.993451338640735e-08,-4.433823484413102e-07,-4.104671596714432e-10,8.208607569723231e-07,-4.9890855494449206e-08,0.9999999999996618
185,105000000,185.105,indoor_world,differential_drive_robot,-3.5741685225951495e-06,-2.993451338640735e-08,-4.433823484413102e-07,-4.104671596714432e-10,8.208607569723231e-07,-4.9890855494449206e-08,0.9999999999996618
185,125000000,185.125,indoor_world,differential_drive_robot,-3.5741685225951495e-06,-2.993451338640735e-08,-4.433823484413102e-07,-4.104671596714432e-10,8.208607569723231e-07,-4.9890855494449206e-08,0.9999999999996618
185,145000000,185.145,indoor_world,differential_drive_robot,-3.5741685225951495e-06,-2.993451338640735e-08,-4.433823484413102e-07,-4.104671596714432e-10,8.208607569723231e-07,-4.9890855494449206e-08,0.9999999999996618
185,165000000,185.165,indoor_world,differential_drive_robot,-3.5741685225951495e-06,-2.993451338640735e-08,-4.433823484413102e-07,-4.104671596714432e-10,8.208607569723231e-07,-4.9890855494449206e-08,0.9999999999996618
185,185000000,185.185,indoor_world,differential_drive_robot,-3.5741685225951495e-06,-2.993451338640735e-08,-4.433823484413102e-07,-4.104671596714432e-10,8.208607569723231e-07,-4.9890855494449206e-08,0.9999999999996618
185,205000000,185.205,indoor_world,differential_drive_robot,-3.5741685225951495e-06,-2.993451338640735e-08,-4.433823484413102e-07,-4.104671596714432e-10,8.208607569723231e-07,-4.9890855494449206e-08,0.9999999999996618
185,225000000,185.225,indoor_world,differential_drive_robot,-3.5741685225951495e-06,-2.993451338640735e-08,-4.433823484413102e-07,-4.104671596714432e-10,8.208607569723231e-07,-4.9890855494449206e-08,0.9999999999996618
185,245000000,185.245,indoor_world,differential_drive_robot,-3.5741685225951495e-06,-2.993451338640735e-08,-4.433823484413102e-07,-4.104671596714432e-10,8.208607569723231e-07,-4.9890855494449206e-08,0.9999999999996618
185,265000000,185.265,indoor_world,differential_drive_robot,-3.5741685225951495e-06,-2.993451338640735e-08,-4.433823484413102e-07,-4.104671596714432e-10,8.208607569723231e-07,-4.9890855494449206e-08,0.9999999999996618
185,285000000,185.285,indoor_world,differential_drive_robot,-3.5741685225951495e-06,-2.993451338640735e-08,-4.433823484413102e-07,-4.104671596714432e-10,8.208607569723231e-07,-4.9890855494449206e-08,0.9999999999996618
185,305000000,185.305,indoor_world,differential_drive_robot,-3.5741685225951495e-06,-2.993451338640735e-08,-4.433823484413102e-07,-4.104671596714432e-10,8.208607569723231e-07,-4.9890855494449206e-08,0.9999999999996618
185,325000000,185.325,indoor_world,differential_drive_robot,-3.5741685225951495e-06,-2.993451338640735e-08,-4.433823484413102e-07,-4.104671596714432e-10,8.208607569723231e-07,-4.9890855494449206e-08,0.9999999999996618
185,345000000,185.345,indoor_world,differential_drive_robot,-3.5741685225951495e-06,-2.993451338640735e-08,-4.433823484413102e-07,-4.104671596714432e-10,8.208607569723231e-07,-4.9890855494449206e-08,0.9999999999996618
185,365000000,185.365,indoor_world,differential_drive_robot,-3.5741685225951495e-06,-2.993451338640735e-08,-4.433823484413102e-07,-4.104671596714432e-10,8.208607569723231e-07,-4.9890855494449206e-08,0.9999999999996618
185,385000000,185.385,indoor_world,differential_drive_robot,-3.5741685225951495e-06,-2.993451338640735e-08,-4.433823484413102e-07,-4.104671596714432e-10,8.208607569723231e-07,-4.9890855494449206e-08,0.9999999999996618
185,405000000,185.405,indoor_world,differential_drive_robot,-3.5741685225951495e-06,-2.993451338640735e-08,-4.433823484413102e-07,-4.104671596714432e-10,8.208607569723231e-07,-4.9890855494449206e-08,0.9999999999996618
185,425000000,185.425,indoor_world,differential_drive_robot,-3.5741685225951495e-06,-2.993451338640735e-08,-4.433823484413102e-07,-4.104671596714432e-10,8.208607569723231e-07,-4.9890855494449206e-08,0.9999999999996618
185,445000000,185.445,indoor_world,differential_drive_robot,-3.5741685225951495e-06,-2.993451338640735e-08,-4.433823484413102e-07,-4.104671596714432e-10,8.208607569723231e-07,-4.9890855494449206e-08,0.9999999999996618
185,465000000,185.465,indoor_world,differential_drive_robot,-3.5741685225951495e-06,-2.993451338640735e-08,-4.433823484413102e-07,-4.104671596714432e-10,8.208607569723231e-07,-4.9890855494449206e-08,0.9999999999996618
185,485000000,185.485,indoor_world,differential_drive_robot,-3.5741685225951495e-06,-2.993451338640735e-08,-4.433823484413102e-07,-4.104671596714432e-10,8.208607569723231e-07,-4.9890855494449206e-08,0.9999999999996618
185,505000000,185.505,indoor_world,differential_drive_robot,-3.5741685225951495e-06,-2.993451338640735e-08,-4.433823484413102e-07,-4.104671596714432e-10,8.208607569723231e-07,-4.9890855494449206e-08,0.9999999999996618
185,525000000,185.525,indoor_world,differential_drive_robot,-3.5741685225951495e-06,-2.993451338640735e-08,-4.433823484413102e-07,-4.104671596714432e-10,8.208607569723231e-07,-4.9890855494449206e-08,0.9999999999996618
185,545000000,185.545,indoor_world,differential_drive_robot,-3.5741685225951495e-06,-2.993451338640735e-08,-4.433823484413102e-07,-4.104671596714432e-10,8.208607569723231e-07,-4.9890855494449206e-08,0.9999999999996618
185,565000000,185.565,indoor_world,differential_drive_robot,-3.5741685225951495e-06,-2.993451338640735e-08,-4.433823484413102e-07,-4.104671596714432e-10,8.208607569723231e-07,-4.9890855494449206e-08,0.9999999999996618
185,585000000,185.585,indoor_world,differential_drive_robot,-3.5741685225951495e-06,-2.993451338640735e-08,-4.433823484413102e-07,-4.104671596714432e-10,8.208607569723231e-07,-4.9890855494449206e-08,0.9999999999996618
185,605000000,185.605,indoor_world,differential_drive_robot,-3.5741685225951495e-06,-2.993451338640735e-08,-4.433823484413102e-07,-4.104671596714432e-10,8.208607569723231e-07,-4.9890855494449206e-08,0.9999999999996618
185,625000000,185.625,indoor_world,differential_drive_robot,-3.5741685225951495e-06,-2.993451338640735e-08,-4.433823484413102e-07,-4.104671596714432e-10,8.208607569723231e-07,-4.9890855494449206e-08,0.9999999999996618
185,645000000,185.645,indoor_world,differential_drive_robot,-3.5741685225951495e-06,-2.993451338640735e-08,-4.433823484413102e-07,-4.104671596714432e-10,8.208607569723231e-07,-4.9890855494449206e-08,0.9999999999996618
185,665000000,185.665,indoor_world,differential_drive_robot,-3.5741685225951495e-06,-2.993451338640735e-08,-4.433823484413102e-07,-4.104671596714432e-10,8.208607569723231e-07,-4.9890855494449206e-08,0.9999999999996618
185,685000000,185.685,indoor_world,differential_drive_robot,-3.5741685225951495e-06,-2.993451338640735e-08,-4.433823484413102e-07,-4.104671596714432e-10,8.208607569723231e-07,-4.9890855494449206e-08,0.9999999999996618
185,705000000,185.705,indoor_world,differential_drive_robot,-3.5741685225951495e-06,-2.993451338640735e-08,-4.433823484413102e-07,-4.104671596714432e-10,8.208607569723231e-07,-4.9890855494449206e-08,0.9999999999996618
185,725000000,185.725,indoor_world,differential_drive_robot,-3.5741685225951495e-06,-2.993451338640735e-08,-4.433823484413102e-07,-4.104671596714432e-10,8.208607569723231e-07,-4.9890855494449206e-08,0.9999999999996618
185,745000000,185.745,indoor_world,differential_drive_robot,-3.5741685225951495e-06,-2.993451338640735e-08,-4.433823484413102e-07,-4.104671596714432e-10,8.208607569723231e-07,-4.9890855494449206e-08,0.9999999999996618
185,765000000,185.765,indoor_world,differential_drive_robot,-3.5741685225951495e-06,-2.993451338640735e-08,-4.433823484413102e-07,-4.104671596714432e-10,8.208607569723231e-07,-4.9890855494449206e-08,0.9999999999996618
185,785000000,185.785,indoor_world,differential_drive_robot,-3.5741685225951495e-06,-2.993451338640735e-08,-4.433823484413102e-07,-4.104671596714432e-10,8.208607569723231e-07,-4.9890855494449206e-08,0.9999999999996618
185,805000000,185.805,indoor_world,differential_drive_robot,-3.5741685225951495e-06,-2.993451338640735e-08,-4.433823484413102e-07,-4.104671596714432e-10,8.208607569723231e-07,-4.9890855494449206e-08,0.9999999999996618
185,825000000,185.825,indoor_world,differential_drive_robot,-3.5741685225951495e-06,-2.993451338640735e-08,-4.433823484413102e-07,-4.104671596714432e-10,8.208607569723231e-07,-4.9890855494449206e-08,0.9999999999996618
185,845000000,185.845,indoor_world,differential_drive_robot,-3.5741685225951495e-06,-2.993451338640735e-08,-4.433823484413102e-07,-4.104671596714432e-10,8.208607569723231e-07,-4.9890855494449206e-08,0.9999999999996618
185,865000000,185.865,indoor_world,differential_drive_robot,-3.5741685225951495e-06,-2.993451338640735e-08,-4.433823484413102e-07,-4.104671596714432e-10,8.208607569723231e-07,-4.9890855494449206e-08,0.9999999999996618
185,885000000,185.885,indoor_world,differential_drive_robot,-3.5741685225951495e-06,-2.993451338640735e-08,-4.433823484413102e-07,-4.104671596714432e-10,8.208607569723231e-07,-4.9890855494449206e-08,0.9999999999996618
185,905000000,185.905,indoor_world,differential_drive_robot,-3.5741685225951495e-06,-2.993451338640735e-08,-4.433823484413102e-07,-4.104671596714432e-10,8.208607569723231e-07,-4.9890855494449206e-08,0.9999999999996618
185,925000000,185.925,indoor_world,differential_drive_robot,-3.5741685225951495e-06,-2.993451338640735e-08,-4.433823484413102e-07,-4.104671596714432e-10,8.208607569723231e-07,-4.9890855494449206e-08,0.9999999999996618
185,945000000,185.945,indoor_world,differential_drive_robot,-3.5741685225951495e-06,-2.993451338640735e-08,-4.433823484413102e-07,-4.104671596714432e-10,8.208607569723231e-07,-4.9890855494449206e-08,0.9999999999996618
185,965000000,185.965,indoor_world,differential_drive_robot,-3.5741685225951495e-06,-2.993451338640735e-08,-4.433823484413102e-07,-4.104671596714432e-10,8.208607569723231e-07,-4.9890855494449206e-08,0.9999999999996618
185,985000000,185.985,indoor_world,differential_drive_robot,-3.5741685225951495e-06,-2.993451338640735e-08,-4.433823484413102e-07,-4.104671596714432e-10,8.208607569723231e-07,-4.9890855494449206e-08,0.9999999999996618
186,5000000,186.005,indoor_world,differential_drive_robot,-3.5741685225951495e-06,-2.993451338640735e-08,-4.433823484413102e-07,-4.104671596714432e-10,8.208607569723231e-07,-4.9890855494449206e-08,0.9999999999996618
186,25000000,186.025,indoor_world,differential_drive_robot,-3.5741685225951495e-06,-2.993451338640735e-08,-4.433823484413102e-07,-4.104671596714432e-10,8.208607569723231e-07,-4.9890855494449206e-08,0.9999999999996618
186,45000000,186.045,indoor_world,differential_drive_robot,-3.5741685225951495e-06,-2.993451338640735e-08,-4.433823484413102e-07,-4.104671596714432e-10,8.208607569723231e-07,-4.9890855494449206e-08,0.9999999999996618
186,65000000,186.065,indoor_world,differential_drive_robot,-3.5741685225951495e-06,-2.993451338640735e-08,-4.433823484413102e-07,-4.104671596714432e-10,8.208607569723231e-07,-4.9890855494449206e-08,0.9999999999996618
186,85000000,186.085,indoor_world,differential_drive_robot,-3.5741685225951495e-06,-2.993451338640735e-08,-4.433823484413102e-07,-4.104671596714432e-10,8.208607569723231e-07,-4.9890855494449206e-08,0.9999999999996618
186,105000000,186.105,indoor_world,differential_drive_robot,-3.5741685225951495e-06,-2.993451338640735e-08,-4.433823484413102e-07,-4.104671596714432e-10,8.208607569723231e-07,-4.9890855494449206e-08,0.9999999999996618
186,125000000,186.125,indoor_world,differential_drive_robot,-3.5741685225951495e-06,-2.993451338640735e-08,-4.433823484413102e-07,-4.104671596714432e-10,8.208607569723231e-07,-4.9890855494449206e-08,0.9999999999996618
186,145000000,186.145,indoor_world,differential_drive_robot,-3.5741685225951495e-06,-2.993451338640735e-08,-4.433823484413102e-07,-4.104671596714432e-10,8.208607569723231e-07,-4.9890855494449206e-08,0.9999999999996618
186,165000000,186.165,indoor_world,differential_drive_robot,-3.5741685225951495e-06,-2.993451338640735e-08,-4.433823484413102e-07,-4.104671596714432e-10,8.208607569723231e-07,-4.9890855494449206e-08,0.9999999999996618
186,185000000,186.185,indoor_world,differential_drive_robot,-3.5741685225951495e-06,-2.993451338640735e-08,-4.433823484413102e-07,-4.104671596714432e-10,8.208607569723231e-07,-4.9890855494449206e-08,0.9999999999996618
186,205000000,186.205,indoor_world,differential_drive_robot,-3.5741685225951495e-06,-2.993451338640735e-08,-4.433823484413102e-07,-4.104671596714432e-10,8.208607569723231e-07,-4.9890855494449206e-08,0.9999999999996618
186,225000000,186.225,indoor_world,differential_drive_robot,-3.5741685225951495e-06,-2.993451338640735e-08,-4.433823484413102e-07,-4.104671596714432e-10,8.208607569723231e-07,-4.9890855494449206e-08,0.9999999999996618
186,245000000,186.245,indoor_world,differential_drive_robot,-3.5741685225951495e-06,-2.993451338640735e-08,-4.433823484413102e-07,-4.104671596714432e-10,8.208607569723231e-07,-4.9890855494449206e-08,0.9999999999996618
186,265000000,186.265,indoor_world,differential_drive_robot,-3.5741685225951495e-06,-2.993451338640735e-08,-4.433823484413102e-07,-4.104671596714432e-10,8.208607569723231e-07,-4.9890855494449206e-08,0.9999999999996618
186,285000000,186.285,indoor_world,differential_drive_robot,-3.5741685225951495e-06,-2.993451338640735e-08,-4.433823484413102e-07,-4.104671596714432e-10,8.208607569723231e-07,-4.9890855494449206e-08,0.9999999999996618
186,305000000,186.305,indoor_world,differential_drive_robot,-3.5741685225951495e-06,-2.993451338640735e-08,-4.433823484413102e-07,-4.104671596714432e-10,8.208607569723231e-07,-4.9890855494449206e-08,0.9999999999996618
186,325000000,186.325,indoor_world,differential_drive_robot,-3.5741685225951495e-06,-2.993451338640735e-08,-4.433823484413102e-07,-4.104671596714432e-10,8.208607569723231e-07,-4.9890855494449206e-08,0.9999999999996618
186,345000000,186.345,indoor_world,differential_drive_robot,-3.5741685225951495e-06,-2.993451338640735e-08,-4.433823484413102e-07,-4.104671596714432e-10,8.208607569723231e-07,-4.9890855494449206e-08,0.9999999999996618
186,365000000,186.365,indoor_world,differential_drive_robot,-3.5741685225951495e-06,-2.993451338640735e-08,-4.433823484413102e-07,-4.104671596714432e-10,8.208607569723231e-07,-4.9890855494449206e-08,0.9999999999996618
186,385000000,186.385,indoor_world,differential_drive_robot,-3.5741685225951495e-06,-2.993451338640735e-08,-4.433823484413102e-07,-4.104671596714432e-10,8.208607569723231e-07,-4.9890855494449206e-08,0.9999999999996618
186,405000000,186.405,indoor_world,differential_drive_robot,-3.5741685225951495e-06,-2.993451338640735e-08,-4.433823484413102e-07,-4.104671596714432e-10,8.208607569723231e-07,-4.9890855494449206e-08,0.9999999999996618
186,425000000,186.425,indoor_world,differential_drive_robot,-3.5741685225951495e-06,-2.993451338640735e-08,-4.433823484413102e-07,-4.104671596714432e-10,8.208607569723231e-07,-4.9890855494449206e-08,0.9999999999996618
186,445000000,186.445,indoor_world,differential_drive_robot,-3.5741685225951495e-06,-2.993451338640735e-08,-4.433823484413102e-07,-4.104671596714432e-10,8.208607569723231e-07,-4.9890855494449206e-08,0.9999999999996618
186,465000000,186.465,indoor_world,differential_drive_robot,-3.5741685225951495e-06,-2.993451338640735e-08,-4.433823484413102e-07,-4.104671596714432e-10,8.208607569723231e-07,-4.9890855494449206e-08,0.9999999999996618
186,485000000,186.485,indoor_world,differential_drive_robot,-3.5741685225951495e-06,-2.993451338640735e-08,-4.433823484413102e-07,-4.104671596714432e-10,8.208607569723231e-07,-4.9890855494449206e-08,0.9999999999996618
186,505000000,186.505,indoor_world,differential_drive_robot,-3.5741685225951495e-06,-2.993451338640735e-08,-4.433823484413102e-07,-4.104671596714432e-10,8.208607569723231e-07,-4.9890855494449206e-08,0.9999999999996618
186,525000000,186.525,indoor_world,differential_drive_robot,-3.5741685225951495e-06,-2.993451338640735e-08,-4.433823484413102e-07,-4.104671596714432e-10,8.208607569723231e-07,-4.9890855494449206e-08,0.9999999999996618
186,545000000,186.545,indoor_world,differential_drive_robot,-3.5741685225951495e-06,-2.993451338640735e-08,-4.433823484413102e-07,-4.104671596714432e-10,8.208607569723231e-07,-4.9890855494449206e-08,0.9999999999996618
186,565000000,186.565,indoor_world,differential_drive_robot,-3.5741685225951495e-06,-2.993451338640735e-08,-4.433823484413102e-07,-4.104671596714432e-10,8.208607569723231e-07,-4.9890855494449206e-08,0.9999999999996618
186,585000000,186.585,indoor_world,differential_drive_robot,-3.5741685225951495e-06,-2.993451338640735e-08,-4.433823484413102e-07,-4.104671596714432e-10,8.208607569723231e-07,-4.9890855494449206e-08,0.9999999999996618
186,605000000,186.605,indoor_world,differential_drive_robot,-3.5741685225951495e-06,-2.993451338640735e-08,-4.433823484413102e-07,-4.104671596714432e-10,8.208607569723231e-07,-4.9890855494449206e-08,0.9999999999996618
186,625000000,186.625,indoor_world,differential_drive_robot,-3.5741685225951495e-06,-2.993451338640735e-08,-4.433823484413102e-07,-4.104671596714432e-10,8.208607569723231e-07,-4.9890855494449206e-08,0.9999999999996618
186,645000000,186.645,indoor_world,differential_drive_robot,-3.5741685225951495e-06,-2.993451338640735e-08,-4.433823484413102e-07,-4.104671596714432e-10,8.208607569723231e-07,-4.9890855494449206e-08,0.9999999999996618
186,665000000,186.665,indoor_world,differential_drive_robot,-3.5741685225951495e-06,-2.993451338640735e-08,-4.433823484413102e-07,-4.104671596714432e-10,8.208607569723231e-07,-4.9890855494449206e-08,0.9999999999996618
186,685000000,186.685,indoor_world,differential_drive_robot,-3.5741685225951495e-06,-2.993451338640735e-08,-4.433823484413102e-07,-4.104671596714432e-10,8.208607569723231e-07,-4.9890855494449206e-08,0.9999999999996618
186,705000000,186.705,indoor_world,differential_drive_robot,-3.5741685225951495e-06,-2.993451338640735e-08,-4.433823484413102e-07,-4.104671596714432e-10,8.208607569723231e-07,-4.9890855494449206e-08,0.9999999999996618
186,725000000,186.725,indoor_world,differential_drive_robot,-3.5741685225951495e-06,-2.993451338640735e-08,-4.433823484413102e-07,-4.104671596714432e-10,8.208607569723231e-07,-4.9890855494449206e-08,0.9999999999996618
186,745000000,186.745,indoor_world,differential_drive_robot,-3.5741685225951495e-06,-2.993451338640735e-08,-4.433823484413102e-07,-4.104671596714432e-10,8.208607569723231e-07,-4.9890855494449206e-08,0.9999999999996618
186,765000000,186.765,indoor_world,differential_drive_robot,-3.5741685225951495e-06,-2.993451338640735e-08,-4.433823484413102e-07,-4.104671596714432e-10,8.208607569723231e-07,-4.9890855494449206e-08,0.9999999999996618
186,785000000,186.785,indoor_world,differential_drive_robot,-3.5741685225951495e-06,-2.993451338640735e-08,-4.433823484413102e-07,-4.104671596714432e-10,8.208607569723231e-07,-4.9890855494449206e-08,0.9999999999996618
186,805000000,186.805,indoor_world,differential_drive_robot,-3.5741685225951495e-06,-2.993451338640735e-08,-4.433823484413102e-07,-4.104671596714432e-10,8.208607569723231e-07,-4.9890855494449206e-08,0.9999999999996618
186,825000000,186.825,indoor_world,differential_drive_robot,-3.5741685225951495e-06,-2.993451338640735e-08,-4.433823484413102e-07,-4.104671596714432e-10,8.208607569723231e-07,-4.9890855494449206e-08,0.9999999999996618
186,845000000,186.845,indoor_world,differential_drive_robot,-3.5741685225951495e-06,-2.993451338640735e-08,-4.433823484413102e-07,-4.104671596714432e-10,8.208607569723231e-07,-4.9890855494449206e-08,0.9999999999996618
186,865000000,186.865,indoor_world,differential_drive_robot,-3.5741685225951495e-06,-2.993451338640735e-08,-4.433823484413102e-07,-4.104671596714432e-10,8.208607569723231e-07,-4.9890855494449206e-08,0.9999999999996618
186,885000000,186.885,indoor_world,differential_drive_robot,-3.5741685225951495e-06,-2.993451338640735e-08,-4.433823484413102e-07,-4.104671596714432e-10,8.208607569723231e-07,-4.9890855494449206e-08,0.9999999999996618
186,905000000,186.905,indoor_world,differential_drive_robot,-3.5741685225951495e-06,-2.993451338640735e-08,-4.433823484413102e-07,-4.104671596714432e-10,8.208607569723231e-07,-4.9890855494449206e-08,0.9999999999996618
186,925000000,186.925,indoor_world,differential_drive_robot,-3.5741685225951495e-06,-2.993451338640735e-08,-4.433823484413102e-07,-4.104671596714432e-10,8.208607569723231e-07,-4.9890855494449206e-08,0.9999999999996618
186,945000000,186.945,indoor_world,differential_drive_robot,-3.5741685225951495e-06,-2.993451338640735e-08,-4.433823484413102e-07,-4.104671596714432e-10,8.208607569723231e-07,-4.9890855494449206e-08,0.9999999999996618
186,965000000,186.965,indoor_world,differential_drive_robot,-3.5741685225951495e-06,-2.993451338640735e-08,-4.433823484413102e-07,-4.104671596714432e-10,8.208607569723231e-07,-4.9890855494449206e-08,0.9999999999996618
186,985000000,186.985,indoor_world,differential_drive_robot,-3.5741685225951495e-06,-2.993451338640735e-08,-4.433823484413102e-07,-4.104671596714432e-10,8.208607569723231e-07,-4.9890855494449206e-08,0.9999999999996618
187,5000000,187.005,indoor_world,differential_drive_robot,-3.5741685225951495e-06,-2.993451338640735e-08,-4.433823484413102e-07,-4.104671596714432e-10,8.208607569723231e-07,-4.9890855494449206e-08,0.9999999999996618
187,25000000,187.025,indoor_world,differential_drive_robot,-3.5741685225951495e-06,-2.993451338640735e-08,-4.433823484413102e-07,-4.104671596714432e-10,8.208607569723231e-07,-4.9890855494449206e-08,0.9999999999996618
187,45000000,187.045,indoor_world,differential_drive_robot,-3.5741685225951495e-06,-2.993451338640735e-08,-4.433823484413102e-07,-4.104671596714432e-10,8.208607569723231e-07,-4.9890855494449206e-08,0.9999999999996618
187,65000000,187.065,indoor_world,differential_drive_robot,-3.5741685225951495e-06,-2.993451338640735e-08,-4.433823484413102e-07,-4.104671596714432e-10,8.208607569723231e-07,-4.9890855494449206e-08,0.9999999999996618
187,85000000,187.085,indoor_world,differential_drive_robot,-3.5741685225951495e-06,-2.993451338640735e-08,-4.433823484413102e-07,-4.104671596714432e-10,8.208607569723231e-07,-4.9890855494449206e-08,0.9999999999996618
187,105000000,187.105,indoor_world,differential_drive_robot,-3.5741685225951495e-06,-2.993451338640735e-08,-4.433823484413102e-07,-4.104671596714432e-10,8.208607569723231e-07,-4.9890855494449206e-08,0.9999999999996618
187,125000000,187.125,indoor_world,differential_drive_robot,-3.5741685225951495e-06,-2.993451338640735e-08,-4.433823484413102e-07,-4.104671596714432e-10,8.208607569723231e-07,-4.9890855494449206e-08,0.9999999999996618
187,145000000,187.145,indoor_world,differential_drive_robot,-3.5741685225951495e-06,-2.993451338640735e-08,-4.433823484413102e-07,-4.104671596714432e-10,8.208607569723231e-07,-4.9890855494449206e-08,0.9999999999996618
187,165000000,187.165,indoor_world,differential_drive_robot,-3.5741685225951495e-06,-2.993451338640735e-08,-4.433823484413102e-07,-4.104671596714432e-10,8.208607569723231e-07,-4.9890855494449206e-08,0.9999999999996618
187,185000000,187.185,indoor_world,differential_drive_robot,-3.5741685225951495e-06,-2.993451338640735e-08,-4.433823484413102e-07,-4.104671596714432e-10,8.208607569723231e-07,-4.9890855494449206e-08,0.9999999999996618
187,205000000,187.205,indoor_world,differential_drive_robot,-3.5741685225951495e-06,-2.993451338640735e-08,-4.433823484413102e-07,-4.104671596714432e-10,8.208607569723231e-07,-4.9890855494449206e-08,0.9999999999996618
187,225000000,187.225,indoor_world,differential_drive_robot,-3.5741685225951495e-06,-2.993451338640735e-08,-4.433823484413102e-07,-4.104671596714432e-10,8.208607569723231e-07,-4.9890855494449206e-08,0.9999999999996618
187,245000000,187.245,indoor_world,differential_drive_robot,-3.5741685225951495e-06,-2.993451338640735e-08,-4.433823484413102e-07,-4.104671596714432e-10,8.208607569723231e-07,-4.9890855494449206e-08,0.9999999999996618
187,265000000,187.265,indoor_world,differential_drive_robot,-3.5741685225951495e-06,-2.993451338640735e-08,-4.433823484413102e-07,-4.104671596714432e-10,8.208607569723231e-07,-4.9890855494449206e-08,0.9999999999996618
187,285000000,187.285,indoor_world,differential_drive_robot,-3.5741685225951495e-06,-2.993451338640735e-08,-4.433823484413102e-07,-4.104671596714432e-10,8.208607569723231e-07,-4.9890855494449206e-08,0.9999999999996618
187,305000000,187.305,indoor_world,differential_drive_robot,-3.5741685225951495e-06,-2.993451338640735e-08,-4.433823484413102e-07,-4.104671596714432e-10,8.208607569723231e-07,-4.9890855494449206e-08,0.9999999999996618
187,325000000,187.325,indoor_world,differential_drive_robot,-3.5741685225951495e-06,-2.993451338640735e-08,-4.433823484413102e-07,-4.104671596714432e-10,8.208607569723231e-07,-4.9890855494449206e-08,0.9999999999996618
187,345000000,187.345,indoor_world,differential_drive_robot,-3.5741685225951495e-06,-2.993451338640735e-08,-4.433823484413102e-07,-4.104671596714432e-10,8.208607569723231e-07,-4.9890855494449206e-08,0.9999999999996618
187,365000000,187.365,indoor_world,differential_drive_robot,-3.5741685225951495e-06,-2.993451338640735e-08,-4.433823484413102e-07,-4.104671596714432e-10,8.208607569723231e-07,-4.9890855494449206e-08,0.9999999999996618
187,385000000,187.385,indoor_world,differential_drive_robot,-3.5741685225951495e-06,-2.993451338640735e-08,-4.433823484413102e-07,-4.104671596714432e-10,8.208607569723231e-07,-4.9890855494449206e-08,0.9999999999996618
187,405000000,187.405,indoor_world,differential_drive_robot,-3.5741685225951495e-06,-2.993451338640735e-08,-4.433823484413102e-07,-4.104671596714432e-10,8.208607569723231e-07,-4.9890855494449206e-08,0.9999999999996618
187,425000000,187.425,indoor_world,differential_drive_robot,-3.5741685225951495e-06,-2.993451338640735e-08,-4.433823484413102e-07,-4.104671596714432e-10,8.208607569723231e-07,-4.9890855494449206e-08,0.9999999999996618
187,445000000,187.445,indoor_world,differential_drive_robot,-3.5741685225951495e-06,-2.993451338640735e-08,-4.433823484413102e-07,-4.104671596714432e-10,8.208607569723231e-07,-4.9890855494449206e-08,0.9999999999996618
187,465000000,187.465,indoor_world,differential_drive_robot,-3.5741685225951495e-06,-2.993451338640735e-08,-4.433823484413102e-07,-4.104671596714432e-10,8.208607569723231e-07,-4.9890855494449206e-08,0.9999999999996618
187,485000000,187.485,indoor_world,differential_drive_robot,-3.5741685225951495e-06,-2.993451338640735e-08,-4.433823484413102e-07,-4.104671596714432e-10,8.208607569723231e-07,-4.9890855494449206e-08,0.9999999999996618
187,505000000,187.505,indoor_world,differential_drive_robot,-3.5741685225951495e-06,-2.993451338640735e-08,-4.433823484413102e-07,-4.104671596714432e-10,8.208607569723231e-07,-4.9890855494449206e-08,0.9999999999996618
187,525000000,187.525,indoor_world,differential_drive_robot,-3.5741685225951495e-06,-2.993451338640735e-08,-4.433823484413102e-07,-4.104671596714432e-10,8.208607569723231e-07,-4.9890855494449206e-08,0.9999999999996618
187,545000000,187.545,indoor_world,differential_drive_robot,-3.5741685225951495e-06,-2.993451338640735e-08,-4.433823484413102e-07,-4.104671596714432e-10,8.208607569723231e-07,-4.9890855494449206e-08,0.9999999999996618
187,565000000,187.565,indoor_world,differential_drive_robot,-3.5741685225951495e-06,-2.993451338640735e-08,-4.433823484413102e-07,-4.104671596714432e-10,8.208607569723231e-07,-4.9890855494449206e-08,0.9999999999996618
187,585000000,187.585,indoor_world,differential_drive_robot,-3.5741685225951495e-06,-2.993451338640735e-08,-4.433823484413102e-07,-4.104671596714432e-10,8.208607569723231e-07,-4.9890855494449206e-08,0.9999999999996618
187,605000000,187.605,indoor_world,differential_drive_robot,-3.5741685225951495e-06,-2.993451338640735e-08,-4.433823484413102e-07,-4.104671596714432e-10,8.208607569723231e-07,-4.9890855494449206e-08,0.9999999999996618
187,625000000,187.625,indoor_world,differential_drive_robot,-3.5741685225951495e-06,-2.993451338640735e-08,-4.433823484413102e-07,-4.104671596714432e-10,8.208607569723231e-07,-4.9890855494449206e-08,0.9999999999996618
187,645000000,187.645,indoor_world,differential_drive_robot,-3.5741685225951495e-06,-2.993451338640735e-08,-4.433823484413102e-07,-4.104671596714432e-10,8.208607569723231e-07,-4.9890855494449206e-08,0.9999999999996618
187,665000000,187.665,indoor_world,differential_drive_robot,-3.5741685225951495e-06,-2.993451338640735e-08,-4.433823484413102e-07,-4.104671596714432e-10,8.208607569723231e-07,-4.9890855494449206e-08,0.9999999999996618
187,685000000,187.685,indoor_world,differential_drive_robot,-3.5741685225951495e-06,-2.993451338640735e-08,-4.433823484413102e-07,-4.104671596714432e-10,8.208607569723231e-07,-4.9890855494449206e-08,0.9999999999996618
187,705000000,187.705,indoor_world,differential_drive_robot,-3.5741685225951495e-06,-2.993451338640735e-08,-4.433823484413102e-07,-4.104671596714432e-10,8.208607569723231e-07,-4.9890855494449206e-08,0.9999999999996618
187,725000000,187.725,indoor_world,differential_drive_robot,-3.5741685225951495e-06,-2.993451338640735e-08,-4.433823484413102e-07,-4.104671596714432e-10,8.208607569723231e-07,-4.9890855494449206e-08,0.9999999999996618
187,745000000,187.745,indoor_world,differential_drive_robot,-3.5741685225951495e-06,-2.993451338640735e-08,-4.433823484413102e-07,-4.104671596714432e-10,8.208607569723231e-07,-4.9890855494449206e-08,0.9999999999996618
187,765000000,187.765,indoor_world,differential_drive_robot,-3.5741685225951495e-06,-2.993451338640735e-08,-4.433823484413102e-07,-4.104671596714432e-10,8.208607569723231e-07,-4.9890855494449206e-08,0.9999999999996618
187,785000000,187.785,indoor_world,differential_drive_robot,-3.5741685225951495e-06,-2.993451338640735e-08,-4.433823484413102e-07,-4.104671596714432e-10,8.208607569723231e-07,-4.9890855494449206e-08,0.9999999999996618
187,805000000,187.805,indoor_world,differential_drive_robot,-3.5741685225951495e-06,-2.993451338640735e-08,-4.433823484413102e-07,-4.104671596714432e-10,8.208607569723231e-07,-4.9890855494449206e-08,0.9999999999996618
187,825000000,187.825,indoor_world,differential_drive_robot,-3.5741685225951495e-06,-2.993451338640735e-08,-4.433823484413102e-07,-4.104671596714432e-10,8.208607569723231e-07,-4.9890855494449206e-08,0.9999999999996618
187,845000000,187.845,indoor_world,differential_drive_robot,-3.5741685225951495e-06,-2.993451338640735e-08,-4.433823484413102e-07,-4.104671596714432e-10,8.208607569723231e-07,-4.9890855494449206e-08,0.9999999999996618
187,865000000,187.865,indoor_world,differential_drive_robot,-3.5741685225951495e-06,-2.993451338640735e-08,-4.433823484413102e-07,-4.104671596714432e-10,8.208607569723231e-07,-4.9890855494449206e-08,0.9999999999996618
187,885000000,187.885,indoor_world,differential_drive_robot,-3.5741685225951495e-06,-2.993451338640735e-08,-4.433823484413102e-07,-4.104671596714432e-10,8.208607569723231e-07,-4.9890855494449206e-08,0.9999999999996618
187,905000000,187.905,indoor_world,differential_drive_robot,-3.5741685225951495e-06,-2.993451338640735e-08,-4.433823484413102e-07,-4.104671596714432e-10,8.208607569723231e-07,-4.9890855494449206e-08,0.9999999999996618
187,925000000,187.925,indoor_world,differential_drive_robot,-3.5741685225951495e-06,-2.993451338640735e-08,-4.433823484413102e-07,-4.104671596714432e-10,8.208607569723231e-07,-4.9890855494449206e-08,0.9999999999996618
187,945000000,187.945,indoor_world,differential_drive_robot,-3.5741685225951495e-06,-2.993451338640735e-08,-4.433823484413102e-07,-4.104671596714432e-10,8.208607569723231e-07,-4.9890855494449206e-08,0.9999999999996618
187,965000000,187.965,indoor_world,differential_drive_robot,-3.5741685225951495e-06,-2.993451338640735e-08,-4.433823484413102e-07,-4.104671596714432e-10,8.208607569723231e-07,-4.9890855494449206e-08,0.9999999999996618
187,985000000,187.985,indoor_world,differential_drive_robot,-3.5741685225951495e-06,-2.993451338640735e-08,-4.433823484413102e-07,-4.104671596714432e-10,8.208607569723231e-07,-4.9890855494449206e-08,0.9999999999996618
188,5000000,188.005,indoor_world,differential_drive_robot,-3.5741685225951495e-06,-2.993451338640735e-08,-4.433823484413102e-07,-4.104671596714432e-10,8.208607569723231e-07,-4.9890855494449206e-08,0.9999999999996618
188,25000000,188.025,indoor_world,differential_drive_robot,-3.5741685225951495e-06,-2.993451338640735e-08,-4.433823484413102e-07,-4.104671596714432e-10,8.208607569723231e-07,-4.9890855494449206e-08,0.9999999999996618
188,45000000,188.045,indoor_world,differential_drive_robot,-3.5741685225951495e-06,-2.993451338640735e-08,-4.433823484413102e-07,-4.104671596714432e-10,8.208607569723231e-07,-4.9890855494449206e-08,0.9999999999996618
188,65000000,188.065,indoor_world,differential_drive_robot,-3.5741685225951495e-06,-2.993451338640735e-08,-4.433823484413102e-07,-4.104671596714432e-10,8.208607569723231e-07,-4.9890855494449206e-08,0.9999999999996618
188,85000000,188.085,indoor_world,differential_drive_robot,-3.5741685225951495e-06,-2.993451338640735e-08,-4.433823484413102e-07,-4.104671596714432e-10,8.208607569723231e-07,-4.9890855494449206e-08,0.9999999999996618
188,105000000,188.105,indoor_world,differential_drive_robot,-3.5741685225951495e-06,-2.993451338640735e-08,-4.433823484413102e-07,-4.104671596714432e-10,8.208607569723231e-07,-4.9890855494449206e-08,0.9999999999996618
188,125000000,188.125,indoor_world,differential_drive_robot,-3.5741685225951495e-06,-2.993451338640735e-08,-4.433823484413102e-07,-4.104671596714432e-10,8.208607569723231e-07,-4.9890855494449206e-08,0.9999999999996618
188,145000000,188.145,indoor_world,differential_drive_robot,-3.5741685225951495e-06,-2.993451338640735e-08,-4.433823484413102e-07,-4.104671596714432e-10,8.208607569723231e-07,-4.9890855494449206e-08,0.9999999999996618
188,165000000,188.165,indoor_world,differential_drive_robot,-3.5741685225951495e-06,-2.993451338640735e-08,-4.433823484413102e-07,-4.104671596714432e-10,8.208607569723231e-07,-4.9890855494449206e-08,0.9999999999996618
188,185000000,188.185,indoor_world,differential_drive_robot,-3.5741685225951495e-06,-2.993451338640735e-08,-4.433823484413102e-07,-4.104671596714432e-10,8.208607569723231e-07,-4.9890855494449206e-08,0.9999999999996618
188,205000000,188.205,indoor_world,differential_drive_robot,-3.5741685225951495e-06,-2.993451338640735e-08,-4.433823484413102e-07,-4.104671596714432e-10,8.208607569723231e-07,-4.9890855494449206e-08,0.9999999999996618
188,225000000,188.225,indoor_world,differential_drive_robot,-3.5741685225951495e-06,-2.993451338640735e-08,-4.433823484413102e-07,-4.104671596714432e-10,8.208607569723231e-07,-4.9890855494449206e-08,0.9999999999996618
188,245000000,188.245,indoor_world,differential_drive_robot,-3.5741685225951495e-06,-2.993451338640735e-08,-4.433823484413102e-07,-4.104671596714432e-10,8.208607569723231e-07,-4.9890855494449206e-08,0.9999999999996618
188,265000000,188.265,indoor_world,differential_drive_robot,-3.5741685225951495e-06,-2.993451338640735e-08,-4.433823484413102e-07,-4.104671596714432e-10,8.208607569723231e-07,-4.9890855494449206e-08,0.9999999999996618
188,285000000,188.285,indoor_world,differential_drive_robot,-3.5741685225951495e-06,-2.993451338640735e-08,-4.433823484413102e-07,-4.104671596714432e-10,8.208607569723231e-07,-4.9890855494449206e-08,0.9999999999996618
188,305000000,188.305,indoor_world,differential_drive_robot,-3.5741685225951495e-06,-2.993451338640735e-08,-4.433823484413102e-07,-4.104671596714432e-10,8.208607569723231e-07,-4.9890855494449206e-08,0.9999999999996618
188,325000000,188.325,indoor_world,differential_drive_robot,-3.5741685225951495e-06,-2.993451338640735e-08,-4.433823484413102e-07,-4.104671596714432e-10,8.208607569723231e-07,-4.9890855494449206e-08,0.9999999999996618
188,345000000,188.345,indoor_world,differential_drive_robot,-3.5741685225951495e-06,-2.993451338640735e-08,-4.433823484413102e-07,-4.104671596714432e-10,8.208607569723231e-07,-4.9890855494449206e-08,0.9999999999996618
188,365000000,188.365,indoor_world,differential_drive_robot,-3.5741685225951495e-06,-2.993451338640735e-08,-4.433823484413102e-07,-4.104671596714432e-10,8.208607569723231e-07,-4.9890855494449206e-08,0.9999999999996618
188,385000000,188.385,indoor_world,differential_drive_robot,-3.5741685225951495e-06,-2.993451338640735e-08,-4.433823484413102e-07,-4.104671596714432e-10,8.208607569723231e-07,-4.9890855494449206e-08,0.9999999999996618
188,405000000,188.405,indoor_world,differential_drive_robot,-3.5741685225951495e-06,-2.993451338640735e-08,-4.433823484413102e-07,-4.104671596714432e-10,8.208607569723231e-07,-4.9890855494449206e-08,0.9999999999996618
188,425000000,188.425,indoor_world,differential_drive_robot,-3.5741685225951495e-06,-2.993451338640735e-08,-4.433823484413102e-07,-4.104671596714432e-10,8.208607569723231e-07,-4.9890855494449206e-08,0.9999999999996618
188,445000000,188.445,indoor_world,differential_drive_robot,-3.5741685225951495e-06,-2.993451338640735e-08,-4.433823484413102e-07,-4.104671596714432e-10,8.208607569723231e-07,-4.9890855494449206e-08,0.9999999999996618
188,465000000,188.465,indoor_world,differential_drive_robot,-3.5741685225951495e-06,-2.993451338640735e-08,-4.433823484413102e-07,-4.104671596714432e-10,8.208607569723231e-07,-4.9890855494449206e-08,0.9999999999996618
188,485000000,188.485,indoor_world,differential_drive_robot,-3.5741685225951495e-06,-2.993451338640735e-08,-4.433823484413102e-07,-4.104671596714432e-10,8.208607569723231e-07,-4.9890855494449206e-08,0.9999999999996618
188,505000000,188.505,indoor_world,differential_drive_robot,-3.5741685225951495e-06,-2.993451338640735e-08,-4.433823484413102e-07,-4.104671596714432e-10,8.208607569723231e-07,-4.9890855494449206e-08,0.9999999999996618
188,525000000,188.525,indoor_world,differential_drive_robot,-3.5741685225951495e-06,-2.993451338640735e-08,-4.433823484413102e-07,-4.104671596714432e-10,8.208607569723231e-07,-4.9890855494449206e-08,0.9999999999996618
188,545000000,188.545,indoor_world,differential_drive_robot,-3.5741685225951495e-06,-2.993451338640735e-08,-4.433823484413102e-07,-4.104671596714432e-10,8.208607569723231e-07,-4.9890855494449206e-08,0.9999999999996618
188,565000000,188.565,indoor_world,differential_drive_robot,-3.5741685225951495e-06,-2.993451338640735e-08,-4.433823484413102e-07,-4.104671596714432e-10,8.208607569723231e-07,-4.9890855494449206e-08,0.9999999999996618
188,585000000,188.585,indoor_world,differential_drive_robot,-3.5741685225951495e-06,-2.993451338640735e-08,-4.433823484413102e-07,-4.104671596714432e-10,8.208607569723231e-07,-4.9890855494449206e-08,0.9999999999996618
188,605000000,188.605,indoor_world,differential_drive_robot,-3.5741685225951495e-06,-2.993451338640735e-08,-4.433823484413102e-07,-4.104671596714432e-10,8.208607569723231e-07,-4.9890855494449206e-08,0.9999999999996618
188,625000000,188.625,indoor_world,differential_drive_robot,-3.5741685225951495e-06,-2.993451338640735e-08,-4.433823484413102e-07,-4.104671596714432e-10,8.208607569723231e-07,-4.9890855494449206e-08,0.9999999999996618
188,645000000,188.645,indoor_world,differential_drive_robot,-3.5741685225951495e-06,-2.993451338640735e-08,-4.433823484413102e-07,-4.104671596714432e-10,8.208607569723231e-07,-4.9890855494449206e-08,0.9999999999996618
188,665000000,188.665,indoor_world,differential_drive_robot,-3.5741685225951495e-06,-2.993451338640735e-08,-4.433823484413102e-07,-4.104671596714432e-10,8.208607569723231e-07,-4.9890855494449206e-08,0.9999999999996618
188,685000000,188.685,indoor_world,differential_drive_robot,-3.5741685225951495e-06,-2.993451338640735e-08,-4.433823484413102e-07,-4.104671596714432e-10,8.208607569723231e-07,-4.9890855494449206e-08,0.9999999999996618
188,705000000,188.705,indoor_world,differential_drive_robot,-3.5741685225951495e-06,-2.993451338640735e-08,-4.433823484413102e-07,-4.104671596714432e-10,8.208607569723231e-07,-4.9890855494449206e-08,0.9999999999996618
188,725000000,188.725,indoor_world,differential_drive_robot,-3.5741685225951495e-06,-2.993451338640735e-08,-4.433823484413102e-07,-4.104671596714432e-10,8.208607569723231e-07,-4.9890855494449206e-08,0.9999999999996618
188,745000000,188.745,indoor_world,differential_drive_robot,-3.5741685225951495e-06,-2.993451338640735e-08,-4.433823484413102e-07,-4.104671596714432e-10,8.208607569723231e-07,-4.9890855494449206e-08,0.9999999999996618
188,765000000,188.765,indoor_world,differential_drive_robot,-3.5741685225951495e-06,-2.993451338640735e-08,-4.433823484413102e-07,-4.104671596714432e-10,8.208607569723231e-07,-4.9890855494449206e-08,0.9999999999996618
188,785000000,188.785,indoor_world,differential_drive_robot,-3.5741685225951495e-06,-2.993451338640735e-08,-4.433823484413102e-07,-4.104671596714432e-10,8.208607569723231e-07,-4.9890855494449206e-08,0.9999999999996618
188,805000000,188.805,indoor_world,differential_drive_robot,-3.5741685225951495e-06,-2.993451338640735e-08,-4.433823484413102e-07,-4.104671596714432e-10,8.208607569723231e-07,-4.9890855494449206e-08,0.9999999999996618
188,825000000,188.825,indoor_world,differential_drive_robot,-3.5741685225951495e-06,-2.993451338640735e-08,-4.433823484413102e-07,-4.104671596714432e-10,8.208607569723231e-07,-4.9890855494449206e-08,0.9999999999996618
188,845000000,188.845,indoor_world,differential_drive_robot,-3.5741685225951495e-06,-2.993451338640735e-08,-4.433823484413102e-07,-4.104671596714432e-10,8.208607569723231e-07,-4.9890855494449206e-08,0.9999999999996618
188,865000000,188.865,indoor_world,differential_drive_robot,-3.5741685225951495e-06,-2.993451338640735e-08,-4.433823484413102e-07,-4.104671596714432e-10,8.208607569723231e-07,-4.9890855494449206e-08,0.9999999999996618
188,885000000,188.885,indoor_world,differential_drive_robot,-3.5741685225951495e-06,-2.993451338640735e-08,-4.433823484413102e-07,-4.104671596714432e-10,8.208607569723231e-07,-4.9890855494449206e-08,0.9999999999996618
188,905000000,188.905,indoor_world,differential_drive_robot,-3.5741685225951495e-06,-2.993451338640735e-08,-4.433823484413102e-07,-4.104671596714432e-10,8.208607569723231e-07,-4.9890855494449206e-08,0.9999999999996618
188,925000000,188.925,indoor_world,differential_drive_robot,-3.5741685225951495e-06,-2.993451338640735e-08,-4.433823484413102e-07,-4.104671596714432e-10,8.208607569723231e-07,-4.9890855494449206e-08,0.9999999999996618
188,945000000,188.945,indoor_world,differential_drive_robot,-3.5741685225951495e-06,-2.993451338640735e-08,-4.433823484413102e-07,-4.104671596714432e-10,8.208607569723231e-07,-4.9890855494449206e-08,0.9999999999996618
188,965000000,188.965,indoor_world,differential_drive_robot,-3.5741685225951495e-06,-2.993451338640735e-08,-4.433823484413102e-07,-4.104671596714432e-10,8.208607569723231e-07,-4.9890855494449206e-08,0.9999999999996618
188,985000000,188.985,indoor_world,differential_drive_robot,-3.5741685225951495e-06,-2.993451338640735e-08,-4.433823484413102e-07,-4.104671596714432e-10,8.208607569723231e-07,-4.9890855494449206e-08,0.9999999999996618
189,5000000,189.005,indoor_world,differential_drive_robot,-3.5741685225951495e-06,-2.993451338640735e-08,-4.433823484413102e-07,-4.104671596714432e-10,8.208607569723231e-07,-4.9890855494449206e-08,0.9999999999996618
189,25000000,189.025,indoor_world,differential_drive_robot,-3.5741685225951495e-06,-2.993451338640735e-08,-4.433823484413102e-07,-4.104671596714432e-10,8.208607569723231e-07,-4.9890855494449206e-08,0.9999999999996618
189,45000000,189.045,indoor_world,differential_drive_robot,-3.5741685225951495e-06,-2.993451338640735e-08,-4.433823484413102e-07,-4.104671596714432e-10,8.208607569723231e-07,-4.9890855494449206e-08,0.9999999999996618
189,65000000,189.065,indoor_world,differential_drive_robot,-3.5741685225951495e-06,-2.993451338640735e-08,-4.433823484413102e-07,-4.104671596714432e-10,8.208607569723231e-07,-4.9890855494449206e-08,0.9999999999996618
189,85000000,189.085,indoor_world,differential_drive_robot,-3.5741685225951495e-06,-2.993451338640735e-08,-4.433823484413102e-07,-4.104671596714432e-10,8.208607569723231e-07,-4.9890855494449206e-08,0.9999999999996618
189,105000000,189.105,indoor_world,differential_drive_robot,-3.5741685225951495e-06,-2.993451338640735e-08,-4.433823484413102e-07,-4.104671596714432e-10,8.208607569723231e-07,-4.9890855494449206e-08,0.9999999999996618
189,125000000,189.125,indoor_world,differential_drive_robot,-3.5741685225951495e-06,-2.993451338640735e-08,-4.433823484413102e-07,-4.104671596714432e-10,8.208607569723231e-07,-4.9890855494449206e-08,0.9999999999996618
189,145000000,189.145,indoor_world,differential_drive_robot,-3.5741685225951495e-06,-2.993451338640735e-08,-4.433823484413102e-07,-4.104671596714432e-10,8.208607569723231e-07,-4.9890855494449206e-08,0.9999999999996618
189,165000000,189.165,indoor_world,differential_drive_robot,-3.5741685225951495e-06,-2.993451338640735e-08,-4.433823484413102e-07,-4.104671596714432e-10,8.208607569723231e-07,-4.9890855494449206e-08,0.9999999999996618
189,185000000,189.185,indoor_world,differential_drive_robot,-3.5741685225951495e-06,-2.993451338640735e-08,-4.433823484413102e-07,-4.104671596714432e-10,8.208607569723231e-07,-4.9890855494449206e-08,0.9999999999996618
189,205000000,189.205,indoor_world,differential_drive_robot,-3.5741685225951495e-06,-2.993451338640735e-08,-4.433823484413102e-07,-4.104671596714432e-10,8.208607569723231e-07,-4.9890855494449206e-08,0.9999999999996618
189,225000000,189.225,indoor_world,differential_drive_robot,-3.5741685225951495e-06,-2.993451338640735e-08,-4.433823484413102e-07,-4.104671596714432e-10,8.208607569723231e-07,-4.9890855494449206e-08,0.9999999999996618
189,245000000,189.245,indoor_world,differential_drive_robot,-3.5741685225951495e-06,-2.993451338640735e-08,-4.433823484413102e-07,-4.104671596714432e-10,8.208607569723231e-07,-4.9890855494449206e-08,0.9999999999996618
189,265000000,189.265,indoor_world,differential_drive_robot,-3.5741685225951495e-06,-2.993451338640735e-08,-4.433823484413102e-07,-4.104671596714432e-10,8.208607569723231e-07,-4.9890855494449206e-08,0.9999999999996618
189,285000000,189.285,indoor_world,differential_drive_robot,-3.5741685225951495e-06,-2.993451338640735e-08,-4.433823484413102e-07,-4.104671596714432e-10,8.208607569723231e-07,-4.9890855494449206e-08,0.9999999999996618
189,305000000,189.305,indoor_world,differential_drive_robot,-3.5741685225951495e-06,-2.993451338640735e-08,-4.433823484413102e-07,-4.104671596714432e-10,8.208607569723231e-07,-4.9890855494449206e-08,0.9999999999996618
189,325000000,189.325,indoor_world,differential_drive_robot,-3.5741685225951495e-06,-2.993451338640735e-08,-4.433823484413102e-07,-4.104671596714432e-10,8.208607569723231e-07,-4.9890855494449206e-08,0.9999999999996618
189,345000000,189.345,indoor_world,differential_drive_robot,-3.5741685225951495e-06,-2.993451338640735e-08,-4.433823484413102e-07,-4.104671596714432e-10,8.208607569723231e-07,-4.9890855494449206e-08,0.9999999999996618
189,365000000,189.365,indoor_world,differential_drive_robot,-3.5741685225951495e-06,-2.993451338640735e-08,-4.433823484413102e-07,-4.104671596714432e-10,8.208607569723231e-07,-4.9890855494449206e-08,0.9999999999996618
189,385000000,189.385,indoor_world,differential_drive_robot,-3.5741685225951495e-06,-2.993451338640735e-08,-4.433823484413102e-07,-4.104671596714432e-10,8.208607569723231e-07,-4.9890855494449206e-08,0.9999999999996618
189,405000000,189.405,indoor_world,differential_drive_robot,-3.5741685225951495e-06,-2.993451338640735e-08,-4.433823484413102e-07,-4.104671596714432e-10,8.208607569723231e-07,-4.9890855494449206e-08,0.9999999999996618
189,425000000,189.425,indoor_world,differential_drive_robot,-3.5741685225951495e-06,-2.993451338640735e-08,-4.433823484413102e-07,-4.104671596714432e-10,8.208607569723231e-07,-4.9890855494449206e-08,0.9999999999996618
189,445000000,189.445,indoor_world,differential_drive_robot,-3.5741685225951495e-06,-2.993451338640735e-08,-4.433823484413102e-07,-4.104671596714432e-10,8.208607569723231e-07,-4.9890855494449206e-08,0.9999999999996618
189,465000000,189.465,indoor_world,differential_drive_robot,-3.5741685225951495e-06,-2.993451338640735e-08,-4.433823484413102e-07,-4.104671596714432e-10,8.208607569723231e-07,-4.9890855494449206e-08,0.9999999999996618
189,485000000,189.485,indoor_world,differential_drive_robot,-3.5741685225951495e-06,-2.993451338640735e-08,-4.433823484413102e-07,-4.104671596714432e-10,8.208607569723231e-07,-4.9890855494449206e-08,0.9999999999996618
189,505000000,189.505,indoor_world,differential_drive_robot,-3.5741685225951495e-06,-2.993451338640735e-08,-4.433823484413102e-07,-4.104671596714432e-10,8.208607569723231e-07,-4.9890855494449206e-08,0.9999999999996618
189,525000000,189.525,indoor_world,differential_drive_robot,-3.5741685225951495e-06,-2.993451338640735e-08,-4.433823484413102e-07,-4.104671596714432e-10,8.208607569723231e-07,-4.9890855494449206e-08,0.9999999999996618
189,545000000,189.545,indoor_world,differential_drive_robot,-3.5741685225951495e-06,-2.993451338640735e-08,-4.433823484413102e-07,-4.104671596714432e-10,8.208607569723231e-07,-4.9890855494449206e-08,0.9999999999996618
189,565000000,189.565,indoor_world,differential_drive_robot,-3.5741685225951495e-06,-2.993451338640735e-08,-4.433823484413102e-07,-4.104671596714432e-10,8.208607569723231e-07,-4.9890855494449206e-08,0.9999999999996618
189,585000000,189.585,indoor_world,differential_drive_robot,-3.5741685225951495e-06,-2.993451338640735e-08,-4.433823484413102e-07,-4.104671596714432e-10,8.208607569723231e-07,-4.9890855494449206e-08,0.9999999999996618
189,605000000,189.605,indoor_world,differential_drive_robot,-3.5741685225951495e-06,-2.993451338640735e-08,-4.433823484413102e-07,-4.104671596714432e-10,8.208607569723231e-07,-4.9890855494449206e-08,0.9999999999996618
189,625000000,189.625,indoor_world,differential_drive_robot,-3.5741685225951495e-06,-2.993451338640735e-08,-4.433823484413102e-07,-4.104671596714432e-10,8.208607569723231e-07,-4.9890855494449206e-08,0.9999999999996618
189,645000000,189.645,indoor_world,differential_drive_robot,-3.5741685225951495e-06,-2.993451338640735e-08,-4.433823484413102e-07,-4.104671596714432e-10,8.208607569723231e-07,-4.9890855494449206e-08,0.9999999999996618
189,665000000,189.665,indoor_world,differential_drive_robot,-3.5741685225951495e-06,-2.993451338640735e-08,-4.433823484413102e-07,-4.104671596714432e-10,8.208607569723231e-07,-4.9890855494449206e-08,0.9999999999996618
189,685000000,189.685,indoor_world,differential_drive_robot,-3.5741685225951495e-06,-2.993451338640735e-08,-4.433823484413102e-07,-4.104671596714432e-10,8.208607569723231e-07,-4.9890855494449206e-08,0.9999999999996618
189,705000000,189.705,indoor_world,differential_drive_robot,-3.5741685225951495e-06,-2.993451338640735e-08,-4.433823484413102e-07,-4.104671596714432e-10,8.208607569723231e-07,-4.9890855494449206e-08,0.9999999999996618
189,725000000,189.725,indoor_world,differential_drive_robot,-3.5741685225951495e-06,-2.993451338640735e-08,-4.433823484413102e-07,-4.104671596714432e-10,8.208607569723231e-07,-4.9890855494449206e-08,0.9999999999996618
189,745000000,189.745,indoor_world,differential_drive_robot,-3.5741685225951495e-06,-2.993451338640735e-08,-4.433823484413102e-07,-4.104671596714432e-10,8.208607569723231e-07,-4.9890855494449206e-08,0.9999999999996618
189,765000000,189.765,indoor_world,differential_drive_robot,-3.5741685225951495e-06,-2.993451338640735e-08,-4.433823484413102e-07,-4.104671596714432e-10,8.208607569723231e-07,-4.9890855494449206e-08,0.9999999999996618
189,785000000,189.785,indoor_world,differential_drive_robot,-3.5741685225951495e-06,-2.993451338640735e-08,-4.433823484413102e-07,-4.104671596714432e-10,8.208607569723231e-07,-4.9890855494449206e-08,0.9999999999996618
189,805000000,189.805,indoor_world,differential_drive_robot,-3.5741685225951495e-06,-2.993451338640735e-08,-4.433823484413102e-07,-4.104671596714432e-10,8.208607569723231e-07,-4.9890855494449206e-08,0.9999999999996618
189,825000000,189.825,indoor_world,differential_drive_robot,-3.5741685225951495e-06,-2.993451338640735e-08,-4.433823484413102e-07,-4.104671596714432e-10,8.208607569723231e-07,-4.9890855494449206e-08,0.9999999999996618
189,845000000,189.845,indoor_world,differential_drive_robot,-3.5741685225951495e-06,-2.993451338640735e-08,-4.433823484413102e-07,-4.104671596714432e-10,8.208607569723231e-07,-4.9890855494449206e-08,0.9999999999996618
189,865000000,189.865,indoor_world,differential_drive_robot,-3.5741685225951495e-06,-2.993451338640735e-08,-4.433823484413102e-07,-4.104671596714432e-10,8.208607569723231e-07,-4.9890855494449206e-08,0.9999999999996618
189,885000000,189.885,indoor_world,differential_drive_robot,-3.5741685225951495e-06,-2.993451338640735e-08,-4.433823484413102e-07,-4.104671596714432e-10,8.208607569723231e-07,-4.9890855494449206e-08,0.9999999999996618
189,905000000,189.905,indoor_world,differential_drive_robot,-3.5741685225951495e-06,-2.993451338640735e-08,-4.433823484413102e-07,-4.104671596714432e-10,8.208607569723231e-07,-4.9890855494449206e-08,0.9999999999996618
189,925000000,189.925,indoor_world,differential_drive_robot,-3.5741685225951495e-06,-2.993451338640735e-08,-4.433823484413102e-07,-4.104671596714432e-10,8.208607569723231e-07,-4.9890855494449206e-08,0.9999999999996618
189,945000000,189.945,indoor_world,differential_drive_robot,-3.5741685225951495e-06,-2.993451338640735e-08,-4.433823484413102e-07,-4.104671596714432e-10,8.208607569723231e-07,-4.9890855494449206e-08,0.9999999999996618
189,965000000,189.965,indoor_world,differential_drive_robot,-3.5741685225951495e-06,-2.993451338640735e-08,-4.433823484413102e-07,-4.104671596714432e-10,8.208607569723231e-07,-4.9890855494449206e-08,0.9999999999996618
189,985000000,189.985,indoor_world,differential_drive_robot,-3.5741685225951495e-06,-2.993451338640735e-08,-4.433823484413102e-07,-4.104671596714432e-10,8.208607569723231e-07,-4.9890855494449206e-08,0.9999999999996618
190,5000000,190.005,indoor_world,differential_drive_robot,-3.5741685225951495e-06,-2.993451338640735e-08,-4.433823484413102e-07,-4.104671596714432e-10,8.208607569723231e-07,-4.9890855494449206e-08,0.9999999999996618
190,25000000,190.025,indoor_world,differential_drive_robot,-3.5741685225951495e-06,-2.993451338640735e-08,-4.433823484413102e-07,-4.104671596714432e-10,8.208607569723231e-07,-4.9890855494449206e-08,0.9999999999996618
190,45000000,190.045,indoor_world,differential_drive_robot,-3.5741685225951495e-06,-2.993451338640735e-08,-4.433823484413102e-07,-4.104671596714432e-10,8.208607569723231e-07,-4.9890855494449206e-08,0.9999999999996618
190,65000000,190.065,indoor_world,differential_drive_robot,-3.5741685225951495e-06,-2.993451338640735e-08,-4.433823484413102e-07,-4.104671596714432e-10,8.208607569723231e-07,-4.9890855494449206e-08,0.9999999999996618
190,85000000,190.085,indoor_world,differential_drive_robot,-3.5741685225951495e-06,-2.993451338640735e-08,-4.433823484413102e-07,-4.104671596714432e-10,8.208607569723231e-07,-4.9890855494449206e-08,0.9999999999996618
190,105000000,190.105,indoor_world,differential_drive_robot,-3.5741685225951495e-06,-2.993451338640735e-08,-4.433823484413102e-07,-4.104671596714432e-10,8.208607569723231e-07,-4.9890855494449206e-08,0.9999999999996618
190,125000000,190.125,indoor_world,differential_drive_robot,-3.5741685225951495e-06,-2.993451338640735e-08,-4.433823484413102e-07,-4.104671596714432e-10,8.208607569723231e-07,-4.9890855494449206e-08,0.9999999999996618
190,145000000,190.145,indoor_world,differential_drive_robot,-3.5741685225951495e-06,-2.993451338640735e-08,-4.433823484413102e-07,-4.104671596714432e-10,8.208607569723231e-07,-4.9890855494449206e-08,0.9999999999996618
190,165000000,190.165,indoor_world,differential_drive_robot,-3.5741685225951495e-06,-2.993451338640735e-08,-4.433823484413102e-07,-4.104671596714432e-10,8.208607569723231e-07,-4.9890855494449206e-08,0.9999999999996618
190,185000000,190.185,indoor_world,differential_drive_robot,-3.5741685225951495e-06,-2.993451338640735e-08,-4.433823484413102e-07,-4.104671596714432e-10,8.208607569723231e-07,-4.9890855494449206e-08,0.9999999999996618
190,205000000,190.205,indoor_world,differential_drive_robot,-3.5741685225951495e-06,-2.993451338640735e-08,-4.433823484413102e-07,-4.104671596714432e-10,8.208607569723231e-07,-4.9890855494449206e-08,0.9999999999996618
190,225000000,190.225,indoor_world,differential_drive_robot,-3.5741685225951495e-06,-2.993451338640735e-08,-4.433823484413102e-07,-4.104671596714432e-10,8.208607569723231e-07,-4.9890855494449206e-08,0.9999999999996618
190,245000000,190.245,indoor_world,differential_drive_robot,-3.5741685225951495e-06,-2.993451338640735e-08,-4.433823484413102e-07,-4.104671596714432e-10,8.208607569723231e-07,-4.9890855494449206e-08,0.9999999999996618
190,265000000,190.265,indoor_world,differential_drive_robot,-3.5741685225951495e-06,-2.993451338640735e-08,-4.433823484413102e-07,-4.104671596714432e-10,8.208607569723231e-07,-4.9890855494449206e-08,0.9999999999996618
190,285000000,190.285,indoor_world,differential_drive_robot,-3.5741685225951495e-06,-2.993451338640735e-08,-4.433823484413102e-07,-4.104671596714432e-10,8.208607569723231e-07,-4.9890855494449206e-08,0.9999999999996618
190,305000000,190.305,indoor_world,differential_drive_robot,-3.5741685225951495e-06,-2.993451338640735e-08,-4.433823484413102e-07,-4.104671596714432e-10,8.208607569723231e-07,-4.9890855494449206e-08,0.9999999999996618
190,325000000,190.325,indoor_world,differential_drive_robot,-3.5741685225951495e-06,-2.993451338640735e-08,-4.433823484413102e-07,-4.104671596714432e-10,8.208607569723231e-07,-4.9890855494449206e-08,0.9999999999996618
190,345000000,190.345,indoor_world,differential_drive_robot,-3.5741685225951495e-06,-2.993451338640735e-08,-4.433823484413102e-07,-4.104671596714432e-10,8.208607569723231e-07,-4.9890855494449206e-08,0.9999999999996618
190,365000000,190.365,indoor_world,differential_drive_robot,-3.5741685225951495e-06,-2.993451338640735e-08,-4.433823484413102e-07,-4.104671596714432e-10,8.208607569723231e-07,-4.9890855494449206e-08,0.9999999999996618
190,385000000,190.385,indoor_world,differential_drive_robot,-3.5741685225951495e-06,-2.993451338640735e-08,-4.433823484413102e-07,-4.104671596714432e-10,8.208607569723231e-07,-4.9890855494449206e-08,0.9999999999996618
190,405000000,190.405,indoor_world,differential_drive_robot,-3.5741685225951495e-06,-2.993451338640735e-08,-4.433823484413102e-07,-4.104671596714432e-10,8.208607569723231e-07,-4.9890855494449206e-08,0.9999999999996618
190,425000000,190.425,indoor_world,differential_drive_robot,-3.5741685225951495e-06,-2.993451338640735e-08,-4.433823484413102e-07,-4.104671596714432e-10,8.208607569723231e-07,-4.9890855494449206e-08,0.9999999999996618
190,445000000,190.445,indoor_world,differential_drive_robot,-3.5741685225951495e-06,-2.993451338640735e-08,-4.433823484413102e-07,-4.104671596714432e-10,8.208607569723231e-07,-4.9890855494449206e-08,0.9999999999996618
190,465000000,190.465,indoor_world,differential_drive_robot,-3.5741685225951495e-06,-2.993451338640735e-08,-4.433823484413102e-07,-4.104671596714432e-10,8.208607569723231e-07,-4.9890855494449206e-08,0.9999999999996618
190,485000000,190.485,indoor_world,differential_drive_robot,-3.5741685225951495e-06,-2.993451338640735e-08,-4.433823484413102e-07,-4.104671596714432e-10,8.208607569723231e-07,-4.9890855494449206e-08,0.9999999999996618
190,505000000,190.505,indoor_world,differential_drive_robot,-3.5741685225951495e-06,-2.993451338640735e-08,-4.433823484413102e-07,-4.104671596714432e-10,8.208607569723231e-07,-4.9890855494449206e-08,0.9999999999996618
190,525000000,190.525,indoor_world,differential_drive_robot,-3.5741685225951495e-06,-2.993451338640735e-08,-4.433823484413102e-07,-4.104671596714432e-10,8.208607569723231e-07,-4.9890855494449206e-08,0.9999999999996618
190,545000000,190.545,indoor_world,differential_drive_robot,-3.5741685225951495e-06,-2.993451338640735e-08,-4.433823484413102e-07,-4.104671596714432e-10,8.208607569723231e-07,-4.9890855494449206e-08,0.9999999999996618
190,565000000,190.565,indoor_world,differential_drive_robot,-3.5741685225951495e-06,-2.993451338640735e-08,-4.433823484413102e-07,-4.104671596714432e-10,8.208607569723231e-07,-4.9890855494449206e-08,0.9999999999996618
190,585000000,190.585,indoor_world,differential_drive_robot,-3.5741685225951495e-06,-2.993451338640735e-08,-4.433823484413102e-07,-4.104671596714432e-10,8.208607569723231e-07,-4.9890855494449206e-08,0.9999999999996618
190,605000000,190.605,indoor_world,differential_drive_robot,-3.5741685225951495e-06,-2.993451338640735e-08,-4.433823484413102e-07,-4.104671596714432e-10,8.208607569723231e-07,-4.9890855494449206e-08,0.9999999999996618
190,625000000,190.625,indoor_world,differential_drive_robot,-3.5741685225951495e-06,-2.993451338640735e-08,-4.433823484413102e-07,-4.104671596714432e-10,8.208607569723231e-07,-4.9890855494449206e-08,0.9999999999996618
190,645000000,190.645,indoor_world,differential_drive_robot,-3.5741685225951495e-06,-2.993451338640735e-08,-4.433823484413102e-07,-4.104671596714432e-10,8.208607569723231e-07,-4.9890855494449206e-08,0.9999999999996618
190,665000000,190.665,indoor_world,differential_drive_robot,-3.5741685225951495e-06,-2.993451338640735e-08,-4.433823484413102e-07,-4.104671596714432e-10,8.208607569723231e-07,-4.9890855494449206e-08,0.9999999999996618
190,685000000,190.685,indoor_world,differential_drive_robot,-3.5741685225951495e-06,-2.993451338640735e-08,-4.433823484413102e-07,-4.104671596714432e-10,8.208607569723231e-07,-4.9890855494449206e-08,0.9999999999996618
190,705000000,190.705,indoor_world,differential_drive_robot,-3.5741685225951495e-06,-2.993451338640735e-08,-4.433823484413102e-07,-4.104671596714432e-10,8.208607569723231e-07,-4.9890855494449206e-08,0.9999999999996618
190,725000000,190.725,indoor_world,differential_drive_robot,-3.5741685225951495e-06,-2.993451338640735e-08,-4.433823484413102e-07,-4.104671596714432e-10,8.208607569723231e-07,-4.9890855494449206e-08,0.9999999999996618
190,745000000,190.745,indoor_world,differential_drive_robot,-3.5741685225951495e-06,-2.993451338640735e-08,-4.433823484413102e-07,-4.104671596714432e-10,8.208607569723231e-07,-4.9890855494449206e-08,0.9999999999996618
190,765000000,190.765,indoor_world,differential_drive_robot,-3.5741685225951495e-06,-2.993451338640735e-08,-4.433823484413102e-07,-4.104671596714432e-10,8.208607569723231e-07,-4.9890855494449206e-08,0.9999999999996618
190,785000000,190.785,indoor_world,differential_drive_robot,-3.5741685225951495e-06,-2.993451338640735e-08,-4.433823484413102e-07,-4.104671596714432e-10,8.208607569723231e-07,-4.9890855494449206e-08,0.9999999999996618
190,805000000,190.805,indoor_world,differential_drive_robot,-3.5741685225951495e-06,-2.993451338640735e-08,-4.433823484413102e-07,-4.104671596714432e-10,8.208607569723231e-07,-4.9890855494449206e-08,0.9999999999996618
190,825000000,190.825,indoor_world,differential_drive_robot,-3.5741685225951495e-06,-2.993451338640735e-08,-4.433823484413102e-07,-4.104671596714432e-10,8.208607569723231e-07,-4.9890855494449206e-08,0.9999999999996618
190,845000000,190.845,indoor_world,differential_drive_robot,-3.5741685225951495e-06,-2.993451338640735e-08,-4.433823484413102e-07,-4.104671596714432e-10,8.208607569723231e-07,-4.9890855494449206e-08,0.9999999999996618
190,865000000,190.865,indoor_world,differential_drive_robot,-3.5741685225951495e-06,-2.993451338640735e-08,-4.433823484413102e-07,-4.104671596714432e-10,8.208607569723231e-07,-4.9890855494449206e-08,0.9999999999996618
190,885000000,190.885,indoor_world,differential_drive_robot,-3.5741685225951495e-06,-2.993451338640735e-08,-4.433823484413102e-07,-4.104671596714432e-10,8.208607569723231e-07,-4.9890855494449206e-08,0.9999999999996618
190,905000000,190.905,indoor_world,differential_drive_robot,-3.5741685225951495e-06,-2.993451338640735e-08,-4.433823484413102e-07,-4.104671596714432e-10,8.208607569723231e-07,-4.9890855494449206e-08,0.9999999999996618
190,925000000,190.925,indoor_world,differential_drive_robot,-3.5741685225951495e-06,-2.993451338640735e-08,-4.433823484413102e-07,-4.104671596714432e-10,8.208607569723231e-07,-4.9890855494449206e-08,0.9999999999996618
190,945000000,190.945,indoor_world,differential_drive_robot,-3.5741685225951495e-06,-2.993451338640735e-08,-4.433823484413102e-07,-4.104671596714432e-10,8.208607569723231e-07,-4.9890855494449206e-08,0.9999999999996618
190,965000000,190.965,indoor_world,differential_drive_robot,-3.5741685225951495e-06,-2.993451338640735e-08,-4.433823484413102e-07,-4.104671596714432e-10,8.208607569723231e-07,-4.9890855494449206e-08,0.9999999999996618
190,985000000,190.985,indoor_world,differential_drive_robot,-3.5741685225951495e-06,-2.993451338640735e-08,-4.433823484413102e-07,-4.104671596714432e-10,8.208607569723231e-07,-4.9890855494449206e-08,0.9999999999996618
191,5000000,191.005,indoor_world,differential_drive_robot,-3.5741685225951495e-06,-2.993451338640735e-08,-4.433823484413102e-07,-4.104671596714432e-10,8.208607569723231e-07,-4.9890855494449206e-08,0.9999999999996618
191,25000000,191.025,indoor_world,differential_drive_robot,-3.5741685225951495e-06,-2.993451338640735e-08,-4.433823484413102e-07,-4.104671596714432e-10,8.208607569723231e-07,-4.9890855494449206e-08,0.9999999999996618
191,45000000,191.045,indoor_world,differential_drive_robot,-3.5741685225951495e-06,-2.993451338640735e-08,-4.433823484413102e-07,-4.104671596714432e-10,8.208607569723231e-07,-4.9890855494449206e-08,0.9999999999996618
191,65000000,191.065,indoor_world,differential_drive_robot,-3.5741685225951495e-06,-2.993451338640735e-08,-4.433823484413102e-07,-4.104671596714432e-10,8.208607569723231e-07,-4.9890855494449206e-08,0.9999999999996618
191,85000000,191.085,indoor_world,differential_drive_robot,-3.5741685225951495e-06,-2.993451338640735e-08,-4.433823484413102e-07,-4.104671596714432e-10,8.208607569723231e-07,-4.9890855494449206e-08,0.9999999999996618
191,105000000,191.105,indoor_world,differential_drive_robot,-3.5741685225951495e-06,-2.993451338640735e-08,-4.433823484413102e-07,-4.104671596714432e-10,8.208607569723231e-07,-4.9890855494449206e-08,0.9999999999996618
191,125000000,191.125,indoor_world,differential_drive_robot,-3.5741685225951495e-06,-2.993451338640735e-08,-4.433823484413102e-07,-4.104671596714432e-10,8.208607569723231e-07,-4.9890855494449206e-08,0.9999999999996618
191,145000000,191.145,indoor_world,differential_drive_robot,-3.5741685225951495e-06,-2.993451338640735e-08,-4.433823484413102e-07,-4.104671596714432e-10,8.208607569723231e-07,-4.9890855494449206e-08,0.9999999999996618
191,165000000,191.165,indoor_world,differential_drive_robot,-3.5741685225951495e-06,-2.993451338640735e-08,-4.433823484413102e-07,-4.104671596714432e-10,8.208607569723231e-07,-4.9890855494449206e-08,0.9999999999996618
191,185000000,191.185,indoor_world,differential_drive_robot,-3.5741685225951495e-06,-2.993451338640735e-08,-4.433823484413102e-07,-4.104671596714432e-10,8.208607569723231e-07,-4.9890855494449206e-08,0.9999999999996618
191,205000000,191.205,indoor_world,differential_drive_robot,-3.5741685225951495e-06,-2.993451338640735e-08,-4.433823484413102e-07,-4.104671596714432e-10,8.208607569723231e-07,-4.9890855494449206e-08,0.9999999999996618
191,225000000,191.225,indoor_world,differential_drive_robot,-3.5741685225951495e-06,-2.993451338640735e-08,-4.433823484413102e-07,-4.104671596714432e-10,8.208607569723231e-07,-4.9890855494449206e-08,0.9999999999996618
191,245000000,191.245,indoor_world,differential_drive_robot,-3.5741685225951495e-06,-2.993451338640735e-08,-4.433823484413102e-07,-4.104671596714432e-10,8.208607569723231e-07,-4.9890855494449206e-08,0.9999999999996618
191,265000000,191.265,indoor_world,differential_drive_robot,-3.5741685225951495e-06,-2.993451338640735e-08,-4.433823484413102e-07,-4.104671596714432e-10,8.208607569723231e-07,-4.9890855494449206e-08,0.9999999999996618
191,285000000,191.285,indoor_world,differential_drive_robot,-3.5741685225951495e-06,-2.993451338640735e-08,-4.433823484413102e-07,-4.104671596714432e-10,8.208607569723231e-07,-4.9890855494449206e-08,0.9999999999996618
191,305000000,191.305,indoor_world,differential_drive_robot,-3.5741685225951495e-06,-2.993451338640735e-08,-4.433823484413102e-07,-4.104671596714432e-10,8.208607569723231e-07,-4.9890855494449206e-08,0.9999999999996618
191,325000000,191.325,indoor_world,differential_drive_robot,-3.5741685225951495e-06,-2.993451338640735e-08,-4.433823484413102e-07,-4.104671596714432e-10,8.208607569723231e-07,-4.9890855494449206e-08,0.9999999999996618
191,345000000,191.345,indoor_world,differential_drive_robot,-3.5741685225951495e-06,-2.993451338640735e-08,-4.433823484413102e-07,-4.104671596714432e-10,8.208607569723231e-07,-4.9890855494449206e-08,0.9999999999996618
191,365000000,191.365,indoor_world,differential_drive_robot,-3.5741685225951495e-06,-2.993451338640735e-08,-4.433823484413102e-07,-4.104671596714432e-10,8.208607569723231e-07,-4.9890855494449206e-08,0.9999999999996618
191,385000000,191.385,indoor_world,differential_drive_robot,-3.5741685225951495e-06,-2.993451338640735e-08,-4.433823484413102e-07,-4.104671596714432e-10,8.208607569723231e-07,-4.9890855494449206e-08,0.9999999999996618
191,405000000,191.405,indoor_world,differential_drive_robot,-3.5741685225951495e-06,-2.993451338640735e-08,-4.433823484413102e-07,-4.104671596714432e-10,8.208607569723231e-07,-4.9890855494449206e-08,0.9999999999996618
191,425000000,191.425,indoor_world,differential_drive_robot,-3.5741685225951495e-06,-2.993451338640735e-08,-4.433823484413102e-07,-4.104671596714432e-10,8.208607569723231e-07,-4.9890855494449206e-08,0.9999999999996618
191,445000000,191.445,indoor_world,differential_drive_robot,-3.5741685225951495e-06,-2.993451338640735e-08,-4.433823484413102e-07,-4.104671596714432e-10,8.208607569723231e-07,-4.9890855494449206e-08,0.9999999999996618
191,465000000,191.465,indoor_world,differential_drive_robot,-3.5741685225951495e-06,-2.993451338640735e-08,-4.433823484413102e-07,-4.104671596714432e-10,8.208607569723231e-07,-4.9890855494449206e-08,0.9999999999996618
191,485000000,191.485,indoor_world,differential_drive_robot,-3.5741685225951495e-06,-2.993451338640735e-08,-4.433823484413102e-07,-4.104671596714432e-10,8.208607569723231e-07,-4.9890855494449206e-08,0.9999999999996618
191,505000000,191.505,indoor_world,differential_drive_robot,-3.5741685225951495e-06,-2.993451338640735e-08,-4.433823484413102e-07,-4.104671596714432e-10,8.208607569723231e-07,-4.9890855494449206e-08,0.9999999999996618
191,525000000,191.525,indoor_world,differential_drive_robot,-3.5741685225951495e-06,-2.993451338640735e-08,-4.433823484413102e-07,-4.104671596714432e-10,8.208607569723231e-07,-4.9890855494449206e-08,0.9999999999996618
191,545000000,191.545,indoor_world,differential_drive_robot,-3.5741685225951495e-06,-2.993451338640735e-08,-4.433823484413102e-07,-4.104671596714432e-10,8.208607569723231e-07,-4.9890855494449206e-08,0.9999999999996618
191,565000000,191.565,indoor_world,differential_drive_robot,-3.5741685225951495e-06,-2.993451338640735e-08,-4.433823484413102e-07,-4.104671596714432e-10,8.208607569723231e-07,-4.9890855494449206e-08,0.9999999999996618
191,585000000,191.585,indoor_world,differential_drive_robot,-3.5741685225951495e-06,-2.993451338640735e-08,-4.433823484413102e-07,-4.104671596714432e-10,8.208607569723231e-07,-4.9890855494449206e-08,0.9999999999996618
191,605000000,191.605,indoor_world,differential_drive_robot,-3.5741685225951495e-06,-2.993451338640735e-08,-4.433823484413102e-07,-4.104671596714432e-10,8.208607569723231e-07,-4.9890855494449206e-08,0.9999999999996618
191,625000000,191.625,indoor_world,differential_drive_robot,-3.5741685225951495e-06,-2.993451338640735e-08,-4.433823484413102e-07,-4.104671596714432e-10,8.208607569723231e-07,-4.9890855494449206e-08,0.9999999999996618
191,645000000,191.645,indoor_world,differential_drive_robot,-3.5741685225951495e-06,-2.993451338640735e-08,-4.433823484413102e-07,-4.104671596714432e-10,8.208607569723231e-07,-4.9890855494449206e-08,0.9999999999996618
191,665000000,191.665,indoor_world,differential_drive_robot,-3.5741685225951495e-06,-2.993451338640735e-08,-4.433823484413102e-07,-4.104671596714432e-10,8.208607569723231e-07,-4.9890855494449206e-08,0.9999999999996618
191,685000000,191.685,indoor_world,differential_drive_robot,-3.5741685225951495e-06,-2.993451338640735e-08,-4.433823484413102e-07,-4.104671596714432e-10,8.208607569723231e-07,-4.9890855494449206e-08,0.9999999999996618
191,705000000,191.705,indoor_world,differential_drive_robot,-3.5741685225951495e-06,-2.993451338640735e-08,-4.433823484413102e-07,-4.104671596714432e-10,8.208607569723231e-07,-4.9890855494449206e-08,0.9999999999996618
191,725000000,191.725,indoor_world,differential_drive_robot,-3.5741685225951495e-06,-2.993451338640735e-08,-4.433823484413102e-07,-4.104671596714432e-10,8.208607569723231e-07,-4.9890855494449206e-08,0.9999999999996618
191,745000000,191.745,indoor_world,differential_drive_robot,-3.5741685225951495e-06,-2.993451338640735e-08,-4.433823484413102e-07,-4.104671596714432e-10,8.208607569723231e-07,-4.9890855494449206e-08,0.9999999999996618
191,765000000,191.765,indoor_world,differential_drive_robot,-3.5741685225951495e-06,-2.993451338640735e-08,-4.433823484413102e-07,-4.104671596714432e-10,8.208607569723231e-07,-4.9890855494449206e-08,0.9999999999996618
191,785000000,191.785,indoor_world,differential_drive_robot,-3.5741685225951495e-06,-2.993451338640735e-08,-4.433823484413102e-07,-4.104671596714432e-10,8.208607569723231e-07,-4.9890855494449206e-08,0.9999999999996618
191,805000000,191.805,indoor_world,differential_drive_robot,-3.5741685225951495e-06,-2.993451338640735e-08,-4.433823484413102e-07,-4.104671596714432e-10,8.208607569723231e-07,-4.9890855494449206e-08,0.9999999999996618
191,825000000,191.825,indoor_world,differential_drive_robot,-3.5741685225951495e-06,-2.993451338640735e-08,-4.433823484413102e-07,-4.104671596714432e-10,8.208607569723231e-07,-4.9890855494449206e-08,0.9999999999996618
191,845000000,191.845,indoor_world,differential_drive_robot,-3.5741685225951495e-06,-2.993451338640735e-08,-4.433823484413102e-07,-4.104671596714432e-10,8.208607569723231e-07,-4.9890855494449206e-08,0.9999999999996618
191,865000000,191.865,indoor_world,differential_drive_robot,-3.5741685225951495e-06,-2.993451338640735e-08,-4.433823484413102e-07,-4.104671596714432e-10,8.208607569723231e-07,-4.9890855494449206e-08,0.9999999999996618
191,885000000,191.885,indoor_world,differential_drive_robot,-3.5741685225951495e-06,-2.993451338640735e-08,-4.433823484413102e-07,-4.104671596714432e-10,8.208607569723231e-07,-4.9890855494449206e-08,0.9999999999996618
191,905000000,191.905,indoor_world,differential_drive_robot,-3.5741685225951495e-06,-2.993451338640735e-08,-4.433823484413102e-07,-4.104671596714432e-10,8.208607569723231e-07,-4.9890855494449206e-08,0.9999999999996618
191,925000000,191.925,indoor_world,differential_drive_robot,-3.5741685225951495e-06,-2.993451338640735e-08,-4.433823484413102e-07,-4.104671596714432e-10,8.208607569723231e-07,-4.9890855494449206e-08,0.9999999999996618
191,945000000,191.945,indoor_world,differential_drive_robot,-3.5741685225951495e-06,-2.993451338640735e-08,-4.433823484413102e-07,-4.104671596714432e-10,8.208607569723231e-07,-4.9890855494449206e-08,0.9999999999996618
191,965000000,191.965,indoor_world,differential_drive_robot,-3.5741685225951495e-06,-2.993451338640735e-08,-4.433823484413102e-07,-4.104671596714432e-10,8.208607569723231e-07,-4.9890855494449206e-08,0.9999999999996618
191,985000000,191.985,indoor_world,differential_drive_robot,-3.5741685225951495e-06,-2.993451338640735e-08,-4.433823484413102e-07,-4.104671596714432e-10,8.208607569723231e-07,-4.9890855494449206e-08,0.9999999999996618
192,5000000,192.005,indoor_world,differential_drive_robot,-3.5741685225951495e-06,-2.993451338640735e-08,-4.433823484413102e-07,-4.104671596714432e-10,8.208607569723231e-07,-4.9890855494449206e-08,0.9999999999996618
192,25000000,192.025,indoor_world,differential_drive_robot,-3.5741685225951495e-06,-2.993451338640735e-08,-4.433823484413102e-07,-4.104671596714432e-10,8.208607569723231e-07,-4.9890855494449206e-08,0.9999999999996618
192,45000000,192.045,indoor_world,differential_drive_robot,-3.5741685225951495e-06,-2.993451338640735e-08,-4.433823484413102e-07,-4.104671596714432e-10,8.208607569723231e-07,-4.9890855494449206e-08,0.9999999999996618
192,65000000,192.065,indoor_world,differential_drive_robot,-3.5741685225951495e-06,-2.993451338640735e-08,-4.433823484413102e-07,-4.104671596714432e-10,8.208607569723231e-07,-4.9890855494449206e-08,0.9999999999996618
192,85000000,192.085,indoor_world,differential_drive_robot,-3.5741685225951495e-06,-2.993451338640735e-08,-4.433823484413102e-07,-4.104671596714432e-10,8.208607569723231e-07,-4.9890855494449206e-08,0.9999999999996618
192,105000000,192.105,indoor_world,differential_drive_robot,-3.5741685225951495e-06,-2.993451338640735e-08,-4.433823484413102e-07,-4.104671596714432e-10,8.208607569723231e-07,-4.9890855494449206e-08,0.9999999999996618
192,125000000,192.125,indoor_world,differential_drive_robot,-3.5741685225951495e-06,-2.993451338640735e-08,-4.433823484413102e-07,-4.104671596714432e-10,8.208607569723231e-07,-4.9890855494449206e-08,0.9999999999996618
192,145000000,192.145,indoor_world,differential_drive_robot,-3.5741685225951495e-06,-2.993451338640735e-08,-4.433823484413102e-07,-4.104671596714432e-10,8.208607569723231e-07,-4.9890855494449206e-08,0.9999999999996618
192,165000000,192.165,indoor_world,differential_drive_robot,-3.5741685225951495e-06,-2.993451338640735e-08,-4.433823484413102e-07,-4.104671596714432e-10,8.208607569723231e-07,-4.9890855494449206e-08,0.9999999999996618
192,185000000,192.185,indoor_world,differential_drive_robot,-3.5741685225951495e-06,-2.993451338640735e-08,-4.433823484413102e-07,-4.104671596714432e-10,8.208607569723231e-07,-4.9890855494449206e-08,0.9999999999996618
192,205000000,192.205,indoor_world,differential_drive_robot,-3.5741685225951495e-06,-2.993451338640735e-08,-4.433823484413102e-07,-4.104671596714432e-10,8.208607569723231e-07,-4.9890855494449206e-08,0.9999999999996618
192,225000000,192.225,indoor_world,differential_drive_robot,-3.5741685225951495e-06,-2.993451338640735e-08,-4.433823484413102e-07,-4.104671596714432e-10,8.208607569723231e-07,-4.9890855494449206e-08,0.9999999999996618
192,245000000,192.245,indoor_world,differential_drive_robot,-3.5741685225951495e-06,-2.993451338640735e-08,-4.433823484413102e-07,-4.104671596714432e-10,8.208607569723231e-07,-4.9890855494449206e-08,0.9999999999996618
192,265000000,192.265,indoor_world,differential_drive_robot,-3.5741685225951495e-06,-2.993451338640735e-08,-4.433823484413102e-07,-4.104671596714432e-10,8.208607569723231e-07,-4.9890855494449206e-08,0.9999999999996618
192,285000000,192.285,indoor_world,differential_drive_robot,-3.5741685225951495e-06,-2.993451338640735e-08,-4.433823484413102e-07,-4.104671596714432e-10,8.208607569723231e-07,-4.9890855494449206e-08,0.9999999999996618
192,305000000,192.305,indoor_world,differential_drive_robot,-3.5741685225951495e-06,-2.993451338640735e-08,-4.433823484413102e-07,-4.104671596714432e-10,8.208607569723231e-07,-4.9890855494449206e-08,0.9999999999996618
192,325000000,192.325,indoor_world,differential_drive_robot,-3.5741685225951495e-06,-2.993451338640735e-08,-4.433823484413102e-07,-4.104671596714432e-10,8.208607569723231e-07,-4.9890855494449206e-08,0.9999999999996618
192,345000000,192.345,indoor_world,differential_drive_robot,-3.5741685225951495e-06,-2.993451338640735e-08,-4.433823484413102e-07,-4.104671596714432e-10,8.208607569723231e-07,-4.9890855494449206e-08,0.9999999999996618
192,365000000,192.365,indoor_world,differential_drive_robot,-3.5741685225951495e-06,-2.993451338640735e-08,-4.433823484413102e-07,-4.104671596714432e-10,8.208607569723231e-07,-4.9890855494449206e-08,0.9999999999996618
192,385000000,192.385,indoor_world,differential_drive_robot,-3.5741685225951495e-06,-2.993451338640735e-08,-4.433823484413102e-07,-4.104671596714432e-10,8.208607569723231e-07,-4.9890855494449206e-08,0.9999999999996618
192,405000000,192.405,indoor_world,differential_drive_robot,-3.5741685225951495e-06,-2.993451338640735e-08,-4.433823484413102e-07,-4.104671596714432e-10,8.208607569723231e-07,-4.9890855494449206e-08,0.9999999999996618
192,425000000,192.425,indoor_world,differential_drive_robot,-3.5741685225951495e-06,-2.993451338640735e-08,-4.433823484413102e-07,-4.104671596714432e-10,8.208607569723231e-07,-4.9890855494449206e-08,0.9999999999996618
192,445000000,192.445,indoor_world,differential_drive_robot,-3.5741685225951495e-06,-2.993451338640735e-08,-4.433823484413102e-07,-4.104671596714432e-10,8.208607569723231e-07,-4.9890855494449206e-08,0.9999999999996618
192,465000000,192.465,indoor_world,differential_drive_robot,-3.5741685225951495e-06,-2.993451338640735e-08,-4.433823484413102e-07,-4.104671596714432e-10,8.208607569723231e-07,-4.9890855494449206e-08,0.9999999999996618
192,485000000,192.485,indoor_world,differential_drive_robot,-3.5741685225951495e-06,-2.993451338640735e-08,-4.433823484413102e-07,-4.104671596714432e-10,8.208607569723231e-07,-4.9890855494449206e-08,0.9999999999996618
192,505000000,192.505,indoor_world,differential_drive_robot,-3.5741685225951495e-06,-2.993451338640735e-08,-4.433823484413102e-07,-4.104671596714432e-10,8.208607569723231e-07,-4.9890855494449206e-08,0.9999999999996618
192,525000000,192.525,indoor_world,differential_drive_robot,-3.5741685225951495e-06,-2.993451338640735e-08,-4.433823484413102e-07,-4.104671596714432e-10,8.208607569723231e-07,-4.9890855494449206e-08,0.9999999999996618
192,545000000,192.545,indoor_world,differential_drive_robot,-3.5741685225951495e-06,-2.993451338640735e-08,-4.433823484413102e-07,-4.104671596714432e-10,8.208607569723231e-07,-4.9890855494449206e-08,0.9999999999996618
192,565000000,192.565,indoor_world,differential_drive_robot,-3.5741685225951495e-06,-2.993451338640735e-08,-4.433823484413102e-07,-4.104671596714432e-10,8.208607569723231e-07,-4.9890855494449206e-08,0.9999999999996618
192,585000000,192.585,indoor_world,differential_drive_robot,-3.5741685225951495e-06,-2.993451338640735e-08,-4.433823484413102e-07,-4.104671596714432e-10,8.208607569723231e-07,-4.9890855494449206e-08,0.9999999999996618
192,605000000,192.605,indoor_world,differential_drive_robot,-3.5741685225951495e-06,-2.993451338640735e-08,-4.433823484413102e-07,-4.104671596714432e-10,8.208607569723231e-07,-4.9890855494449206e-08,0.9999999999996618
192,625000000,192.625,indoor_world,differential_drive_robot,-3.5741685225951495e-06,-2.993451338640735e-08,-4.433823484413102e-07,-4.104671596714432e-10,8.208607569723231e-07,-4.9890855494449206e-08,0.9999999999996618
192,645000000,192.645,indoor_world,differential_drive_robot,-3.5741685225951495e-06,-2.993451338640735e-08,-4.433823484413102e-07,-4.104671596714432e-10,8.208607569723231e-07,-4.9890855494449206e-08,0.9999999999996618
192,665000000,192.665,indoor_world,differential_drive_robot,-3.5741685225951495e-06,-2.993451338640735e-08,-4.433823484413102e-07,-4.104671596714432e-10,8.208607569723231e-07,-4.9890855494449206e-08,0.9999999999996618
192,685000000,192.685,indoor_world,differential_drive_robot,-3.5741685225951495e-06,-2.993451338640735e-08,-4.433823484413102e-07,-4.104671596714432e-10,8.208607569723231e-07,-4.9890855494449206e-08,0.9999999999996618
192,705000000,192.705,indoor_world,differential_drive_robot,-3.5741685225951495e-06,-2.993451338640735e-08,-4.433823484413102e-07,-4.104671596714432e-10,8.208607569723231e-07,-4.9890855494449206e-08,0.9999999999996618
192,725000000,192.725,indoor_world,differential_drive_robot,-3.5741685225951495e-06,-2.993451338640735e-08,-4.433823484413102e-07,-4.104671596714432e-10,8.208607569723231e-07,-4.9890855494449206e-08,0.9999999999996618
192,745000000,192.745,indoor_world,differential_drive_robot,-3.5741685225951495e-06,-2.993451338640735e-08,-4.433823484413102e-07,-4.104671596714432e-10,8.208607569723231e-07,-4.9890855494449206e-08,0.9999999999996618
192,765000000,192.765,indoor_world,differential_drive_robot,-3.5741685225951495e-06,-2.993451338640735e-08,-4.433823484413102e-07,-4.104671596714432e-10,8.208607569723231e-07,-4.9890855494449206e-08,0.9999999999996618
192,785000000,192.785,indoor_world,differential_drive_robot,-3.5741685225951495e-06,-2.993451338640735e-08,-4.433823484413102e-07,-4.104671596714432e-10,8.208607569723231e-07,-4.9890855494449206e-08,0.9999999999996618
192,805000000,192.805,indoor_world,differential_drive_robot,-3.5741685225951495e-06,-2.993451338640735e-08,-4.433823484413102e-07,-4.104671596714432e-10,8.208607569723231e-07,-4.9890855494449206e-08,0.9999999999996618
192,825000000,192.825,indoor_world,differential_drive_robot,-3.5741685225951495e-06,-2.993451338640735e-08,-4.433823484413102e-07,-4.104671596714432e-10,8.208607569723231e-07,-4.9890855494449206e-08,0.9999999999996618
192,845000000,192.845,indoor_world,differential_drive_robot,-3.5741685225951495e-06,-2.993451338640735e-08,-4.433823484413102e-07,-4.104671596714432e-10,8.208607569723231e-07,-4.9890855494449206e-08,0.9999999999996618
192,865000000,192.865,indoor_world,differential_drive_robot,-3.5741685225951495e-06,-2.993451338640735e-08,-4.433823484413102e-07,-4.104671596714432e-10,8.208607569723231e-07,-4.9890855494449206e-08,0.9999999999996618
192,885000000,192.885,indoor_world,differential_drive_robot,-3.5741685225951495e-06,-2.993451338640735e-08,-4.433823484413102e-07,-4.104671596714432e-10,8.208607569723231e-07,-4.9890855494449206e-08,0.9999999999996618
192,905000000,192.905,indoor_world,differential_drive_robot,-3.5741685225951495e-06,-2.993451338640735e-08,-4.433823484413102e-07,-4.104671596714432e-10,8.208607569723231e-07,-4.9890855494449206e-08,0.9999999999996618
192,925000000,192.925,indoor_world,differential_drive_robot,-3.5741685225951495e-06,-2.993451338640735e-08,-4.433823484413102e-07,-4.104671596714432e-10,8.208607569723231e-07,-4.9890855494449206e-08,0.9999999999996618
192,945000000,192.945,indoor_world,differential_drive_robot,-3.5741685225951495e-06,-2.993451338640735e-08,-4.433823484413102e-07,-4.104671596714432e-10,8.208607569723231e-07,-4.9890855494449206e-08,0.9999999999996618
192,965000000,192.965,indoor_world,differential_drive_robot,-3.5741685225951495e-06,-2.993451338640735e-08,-4.433823484413102e-07,-4.104671596714432e-10,8.208607569723231e-07,-4.9890855494449206e-08,0.9999999999996618
192,985000000,192.985,indoor_world,differential_drive_robot,-3.5741685225951495e-06,-2.993451338640735e-08,-4.433823484413102e-07,-4.104671596714432e-10,8.208607569723231e-07,-4.9890855494449206e-08,0.9999999999996618
193,5000000,193.005,indoor_world,differential_drive_robot,-3.5741685225951495e-06,-2.993451338640735e-08,-4.433823484413102e-07,-4.104671596714432e-10,8.208607569723231e-07,-4.9890855494449206e-08,0.9999999999996618
193,25000000,193.025,indoor_world,differential_drive_robot,-3.5741685225951495e-06,-2.993451338640735e-08,-4.433823484413102e-07,-4.104671596714432e-10,8.208607569723231e-07,-4.9890855494449206e-08,0.9999999999996618
193,45000000,193.045,indoor_world,differential_drive_robot,-3.5741685225951495e-06,-2.993451338640735e-08,-4.433823484413102e-07,-4.104671596714432e-10,8.208607569723231e-07,-4.9890855494449206e-08,0.9999999999996618
193,65000000,193.065,indoor_world,differential_drive_robot,-3.5741685225951495e-06,-2.993451338640735e-08,-4.433823484413102e-07,-4.104671596714432e-10,8.208607569723231e-07,-4.9890855494449206e-08,0.9999999999996618
193,85000000,193.085,indoor_world,differential_drive_robot,-3.5741685225951495e-06,-2.993451338640735e-08,-4.433823484413102e-07,-4.104671596714432e-10,8.208607569723231e-07,-4.9890855494449206e-08,0.9999999999996618
193,105000000,193.105,indoor_world,differential_drive_robot,-3.5741685225951495e-06,-2.993451338640735e-08,-4.433823484413102e-07,-4.104671596714432e-10,8.208607569723231e-07,-4.9890855494449206e-08,0.9999999999996618
193,125000000,193.125,indoor_world,differential_drive_robot,-3.5741685225951495e-06,-2.993451338640735e-08,-4.433823484413102e-07,-4.104671596714432e-10,8.208607569723231e-07,-4.9890855494449206e-08,0.9999999999996618
193,145000000,193.145,indoor_world,differential_drive_robot,-3.5741685225951495e-06,-2.993451338640735e-08,-4.433823484413102e-07,-4.104671596714432e-10,8.208607569723231e-07,-4.9890855494449206e-08,0.9999999999996618
193,165000000,193.165,indoor_world,differential_drive_robot,-3.5741685225951495e-06,-2.993451338640735e-08,-4.433823484413102e-07,-4.104671596714432e-10,8.208607569723231e-07,-4.9890855494449206e-08,0.9999999999996618
193,185000000,193.185,indoor_world,differential_drive_robot,-3.5741685225951495e-06,-2.993451338640735e-08,-4.433823484413102e-07,-4.104671596714432e-10,8.208607569723231e-07,-4.9890855494449206e-08,0.9999999999996618
193,205000000,193.205,indoor_world,differential_drive_robot,-3.5741685225951495e-06,-2.993451338640735e-08,-4.433823484413102e-07,-4.104671596714432e-10,8.208607569723231e-07,-4.9890855494449206e-08,0.9999999999996618
193,225000000,193.225,indoor_world,differential_drive_robot,-3.5741685225951495e-06,-2.993451338640735e-08,-4.433823484413102e-07,-4.104671596714432e-10,8.208607569723231e-07,-4.9890855494449206e-08,0.9999999999996618
193,245000000,193.245,indoor_world,differential_drive_robot,-3.5741685225951495e-06,-2.993451338640735e-08,-4.433823484413102e-07,-4.104671596714432e-10,8.208607569723231e-07,-4.9890855494449206e-08,0.9999999999996618
193,265000000,193.265,indoor_world,differential_drive_robot,-3.5741685225951495e-06,-2.993451338640735e-08,-4.433823484413102e-07,-4.104671596714432e-10,8.208607569723231e-07,-4.9890855494449206e-08,0.9999999999996618
193,285000000,193.285,indoor_world,differential_drive_robot,-3.5741685225951495e-06,-2.993451338640735e-08,-4.433823484413102e-07,-4.104671596714432e-10,8.208607569723231e-07,-4.9890855494449206e-08,0.9999999999996618
193,305000000,193.305,indoor_world,differential_drive_robot,-3.5741685225951495e-06,-2.993451338640735e-08,-4.433823484413102e-07,-4.104671596714432e-10,8.208607569723231e-07,-4.9890855494449206e-08,0.9999999999996618
193,325000000,193.325,indoor_world,differential_drive_robot,-3.5741685225951495e-06,-2.993451338640735e-08,-4.433823484413102e-07,-4.104671596714432e-10,8.208607569723231e-07,-4.9890855494449206e-08,0.9999999999996618
193,345000000,193.345,indoor_world,differential_drive_robot,-3.5741685225951495e-06,-2.993451338640735e-08,-4.433823484413102e-07,-4.104671596714432e-10,8.208607569723231e-07,-4.9890855494449206e-08,0.9999999999996618
193,365000000,193.365,indoor_world,differential_drive_robot,-3.5741685225951495e-06,-2.993451338640735e-08,-4.433823484413102e-07,-4.104671596714432e-10,8.208607569723231e-07,-4.9890855494449206e-08,0.9999999999996618
193,385000000,193.385,indoor_world,differential_drive_robot,-3.5741685225951495e-06,-2.993451338640735e-08,-4.433823484413102e-07,-4.104671596714432e-10,8.208607569723231e-07,-4.9890855494449206e-08,0.9999999999996618
193,405000000,193.405,indoor_world,differential_drive_robot,-3.5741685225951495e-06,-2.993451338640735e-08,-4.433823484413102e-07,-4.104671596714432e-10,8.208607569723231e-07,-4.9890855494449206e-08,0.9999999999996618
193,425000000,193.425,indoor_world,differential_drive_robot,-3.5741685225951495e-06,-2.993451338640735e-08,-4.433823484413102e-07,-4.104671596714432e-10,8.208607569723231e-07,-4.9890855494449206e-08,0.9999999999996618
193,445000000,193.445,indoor_world,differential_drive_robot,-3.5741685225951495e-06,-2.993451338640735e-08,-4.433823484413102e-07,-4.104671596714432e-10,8.208607569723231e-07,-4.9890855494449206e-08,0.9999999999996618
193,465000000,193.465,indoor_world,differential_drive_robot,-3.5741685225951495e-06,-2.993451338640735e-08,-4.433823484413102e-07,-4.104671596714432e-10,8.208607569723231e-07,-4.9890855494449206e-08,0.9999999999996618
193,485000000,193.485,indoor_world,differential_drive_robot,-3.5741685225951495e-06,-2.993451338640735e-08,-4.433823484413102e-07,-4.104671596714432e-10,8.208607569723231e-07,-4.9890855494449206e-08,0.9999999999996618
193,505000000,193.505,indoor_world,differential_drive_robot,-3.5741685225951495e-06,-2.993451338640735e-08,-4.433823484413102e-07,-4.104671596714432e-10,8.208607569723231e-07,-4.9890855494449206e-08,0.9999999999996618
193,525000000,193.525,indoor_world,differential_drive_robot,-3.5741685225951495e-06,-2.993451338640735e-08,-4.433823484413102e-07,-4.104671596714432e-10,8.208607569723231e-07,-4.9890855494449206e-08,0.9999999999996618
193,545000000,193.545,indoor_world,differential_drive_robot,-3.5741685225951495e-06,-2.993451338640735e-08,-4.433823484413102e-07,-4.104671596714432e-10,8.208607569723231e-07,-4.9890855494449206e-08,0.9999999999996618
193,565000000,193.565,indoor_world,differential_drive_robot,-3.5741685225951495e-06,-2.993451338640735e-08,-4.433823484413102e-07,-4.104671596714432e-10,8.208607569723231e-07,-4.9890855494449206e-08,0.9999999999996618
193,585000000,193.585,indoor_world,differential_drive_robot,-3.5741685225951495e-06,-2.993451338640735e-08,-4.433823484413102e-07,-4.104671596714432e-10,8.208607569723231e-07,-4.9890855494449206e-08,0.9999999999996618
193,605000000,193.605,indoor_world,differential_drive_robot,-3.5741685225951495e-06,-2.993451338640735e-08,-4.433823484413102e-07,-4.104671596714432e-10,8.208607569723231e-07,-4.9890855494449206e-08,0.9999999999996618
193,625000000,193.625,indoor_world,differential_drive_robot,-3.5741685225951495e-06,-2.993451338640735e-08,-4.433823484413102e-07,-4.104671596714432e-10,8.208607569723231e-07,-4.9890855494449206e-08,0.9999999999996618
193,645000000,193.645,indoor_world,differential_drive_robot,-3.5741685225951495e-06,-2.993451338640735e-08,-4.433823484413102e-07,-4.104671596714432e-10,8.208607569723231e-07,-4.9890855494449206e-08,0.9999999999996618
193,665000000,193.665,indoor_world,differential_drive_robot,-3.5741685225951495e-06,-2.993451338640735e-08,-4.433823484413102e-07,-4.104671596714432e-10,8.208607569723231e-07,-4.9890855494449206e-08,0.9999999999996618
193,685000000,193.685,indoor_world,differential_drive_robot,-3.5741685225951495e-06,-2.993451338640735e-08,-4.433823484413102e-07,-4.104671596714432e-10,8.208607569723231e-07,-4.9890855494449206e-08,0.9999999999996618
193,705000000,193.705,indoor_world,differential_drive_robot,-3.5741685225951495e-06,-2.993451338640735e-08,-4.433823484413102e-07,-4.104671596714432e-10,8.208607569723231e-07,-4.9890855494449206e-08,0.9999999999996618
193,725000000,193.725,indoor_world,differential_drive_robot,-3.5741685225951495e-06,-2.993451338640735e-08,-4.433823484413102e-07,-4.104671596714432e-10,8.208607569723231e-07,-4.9890855494449206e-08,0.9999999999996618
193,745000000,193.745,indoor_world,differential_drive_robot,-3.5741685225951495e-06,-2.993451338640735e-08,-4.433823484413102e-07,-4.104671596714432e-10,8.208607569723231e-07,-4.9890855494449206e-08,0.9999999999996618
193,765000000,193.765,indoor_world,differential_drive_robot,-3.5741685225951495e-06,-2.993451338640735e-08,-4.433823484413102e-07,-4.104671596714432e-10,8.208607569723231e-07,-4.9890855494449206e-08,0.9999999999996618
193,785000000,193.785,indoor_world,differential_drive_robot,-3.5741685225951495e-06,-2.993451338640735e-08,-4.433823484413102e-07,-4.104671596714432e-10,8.208607569723231e-07,-4.9890855494449206e-08,0.9999999999996618
193,805000000,193.805,indoor_world,differential_drive_robot,-3.5741685225951495e-06,-2.993451338640735e-08,-4.433823484413102e-07,-4.104671596714432e-10,8.208607569723231e-07,-4.9890855494449206e-08,0.9999999999996618
193,825000000,193.825,indoor_world,differential_drive_robot,-3.5741685225951495e-06,-2.993451338640735e-08,-4.433823484413102e-07,-4.104671596714432e-10,8.208607569723231e-07,-4.9890855494449206e-08,0.9999999999996618
193,845000000,193.845,indoor_world,differential_drive_robot,-3.5741685225951495e-06,-2.993451338640735e-08,-4.433823484413102e-07,-4.104671596714432e-10,8.208607569723231e-07,-4.9890855494449206e-08,0.9999999999996618
193,865000000,193.865,indoor_world,differential_drive_robot,-3.5741685225951495e-06,-2.993451338640735e-08,-4.433823484413102e-07,-4.104671596714432e-10,8.208607569723231e-07,-4.9890855494449206e-08,0.9999999999996618
193,885000000,193.885,indoor_world,differential_drive_robot,-3.5741685225951495e-06,-2.993451338640735e-08,-4.433823484413102e-07,-4.104671596714432e-10,8.208607569723231e-07,-4.9890855494449206e-08,0.9999999999996618
193,905000000,193.905,indoor_world,differential_drive_robot,-3.5741685225951495e-06,-2.993451338640735e-08,-4.433823484413102e-07,-4.104671596714432e-10,8.208607569723231e-07,-4.9890855494449206e-08,0.9999999999996618
193,925000000,193.925,indoor_world,differential_drive_robot,-3.5741685225951495e-06,-2.993451338640735e-08,-4.433823484413102e-07,-4.104671596714432e-10,8.208607569723231e-07,-4.9890855494449206e-08,0.9999999999996618
193,945000000,193.945,indoor_world,differential_drive_robot,-3.5741685225951495e-06,-2.993451338640735e-08,-4.433823484413102e-07,-4.104671596714432e-10,8.208607569723231e-07,-4.9890855494449206e-08,0.9999999999996618
193,965000000,193.965,indoor_world,differential_drive_robot,-3.5741685225951495e-06,-2.993451338640735e-08,-4.433823484413102e-07,-4.104671596714432e-10,8.208607569723231e-07,-4.9890855494449206e-08,0.9999999999996618
193,985000000,193.985,indoor_world,differential_drive_robot,-3.5741685225951495e-06,-2.993451338640735e-08,-4.433823484413102e-07,-4.104671596714432e-10,8.208607569723231e-07,-4.9890855494449206e-08,0.9999999999996618
194,5000000,194.005,indoor_world,differential_drive_robot,-3.5741685225951495e-06,-2.993451338640735e-08,-4.433823484413102e-07,-4.104671596714432e-10,8.208607569723231e-07,-4.9890855494449206e-08,0.9999999999996618
194,25000000,194.025,indoor_world,differential_drive_robot,-3.5741685225951495e-06,-2.993451338640735e-08,-4.433823484413102e-07,-4.104671596714432e-10,8.208607569723231e-07,-4.9890855494449206e-08,0.9999999999996618
194,45000000,194.045,indoor_world,differential_drive_robot,-3.5741685225951495e-06,-2.993451338640735e-08,-4.433823484413102e-07,-4.104671596714432e-10,8.208607569723231e-07,-4.9890855494449206e-08,0.9999999999996618
194,65000000,194.065,indoor_world,differential_drive_robot,-3.5741685225951495e-06,-2.993451338640735e-08,-4.433823484413102e-07,-4.104671596714432e-10,8.208607569723231e-07,-4.9890855494449206e-08,0.9999999999996618
194,85000000,194.085,indoor_world,differential_drive_robot,-3.5741685225951495e-06,-2.993451338640735e-08,-4.433823484413102e-07,-4.104671596714432e-10,8.208607569723231e-07,-4.9890855494449206e-08,0.9999999999996618
194,105000000,194.105,indoor_world,differential_drive_robot,-3.5741685225951495e-06,-2.993451338640735e-08,-4.433823484413102e-07,-4.104671596714432e-10,8.208607569723231e-07,-4.9890855494449206e-08,0.9999999999996618
194,125000000,194.125,indoor_world,differential_drive_robot,-3.5741685225951495e-06,-2.993451338640735e-08,-4.433823484413102e-07,-4.104671596714432e-10,8.208607569723231e-07,-4.9890855494449206e-08,0.9999999999996618
194,145000000,194.145,indoor_world,differential_drive_robot,-3.5741685225951495e-06,-2.993451338640735e-08,-4.433823484413102e-07,-4.104671596714432e-10,8.208607569723231e-07,-4.9890855494449206e-08,0.9999999999996618
194,165000000,194.165,indoor_world,differential_drive_robot,-3.5741685225951495e-06,-2.993451338640735e-08,-4.433823484413102e-07,-4.104671596714432e-10,8.208607569723231e-07,-4.9890855494449206e-08,0.9999999999996618
194,185000000,194.185,indoor_world,differential_drive_robot,-3.5741685225951495e-06,-2.993451338640735e-08,-4.433823484413102e-07,-4.104671596714432e-10,8.208607569723231e-07,-4.9890855494449206e-08,0.9999999999996618
194,205000000,194.205,indoor_world,differential_drive_robot,-3.5741685225951495e-06,-2.993451338640735e-08,-4.433823484413102e-07,-4.104671596714432e-10,8.208607569723231e-07,-4.9890855494449206e-08,0.9999999999996618
194,225000000,194.225,indoor_world,differential_drive_robot,-3.5741685225951495e-06,-2.993451338640735e-08,-4.433823484413102e-07,-4.104671596714432e-10,8.208607569723231e-07,-4.9890855494449206e-08,0.9999999999996618
194,245000000,194.245,indoor_world,differential_drive_robot,-3.5741685225951495e-06,-2.993451338640735e-08,-4.433823484413102e-07,-4.104671596714432e-10,8.208607569723231e-07,-4.9890855494449206e-08,0.9999999999996618
194,265000000,194.265,indoor_world,differential_drive_robot,-3.5741685225951495e-06,-2.993451338640735e-08,-4.433823484413102e-07,-4.104671596714432e-10,8.208607569723231e-07,-4.9890855494449206e-08,0.9999999999996618
194,285000000,194.285,indoor_world,differential_drive_robot,-3.5741685225951495e-06,-2.993451338640735e-08,-4.433823484413102e-07,-4.104671596714432e-10,8.208607569723231e-07,-4.9890855494449206e-08,0.9999999999996618
194,305000000,194.305,indoor_world,differential_drive_robot,-3.5741685225951495e-06,-2.993451338640735e-08,-4.433823484413102e-07,-4.104671596714432e-10,8.208607569723231e-07,-4.9890855494449206e-08,0.9999999999996618
194,325000000,194.325,indoor_world,differential_drive_robot,-3.5741685225951495e-06,-2.993451338640735e-08,-4.433823484413102e-07,-4.104671596714432e-10,8.208607569723231e-07,-4.9890855494449206e-08,0.9999999999996618
194,345000000,194.345,indoor_world,differential_drive_robot,-3.5741685225951495e-06,-2.993451338640735e-08,-4.433823484413102e-07,-4.104671596714432e-10,8.208607569723231e-07,-4.9890855494449206e-08,0.9999999999996618
194,365000000,194.365,indoor_world,differential_drive_robot,-3.5741685225951495e-06,-2.993451338640735e-08,-4.433823484413102e-07,-4.104671596714432e-10,8.208607569723231e-07,-4.9890855494449206e-08,0.9999999999996618
194,385000000,194.385,indoor_world,differential_drive_robot,-3.5741685225951495e-06,-2.993451338640735e-08,-4.433823484413102e-07,-4.104671596714432e-10,8.208607569723231e-07,-4.9890855494449206e-08,0.9999999999996618
194,405000000,194.405,indoor_world,differential_drive_robot,-3.5741685225951495e-06,-2.993451338640735e-08,-4.433823484413102e-07,-4.104671596714432e-10,8.208607569723231e-07,-4.9890855494449206e-08,0.9999999999996618
194,425000000,194.425,indoor_world,differential_drive_robot,-3.5741685225951495e-06,-2.993451338640735e-08,-4.433823484413102e-07,-4.104671596714432e-10,8.208607569723231e-07,-4.9890855494449206e-08,0.9999999999996618
194,445000000,194.445,indoor_world,differential_drive_robot,-3.5741685225951495e-06,-2.993451338640735e-08,-4.433823484413102e-07,-4.104671596714432e-10,8.208607569723231e-07,-4.9890855494449206e-08,0.9999999999996618
194,465000000,194.465,indoor_world,differential_drive_robot,-3.5741685225951495e-06,-2.993451338640735e-08,-4.433823484413102e-07,-4.104671596714432e-10,8.208607569723231e-07,-4.9890855494449206e-08,0.9999999999996618
194,485000000,194.485,indoor_world,differential_drive_robot,-3.5741685225951495e-06,-2.993451338640735e-08,-4.433823484413102e-07,-4.104671596714432e-10,8.208607569723231e-07,-4.9890855494449206e-08,0.9999999999996618
194,505000000,194.505,indoor_world,differential_drive_robot,-3.5741685225951495e-06,-2.993451338640735e-08,-4.433823484413102e-07,-4.104671596714432e-10,8.208607569723231e-07,-4.9890855494449206e-08,0.9999999999996618
194,525000000,194.525,indoor_world,differential_drive_robot,-3.5741685225951495e-06,-2.993451338640735e-08,-4.433823484413102e-07,-4.104671596714432e-10,8.208607569723231e-07,-4.9890855494449206e-08,0.9999999999996618
194,545000000,194.545,indoor_world,differential_drive_robot,-3.5741685225951495e-06,-2.993451338640735e-08,-4.433823484413102e-07,-4.104671596714432e-10,8.208607569723231e-07,-4.9890855494449206e-08,0.9999999999996618
194,565000000,194.565,indoor_world,differential_drive_robot,-3.5741685225951495e-06,-2.993451338640735e-08,-4.433823484413102e-07,-4.104671596714432e-10,8.208607569723231e-07,-4.9890855494449206e-08,0.9999999999996618
194,585000000,194.585,indoor_world,differential_drive_robot,-3.5741685225951495e-06,-2.993451338640735e-08,-4.433823484413102e-07,-4.104671596714432e-10,8.208607569723231e-07,-4.9890855494449206e-08,0.9999999999996618
194,605000000,194.605,indoor_world,differential_drive_robot,-3.5741685225951495e-06,-2.993451338640735e-08,-4.433823484413102e-07,-4.104671596714432e-10,8.208607569723231e-07,-4.9890855494449206e-08,0.9999999999996618
194,625000000,194.625,indoor_world,differential_drive_robot,-3.5741685225951495e-06,-2.993451338640735e-08,-4.433823484413102e-07,-4.104671596714432e-10,8.208607569723231e-07,-4.9890855494449206e-08,0.9999999999996618
194,645000000,194.645,indoor_world,differential_drive_robot,-3.5741685225951495e-06,-2.993451338640735e-08,-4.433823484413102e-07,-4.104671596714432e-10,8.208607569723231e-07,-4.9890855494449206e-08,0.9999999999996618
194,665000000,194.665,indoor_world,differential_drive_robot,-3.5741685225951495e-06,-2.993451338640735e-08,-4.433823484413102e-07,-4.104671596714432e-10,8.208607569723231e-07,-4.9890855494449206e-08,0.9999999999996618
194,685000000,194.685,indoor_world,differential_drive_robot,-3.5741685225951495e-06,-2.993451338640735e-08,-4.433823484413102e-07,-4.104671596714432e-10,8.208607569723231e-07,-4.9890855494449206e-08,0.9999999999996618
194,705000000,194.705,indoor_world,differential_drive_robot,-3.5741685225951495e-06,-2.993451338640735e-08,-4.433823484413102e-07,-4.104671596714432e-10,8.208607569723231e-07,-4.9890855494449206e-08,0.9999999999996618
194,725000000,194.725,indoor_world,differential_drive_robot,-3.5741685225951495e-06,-2.993451338640735e-08,-4.433823484413102e-07,-4.104671596714432e-10,8.208607569723231e-07,-4.9890855494449206e-08,0.9999999999996618
194,745000000,194.745,indoor_world,differential_drive_robot,-3.5741685225951495e-06,-2.993451338640735e-08,-4.433823484413102e-07,-4.104671596714432e-10,8.208607569723231e-07,-4.9890855494449206e-08,0.9999999999996618
194,765000000,194.765,indoor_world,differential_drive_robot,-3.5741685225951495e-06,-2.993451338640735e-08,-4.433823484413102e-07,-4.104671596714432e-10,8.208607569723231e-07,-4.9890855494449206e-08,0.9999999999996618
194,785000000,194.785,indoor_world,differential_drive_robot,-3.5741685225951495e-06,-2.993451338640735e-08,-4.433823484413102e-07,-4.104671596714432e-10,8.208607569723231e-07,-4.9890855494449206e-08,0.9999999999996618
194,805000000,194.805,indoor_world,differential_drive_robot,-3.5741685225951495e-06,-2.993451338640735e-08,-4.433823484413102e-07,-4.104671596714432e-10,8.208607569723231e-07,-4.9890855494449206e-08,0.9999999999996618
194,825000000,194.825,indoor_world,differential_drive_robot,-3.5741685225951495e-06,-2.993451338640735e-08,-4.433823484413102e-07,-4.104671596714432e-10,8.208607569723231e-07,-4.9890855494449206e-08,0.9999999999996618
194,845000000,194.845,indoor_world,differential_drive_robot,-3.5741685225951495e-06,-2.993451338640735e-08,-4.433823484413102e-07,-4.104671596714432e-10,8.208607569723231e-07,-4.9890855494449206e-08,0.9999999999996618
194,865000000,194.865,indoor_world,differential_drive_robot,-3.5741685225951495e-06,-2.993451338640735e-08,-4.433823484413102e-07,-4.104671596714432e-10,8.208607569723231e-07,-4.9890855494449206e-08,0.9999999999996618
194,885000000,194.885,indoor_world,differential_drive_robot,-3.5741685225951495e-06,-2.993451338640735e-08,-4.433823484413102e-07,-4.104671596714432e-10,8.208607569723231e-07,-4.9890855494449206e-08,0.9999999999996618
194,905000000,194.905,indoor_world,differential_drive_robot,-3.5741685225951495e-06,-2.993451338640735e-08,-4.433823484413102e-07,-4.104671596714432e-10,8.208607569723231e-07,-4.9890855494449206e-08,0.9999999999996618
194,925000000,194.925,indoor_world,differential_drive_robot,-3.5741685225951495e-06,-2.993451338640735e-08,-4.433823484413102e-07,-4.104671596714432e-10,8.208607569723231e-07,-4.9890855494449206e-08,0.9999999999996618
194,945000000,194.945,indoor_world,differential_drive_robot,-3.5741685225951495e-06,-2.993451338640735e-08,-4.433823484413102e-07,-4.104671596714432e-10,8.208607569723231e-07,-4.9890855494449206e-08,0.9999999999996618
194,965000000,194.965,indoor_world,differential_drive_robot,-3.5741685225951495e-06,-2.993451338640735e-08,-4.433823484413102e-07,-4.104671596714432e-10,8.208607569723231e-07,-4.9890855494449206e-08,0.9999999999996618
194,985000000,194.985,indoor_world,differential_drive_robot,-3.5741685225951495e-06,-2.993451338640735e-08,-4.433823484413102e-07,-4.104671596714432e-10,8.208607569723231e-07,-4.9890855494449206e-08,0.9999999999996618
195,5000000,195.005,indoor_world,differential_drive_robot,-3.5741685225951495e-06,-2.993451338640735e-08,-4.433823484413102e-07,-4.104671596714432e-10,8.208607569723231e-07,-4.9890855494449206e-08,0.9999999999996618
195,25000000,195.025,indoor_world,differential_drive_robot,-3.5741685225951495e-06,-2.993451338640735e-08,-4.433823484413102e-07,-4.104671596714432e-10,8.208607569723231e-07,-4.9890855494449206e-08,0.9999999999996618
195,45000000,195.045,indoor_world,differential_drive_robot,-3.5741685225951495e-06,-2.993451338640735e-08,-4.433823484413102e-07,-4.104671596714432e-10,8.208607569723231e-07,-4.9890855494449206e-08,0.9999999999996618
195,65000000,195.065,indoor_world,differential_drive_robot,-3.5741685225951495e-06,-2.993451338640735e-08,-4.433823484413102e-07,-4.104671596714432e-10,8.208607569723231e-07,-4.9890855494449206e-08,0.9999999999996618
195,85000000,195.085,indoor_world,differential_drive_robot,-3.5741685225951495e-06,-2.993451338640735e-08,-4.433823484413102e-07,-4.104671596714432e-10,8.208607569723231e-07,-4.9890855494449206e-08,0.9999999999996618
195,105000000,195.105,indoor_world,differential_drive_robot,-3.5741685225951495e-06,-2.993451338640735e-08,-4.433823484413102e-07,-4.104671596714432e-10,8.208607569723231e-07,-4.9890855494449206e-08,0.9999999999996618
195,125000000,195.125,indoor_world,differential_drive_robot,-3.5741685225951495e-06,-2.993451338640735e-08,-4.433823484413102e-07,-4.104671596714432e-10,8.208607569723231e-07,-4.9890855494449206e-08,0.9999999999996618
195,145000000,195.145,indoor_world,differential_drive_robot,-3.5741685225951495e-06,-2.993451338640735e-08,-4.433823484413102e-07,-4.104671596714432e-10,8.208607569723231e-07,-4.9890855494449206e-08,0.9999999999996618
195,165000000,195.165,indoor_world,differential_drive_robot,-3.5741685225951495e-06,-2.993451338640735e-08,-4.433823484413102e-07,-4.104671596714432e-10,8.208607569723231e-07,-4.9890855494449206e-08,0.9999999999996618
195,185000000,195.185,indoor_world,differential_drive_robot,-3.5741685225951495e-06,-2.993451338640735e-08,-4.433823484413102e-07,-4.104671596714432e-10,8.208607569723231e-07,-4.9890855494449206e-08,0.9999999999996618
195,205000000,195.205,indoor_world,differential_drive_robot,-3.5741685225951495e-06,-2.993451338640735e-08,-4.433823484413102e-07,-4.104671596714432e-10,8.208607569723231e-07,-4.9890855494449206e-08,0.9999999999996618
195,225000000,195.225,indoor_world,differential_drive_robot,-3.5741685225951495e-06,-2.993451338640735e-08,-4.433823484413102e-07,-4.104671596714432e-10,8.208607569723231e-07,-4.9890855494449206e-08,0.9999999999996618
195,245000000,195.245,indoor_world,differential_drive_robot,-3.5741685225951495e-06,-2.993451338640735e-08,-4.433823484413102e-07,-4.104671596714432e-10,8.208607569723231e-07,-4.9890855494449206e-08,0.9999999999996618
195,265000000,195.265,indoor_world,differential_drive_robot,-3.5741685225951495e-06,-2.993451338640735e-08,-4.433823484413102e-07,-4.104671596714432e-10,8.208607569723231e-07,-4.9890855494449206e-08,0.9999999999996618
195,285000000,195.285,indoor_world,differential_drive_robot,-3.5741685225951495e-06,-2.993451338640735e-08,-4.433823484413102e-07,-4.104671596714432e-10,8.208607569723231e-07,-4.9890855494449206e-08,0.9999999999996618
195,305000000,195.305,indoor_world,differential_drive_robot,-3.5741685225951495e-06,-2.993451338640735e-08,-4.433823484413102e-07,-4.104671596714432e-10,8.208607569723231e-07,-4.9890855494449206e-08,0.9999999999996618
195,325000000,195.325,indoor_world,differential_drive_robot,-3.5741685225951495e-06,-2.993451338640735e-08,-4.433823484413102e-07,-4.104671596714432e-10,8.208607569723231e-07,-4.9890855494449206e-08,0.9999999999996618
195,345000000,195.345,indoor_world,differential_drive_robot,-3.5741685225951495e-06,-2.993451338640735e-08,-4.433823484413102e-07,-4.104671596714432e-10,8.208607569723231e-07,-4.9890855494449206e-08,0.9999999999996618
195,365000000,195.365,indoor_world,differential_drive_robot,-3.5741685225951495e-06,-2.993451338640735e-08,-4.433823484413102e-07,-4.104671596714432e-10,8.208607569723231e-07,-4.9890855494449206e-08,0.9999999999996618
195,385000000,195.385,indoor_world,differential_drive_robot,-3.5741685225951495e-06,-2.993451338640735e-08,-4.433823484413102e-07,-4.104671596714432e-10,8.208607569723231e-07,-4.9890855494449206e-08,0.9999999999996618
195,405000000,195.405,indoor_world,differential_drive_robot,-3.5741685225951495e-06,-2.993451338640735e-08,-4.433823484413102e-07,-4.104671596714432e-10,8.208607569723231e-07,-4.9890855494449206e-08,0.9999999999996618
195,425000000,195.425,indoor_world,differential_drive_robot,-3.5741685225951495e-06,-2.993451338640735e-08,-4.433823484413102e-07,-4.104671596714432e-10,8.208607569723231e-07,-4.9890855494449206e-08,0.9999999999996618
195,445000000,195.445,indoor_world,differential_drive_robot,-3.5741685225951495e-06,-2.993451338640735e-08,-4.433823484413102e-07,-4.104671596714432e-10,8.208607569723231e-07,-4.9890855494449206e-08,0.9999999999996618
195,465000000,195.465,indoor_world,differential_drive_robot,-3.5741685225951495e-06,-2.993451338640735e-08,-4.433823484413102e-07,-4.104671596714432e-10,8.208607569723231e-07,-4.9890855494449206e-08,0.9999999999996618
195,485000000,195.485,indoor_world,differential_drive_robot,-3.5741685225951495e-06,-2.993451338640735e-08,-4.433823484413102e-07,-4.104671596714432e-10,8.208607569723231e-07,-4.9890855494449206e-08,0.9999999999996618
195,505000000,195.505,indoor_world,differential_drive_robot,-3.5741685225951495e-06,-2.993451338640735e-08,-4.433823484413102e-07,-4.104671596714432e-10,8.208607569723231e-07,-4.9890855494449206e-08,0.9999999999996618
195,525000000,195.525,indoor_world,differential_drive_robot,-3.5741685225951495e-06,-2.993451338640735e-08,-4.433823484413102e-07,-4.104671596714432e-10,8.208607569723231e-07,-4.9890855494449206e-08,0.9999999999996618
195,545000000,195.545,indoor_world,differential_drive_robot,-3.5741685225951495e-06,-2.993451338640735e-08,-4.433823484413102e-07,-4.104671596714432e-10,8.208607569723231e-07,-4.9890855494449206e-08,0.9999999999996618
195,565000000,195.565,indoor_world,differential_drive_robot,-3.5741685225951495e-06,-2.993451338640735e-08,-4.433823484413102e-07,-4.104671596714432e-10,8.208607569723231e-07,-4.9890855494449206e-08,0.9999999999996618
195,585000000,195.585,indoor_world,differential_drive_robot,-3.5741685225951495e-06,-2.993451338640735e-08,-4.433823484413102e-07,-4.104671596714432e-10,8.208607569723231e-07,-4.9890855494449206e-08,0.9999999999996618
195,605000000,195.605,indoor_world,differential_drive_robot,-3.5741685225951495e-06,-2.993451338640735e-08,-4.433823484413102e-07,-4.104671596714432e-10,8.208607569723231e-07,-4.9890855494449206e-08,0.9999999999996618
195,625000000,195.625,indoor_world,differential_drive_robot,-3.5741685225951495e-06,-2.993451338640735e-08,-4.433823484413102e-07,-4.104671596714432e-10,8.208607569723231e-07,-4.9890855494449206e-08,0.9999999999996618
195,645000000,195.645,indoor_world,differential_drive_robot,-3.5741685225951495e-06,-2.993451338640735e-08,-4.433823484413102e-07,-4.104671596714432e-10,8.208607569723231e-07,-4.9890855494449206e-08,0.9999999999996618
195,665000000,195.665,indoor_world,differential_drive_robot,-3.5741685225951495e-06,-2.993451338640735e-08,-4.433823484413102e-07,-4.104671596714432e-10,8.208607569723231e-07,-4.9890855494449206e-08,0.9999999999996618
195,685000000,195.685,indoor_world,differential_drive_robot,-3.5741685225951495e-06,-2.993451338640735e-08,-4.433823484413102e-07,-4.104671596714432e-10,8.208607569723231e-07,-4.9890855494449206e-08,0.9999999999996618
195,705000000,195.705,indoor_world,differential_drive_robot,-3.5741685225951495e-06,-2.993451338640735e-08,-4.433823484413102e-07,-4.104671596714432e-10,8.208607569723231e-07,-4.9890855494449206e-08,0.9999999999996618
195,725000000,195.725,indoor_world,differential_drive_robot,-3.5741685225951495e-06,-2.993451338640735e-08,-4.433823484413102e-07,-4.104671596714432e-10,8.208607569723231e-07,-4.9890855494449206e-08,0.9999999999996618
195,745000000,195.745,indoor_world,differential_drive_robot,-3.5741685225951495e-06,-2.993451338640735e-08,-4.433823484413102e-07,-4.104671596714432e-10,8.208607569723231e-07,-4.9890855494449206e-08,0.9999999999996618
195,765000000,195.765,indoor_world,differential_drive_robot,-3.5741685225951495e-06,-2.993451338640735e-08,-4.433823484413102e-07,-4.104671596714432e-10,8.208607569723231e-07,-4.9890855494449206e-08,0.9999999999996618
195,785000000,195.785,indoor_world,differential_drive_robot,-3.5741685225951495e-06,-2.993451338640735e-08,-4.433823484413102e-07,-4.104671596714432e-10,8.208607569723231e-07,-4.9890855494449206e-08,0.9999999999996618
195,805000000,195.805,indoor_world,differential_drive_robot,-3.5741685225951495e-06,-2.993451338640735e-08,-4.433823484413102e-07,-4.104671596714432e-10,8.208607569723231e-07,-4.9890855494449206e-08,0.9999999999996618
195,825000000,195.825,indoor_world,differential_drive_robot,-3.5741685225951495e-06,-2.993451338640735e-08,-4.433823484413102e-07,-4.104671596714432e-10,8.208607569723231e-07,-4.9890855494449206e-08,0.9999999999996618
195,845000000,195.845,indoor_world,differential_drive_robot,-3.5741685225951495e-06,-2.993451338640735e-08,-4.433823484413102e-07,-4.104671596714432e-10,8.208607569723231e-07,-4.9890855494449206e-08,0.9999999999996618
195,865000000,195.865,indoor_world,differential_drive_robot,-3.5741685225951495e-06,-2.993451338640735e-08,-4.433823484413102e-07,-4.104671596714432e-10,8.208607569723231e-07,-4.9890855494449206e-08,0.9999999999996618
195,885000000,195.885,indoor_world,differential_drive_robot,-3.5741685225951495e-06,-2.993451338640735e-08,-4.433823484413102e-07,-4.104671596714432e-10,8.208607569723231e-07,-4.9890855494449206e-08,0.9999999999996618
195,905000000,195.905,indoor_world,differential_drive_robot,-3.5741685225951495e-06,-2.993451338640735e-08,-4.433823484413102e-07,-4.104671596714432e-10,8.208607569723231e-07,-4.9890855494449206e-08,0.9999999999996618
195,925000000,195.925,indoor_world,differential_drive_robot,-3.5741685225951495e-06,-2.993451338640735e-08,-4.433823484413102e-07,-4.104671596714432e-10,8.208607569723231e-07,-4.9890855494449206e-08,0.9999999999996618
195,945000000,195.945,indoor_world,differential_drive_robot,-3.5741685225951495e-06,-2.993451338640735e-08,-4.433823484413102e-07,-4.104671596714432e-10,8.208607569723231e-07,-4.9890855494449206e-08,0.9999999999996618
195,965000000,195.965,indoor_world,differential_drive_robot,-3.5741685225951495e-06,-2.993451338640735e-08,-4.433823484413102e-07,-4.104671596714432e-10,8.208607569723231e-07,-4.9890855494449206e-08,0.9999999999996618
195,985000000,195.985,indoor_world,differential_drive_robot,-3.5741685225951495e-06,-2.993451338640735e-08,-4.433823484413102e-07,-4.104671596714432e-10,8.208607569723231e-07,-4.9890855494449206e-08,0.9999999999996618
196,5000000,196.005,indoor_world,differential_drive_robot,-3.5741685225951495e-06,-2.993451338640735e-08,-4.433823484413102e-07,-4.104671596714432e-10,8.208607569723231e-07,-4.9890855494449206e-08,0.9999999999996618
196,25000000,196.025,indoor_world,differential_drive_robot,-3.5741685225951495e-06,-2.993451338640735e-08,-4.433823484413102e-07,-4.104671596714432e-10,8.208607569723231e-07,-4.9890855494449206e-08,0.9999999999996618
196,45000000,196.045,indoor_world,differential_drive_robot,-3.5741685225951495e-06,-2.993451338640735e-08,-4.433823484413102e-07,-4.104671596714432e-10,8.208607569723231e-07,-4.9890855494449206e-08,0.9999999999996618
196,65000000,196.065,indoor_world,differential_drive_robot,-3.5741685225951495e-06,-2.993451338640735e-08,-4.433823484413102e-07,-4.104671596714432e-10,8.208607569723231e-07,-4.9890855494449206e-08,0.9999999999996618
196,85000000,196.085,indoor_world,differential_drive_robot,-3.5741685225951495e-06,-2.993451338640735e-08,-4.433823484413102e-07,-4.104671596714432e-10,8.208607569723231e-07,-4.9890855494449206e-08,0.9999999999996618
196,105000000,196.105,indoor_world,differential_drive_robot,-3.5741685225951495e-06,-2.993451338640735e-08,-4.433823484413102e-07,-4.104671596714432e-10,8.208607569723231e-07,-4.9890855494449206e-08,0.9999999999996618
196,125000000,196.125,indoor_world,differential_drive_robot,-3.5741685225951495e-06,-2.993451338640735e-08,-4.433823484413102e-07,-4.104671596714432e-10,8.208607569723231e-07,-4.9890855494449206e-08,0.9999999999996618
196,145000000,196.145,indoor_world,differential_drive_robot,-3.5741685225951495e-06,-2.993451338640735e-08,-4.433823484413102e-07,-4.104671596714432e-10,8.208607569723231e-07,-4.9890855494449206e-08,0.9999999999996618
196,165000000,196.165,indoor_world,differential_drive_robot,-3.5741685225951495e-06,-2.993451338640735e-08,-4.433823484413102e-07,-4.104671596714432e-10,8.208607569723231e-07,-4.9890855494449206e-08,0.9999999999996618
196,185000000,196.185,indoor_world,differential_drive_robot,-3.5741685225951495e-06,-2.993451338640735e-08,-4.433823484413102e-07,-4.104671596714432e-10,8.208607569723231e-07,-4.9890855494449206e-08,0.9999999999996618
196,205000000,196.205,indoor_world,differential_drive_robot,-3.5741685225951495e-06,-2.993451338640735e-08,-4.433823484413102e-07,-4.104671596714432e-10,8.208607569723231e-07,-4.9890855494449206e-08,0.9999999999996618
196,225000000,196.225,indoor_world,differential_drive_robot,-3.5741685225951495e-06,-2.993451338640735e-08,-4.433823484413102e-07,-4.104671596714432e-10,8.208607569723231e-07,-4.9890855494449206e-08,0.9999999999996618
196,245000000,196.245,indoor_world,differential_drive_robot,-3.5741685225951495e-06,-2.993451338640735e-08,-4.433823484413102e-07,-4.104671596714432e-10,8.208607569723231e-07,-4.9890855494449206e-08,0.9999999999996618
196,265000000,196.265,indoor_world,differential_drive_robot,-3.5741685225951495e-06,-2.993451338640735e-08,-4.433823484413102e-07,-4.104671596714432e-10,8.208607569723231e-07,-4.9890855494449206e-08,0.9999999999996618
196,285000000,196.285,indoor_world,differential_drive_robot,-3.5741685225951495e-06,-2.993451338640735e-08,-4.433823484413102e-07,-4.104671596714432e-10,8.208607569723231e-07,-4.9890855494449206e-08,0.9999999999996618
196,305000000,196.305,indoor_world,differential_drive_robot,-3.5741685225951495e-06,-2.993451338640735e-08,-4.433823484413102e-07,-4.104671596714432e-10,8.208607569723231e-07,-4.9890855494449206e-08,0.9999999999996618
196,325000000,196.325,indoor_world,differential_drive_robot,-3.5741685225951495e-06,-2.993451338640735e-08,-4.433823484413102e-07,-4.104671596714432e-10,8.208607569723231e-07,-4.9890855494449206e-08,0.9999999999996618
196,345000000,196.345,indoor_world,differential_drive_robot,-3.5741685225951495e-06,-2.993451338640735e-08,-4.433823484413102e-07,-4.104671596714432e-10,8.208607569723231e-07,-4.9890855494449206e-08,0.9999999999996618
196,365000000,196.365,indoor_world,differential_drive_robot,-3.5741685225951495e-06,-2.993451338640735e-08,-4.433823484413102e-07,-4.104671596714432e-10,8.208607569723231e-07,-4.9890855494449206e-08,0.9999999999996618
196,385000000,196.385,indoor_world,differential_drive_robot,-3.5741685225951495e-06,-2.993451338640735e-08,-4.433823484413102e-07,-4.104671596714432e-10,8.208607569723231e-07,-4.9890855494449206e-08,0.9999999999996618
196,405000000,196.405,indoor_world,differential_drive_robot,-3.5741685225951495e-06,-2.993451338640735e-08,-4.433823484413102e-07,-4.104671596714432e-10,8.208607569723231e-07,-4.9890855494449206e-08,0.9999999999996618
196,425000000,196.425,indoor_world,differential_drive_robot,-3.5741685225951495e-06,-2.993451338640735e-08,-4.433823484413102e-07,-4.104671596714432e-10,8.208607569723231e-07,-4.9890855494449206e-08,0.9999999999996618
196,445000000,196.445,indoor_world,differential_drive_robot,-3.5741685225951495e-06,-2.993451338640735e-08,-4.433823484413102e-07,-4.104671596714432e-10,8.208607569723231e-07,-4.9890855494449206e-08,0.9999999999996618
196,465000000,196.465,indoor_world,differential_drive_robot,-3.5741685225951495e-06,-2.993451338640735e-08,-4.433823484413102e-07,-4.104671596714432e-10,8.208607569723231e-07,-4.9890855494449206e-08,0.9999999999996618
196,485000000,196.485,indoor_world,differential_drive_robot,-3.5741685225951495e-06,-2.993451338640735e-08,-4.433823484413102e-07,-4.104671596714432e-10,8.208607569723231e-07,-4.9890855494449206e-08,0.9999999999996618
196,505000000,196.505,indoor_world,differential_drive_robot,-3.5741685225951495e-06,-2.993451338640735e-08,-4.433823484413102e-07,-4.104671596714432e-10,8.208607569723231e-07,-4.9890855494449206e-08,0.9999999999996618
196,525000000,196.525,indoor_world,differential_drive_robot,-3.5741685225951495e-06,-2.993451338640735e-08,-4.433823484413102e-07,-4.104671596714432e-10,8.208607569723231e-07,-4.9890855494449206e-08,0.9999999999996618
196,545000000,196.545,indoor_world,differential_drive_robot,-3.5741685225951495e-06,-2.993451338640735e-08,-4.433823484413102e-07,-4.104671596714432e-10,8.208607569723231e-07,-4.9890855494449206e-08,0.9999999999996618
196,565000000,196.565,indoor_world,differential_drive_robot,-3.5741685225951495e-06,-2.993451338640735e-08,-4.433823484413102e-07,-4.104671596714432e-10,8.208607569723231e-07,-4.9890855494449206e-08,0.9999999999996618
196,585000000,196.585,indoor_world,differential_drive_robot,-3.5741685225951495e-06,-2.993451338640735e-08,-4.433823484413102e-07,-4.104671596714432e-10,8.208607569723231e-07,-4.9890855494449206e-08,0.9999999999996618
196,605000000,196.605,indoor_world,differential_drive_robot,-3.5741685225951495e-06,-2.993451338640735e-08,-4.433823484413102e-07,-4.104671596714432e-10,8.208607569723231e-07,-4.9890855494449206e-08,0.9999999999996618
196,625000000,196.625,indoor_world,differential_drive_robot,-3.5741685225951495e-06,-2.993451338640735e-08,-4.433823484413102e-07,-4.104671596714432e-10,8.208607569723231e-07,-4.9890855494449206e-08,0.9999999999996618
196,645000000,196.645,indoor_world,differential_drive_robot,-3.5741685225951495e-06,-2.993451338640735e-08,-4.433823484413102e-07,-4.104671596714432e-10,8.208607569723231e-07,-4.9890855494449206e-08,0.9999999999996618
196,665000000,196.665,indoor_world,differential_drive_robot,-3.5741685225951495e-06,-2.993451338640735e-08,-4.433823484413102e-07,-4.104671596714432e-10,8.208607569723231e-07,-4.9890855494449206e-08,0.9999999999996618
196,685000000,196.685,indoor_world,differential_drive_robot,-3.5741685225951495e-06,-2.993451338640735e-08,-4.433823484413102e-07,-4.104671596714432e-10,8.208607569723231e-07,-4.9890855494449206e-08,0.9999999999996618
196,705000000,196.705,indoor_world,differential_drive_robot,-3.5741685225951495e-06,-2.993451338640735e-08,-4.433823484413102e-07,-4.104671596714432e-10,8.208607569723231e-07,-4.9890855494449206e-08,0.9999999999996618
196,725000000,196.725,indoor_world,differential_drive_robot,-3.5741685225951495e-06,-2.993451338640735e-08,-4.433823484413102e-07,-4.104671596714432e-10,8.208607569723231e-07,-4.9890855494449206e-08,0.9999999999996618
196,745000000,196.745,indoor_world,differential_drive_robot,-3.5741685225951495e-06,-2.993451338640735e-08,-4.433823484413102e-07,-4.104671596714432e-10,8.208607569723231e-07,-4.9890855494449206e-08,0.9999999999996618
196,765000000,196.765,indoor_world,differential_drive_robot,-3.5741685225951495e-06,-2.993451338640735e-08,-4.433823484413102e-07,-4.104671596714432e-10,8.208607569723231e-07,-4.9890855494449206e-08,0.9999999999996618
196,785000000,196.785,indoor_world,differential_drive_robot,-3.5741685225951495e-06,-2.993451338640735e-08,-4.433823484413102e-07,-4.104671596714432e-10,8.208607569723231e-07,-4.9890855494449206e-08,0.9999999999996618
196,805000000,196.805,indoor_world,differential_drive_robot,-3.5741685225951495e-06,-2.993451338640735e-08,-4.433823484413102e-07,-4.104671596714432e-10,8.208607569723231e-07,-4.9890855494449206e-08,0.9999999999996618
196,825000000,196.825,indoor_world,differential_drive_robot,-3.5741685225951495e-06,-2.993451338640735e-08,-4.433823484413102e-07,-4.104671596714432e-10,8.208607569723231e-07,-4.9890855494449206e-08,0.9999999999996618
196,845000000,196.845,indoor_world,differential_drive_robot,-3.5741685225951495e-06,-2.993451338640735e-08,-4.433823484413102e-07,-4.104671596714432e-10,8.208607569723231e-07,-4.9890855494449206e-08,0.9999999999996618
196,865000000,196.865,indoor_world,differential_drive_robot,-3.5741685225951495e-06,-2.993451338640735e-08,-4.433823484413102e-07,-4.104671596714432e-10,8.208607569723231e-07,-4.9890855494449206e-08,0.9999999999996618
196,885000000,196.885,indoor_world,differential_drive_robot,-3.5741685225951495e-06,-2.993451338640735e-08,-4.433823484413102e-07,-4.104671596714432e-10,8.208607569723231e-07,-4.9890855494449206e-08,0.9999999999996618
196,905000000,196.905,indoor_world,differential_drive_robot,-3.5741685225951495e-06,-2.993451338640735e-08,-4.433823484413102e-07,-4.104671596714432e-10,8.208607569723231e-07,-4.9890855494449206e-08,0.9999999999996618
196,925000000,196.925,indoor_world,differential_drive_robot,-3.5741685225951495e-06,-2.993451338640735e-08,-4.433823484413102e-07,-4.104671596714432e-10,8.208607569723231e-07,-4.9890855494449206e-08,0.9999999999996618
196,945000000,196.945,indoor_world,differential_drive_robot,-3.5741685225951495e-06,-2.993451338640735e-08,-4.433823484413102e-07,-4.104671596714432e-10,8.208607569723231e-07,-4.9890855494449206e-08,0.9999999999996618
196,965000000,196.965,indoor_world,differential_drive_robot,-3.5741685225951495e-06,-2.993451338640735e-08,-4.433823484413102e-07,-4.104671596714432e-10,8.208607569723231e-07,-4.9890855494449206e-08,0.9999999999996618
196,985000000,196.985,indoor_world,differential_drive_robot,-3.5741685225951495e-06,-2.993451338640735e-08,-4.433823484413102e-07,-4.104671596714432e-10,8.208607569723231e-07,-4.9890855494449206e-08,0.9999999999996618
197,5000000,197.005,indoor_world,differential_drive_robot,-3.5741685225951495e-06,-2.993451338640735e-08,-4.433823484413102e-07,-4.104671596714432e-10,8.208607569723231e-07,-4.9890855494449206e-08,0.9999999999996618
197,25000000,197.025,indoor_world,differential_drive_robot,-3.5741685225951495e-06,-2.993451338640735e-08,-4.433823484413102e-07,-4.104671596714432e-10,8.208607569723231e-07,-4.9890855494449206e-08,0.9999999999996618
197,45000000,197.045,indoor_world,differential_drive_robot,-3.5741685225951495e-06,-2.993451338640735e-08,-4.433823484413102e-07,-4.104671596714432e-10,8.208607569723231e-07,-4.9890855494449206e-08,0.9999999999996618
197,65000000,197.065,indoor_world,differential_drive_robot,-3.5741685225951495e-06,-2.993451338640735e-08,-4.433823484413102e-07,-4.104671596714432e-10,8.208607569723231e-07,-4.9890855494449206e-08,0.9999999999996618
197,85000000,197.085,indoor_world,differential_drive_robot,-3.5741685225951495e-06,-2.993451338640735e-08,-4.433823484413102e-07,-4.104671596714432e-10,8.208607569723231e-07,-4.9890855494449206e-08,0.9999999999996618
197,105000000,197.105,indoor_world,differential_drive_robot,-3.5741685225951495e-06,-2.993451338640735e-08,-4.433823484413102e-07,-4.104671596714432e-10,8.208607569723231e-07,-4.9890855494449206e-08,0.9999999999996618
197,125000000,197.125,indoor_world,differential_drive_robot,-3.5741685225951495e-06,-2.993451338640735e-08,-4.433823484413102e-07,-4.104671596714432e-10,8.208607569723231e-07,-4.9890855494449206e-08,0.9999999999996618
197,145000000,197.145,indoor_world,differential_drive_robot,-3.5741685225951495e-06,-2.993451338640735e-08,-4.433823484413102e-07,-4.104671596714432e-10,8.208607569723231e-07,-4.9890855494449206e-08,0.9999999999996618
197,165000000,197.165,indoor_world,differential_drive_robot,-3.5741685225951495e-06,-2.993451338640735e-08,-4.433823484413102e-07,-4.104671596714432e-10,8.208607569723231e-07,-4.9890855494449206e-08,0.9999999999996618
197,185000000,197.185,indoor_world,differential_drive_robot,-3.5741685225951495e-06,-2.993451338640735e-08,-4.433823484413102e-07,-4.104671596714432e-10,8.208607569723231e-07,-4.9890855494449206e-08,0.9999999999996618
197,205000000,197.205,indoor_world,differential_drive_robot,-3.5741685225951495e-06,-2.993451338640735e-08,-4.433823484413102e-07,-4.104671596714432e-10,8.208607569723231e-07,-4.9890855494449206e-08,0.9999999999996618
197,225000000,197.225,indoor_world,differential_drive_robot,-3.5741685225951495e-06,-2.993451338640735e-08,-4.433823484413102e-07,-4.104671596714432e-10,8.208607569723231e-07,-4.9890855494449206e-08,0.9999999999996618
197,245000000,197.245,indoor_world,differential_drive_robot,-3.5741685225951495e-06,-2.993451338640735e-08,-4.433823484413102e-07,-4.104671596714432e-10,8.208607569723231e-07,-4.9890855494449206e-08,0.9999999999996618
197,265000000,197.265,indoor_world,differential_drive_robot,-3.5741685225951495e-06,-2.993451338640735e-08,-4.433823484413102e-07,-4.104671596714432e-10,8.208607569723231e-07,-4.9890855494449206e-08,0.9999999999996618
197,285000000,197.285,indoor_world,differential_drive_robot,-3.5741685225951495e-06,-2.993451338640735e-08,-4.433823484413102e-07,-4.104671596714432e-10,8.208607569723231e-07,-4.9890855494449206e-08,0.9999999999996618
197,305000000,197.305,indoor_world,differential_drive_robot,-3.5741685225951495e-06,-2.993451338640735e-08,-4.433823484413102e-07,-4.104671596714432e-10,8.208607569723231e-07,-4.9890855494449206e-08,0.9999999999996618
197,325000000,197.325,indoor_world,differential_drive_robot,-3.5741685225951495e-06,-2.993451338640735e-08,-4.433823484413102e-07,-4.104671596714432e-10,8.208607569723231e-07,-4.9890855494449206e-08,0.9999999999996618
197,345000000,197.345,indoor_world,differential_drive_robot,-3.5741685225951495e-06,-2.993451338640735e-08,-4.433823484413102e-07,-4.104671596714432e-10,8.208607569723231e-07,-4.9890855494449206e-08,0.9999999999996618
197,365000000,197.365,indoor_world,differential_drive_robot,-3.5741685225951495e-06,-2.993451338640735e-08,-4.433823484413102e-07,-4.104671596714432e-10,8.208607569723231e-07,-4.9890855494449206e-08,0.9999999999996618
197,385000000,197.385,indoor_world,differential_drive_robot,-3.5741685225951495e-06,-2.993451338640735e-08,-4.433823484413102e-07,-4.104671596714432e-10,8.208607569723231e-07,-4.9890855494449206e-08,0.9999999999996618
197,405000000,197.405,indoor_world,differential_drive_robot,-3.5741685225951495e-06,-2.993451338640735e-08,-4.433823484413102e-07,-4.104671596714432e-10,8.208607569723231e-07,-4.9890855494449206e-08,0.9999999999996618
197,425000000,197.425,indoor_world,differential_drive_robot,-3.5741685225951495e-06,-2.993451338640735e-08,-4.433823484413102e-07,-4.104671596714432e-10,8.208607569723231e-07,-4.9890855494449206e-08,0.9999999999996618
197,445000000,197.445,indoor_world,differential_drive_robot,-3.5741685225951495e-06,-2.993451338640735e-08,-4.433823484413102e-07,-4.104671596714432e-10,8.208607569723231e-07,-4.9890855494449206e-08,0.9999999999996618
197,465000000,197.465,indoor_world,differential_drive_robot,-3.5741685225951495e-06,-2.993451338640735e-08,-4.433823484413102e-07,-4.104671596714432e-10,8.208607569723231e-07,-4.9890855494449206e-08,0.9999999999996618
197,485000000,197.485,indoor_world,differential_drive_robot,-3.5741685225951495e-06,-2.993451338640735e-08,-4.433823484413102e-07,-4.104671596714432e-10,8.208607569723231e-07,-4.9890855494449206e-08,0.9999999999996618
197,505000000,197.505,indoor_world,differential_drive_robot,-3.5741685225951495e-06,-2.993451338640735e-08,-4.433823484413102e-07,-4.104671596714432e-10,8.208607569723231e-07,-4.9890855494449206e-08,0.9999999999996618
197,525000000,197.525,indoor_world,differential_drive_robot,-3.5741685225951495e-06,-2.993451338640735e-08,-4.433823484413102e-07,-4.104671596714432e-10,8.208607569723231e-07,-4.9890855494449206e-08,0.9999999999996618
197,545000000,197.545,indoor_world,differential_drive_robot,-3.5741685225951495e-06,-2.993451338640735e-08,-4.433823484413102e-07,-4.104671596714432e-10,8.208607569723231e-07,-4.9890855494449206e-08,0.9999999999996618
197,565000000,197.565,indoor_world,differential_drive_robot,-3.5741685225951495e-06,-2.993451338640735e-08,-4.433823484413102e-07,-4.104671596714432e-10,8.208607569723231e-07,-4.9890855494449206e-08,0.9999999999996618
197,585000000,197.585,indoor_world,differential_drive_robot,-3.5741685225951495e-06,-2.993451338640735e-08,-4.433823484413102e-07,-4.104671596714432e-10,8.208607569723231e-07,-4.9890855494449206e-08,0.9999999999996618
197,605000000,197.605,indoor_world,differential_drive_robot,-3.5741685225951495e-06,-2.993451338640735e-08,-4.433823484413102e-07,-4.104671596714432e-10,8.208607569723231e-07,-4.9890855494449206e-08,0.9999999999996618
197,625000000,197.625,indoor_world,differential_drive_robot,-3.5741685225951495e-06,-2.993451338640735e-08,-4.433823484413102e-07,-4.104671596714432e-10,8.208607569723231e-07,-4.9890855494449206e-08,0.9999999999996618
197,645000000,197.645,indoor_world,differential_drive_robot,-3.5741685225951495e-06,-2.993451338640735e-08,-4.433823484413102e-07,-4.104671596714432e-10,8.208607569723231e-07,-4.9890855494449206e-08,0.9999999999996618
197,665000000,197.665,indoor_world,differential_drive_robot,-3.5741685225951495e-06,-2.993451338640735e-08,-4.433823484413102e-07,-4.104671596714432e-10,8.208607569723231e-07,-4.9890855494449206e-08,0.9999999999996618
197,685000000,197.685,indoor_world,differential_drive_robot,-3.5741685225951495e-06,-2.993451338640735e-08,-4.433823484413102e-07,-4.104671596714432e-10,8.208607569723231e-07,-4.9890855494449206e-08,0.9999999999996618
197,705000000,197.705,indoor_world,differential_drive_robot,-3.5741685225951495e-06,-2.993451338640735e-08,-4.433823484413102e-07,-4.104671596714432e-10,8.208607569723231e-07,-4.9890855494449206e-08,0.9999999999996618
197,725000000,197.725,indoor_world,differential_drive_robot,-3.5741685225951495e-06,-2.993451338640735e-08,-4.433823484413102e-07,-4.104671596714432e-10,8.208607569723231e-07,-4.9890855494449206e-08,0.9999999999996618
197,745000000,197.745,indoor_world,differential_drive_robot,-3.5741685225951495e-06,-2.993451338640735e-08,-4.433823484413102e-07,-4.104671596714432e-10,8.208607569723231e-07,-4.9890855494449206e-08,0.9999999999996618
197,765000000,197.765,indoor_world,differential_drive_robot,-3.5741685225951495e-06,-2.993451338640735e-08,-4.433823484413102e-07,-4.104671596714432e-10,8.208607569723231e-07,-4.9890855494449206e-08,0.9999999999996618
197,785000000,197.785,indoor_world,differential_drive_robot,-3.5741685225951495e-06,-2.993451338640735e-08,-4.433823484413102e-07,-4.104671596714432e-10,8.208607569723231e-07,-4.9890855494449206e-08,0.9999999999996618
197,805000000,197.805,indoor_world,differential_drive_robot,-3.5741685225951495e-06,-2.993451338640735e-08,-4.433823484413102e-07,-4.104671596714432e-10,8.208607569723231e-07,-4.9890855494449206e-08,0.9999999999996618
197,825000000,197.825,indoor_world,differential_drive_robot,-3.5741685225951495e-06,-2.993451338640735e-08,-4.433823484413102e-07,-4.104671596714432e-10,8.208607569723231e-07,-4.9890855494449206e-08,0.9999999999996618
197,845000000,197.845,indoor_world,differential_drive_robot,-3.5741685225951495e-06,-2.993451338640735e-08,-4.433823484413102e-07,-4.104671596714432e-10,8.208607569723231e-07,-4.9890855494449206e-08,0.9999999999996618
197,865000000,197.865,indoor_world,differential_drive_robot,-3.5741685225951495e-06,-2.993451338640735e-08,-4.433823484413102e-07,-4.104671596714432e-10,8.208607569723231e-07,-4.9890855494449206e-08,0.9999999999996618
197,885000000,197.885,indoor_world,differential_drive_robot,-3.5741685225951495e-06,-2.993451338640735e-08,-4.433823484413102e-07,-4.104671596714432e-10,8.208607569723231e-07,-4.9890855494449206e-08,0.9999999999996618
197,905000000,197.905,indoor_world,differential_drive_robot,-3.5741685225951495e-06,-2.993451338640735e-08,-4.433823484413102e-07,-4.104671596714432e-10,8.208607569723231e-07,-4.9890855494449206e-08,0.9999999999996618
197,925000000,197.925,indoor_world,differential_drive_robot,-3.5741685225951495e-06,-2.993451338640735e-08,-4.433823484413102e-07,-4.104671596714432e-10,8.208607569723231e-07,-4.9890855494449206e-08,0.9999999999996618
197,945000000,197.945,indoor_world,differential_drive_robot,-3.5741685225951495e-06,-2.993451338640735e-08,-4.433823484413102e-07,-4.104671596714432e-10,8.208607569723231e-07,-4.9890855494449206e-08,0.9999999999996618
197,965000000,197.965,indoor_world,differential_drive_robot,-3.5741685225951495e-06,-2.993451338640735e-08,-4.433823484413102e-07,-4.104671596714432e-10,8.208607569723231e-07,-4.9890855494449206e-08,0.9999999999996618
197,985000000,197.985,indoor_world,differential_drive_robot,-3.5741685225951495e-06,-2.993451338640735e-08,-4.433823484413102e-07,-4.104671596714432e-10,8.208607569723231e-07,-4.9890855494449206e-08,0.9999999999996618
198,5000000,198.005,indoor_world,differential_drive_robot,-3.5741685225951495e-06,-2.993451338640735e-08,-4.433823484413102e-07,-4.104671596714432e-10,8.208607569723231e-07,-4.9890855494449206e-08,0.9999999999996618
198,25000000,198.025,indoor_world,differential_drive_robot,-3.5741685225951495e-06,-2.993451338640735e-08,-4.433823484413102e-07,-4.104671596714432e-10,8.208607569723231e-07,-4.9890855494449206e-08,0.9999999999996618
198,45000000,198.045,indoor_world,differential_drive_robot,-3.5741685225951495e-06,-2.993451338640735e-08,-4.433823484413102e-07,-4.104671596714432e-10,8.208607569723231e-07,-4.9890855494449206e-08,0.9999999999996618
198,65000000,198.065,indoor_world,differential_drive_robot,-3.5741685225951495e-06,-2.993451338640735e-08,-4.433823484413102e-07,-4.104671596714432e-10,8.208607569723231e-07,-4.9890855494449206e-08,0.9999999999996618
198,85000000,198.085,indoor_world,differential_drive_robot,-3.5741685225951495e-06,-2.993451338640735e-08,-4.433823484413102e-07,-4.104671596714432e-10,8.208607569723231e-07,-4.9890855494449206e-08,0.9999999999996618
198,105000000,198.105,indoor_world,differential_drive_robot,-3.5741685225951495e-06,-2.993451338640735e-08,-4.433823484413102e-07,-4.104671596714432e-10,8.208607569723231e-07,-4.9890855494449206e-08,0.9999999999996618
198,125000000,198.125,indoor_world,differential_drive_robot,-3.5741685225951495e-06,-2.993451338640735e-08,-4.433823484413102e-07,-4.104671596714432e-10,8.208607569723231e-07,-4.9890855494449206e-08,0.9999999999996618
198,145000000,198.145,indoor_world,differential_drive_robot,-3.5741685225951495e-06,-2.993451338640735e-08,-4.433823484413102e-07,-4.104671596714432e-10,8.208607569723231e-07,-4.9890855494449206e-08,0.9999999999996618
198,165000000,198.165,indoor_world,differential_drive_robot,-3.5741685225951495e-06,-2.993451338640735e-08,-4.433823484413102e-07,-4.104671596714432e-10,8.208607569723231e-07,-4.9890855494449206e-08,0.9999999999996618
198,185000000,198.185,indoor_world,differential_drive_robot,-3.5741685225951495e-06,-2.993451338640735e-08,-4.433823484413102e-07,-4.104671596714432e-10,8.208607569723231e-07,-4.9890855494449206e-08,0.9999999999996618
198,205000000,198.205,indoor_world,differential_drive_robot,-3.5741685225951495e-06,-2.993451338640735e-08,-4.433823484413102e-07,-4.104671596714432e-10,8.208607569723231e-07,-4.9890855494449206e-08,0.9999999999996618
198,225000000,198.225,indoor_world,differential_drive_robot,-3.5741685225951495e-06,-2.993451338640735e-08,-4.433823484413102e-07,-4.104671596714432e-10,8.208607569723231e-07,-4.9890855494449206e-08,0.9999999999996618
198,245000000,198.245,indoor_world,differential_drive_robot,-3.5741685225951495e-06,-2.993451338640735e-08,-4.433823484413102e-07,-4.104671596714432e-10,8.208607569723231e-07,-4.9890855494449206e-08,0.9999999999996618
198,265000000,198.265,indoor_world,differential_drive_robot,-3.5741685225951495e-06,-2.993451338640735e-08,-4.433823484413102e-07,-4.104671596714432e-10,8.208607569723231e-07,-4.9890855494449206e-08,0.9999999999996618
198,285000000,198.285,indoor_world,differential_drive_robot,-3.5741685225951495e-06,-2.993451338640735e-08,-4.433823484413102e-07,-4.104671596714432e-10,8.208607569723231e-07,-4.9890855494449206e-08,0.9999999999996618
198,305000000,198.305,indoor_world,differential_drive_robot,-3.5741685225951495e-06,-2.993451338640735e-08,-4.433823484413102e-07,-4.104671596714432e-10,8.208607569723231e-07,-4.9890855494449206e-08,0.9999999999996618
198,325000000,198.325,indoor_world,differential_drive_robot,-3.5741685225951495e-06,-2.993451338640735e-08,-4.433823484413102e-07,-4.104671596714432e-10,8.208607569723231e-07,-4.9890855494449206e-08,0.9999999999996618
198,345000000,198.345,indoor_world,differential_drive_robot,-3.5741685225951495e-06,-2.993451338640735e-08,-4.433823484413102e-07,-4.104671596714432e-10,8.208607569723231e-07,-4.9890855494449206e-08,0.9999999999996618
198,365000000,198.365,indoor_world,differential_drive_robot,-3.5741685225951495e-06,-2.993451338640735e-08,-4.433823484413102e-07,-4.104671596714432e-10,8.208607569723231e-07,-4.9890855494449206e-08,0.9999999999996618
198,385000000,198.385,indoor_world,differential_drive_robot,-3.5741685225951495e-06,-2.993451338640735e-08,-4.433823484413102e-07,-4.104671596714432e-10,8.208607569723231e-07,-4.9890855494449206e-08,0.9999999999996618
198,405000000,198.405,indoor_world,differential_drive_robot,-3.5741685225951495e-06,-2.993451338640735e-08,-4.433823484413102e-07,-4.104671596714432e-10,8.208607569723231e-07,-4.9890855494449206e-08,0.9999999999996618
198,425000000,198.425,indoor_world,differential_drive_robot,-3.5741685225951495e-06,-2.993451338640735e-08,-4.433823484413102e-07,-4.104671596714432e-10,8.208607569723231e-07,-4.9890855494449206e-08,0.9999999999996618
198,445000000,198.445,indoor_world,differential_drive_robot,-3.5741685225951495e-06,-2.993451338640735e-08,-4.433823484413102e-07,-4.104671596714432e-10,8.208607569723231e-07,-4.9890855494449206e-08,0.9999999999996618
198,465000000,198.465,indoor_world,differential_drive_robot,-3.5741685225951495e-06,-2.993451338640735e-08,-4.433823484413102e-07,-4.104671596714432e-10,8.208607569723231e-07,-4.9890855494449206e-08,0.9999999999996618
198,485000000,198.485,indoor_world,differential_drive_robot,-3.5741685225951495e-06,-2.993451338640735e-08,-4.433823484413102e-07,-4.104671596714432e-10,8.208607569723231e-07,-4.9890855494449206e-08,0.9999999999996618
198,505000000,198.505,indoor_world,differential_drive_robot,-3.5741685225951495e-06,-2.993451338640735e-08,-4.433823484413102e-07,-4.104671596714432e-10,8.208607569723231e-07,-4.9890855494449206e-08,0.9999999999996618
198,525000000,198.525,indoor_world,differential_drive_robot,-3.5741685225951495e-06,-2.993451338640735e-08,-4.433823484413102e-07,-4.104671596714432e-10,8.208607569723231e-07,-4.9890855494449206e-08,0.9999999999996618
198,545000000,198.545,indoor_world,differential_drive_robot,-3.5741685225951495e-06,-2.993451338640735e-08,-4.433823484413102e-07,-4.104671596714432e-10,8.208607569723231e-07,-4.9890855494449206e-08,0.9999999999996618
198,565000000,198.565,indoor_world,differential_drive_robot,-3.5741685225951495e-06,-2.993451338640735e-08,-4.433823484413102e-07,-4.104671596714432e-10,8.208607569723231e-07,-4.9890855494449206e-08,0.9999999999996618
198,585000000,198.585,indoor_world,differential_drive_robot,-3.5741685225951495e-06,-2.993451338640735e-08,-4.433823484413102e-07,-4.104671596714432e-10,8.208607569723231e-07,-4.9890855494449206e-08,0.9999999999996618
198,605000000,198.605,indoor_world,differential_drive_robot,-3.5741685225951495e-06,-2.993451338640735e-08,-4.433823484413102e-07,-4.104671596714432e-10,8.208607569723231e-07,-4.9890855494449206e-08,0.9999999999996618
198,625000000,198.625,indoor_world,differential_drive_robot,-3.5741685225951495e-06,-2.993451338640735e-08,-4.433823484413102e-07,-4.104671596714432e-10,8.208607569723231e-07,-4.9890855494449206e-08,0.9999999999996618
198,645000000,198.645,indoor_world,differential_drive_robot,-3.5741685225951495e-06,-2.993451338640735e-08,-4.433823484413102e-07,-4.104671596714432e-10,8.208607569723231e-07,-4.9890855494449206e-08,0.9999999999996618
198,665000000,198.665,indoor_world,differential_drive_robot,-3.5741685225951495e-06,-2.993451338640735e-08,-4.433823484413102e-07,-4.104671596714432e-10,8.208607569723231e-07,-4.9890855494449206e-08,0.9999999999996618
198,685000000,198.685,indoor_world,differential_drive_robot,-3.5741685225951495e-06,-2.993451338640735e-08,-4.433823484413102e-07,-4.104671596714432e-10,8.208607569723231e-07,-4.9890855494449206e-08,0.9999999999996618
198,705000000,198.705,indoor_world,differential_drive_robot,-3.5741685225951495e-06,-2.993451338640735e-08,-4.433823484413102e-07,-4.104671596714432e-10,8.208607569723231e-07,-4.9890855494449206e-08,0.9999999999996618
198,725000000,198.725,indoor_world,differential_drive_robot,-3.5741685225951495e-06,-2.993451338640735e-08,-4.433823484413102e-07,-4.104671596714432e-10,8.208607569723231e-07,-4.9890855494449206e-08,0.9999999999996618
198,745000000,198.745,indoor_world,differential_drive_robot,-3.5741685225951495e-06,-2.993451338640735e-08,-4.433823484413102e-07,-4.104671596714432e-10,8.208607569723231e-07,-4.9890855494449206e-08,0.9999999999996618
198,765000000,198.765,indoor_world,differential_drive_robot,-3.5741685225951495e-06,-2.993451338640735e-08,-4.433823484413102e-07,-4.104671596714432e-10,8.208607569723231e-07,-4.9890855494449206e-08,0.9999999999996618
198,785000000,198.785,indoor_world,differential_drive_robot,-3.5741685225951495e-06,-2.993451338640735e-08,-4.433823484413102e-07,-4.104671596714432e-10,8.208607569723231e-07,-4.9890855494449206e-08,0.9999999999996618
198,805000000,198.805,indoor_world,differential_drive_robot,-3.5741685225951495e-06,-2.993451338640735e-08,-4.433823484413102e-07,-4.104671596714432e-10,8.208607569723231e-07,-4.9890855494449206e-08,0.9999999999996618
198,825000000,198.825,indoor_world,differential_drive_robot,-3.5741685225951495e-06,-2.993451338640735e-08,-4.433823484413102e-07,-4.104671596714432e-10,8.208607569723231e-07,-4.9890855494449206e-08,0.9999999999996618
198,845000000,198.845,indoor_world,differential_drive_robot,-3.5741685225951495e-06,-2.993451338640735e-08,-4.433823484413102e-07,-4.104671596714432e-10,8.208607569723231e-07,-4.9890855494449206e-08,0.9999999999996618
198,865000000,198.865,indoor_world,differential_drive_robot,-3.5741685225951495e-06,-2.993451338640735e-08,-4.433823484413102e-07,-4.104671596714432e-10,8.208607569723231e-07,-4.9890855494449206e-08,0.9999999999996618
198,885000000,198.885,indoor_world,differential_drive_robot,-3.5741685225951495e-06,-2.993451338640735e-08,-4.433823484413102e-07,-4.104671596714432e-10,8.208607569723231e-07,-4.9890855494449206e-08,0.9999999999996618
198,905000000,198.905,indoor_world,differential_drive_robot,-3.5741685225951495e-06,-2.993451338640735e-08,-4.433823484413102e-07,-4.104671596714432e-10,8.208607569723231e-07,-4.9890855494449206e-08,0.9999999999996618
198,925000000,198.925,indoor_world,differential_drive_robot,-3.5741685225951495e-06,-2.993451338640735e-08,-4.433823484413102e-07,-4.104671596714432e-10,8.208607569723231e-07,-4.9890855494449206e-08,0.9999999999996618
198,945000000,198.945,indoor_world,differential_drive_robot,-3.5741685225951495e-06,-2.993451338640735e-08,-4.433823484413102e-07,-4.104671596714432e-10,8.208607569723231e-07,-4.9890855494449206e-08,0.9999999999996618
198,965000000,198.965,indoor_world,differential_drive_robot,-3.5741685225951495e-06,-2.993451338640735e-08,-4.433823484413102e-07,-4.104671596714432e-10,8.208607569723231e-07,-4.9890855494449206e-08,0.9999999999996618
198,985000000,198.985,indoor_world,differential_drive_robot,-3.5741685225951495e-06,-2.993451338640735e-08,-4.433823484413102e-07,-4.104671596714432e-10,8.208607569723231e-07,-4.9890855494449206e-08,0.9999999999996618
199,5000000,199.005,indoor_world,differential_drive_robot,-3.5741685225951495e-06,-2.993451338640735e-08,-4.433823484413102e-07,-4.104671596714432e-10,8.208607569723231e-07,-4.9890855494449206e-08,0.9999999999996618
199,25000000,199.025,indoor_world,differential_drive_robot,-3.5741685225951495e-06,-2.993451338640735e-08,-4.433823484413102e-07,-4.104671596714432e-10,8.208607569723231e-07,-4.9890855494449206e-08,0.9999999999996618
199,45000000,199.045,indoor_world,differential_drive_robot,-3.5741685225951495e-06,-2.993451338640735e-08,-4.433823484413102e-07,-4.104671596714432e-10,8.208607569723231e-07,-4.9890855494449206e-08,0.9999999999996618
199,65000000,199.065,indoor_world,differential_drive_robot,-3.5741685225951495e-06,-2.993451338640735e-08,-4.433823484413102e-07,-4.104671596714432e-10,8.208607569723231e-07,-4.9890855494449206e-08,0.9999999999996618
199,85000000,199.085,indoor_world,differential_drive_robot,-3.5741685225951495e-06,-2.993451338640735e-08,-4.433823484413102e-07,-4.104671596714432e-10,8.208607569723231e-07,-4.9890855494449206e-08,0.9999999999996618
199,105000000,199.105,indoor_world,differential_drive_robot,-3.5741685225951495e-06,-2.993451338640735e-08,-4.433823484413102e-07,-4.104671596714432e-10,8.208607569723231e-07,-4.9890855494449206e-08,0.9999999999996618
199,125000000,199.125,indoor_world,differential_drive_robot,-3.5741685225951495e-06,-2.993451338640735e-08,-4.433823484413102e-07,-4.104671596714432e-10,8.208607569723231e-07,-4.9890855494449206e-08,0.9999999999996618
199,145000000,199.145,indoor_world,differential_drive_robot,-3.5741685225951495e-06,-2.993451338640735e-08,-4.433823484413102e-07,-4.104671596714432e-10,8.208607569723231e-07,-4.9890855494449206e-08,0.9999999999996618
199,165000000,199.165,indoor_world,differential_drive_robot,-3.5741685225951495e-06,-2.993451338640735e-08,-4.433823484413102e-07,-4.104671596714432e-10,8.208607569723231e-07,-4.9890855494449206e-08,0.9999999999996618
199,185000000,199.185,indoor_world,differential_drive_robot,-3.5741685225951495e-06,-2.993451338640735e-08,-4.433823484413102e-07,-4.104671596714432e-10,8.208607569723231e-07,-4.9890855494449206e-08,0.9999999999996618
199,205000000,199.205,indoor_world,differential_drive_robot,-3.5741685225951495e-06,-2.993451338640735e-08,-4.433823484413102e-07,-4.104671596714432e-10,8.208607569723231e-07,-4.9890855494449206e-08,0.9999999999996618
199,225000000,199.225,indoor_world,differential_drive_robot,-3.5741685225951495e-06,-2.993451338640735e-08,-4.433823484413102e-07,-4.104671596714432e-10,8.208607569723231e-07,-4.9890855494449206e-08,0.9999999999996618
199,245000000,199.245,indoor_world,differential_drive_robot,-3.5741685225951495e-06,-2.993451338640735e-08,-4.433823484413102e-07,-4.104671596714432e-10,8.208607569723231e-07,-4.9890855494449206e-08,0.9999999999996618
199,265000000,199.265,indoor_world,differential_drive_robot,-3.5741685225951495e-06,-2.993451338640735e-08,-4.433823484413102e-07,-4.104671596714432e-10,8.208607569723231e-07,-4.9890855494449206e-08,0.9999999999996618
199,285000000,199.285,indoor_world,differential_drive_robot,-3.5741685225951495e-06,-2.993451338640735e-08,-4.433823484413102e-07,-4.104671596714432e-10,8.208607569723231e-07,-4.9890855494449206e-08,0.9999999999996618
199,305000000,199.305,indoor_world,differential_drive_robot,-3.5741685225951495e-06,-2.993451338640735e-08,-4.433823484413102e-07,-4.104671596714432e-10,8.208607569723231e-07,-4.9890855494449206e-08,0.9999999999996618
199,325000000,199.325,indoor_world,differential_drive_robot,-3.5741685225951495e-06,-2.993451338640735e-08,-4.433823484413102e-07,-4.104671596714432e-10,8.208607569723231e-07,-4.9890855494449206e-08,0.9999999999996618
199,345000000,199.345,indoor_world,differential_drive_robot,-3.5741685225951495e-06,-2.993451338640735e-08,-4.433823484413102e-07,-4.104671596714432e-10,8.208607569723231e-07,-4.9890855494449206e-08,0.9999999999996618
199,365000000,199.365,indoor_world,differential_drive_robot,-3.5741685225951495e-06,-2.993451338640735e-08,-4.433823484413102e-07,-4.104671596714432e-10,8.208607569723231e-07,-4.9890855494449206e-08,0.9999999999996618
199,385000000,199.385,indoor_world,differential_drive_robot,-3.5741685225951495e-06,-2.993451338640735e-08,-4.433823484413102e-07,-4.104671596714432e-10,8.208607569723231e-07,-4.9890855494449206e-08,0.9999999999996618
199,405000000,199.405,indoor_world,differential_drive_robot,-3.5741685225951495e-06,-2.993451338640735e-08,-4.433823484413102e-07,-4.104671596714432e-10,8.208607569723231e-07,-4.9890855494449206e-08,0.9999999999996618
199,425000000,199.425,indoor_world,differential_drive_robot,-3.5741685225951495e-06,-2.993451338640735e-08,-4.433823484413102e-07,-4.104671596714432e-10,8.208607569723231e-07,-4.9890855494449206e-08,0.9999999999996618
199,445000000,199.445,indoor_world,differential_drive_robot,-3.5741685225951495e-06,-2.993451338640735e-08,-4.433823484413102e-07,-4.104671596714432e-10,8.208607569723231e-07,-4.9890855494449206e-08,0.9999999999996618
199,465000000,199.465,indoor_world,differential_drive_robot,-3.5741685225951495e-06,-2.993451338640735e-08,-4.433823484413102e-07,-4.104671596714432e-10,8.208607569723231e-07,-4.9890855494449206e-08,0.9999999999996618
199,485000000,199.485,indoor_world,differential_drive_robot,-3.5741685225951495e-06,-2.993451338640735e-08,-4.433823484413102e-07,-4.104671596714432e-10,8.208607569723231e-07,-4.9890855494449206e-08,0.9999999999996618
199,505000000,199.505,indoor_world,differential_drive_robot,-3.5741685225951495e-06,-2.993451338640735e-08,-4.433823484413102e-07,-4.104671596714432e-10,8.208607569723231e-07,-4.9890855494449206e-08,0.9999999999996618
199,525000000,199.525,indoor_world,differential_drive_robot,-3.5741685225951495e-06,-2.993451338640735e-08,-4.433823484413102e-07,-4.104671596714432e-10,8.208607569723231e-07,-4.9890855494449206e-08,0.9999999999996618
199,545000000,199.545,indoor_world,differential_drive_robot,-3.5741685225951495e-06,-2.993451338640735e-08,-4.433823484413102e-07,-4.104671596714432e-10,8.208607569723231e-07,-4.9890855494449206e-08,0.9999999999996618
199,565000000,199.565,indoor_world,differential_drive_robot,-3.5741685225951495e-06,-2.993451338640735e-08,-4.433823484413102e-07,-4.104671596714432e-10,8.208607569723231e-07,-4.9890855494449206e-08,0.9999999999996618
199,585000000,199.585,indoor_world,differential_drive_robot,-3.5741685225951495e-06,-2.993451338640735e-08,-4.433823484413102e-07,-4.104671596714432e-10,8.208607569723231e-07,-4.9890855494449206e-08,0.9999999999996618
199,605000000,199.605,indoor_world,differential_drive_robot,-3.5741685225951495e-06,-2.993451338640735e-08,-4.433823484413102e-07,-4.104671596714432e-10,8.208607569723231e-07,-4.9890855494449206e-08,0.9999999999996618
199,625000000,199.625,indoor_world,differential_drive_robot,-3.5741685225951495e-06,-2.993451338640735e-08,-4.433823484413102e-07,-4.104671596714432e-10,8.208607569723231e-07,-4.9890855494449206e-08,0.9999999999996618
199,645000000,199.645,indoor_world,differential_drive_robot,-3.5741685225951495e-06,-2.993451338640735e-08,-4.433823484413102e-07,-4.104671596714432e-10,8.208607569723231e-07,-4.9890855494449206e-08,0.9999999999996618
199,665000000,199.665,indoor_world,differential_drive_robot,-3.5741685225951495e-06,-2.993451338640735e-08,-4.433823484413102e-07,-4.104671596714432e-10,8.208607569723231e-07,-4.9890855494449206e-08,0.9999999999996618
199,685000000,199.685,indoor_world,differential_drive_robot,-3.5741685225951495e-06,-2.993451338640735e-08,-4.433823484413102e-07,-4.104671596714432e-10,8.208607569723231e-07,-4.9890855494449206e-08,0.9999999999996618
199,705000000,199.705,indoor_world,differential_drive_robot,-3.5741685225951495e-06,-2.993451338640735e-08,-4.433823484413102e-07,-4.104671596714432e-10,8.208607569723231e-07,-4.9890855494449206e-08,0.9999999999996618
199,725000000,199.725,indoor_world,differential_drive_robot,-3.5741685225951495e-06,-2.993451338640735e-08,-4.433823484413102e-07,-4.104671596714432e-10,8.208607569723231e-07,-4.9890855494449206e-08,0.9999999999996618
199,745000000,199.745,indoor_world,differential_drive_robot,-3.5741685225951495e-06,-2.993451338640735e-08,-4.433823484413102e-07,-4.104671596714432e-10,8.208607569723231e-07,-4.9890855494449206e-08,0.9999999999996618
199,765000000,199.765,indoor_world,differential_drive_robot,-3.5741685225951495e-06,-2.993451338640735e-08,-4.433823484413102e-07,-4.104671596714432e-10,8.208607569723231e-07,-4.9890855494449206e-08,0.9999999999996618
199,785000000,199.785,indoor_world,differential_drive_robot,-3.5741685225951495e-06,-2.993451338640735e-08,-4.433823484413102e-07,-4.104671596714432e-10,8.208607569723231e-07,-4.9890855494449206e-08,0.9999999999996618
199,805000000,199.805,indoor_world,differential_drive_robot,-3.5741685225951495e-06,-2.993451338640735e-08,-4.433823484413102e-07,-4.104671596714432e-10,8.208607569723231e-07,-4.9890855494449206e-08,0.9999999999996618
199,825000000,199.825,indoor_world,differential_drive_robot,-3.5741685225951495e-06,-2.993451338640735e-08,-4.433823484413102e-07,-4.104671596714432e-10,8.208607569723231e-07,-4.9890855494449206e-08,0.9999999999996618
199,845000000,199.845,indoor_world,differential_drive_robot,-3.5741685225951495e-06,-2.993451338640735e-08,-4.433823484413102e-07,-4.104671596714432e-10,8.208607569723231e-07,-4.9890855494449206e-08,0.9999999999996618
199,865000000,199.865,indoor_world,differential_drive_robot,-3.5741685225951495e-06,-2.993451338640735e-08,-4.433823484413102e-07,-4.104671596714432e-10,8.208607569723231e-07,-4.9890855494449206e-08,0.9999999999996618
199,885000000,199.885,indoor_world,differential_drive_robot,-3.5741685225951495e-06,-2.993451338640735e-08,-4.433823484413102e-07,-4.104671596714432e-10,8.208607569723231e-07,-4.9890855494449206e-08,0.9999999999996618
199,905000000,199.905,indoor_world,differential_drive_robot,-3.5741685225951495e-06,-2.993451338640735e-08,-4.433823484413102e-07,-4.104671596714432e-10,8.208607569723231e-07,-4.9890855494449206e-08,0.9999999999996618
199,925000000,199.925,indoor_world,differential_drive_robot,-3.5741685225951495e-06,-2.993451338640735e-08,-4.433823484413102e-07,-4.104671596714432e-10,8.208607569723231e-07,-4.9890855494449206e-08,0.9999999999996618
199,945000000,199.945,indoor_world,differential_drive_robot,-3.5741685225951495e-06,-2.993451338640735e-08,-4.433823484413102e-07,-4.104671596714432e-10,8.208607569723231e-07,-4.9890855494449206e-08,0.9999999999996618
199,965000000,199.965,indoor_world,differential_drive_robot,-3.5741685225951495e-06,-2.993451338640735e-08,-4.433823484413102e-07,-4.104671596714432e-10,8.208607569723231e-07,-4.9890855494449206e-08,0.9999999999996618
199,985000000,199.985,indoor_world,differential_drive_robot,-3.5741685225951495e-06,-2.993451338640735e-08,-4.433823484413102e-07,-4.104671596714432e-10,8.208607569723231e-07,-4.9890855494449206e-08,0.9999999999996618
200,5000000,200.005,indoor_world,differential_drive_robot,-3.5741685225951495e-06,-2.993451338640735e-08,-4.433823484413102e-07,-4.104671596714432e-10,8.208607569723231e-07,-4.9890855494449206e-08,0.9999999999996618
200,25000000,200.025,indoor_world,differential_drive_robot,-3.5741685225951495e-06,-2.993451338640735e-08,-4.433823484413102e-07,-4.104671596714432e-10,8.208607569723231e-07,-4.9890855494449206e-08,0.9999999999996618
200,45000000,200.045,indoor_world,differential_drive_robot,-3.5741685225951495e-06,-2.993451338640735e-08,-4.433823484413102e-07,-4.104671596714432e-10,8.208607569723231e-07,-4.9890855494449206e-08,0.9999999999996618
200,65000000,200.065,indoor_world,differential_drive_robot,-3.5741685225951495e-06,-2.993451338640735e-08,-4.433823484413102e-07,-4.104671596714432e-10,8.208607569723231e-07,-4.9890855494449206e-08,0.9999999999996618
200,85000000,200.085,indoor_world,differential_drive_robot,-3.5741685225951495e-06,-2.993451338640735e-08,-4.433823484413102e-07,-4.104671596714432e-10,8.208607569723231e-07,-4.9890855494449206e-08,0.9999999999996618
200,105000000,200.105,indoor_world,differential_drive_robot,-3.5741685225951495e-06,-2.993451338640735e-08,-4.433823484413102e-07,-4.104671596714432e-10,8.208607569723231e-07,-4.9890855494449206e-08,0.9999999999996618
200,125000000,200.125,indoor_world,differential_drive_robot,-3.5741685225951495e-06,-2.993451338640735e-08,-4.433823484413102e-07,-4.104671596714432e-10,8.208607569723231e-07,-4.9890855494449206e-08,0.9999999999996618
200,145000000,200.145,indoor_world,differential_drive_robot,-3.5741685225951495e-06,-2.993451338640735e-08,-4.433823484413102e-07,-4.104671596714432e-10,8.208607569723231e-07,-4.9890855494449206e-08,0.9999999999996618
200,165000000,200.165,indoor_world,differential_drive_robot,-3.5741685225951495e-06,-2.993451338640735e-08,-4.433823484413102e-07,-4.104671596714432e-10,8.208607569723231e-07,-4.9890855494449206e-08,0.9999999999996618
200,185000000,200.185,indoor_world,differential_drive_robot,-3.5741685225951495e-06,-2.993451338640735e-08,-4.433823484413102e-07,-4.104671596714432e-10,8.208607569723231e-07,-4.9890855494449206e-08,0.9999999999996618
200,205000000,200.205,indoor_world,differential_drive_robot,-3.5741685225951495e-06,-2.993451338640735e-08,-4.433823484413102e-07,-4.104671596714432e-10,8.208607569723231e-07,-4.9890855494449206e-08,0.9999999999996618
200,225000000,200.225,indoor_world,differential_drive_robot,-3.5741685225951495e-06,-2.993451338640735e-08,-4.433823484413102e-07,-4.104671596714432e-10,8.208607569723231e-07,-4.9890855494449206e-08,0.9999999999996618
200,245000000,200.245,indoor_world,differential_drive_robot,-3.5741685225951495e-06,-2.993451338640735e-08,-4.433823484413102e-07,-4.104671596714432e-10,8.208607569723231e-07,-4.9890855494449206e-08,0.9999999999996618
200,265000000,200.265,indoor_world,differential_drive_robot,-3.5741685225951495e-06,-2.993451338640735e-08,-4.433823484413102e-07,-4.104671596714432e-10,8.208607569723231e-07,-4.9890855494449206e-08,0.9999999999996618
200,285000000,200.285,indoor_world,differential_drive_robot,-3.5741685225951495e-06,-2.993451338640735e-08,-4.433823484413102e-07,-4.104671596714432e-10,8.208607569723231e-07,-4.9890855494449206e-08,0.9999999999996618
200,305000000,200.305,indoor_world,differential_drive_robot,-3.5741685225951495e-06,-2.993451338640735e-08,-4.433823484413102e-07,-4.104671596714432e-10,8.208607569723231e-07,-4.9890855494449206e-08,0.9999999999996618
200,325000000,200.325,indoor_world,differential_drive_robot,-3.5741685225951495e-06,-2.993451338640735e-08,-4.433823484413102e-07,-4.104671596714432e-10,8.208607569723231e-07,-4.9890855494449206e-08,0.9999999999996618
200,345000000,200.345,indoor_world,differential_drive_robot,-3.5741685225951495e-06,-2.993451338640735e-08,-4.433823484413102e-07,-4.104671596714432e-10,8.208607569723231e-07,-4.9890855494449206e-08,0.9999999999996618
200,365000000,200.365,indoor_world,differential_drive_robot,-3.5741685225951495e-06,-2.993451338640735e-08,-4.433823484413102e-07,-4.104671596714432e-10,8.208607569723231e-07,-4.9890855494449206e-08,0.9999999999996618
200,385000000,200.385,indoor_world,differential_drive_robot,-3.5741685225951495e-06,-2.993451338640735e-08,-4.433823484413102e-07,-4.104671596714432e-10,8.208607569723231e-07,-4.9890855494449206e-08,0.9999999999996618
200,405000000,200.405,indoor_world,differential_drive_robot,-3.5741685225951495e-06,-2.993451338640735e-08,-4.433823484413102e-07,-4.104671596714432e-10,8.208607569723231e-07,-4.9890855494449206e-08,0.9999999999996618
200,425000000,200.425,indoor_world,differential_drive_robot,-3.5741685225951495e-06,-2.993451338640735e-08,-4.433823484413102e-07,-4.104671596714432e-10,8.208607569723231e-07,-4.9890855494449206e-08,0.9999999999996618
200,445000000,200.445,indoor_world,differential_drive_robot,-3.5741685225951495e-06,-2.993451338640735e-08,-4.433823484413102e-07,-4.104671596714432e-10,8.208607569723231e-07,-4.9890855494449206e-08,0.9999999999996618
200,465000000,200.465,indoor_world,differential_drive_robot,-3.5741685225951495e-06,-2.993451338640735e-08,-4.433823484413102e-07,-4.104671596714432e-10,8.208607569723231e-07,-4.9890855494449206e-08,0.9999999999996618
200,485000000,200.485,indoor_world,differential_drive_robot,-3.5741685225951495e-06,-2.993451338640735e-08,-4.433823484413102e-07,-4.104671596714432e-10,8.208607569723231e-07,-4.9890855494449206e-08,0.9999999999996618
200,505000000,200.505,indoor_world,differential_drive_robot,-3.5741685225951495e-06,-2.993451338640735e-08,-4.433823484413102e-07,-4.104671596714432e-10,8.208607569723231e-07,-4.9890855494449206e-08,0.9999999999996618
200,525000000,200.525,indoor_world,differential_drive_robot,-3.5741685225951495e-06,-2.993451338640735e-08,-4.433823484413102e-07,-4.104671596714432e-10,8.208607569723231e-07,-4.9890855494449206e-08,0.9999999999996618
200,545000000,200.545,indoor_world,differential_drive_robot,-3.5741685225951495e-06,-2.993451338640735e-08,-4.433823484413102e-07,-4.104671596714432e-10,8.208607569723231e-07,-4.9890855494449206e-08,0.9999999999996618
200,565000000,200.565,indoor_world,differential_drive_robot,-3.5741685225951495e-06,-2.993451338640735e-08,-4.433823484413102e-07,-4.104671596714432e-10,8.208607569723231e-07,-4.9890855494449206e-08,0.9999999999996618
200,585000000,200.585,indoor_world,differential_drive_robot,-3.5741685225951495e-06,-2.993451338640735e-08,-4.433823484413102e-07,-4.104671596714432e-10,8.208607569723231e-07,-4.9890855494449206e-08,0.9999999999996618
200,605000000,200.605,indoor_world,differential_drive_robot,-3.5741685225951495e-06,-2.993451338640735e-08,-4.433823484413102e-07,-4.104671596714432e-10,8.208607569723231e-07,-4.9890855494449206e-08,0.9999999999996618
200,625000000,200.625,indoor_world,differential_drive_robot,-3.5741685225951495e-06,-2.993451338640735e-08,-4.433823484413102e-07,-4.104671596714432e-10,8.208607569723231e-07,-4.9890855494449206e-08,0.9999999999996618
200,645000000,200.645,indoor_world,differential_drive_robot,-3.5741685225951495e-06,-2.993451338640735e-08,-4.433823484413102e-07,-4.104671596714432e-10,8.208607569723231e-07,-4.9890855494449206e-08,0.9999999999996618
200,665000000,200.665,indoor_world,differential_drive_robot,-3.5741685225951495e-06,-2.993451338640735e-08,-4.433823484413102e-07,-4.104671596714432e-10,8.208607569723231e-07,-4.9890855494449206e-08,0.9999999999996618
200,685000000,200.685,indoor_world,differential_drive_robot,-3.5741685225951495e-06,-2.993451338640735e-08,-4.433823484413102e-07,-4.104671596714432e-10,8.208607569723231e-07,-4.9890855494449206e-08,0.9999999999996618
200,705000000,200.705,indoor_world,differential_drive_robot,-3.5741685225951495e-06,-2.993451338640735e-08,-4.433823484413102e-07,-4.104671596714432e-10,8.208607569723231e-07,-4.9890855494449206e-08,0.9999999999996618
200,725000000,200.725,indoor_world,differential_drive_robot,-3.5741685225951495e-06,-2.993451338640735e-08,-4.433823484413102e-07,-4.104671596714432e-10,8.208607569723231e-07,-4.9890855494449206e-08,0.9999999999996618
200,745000000,200.745,indoor_world,differential_drive_robot,-3.5741685225951495e-06,-2.993451338640735e-08,-4.433823484413102e-07,-4.104671596714432e-10,8.208607569723231e-07,-4.9890855494449206e-08,0.9999999999996618
200,765000000,200.765,indoor_world,differential_drive_robot,-3.5741685225951495e-06,-2.993451338640735e-08,-4.433823484413102e-07,-4.104671596714432e-10,8.208607569723231e-07,-4.9890855494449206e-08,0.9999999999996618
200,785000000,200.785,indoor_world,differential_drive_robot,-3.5741685225951495e-06,-2.993451338640735e-08,-4.433823484413102e-07,-4.104671596714432e-10,8.208607569723231e-07,-4.9890855494449206e-08,0.9999999999996618
200,805000000,200.805,indoor_world,differential_drive_robot,-3.5741685225951495e-06,-2.993451338640735e-08,-4.433823484413102e-07,-4.104671596714432e-10,8.208607569723231e-07,-4.9890855494449206e-08,0.9999999999996618
200,825000000,200.825,indoor_world,differential_drive_robot,-3.5741685225951495e-06,-2.993451338640735e-08,-4.433823484413102e-07,-4.104671596714432e-10,8.208607569723231e-07,-4.9890855494449206e-08,0.9999999999996618
200,845000000,200.845,indoor_world,differential_drive_robot,-3.5741685225951495e-06,-2.993451338640735e-08,-4.433823484413102e-07,-4.104671596714432e-10,8.208607569723231e-07,-4.9890855494449206e-08,0.9999999999996618
200,865000000,200.865,indoor_world,differential_drive_robot,-3.5741685225951495e-06,-2.993451338640735e-08,-4.433823484413102e-07,-4.104671596714432e-10,8.208607569723231e-07,-4.9890855494449206e-08,0.9999999999996618
200,885000000,200.885,indoor_world,differential_drive_robot,-3.5741685225951495e-06,-2.993451338640735e-08,-4.433823484413102e-07,-4.104671596714432e-10,8.208607569723231e-07,-4.9890855494449206e-08,0.9999999999996618
200,905000000,200.905,indoor_world,differential_drive_robot,-3.5741685225951495e-06,-2.993451338640735e-08,-4.433823484413102e-07,-4.104671596714432e-10,8.208607569723231e-07,-4.9890855494449206e-08,0.9999999999996618
200,925000000,200.925,indoor_world,differential_drive_robot,-3.5741685225951495e-06,-2.993451338640735e-08,-4.433823484413102e-07,-4.104671596714432e-10,8.208607569723231e-07,-4.9890855494449206e-08,0.9999999999996618
200,945000000,200.945,indoor_world,differential_drive_robot,-3.5741685225951495e-06,-2.993451338640735e-08,-4.433823484413102e-07,-4.104671596714432e-10,8.208607569723231e-07,-4.9890855494449206e-08,0.9999999999996618
200,965000000,200.965,indoor_world,differential_drive_robot,-3.5741685225951495e-06,-2.993451338640735e-08,-4.433823484413102e-07,-4.104671596714432e-10,8.208607569723231e-07,-4.9890855494449206e-08,0.9999999999996618
200,985000000,200.985,indoor_world,differential_drive_robot,-3.5741685225951495e-06,-2.993451338640735e-08,-4.433823484413102e-07,-4.104671596714432e-10,8.208607569723231e-07,-4.9890855494449206e-08,0.9999999999996618
201,5000000,201.005,indoor_world,differential_drive_robot,-3.5741685225951495e-06,-2.993451338640735e-08,-4.433823484413102e-07,-4.104671596714432e-10,8.208607569723231e-07,-4.9890855494449206e-08,0.9999999999996618
201,25000000,201.025,indoor_world,differential_drive_robot,-3.5741685225951495e-06,-2.993451338640735e-08,-4.433823484413102e-07,-4.104671596714432e-10,8.208607569723231e-07,-4.9890855494449206e-08,0.9999999999996618
201,45000000,201.045,indoor_world,differential_drive_robot,-3.5741685225951495e-06,-2.993451338640735e-08,-4.433823484413102e-07,-4.104671596714432e-10,8.208607569723231e-07,-4.9890855494449206e-08,0.9999999999996618
201,65000000,201.065,indoor_world,differential_drive_robot,-3.5741685225951495e-06,-2.993451338640735e-08,-4.433823484413102e-07,-4.104671596714432e-10,8.208607569723231e-07,-4.9890855494449206e-08,0.9999999999996618
201,85000000,201.085,indoor_world,differential_drive_robot,-3.5741685225951495e-06,-2.993451338640735e-08,-4.433823484413102e-07,-4.104671596714432e-10,8.208607569723231e-07,-4.9890855494449206e-08,0.9999999999996618
201,105000000,201.105,indoor_world,differential_drive_robot,-3.5741685225951495e-06,-2.993451338640735e-08,-4.433823484413102e-07,-4.104671596714432e-10,8.208607569723231e-07,-4.9890855494449206e-08,0.9999999999996618
201,125000000,201.125,indoor_world,differential_drive_robot,-3.5741685225951495e-06,-2.993451338640735e-08,-4.433823484413102e-07,-4.104671596714432e-10,8.208607569723231e-07,-4.9890855494449206e-08,0.9999999999996618
201,145000000,201.145,indoor_world,differential_drive_robot,-3.5741685225951495e-06,-2.993451338640735e-08,-4.433823484413102e-07,-4.104671596714432e-10,8.208607569723231e-07,-4.9890855494449206e-08,0.9999999999996618
201,165000000,201.165,indoor_world,differential_drive_robot,-3.5741685225951495e-06,-2.993451338640735e-08,-4.433823484413102e-07,-4.104671596714432e-10,8.208607569723231e-07,-4.9890855494449206e-08,0.9999999999996618
201,185000000,201.185,indoor_world,differential_drive_robot,-3.5741685225951495e-06,-2.993451338640735e-08,-4.433823484413102e-07,-4.104671596714432e-10,8.208607569723231e-07,-4.9890855494449206e-08,0.9999999999996618
201,205000000,201.205,indoor_world,differential_drive_robot,-3.5741685225951495e-06,-2.993451338640735e-08,-4.433823484413102e-07,-4.104671596714432e-10,8.208607569723231e-07,-4.9890855494449206e-08,0.9999999999996618
201,225000000,201.225,indoor_world,differential_drive_robot,-3.5741685225951495e-06,-2.993451338640735e-08,-4.433823484413102e-07,-4.104671596714432e-10,8.208607569723231e-07,-4.9890855494449206e-08,0.9999999999996618
201,245000000,201.245,indoor_world,differential_drive_robot,-3.5741685225951495e-06,-2.993451338640735e-08,-4.433823484413102e-07,-4.104671596714432e-10,8.208607569723231e-07,-4.9890855494449206e-08,0.9999999999996618
201,265000000,201.265,indoor_world,differential_drive_robot,-3.5741685225951495e-06,-2.993451338640735e-08,-4.433823484413102e-07,-4.104671596714432e-10,8.208607569723231e-07,-4.9890855494449206e-08,0.9999999999996618
201,285000000,201.285,indoor_world,differential_drive_robot,-3.5741685225951495e-06,-2.993451338640735e-08,-4.433823484413102e-07,-4.104671596714432e-10,8.208607569723231e-07,-4.9890855494449206e-08,0.9999999999996618
201,305000000,201.305,indoor_world,differential_drive_robot,-3.5741685225951495e-06,-2.993451338640735e-08,-4.433823484413102e-07,-4.104671596714432e-10,8.208607569723231e-07,-4.9890855494449206e-08,0.9999999999996618
201,325000000,201.325,indoor_world,differential_drive_robot,-3.5741685225951495e-06,-2.993451338640735e-08,-4.433823484413102e-07,-4.104671596714432e-10,8.208607569723231e-07,-4.9890855494449206e-08,0.9999999999996618
201,345000000,201.345,indoor_world,differential_drive_robot,-3.5741685225951495e-06,-2.993451338640735e-08,-4.433823484413102e-07,-4.104671596714432e-10,8.208607569723231e-07,-4.9890855494449206e-08,0.9999999999996618
201,365000000,201.365,indoor_world,differential_drive_robot,-3.5741685225951495e-06,-2.993451338640735e-08,-4.433823484413102e-07,-4.104671596714432e-10,8.208607569723231e-07,-4.9890855494449206e-08,0.9999999999996618
201,385000000,201.385,indoor_world,differential_drive_robot,-3.5741685225951495e-06,-2.993451338640735e-08,-4.433823484413102e-07,-4.104671596714432e-10,8.208607569723231e-07,-4.9890855494449206e-08,0.9999999999996618
201,405000000,201.405,indoor_world,differential_drive_robot,-3.5741685225951495e-06,-2.993451338640735e-08,-4.433823484413102e-07,-4.104671596714432e-10,8.208607569723231e-07,-4.9890855494449206e-08,0.9999999999996618
201,425000000,201.425,indoor_world,differential_drive_robot,-3.5741685225951495e-06,-2.993451338640735e-08,-4.433823484413102e-07,-4.104671596714432e-10,8.208607569723231e-07,-4.9890855494449206e-08,0.9999999999996618
201,445000000,201.445,indoor_world,differential_drive_robot,-3.5741685225951495e-06,-2.993451338640735e-08,-4.433823484413102e-07,-4.104671596714432e-10,8.208607569723231e-07,-4.9890855494449206e-08,0.9999999999996618
201,465000000,201.465,indoor_world,differential_drive_robot,-3.5741685225951495e-06,-2.993451338640735e-08,-4.433823484413102e-07,-4.104671596714432e-10,8.208607569723231e-07,-4.9890855494449206e-08,0.9999999999996618
201,485000000,201.485,indoor_world,differential_drive_robot,-3.5741685225951495e-06,-2.993451338640735e-08,-4.433823484413102e-07,-4.104671596714432e-10,8.208607569723231e-07,-4.9890855494449206e-08,0.9999999999996618
201,505000000,201.505,indoor_world,differential_drive_robot,-3.5741685225951495e-06,-2.993451338640735e-08,-4.433823484413102e-07,-4.104671596714432e-10,8.208607569723231e-07,-4.9890855494449206e-08,0.9999999999996618
201,525000000,201.525,indoor_world,differential_drive_robot,-3.5741685225951495e-06,-2.993451338640735e-08,-4.433823484413102e-07,-4.104671596714432e-10,8.208607569723231e-07,-4.9890855494449206e-08,0.9999999999996618
201,545000000,201.545,indoor_world,differential_drive_robot,-3.5741685225951495e-06,-2.993451338640735e-08,-4.433823484413102e-07,-4.104671596714432e-10,8.208607569723231e-07,-4.9890855494449206e-08,0.9999999999996618
201,565000000,201.565,indoor_world,differential_drive_robot,-3.5741685225951495e-06,-2.993451338640735e-08,-4.433823484413102e-07,-4.104671596714432e-10,8.208607569723231e-07,-4.9890855494449206e-08,0.9999999999996618
201,585000000,201.585,indoor_world,differential_drive_robot,-3.5741685225951495e-06,-2.993451338640735e-08,-4.433823484413102e-07,-4.104671596714432e-10,8.208607569723231e-07,-4.9890855494449206e-08,0.9999999999996618
201,605000000,201.605,indoor_world,differential_drive_robot,-3.5741685225951495e-06,-2.993451338640735e-08,-4.433823484413102e-07,-4.104671596714432e-10,8.208607569723231e-07,-4.9890855494449206e-08,0.9999999999996618
201,625000000,201.625,indoor_world,differential_drive_robot,-3.5741685225951495e-06,-2.993451338640735e-08,-4.433823484413102e-07,-4.104671596714432e-10,8.208607569723231e-07,-4.9890855494449206e-08,0.9999999999996618
201,645000000,201.645,indoor_world,differential_drive_robot,-3.5741685225951495e-06,-2.993451338640735e-08,-4.433823484413102e-07,-4.104671596714432e-10,8.208607569723231e-07,-4.9890855494449206e-08,0.9999999999996618
201,665000000,201.665,indoor_world,differential_drive_robot,-3.5741685225951495e-06,-2.993451338640735e-08,-4.433823484413102e-07,-4.104671596714432e-10,8.208607569723231e-07,-4.9890855494449206e-08,0.9999999999996618
201,685000000,201.685,indoor_world,differential_drive_robot,-3.5741685225951495e-06,-2.993451338640735e-08,-4.433823484413102e-07,-4.104671596714432e-10,8.208607569723231e-07,-4.9890855494449206e-08,0.9999999999996618
201,705000000,201.705,indoor_world,differential_drive_robot,-3.5741685225951495e-06,-2.993451338640735e-08,-4.433823484413102e-07,-4.104671596714432e-10,8.208607569723231e-07,-4.9890855494449206e-08,0.9999999999996618
201,725000000,201.725,indoor_world,differential_drive_robot,-3.5741685225951495e-06,-2.993451338640735e-08,-4.433823484413102e-07,-4.104671596714432e-10,8.208607569723231e-07,-4.9890855494449206e-08,0.9999999999996618
201,745000000,201.745,indoor_world,differential_drive_robot,-3.5741685225951495e-06,-2.993451338640735e-08,-4.433823484413102e-07,-4.104671596714432e-10,8.208607569723231e-07,-4.9890855494449206e-08,0.9999999999996618
201,765000000,201.765,indoor_world,differential_drive_robot,-3.5741685225951495e-06,-2.993451338640735e-08,-4.433823484413102e-07,-4.104671596714432e-10,8.208607569723231e-07,-4.9890855494449206e-08,0.9999999999996618
201,785000000,201.785,indoor_world,differential_drive_robot,-3.5741685225951495e-06,-2.993451338640735e-08,-4.433823484413102e-07,-4.104671596714432e-10,8.208607569723231e-07,-4.9890855494449206e-08,0.9999999999996618
201,805000000,201.805,indoor_world,differential_drive_robot,-3.5741685225951495e-06,-2.993451338640735e-08,-4.433823484413102e-07,-4.104671596714432e-10,8.208607569723231e-07,-4.9890855494449206e-08,0.9999999999996618
201,825000000,201.825,indoor_world,differential_drive_robot,-3.5741685225951495e-06,-2.993451338640735e-08,-4.433823484413102e-07,-4.104671596714432e-10,8.208607569723231e-07,-4.9890855494449206e-08,0.9999999999996618
201,845000000,201.845,indoor_world,differential_drive_robot,-3.5741685225951495e-06,-2.993451338640735e-08,-4.433823484413102e-07,-4.104671596714432e-10,8.208607569723231e-07,-4.9890855494449206e-08,0.9999999999996618
201,865000000,201.865,indoor_world,differential_drive_robot,-3.5741685225951495e-06,-2.993451338640735e-08,-4.433823484413102e-07,-4.104671596714432e-10,8.208607569723231e-07,-4.9890855494449206e-08,0.9999999999996618
201,885000000,201.885,indoor_world,differential_drive_robot,-3.5741685225951495e-06,-2.993451338640735e-08,-4.433823484413102e-07,-4.104671596714432e-10,8.208607569723231e-07,-4.9890855494449206e-08,0.9999999999996618
201,905000000,201.905,indoor_world,differential_drive_robot,-3.5741685225951495e-06,-2.993451338640735e-08,-4.433823484413102e-07,-4.104671596714432e-10,8.208607569723231e-07,-4.9890855494449206e-08,0.9999999999996618
201,925000000,201.925,indoor_world,differential_drive_robot,-3.5741685225951495e-06,-2.993451338640735e-08,-4.433823484413102e-07,-4.104671596714432e-10,8.208607569723231e-07,-4.9890855494449206e-08,0.9999999999996618
201,945000000,201.945,indoor_world,differential_drive_robot,-3.5741685225951495e-06,-2.993451338640735e-08,-4.433823484413102e-07,-4.104671596714432e-10,8.208607569723231e-07,-4.9890855494449206e-08,0.9999999999996618
201,965000000,201.965,indoor_world,differential_drive_robot,-3.5741685225951495e-06,-2.993451338640735e-08,-4.433823484413102e-07,-4.104671596714432e-10,8.208607569723231e-07,-4.9890855494449206e-08,0.9999999999996618
201,985000000,201.985,indoor_world,differential_drive_robot,-3.5741685225951495e-06,-2.993451338640735e-08,-4.433823484413102e-07,-4.104671596714432e-10,8.208607569723231e-07,-4.9890855494449206e-08,0.9999999999996618
202,5000000,202.005,indoor_world,differential_drive_robot,-3.5741685225951495e-06,-2.993451338640735e-08,-4.433823484413102e-07,-4.104671596714432e-10,8.208607569723231e-07,-4.9890855494449206e-08,0.9999999999996618
202,25000000,202.025,indoor_world,differential_drive_robot,-3.5741685225951495e-06,-2.993451338640735e-08,-4.433823484413102e-07,-4.104671596714432e-10,8.208607569723231e-07,-4.9890855494449206e-08,0.9999999999996618
202,45000000,202.045,indoor_world,differential_drive_robot,-3.5741685225951495e-06,-2.993451338640735e-08,-4.433823484413102e-07,-4.104671596714432e-10,8.208607569723231e-07,-4.9890855494449206e-08,0.9999999999996618
202,65000000,202.065,indoor_world,differential_drive_robot,-3.5741685225951495e-06,-2.993451338640735e-08,-4.433823484413102e-07,-4.104671596714432e-10,8.208607569723231e-07,-4.9890855494449206e-08,0.9999999999996618
202,85000000,202.085,indoor_world,differential_drive_robot,-3.5741685225951495e-06,-2.993451338640735e-08,-4.433823484413102e-07,-4.104671596714432e-10,8.208607569723231e-07,-4.9890855494449206e-08,0.9999999999996618
202,105000000,202.105,indoor_world,differential_drive_robot,-3.5741685225951495e-06,-2.993451338640735e-08,-4.433823484413102e-07,-4.104671596714432e-10,8.208607569723231e-07,-4.9890855494449206e-08,0.9999999999996618
202,125000000,202.125,indoor_world,differential_drive_robot,-3.5741685225951495e-06,-2.993451338640735e-08,-4.433823484413102e-07,-4.104671596714432e-10,8.208607569723231e-07,-4.9890855494449206e-08,0.9999999999996618
202,145000000,202.145,indoor_world,differential_drive_robot,-3.5741685225951495e-06,-2.993451338640735e-08,-4.433823484413102e-07,-4.104671596714432e-10,8.208607569723231e-07,-4.9890855494449206e-08,0.9999999999996618
202,165000000,202.165,indoor_world,differential_drive_robot,-3.5741685225951495e-06,-2.993451338640735e-08,-4.433823484413102e-07,-4.104671596714432e-10,8.208607569723231e-07,-4.9890855494449206e-08,0.9999999999996618
202,185000000,202.185,indoor_world,differential_drive_robot,-3.5741685225951495e-06,-2.993451338640735e-08,-4.433823484413102e-07,-4.104671596714432e-10,8.208607569723231e-07,-4.9890855494449206e-08,0.9999999999996618
202,205000000,202.205,indoor_world,differential_drive_robot,-3.5741685225951495e-06,-2.993451338640735e-08,-4.433823484413102e-07,-4.104671596714432e-10,8.208607569723231e-07,-4.9890855494449206e-08,0.9999999999996618
202,225000000,202.225,indoor_world,differential_drive_robot,-3.5741685225951495e-06,-2.993451338640735e-08,-4.433823484413102e-07,-4.104671596714432e-10,8.208607569723231e-07,-4.9890855494449206e-08,0.9999999999996618
202,245000000,202.245,indoor_world,differential_drive_robot,-3.5741685225951495e-06,-2.993451338640735e-08,-4.433823484413102e-07,-4.104671596714432e-10,8.208607569723231e-07,-4.9890855494449206e-08,0.9999999999996618
202,265000000,202.265,indoor_world,differential_drive_robot,-3.5741685225951495e-06,-2.993451338640735e-08,-4.433823484413102e-07,-4.104671596714432e-10,8.208607569723231e-07,-4.9890855494449206e-08,0.9999999999996618
202,285000000,202.285,indoor_world,differential_drive_robot,-3.5741685225951495e-06,-2.993451338640735e-08,-4.433823484413102e-07,-4.104671596714432e-10,8.208607569723231e-07,-4.9890855494449206e-08,0.9999999999996618
202,305000000,202.305,indoor_world,differential_drive_robot,-3.5741685225951495e-06,-2.993451338640735e-08,-4.433823484413102e-07,-4.104671596714432e-10,8.208607569723231e-07,-4.9890855494449206e-08,0.9999999999996618
202,325000000,202.325,indoor_world,differential_drive_robot,-3.5741685225951495e-06,-2.993451338640735e-08,-4.433823484413102e-07,-4.104671596714432e-10,8.208607569723231e-07,-4.9890855494449206e-08,0.9999999999996618
202,345000000,202.345,indoor_world,differential_drive_robot,-3.5741685225951495e-06,-2.993451338640735e-08,-4.433823484413102e-07,-4.104671596714432e-10,8.208607569723231e-07,-4.9890855494449206e-08,0.9999999999996618
202,365000000,202.365,indoor_world,differential_drive_robot,-3.5741685225951495e-06,-2.993451338640735e-08,-4.433823484413102e-07,-4.104671596714432e-10,8.208607569723231e-07,-4.9890855494449206e-08,0.9999999999996618
202,385000000,202.385,indoor_world,differential_drive_robot,-3.5741685225951495e-06,-2.993451338640735e-08,-4.433823484413102e-07,-4.104671596714432e-10,8.208607569723231e-07,-4.9890855494449206e-08,0.9999999999996618
202,405000000,202.405,indoor_world,differential_drive_robot,-3.5741685225951495e-06,-2.993451338640735e-08,-4.433823484413102e-07,-4.104671596714432e-10,8.208607569723231e-07,-4.9890855494449206e-08,0.9999999999996618
202,425000000,202.425,indoor_world,differential_drive_robot,-3.5741685225951495e-06,-2.993451338640735e-08,-4.433823484413102e-07,-4.104671596714432e-10,8.208607569723231e-07,-4.9890855494449206e-08,0.9999999999996618
202,445000000,202.445,indoor_world,differential_drive_robot,-3.5741685225951495e-06,-2.993451338640735e-08,-4.433823484413102e-07,-4.104671596714432e-10,8.208607569723231e-07,-4.9890855494449206e-08,0.9999999999996618
202,465000000,202.465,indoor_world,differential_drive_robot,-3.5741685225951495e-06,-2.993451338640735e-08,-4.433823484413102e-07,-4.104671596714432e-10,8.208607569723231e-07,-4.9890855494449206e-08,0.9999999999996618
202,485000000,202.485,indoor_world,differential_drive_robot,-3.5741685225951495e-06,-2.993451338640735e-08,-4.433823484413102e-07,-4.104671596714432e-10,8.208607569723231e-07,-4.9890855494449206e-08,0.9999999999996618
202,505000000,202.505,indoor_world,differential_drive_robot,-3.5741685225951495e-06,-2.993451338640735e-08,-4.433823484413102e-07,-4.104671596714432e-10,8.208607569723231e-07,-4.9890855494449206e-08,0.9999999999996618
202,525000000,202.525,indoor_world,differential_drive_robot,-3.5741685225951495e-06,-2.993451338640735e-08,-4.433823484413102e-07,-4.104671596714432e-10,8.208607569723231e-07,-4.9890855494449206e-08,0.9999999999996618
202,545000000,202.545,indoor_world,differential_drive_robot,-3.5741685225951495e-06,-2.993451338640735e-08,-4.433823484413102e-07,-4.104671596714432e-10,8.208607569723231e-07,-4.9890855494449206e-08,0.9999999999996618
202,565000000,202.565,indoor_world,differential_drive_robot,-3.5741685225951495e-06,-2.993451338640735e-08,-4.433823484413102e-07,-4.104671596714432e-10,8.208607569723231e-07,-4.9890855494449206e-08,0.9999999999996618
202,585000000,202.585,indoor_world,differential_drive_robot,-3.5741685225951495e-06,-2.993451338640735e-08,-4.433823484413102e-07,-4.104671596714432e-10,8.208607569723231e-07,-4.9890855494449206e-08,0.9999999999996618
202,605000000,202.605,indoor_world,differential_drive_robot,-3.5741685225951495e-06,-2.993451338640735e-08,-4.433823484413102e-07,-4.104671596714432e-10,8.208607569723231e-07,-4.9890855494449206e-08,0.9999999999996618
202,625000000,202.625,indoor_world,differential_drive_robot,-3.5741685225951495e-06,-2.993451338640735e-08,-4.433823484413102e-07,-4.104671596714432e-10,8.208607569723231e-07,-4.9890855494449206e-08,0.9999999999996618
202,645000000,202.645,indoor_world,differential_drive_robot,-3.5741685225951495e-06,-2.993451338640735e-08,-4.433823484413102e-07,-4.104671596714432e-10,8.208607569723231e-07,-4.9890855494449206e-08,0.9999999999996618
202,665000000,202.665,indoor_world,differential_drive_robot,-3.5741685225951495e-06,-2.993451338640735e-08,-4.433823484413102e-07,-4.104671596714432e-10,8.208607569723231e-07,-4.9890855494449206e-08,0.9999999999996618
202,685000000,202.685,indoor_world,differential_drive_robot,-3.5741685225951495e-06,-2.993451338640735e-08,-4.433823484413102e-07,-4.104671596714432e-10,8.208607569723231e-07,-4.9890855494449206e-08,0.9999999999996618
202,705000000,202.705,indoor_world,differential_drive_robot,-3.5741685225951495e-06,-2.993451338640735e-08,-4.433823484413102e-07,-4.104671596714432e-10,8.208607569723231e-07,-4.9890855494449206e-08,0.9999999999996618
202,725000000,202.725,indoor_world,differential_drive_robot,-3.5741685225951495e-06,-2.993451338640735e-08,-4.433823484413102e-07,-4.104671596714432e-10,8.208607569723231e-07,-4.9890855494449206e-08,0.9999999999996618
202,745000000,202.745,indoor_world,differential_drive_robot,-3.5741685225951495e-06,-2.993451338640735e-08,-4.433823484413102e-07,-4.104671596714432e-10,8.208607569723231e-07,-4.9890855494449206e-08,0.9999999999996618
202,765000000,202.765,indoor_world,differential_drive_robot,-3.5741685225951495e-06,-2.993451338640735e-08,-4.433823484413102e-07,-4.104671596714432e-10,8.208607569723231e-07,-4.9890855494449206e-08,0.9999999999996618
202,785000000,202.785,indoor_world,differential_drive_robot,-3.5741685225951495e-06,-2.993451338640735e-08,-4.433823484413102e-07,-4.104671596714432e-10,8.208607569723231e-07,-4.9890855494449206e-08,0.9999999999996618
202,805000000,202.805,indoor_world,differential_drive_robot,-3.5741685225951495e-06,-2.993451338640735e-08,-4.433823484413102e-07,-4.104671596714432e-10,8.208607569723231e-07,-4.9890855494449206e-08,0.9999999999996618
202,825000000,202.825,indoor_world,differential_drive_robot,-3.5741685225951495e-06,-2.993451338640735e-08,-4.433823484413102e-07,-4.104671596714432e-10,8.208607569723231e-07,-4.9890855494449206e-08,0.9999999999996618
202,845000000,202.845,indoor_world,differential_drive_robot,-3.5741685225951495e-06,-2.993451338640735e-08,-4.433823484413102e-07,-4.104671596714432e-10,8.208607569723231e-07,-4.9890855494449206e-08,0.9999999999996618
202,865000000,202.865,indoor_world,differential_drive_robot,-3.5741685225951495e-06,-2.993451338640735e-08,-4.433823484413102e-07,-4.104671596714432e-10,8.208607569723231e-07,-4.9890855494449206e-08,0.9999999999996618
202,885000000,202.885,indoor_world,differential_drive_robot,-3.5741685225951495e-06,-2.993451338640735e-08,-4.433823484413102e-07,-4.104671596714432e-10,8.208607569723231e-07,-4.9890855494449206e-08,0.9999999999996618
202,905000000,202.905,indoor_world,differential_drive_robot,-3.5741685225951495e-06,-2.993451338640735e-08,-4.433823484413102e-07,-4.104671596714432e-10,8.208607569723231e-07,-4.9890855494449206e-08,0.9999999999996618
202,925000000,202.925,indoor_world,differential_drive_robot,-3.5741685225951495e-06,-2.993451338640735e-08,-4.433823484413102e-07,-4.104671596714432e-10,8.208607569723231e-07,-4.9890855494449206e-08,0.9999999999996618
202,945000000,202.945,indoor_world,differential_drive_robot,-3.5741685225951495e-06,-2.993451338640735e-08,-4.433823484413102e-07,-4.104671596714432e-10,8.208607569723231e-07,-4.9890855494449206e-08,0.9999999999996618
202,965000000,202.965,indoor_world,differential_drive_robot,-3.5741685225951495e-06,-2.993451338640735e-08,-4.433823484413102e-07,-4.104671596714432e-10,8.208607569723231e-07,-4.9890855494449206e-08,0.9999999999996618
202,985000000,202.985,indoor_world,differential_drive_robot,-3.5741685225951495e-06,-2.993451338640735e-08,-4.433823484413102e-07,-4.104671596714432e-10,8.208607569723231e-07,-4.9890855494449206e-08,0.9999999999996618
203,5000000,203.005,indoor_world,differential_drive_robot,-3.5741685225951495e-06,-2.993451338640735e-08,-4.433823484413102e-07,-4.104671596714432e-10,8.208607569723231e-07,-4.9890855494449206e-08,0.9999999999996618
203,25000000,203.025,indoor_world,differential_drive_robot,-3.5741685225951495e-06,-2.993451338640735e-08,-4.433823484413102e-07,-4.104671596714432e-10,8.208607569723231e-07,-4.9890855494449206e-08,0.9999999999996618
203,45000000,203.045,indoor_world,differential_drive_robot,-3.5741685225951495e-06,-2.993451338640735e-08,-4.433823484413102e-07,-4.104671596714432e-10,8.208607569723231e-07,-4.9890855494449206e-08,0.9999999999996618
203,65000000,203.065,indoor_world,differential_drive_robot,-3.5741685225951495e-06,-2.993451338640735e-08,-4.433823484413102e-07,-4.104671596714432e-10,8.208607569723231e-07,-4.9890855494449206e-08,0.9999999999996618
203,85000000,203.085,indoor_world,differential_drive_robot,-3.5741685225951495e-06,-2.993451338640735e-08,-4.433823484413102e-07,-4.104671596714432e-10,8.208607569723231e-07,-4.9890855494449206e-08,0.9999999999996618
203,105000000,203.105,indoor_world,differential_drive_robot,-3.5741685225951495e-06,-2.993451338640735e-08,-4.433823484413102e-07,-4.104671596714432e-10,8.208607569723231e-07,-4.9890855494449206e-08,0.9999999999996618
203,125000000,203.125,indoor_world,differential_drive_robot,-3.5741685225951495e-06,-2.993451338640735e-08,-4.433823484413102e-07,-4.104671596714432e-10,8.208607569723231e-07,-4.9890855494449206e-08,0.9999999999996618
203,145000000,203.145,indoor_world,differential_drive_robot,-3.5741685225951495e-06,-2.993451338640735e-08,-4.433823484413102e-07,-4.104671596714432e-10,8.208607569723231e-07,-4.9890855494449206e-08,0.9999999999996618
203,165000000,203.165,indoor_world,differential_drive_robot,-3.5741685225951495e-06,-2.993451338640735e-08,-4.433823484413102e-07,-4.104671596714432e-10,8.208607569723231e-07,-4.9890855494449206e-08,0.9999999999996618
203,185000000,203.185,indoor_world,differential_drive_robot,-3.5741685225951495e-06,-2.993451338640735e-08,-4.433823484413102e-07,-4.104671596714432e-10,8.208607569723231e-07,-4.9890855494449206e-08,0.9999999999996618
203,205000000,203.205,indoor_world,differential_drive_robot,-3.5741685225951495e-06,-2.993451338640735e-08,-4.433823484413102e-07,-4.104671596714432e-10,8.208607569723231e-07,-4.9890855494449206e-08,0.9999999999996618
203,225000000,203.225,indoor_world,differential_drive_robot,-3.5741685225951495e-06,-2.993451338640735e-08,-4.433823484413102e-07,-4.104671596714432e-10,8.208607569723231e-07,-4.9890855494449206e-08,0.9999999999996618
203,245000000,203.245,indoor_world,differential_drive_robot,-3.5741685225951495e-06,-2.993451338640735e-08,-4.433823484413102e-07,-4.104671596714432e-10,8.208607569723231e-07,-4.9890855494449206e-08,0.9999999999996618
203,265000000,203.265,indoor_world,differential_drive_robot,-3.5741685225951495e-06,-2.993451338640735e-08,-4.433823484413102e-07,-4.104671596714432e-10,8.208607569723231e-07,-4.9890855494449206e-08,0.9999999999996618
203,285000000,203.285,indoor_world,differential_drive_robot,-3.5741685225951495e-06,-2.993451338640735e-08,-4.433823484413102e-07,-4.104671596714432e-10,8.208607569723231e-07,-4.9890855494449206e-08,0.9999999999996618
203,305000000,203.305,indoor_world,differential_drive_robot,-3.5741685225951495e-06,-2.993451338640735e-08,-4.433823484413102e-07,-4.104671596714432e-10,8.208607569723231e-07,-4.9890855494449206e-08,0.9999999999996618
203,325000000,203.325,indoor_world,differential_drive_robot,-3.5741685225951495e-06,-2.993451338640735e-08,-4.433823484413102e-07,-4.104671596714432e-10,8.208607569723231e-07,-4.9890855494449206e-08,0.9999999999996618
203,345000000,203.345,indoor_world,differential_drive_robot,-3.5741685225951495e-06,-2.993451338640735e-08,-4.433823484413102e-07,-4.104671596714432e-10,8.208607569723231e-07,-4.9890855494449206e-08,0.9999999999996618
203,365000000,203.365,indoor_world,differential_drive_robot,-3.5741685225951495e-06,-2.993451338640735e-08,-4.433823484413102e-07,-4.104671596714432e-10,8.208607569723231e-07,-4.9890855494449206e-08,0.9999999999996618
203,385000000,203.385,indoor_world,differential_drive_robot,-3.5741685225951495e-06,-2.993451338640735e-08,-4.433823484413102e-07,-4.104671596714432e-10,8.208607569723231e-07,-4.9890855494449206e-08,0.9999999999996618
203,405000000,203.405,indoor_world,differential_drive_robot,-3.5741685225951495e-06,-2.993451338640735e-08,-4.433823484413102e-07,-4.104671596714432e-10,8.208607569723231e-07,-4.9890855494449206e-08,0.9999999999996618
203,425000000,203.425,indoor_world,differential_drive_robot,-3.5741685225951495e-06,-2.993451338640735e-08,-4.433823484413102e-07,-4.104671596714432e-10,8.208607569723231e-07,-4.9890855494449206e-08,0.9999999999996618
203,445000000,203.445,indoor_world,differential_drive_robot,-3.5741685225951495e-06,-2.993451338640735e-08,-4.433823484413102e-07,-4.104671596714432e-10,8.208607569723231e-07,-4.9890855494449206e-08,0.9999999999996618
203,465000000,203.465,indoor_world,differential_drive_robot,-3.5741685225951495e-06,-2.993451338640735e-08,-4.433823484413102e-07,-4.104671596714432e-10,8.208607569723231e-07,-4.9890855494449206e-08,0.9999999999996618
203,485000000,203.485,indoor_world,differential_drive_robot,-3.5741685225951495e-06,-2.993451338640735e-08,-4.433823484413102e-07,-4.104671596714432e-10,8.208607569723231e-07,-4.9890855494449206e-08,0.9999999999996618
203,505000000,203.505,indoor_world,differential_drive_robot,-3.5741685225951495e-06,-2.993451338640735e-08,-4.433823484413102e-07,-4.104671596714432e-10,8.208607569723231e-07,-4.9890855494449206e-08,0.9999999999996618
203,525000000,203.525,indoor_world,differential_drive_robot,-3.5741685225951495e-06,-2.993451338640735e-08,-4.433823484413102e-07,-4.104671596714432e-10,8.208607569723231e-07,-4.9890855494449206e-08,0.9999999999996618
203,545000000,203.545,indoor_world,differential_drive_robot,-3.5741685225951495e-06,-2.993451338640735e-08,-4.433823484413102e-07,-4.104671596714432e-10,8.208607569723231e-07,-4.9890855494449206e-08,0.9999999999996618
203,565000000,203.565,indoor_world,differential_drive_robot,-3.5741685225951495e-06,-2.993451338640735e-08,-4.433823484413102e-07,-4.104671596714432e-10,8.208607569723231e-07,-4.9890855494449206e-08,0.9999999999996618
203,585000000,203.585,indoor_world,differential_drive_robot,-3.5741685225951495e-06,-2.993451338640735e-08,-4.433823484413102e-07,-4.104671596714432e-10,8.208607569723231e-07,-4.9890855494449206e-08,0.9999999999996618
203,605000000,203.605,indoor_world,differential_drive_robot,-3.5741685225951495e-06,-2.993451338640735e-08,-4.433823484413102e-07,-4.104671596714432e-10,8.208607569723231e-07,-4.9890855494449206e-08,0.9999999999996618
203,625000000,203.625,indoor_world,differential_drive_robot,-3.5741685225951495e-06,-2.993451338640735e-08,-4.433823484413102e-07,-4.104671596714432e-10,8.208607569723231e-07,-4.9890855494449206e-08,0.9999999999996618
203,645000000,203.645,indoor_world,differential_drive_robot,-3.5741685225951495e-06,-2.993451338640735e-08,-4.433823484413102e-07,-4.104671596714432e-10,8.208607569723231e-07,-4.9890855494449206e-08,0.9999999999996618
203,665000000,203.665,indoor_world,differential_drive_robot,-3.5741685225951495e-06,-2.993451338640735e-08,-4.433823484413102e-07,-4.104671596714432e-10,8.208607569723231e-07,-4.9890855494449206e-08,0.9999999999996618
203,685000000,203.685,indoor_world,differential_drive_robot,-3.5741685225951495e-06,-2.993451338640735e-08,-4.433823484413102e-07,-4.104671596714432e-10,8.208607569723231e-07,-4.9890855494449206e-08,0.9999999999996618
203,705000000,203.705,indoor_world,differential_drive_robot,-3.5741685225951495e-06,-2.993451338640735e-08,-4.433823484413102e-07,-4.104671596714432e-10,8.208607569723231e-07,-4.9890855494449206e-08,0.9999999999996618
203,725000000,203.725,indoor_world,differential_drive_robot,-3.5741685225951495e-06,-2.993451338640735e-08,-4.433823484413102e-07,-4.104671596714432e-10,8.208607569723231e-07,-4.9890855494449206e-08,0.9999999999996618
203,745000000,203.745,indoor_world,differential_drive_robot,-3.5741685225951495e-06,-2.993451338640735e-08,-4.433823484413102e-07,-4.104671596714432e-10,8.208607569723231e-07,-4.9890855494449206e-08,0.9999999999996618
203,765000000,203.765,indoor_world,differential_drive_robot,-3.5741685225951495e-06,-2.993451338640735e-08,-4.433823484413102e-07,-4.104671596714432e-10,8.208607569723231e-07,-4.9890855494449206e-08,0.9999999999996618
203,785000000,203.785,indoor_world,differential_drive_robot,-3.5741685225951495e-06,-2.993451338640735e-08,-4.433823484413102e-07,-4.104671596714432e-10,8.208607569723231e-07,-4.9890855494449206e-08,0.9999999999996618
203,805000000,203.805,indoor_world,differential_drive_robot,-3.5741685225951495e-06,-2.993451338640735e-08,-4.433823484413102e-07,-4.104671596714432e-10,8.208607569723231e-07,-4.9890855494449206e-08,0.9999999999996618
203,825000000,203.825,indoor_world,differential_drive_robot,-3.5741685225951495e-06,-2.993451338640735e-08,-4.433823484413102e-07,-4.104671596714432e-10,8.208607569723231e-07,-4.9890855494449206e-08,0.9999999999996618
203,845000000,203.845,indoor_world,differential_drive_robot,-3.5741685225951495e-06,-2.993451338640735e-08,-4.433823484413102e-07,-4.104671596714432e-10,8.208607569723231e-07,-4.9890855494449206e-08,0.9999999999996618
203,865000000,203.865,indoor_world,differential_drive_robot,-3.5741685225951495e-06,-2.993451338640735e-08,-4.433823484413102e-07,-4.104671596714432e-10,8.208607569723231e-07,-4.9890855494449206e-08,0.9999999999996618
203,885000000,203.885,indoor_world,differential_drive_robot,-3.5741685225951495e-06,-2.993451338640735e-08,-4.433823484413102e-07,-4.104671596714432e-10,8.208607569723231e-07,-4.9890855494449206e-08,0.9999999999996618
203,905000000,203.905,indoor_world,differential_drive_robot,-3.5741685225951495e-06,-2.993451338640735e-08,-4.433823484413102e-07,-4.104671596714432e-10,8.208607569723231e-07,-4.9890855494449206e-08,0.9999999999996618
203,925000000,203.925,indoor_world,differential_drive_robot,-3.5741685225951495e-06,-2.993451338640735e-08,-4.433823484413102e-07,-4.104671596714432e-10,8.208607569723231e-07,-4.9890855494449206e-08,0.9999999999996618
203,945000000,203.945,indoor_world,differential_drive_robot,-3.5741685225951495e-06,-2.993451338640735e-08,-4.433823484413102e-07,-4.104671596714432e-10,8.208607569723231e-07,-4.9890855494449206e-08,0.9999999999996618
203,965000000,203.965,indoor_world,differential_drive_robot,-3.5741685225951495e-06,-2.993451338640735e-08,-4.433823484413102e-07,-4.104671596714432e-10,8.208607569723231e-07,-4.9890855494449206e-08,0.9999999999996618
203,985000000,203.985,indoor_world,differential_drive_robot,-3.5741685225951495e-06,-2.993451338640735e-08,-4.433823484413102e-07,-4.104671596714432e-10,8.208607569723231e-07,-4.9890855494449206e-08,0.9999999999996618
204,5000000,204.005,indoor_world,differential_drive_robot,-3.5741685225951495e-06,-2.993451338640735e-08,-4.433823484413102e-07,-4.104671596714432e-10,8.208607569723231e-07,-4.9890855494449206e-08,0.9999999999996618
204,25000000,204.025,indoor_world,differential_drive_robot,-3.5741685225951495e-06,-2.993451338640735e-08,-4.433823484413102e-07,-4.104671596714432e-10,8.208607569723231e-07,-4.9890855494449206e-08,0.9999999999996618
204,45000000,204.045,indoor_world,differential_drive_robot,-3.5741685225951495e-06,-2.993451338640735e-08,-4.433823484413102e-07,-4.104671596714432e-10,8.208607569723231e-07,-4.9890855494449206e-08,0.9999999999996618
204,65000000,204.065,indoor_world,differential_drive_robot,-3.5741685225951495e-06,-2.993451338640735e-08,-4.433823484413102e-07,-4.104671596714432e-10,8.208607569723231e-07,-4.9890855494449206e-08,0.9999999999996618
204,85000000,204.085,indoor_world,differential_drive_robot,-3.5741685225951495e-06,-2.993451338640735e-08,-4.433823484413102e-07,-4.104671596714432e-10,8.208607569723231e-07,-4.9890855494449206e-08,0.9999999999996618
204,105000000,204.105,indoor_world,differential_drive_robot,-3.5741685225951495e-06,-2.993451338640735e-08,-4.433823484413102e-07,-4.104671596714432e-10,8.208607569723231e-07,-4.9890855494449206e-08,0.9999999999996618
204,125000000,204.125,indoor_world,differential_drive_robot,-3.5741685225951495e-06,-2.993451338640735e-08,-4.433823484413102e-07,-4.104671596714432e-10,8.208607569723231e-07,-4.9890855494449206e-08,0.9999999999996618
204,145000000,204.145,indoor_world,differential_drive_robot,-3.5741685225951495e-06,-2.993451338640735e-08,-4.433823484413102e-07,-4.104671596714432e-10,8.208607569723231e-07,-4.9890855494449206e-08,0.9999999999996618
204,165000000,204.165,indoor_world,differential_drive_robot,-3.5741685225951495e-06,-2.993451338640735e-08,-4.433823484413102e-07,-4.104671596714432e-10,8.208607569723231e-07,-4.9890855494449206e-08,0.9999999999996618
204,185000000,204.185,indoor_world,differential_drive_robot,-3.5741685225951495e-06,-2.993451338640735e-08,-4.433823484413102e-07,-4.104671596714432e-10,8.208607569723231e-07,-4.9890855494449206e-08,0.9999999999996618
204,205000000,204.205,indoor_world,differential_drive_robot,-3.5741685225951495e-06,-2.993451338640735e-08,-4.433823484413102e-07,-4.104671596714432e-10,8.208607569723231e-07,-4.9890855494449206e-08,0.9999999999996618
204,225000000,204.225,indoor_world,differential_drive_robot,-3.5741685225951495e-06,-2.993451338640735e-08,-4.433823484413102e-07,-4.104671596714432e-10,8.208607569723231e-07,-4.9890855494449206e-08,0.9999999999996618
204,245000000,204.245,indoor_world,differential_drive_robot,-3.5741685225951495e-06,-2.993451338640735e-08,-4.433823484413102e-07,-4.104671596714432e-10,8.208607569723231e-07,-4.9890855494449206e-08,0.9999999999996618
204,265000000,204.265,indoor_world,differential_drive_robot,-3.5741685225951495e-06,-2.993451338640735e-08,-4.433823484413102e-07,-4.104671596714432e-10,8.208607569723231e-07,-4.9890855494449206e-08,0.9999999999996618
204,285000000,204.285,indoor_world,differential_drive_robot,-3.5741685225951495e-06,-2.993451338640735e-08,-4.433823484413102e-07,-4.104671596714432e-10,8.208607569723231e-07,-4.9890855494449206e-08,0.9999999999996618
204,305000000,204.305,indoor_world,differential_drive_robot,-3.5741685225951495e-06,-2.993451338640735e-08,-4.433823484413102e-07,-4.104671596714432e-10,8.208607569723231e-07,-4.9890855494449206e-08,0.9999999999996618
204,325000000,204.325,indoor_world,differential_drive_robot,-3.5741685225951495e-06,-2.993451338640735e-08,-4.433823484413102e-07,-4.104671596714432e-10,8.208607569723231e-07,-4.9890855494449206e-08,0.9999999999996618
204,345000000,204.345,indoor_world,differential_drive_robot,-3.5741685225951495e-06,-2.993451338640735e-08,-4.433823484413102e-07,-4.104671596714432e-10,8.208607569723231e-07,-4.9890855494449206e-08,0.9999999999996618
204,365000000,204.365,indoor_world,differential_drive_robot,-3.5741685225951495e-06,-2.993451338640735e-08,-4.433823484413102e-07,-4.104671596714432e-10,8.208607569723231e-07,-4.9890855494449206e-08,0.9999999999996618
204,385000000,204.385,indoor_world,differential_drive_robot,-3.5741685225951495e-06,-2.993451338640735e-08,-4.433823484413102e-07,-4.104671596714432e-10,8.208607569723231e-07,-4.9890855494449206e-08,0.9999999999996618
204,405000000,204.405,indoor_world,differential_drive_robot,-3.5741685225951495e-06,-2.993451338640735e-08,-4.433823484413102e-07,-4.104671596714432e-10,8.208607569723231e-07,-4.9890855494449206e-08,0.9999999999996618
204,425000000,204.425,indoor_world,differential_drive_robot,-3.5741685225951495e-06,-2.993451338640735e-08,-4.433823484413102e-07,-4.104671596714432e-10,8.208607569723231e-07,-4.9890855494449206e-08,0.9999999999996618
204,445000000,204.445,indoor_world,differential_drive_robot,-3.5741685225951495e-06,-2.993451338640735e-08,-4.433823484413102e-07,-4.104671596714432e-10,8.208607569723231e-07,-4.9890855494449206e-08,0.9999999999996618
204,465000000,204.465,indoor_world,differential_drive_robot,-3.5741685225951495e-06,-2.993451338640735e-08,-4.433823484413102e-07,-4.104671596714432e-10,8.208607569723231e-07,-4.9890855494449206e-08,0.9999999999996618
204,485000000,204.485,indoor_world,differential_drive_robot,-3.5741685225951495e-06,-2.993451338640735e-08,-4.433823484413102e-07,-4.104671596714432e-10,8.208607569723231e-07,-4.9890855494449206e-08,0.9999999999996618
204,505000000,204.505,indoor_world,differential_drive_robot,-3.5741685225951495e-06,-2.993451338640735e-08,-4.433823484413102e-07,-4.104671596714432e-10,8.208607569723231e-07,-4.9890855494449206e-08,0.9999999999996618
204,525000000,204.525,indoor_world,differential_drive_robot,-3.5741685225951495e-06,-2.993451338640735e-08,-4.433823484413102e-07,-4.104671596714432e-10,8.208607569723231e-07,-4.9890855494449206e-08,0.9999999999996618
204,545000000,204.545,indoor_world,differential_drive_robot,-3.5741685225951495e-06,-2.993451338640735e-08,-4.433823484413102e-07,-4.104671596714432e-10,8.208607569723231e-07,-4.9890855494449206e-08,0.9999999999996618
204,565000000,204.565,indoor_world,differential_drive_robot,-3.5741685225951495e-06,-2.993451338640735e-08,-4.433823484413102e-07,-4.104671596714432e-10,8.208607569723231e-07,-4.9890855494449206e-08,0.9999999999996618
204,585000000,204.585,indoor_world,differential_drive_robot,-3.5741685225951495e-06,-2.993451338640735e-08,-4.433823484413102e-07,-4.104671596714432e-10,8.208607569723231e-07,-4.9890855494449206e-08,0.9999999999996618
204,605000000,204.605,indoor_world,differential_drive_robot,-3.5741685225951495e-06,-2.993451338640735e-08,-4.433823484413102e-07,-4.104671596714432e-10,8.208607569723231e-07,-4.9890855494449206e-08,0.9999999999996618
204,625000000,204.625,indoor_world,differential_drive_robot,-3.5741685225951495e-06,-2.993451338640735e-08,-4.433823484413102e-07,-4.104671596714432e-10,8.208607569723231e-07,-4.9890855494449206e-08,0.9999999999996618
204,645000000,204.645,indoor_world,differential_drive_robot,-3.5741685225951495e-06,-2.993451338640735e-08,-4.433823484413102e-07,-4.104671596714432e-10,8.208607569723231e-07,-4.9890855494449206e-08,0.9999999999996618
204,665000000,204.665,indoor_world,differential_drive_robot,-3.5741685225951495e-06,-2.993451338640735e-08,-4.433823484413102e-07,-4.104671596714432e-10,8.208607569723231e-07,-4.9890855494449206e-08,0.9999999999996618
204,685000000,204.685,indoor_world,differential_drive_robot,-3.5741685225951495e-06,-2.993451338640735e-08,-4.433823484413102e-07,-4.104671596714432e-10,8.208607569723231e-07,-4.9890855494449206e-08,0.9999999999996618
204,705000000,204.705,indoor_world,differential_drive_robot,-3.5741685225951495e-06,-2.993451338640735e-08,-4.433823484413102e-07,-4.104671596714432e-10,8.208607569723231e-07,-4.9890855494449206e-08,0.9999999999996618
204,725000000,204.725,indoor_world,differential_drive_robot,-3.5741685225951495e-06,-2.993451338640735e-08,-4.433823484413102e-07,-4.104671596714432e-10,8.208607569723231e-07,-4.9890855494449206e-08,0.9999999999996618
204,745000000,204.745,indoor_world,differential_drive_robot,-3.5741685225951495e-06,-2.993451338640735e-08,-4.433823484413102e-07,-4.104671596714432e-10,8.208607569723231e-07,-4.9890855494449206e-08,0.9999999999996618
204,765000000,204.765,indoor_world,differential_drive_robot,-3.5741685225951495e-06,-2.993451338640735e-08,-4.433823484413102e-07,-4.104671596714432e-10,8.208607569723231e-07,-4.9890855494449206e-08,0.9999999999996618
204,785000000,204.785,indoor_world,differential_drive_robot,-3.5741685225951495e-06,-2.993451338640735e-08,-4.433823484413102e-07,-4.104671596714432e-10,8.208607569723231e-07,-4.9890855494449206e-08,0.9999999999996618
204,805000000,204.805,indoor_world,differential_drive_robot,-3.5741685225951495e-06,-2.993451338640735e-08,-4.433823484413102e-07,-4.104671596714432e-10,8.208607569723231e-07,-4.9890855494449206e-08,0.9999999999996618
204,825000000,204.825,indoor_world,differential_drive_robot,-3.5741685225951495e-06,-2.993451338640735e-08,-4.433823484413102e-07,-4.104671596714432e-10,8.208607569723231e-07,-4.9890855494449206e-08,0.9999999999996618
204,845000000,204.845,indoor_world,differential_drive_robot,-3.5741685225951495e-06,-2.993451338640735e-08,-4.433823484413102e-07,-4.104671596714432e-10,8.208607569723231e-07,-4.9890855494449206e-08,0.9999999999996618
204,865000000,204.865,indoor_world,differential_drive_robot,-3.5741685225951495e-06,-2.993451338640735e-08,-4.433823484413102e-07,-4.104671596714432e-10,8.208607569723231e-07,-4.9890855494449206e-08,0.9999999999996618
204,885000000,204.885,indoor_world,differential_drive_robot,-3.5741685225951495e-06,-2.993451338640735e-08,-4.433823484413102e-07,-4.104671596714432e-10,8.208607569723231e-07,-4.9890855494449206e-08,0.9999999999996618
204,905000000,204.905,indoor_world,differential_drive_robot,-3.5741685225951495e-06,-2.993451338640735e-08,-4.433823484413102e-07,-4.104671596714432e-10,8.208607569723231e-07,-4.9890855494449206e-08,0.9999999999996618
204,925000000,204.925,indoor_world,differential_drive_robot,-3.5741685225951495e-06,-2.993451338640735e-08,-4.433823484413102e-07,-4.104671596714432e-10,8.208607569723231e-07,-4.9890855494449206e-08,0.9999999999996618
204,945000000,204.945,indoor_world,differential_drive_robot,-3.5741685225951495e-06,-2.993451338640735e-08,-4.433823484413102e-07,-4.104671596714432e-10,8.208607569723231e-07,-4.9890855494449206e-08,0.9999999999996618
204,965000000,204.965,indoor_world,differential_drive_robot,-3.5741685225951495e-06,-2.993451338640735e-08,-4.433823484413102e-07,-4.104671596714432e-10,8.208607569723231e-07,-4.9890855494449206e-08,0.9999999999996618
204,985000000,204.985,indoor_world,differential_drive_robot,-3.5741685225951495e-06,-2.993451338640735e-08,-4.433823484413102e-07,-4.104671596714432e-10,8.208607569723231e-07,-4.9890855494449206e-08,0.9999999999996618
205,5000000,205.005,indoor_world,differential_drive_robot,-3.5741685225951495e-06,-2.993451338640735e-08,-4.433823484413102e-07,-4.104671596714432e-10,8.208607569723231e-07,-4.9890855494449206e-08,0.9999999999996618
205,25000000,205.025,indoor_world,differential_drive_robot,-3.5741685225951495e-06,-2.993451338640735e-08,-4.433823484413102e-07,-4.104671596714432e-10,8.208607569723231e-07,-4.9890855494449206e-08,0.9999999999996618
205,45000000,205.045,indoor_world,differential_drive_robot,-3.5741685225951495e-06,-2.993451338640735e-08,-4.433823484413102e-07,-4.104671596714432e-10,8.208607569723231e-07,-4.9890855494449206e-08,0.9999999999996618
205,65000000,205.065,indoor_world,differential_drive_robot,-3.5741685225951495e-06,-2.993451338640735e-08,-4.433823484413102e-07,-4.104671596714432e-10,8.208607569723231e-07,-4.9890855494449206e-08,0.9999999999996618
205,85000000,205.085,indoor_world,differential_drive_robot,-3.5741685225951495e-06,-2.993451338640735e-08,-4.433823484413102e-07,-4.104671596714432e-10,8.208607569723231e-07,-4.9890855494449206e-08,0.9999999999996618
205,105000000,205.105,indoor_world,differential_drive_robot,-3.5741685225951495e-06,-2.993451338640735e-08,-4.433823484413102e-07,-4.104671596714432e-10,8.208607569723231e-07,-4.9890855494449206e-08,0.9999999999996618
205,125000000,205.125,indoor_world,differential_drive_robot,-3.5741685225951495e-06,-2.993451338640735e-08,-4.433823484413102e-07,-4.104671596714432e-10,8.208607569723231e-07,-4.9890855494449206e-08,0.9999999999996618
205,145000000,205.145,indoor_world,differential_drive_robot,-3.5741685225951495e-06,-2.993451338640735e-08,-4.433823484413102e-07,-4.104671596714432e-10,8.208607569723231e-07,-4.9890855494449206e-08,0.9999999999996618
205,165000000,205.165,indoor_world,differential_drive_robot,-3.5741685225951495e-06,-2.993451338640735e-08,-4.433823484413102e-07,-4.104671596714432e-10,8.208607569723231e-07,-4.9890855494449206e-08,0.9999999999996618
205,185000000,205.185,indoor_world,differential_drive_robot,-3.5741685225951495e-06,-2.993451338640735e-08,-4.433823484413102e-07,-4.104671596714432e-10,8.208607569723231e-07,-4.9890855494449206e-08,0.9999999999996618
205,205000000,205.205,indoor_world,differential_drive_robot,-3.5741685225951495e-06,-2.993451338640735e-08,-4.433823484413102e-07,-4.104671596714432e-10,8.208607569723231e-07,-4.9890855494449206e-08,0.9999999999996618
205,225000000,205.225,indoor_world,differential_drive_robot,-3.5741685225951495e-06,-2.993451338640735e-08,-4.433823484413102e-07,-4.104671596714432e-10,8.208607569723231e-07,-4.9890855494449206e-08,0.9999999999996618
205,245000000,205.245,indoor_world,differential_drive_robot,-3.5741685225951495e-06,-2.993451338640735e-08,-4.433823484413102e-07,-4.104671596714432e-10,8.208607569723231e-07,-4.9890855494449206e-08,0.9999999999996618
205,265000000,205.265,indoor_world,differential_drive_robot,-3.5741685225951495e-06,-2.993451338640735e-08,-4.433823484413102e-07,-4.104671596714432e-10,8.208607569723231e-07,-4.9890855494449206e-08,0.9999999999996618
205,285000000,205.285,indoor_world,differential_drive_robot,-3.5741685225951495e-06,-2.993451338640735e-08,-4.433823484413102e-07,-4.104671596714432e-10,8.208607569723231e-07,-4.9890855494449206e-08,0.9999999999996618
205,305000000,205.305,indoor_world,differential_drive_robot,-3.5741685225951495e-06,-2.993451338640735e-08,-4.433823484413102e-07,-4.104671596714432e-10,8.208607569723231e-07,-4.9890855494449206e-08,0.9999999999996618
205,325000000,205.325,indoor_world,differential_drive_robot,-3.5741685225951495e-06,-2.993451338640735e-08,-4.433823484413102e-07,-4.104671596714432e-10,8.208607569723231e-07,-4.9890855494449206e-08,0.9999999999996618
205,345000000,205.345,indoor_world,differential_drive_robot,-3.5741685225951495e-06,-2.993451338640735e-08,-4.433823484413102e-07,-4.104671596714432e-10,8.208607569723231e-07,-4.9890855494449206e-08,0.9999999999996618
205,365000000,205.365,indoor_world,differential_drive_robot,-3.5741685225951495e-06,-2.993451338640735e-08,-4.433823484413102e-07,-4.104671596714432e-10,8.208607569723231e-07,-4.9890855494449206e-08,0.9999999999996618
205,385000000,205.385,indoor_world,differential_drive_robot,-3.5741685225951495e-06,-2.993451338640735e-08,-4.433823484413102e-07,-4.104671596714432e-10,8.208607569723231e-07,-4.9890855494449206e-08,0.9999999999996618
205,405000000,205.405,indoor_world,differential_drive_robot,-3.5741685225951495e-06,-2.993451338640735e-08,-4.433823484413102e-07,-4.104671596714432e-10,8.208607569723231e-07,-4.9890855494449206e-08,0.9999999999996618
205,425000000,205.425,indoor_world,differential_drive_robot,-3.5741685225951495e-06,-2.993451338640735e-08,-4.433823484413102e-07,-4.104671596714432e-10,8.208607569723231e-07,-4.9890855494449206e-08,0.9999999999996618
205,445000000,205.445,indoor_world,differential_drive_robot,-3.5741685225951495e-06,-2.993451338640735e-08,-4.433823484413102e-07,-4.104671596714432e-10,8.208607569723231e-07,-4.9890855494449206e-08,0.9999999999996618
205,465000000,205.465,indoor_world,differential_drive_robot,-3.5741685225951495e-06,-2.993451338640735e-08,-4.433823484413102e-07,-4.104671596714432e-10,8.208607569723231e-07,-4.9890855494449206e-08,0.9999999999996618
205,485000000,205.485,indoor_world,differential_drive_robot,-3.5741685225951495e-06,-2.993451338640735e-08,-4.433823484413102e-07,-4.104671596714432e-10,8.208607569723231e-07,-4.9890855494449206e-08,0.9999999999996618
205,505000000,205.505,indoor_world,differential_drive_robot,-3.5741685225951495e-06,-2.993451338640735e-08,-4.433823484413102e-07,-4.104671596714432e-10,8.208607569723231e-07,-4.9890855494449206e-08,0.9999999999996618
205,525000000,205.525,indoor_world,differential_drive_robot,-3.5741685225951495e-06,-2.993451338640735e-08,-4.433823484413102e-07,-4.104671596714432e-10,8.208607569723231e-07,-4.9890855494449206e-08,0.9999999999996618
205,545000000,205.545,indoor_world,differential_drive_robot,-3.5741685225951495e-06,-2.993451338640735e-08,-4.433823484413102e-07,-4.104671596714432e-10,8.208607569723231e-07,-4.9890855494449206e-08,0.9999999999996618
205,565000000,205.565,indoor_world,differential_drive_robot,-3.5741685225951495e-06,-2.993451338640735e-08,-4.433823484413102e-07,-4.104671596714432e-10,8.208607569723231e-07,-4.9890855494449206e-08,0.9999999999996618
205,585000000,205.585,indoor_world,differential_drive_robot,-3.5741685225951495e-06,-2.993451338640735e-08,-4.433823484413102e-07,-4.104671596714432e-10,8.208607569723231e-07,-4.9890855494449206e-08,0.9999999999996618
205,605000000,205.605,indoor_world,differential_drive_robot,-3.5741685225951495e-06,-2.993451338640735e-08,-4.433823484413102e-07,-4.104671596714432e-10,8.208607569723231e-07,-4.9890855494449206e-08,0.9999999999996618
205,625000000,205.625,indoor_world,differential_drive_robot,-3.5741685225951495e-06,-2.993451338640735e-08,-4.433823484413102e-07,-4.104671596714432e-10,8.208607569723231e-07,-4.9890855494449206e-08,0.9999999999996618
205,645000000,205.645,indoor_world,differential_drive_robot,-3.5741685225951495e-06,-2.993451338640735e-08,-4.433823484413102e-07,-4.104671596714432e-10,8.208607569723231e-07,-4.9890855494449206e-08,0.9999999999996618
205,665000000,205.665,indoor_world,differential_drive_robot,-3.5741685225951495e-06,-2.993451338640735e-08,-4.433823484413102e-07,-4.104671596714432e-10,8.208607569723231e-07,-4.9890855494449206e-08,0.9999999999996618
205,685000000,205.685,indoor_world,differential_drive_robot,-3.5741685225951495e-06,-2.993451338640735e-08,-4.433823484413102e-07,-4.104671596714432e-10,8.208607569723231e-07,-4.9890855494449206e-08,0.9999999999996618
205,705000000,205.705,indoor_world,differential_drive_robot,-3.5741685225951495e-06,-2.993451338640735e-08,-4.433823484413102e-07,-4.104671596714432e-10,8.208607569723231e-07,-4.9890855494449206e-08,0.9999999999996618
205,725000000,205.725,indoor_world,differential_drive_robot,-3.5741685225951495e-06,-2.993451338640735e-08,-4.433823484413102e-07,-4.104671596714432e-10,8.208607569723231e-07,-4.9890855494449206e-08,0.9999999999996618
205,745000000,205.745,indoor_world,differential_drive_robot,-3.5741685225951495e-06,-2.993451338640735e-08,-4.433823484413102e-07,-4.104671596714432e-10,8.208607569723231e-07,-4.9890855494449206e-08,0.9999999999996618
205,765000000,205.765,indoor_world,differential_drive_robot,-3.5741685225951495e-06,-2.993451338640735e-08,-4.433823484413102e-07,-4.104671596714432e-10,8.208607569723231e-07,-4.9890855494449206e-08,0.9999999999996618
205,785000000,205.785,indoor_world,differential_drive_robot,-3.5741685225951495e-06,-2.993451338640735e-08,-4.433823484413102e-07,-4.104671596714432e-10,8.208607569723231e-07,-4.9890855494449206e-08,0.9999999999996618
205,805000000,205.805,indoor_world,differential_drive_robot,-3.5741685225951495e-06,-2.993451338640735e-08,-4.433823484413102e-07,-4.104671596714432e-10,8.208607569723231e-07,-4.9890855494449206e-08,0.9999999999996618
205,825000000,205.825,indoor_world,differential_drive_robot,-3.5741685225951495e-06,-2.993451338640735e-08,-4.433823484413102e-07,-4.104671596714432e-10,8.208607569723231e-07,-4.9890855494449206e-08,0.9999999999996618
205,845000000,205.845,indoor_world,differential_drive_robot,-3.5741685225951495e-06,-2.993451338640735e-08,-4.433823484413102e-07,-4.104671596714432e-10,8.208607569723231e-07,-4.9890855494449206e-08,0.9999999999996618
205,865000000,205.865,indoor_world,differential_drive_robot,-3.5741685225951495e-06,-2.993451338640735e-08,-4.433823484413102e-07,-4.104671596714432e-10,8.208607569723231e-07,-4.9890855494449206e-08,0.9999999999996618
205,885000000,205.885,indoor_world,differential_drive_robot,-3.5741685225951495e-06,-2.993451338640735e-08,-4.433823484413102e-07,-4.104671596714432e-10,8.208607569723231e-07,-4.9890855494449206e-08,0.9999999999996618
205,905000000,205.905,indoor_world,differential_drive_robot,-3.5741685225951495e-06,-2.993451338640735e-08,-4.433823484413102e-07,-4.104671596714432e-10,8.208607569723231e-07,-4.9890855494449206e-08,0.9999999999996618
205,925000000,205.925,indoor_world,differential_drive_robot,-3.5741685225951495e-06,-2.993451338640735e-08,-4.433823484413102e-07,-4.104671596714432e-10,8.208607569723231e-07,-4.9890855494449206e-08,0.9999999999996618
205,945000000,205.945,indoor_world,differential_drive_robot,-3.5741685225951495e-06,-2.993451338640735e-08,-4.433823484413102e-07,-4.104671596714432e-10,8.208607569723231e-07,-4.9890855494449206e-08,0.9999999999996618
205,965000000,205.965,indoor_world,differential_drive_robot,-3.5741685225951495e-06,-2.993451338640735e-08,-4.433823484413102e-07,-4.104671596714432e-10,8.208607569723231e-07,-4.9890855494449206e-08,0.9999999999996618
205,985000000,205.985,indoor_world,differential_drive_robot,-3.5741685225951495e-06,-2.993451338640735e-08,-4.433823484413102e-07,-4.104671596714432e-10,8.208607569723231e-07,-4.9890855494449206e-08,0.9999999999996618
206,5000000,206.005,indoor_world,differential_drive_robot,-3.5741685225951495e-06,-2.993451338640735e-08,-4.433823484413102e-07,-4.104671596714432e-10,8.208607569723231e-07,-4.9890855494449206e-08,0.9999999999996618
206,25000000,206.025,indoor_world,differential_drive_robot,-3.5741685225951495e-06,-2.993451338640735e-08,-4.433823484413102e-07,-4.104671596714432e-10,8.208607569723231e-07,-4.9890855494449206e-08,0.9999999999996618
206,45000000,206.045,indoor_world,differential_drive_robot,-3.5741685225951495e-06,-2.993451338640735e-08,-4.433823484413102e-07,-4.104671596714432e-10,8.208607569723231e-07,-4.9890855494449206e-08,0.9999999999996618
206,65000000,206.065,indoor_world,differential_drive_robot,-3.5741685225951495e-06,-2.993451338640735e-08,-4.433823484413102e-07,-4.104671596714432e-10,8.208607569723231e-07,-4.9890855494449206e-08,0.9999999999996618
206,85000000,206.085,indoor_world,differential_drive_robot,-3.5741685225951495e-06,-2.993451338640735e-08,-4.433823484413102e-07,-4.104671596714432e-10,8.208607569723231e-07,-4.9890855494449206e-08,0.9999999999996618
206,105000000,206.105,indoor_world,differential_drive_robot,-3.5741685225951495e-06,-2.993451338640735e-08,-4.433823484413102e-07,-4.104671596714432e-10,8.208607569723231e-07,-4.9890855494449206e-08,0.9999999999996618
206,125000000,206.125,indoor_world,differential_drive_robot,-3.5741685225951495e-06,-2.993451338640735e-08,-4.433823484413102e-07,-4.104671596714432e-10,8.208607569723231e-07,-4.9890855494449206e-08,0.9999999999996618
206,145000000,206.145,indoor_world,differential_drive_robot,-3.5741685225951495e-06,-2.993451338640735e-08,-4.433823484413102e-07,-4.104671596714432e-10,8.208607569723231e-07,-4.9890855494449206e-08,0.9999999999996618
206,165000000,206.165,indoor_world,differential_drive_robot,-3.5741685225951495e-06,-2.993451338640735e-08,-4.433823484413102e-07,-4.104671596714432e-10,8.208607569723231e-07,-4.9890855494449206e-08,0.9999999999996618
206,185000000,206.185,indoor_world,differential_drive_robot,-3.5741685225951495e-06,-2.993451338640735e-08,-4.433823484413102e-07,-4.104671596714432e-10,8.208607569723231e-07,-4.9890855494449206e-08,0.9999999999996618
206,205000000,206.205,indoor_world,differential_drive_robot,-3.5741685225951495e-06,-2.993451338640735e-08,-4.433823484413102e-07,-4.104671596714432e-10,8.208607569723231e-07,-4.9890855494449206e-08,0.9999999999996618
206,225000000,206.225,indoor_world,differential_drive_robot,-3.5741685225951495e-06,-2.993451338640735e-08,-4.433823484413102e-07,-4.104671596714432e-10,8.208607569723231e-07,-4.9890855494449206e-08,0.9999999999996618
206,245000000,206.245,indoor_world,differential_drive_robot,-3.5741685225951495e-06,-2.993451338640735e-08,-4.433823484413102e-07,-4.104671596714432e-10,8.208607569723231e-07,-4.9890855494449206e-08,0.9999999999996618
206,265000000,206.265,indoor_world,differential_drive_robot,-3.5741685225951495e-06,-2.993451338640735e-08,-4.433823484413102e-07,-4.104671596714432e-10,8.208607569723231e-07,-4.9890855494449206e-08,0.9999999999996618
206,285000000,206.285,indoor_world,differential_drive_robot,-3.5741685225951495e-06,-2.993451338640735e-08,-4.433823484413102e-07,-4.104671596714432e-10,8.208607569723231e-07,-4.9890855494449206e-08,0.9999999999996618
206,305000000,206.305,indoor_world,differential_drive_robot,-3.5741685225951495e-06,-2.993451338640735e-08,-4.433823484413102e-07,-4.104671596714432e-10,8.208607569723231e-07,-4.9890855494449206e-08,0.9999999999996618
206,325000000,206.325,indoor_world,differential_drive_robot,-3.5741685225951495e-06,-2.993451338640735e-08,-4.433823484413102e-07,-4.104671596714432e-10,8.208607569723231e-07,-4.9890855494449206e-08,0.9999999999996618
206,345000000,206.345,indoor_world,differential_drive_robot,-3.5741685225951495e-06,-2.993451338640735e-08,-4.433823484413102e-07,-4.104671596714432e-10,8.208607569723231e-07,-4.9890855494449206e-08,0.9999999999996618
206,365000000,206.365,indoor_world,differential_drive_robot,-3.5741685225951495e-06,-2.993451338640735e-08,-4.433823484413102e-07,-4.104671596714432e-10,8.208607569723231e-07,-4.9890855494449206e-08,0.9999999999996618
206,385000000,206.385,indoor_world,differential_drive_robot,-3.5741685225951495e-06,-2.993451338640735e-08,-4.433823484413102e-07,-4.104671596714432e-10,8.208607569723231e-07,-4.9890855494449206e-08,0.9999999999996618
206,405000000,206.405,indoor_world,differential_drive_robot,-3.5741685225951495e-06,-2.993451338640735e-08,-4.433823484413102e-07,-4.104671596714432e-10,8.208607569723231e-07,-4.9890855494449206e-08,0.9999999999996618
206,425000000,206.425,indoor_world,differential_drive_robot,-3.5741685225951495e-06,-2.993451338640735e-08,-4.433823484413102e-07,-4.104671596714432e-10,8.208607569723231e-07,-4.9890855494449206e-08,0.9999999999996618
206,445000000,206.445,indoor_world,differential_drive_robot,-3.5741685225951495e-06,-2.993451338640735e-08,-4.433823484413102e-07,-4.104671596714432e-10,8.208607569723231e-07,-4.9890855494449206e-08,0.9999999999996618
206,465000000,206.465,indoor_world,differential_drive_robot,-3.5741685225951495e-06,-2.993451338640735e-08,-4.433823484413102e-07,-4.104671596714432e-10,8.208607569723231e-07,-4.9890855494449206e-08,0.9999999999996618
206,485000000,206.485,indoor_world,differential_drive_robot,-3.5741685225951495e-06,-2.993451338640735e-08,-4.433823484413102e-07,-4.104671596714432e-10,8.208607569723231e-07,-4.9890855494449206e-08,0.9999999999996618
206,505000000,206.505,indoor_world,differential_drive_robot,-3.5741685225951495e-06,-2.993451338640735e-08,-4.433823484413102e-07,-4.104671596714432e-10,8.208607569723231e-07,-4.9890855494449206e-08,0.9999999999996618
206,525000000,206.525,indoor_world,differential_drive_robot,-3.5741685225951495e-06,-2.993451338640735e-08,-4.433823484413102e-07,-4.104671596714432e-10,8.208607569723231e-07,-4.9890855494449206e-08,0.9999999999996618
206,545000000,206.545,indoor_world,differential_drive_robot,-3.5741685225951495e-06,-2.993451338640735e-08,-4.433823484413102e-07,-4.104671596714432e-10,8.208607569723231e-07,-4.9890855494449206e-08,0.9999999999996618
206,565000000,206.565,indoor_world,differential_drive_robot,-3.5741685225951495e-06,-2.993451338640735e-08,-4.433823484413102e-07,-4.104671596714432e-10,8.208607569723231e-07,-4.9890855494449206e-08,0.9999999999996618
206,585000000,206.585,indoor_world,differential_drive_robot,-3.5741685225951495e-06,-2.993451338640735e-08,-4.433823484413102e-07,-4.104671596714432e-10,8.208607569723231e-07,-4.9890855494449206e-08,0.9999999999996618
206,605000000,206.605,indoor_world,differential_drive_robot,-3.5741685225951495e-06,-2.993451338640735e-08,-4.433823484413102e-07,-4.104671596714432e-10,8.208607569723231e-07,-4.9890855494449206e-08,0.9999999999996618
206,625000000,206.625,indoor_world,differential_drive_robot,-3.5741685225951495e-06,-2.993451338640735e-08,-4.433823484413102e-07,-4.104671596714432e-10,8.208607569723231e-07,-4.9890855494449206e-08,0.9999999999996618
206,645000000,206.645,indoor_world,differential_drive_robot,-3.5741685225951495e-06,-2.993451338640735e-08,-4.433823484413102e-07,-4.104671596714432e-10,8.208607569723231e-07,-4.9890855494449206e-08,0.9999999999996618
206,665000000,206.665,indoor_world,differential_drive_robot,-3.5741685225951495e-06,-2.993451338640735e-08,-4.433823484413102e-07,-4.104671596714432e-10,8.208607569723231e-07,-4.9890855494449206e-08,0.9999999999996618
206,685000000,206.685,indoor_world,differential_drive_robot,-3.5741685225951495e-06,-2.993451338640735e-08,-4.433823484413102e-07,-4.104671596714432e-10,8.208607569723231e-07,-4.9890855494449206e-08,0.9999999999996618
206,705000000,206.705,indoor_world,differential_drive_robot,-3.5741685225951495e-06,-2.993451338640735e-08,-4.433823484413102e-07,-4.104671596714432e-10,8.208607569723231e-07,-4.9890855494449206e-08,0.9999999999996618
206,725000000,206.725,indoor_world,differential_drive_robot,-3.5741685225951495e-06,-2.993451338640735e-08,-4.433823484413102e-07,-4.104671596714432e-10,8.208607569723231e-07,-4.9890855494449206e-08,0.9999999999996618
206,745000000,206.745,indoor_world,differential_drive_robot,-3.5741685225951495e-06,-2.993451338640735e-08,-4.433823484413102e-07,-4.104671596714432e-10,8.208607569723231e-07,-4.9890855494449206e-08,0.9999999999996618
206,765000000,206.765,indoor_world,differential_drive_robot,-3.5741685225951495e-06,-2.993451338640735e-08,-4.433823484413102e-07,-4.104671596714432e-10,8.208607569723231e-07,-4.9890855494449206e-08,0.9999999999996618
206,785000000,206.785,indoor_world,differential_drive_robot,-3.5741685225951495e-06,-2.993451338640735e-08,-4.433823484413102e-07,-4.104671596714432e-10,8.208607569723231e-07,-4.9890855494449206e-08,0.9999999999996618
206,805000000,206.805,indoor_world,differential_drive_robot,-3.5741685225951495e-06,-2.993451338640735e-08,-4.433823484413102e-07,-4.104671596714432e-10,8.208607569723231e-07,-4.9890855494449206e-08,0.9999999999996618
206,825000000,206.825,indoor_world,differential_drive_robot,-3.5741685225951495e-06,-2.993451338640735e-08,-4.433823484413102e-07,-4.104671596714432e-10,8.208607569723231e-07,-4.9890855494449206e-08,0.9999999999996618
206,845000000,206.845,indoor_world,differential_drive_robot,-3.5741685225951495e-06,-2.993451338640735e-08,-4.433823484413102e-07,-4.104671596714432e-10,8.208607569723231e-07,-4.9890855494449206e-08,0.9999999999996618
206,865000000,206.865,indoor_world,differential_drive_robot,-3.5741685225951495e-06,-2.993451338640735e-08,-4.433823484413102e-07,-4.104671596714432e-10,8.208607569723231e-07,-4.9890855494449206e-08,0.9999999999996618
206,885000000,206.885,indoor_world,differential_drive_robot,-3.5741685225951495e-06,-2.993451338640735e-08,-4.433823484413102e-07,-4.104671596714432e-10,8.208607569723231e-07,-4.9890855494449206e-08,0.9999999999996618
206,905000000,206.905,indoor_world,differential_drive_robot,-3.5741685225951495e-06,-2.993451338640735e-08,-4.433823484413102e-07,-4.104671596714432e-10,8.208607569723231e-07,-4.9890855494449206e-08,0.9999999999996618
206,925000000,206.925,indoor_world,differential_drive_robot,-3.5741685225951495e-06,-2.993451338640735e-08,-4.433823484413102e-07,-4.104671596714432e-10,8.208607569723231e-07,-4.9890855494449206e-08,0.9999999999996618
206,945000000,206.945,indoor_world,differential_drive_robot,-3.5741685225951495e-06,-2.993451338640735e-08,-4.433823484413102e-07,-4.104671596714432e-10,8.208607569723231e-07,-4.9890855494449206e-08,0.9999999999996618
206,965000000,206.965,indoor_world,differential_drive_robot,-3.5741685225951495e-06,-2.993451338640735e-08,-4.433823484413102e-07,-4.104671596714432e-10,8.208607569723231e-07,-4.9890855494449206e-08,0.9999999999996618
206,985000000,206.985,indoor_world,differential_drive_robot,-3.5741685225951495e-06,-2.993451338640735e-08,-4.433823484413102e-07,-4.104671596714432e-10,8.208607569723231e-07,-4.9890855494449206e-08,0.9999999999996618
207,5000000,207.005,indoor_world,differential_drive_robot,-3.5741685225951495e-06,-2.993451338640735e-08,-4.433823484413102e-07,-4.104671596714432e-10,8.208607569723231e-07,-4.9890855494449206e-08,0.9999999999996618
207,25000000,207.025,indoor_world,differential_drive_robot,-3.5741685225951495e-06,-2.993451338640735e-08,-4.433823484413102e-07,-4.104671596714432e-10,8.208607569723231e-07,-4.9890855494449206e-08,0.9999999999996618
207,45000000,207.045,indoor_world,differential_drive_robot,-3.5741685225951495e-06,-2.993451338640735e-08,-4.433823484413102e-07,-4.104671596714432e-10,8.208607569723231e-07,-4.9890855494449206e-08,0.9999999999996618
207,65000000,207.065,indoor_world,differential_drive_robot,-3.5741685225951495e-06,-2.993451338640735e-08,-4.433823484413102e-07,-4.104671596714432e-10,8.208607569723231e-07,-4.9890855494449206e-08,0.9999999999996618
207,85000000,207.085,indoor_world,differential_drive_robot,-3.5741685225951495e-06,-2.993451338640735e-08,-4.433823484413102e-07,-4.104671596714432e-10,8.208607569723231e-07,-4.9890855494449206e-08,0.9999999999996618
207,105000000,207.105,indoor_world,differential_drive_robot,-3.5741685225951495e-06,-2.993451338640735e-08,-4.433823484413102e-07,-4.104671596714432e-10,8.208607569723231e-07,-4.9890855494449206e-08,0.9999999999996618
207,125000000,207.125,indoor_world,differential_drive_robot,-3.5741685225951495e-06,-2.993451338640735e-08,-4.433823484413102e-07,-4.104671596714432e-10,8.208607569723231e-07,-4.9890855494449206e-08,0.9999999999996618
207,145000000,207.145,indoor_world,differential_drive_robot,-3.5741685225951495e-06,-2.993451338640735e-08,-4.433823484413102e-07,-4.104671596714432e-10,8.208607569723231e-07,-4.9890855494449206e-08,0.9999999999996618
207,165000000,207.165,indoor_world,differential_drive_robot,-3.5741685225951495e-06,-2.993451338640735e-08,-4.433823484413102e-07,-4.104671596714432e-10,8.208607569723231e-07,-4.9890855494449206e-08,0.9999999999996618
207,185000000,207.185,indoor_world,differential_drive_robot,-3.5741685225951495e-06,-2.993451338640735e-08,-4.433823484413102e-07,-4.104671596714432e-10,8.208607569723231e-07,-4.9890855494449206e-08,0.9999999999996618
207,205000000,207.205,indoor_world,differential_drive_robot,-3.5741685225951495e-06,-2.993451338640735e-08,-4.433823484413102e-07,-4.104671596714432e-10,8.208607569723231e-07,-4.9890855494449206e-08,0.9999999999996618
207,225000000,207.225,indoor_world,differential_drive_robot,-3.5741685225951495e-06,-2.993451338640735e-08,-4.433823484413102e-07,-4.104671596714432e-10,8.208607569723231e-07,-4.9890855494449206e-08,0.9999999999996618
207,245000000,207.245,indoor_world,differential_drive_robot,-3.5741685225951495e-06,-2.993451338640735e-08,-4.433823484413102e-07,-4.104671596714432e-10,8.208607569723231e-07,-4.9890855494449206e-08,0.9999999999996618
207,265000000,207.265,indoor_world,differential_drive_robot,-3.5741685225951495e-06,-2.993451338640735e-08,-4.433823484413102e-07,-4.104671596714432e-10,8.208607569723231e-07,-4.9890855494449206e-08,0.9999999999996618
207,285000000,207.285,indoor_world,differential_drive_robot,-3.5741685225951495e-06,-2.993451338640735e-08,-4.433823484413102e-07,-4.104671596714432e-10,8.208607569723231e-07,-4.9890855494449206e-08,0.9999999999996618
207,305000000,207.305,indoor_world,differential_drive_robot,-3.5741685225951495e-06,-2.993451338640735e-08,-4.433823484413102e-07,-4.104671596714432e-10,8.208607569723231e-07,-4.9890855494449206e-08,0.9999999999996618
207,325000000,207.325,indoor_world,differential_drive_robot,-3.5741685225951495e-06,-2.993451338640735e-08,-4.433823484413102e-07,-4.104671596714432e-10,8.208607569723231e-07,-4.9890855494449206e-08,0.9999999999996618
207,345000000,207.345,indoor_world,differential_drive_robot,-3.5741685225951495e-06,-2.993451338640735e-08,-4.433823484413102e-07,-4.104671596714432e-10,8.208607569723231e-07,-4.9890855494449206e-08,0.9999999999996618
207,365000000,207.365,indoor_world,differential_drive_robot,-3.5741685225951495e-06,-2.993451338640735e-08,-4.433823484413102e-07,-4.104671596714432e-10,8.208607569723231e-07,-4.9890855494449206e-08,0.9999999999996618
207,385000000,207.385,indoor_world,differential_drive_robot,-3.5741685225951495e-06,-2.993451338640735e-08,-4.433823484413102e-07,-4.104671596714432e-10,8.208607569723231e-07,-4.9890855494449206e-08,0.9999999999996618
207,405000000,207.405,indoor_world,differential_drive_robot,-3.5741685225951495e-06,-2.993451338640735e-08,-4.433823484413102e-07,-4.104671596714432e-10,8.208607569723231e-07,-4.9890855494449206e-08,0.9999999999996618
207,425000000,207.425,indoor_world,differential_drive_robot,-3.5741685225951495e-06,-2.993451338640735e-08,-4.433823484413102e-07,-4.104671596714432e-10,8.208607569723231e-07,-4.9890855494449206e-08,0.9999999999996618
207,445000000,207.445,indoor_world,differential_drive_robot,-3.5741685225951495e-06,-2.993451338640735e-08,-4.433823484413102e-07,-4.104671596714432e-10,8.208607569723231e-07,-4.9890855494449206e-08,0.9999999999996618
207,465000000,207.465,indoor_world,differential_drive_robot,-3.5741685225951495e-06,-2.993451338640735e-08,-4.433823484413102e-07,-4.104671596714432e-10,8.208607569723231e-07,-4.9890855494449206e-08,0.9999999999996618
207,485000000,207.485,indoor_world,differential_drive_robot,-3.5741685225951495e-06,-2.993451338640735e-08,-4.433823484413102e-07,-4.104671596714432e-10,8.208607569723231e-07,-4.9890855494449206e-08,0.9999999999996618
207,505000000,207.505,indoor_world,differential_drive_robot,-3.5741685225951495e-06,-2.993451338640735e-08,-4.433823484413102e-07,-4.104671596714432e-10,8.208607569723231e-07,-4.9890855494449206e-08,0.9999999999996618
207,525000000,207.525,indoor_world,differential_drive_robot,-3.5741685225951495e-06,-2.993451338640735e-08,-4.433823484413102e-07,-4.104671596714432e-10,8.208607569723231e-07,-4.9890855494449206e-08,0.9999999999996618
207,545000000,207.545,indoor_world,differential_drive_robot,-3.5741685225951495e-06,-2.993451338640735e-08,-4.433823484413102e-07,-4.104671596714432e-10,8.208607569723231e-07,-4.9890855494449206e-08,0.9999999999996618
207,565000000,207.565,indoor_world,differential_drive_robot,-3.5741685225951495e-06,-2.993451338640735e-08,-4.433823484413102e-07,-4.104671596714432e-10,8.208607569723231e-07,-4.9890855494449206e-08,0.9999999999996618
207,585000000,207.585,indoor_world,differential_drive_robot,-3.5741685225951495e-06,-2.993451338640735e-08,-4.433823484413102e-07,-4.104671596714432e-10,8.208607569723231e-07,-4.9890855494449206e-08,0.9999999999996618
207,605000000,207.605,indoor_world,differential_drive_robot,-3.5741685225951495e-06,-2.993451338640735e-08,-4.433823484413102e-07,-4.104671596714432e-10,8.208607569723231e-07,-4.9890855494449206e-08,0.9999999999996618
207,625000000,207.625,indoor_world,differential_drive_robot,-3.5741685225951495e-06,-2.993451338640735e-08,-4.433823484413102e-07,-4.104671596714432e-10,8.208607569723231e-07,-4.9890855494449206e-08,0.9999999999996618
207,645000000,207.645,indoor_world,differential_drive_robot,-3.5741685225951495e-06,-2.993451338640735e-08,-4.433823484413102e-07,-4.104671596714432e-10,8.208607569723231e-07,-4.9890855494449206e-08,0.9999999999996618
207,665000000,207.665,indoor_world,differential_drive_robot,-3.5741685225951495e-06,-2.993451338640735e-08,-4.433823484413102e-07,-4.104671596714432e-10,8.208607569723231e-07,-4.9890855494449206e-08,0.9999999999996618
207,685000000,207.685,indoor_world,differential_drive_robot,-3.5741685225951495e-06,-2.993451338640735e-08,-4.433823484413102e-07,-4.104671596714432e-10,8.208607569723231e-07,-4.9890855494449206e-08,0.9999999999996618
207,705000000,207.705,indoor_world,differential_drive_robot,-3.5741685225951495e-06,-2.993451338640735e-08,-4.433823484413102e-07,-4.104671596714432e-10,8.208607569723231e-07,-4.9890855494449206e-08,0.9999999999996618
207,725000000,207.725,indoor_world,differential_drive_robot,-3.5741685225951495e-06,-2.993451338640735e-08,-4.433823484413102e-07,-4.104671596714432e-10,8.208607569723231e-07,-4.9890855494449206e-08,0.9999999999996618
207,745000000,207.745,indoor_world,differential_drive_robot,-3.5741685225951495e-06,-2.993451338640735e-08,-4.433823484413102e-07,-4.104671596714432e-10,8.208607569723231e-07,-4.9890855494449206e-08,0.9999999999996618
207,765000000,207.765,indoor_world,differential_drive_robot,-3.5741685225951495e-06,-2.993451338640735e-08,-4.433823484413102e-07,-4.104671596714432e-10,8.208607569723231e-07,-4.9890855494449206e-08,0.9999999999996618
207,785000000,207.785,indoor_world,differential_drive_robot,-3.5741685225951495e-06,-2.993451338640735e-08,-4.433823484413102e-07,-4.104671596714432e-10,8.208607569723231e-07,-4.9890855494449206e-08,0.9999999999996618
207,805000000,207.805,indoor_world,differential_drive_robot,-3.5741685225951495e-06,-2.993451338640735e-08,-4.433823484413102e-07,-4.104671596714432e-10,8.208607569723231e-07,-4.9890855494449206e-08,0.9999999999996618
207,825000000,207.825,indoor_world,differential_drive_robot,-3.5741685225951495e-06,-2.993451338640735e-08,-4.433823484413102e-07,-4.104671596714432e-10,8.208607569723231e-07,-4.9890855494449206e-08,0.9999999999996618
207,845000000,207.845,indoor_world,differential_drive_robot,-3.5741685225951495e-06,-2.993451338640735e-08,-4.433823484413102e-07,-4.104671596714432e-10,8.208607569723231e-07,-4.9890855494449206e-08,0.9999999999996618
207,865000000,207.865,indoor_world,differential_drive_robot,-3.5741685225951495e-06,-2.993451338640735e-08,-4.433823484413102e-07,-4.104671596714432e-10,8.208607569723231e-07,-4.9890855494449206e-08,0.9999999999996618
207,885000000,207.885,indoor_world,differential_drive_robot,-3.5741685225951495e-06,-2.993451338640735e-08,-4.433823484413102e-07,-4.104671596714432e-10,8.208607569723231e-07,-4.9890855494449206e-08,0.9999999999996618
207,905000000,207.905,indoor_world,differential_drive_robot,-3.5741685225951495e-06,-2.993451338640735e-08,-4.433823484413102e-07,-4.104671596714432e-10,8.208607569723231e-07,-4.9890855494449206e-08,0.9999999999996618
207,925000000,207.925,indoor_world,differential_drive_robot,-3.5741685225951495e-06,-2.993451338640735e-08,-4.433823484413102e-07,-4.104671596714432e-10,8.208607569723231e-07,-4.9890855494449206e-08,0.9999999999996618
207,945000000,207.945,indoor_world,differential_drive_robot,-3.5741685225951495e-06,-2.993451338640735e-08,-4.433823484413102e-07,-4.104671596714432e-10,8.208607569723231e-07,-4.9890855494449206e-08,0.9999999999996618
207,965000000,207.965,indoor_world,differential_drive_robot,-3.5741685225951495e-06,-2.993451338640735e-08,-4.433823484413102e-07,-4.104671596714432e-10,8.208607569723231e-07,-4.9890855494449206e-08,0.9999999999996618
207,985000000,207.985,indoor_world,differential_drive_robot,-3.5741685225951495e-06,-2.993451338640735e-08,-4.433823484413102e-07,-4.104671596714432e-10,8.208607569723231e-07,-4.9890855494449206e-08,0.9999999999996618
208,5000000,208.005,indoor_world,differential_drive_robot,-3.5741685225951495e-06,-2.993451338640735e-08,-4.433823484413102e-07,-4.104671596714432e-10,8.208607569723231e-07,-4.9890855494449206e-08,0.9999999999996618
208,25000000,208.025,indoor_world,differential_drive_robot,-3.5741685225951495e-06,-2.993451338640735e-08,-4.433823484413102e-07,-4.104671596714432e-10,8.208607569723231e-07,-4.9890855494449206e-08,0.9999999999996618
208,45000000,208.045,indoor_world,differential_drive_robot,-3.5741685225951495e-06,-2.993451338640735e-08,-4.433823484413102e-07,-4.104671596714432e-10,8.208607569723231e-07,-4.9890855494449206e-08,0.9999999999996618
208,65000000,208.065,indoor_world,differential_drive_robot,-3.5741685225951495e-06,-2.993451338640735e-08,-4.433823484413102e-07,-4.104671596714432e-10,8.208607569723231e-07,-4.9890855494449206e-08,0.9999999999996618
208,85000000,208.085,indoor_world,differential_drive_robot,-3.5741685225951495e-06,-2.993451338640735e-08,-4.433823484413102e-07,-4.104671596714432e-10,8.208607569723231e-07,-4.9890855494449206e-08,0.9999999999996618
208,105000000,208.105,indoor_world,differential_drive_robot,-3.5741685225951495e-06,-2.993451338640735e-08,-4.433823484413102e-07,-4.104671596714432e-10,8.208607569723231e-07,-4.9890855494449206e-08,0.9999999999996618
208,125000000,208.125,indoor_world,differential_drive_robot,-3.5741685225951495e-06,-2.993451338640735e-08,-4.433823484413102e-07,-4.104671596714432e-10,8.208607569723231e-07,-4.9890855494449206e-08,0.9999999999996618
208,145000000,208.145,indoor_world,differential_drive_robot,-3.5741685225951495e-06,-2.993451338640735e-08,-4.433823484413102e-07,-4.104671596714432e-10,8.208607569723231e-07,-4.9890855494449206e-08,0.9999999999996618
208,165000000,208.165,indoor_world,differential_drive_robot,-3.5741685225951495e-06,-2.993451338640735e-08,-4.433823484413102e-07,-4.104671596714432e-10,8.208607569723231e-07,-4.9890855494449206e-08,0.9999999999996618
208,185000000,208.185,indoor_world,differential_drive_robot,-3.5741685225951495e-06,-2.993451338640735e-08,-4.433823484413102e-07,-4.104671596714432e-10,8.208607569723231e-07,-4.9890855494449206e-08,0.9999999999996618
208,205000000,208.205,indoor_world,differential_drive_robot,-3.5741685225951495e-06,-2.993451338640735e-08,-4.433823484413102e-07,-4.104671596714432e-10,8.208607569723231e-07,-4.9890855494449206e-08,0.9999999999996618
208,225000000,208.225,indoor_world,differential_drive_robot,-3.5741685225951495e-06,-2.993451338640735e-08,-4.433823484413102e-07,-4.104671596714432e-10,8.208607569723231e-07,-4.9890855494449206e-08,0.9999999999996618
208,245000000,208.245,indoor_world,differential_drive_robot,-3.5741685225951495e-06,-2.993451338640735e-08,-4.433823484413102e-07,-4.104671596714432e-10,8.208607569723231e-07,-4.9890855494449206e-08,0.9999999999996618
208,265000000,208.265,indoor_world,differential_drive_robot,-3.5741685225951495e-06,-2.993451338640735e-08,-4.433823484413102e-07,-4.104671596714432e-10,8.208607569723231e-07,-4.9890855494449206e-08,0.9999999999996618
208,285000000,208.285,indoor_world,differential_drive_robot,-3.5741685225951495e-06,-2.993451338640735e-08,-4.433823484413102e-07,-4.104671596714432e-10,8.208607569723231e-07,-4.9890855494449206e-08,0.9999999999996618
208,305000000,208.305,indoor_world,differential_drive_robot,-3.5741685225951495e-06,-2.993451338640735e-08,-4.433823484413102e-07,-4.104671596714432e-10,8.208607569723231e-07,-4.9890855494449206e-08,0.9999999999996618
208,325000000,208.325,indoor_world,differential_drive_robot,-3.5741685225951495e-06,-2.993451338640735e-08,-4.433823484413102e-07,-4.104671596714432e-10,8.208607569723231e-07,-4.9890855494449206e-08,0.9999999999996618
208,345000000,208.345,indoor_world,differential_drive_robot,-3.5741685225951495e-06,-2.993451338640735e-08,-4.433823484413102e-07,-4.104671596714432e-10,8.208607569723231e-07,-4.9890855494449206e-08,0.9999999999996618
208,365000000,208.365,indoor_world,differential_drive_robot,-3.5741685225951495e-06,-2.993451338640735e-08,-4.433823484413102e-07,-4.104671596714432e-10,8.208607569723231e-07,-4.9890855494449206e-08,0.9999999999996618
208,385000000,208.385,indoor_world,differential_drive_robot,-3.5741685225951495e-06,-2.993451338640735e-08,-4.433823484413102e-07,-4.104671596714432e-10,8.208607569723231e-07,-4.9890855494449206e-08,0.9999999999996618
208,405000000,208.405,indoor_world,differential_drive_robot,-3.5741685225951495e-06,-2.993451338640735e-08,-4.433823484413102e-07,-4.104671596714432e-10,8.208607569723231e-07,-4.9890855494449206e-08,0.9999999999996618
208,425000000,208.425,indoor_world,differential_drive_robot,-3.5741685225951495e-06,-2.993451338640735e-08,-4.433823484413102e-07,-4.104671596714432e-10,8.208607569723231e-07,-4.9890855494449206e-08,0.9999999999996618
208,445000000,208.445,indoor_world,differential_drive_robot,-3.5741685225951495e-06,-2.993451338640735e-08,-4.433823484413102e-07,-4.104671596714432e-10,8.208607569723231e-07,-4.9890855494449206e-08,0.9999999999996618
208,465000000,208.465,indoor_world,differential_drive_robot,-3.5741685225951495e-06,-2.993451338640735e-08,-4.433823484413102e-07,-4.104671596714432e-10,8.208607569723231e-07,-4.9890855494449206e-08,0.9999999999996618
208,485000000,208.485,indoor_world,differential_drive_robot,-3.5741685225951495e-06,-2.993451338640735e-08,-4.433823484413102e-07,-4.104671596714432e-10,8.208607569723231e-07,-4.9890855494449206e-08,0.9999999999996618
208,505000000,208.505,indoor_world,differential_drive_robot,-3.5741685225951495e-06,-2.993451338640735e-08,-4.433823484413102e-07,-4.104671596714432e-10,8.208607569723231e-07,-4.9890855494449206e-08,0.9999999999996618
208,525000000,208.525,indoor_world,differential_drive_robot,-3.5741685225951495e-06,-2.993451338640735e-08,-4.433823484413102e-07,-4.104671596714432e-10,8.208607569723231e-07,-4.9890855494449206e-08,0.9999999999996618
208,545000000,208.545,indoor_world,differential_drive_robot,-3.5741685225951495e-06,-2.993451338640735e-08,-4.433823484413102e-07,-4.104671596714432e-10,8.208607569723231e-07,-4.9890855494449206e-08,0.9999999999996618
208,565000000,208.565,indoor_world,differential_drive_robot,-3.5741685225951495e-06,-2.993451338640735e-08,-4.433823484413102e-07,-4.104671596714432e-10,8.208607569723231e-07,-4.9890855494449206e-08,0.9999999999996618
208,585000000,208.585,indoor_world,differential_drive_robot,-3.5741685225951495e-06,-2.993451338640735e-08,-4.433823484413102e-07,-4.104671596714432e-10,8.208607569723231e-07,-4.9890855494449206e-08,0.9999999999996618
208,605000000,208.605,indoor_world,differential_drive_robot,-3.5741685225951495e-06,-2.993451338640735e-08,-4.433823484413102e-07,-4.104671596714432e-10,8.208607569723231e-07,-4.9890855494449206e-08,0.9999999999996618
208,625000000,208.625,indoor_world,differential_drive_robot,-3.5741685225951495e-06,-2.993451338640735e-08,-4.433823484413102e-07,-4.104671596714432e-10,8.208607569723231e-07,-4.9890855494449206e-08,0.9999999999996618
208,645000000,208.645,indoor_world,differential_drive_robot,-3.5741685225951495e-06,-2.993451338640735e-08,-4.433823484413102e-07,-4.104671596714432e-10,8.208607569723231e-07,-4.9890855494449206e-08,0.9999999999996618
208,665000000,208.665,indoor_world,differential_drive_robot,-3.5741685225951495e-06,-2.993451338640735e-08,-4.433823484413102e-07,-4.104671596714432e-10,8.208607569723231e-07,-4.9890855494449206e-08,0.9999999999996618
208,685000000,208.685,indoor_world,differential_drive_robot,-3.5741685225951495e-06,-2.993451338640735e-08,-4.433823484413102e-07,-4.104671596714432e-10,8.208607569723231e-07,-4.9890855494449206e-08,0.9999999999996618
208,705000000,208.705,indoor_world,differential_drive_robot,-3.5741685225951495e-06,-2.993451338640735e-08,-4.433823484413102e-07,-4.104671596714432e-10,8.208607569723231e-07,-4.9890855494449206e-08,0.9999999999996618
208,725000000,208.725,indoor_world,differential_drive_robot,-3.5741685225951495e-06,-2.993451338640735e-08,-4.433823484413102e-07,-4.104671596714432e-10,8.208607569723231e-07,-4.9890855494449206e-08,0.9999999999996618
208,745000000,208.745,indoor_world,differential_drive_robot,-3.5741685225951495e-06,-2.993451338640735e-08,-4.433823484413102e-07,-4.104671596714432e-10,8.208607569723231e-07,-4.9890855494449206e-08,0.9999999999996618
208,765000000,208.765,indoor_world,differential_drive_robot,-3.5741685225951495e-06,-2.993451338640735e-08,-4.433823484413102e-07,-4.104671596714432e-10,8.208607569723231e-07,-4.9890855494449206e-08,0.9999999999996618
208,785000000,208.785,indoor_world,differential_drive_robot,-3.5741685225951495e-06,-2.993451338640735e-08,-4.433823484413102e-07,-4.104671596714432e-10,8.208607569723231e-07,-4.9890855494449206e-08,0.9999999999996618
208,805000000,208.805,indoor_world,differential_drive_robot,-3.5741685225951495e-06,-2.993451338640735e-08,-4.433823484413102e-07,-4.104671596714432e-10,8.208607569723231e-07,-4.9890855494449206e-08,0.9999999999996618
208,825000000,208.825,indoor_world,differential_drive_robot,-3.5741685225951495e-06,-2.993451338640735e-08,-4.433823484413102e-07,-4.104671596714432e-10,8.208607569723231e-07,-4.9890855494449206e-08,0.9999999999996618
208,845000000,208.845,indoor_world,differential_drive_robot,-3.5741685225951495e-06,-2.993451338640735e-08,-4.433823484413102e-07,-4.104671596714432e-10,8.208607569723231e-07,-4.9890855494449206e-08,0.9999999999996618
208,865000000,208.865,indoor_world,differential_drive_robot,-3.5741685225951495e-06,-2.993451338640735e-08,-4.433823484413102e-07,-4.104671596714432e-10,8.208607569723231e-07,-4.9890855494449206e-08,0.9999999999996618
208,885000000,208.885,indoor_world,differential_drive_robot,-3.5741685225951495e-06,-2.993451338640735e-08,-4.433823484413102e-07,-4.104671596714432e-10,8.208607569723231e-07,-4.9890855494449206e-08,0.9999999999996618
208,905000000,208.905,indoor_world,differential_drive_robot,-3.5741685225951495e-06,-2.993451338640735e-08,-4.433823484413102e-07,-4.104671596714432e-10,8.208607569723231e-07,-4.9890855494449206e-08,0.9999999999996618
208,925000000,208.925,indoor_world,differential_drive_robot,-3.5741685225951495e-06,-2.993451338640735e-08,-4.433823484413102e-07,-4.104671596714432e-10,8.208607569723231e-07,-4.9890855494449206e-08,0.9999999999996618
208,945000000,208.945,indoor_world,differential_drive_robot,-3.5741685225951495e-06,-2.993451338640735e-08,-4.433823484413102e-07,-4.104671596714432e-10,8.208607569723231e-07,-4.9890855494449206e-08,0.9999999999996618
208,965000000,208.965,indoor_world,differential_drive_robot,-3.5741685225951495e-06,-2.993451338640735e-08,-4.433823484413102e-07,-4.104671596714432e-10,8.208607569723231e-07,-4.9890855494449206e-08,0.9999999999996618
208,985000000,208.985,indoor_world,differential_drive_robot,-3.5741685225951495e-06,-2.993451338640735e-08,-4.433823484413102e-07,-4.104671596714432e-10,8.208607569723231e-07,-4.9890855494449206e-08,0.9999999999996618
209,5000000,209.005,indoor_world,differential_drive_robot,-3.5741685225951495e-06,-2.993451338640735e-08,-4.433823484413102e-07,-4.104671596714432e-10,8.208607569723231e-07,-4.9890855494449206e-08,0.9999999999996618
209,25000000,209.025,indoor_world,differential_drive_robot,-3.5741685225951495e-06,-2.993451338640735e-08,-4.433823484413102e-07,-4.104671596714432e-10,8.208607569723231e-07,-4.9890855494449206e-08,0.9999999999996618
209,45000000,209.045,indoor_world,differential_drive_robot,-3.5741685225951495e-06,-2.993451338640735e-08,-4.433823484413102e-07,-4.104671596714432e-10,8.208607569723231e-07,-4.9890855494449206e-08,0.9999999999996618
209,65000000,209.065,indoor_world,differential_drive_robot,-3.5741685225951495e-06,-2.993451338640735e-08,-4.433823484413102e-07,-4.104671596714432e-10,8.208607569723231e-07,-4.9890855494449206e-08,0.9999999999996618
209,85000000,209.085,indoor_world,differential_drive_robot,-3.5741685225951495e-06,-2.993451338640735e-08,-4.433823484413102e-07,-4.104671596714432e-10,8.208607569723231e-07,-4.9890855494449206e-08,0.9999999999996618
209,105000000,209.105,indoor_world,differential_drive_robot,-3.5741685225951495e-06,-2.993451338640735e-08,-4.433823484413102e-07,-4.104671596714432e-10,8.208607569723231e-07,-4.9890855494449206e-08,0.9999999999996618
209,125000000,209.125,indoor_world,differential_drive_robot,-3.5741685225951495e-06,-2.993451338640735e-08,-4.433823484413102e-07,-4.104671596714432e-10,8.208607569723231e-07,-4.9890855494449206e-08,0.9999999999996618
209,145000000,209.145,indoor_world,differential_drive_robot,-3.5741685225951495e-06,-2.993451338640735e-08,-4.433823484413102e-07,-4.104671596714432e-10,8.208607569723231e-07,-4.9890855494449206e-08,0.9999999999996618
209,165000000,209.165,indoor_world,differential_drive_robot,-3.5741685225951495e-06,-2.993451338640735e-08,-4.433823484413102e-07,-4.104671596714432e-10,8.208607569723231e-07,-4.9890855494449206e-08,0.9999999999996618
209,185000000,209.185,indoor_world,differential_drive_robot,-3.5741685225951495e-06,-2.993451338640735e-08,-4.433823484413102e-07,-4.104671596714432e-10,8.208607569723231e-07,-4.9890855494449206e-08,0.9999999999996618
209,205000000,209.205,indoor_world,differential_drive_robot,-3.5741685225951495e-06,-2.993451338640735e-08,-4.433823484413102e-07,-4.104671596714432e-10,8.208607569723231e-07,-4.9890855494449206e-08,0.9999999999996618
209,225000000,209.225,indoor_world,differential_drive_robot,-3.5741685225951495e-06,-2.993451338640735e-08,-4.433823484413102e-07,-4.104671596714432e-10,8.208607569723231e-07,-4.9890855494449206e-08,0.9999999999996618
209,245000000,209.245,indoor_world,differential_drive_robot,-3.5741685225951495e-06,-2.993451338640735e-08,-4.433823484413102e-07,-4.104671596714432e-10,8.208607569723231e-07,-4.9890855494449206e-08,0.9999999999996618
209,265000000,209.265,indoor_world,differential_drive_robot,-3.5741685225951495e-06,-2.993451338640735e-08,-4.433823484413102e-07,-4.104671596714432e-10,8.208607569723231e-07,-4.9890855494449206e-08,0.9999999999996618
209,285000000,209.285,indoor_world,differential_drive_robot,-3.5741685225951495e-06,-2.993451338640735e-08,-4.433823484413102e-07,-4.104671596714432e-10,8.208607569723231e-07,-4.9890855494449206e-08,0.9999999999996618
209,305000000,209.305,indoor_world,differential_drive_robot,-3.5741685225951495e-06,-2.993451338640735e-08,-4.433823484413102e-07,-4.104671596714432e-10,8.208607569723231e-07,-4.9890855494449206e-08,0.9999999999996618
209,325000000,209.325,indoor_world,differential_drive_robot,-3.5741685225951495e-06,-2.993451338640735e-08,-4.433823484413102e-07,-4.104671596714432e-10,8.208607569723231e-07,-4.9890855494449206e-08,0.9999999999996618
209,345000000,209.345,indoor_world,differential_drive_robot,-3.5741685225951495e-06,-2.993451338640735e-08,-4.433823484413102e-07,-4.104671596714432e-10,8.208607569723231e-07,-4.9890855494449206e-08,0.9999999999996618
209,365000000,209.365,indoor_world,differential_drive_robot,-3.5741685225951495e-06,-2.993451338640735e-08,-4.433823484413102e-07,-4.104671596714432e-10,8.208607569723231e-07,-4.9890855494449206e-08,0.9999999999996618
209,385000000,209.385,indoor_world,differential_drive_robot,-3.5741685225951495e-06,-2.993451338640735e-08,-4.433823484413102e-07,-4.104671596714432e-10,8.208607569723231e-07,-4.9890855494449206e-08,0.9999999999996618
209,405000000,209.405,indoor_world,differential_drive_robot,-3.5741685225951495e-06,-2.993451338640735e-08,-4.433823484413102e-07,-4.104671596714432e-10,8.208607569723231e-07,-4.9890855494449206e-08,0.9999999999996618
209,425000000,209.425,indoor_world,differential_drive_robot,-3.5741685225951495e-06,-2.993451338640735e-08,-4.433823484413102e-07,-4.104671596714432e-10,8.208607569723231e-07,-4.9890855494449206e-08,0.9999999999996618
209,445000000,209.445,indoor_world,differential_drive_robot,-3.5741685225951495e-06,-2.993451338640735e-08,-4.433823484413102e-07,-4.104671596714432e-10,8.208607569723231e-07,-4.9890855494449206e-08,0.9999999999996618
209,465000000,209.465,indoor_world,differential_drive_robot,-3.5741685225951495e-06,-2.993451338640735e-08,-4.433823484413102e-07,-4.104671596714432e-10,8.208607569723231e-07,-4.9890855494449206e-08,0.9999999999996618
209,485000000,209.485,indoor_world,differential_drive_robot,-3.5741685225951495e-06,-2.993451338640735e-08,-4.433823484413102e-07,-4.104671596714432e-10,8.208607569723231e-07,-4.9890855494449206e-08,0.9999999999996618
209,505000000,209.505,indoor_world,differential_drive_robot,-3.5741685225951495e-06,-2.993451338640735e-08,-4.433823484413102e-07,-4.104671596714432e-10,8.208607569723231e-07,-4.9890855494449206e-08,0.9999999999996618
209,525000000,209.525,indoor_world,differential_drive_robot,-3.5741685225951495e-06,-2.993451338640735e-08,-4.433823484413102e-07,-4.104671596714432e-10,8.208607569723231e-07,-4.9890855494449206e-08,0.9999999999996618
209,545000000,209.545,indoor_world,differential_drive_robot,-3.5741685225951495e-06,-2.993451338640735e-08,-4.433823484413102e-07,-4.104671596714432e-10,8.208607569723231e-07,-4.9890855494449206e-08,0.9999999999996618
209,565000000,209.565,indoor_world,differential_drive_robot,-3.5741685225951495e-06,-2.993451338640735e-08,-4.433823484413102e-07,-4.104671596714432e-10,8.208607569723231e-07,-4.9890855494449206e-08,0.9999999999996618
209,585000000,209.585,indoor_world,differential_drive_robot,-3.5741685225951495e-06,-2.993451338640735e-08,-4.433823484413102e-07,-4.104671596714432e-10,8.208607569723231e-07,-4.9890855494449206e-08,0.9999999999996618
209,605000000,209.605,indoor_world,differential_drive_robot,-3.5741685225951495e-06,-2.993451338640735e-08,-4.433823484413102e-07,-4.104671596714432e-10,8.208607569723231e-07,-4.9890855494449206e-08,0.9999999999996618
209,625000000,209.625,indoor_world,differential_drive_robot,-3.5741685225951495e-06,-2.993451338640735e-08,-4.433823484413102e-07,-4.104671596714432e-10,8.208607569723231e-07,-4.9890855494449206e-08,0.9999999999996618
209,645000000,209.645,indoor_world,differential_drive_robot,-3.5741685225951495e-06,-2.993451338640735e-08,-4.433823484413102e-07,-4.104671596714432e-10,8.208607569723231e-07,-4.9890855494449206e-08,0.9999999999996618
209,665000000,209.665,indoor_world,differential_drive_robot,-3.5741685225951495e-06,-2.993451338640735e-08,-4.433823484413102e-07,-4.104671596714432e-10,8.208607569723231e-07,-4.9890855494449206e-08,0.9999999999996618
209,685000000,209.685,indoor_world,differential_drive_robot,-3.5741685225951495e-06,-2.993451338640735e-08,-4.433823484413102e-07,-4.104671596714432e-10,8.208607569723231e-07,-4.9890855494449206e-08,0.9999999999996618
209,705000000,209.705,indoor_world,differential_drive_robot,-3.5741685225951495e-06,-2.993451338640735e-08,-4.433823484413102e-07,-4.104671596714432e-10,8.208607569723231e-07,-4.9890855494449206e-08,0.9999999999996618
209,725000000,209.725,indoor_world,differential_drive_robot,-3.5741685225951495e-06,-2.993451338640735e-08,-4.433823484413102e-07,-4.104671596714432e-10,8.208607569723231e-07,-4.9890855494449206e-08,0.9999999999996618
209,745000000,209.745,indoor_world,differential_drive_robot,-3.5741685225951495e-06,-2.993451338640735e-08,-4.433823484413102e-07,-4.104671596714432e-10,8.208607569723231e-07,-4.9890855494449206e-08,0.9999999999996618
209,765000000,209.765,indoor_world,differential_drive_robot,-3.5741685225951495e-06,-2.993451338640735e-08,-4.433823484413102e-07,-4.104671596714432e-10,8.208607569723231e-07,-4.9890855494449206e-08,0.9999999999996618
209,785000000,209.785,indoor_world,differential_drive_robot,-3.5741685225951495e-06,-2.993451338640735e-08,-4.433823484413102e-07,-4.104671596714432e-10,8.208607569723231e-07,-4.9890855494449206e-08,0.9999999999996618
209,805000000,209.805,indoor_world,differential_drive_robot,-3.5741685225951495e-06,-2.993451338640735e-08,-4.433823484413102e-07,-4.104671596714432e-10,8.208607569723231e-07,-4.9890855494449206e-08,0.9999999999996618
209,825000000,209.825,indoor_world,differential_drive_robot,-3.5741685225951495e-06,-2.993451338640735e-08,-4.433823484413102e-07,-4.104671596714432e-10,8.208607569723231e-07,-4.9890855494449206e-08,0.9999999999996618
209,845000000,209.845,indoor_world,differential_drive_robot,-3.5741685225951495e-06,-2.993451338640735e-08,-4.433823484413102e-07,-4.104671596714432e-10,8.208607569723231e-07,-4.9890855494449206e-08,0.9999999999996618
209,865000000,209.865,indoor_world,differential_drive_robot,-3.5741685225951495e-06,-2.993451338640735e-08,-4.433823484413102e-07,-4.104671596714432e-10,8.208607569723231e-07,-4.9890855494449206e-08,0.9999999999996618
209,885000000,209.885,indoor_world,differential_drive_robot,-3.5741685225951495e-06,-2.993451338640735e-08,-4.433823484413102e-07,-4.104671596714432e-10,8.208607569723231e-07,-4.9890855494449206e-08,0.9999999999996618
209,905000000,209.905,indoor_world,differential_drive_robot,-3.5741685225951495e-06,-2.993451338640735e-08,-4.433823484413102e-07,-4.104671596714432e-10,8.208607569723231e-07,-4.9890855494449206e-08,0.9999999999996618
209,925000000,209.925,indoor_world,differential_drive_robot,-3.5741685225951495e-06,-2.993451338640735e-08,-4.433823484413102e-07,-4.104671596714432e-10,8.208607569723231e-07,-4.9890855494449206e-08,0.9999999999996618
209,945000000,209.945,indoor_world,differential_drive_robot,-3.5741685225951495e-06,-2.993451338640735e-08,-4.433823484413102e-07,-4.104671596714432e-10,8.208607569723231e-07,-4.9890855494449206e-08,0.9999999999996618
209,965000000,209.965,indoor_world,differential_drive_robot,-3.5741685225951495e-06,-2.993451338640735e-08,-4.433823484413102e-07,-4.104671596714432e-10,8.208607569723231e-07,-4.9890855494449206e-08,0.9999999999996618
209,985000000,209.985,indoor_world,differential_drive_robot,-3.5741685225951495e-06,-2.993451338640735e-08,-4.433823484413102e-07,-4.104671596714432e-10,8.208607569723231e-07,-4.9890855494449206e-08,0.9999999999996618
210,5000000,210.005,indoor_world,differential_drive_robot,-3.5741685225951495e-06,-2.993451338640735e-08,-4.433823484413102e-07,-4.104671596714432e-10,8.208607569723231e-07,-4.9890855494449206e-08,0.9999999999996618
210,25000000,210.025,indoor_world,differential_drive_robot,-3.5741685225951495e-06,-2.993451338640735e-08,-4.433823484413102e-07,-4.104671596714432e-10,8.208607569723231e-07,-4.9890855494449206e-08,0.9999999999996618
210,45000000,210.045,indoor_world,differential_drive_robot,-3.5741685225951495e-06,-2.993451338640735e-08,-4.433823484413102e-07,-4.104671596714432e-10,8.208607569723231e-07,-4.9890855494449206e-08,0.9999999999996618
210,65000000,210.065,indoor_world,differential_drive_robot,-3.5741685225951495e-06,-2.993451338640735e-08,-4.433823484413102e-07,-4.104671596714432e-10,8.208607569723231e-07,-4.9890855494449206e-08,0.9999999999996618
210,85000000,210.085,indoor_world,differential_drive_robot,-3.5741685225951495e-06,-2.993451338640735e-08,-4.433823484413102e-07,-4.104671596714432e-10,8.208607569723231e-07,-4.9890855494449206e-08,0.9999999999996618
210,105000000,210.105,indoor_world,differential_drive_robot,-3.5741685225951495e-06,-2.993451338640735e-08,-4.433823484413102e-07,-4.104671596714432e-10,8.208607569723231e-07,-4.9890855494449206e-08,0.9999999999996618
210,125000000,210.125,indoor_world,differential_drive_robot,-3.5741685225951495e-06,-2.993451338640735e-08,-4.433823484413102e-07,-4.104671596714432e-10,8.208607569723231e-07,-4.9890855494449206e-08,0.9999999999996618
210,145000000,210.145,indoor_world,differential_drive_robot,-3.5741685225951495e-06,-2.993451338640735e-08,-4.433823484413102e-07,-4.104671596714432e-10,8.208607569723231e-07,-4.9890855494449206e-08,0.9999999999996618
210,165000000,210.165,indoor_world,differential_drive_robot,-3.5741685225951495e-06,-2.993451338640735e-08,-4.433823484413102e-07,-4.104671596714432e-10,8.208607569723231e-07,-4.9890855494449206e-08,0.9999999999996618
210,185000000,210.185,indoor_world,differential_drive_robot,-3.5741685225951495e-06,-2.993451338640735e-08,-4.433823484413102e-07,-4.104671596714432e-10,8.208607569723231e-07,-4.9890855494449206e-08,0.9999999999996618
210,205000000,210.205,indoor_world,differential_drive_robot,-3.5741685225951495e-06,-2.993451338640735e-08,-4.433823484413102e-07,-4.104671596714432e-10,8.208607569723231e-07,-4.9890855494449206e-08,0.9999999999996618
210,225000000,210.225,indoor_world,differential_drive_robot,-3.5741685225951495e-06,-2.993451338640735e-08,-4.433823484413102e-07,-4.104671596714432e-10,8.208607569723231e-07,-4.9890855494449206e-08,0.9999999999996618
210,245000000,210.245,indoor_world,differential_drive_robot,-3.5741685225951495e-06,-2.993451338640735e-08,-4.433823484413102e-07,-4.104671596714432e-10,8.208607569723231e-07,-4.9890855494449206e-08,0.9999999999996618
210,265000000,210.265,indoor_world,differential_drive_robot,-3.5741685225951495e-06,-2.993451338640735e-08,-4.433823484413102e-07,-4.104671596714432e-10,8.208607569723231e-07,-4.9890855494449206e-08,0.9999999999996618
210,285000000,210.285,indoor_world,differential_drive_robot,-3.5741685225951495e-06,-2.993451338640735e-08,-4.433823484413102e-07,-4.104671596714432e-10,8.208607569723231e-07,-4.9890855494449206e-08,0.9999999999996618
210,305000000,210.305,indoor_world,differential_drive_robot,-3.5741685225951495e-06,-2.993451338640735e-08,-4.433823484413102e-07,-4.104671596714432e-10,8.208607569723231e-07,-4.9890855494449206e-08,0.9999999999996618
210,325000000,210.325,indoor_world,differential_drive_robot,-3.5741685225951495e-06,-2.993451338640735e-08,-4.433823484413102e-07,-4.104671596714432e-10,8.208607569723231e-07,-4.9890855494449206e-08,0.9999999999996618
210,345000000,210.345,indoor_world,differential_drive_robot,-3.5741685225951495e-06,-2.993451338640735e-08,-4.433823484413102e-07,-4.104671596714432e-10,8.208607569723231e-07,-4.9890855494449206e-08,0.9999999999996618
210,365000000,210.365,indoor_world,differential_drive_robot,-3.5741685225951495e-06,-2.993451338640735e-08,-4.433823484413102e-07,-4.104671596714432e-10,8.208607569723231e-07,-4.9890855494449206e-08,0.9999999999996618
210,385000000,210.385,indoor_world,differential_drive_robot,-3.5741685225951495e-06,-2.993451338640735e-08,-4.433823484413102e-07,-4.104671596714432e-10,8.208607569723231e-07,-4.9890855494449206e-08,0.9999999999996618
210,405000000,210.405,indoor_world,differential_drive_robot,-3.5741685225951495e-06,-2.993451338640735e-08,-4.433823484413102e-07,-4.104671596714432e-10,8.208607569723231e-07,-4.9890855494449206e-08,0.9999999999996618
210,425000000,210.425,indoor_world,differential_drive_robot,-3.5741685225951495e-06,-2.993451338640735e-08,-4.433823484413102e-07,-4.104671596714432e-10,8.208607569723231e-07,-4.9890855494449206e-08,0.9999999999996618
210,445000000,210.445,indoor_world,differential_drive_robot,-3.5741685225951495e-06,-2.993451338640735e-08,-4.433823484413102e-07,-4.104671596714432e-10,8.208607569723231e-07,-4.9890855494449206e-08,0.9999999999996618
210,465000000,210.465,indoor_world,differential_drive_robot,-3.5741685225951495e-06,-2.993451338640735e-08,-4.433823484413102e-07,-4.104671596714432e-10,8.208607569723231e-07,-4.9890855494449206e-08,0.9999999999996618
210,485000000,210.485,indoor_world,differential_drive_robot,-3.5741685225951495e-06,-2.993451338640735e-08,-4.433823484413102e-07,-4.104671596714432e-10,8.208607569723231e-07,-4.9890855494449206e-08,0.9999999999996618
210,505000000,210.505,indoor_world,differential_drive_robot,-3.5741685225951495e-06,-2.993451338640735e-08,-4.433823484413102e-07,-4.104671596714432e-10,8.208607569723231e-07,-4.9890855494449206e-08,0.9999999999996618
210,525000000,210.525,indoor_world,differential_drive_robot,-3.5741685225951495e-06,-2.993451338640735e-08,-4.433823484413102e-07,-4.104671596714432e-10,8.208607569723231e-07,-4.9890855494449206e-08,0.9999999999996618
210,545000000,210.545,indoor_world,differential_drive_robot,-3.5741685225951495e-06,-2.993451338640735e-08,-4.433823484413102e-07,-4.104671596714432e-10,8.208607569723231e-07,-4.9890855494449206e-08,0.9999999999996618
210,565000000,210.565,indoor_world,differential_drive_robot,-3.5741685225951495e-06,-2.993451338640735e-08,-4.433823484413102e-07,-4.104671596714432e-10,8.208607569723231e-07,-4.9890855494449206e-08,0.9999999999996618
210,585000000,210.585,indoor_world,differential_drive_robot,-3.5741685225951495e-06,-2.993451338640735e-08,-4.433823484413102e-07,-4.104671596714432e-10,8.208607569723231e-07,-4.9890855494449206e-08,0.9999999999996618
210,605000000,210.605,indoor_world,differential_drive_robot,-3.5741685225951495e-06,-2.993451338640735e-08,-4.433823484413102e-07,-4.104671596714432e-10,8.208607569723231e-07,-4.9890855494449206e-08,0.9999999999996618
210,625000000,210.625,indoor_world,differential_drive_robot,-3.5741685225951495e-06,-2.993451338640735e-08,-4.433823484413102e-07,-4.104671596714432e-10,8.208607569723231e-07,-4.9890855494449206e-08,0.9999999999996618
210,645000000,210.645,indoor_world,differential_drive_robot,-3.5741685225951495e-06,-2.993451338640735e-08,-4.433823484413102e-07,-4.104671596714432e-10,8.208607569723231e-07,-4.9890855494449206e-08,0.9999999999996618
210,665000000,210.665,indoor_world,differential_drive_robot,-3.5741685225951495e-06,-2.993451338640735e-08,-4.433823484413102e-07,-4.104671596714432e-10,8.208607569723231e-07,-4.9890855494449206e-08,0.9999999999996618
