time_sec,time_nsec,timestamp,frame_id,child_frame_id,gt_x,gt_y,gt_z,gt_orient_x,gt_orient_y,gt_orient_z,gt_orient_w
33,730000000,33.73,odom,base_footprint,-3.5692074744106054e-06,1.7807144902727748e-13,0.0,0.0,0.0,-4.9891033401847935e-08,0.9999999999999988
33,740000000,33.74,terrain_world,differential_drive_robot,1.9999964258314777,15.199999970065482,-4.433823484413313e-07,-4.104671596583352e-10,8.208607569722945e-07,-4.989085549442218e-08,0.9999999999996618
33,760000000,33.76,terrain_world,differential_drive_robot,1.9999964258314777,15.199999970065482,-4.433823484413313e-07,-4.104671596583352e-10,8.208607569722945e-07,-4.989085549442218e-08,0.9999999999996618
33,780000000,33.78,terrain_world,differential_drive_robot,1.9999964258314777,15.199999970065482,-4.433823484413313e-07,-4.104671596583352e-10,8.208607569722945e-07,-4.989085549442218e-08,0.9999999999996618
33,800000000,33.8,terrain_world,differential_drive_robot,1.9999964258314777,15.199999970065482,-4.433823484413313e-07,-4.104671596583352e-10,8.208607569722945e-07,-4.989085549442218e-08,0.9999999999996618
33,820000000,33.82,terrain_world,differential_drive_robot,1.9999964258314777,15.199999970065482,-4.433823484413313e-07,-4.104671596583352e-10,8.208607569722945e-07,-4.989085549442218e-08,0.9999999999996618
33,840000000,33.84,terrain_world,differential_drive_robot,1.9999964258314777,15.199999970065482,-4.433823484413313e-07,-4.104671596583352e-10,8.208607569722945e-07,-4.989085549442218e-08,0.9999999999996618
33,860000000,33.86,terrain_world,differential_drive_robot,1.9999964258314777,15.199999970065482,-4.433823484413313e-07,-4.104671596583352e-10,8.208607569722945e-07,-4.989085549442218e-08,0.9999999999996618
33,880000000,33.88,terrain_world,differential_drive_robot,1.9999964258314777,15.199999970065482,-4.433823484413313e-07,-4.104671596583352e-10,8.208607569722945e-07,-4.989085549442218e-08,0.9999999999996618
33,900000000,33.9,terrain_world,differential_drive_robot,1.9999964258314777,15.199999970065482,-4.433823484413313e-07,-4.104671596583352e-10,8.208607569722945e-07,-4.989085549442218e-08,0.9999999999996618
33,920000000,33.92,terrain_world,differential_drive_robot,1.9999964258314777,15.199999970065482,-4.433823484413313e-07,-4.104671596583352e-10,8.208607569722945e-07,-4.989085549442218e-08,0.9999999999996618
33,940000000,33.94,terrain_world,differential_drive_robot,1.9999964258314777,15.199999970065482,-4.433823484413313e-07,-4.104671596583352e-10,8.208607569722945e-07,-4.989085549442218e-08,0.9999999999996618
33,960000000,33.96,terrain_world,differential_drive_robot,1.9999964258314777,15.199999970065482,-4.433823484413313e-07,-4.104671596583352e-10,8.208607569722945e-07,-4.989085549442218e-08,0.9999999999996618
33,980000000,33.98,terrain_world,differential_drive_robot,1.9999964258314777,15.199999970065482,-4.433823484413313e-07,-4.104671596583352e-10,8.208607569722945e-07,-4.989085549442218e-08,0.9999999999996618
34,0,34.0,terrain_world,differential_drive_robot,1.9999964258314777,15.199999970065482,-4.433823484413313e-07,-4.104671596583352e-10,8.208607569722945e-07,-4.989085549442218e-08,0.9999999999996618
34,20000000,34.02,terrain_world,differential_drive_robot,1.9999964258314777,15.199999970065482,-4.433823484413313e-07,-4.104671596583352e-10,8.208607569722945e-07,-4.989085549442218e-08,0.9999999999996618
34,40000000,34.04,terrain_world,differential_drive_robot,1.9999964258314777,15.199999970065482,-4.433823484413313e-07,-4.104671596583352e-10,8.208607569722945e-07,-4.989085549442218e-08,0.9999999999996618
34,60000000,34.06,terrain_world,differential_drive_robot,1.9999964258314777,15.199999970065482,-4.433823484413313e-07,-4.104671596583352e-10,8.208607569722945e-07,-4.989085549442218e-08,0.9999999999996618
34,80000000,34.08,terrain_world,differential_drive_robot,1.9999964258314777,15.199999970065482,-4.433823484413313e-07,-4.104671596583352e-10,8.208607569722945e-07,-4.989085549442218e-08,0.9999999999996618
34,100000000,34.1,terrain_world,differential_drive_robot,1.9999964258314777,15.199999970065482,-4.433823484413313e-07,-4.104671596583352e-10,8.208607569722945e-07,-4.989085549442218e-08,0.9999999999996618
34,120000000,34.12,terrain_world,differential_drive_robot,1.9999964258314777,15.199999970065482,-4.433823484413313e-07,-4.104671596583352e-10,8.208607569722945e-07,-4.989085549442218e-08,0.9999999999996618
34,140000000,34.14,terrain_world,differential_drive_robot,1.9999964258314777,15.199999970065482,-4.433823484413313e-07,-4.104671596583352e-10,8.208607569722945e-07,-4.989085549442218e-08,0.9999999999996618
34,160000000,34.16,terrain_world,differential_drive_robot,1.9999964258314777,15.199999970065482,-4.433823484413313e-07,-4.104671596583352e-10,8.208607569722945e-07,-4.989085549442218e-08,0.9999999999996618
34,180000000,34.18,terrain_world,differential_drive_robot,1.9999964258314777,15.199999970065482,-4.433823484413313e-07,-4.104671596583352e-10,8.208607569722945e-07,-4.989085549442218e-08,0.9999999999996618
34,200000000,34.2,terrain_world,differential_drive_robot,1.9999964258314777,15.199999970065482,-4.433823484413313e-07,-4.104671596583352e-10,8.208607569722945e-07,-4.989085549442218e-08,0.9999999999996618
34,220000000,34.22,terrain_world,differential_drive_robot,1.9999964258314777,15.199999970065482,-4.433823484413313e-07,-4.104671596583352e-10,8.208607569722945e-07,-4.989085549442218e-08,0.9999999999996618
34,240000000,34.24,terrain_world,differential_drive_robot,1.9999964258314777,15.199999970065482,-4.433823484413313e-07,-4.104671596583352e-10,8.208607569722945e-07,-4.989085549442218e-08,0.9999999999996618
34,260000000,34.26,terrain_world,differential_drive_robot,1.9999964258314777,15.199999970065482,-4.433823484413313e-07,-4.104671596583352e-10,8.208607569722945e-07,-4.989085549442218e-08,0.9999999999996618
34,280000000,34.28,terrain_world,differential_drive_robot,1.9999964258314777,15.199999970065482,-4.433823484413313e-07,-4.104671596583352e-10,8.208607569722945e-07,-4.989085549442218e-08,0.9999999999996618
34,300000000,34.3,terrain_world,differential_drive_robot,1.9999964258314777,15.199999970065482,-4.433823484413313e-07,-4.104671596583352e-10,8.208607569722945e-07,-4.989085549442218e-08,0.9999999999996618
34,320000000,34.32,terrain_world,differential_drive_robot,1.9999964258314777,15.199999970065482,-4.433823484413313e-07,-4.104671596583352e-10,8.208607569722945e-07,-4.989085549442218e-08,0.9999999999996618
34,340000000,34.34,terrain_world,differential_drive_robot,1.9999964258314777,15.199999970065482,-4.433823484413313e-07,-4.104671596583352e-10,8.208607569722945e-07,-4.989085549442218e-08,0.9999999999996618
34,360000000,34.36,terrain_world,differential_drive_robot,1.9999964258314777,15.199999970065482,-4.433823484413313e-07,-4.104671596583352e-10,8.208607569722945e-07,-4.989085549442218e-08,0.9999999999996618
34,380000000,34.38,terrain_world,differential_drive_robot,1.9999964258314777,15.199999970065482,-4.433823484413313e-07,-4.104671596583352e-10,8.208607569722945e-07,-4.989085549442218e-08,0.9999999999996618
34,400000000,34.4,terrain_world,differential_drive_robot,1.9999964258314777,15.199999970065482,-4.433823484413313e-07,-4.104671596583352e-10,8.208607569722945e-07,-4.989085549442218e-08,0.9999999999996618
34,420000000,34.42,terrain_world,differential_drive_robot,1.9999964258314777,15.199999970065482,-4.433823484413313e-07,-4.104671596583352e-10,8.208607569722945e-07,-4.989085549442218e-08,0.9999999999996618
34,440000000,34.44,terrain_world,differential_drive_robot,1.9999964258314777,15.199999970065482,-4.433823484413313e-07,-4.104671596583352e-10,8.208607569722945e-07,-4.989085549442218e-08,0.9999999999996618
34,460000000,34.46,terrain_world,differential_drive_robot,1.9999964258314777,15.199999970065482,-4.433823484413313e-07,-4.104671596583352e-10,8.208607569722945e-07,-4.989085549442218e-08,0.9999999999996618
34,480000000,34.48,terrain_world,differential_drive_robot,1.9999964258314777,15.199999970065482,-4.433823484413313e-07,-4.104671596583352e-10,8.208607569722945e-07,-4.989085549442218e-08,0.9999999999996618
34,500000000,34.5,terrain_world,differential_drive_robot,1.9999964258314777,15.199999970065482,-4.433823484413313e-07,-4.104671596583352e-10,8.208607569722945e-07,-4.989085549442218e-08,0.9999999999996618
34,520000000,34.52,terrain_world,differential_drive_robot,1.9999964258314777,15.199999970065482,-4.433823484413313e-07,-4.104671596583352e-10,8.208607569722945e-07,-4.989085549442218e-08,0.9999999999996618
34,540000000,34.54,terrain_world,differential_drive_robot,1.9999964258314777,15.199999970065482,-4.433823484413313e-07,-4.104671596583352e-10,8.208607569722945e-07,-4.989085549442218e-08,0.9999999999996618
34,560000000,34.56,terrain_world,differential_drive_robot,1.9999964258314777,15.199999970065482,-4.433823484413313e-07,-4.104671596583352e-10,8.208607569722945e-07,-4.989085549442218e-08,0.9999999999996618
34,580000000,34.58,terrain_world,differential_drive_robot,1.9999964258314777,15.199999970065482,-4.433823484413313e-07,-4.104671596583352e-10,8.208607569722945e-07,-4.989085549442218e-08,0.9999999999996618
34,600000000,34.6,terrain_world,differential_drive_robot,1.9999964258314777,15.199999970065482,-4.433823484413313e-07,-4.104671596583352e-10,8.208607569722945e-07,-4.989085549442218e-08,0.9999999999996618
34,620000000,34.62,terrain_world,differential_drive_robot,1.9999964258314777,15.199999970065482,-4.433823484413313e-07,-4.104671596583352e-10,8.208607569722945e-07,-4.989085549442218e-08,0.9999999999996618
34,640000000,34.64,terrain_world,differential_drive_robot,1.9999964258314777,15.199999970065482,-4.433823484413313e-07,-4.104671596583352e-10,8.208607569722945e-07,-4.989085549442218e-08,0.9999999999996618
34,660000000,34.66,terrain_world,differential_drive_robot,1.9999964258314777,15.199999970065482,-4.433823484413313e-07,-4.104671596583352e-10,8.208607569722945e-07,-4.989085549442218e-08,0.9999999999996618
34,680000000,34.68,terrain_world,differential_drive_robot,1.9999964258314777,15.199999970065482,-4.433823484413313e-07,-4.104671596583352e-10,8.208607569722945e-07,-4.989085549442218e-08,0.9999999999996618
34,700000000,34.7,terrain_world,differential_drive_robot,1.9999964258314777,15.199999970065482,-4.433823484413313e-07,-4.104671596583352e-10,8.208607569722945e-07,-4.989085549442218e-08,0.9999999999996618
34,720000000,34.72,terrain_world,differential_drive_robot,1.9999964258314777,15.199999970065482,-4.433823484413313e-07,-4.104671596583352e-10,8.208607569722945e-07,-4.989085549442218e-08,0.9999999999996618
34,740000000,34.74,terrain_world,differential_drive_robot,1.9999964258314777,15.199999970065482,-4.433823484413313e-07,-4.104671596583352e-10,8.208607569722945e-07,-4.989085549442218e-08,0.9999999999996618
34,760000000,34.76,terrain_world,differential_drive_robot,1.9999964258314777,15.199999970065482,-4.433823484413313e-07,-4.104671596583352e-10,8.208607569722945e-07,-4.989085549442218e-08,0.9999999999996618
34,780000000,34.78,terrain_world,differential_drive_robot,1.9999964258314777,15.199999970065482,-4.433823484413313e-07,-4.104671596583352e-10,8.208607569722945e-07,-4.989085549442218e-08,0.9999999999996618
34,800000000,34.8,terrain_world,differential_drive_robot,1.9999964258314777,15.199999970065482,-4.433823484413313e-07,-4.104671596583352e-10,8.208607569722945e-07,-4.989085549442218e-08,0.9999999999996618
34,820000000,34.82,terrain_world,differential_drive_robot,1.9999964258314777,15.199999970065482,-4.433823484413313e-07,-4.104671596583352e-10,8.208607569722945e-07,-4.989085549442218e-08,0.9999999999996618
34,840000000,34.84,terrain_world,differential_drive_robot,1.9999964258314777,15.199999970065482,-4.433823484413313e-07,-4.104671596583352e-10,8.208607569722945e-07,-4.989085549442218e-08,0.9999999999996618
34,860000000,34.86,terrain_world,differential_drive_robot,1.9999964258314777,15.199999970065482,-4.433823484413313e-07,-4.104671596583352e-10,8.208607569722945e-07,-4.989085549442218e-08,0.9999999999996618
34,880000000,34.88,terrain_world,differential_drive_robot,1.9999964258314777,15.199999970065482,-4.433823484413313e-07,-4.104671596583352e-10,8.208607569722945e-07,-4.989085549442218e-08,0.9999999999996618
34,900000000,34.9,terrain_world,differential_drive_robot,1.9999964258314777,15.199999970065482,-4.433823484413313e-07,-4.104671596583352e-10,8.208607569722945e-07,-4.989085549442218e-08,0.9999999999996618
34,920000000,34.92,terrain_world,differential_drive_robot,1.9999964258314777,15.199999970065482,-4.433823484413313e-07,-4.104671596583352e-10,8.208607569722945e-07,-4.989085549442218e-08,0.9999999999996618
34,940000000,34.94,terrain_world,differential_drive_robot,1.9999964258314777,15.199999970065482,-4.433823484413313e-07,-4.104671596583352e-10,8.208607569722945e-07,-4.989085549442218e-08,0.9999999999996618
34,960000000,34.96,terrain_world,differential_drive_robot,1.9999964258314777,15.199999970065482,-4.433823484413313e-07,-4.104671596583352e-10,8.208607569722945e-07,-4.989085549442218e-08,0.9999999999996618
34,980000000,34.98,terrain_world,differential_drive_robot,1.9999964258314777,15.199999970065482,-4.433823484413313e-07,-4.104671596583352e-10,8.208607569722945e-07,-4.989085549442218e-08,0.9999999999996618
35,0,35.0,terrain_world,differential_drive_robot,1.9999964258314777,15.199999970065482,-4.433823484413313e-07,-4.104671596583352e-10,8.208607569722945e-07,-4.989085549442218e-08,0.9999999999996618
35,20000000,35.02,terrain_world,differential_drive_robot,1.9999964258314777,15.199999970065482,-4.433823484413313e-07,-4.104671596583352e-10,8.208607569722945e-07,-4.989085549442218e-08,0.9999999999996618
35,40000000,35.04,terrain_world,differential_drive_robot,1.9999964258314777,15.199999970065482,-4.433823484413313e-07,-4.104671596583352e-10,8.208607569722945e-07,-4.989085549442218e-08,0.9999999999996618
35,60000000,35.06,terrain_world,differential_drive_robot,1.9999964258314777,15.199999970065482,-4.433823484413313e-07,-4.104671596583352e-10,8.208607569722945e-07,-4.989085549442218e-08,0.9999999999996618
35,80000000,35.08,terrain_world,differential_drive_robot,1.9999964258314777,15.199999970065482,-4.433823484413313e-07,-4.104671596583352e-10,8.208607569722945e-07,-4.989085549442218e-08,0.9999999999996618
35,100000000,35.1,terrain_world,differential_drive_robot,1.9999964258314777,15.199999970065482,-4.433823484413313e-07,-4.104671596583352e-10,8.208607569722945e-07,-4.989085549442218e-08,0.9999999999996618
35,120000000,35.12,terrain_world,differential_drive_robot,1.9999964258314777,15.199999970065482,-4.433823484413313e-07,-4.104671596583352e-10,8.208607569722945e-07,-4.989085549442218e-08,0.9999999999996618
35,140000000,35.14,terrain_world,differential_drive_robot,1.9999964258314777,15.199999970065482,-4.433823484413313e-07,-4.104671596583352e-10,8.208607569722945e-07,-4.989085549442218e-08,0.9999999999996618
35,160000000,35.16,terrain_world,differential_drive_robot,1.9999964258314777,15.199999970065482,-4.433823484413313e-07,-4.104671596583352e-10,8.208607569722945e-07,-4.989085549442218e-08,0.9999999999996618
35,180000000,35.18,terrain_world,differential_drive_robot,1.9999964258314777,15.199999970065482,-4.433823484413313e-07,-4.104671596583352e-10,8.208607569722945e-07,-4.989085549442218e-08,0.9999999999996618
35,200000000,35.2,terrain_world,differential_drive_robot,1.9999964258314777,15.199999970065482,-4.433823484413313e-07,-4.104671596583352e-10,8.208607569722945e-07,-4.989085549442218e-08,0.9999999999996618
35,220000000,35.22,terrain_world,differential_drive_robot,1.9999964258314777,15.199999970065482,-4.433823484413313e-07,-4.104671596583352e-10,8.208607569722945e-07,-4.989085549442218e-08,0.9999999999996618
35,240000000,35.24,terrain_world,differential_drive_robot,1.9999964258314777,15.199999970065482,-4.433823484413313e-07,-4.104671596583352e-10,8.208607569722945e-07,-4.989085549442218e-08,0.9999999999996618
35,260000000,35.26,terrain_world,differential_drive_robot,1.9999964258314777,15.199999970065482,-4.433823484413313e-07,-4.104671596583352e-10,8.208607569722945e-07,-4.989085549442218e-08,0.9999999999996618
35,280000000,35.28,terrain_world,differential_drive_robot,1.9999964258314777,15.199999970065482,-4.433823484413313e-07,-4.104671596583352e-10,8.208607569722945e-07,-4.989085549442218e-08,0.9999999999996618
35,300000000,35.3,terrain_world,differential_drive_robot,1.9999964258314777,15.199999970065482,-4.433823484413313e-07,-4.104671596583352e-10,8.208607569722945e-07,-4.989085549442218e-08,0.9999999999996618
35,320000000,35.32,terrain_world,differential_drive_robot,1.9999964258314777,15.199999970065482,-4.433823484413313e-07,-4.104671596583352e-10,8.208607569722945e-07,-4.989085549442218e-08,0.9999999999996618
35,340000000,35.34,terrain_world,differential_drive_robot,1.9999964258314777,15.199999970065482,-4.433823484413313e-07,-4.104671596583352e-10,8.208607569722945e-07,-4.989085549442218e-08,0.9999999999996618
35,360000000,35.36,terrain_world,differential_drive_robot,1.9999964258314777,15.199999970065482,-4.433823484413313e-07,-4.104671596583352e-10,8.208607569722945e-07,-4.989085549442218e-08,0.9999999999996618
35,380000000,35.38,terrain_world,differential_drive_robot,1.9999964258314777,15.199999970065482,-4.433823484413313e-07,-4.104671596583352e-10,8.208607569722945e-07,-4.989085549442218e-08,0.9999999999996618
35,400000000,35.4,terrain_world,differential_drive_robot,1.9999964258314777,15.199999970065482,-4.433823484413313e-07,-4.104671596583352e-10,8.208607569722945e-07,-4.989085549442218e-08,0.9999999999996618
35,420000000,35.42,terrain_world,differential_drive_robot,1.9999964258314777,15.199999970065482,-4.433823484413313e-07,-4.104671596583352e-10,8.208607569722945e-07,-4.989085549442218e-08,0.9999999999996618
35,440000000,35.44,terrain_world,differential_drive_robot,1.9999964258314777,15.199999970065482,-4.433823484413313e-07,-4.104671596583352e-10,8.208607569722945e-07,-4.989085549442218e-08,0.9999999999996618
35,460000000,35.46,terrain_world,differential_drive_robot,1.9999964258314777,15.199999970065482,-4.433823484413313e-07,-4.104671596583352e-10,8.208607569722945e-07,-4.989085549442218e-08,0.9999999999996618
35,480000000,35.48,terrain_world,differential_drive_robot,1.9999964258314777,15.199999970065482,-4.433823484413313e-07,-4.104671596583352e-10,8.208607569722945e-07,-4.989085549442218e-08,0.9999999999996618
35,500000000,35.5,terrain_world,differential_drive_robot,1.9999964258314777,15.199999970065482,-4.433823484413313e-07,-4.104671596583352e-10,8.208607569722945e-07,-4.989085549442218e-08,0.9999999999996618
35,520000000,35.52,terrain_world,differential_drive_robot,1.9999964258314777,15.199999970065482,-4.433823484413313e-07,-4.104671596583352e-10,8.208607569722945e-07,-4.989085549442218e-08,0.9999999999996618
35,540000000,35.54,terrain_world,differential_drive_robot,1.9999964258314777,15.199999970065482,-4.433823484413313e-07,-4.104671596583352e-10,8.208607569722945e-07,-4.989085549442218e-08,0.9999999999996618
35,560000000,35.56,terrain_world,differential_drive_robot,1.9999964258314777,15.199999970065482,-4.433823484413313e-07,-4.104671596583352e-10,8.208607569722945e-07,-4.989085549442218e-08,0.9999999999996618
35,580000000,35.58,terrain_world,differential_drive_robot,1.9999964258314777,15.199999970065482,-4.433823484413313e-07,-4.104671596583352e-10,8.208607569722945e-07,-4.989085549442218e-08,0.9999999999996618
35,600000000,35.6,terrain_world,differential_drive_robot,1.9999964258314777,15.199999970065482,-4.433823484413313e-07,-4.104671596583352e-10,8.208607569722945e-07,-4.989085549442218e-08,0.9999999999996618
35,620000000,35.62,terrain_world,differential_drive_robot,1.9999964258314777,15.199999970065482,-4.433823484413313e-07,-4.104671596583352e-10,8.208607569722945e-07,-4.989085549442218e-08,0.9999999999996618
35,640000000,35.64,terrain_world,differential_drive_robot,1.9999964258314777,15.199999970065482,-4.433823484413313e-07,-4.104671596583352e-10,8.208607569722945e-07,-4.989085549442218e-08,0.9999999999996618
35,660000000,35.66,terrain_world,differential_drive_robot,1.9999964258314777,15.199999970065482,-4.433823484413313e-07,-4.104671596583352e-10,8.208607569722945e-07,-4.989085549442218e-08,0.9999999999996618
35,680000000,35.68,terrain_world,differential_drive_robot,1.9999964258314777,15.199999970065482,-4.433823484413313e-07,-4.104671596583352e-10,8.208607569722945e-07,-4.989085549442218e-08,0.9999999999996618
35,700000000,35.7,terrain_world,differential_drive_robot,1.9999964258314777,15.199999970065482,-4.433823484413313e-07,-4.104671596583352e-10,8.208607569722945e-07,-4.989085549442218e-08,0.9999999999996618
35,720000000,35.72,terrain_world,differential_drive_robot,1.9999964258314777,15.199999970065482,-4.433823484413313e-07,-4.104671596583352e-10,8.208607569722945e-07,-4.989085549442218e-08,0.9999999999996618
35,740000000,35.74,terrain_world,differential_drive_robot,1.9999964258314777,15.199999970065482,-4.433823484413313e-07,-4.104671596583352e-10,8.208607569722945e-07,-4.989085549442218e-08,0.9999999999996618
35,760000000,35.76,terrain_world,differential_drive_robot,1.9999964258314777,15.199999970065482,-4.433823484413313e-07,-4.104671596583352e-10,8.208607569722945e-07,-4.989085549442218e-08,0.9999999999996618
35,780000000,35.78,terrain_world,differential_drive_robot,1.9999964258314777,15.199999970065482,-4.433823484413313e-07,-4.104671596583352e-10,8.208607569722945e-07,-4.989085549442218e-08,0.9999999999996618
35,800000000,35.8,terrain_world,differential_drive_robot,1.9999964258314777,15.199999970065482,-4.433823484413313e-07,-4.104671596583352e-10,8.208607569722945e-07,-4.989085549442218e-08,0.9999999999996618
35,820000000,35.82,terrain_world,differential_drive_robot,1.9999964258314777,15.199999970065482,-4.433823484413313e-07,-4.104671596583352e-10,8.208607569722945e-07,-4.989085549442218e-08,0.9999999999996618
35,840000000,35.84,terrain_world,differential_drive_robot,1.9999964258314777,15.199999970065482,-4.433823484413313e-07,-4.104671596583352e-10,8.208607569722945e-07,-4.989085549442218e-08,0.9999999999996618
35,860000000,35.86,terrain_world,differential_drive_robot,1.9999964258314777,15.199999970065482,-4.433823484413313e-07,-4.104671596583352e-10,8.208607569722945e-07,-4.989085549442218e-08,0.9999999999996618
35,880000000,35.88,terrain_world,differential_drive_robot,1.9999964258314777,15.199999970065482,-4.433823484413313e-07,-4.104671596583352e-10,8.208607569722945e-07,-4.989085549442218e-08,0.9999999999996618
35,900000000,35.9,terrain_world,differential_drive_robot,1.9999964258314777,15.199999970065482,-4.433823484413313e-07,-4.104671596583352e-10,8.208607569722945e-07,-4.989085549442218e-08,0.9999999999996618
35,920000000,35.92,terrain_world,differential_drive_robot,1.9999964258314777,15.199999970065482,-4.433823484413313e-07,-4.104671596583352e-10,8.208607569722945e-07,-4.989085549442218e-08,0.9999999999996618
35,940000000,35.94,terrain_world,differential_drive_robot,1.9999964258314777,15.199999970065482,-4.433823484413313e-07,-4.104671596583352e-10,8.208607569722945e-07,-4.989085549442218e-08,0.9999999999996618
35,960000000,35.96,terrain_world,differential_drive_robot,1.9999964258314777,15.199999970065482,-4.433823484413313e-07,-4.104671596583352e-10,8.208607569722945e-07,-4.989085549442218e-08,0.9999999999996618
35,980000000,35.98,terrain_world,differential_drive_robot,1.9999964258314777,15.199999970065482,-4.433823484413313e-07,-4.104671596583352e-10,8.208607569722945e-07,-4.989085549442218e-08,0.9999999999996618
36,0,36.0,terrain_world,differential_drive_robot,1.9999964258314777,15.199999970065482,-4.433823484413313e-07,-4.104671596583352e-10,8.208607569722945e-07,-4.989085549442218e-08,0.9999999999996618
36,20000000,36.02,terrain_world,differential_drive_robot,1.9999964258314777,15.199999970065482,-4.433823484413313e-07,-4.104671596583352e-10,8.208607569722945e-07,-4.989085549442218e-08,0.9999999999996618
36,40000000,36.04,terrain_world,differential_drive_robot,1.9999964258314777,15.199999970065482,-4.433823484413313e-07,-4.104671596583352e-10,8.208607569722945e-07,-4.989085549442218e-08,0.9999999999996618
36,60000000,36.06,terrain_world,differential_drive_robot,1.9999964258314777,15.199999970065482,-4.433823484413313e-07,-4.104671596583352e-10,8.208607569722945e-07,-4.989085549442218e-08,0.9999999999996618
36,80000000,36.08,terrain_world,differential_drive_robot,1.9999964258314777,15.199999970065482,-4.433823484413313e-07,-4.104671596583352e-10,8.208607569722945e-07,-4.989085549442218e-08,0.9999999999996618
36,100000000,36.1,terrain_world,differential_drive_robot,1.9999964258314777,15.199999970065482,-4.433823484413313e-07,-4.104671596583352e-10,8.208607569722945e-07,-4.989085549442218e-08,0.9999999999996618
36,120000000,36.12,terrain_world,differential_drive_robot,1.9999964258314777,15.199999970065482,-4.433823484413313e-07,-4.104671596583352e-10,8.208607569722945e-07,-4.989085549442218e-08,0.9999999999996618
36,140000000,36.14,terrain_world,differential_drive_robot,1.9999964258314777,15.199999970065482,-4.433823484413313e-07,-4.104671596583352e-10,8.208607569722945e-07,-4.989085549442218e-08,0.9999999999996618
36,160000000,36.16,terrain_world,differential_drive_robot,1.9999964258314777,15.199999970065482,-4.433823484413313e-07,-4.104671596583352e-10,8.208607569722945e-07,-4.989085549442218e-08,0.9999999999996618
36,180000000,36.18,terrain_world,differential_drive_robot,1.9999964258314777,15.199999970065482,-4.433823484413313e-07,-4.104671596583352e-10,8.208607569722945e-07,-4.989085549442218e-08,0.9999999999996618
36,200000000,36.2,terrain_world,differential_drive_robot,1.9999964258314777,15.199999970065482,-4.433823484413313e-07,-4.104671596583352e-10,8.208607569722945e-07,-4.989085549442218e-08,0.9999999999996618
36,220000000,36.22,terrain_world,differential_drive_robot,1.9999964258314777,15.199999970065482,-4.433823484413313e-07,-4.104671596583352e-10,8.208607569722945e-07,-4.989085549442218e-08,0.9999999999996618
36,240000000,36.24,terrain_world,differential_drive_robot,1.9999964258314777,15.199999970065482,-4.433823484413313e-07,-4.104671596583352e-10,8.208607569722945e-07,-4.989085549442218e-08,0.9999999999996618
36,260000000,36.26,terrain_world,differential_drive_robot,1.9999964258314777,15.199999970065482,-4.433823484413313e-07,-4.104671596583352e-10,8.208607569722945e-07,-4.989085549442218e-08,0.9999999999996618
36,280000000,36.28,terrain_world,differential_drive_robot,1.9999964258314777,15.199999970065482,-4.433823484413313e-07,-4.104671596583352e-10,8.208607569722945e-07,-4.989085549442218e-08,0.9999999999996618
36,300000000,36.3,terrain_world,differential_drive_robot,1.9999964258314777,15.199999970065482,-4.433823484413313e-07,-4.104671596583352e-10,8.208607569722945e-07,-4.989085549442218e-08,0.9999999999996618
36,320000000,36.32,terrain_world,differential_drive_robot,1.9999964258314777,15.199999970065482,-4.433823484413313e-07,-4.104671596583352e-10,8.208607569722945e-07,-4.989085549442218e-08,0.9999999999996618
36,340000000,36.34,terrain_world,differential_drive_robot,1.9999964258314777,15.199999970065482,-4.433823484413313e-07,-4.104671596583352e-10,8.208607569722945e-07,-4.989085549442218e-08,0.9999999999996618
36,360000000,36.36,terrain_world,differential_drive_robot,1.9999964258314777,15.199999970065482,-4.433823484413313e-07,-4.104671596583352e-10,8.208607569722945e-07,-4.989085549442218e-08,0.9999999999996618
36,380000000,36.38,terrain_world,differential_drive_robot,1.9999964258314777,15.199999970065482,-4.433823484413313e-07,-4.104671596583352e-10,8.208607569722945e-07,-4.989085549442218e-08,0.9999999999996618
36,400000000,36.4,terrain_world,differential_drive_robot,1.9999964258314777,15.199999970065482,-4.433823484413313e-07,-4.104671596583352e-10,8.208607569722945e-07,-4.989085549442218e-08,0.9999999999996618
36,420000000,36.42,terrain_world,differential_drive_robot,1.9999964258314777,15.199999970065482,-4.433823484413313e-07,-4.104671596583352e-10,8.208607569722945e-07,-4.989085549442218e-08,0.9999999999996618
36,440000000,36.44,terrain_world,differential_drive_robot,1.9999964258314777,15.199999970065482,-4.433823484413313e-07,-4.104671596583352e-10,8.208607569722945e-07,-4.989085549442218e-08,0.9999999999996618
36,460000000,36.46,terrain_world,differential_drive_robot,1.9999964258314777,15.199999970065482,-4.433823484413313e-07,-4.104671596583352e-10,8.208607569722945e-07,-4.989085549442218e-08,0.9999999999996618
36,480000000,36.48,terrain_world,differential_drive_robot,1.9999964258314777,15.199999970065482,-4.433823484413313e-07,-4.104671596583352e-10,8.208607569722945e-07,-4.989085549442218e-08,0.9999999999996618
36,500000000,36.5,terrain_world,differential_drive_robot,1.9999964258314777,15.199999970065482,-4.433823484413313e-07,-4.104671596583352e-10,8.208607569722945e-07,-4.989085549442218e-08,0.9999999999996618
36,520000000,36.52,terrain_world,differential_drive_robot,1.9999964258314777,15.199999970065482,-4.433823484413313e-07,-4.104671596583352e-10,8.208607569722945e-07,-4.989085549442218e-08,0.9999999999996618
36,540000000,36.54,terrain_world,differential_drive_robot,1.9999964258314777,15.199999970065482,-4.433823484413313e-07,-4.104671596583352e-10,8.208607569722945e-07,-4.989085549442218e-08,0.9999999999996618
36,560000000,36.56,terrain_world,differential_drive_robot,1.9999964258314777,15.199999970065482,-4.433823484413313e-07,-4.104671596583352e-10,8.208607569722945e-07,-4.989085549442218e-08,0.9999999999996618
36,580000000,36.58,terrain_world,differential_drive_robot,1.9999964258314777,15.199999970065482,-4.433823484413313e-07,-4.104671596583352e-10,8.208607569722945e-07,-4.989085549442218e-08,0.9999999999996618
36,600000000,36.6,terrain_world,differential_drive_robot,1.9999964258314777,15.199999970065482,-4.433823484413313e-07,-4.104671596583352e-10,8.208607569722945e-07,-4.989085549442218e-08,0.9999999999996618
36,620000000,36.62,terrain_world,differential_drive_robot,1.9999964258314777,15.199999970065482,-4.433823484413313e-07,-4.104671596583352e-10,8.208607569722945e-07,-4.989085549442218e-08,0.9999999999996618
36,640000000,36.64,terrain_world,differential_drive_robot,1.9999964258314777,15.199999970065482,-4.433823484413313e-07,-4.104671596583352e-10,8.208607569722945e-07,-4.989085549442218e-08,0.9999999999996618
36,660000000,36.66,terrain_world,differential_drive_robot,1.9999964258314777,15.199999970065482,-4.433823484413313e-07,-4.104671596583352e-10,8.208607569722945e-07,-4.989085549442218e-08,0.9999999999996618
36,680000000,36.68,terrain_world,differential_drive_robot,1.9999964258314777,15.199999970065482,-4.433823484413313e-07,-4.104671596583352e-10,8.208607569722945e-07,-4.989085549442218e-08,0.9999999999996618
36,700000000,36.7,terrain_world,differential_drive_robot,1.9999964258314777,15.199999970065482,-4.433823484413313e-07,-4.104671596583352e-10,8.208607569722945e-07,-4.989085549442218e-08,0.9999999999996618
36,720000000,36.72,terrain_world,differential_drive_robot,1.9999964258314777,15.199999970065482,-4.433823484413313e-07,-4.104671596583352e-10,8.208607569722945e-07,-4.989085549442218e-08,0.9999999999996618
36,740000000,36.74,terrain_world,differential_drive_robot,1.9999964258314777,15.199999970065482,-4.433823484413313e-07,-4.104671596583352e-10,8.208607569722945e-07,-4.989085549442218e-08,0.9999999999996618
36,760000000,36.76,terrain_world,differential_drive_robot,1.9999964258314777,15.199999970065482,-4.433823484413313e-07,-4.104671596583352e-10,8.208607569722945e-07,-4.989085549442218e-08,0.9999999999996618
36,780000000,36.78,terrain_world,differential_drive_robot,1.9999964258314777,15.199999970065482,-4.433823484413313e-07,-4.104671596583352e-10,8.208607569722945e-07,-4.989085549442218e-08,0.9999999999996618
36,800000000,36.8,terrain_world,differential_drive_robot,1.9999964258314777,15.199999970065482,-4.433823484413313e-07,-4.104671596583352e-10,8.208607569722945e-07,-4.989085549442218e-08,0.9999999999996618
36,820000000,36.82,terrain_world,differential_drive_robot,1.9999964258314777,15.199999970065482,-4.433823484413313e-07,-4.104671596583352e-10,8.208607569722945e-07,-4.989085549442218e-08,0.9999999999996618
36,840000000,36.84,terrain_world,differential_drive_robot,1.9999964258314777,15.199999970065482,-4.433823484413313e-07,-4.104671596583352e-10,8.208607569722945e-07,-4.989085549442218e-08,0.9999999999996618
36,860000000,36.86,terrain_world,differential_drive_robot,1.9999964258314777,15.199999970065482,-4.433823484413313e-07,-4.104671596583352e-10,8.208607569722945e-07,-4.989085549442218e-08,0.9999999999996618
36,880000000,36.88,terrain_world,differential_drive_robot,1.9999964258314777,15.199999970065482,-4.433823484413313e-07,-4.104671596583352e-10,8.208607569722945e-07,-4.989085549442218e-08,0.9999999999996618
36,900000000,36.9,terrain_world,differential_drive_robot,1.9999964258314777,15.199999970065482,-4.433823484413313e-07,-4.104671596583352e-10,8.208607569722945e-07,-4.989085549442218e-08,0.9999999999996618
36,920000000,36.92,terrain_world,differential_drive_robot,1.9999964258314777,15.199999970065482,-4.433823484413313e-07,-4.104671596583352e-10,8.208607569722945e-07,-4.989085549442218e-08,0.9999999999996618
36,940000000,36.94,terrain_world,differential_drive_robot,1.9999964258314777,15.199999970065482,-4.433823484413313e-07,-4.104671596583352e-10,8.208607569722945e-07,-4.989085549442218e-08,0.9999999999996618
36,960000000,36.96,terrain_world,differential_drive_robot,1.9999964258314777,15.199999970065482,-4.433823484413313e-07,-4.104671596583352e-10,8.208607569722945e-07,-4.989085549442218e-08,0.9999999999996618
36,980000000,36.98,terrain_world,differential_drive_robot,1.9999964258314777,15.199999970065482,-4.433823484413313e-07,-4.104671596583352e-10,8.208607569722945e-07,-4.989085549442218e-08,0.9999999999996618
37,0,37.0,terrain_world,differential_drive_robot,1.9999964258314777,15.199999970065482,-4.433823484413313e-07,-4.104671596583352e-10,8.208607569722945e-07,-4.989085549442218e-08,0.9999999999996618
37,20000000,37.02,terrain_world,differential_drive_robot,1.9999964258314777,15.199999970065482,-4.433823484413313e-07,-4.104671596583352e-10,8.208607569722945e-07,-4.989085549442218e-08,0.9999999999996618
37,40000000,37.04,terrain_world,differential_drive_robot,1.9999964258314777,15.199999970065482,-4.433823484413313e-07,-4.104671596583352e-10,8.208607569722945e-07,-4.989085549442218e-08,0.9999999999996618
37,60000000,37.06,terrain_world,differential_drive_robot,1.9999964258314777,15.199999970065482,-4.433823484413313e-07,-4.104671596583352e-10,8.208607569722945e-07,-4.989085549442218e-08,0.9999999999996618
37,80000000,37.08,terrain_world,differential_drive_robot,1.9999964258314777,15.199999970065482,-4.433823484413313e-07,-4.104671596583352e-10,8.208607569722945e-07,-4.989085549442218e-08,0.9999999999996618
37,100000000,37.1,terrain_world,differential_drive_robot,1.9999964258314777,15.199999970065482,-4.433823484413313e-07,-4.104671596583352e-10,8.208607569722945e-07,-4.989085549442218e-08,0.9999999999996618
37,120000000,37.12,terrain_world,differential_drive_robot,1.9999964258314777,15.199999970065482,-4.433823484413313e-07,-4.104671596583352e-10,8.208607569722945e-07,-4.989085549442218e-08,0.9999999999996618
37,140000000,37.14,terrain_world,differential_drive_robot,1.9999964258314777,15.199999970065482,-4.433823484413313e-07,-4.104671596583352e-10,8.208607569722945e-07,-4.989085549442218e-08,0.9999999999996618
37,160000000,37.16,terrain_world,differential_drive_robot,1.9999964258314777,15.199999970065482,-4.433823484413313e-07,-4.104671596583352e-10,8.208607569722945e-07,-4.989085549442218e-08,0.9999999999996618
37,180000000,37.18,terrain_world,differential_drive_robot,1.9999964258314777,15.199999970065482,-4.433823484413313e-07,-4.104671596583352e-10,8.208607569722945e-07,-4.989085549442218e-08,0.9999999999996618
37,200000000,37.2,terrain_world,differential_drive_robot,1.9999964258314777,15.199999970065482,-4.433823484413313e-07,-4.104671596583352e-10,8.208607569722945e-07,-4.989085549442218e-08,0.9999999999996618
37,220000000,37.22,terrain_world,differential_drive_robot,1.9999964258314777,15.199999970065482,-4.433823484413313e-07,-4.104671596583352e-10,8.208607569722945e-07,-4.989085549442218e-08,0.9999999999996618
37,240000000,37.24,terrain_world,differential_drive_robot,1.9999964258314777,15.199999970065482,-4.433823484413313e-07,-4.104671596583352e-10,8.208607569722945e-07,-4.989085549442218e-08,0.9999999999996618
37,260000000,37.26,terrain_world,differential_drive_robot,1.9999964258314777,15.199999970065482,-4.433823484413313e-07,-4.104671596583352e-10,8.208607569722945e-07,-4.989085549442218e-08,0.9999999999996618
37,280000000,37.28,terrain_world,differential_drive_robot,1.9999964258314777,15.199999970065482,-4.433823484413313e-07,-4.104671596583352e-10,8.208607569722945e-07,-4.989085549442218e-08,0.9999999999996618
37,300000000,37.3,terrain_world,differential_drive_robot,1.9999964258314777,15.199999970065482,-4.433823484413313e-07,-4.104671596583352e-10,8.208607569722945e-07,-4.989085549442218e-08,0.9999999999996618
37,320000000,37.32,terrain_world,differential_drive_robot,1.9999964258314777,15.199999970065482,-4.433823484413313e-07,-4.104671596583352e-10,8.208607569722945e-07,-4.989085549442218e-08,0.9999999999996618
37,340000000,37.34,terrain_world,differential_drive_robot,1.9999964258314777,15.199999970065482,-4.433823484413313e-07,-4.104671596583352e-10,8.208607569722945e-07,-4.989085549442218e-08,0.9999999999996618
37,360000000,37.36,terrain_world,differential_drive_robot,1.9999964258314777,15.199999970065482,-4.433823484413313e-07,-4.104671596583352e-10,8.208607569722945e-07,-4.989085549442218e-08,0.9999999999996618
37,380000000,37.38,terrain_world,differential_drive_robot,1.9999964258314777,15.199999970065482,-4.433823484413313e-07,-4.104671596583352e-10,8.208607569722945e-07,-4.989085549442218e-08,0.9999999999996618
37,400000000,37.4,terrain_world,differential_drive_robot,1.9999964258314777,15.199999970065482,-4.433823484413313e-07,-4.104671596583352e-10,8.208607569722945e-07,-4.989085549442218e-08,0.9999999999996618
37,420000000,37.42,terrain_world,differential_drive_robot,1.9999964258314777,15.199999970065482,-4.433823484413313e-07,-4.104671596583352e-10,8.208607569722945e-07,-4.989085549442218e-08,0.9999999999996618
37,440000000,37.44,terrain_world,differential_drive_robot,1.9999964258314777,15.199999970065482,-4.433823484413313e-07,-4.104671596583352e-10,8.208607569722945e-07,-4.989085549442218e-08,0.9999999999996618
37,460000000,37.46,terrain_world,differential_drive_robot,1.9999964258314777,15.199999970065482,-4.433823484413313e-07,-4.104671596583352e-10,8.208607569722945e-07,-4.989085549442218e-08,0.9999999999996618
37,480000000,37.48,terrain_world,differential_drive_robot,1.9999964258314777,15.199999970065482,-4.433823484413313e-07,-4.104671596583352e-10,8.208607569722945e-07,-4.989085549442218e-08,0.9999999999996618
37,500000000,37.5,terrain_world,differential_drive_robot,1.9999964258314777,15.199999970065482,-4.433823484413313e-07,-4.104671596583352e-10,8.208607569722945e-07,-4.989085549442218e-08,0.9999999999996618
37,520000000,37.52,terrain_world,differential_drive_robot,1.9999964258314777,15.199999970065482,-4.433823484413313e-07,-4.104671596583352e-10,8.208607569722945e-07,-4.989085549442218e-08,0.9999999999996618
37,540000000,37.54,terrain_world,differential_drive_robot,1.9999964258314777,15.199999970065482,-4.433823484413313e-07,-4.104671596583352e-10,8.208607569722945e-07,-4.989085549442218e-08,0.9999999999996618
37,560000000,37.56,terrain_world,differential_drive_robot,1.9999964258314777,15.199999970065482,-4.433823484413313e-07,-4.104671596583352e-10,8.208607569722945e-07,-4.989085549442218e-08,0.9999999999996618
37,580000000,37.58,terrain_world,differential_drive_robot,1.9999964258314777,15.199999970065482,-4.433823484413313e-07,-4.104671596583352e-10,8.208607569722945e-07,-4.989085549442218e-08,0.9999999999996618
37,600000000,37.6,terrain_world,differential_drive_robot,1.9999964258314777,15.199999970065482,-4.433823484413313e-07,-4.104671596583352e-10,8.208607569722945e-07,-4.989085549442218e-08,0.9999999999996618
37,620000000,37.62,terrain_world,differential_drive_robot,1.9999964258314777,15.199999970065482,-4.433823484413313e-07,-4.104671596583352e-10,8.208607569722945e-07,-4.989085549442218e-08,0.9999999999996618
37,640000000,37.64,terrain_world,differential_drive_robot,1.9999964258314777,15.199999970065482,-4.433823484413313e-07,-4.104671596583352e-10,8.208607569722945e-07,-4.989085549442218e-08,0.9999999999996618
37,660000000,37.66,terrain_world,differential_drive_robot,1.9999964258314777,15.199999970065482,-4.433823484413313e-07,-4.104671596583352e-10,8.208607569722945e-07,-4.989085549442218e-08,0.9999999999996618
37,680000000,37.68,terrain_world,differential_drive_robot,1.9999964258314777,15.199999970065482,-4.433823484413313e-07,-4.104671596583352e-10,8.208607569722945e-07,-4.989085549442218e-08,0.9999999999996618
37,700000000,37.7,terrain_world,differential_drive_robot,1.9999964258314777,15.199999970065482,-4.433823484413313e-07,-4.104671596583352e-10,8.208607569722945e-07,-4.989085549442218e-08,0.9999999999996618
37,720000000,37.72,terrain_world,differential_drive_robot,1.9999964258314777,15.199999970065482,-4.433823484413313e-07,-4.104671596583352e-10,8.208607569722945e-07,-4.989085549442218e-08,0.9999999999996618
37,740000000,37.74,terrain_world,differential_drive_robot,1.9999964258314777,15.199999970065482,-4.433823484413313e-07,-4.104671596583352e-10,8.208607569722945e-07,-4.989085549442218e-08,0.9999999999996618
37,760000000,37.76,terrain_world,differential_drive_robot,1.9999964258314777,15.199999970065482,-4.433823484413313e-07,-4.104671596583352e-10,8.208607569722945e-07,-4.989085549442218e-08,0.9999999999996618
37,780000000,37.78,terrain_world,differential_drive_robot,1.9999964258314777,15.199999970065482,-4.433823484413313e-07,-4.104671596583352e-10,8.208607569722945e-07,-4.989085549442218e-08,0.9999999999996618
37,800000000,37.8,terrain_world,differential_drive_robot,1.9999964258314777,15.199999970065482,-4.433823484413313e-07,-4.104671596583352e-10,8.208607569722945e-07,-4.989085549442218e-08,0.9999999999996618
37,820000000,37.82,terrain_world,differential_drive_robot,1.9999964258314777,15.199999970065482,-4.433823484413313e-07,-4.104671596583352e-10,8.208607569722945e-07,-4.989085549442218e-08,0.9999999999996618
37,840000000,37.84,terrain_world,differential_drive_robot,1.9999964258314777,15.199999970065482,-4.433823484413313e-07,-4.104671596583352e-10,8.208607569722945e-07,-4.989085549442218e-08,0.9999999999996618
37,860000000,37.86,terrain_world,differential_drive_robot,1.9999964258314777,15.199999970065482,-4.433823484413313e-07,-4.104671596583352e-10,8.208607569722945e-07,-4.989085549442218e-08,0.9999999999996618
37,880000000,37.88,terrain_world,differential_drive_robot,1.9999964258314777,15.199999970065482,-4.433823484413313e-07,-4.104671596583352e-10,8.208607569722945e-07,-4.989085549442218e-08,0.9999999999996618
37,900000000,37.9,terrain_world,differential_drive_robot,1.9999964258314777,15.199999970065482,-4.433823484413313e-07,-4.104671596583352e-10,8.208607569722945e-07,-4.989085549442218e-08,0.9999999999996618
37,920000000,37.92,terrain_world,differential_drive_robot,1.9999964258314777,15.199999970065482,-4.433823484413313e-07,-4.104671596583352e-10,8.208607569722945e-07,-4.989085549442218e-08,0.9999999999996618
37,940000000,37.94,terrain_world,differential_drive_robot,1.9999964258314777,15.199999970065482,-4.433823484413313e-07,-4.104671596583352e-10,8.208607569722945e-07,-4.989085549442218e-08,0.9999999999996618
37,960000000,37.96,terrain_world,differential_drive_robot,1.9999964258314777,15.199999970065482,-4.433823484413313e-07,-4.104671596583352e-10,8.208607569722945e-07,-4.989085549442218e-08,0.9999999999996618
37,980000000,37.98,terrain_world,differential_drive_robot,1.9999964258314777,15.199999970065482,-4.433823484413313e-07,-4.104671596583352e-10,8.208607569722945e-07,-4.989085549442218e-08,0.9999999999996618
38,0,38.0,terrain_world,differential_drive_robot,1.9999964258314777,15.199999970065482,-4.433823484413313e-07,-4.104671596583352e-10,8.208607569722945e-07,-4.989085549442218e-08,0.9999999999996618
38,20000000,38.02,terrain_world,differential_drive_robot,1.9999964258314777,15.199999970065482,-4.433823484413313e-07,-4.104671596583352e-10,8.208607569722945e-07,-4.989085549442218e-08,0.9999999999996618
38,40000000,38.04,terrain_world,differential_drive_robot,1.9999964258314777,15.199999970065482,-4.433823484413313e-07,-4.104671596583352e-10,8.208607569722945e-07,-4.989085549442218e-08,0.9999999999996618
38,60000000,38.06,terrain_world,differential_drive_robot,1.9999964258314777,15.199999970065482,-4.433823484413313e-07,-4.104671596583352e-10,8.208607569722945e-07,-4.989085549442218e-08,0.9999999999996618
38,80000000,38.08,terrain_world,differential_drive_robot,1.9999964258314777,15.199999970065482,-4.433823484413313e-07,-4.104671596583352e-10,8.208607569722945e-07,-4.989085549442218e-08,0.9999999999996618
38,100000000,38.1,terrain_world,differential_drive_robot,1.9999964258314777,15.199999970065482,-4.433823484413313e-07,-4.104671596583352e-10,8.208607569722945e-07,-4.989085549442218e-08,0.9999999999996618
38,120000000,38.12,terrain_world,differential_drive_robot,1.9999964258314777,15.199999970065482,-4.433823484413313e-07,-4.104671596583352e-10,8.208607569722945e-07,-4.989085549442218e-08,0.9999999999996618
38,140000000,38.14,terrain_world,differential_drive_robot,1.9999964258314777,15.199999970065482,-4.433823484413313e-07,-4.104671596583352e-10,8.208607569722945e-07,-4.989085549442218e-08,0.9999999999996618
38,160000000,38.16,terrain_world,differential_drive_robot,1.9999964258314777,15.199999970065482,-4.433823484413313e-07,-4.104671596583352e-10,8.208607569722945e-07,-4.989085549442218e-08,0.9999999999996618
38,180000000,38.18,terrain_world,differential_drive_robot,1.9999964258314777,15.199999970065482,-4.433823484413313e-07,-4.104671596583352e-10,8.208607569722945e-07,-4.989085549442218e-08,0.9999999999996618
38,200000000,38.2,terrain_world,differential_drive_robot,1.9999964258314777,15.199999970065482,-4.433823484413313e-07,-4.104671596583352e-10,8.208607569722945e-07,-4.989085549442218e-08,0.9999999999996618
38,220000000,38.22,terrain_world,differential_drive_robot,1.9999964258314777,15.199999970065482,-4.433823484413313e-07,-4.104671596583352e-10,8.208607569722945e-07,-4.989085549442218e-08,0.9999999999996618
38,240000000,38.24,terrain_world,differential_drive_robot,1.9999964258314777,15.199999970065482,-4.433823484413313e-07,-4.104671596583352e-10,8.208607569722945e-07,-4.989085549442218e-08,0.9999999999996618
38,260000000,38.26,terrain_world,differential_drive_robot,1.9999964258314777,15.199999970065482,-4.433823484413313e-07,-4.104671596583352e-10,8.208607569722945e-07,-4.989085549442218e-08,0.9999999999996618
38,280000000,38.28,terrain_world,differential_drive_robot,1.9999964258314777,15.199999970065482,-4.433823484413313e-07,-4.104671596583352e-10,8.208607569722945e-07,-4.989085549442218e-08,0.9999999999996618
38,300000000,38.3,terrain_world,differential_drive_robot,1.9999964258314777,15.199999970065482,-4.433823484413313e-07,-4.104671596583352e-10,8.208607569722945e-07,-4.989085549442218e-08,0.9999999999996618
38,320000000,38.32,terrain_world,differential_drive_robot,1.9999964258314777,15.199999970065482,-4.433823484413313e-07,-4.104671596583352e-10,8.208607569722945e-07,-4.989085549442218e-08,0.9999999999996618
38,340000000,38.34,terrain_world,differential_drive_robot,1.9999964258314777,15.199999970065482,-4.433823484413313e-07,-4.104671596583352e-10,8.208607569722945e-07,-4.989085549442218e-08,0.9999999999996618
38,360000000,38.36,terrain_world,differential_drive_robot,1.9999964258314777,15.199999970065482,-4.433823484413313e-07,-4.104671596583352e-10,8.208607569722945e-07,-4.989085549442218e-08,0.9999999999996618
38,380000000,38.38,terrain_world,differential_drive_robot,1.9999964258314777,15.199999970065482,-4.433823484413313e-07,-4.104671596583352e-10,8.208607569722945e-07,-4.989085549442218e-08,0.9999999999996618
38,400000000,38.4,terrain_world,differential_drive_robot,1.9999964258314777,15.199999970065482,-4.433823484413313e-07,-4.104671596583352e-10,8.208607569722945e-07,-4.989085549442218e-08,0.9999999999996618
38,420000000,38.42,terrain_world,differential_drive_robot,1.9999964258314777,15.199999970065482,-4.433823484413313e-07,-4.104671596583352e-10,8.208607569722945e-07,-4.989085549442218e-08,0.9999999999996618
38,440000000,38.44,terrain_world,differential_drive_robot,1.9999964258314777,15.199999970065482,-4.433823484413313e-07,-4.104671596583352e-10,8.208607569722945e-07,-4.989085549442218e-08,0.9999999999996618
38,460000000,38.46,terrain_world,differential_drive_robot,1.9999964258314777,15.199999970065482,-4.433823484413313e-07,-4.104671596583352e-10,8.208607569722945e-07,-4.989085549442218e-08,0.9999999999996618
38,480000000,38.48,terrain_world,differential_drive_robot,1.9999964258314777,15.199999970065482,-4.433823484413313e-07,-4.104671596583352e-10,8.208607569722945e-07,-4.989085549442218e-08,0.9999999999996618
38,500000000,38.5,terrain_world,differential_drive_robot,1.9999964258314777,15.199999970065482,-4.433823484413313e-07,-4.104671596583352e-10,8.208607569722945e-07,-4.989085549442218e-08,0.9999999999996618
38,520000000,38.52,terrain_world,differential_drive_robot,1.9999964258314777,15.199999970065482,-4.433823484413313e-07,-4.104671596583352e-10,8.208607569722945e-07,-4.989085549442218e-08,0.9999999999996618
38,540000000,38.54,terrain_world,differential_drive_robot,1.9999964258314777,15.199999970065482,-4.433823484413313e-07,-4.104671596583352e-10,8.208607569722945e-07,-4.989085549442218e-08,0.9999999999996618
38,560000000,38.56,terrain_world,differential_drive_robot,1.9999964258314777,15.199999970065482,-4.433823484413313e-07,-4.104671596583352e-10,8.208607569722945e-07,-4.989085549442218e-08,0.9999999999996618
38,580000000,38.58,terrain_world,differential_drive_robot,1.9999964258314777,15.199999970065482,-4.433823484413313e-07,-4.104671596583352e-10,8.208607569722945e-07,-4.989085549442218e-08,0.9999999999996618
38,600000000,38.6,terrain_world,differential_drive_robot,1.9999964258314777,15.199999970065482,-4.433823484413313e-07,-4.104671596583352e-10,8.208607569722945e-07,-4.989085549442218e-08,0.9999999999996618
38,620000000,38.62,terrain_world,differential_drive_robot,1.9999964258314777,15.199999970065482,-4.433823484413313e-07,-4.104671596583352e-10,8.208607569722945e-07,-4.989085549442218e-08,0.9999999999996618
38,640000000,38.64,terrain_world,differential_drive_robot,1.9999964258314777,15.199999970065482,-4.433823484413313e-07,-4.104671596583352e-10,8.208607569722945e-07,-4.989085549442218e-08,0.9999999999996618
38,660000000,38.66,terrain_world,differential_drive_robot,1.9999964258314777,15.199999970065482,-4.433823484413313e-07,-4.104671596583352e-10,8.208607569722945e-07,-4.989085549442218e-08,0.9999999999996618
38,680000000,38.68,terrain_world,differential_drive_robot,1.9999964258314777,15.199999970065482,-4.433823484413313e-07,-4.104671596583352e-10,8.208607569722945e-07,-4.989085549442218e-08,0.9999999999996618
38,700000000,38.7,terrain_world,differential_drive_robot,1.9999964258314777,15.199999970065482,-4.433823484413313e-07,-4.104671596583352e-10,8.208607569722945e-07,-4.989085549442218e-08,0.9999999999996618
38,720000000,38.72,terrain_world,differential_drive_robot,1.9999964258314777,15.199999970065482,-4.433823484413313e-07,-4.104671596583352e-10,8.208607569722945e-07,-4.989085549442218e-08,0.9999999999996618
38,740000000,38.74,terrain_world,differential_drive_robot,1.9999964258314777,15.199999970065482,-4.433823484413313e-07,-4.104671596583352e-10,8.208607569722945e-07,-4.989085549442218e-08,0.9999999999996618
38,760000000,38.76,terrain_world,differential_drive_robot,1.9999964258314777,15.199999970065482,-4.433823484413313e-07,-4.104671596583352e-10,8.208607569722945e-07,-4.989085549442218e-08,0.9999999999996618
38,780000000,38.78,terrain_world,differential_drive_robot,1.9999964258314777,15.199999970065482,-4.433823484413313e-07,-4.104671596583352e-10,8.208607569722945e-07,-4.989085549442218e-08,0.9999999999996618
38,800000000,38.8,terrain_world,differential_drive_robot,1.9999964258314777,15.199999970065482,-4.433823484413313e-07,-4.104671596583352e-10,8.208607569722945e-07,-4.989085549442218e-08,0.9999999999996618
38,820000000,38.82,terrain_world,differential_drive_robot,1.9999964258314777,15.199999970065482,-4.433823484413313e-07,-4.104671596583352e-10,8.208607569722945e-07,-4.989085549442218e-08,0.9999999999996618
38,840000000,38.84,terrain_world,differential_drive_robot,1.9999964258314777,15.199999970065482,-4.433823484413313e-07,-4.104671596583352e-10,8.208607569722945e-07,-4.989085549442218e-08,0.9999999999996618
38,860000000,38.86,terrain_world,differential_drive_robot,1.9999964258314777,15.199999970065482,-4.433823484413313e-07,-4.104671596583352e-10,8.208607569722945e-07,-4.989085549442218e-08,0.9999999999996618
38,880000000,38.88,terrain_world,differential_drive_robot,1.9999964258314777,15.199999970065482,-4.433823484413313e-07,-4.104671596583352e-10,8.208607569722945e-07,-4.989085549442218e-08,0.9999999999996618
38,900000000,38.9,terrain_world,differential_drive_robot,1.9999964258314777,15.199999970065482,-4.433823484413313e-07,-4.104671596583352e-10,8.208607569722945e-07,-4.989085549442218e-08,0.9999999999996618
38,920000000,38.92,terrain_world,differential_drive_robot,1.9999964258314777,15.199999970065482,-4.433823484413313e-07,-4.104671596583352e-10,8.208607569722945e-07,-4.989085549442218e-08,0.9999999999996618
38,940000000,38.94,terrain_world,differential_drive_robot,1.9999964258314777,15.199999970065482,-4.433823484413313e-07,-4.104671596583352e-10,8.208607569722945e-07,-4.989085549442218e-08,0.9999999999996618
38,960000000,38.96,terrain_world,differential_drive_robot,1.9999964258314777,15.199999970065482,-4.433823484413313e-07,-4.104671596583352e-10,8.208607569722945e-07,-4.989085549442218e-08,0.9999999999996618
38,980000000,38.98,terrain_world,differential_drive_robot,1.9999964258314777,15.199999970065482,-4.433823484413313e-07,-4.104671596583352e-10,8.208607569722945e-07,-4.989085549442218e-08,0.9999999999996618
39,0,39.0,terrain_world,differential_drive_robot,1.9999964258314777,15.199999970065482,-4.433823484413313e-07,-4.104671596583352e-10,8.208607569722945e-07,-4.989085549442218e-08,0.9999999999996618
39,20000000,39.02,terrain_world,differential_drive_robot,1.9999964258314777,15.199999970065482,-4.433823484413313e-07,-4.104671596583352e-10,8.208607569722945e-07,-4.989085549442218e-08,0.9999999999996618
39,40000000,39.04,terrain_world,differential_drive_robot,1.9999964258314777,15.199999970065482,-4.433823484413313e-07,-4.104671596583352e-10,8.208607569722945e-07,-4.989085549442218e-08,0.9999999999996618
39,60000000,39.06,terrain_world,differential_drive_robot,1.9999964258314777,15.199999970065482,-4.433823484413313e-07,-4.104671596583352e-10,8.208607569722945e-07,-4.989085549442218e-08,0.9999999999996618
39,80000000,39.08,terrain_world,differential_drive_robot,1.9999964258314777,15.199999970065482,-4.433823484413313e-07,-4.104671596583352e-10,8.208607569722945e-07,-4.989085549442218e-08,0.9999999999996618
39,100000000,39.1,terrain_world,differential_drive_robot,1.9999964258314777,15.199999970065482,-4.433823484413313e-07,-4.104671596583352e-10,8.208607569722945e-07,-4.989085549442218e-08,0.9999999999996618
39,120000000,39.12,terrain_world,differential_drive_robot,1.9999964258314777,15.199999970065482,-4.433823484413313e-07,-4.104671596583352e-10,8.208607569722945e-07,-4.989085549442218e-08,0.9999999999996618
39,140000000,39.14,terrain_world,differential_drive_robot,1.9999964258314777,15.199999970065482,-4.433823484413313e-07,-4.104671596583352e-10,8.208607569722945e-07,-4.989085549442218e-08,0.9999999999996618
39,160000000,39.16,terrain_world,differential_drive_robot,1.9999964258314777,15.199999970065482,-4.433823484413313e-07,-4.104671596583352e-10,8.208607569722945e-07,-4.989085549442218e-08,0.9999999999996618
39,180000000,39.18,terrain_world,differential_drive_robot,1.9999964258314777,15.199999970065482,-4.433823484413313e-07,-4.104671596583352e-10,8.208607569722945e-07,-4.989085549442218e-08,0.9999999999996618
39,200000000,39.2,terrain_world,differential_drive_robot,1.9999964258314777,15.199999970065482,-4.433823484413313e-07,-4.104671596583352e-10,8.208607569722945e-07,-4.989085549442218e-08,0.9999999999996618
39,220000000,39.22,terrain_world,differential_drive_robot,1.9999964258314777,15.199999970065482,-4.433823484413313e-07,-4.104671596583352e-10,8.208607569722945e-07,-4.989085549442218e-08,0.9999999999996618
39,240000000,39.24,terrain_world,differential_drive_robot,1.9999964258314777,15.199999970065482,-4.433823484413313e-07,-4.104671596583352e-10,8.208607569722945e-07,-4.989085549442218e-08,0.9999999999996618
39,260000000,39.26,terrain_world,differential_drive_robot,1.9999964258314777,15.199999970065482,-4.433823484413313e-07,-4.104671596583352e-10,8.208607569722945e-07,-4.989085549442218e-08,0.9999999999996618
39,280000000,39.28,terrain_world,differential_drive_robot,1.9999964258314777,15.199999970065482,-4.433823484413313e-07,-4.104671596583352e-10,8.208607569722945e-07,-4.989085549442218e-08,0.9999999999996618
39,300000000,39.3,terrain_world,differential_drive_robot,1.9999964258314777,15.199999970065482,-4.433823484413313e-07,-4.104671596583352e-10,8.208607569722945e-07,-4.989085549442218e-08,0.9999999999996618
39,320000000,39.32,terrain_world,differential_drive_robot,1.9999964258314777,15.199999970065482,-4.433823484413313e-07,-4.104671596583352e-10,8.208607569722945e-07,-4.989085549442218e-08,0.9999999999996618
39,340000000,39.34,terrain_world,differential_drive_robot,1.9999964258314777,15.199999970065482,-4.433823484413313e-07,-4.104671596583352e-10,8.208607569722945e-07,-4.989085549442218e-08,0.9999999999996618
39,360000000,39.36,terrain_world,differential_drive_robot,1.9999964258314777,15.199999970065482,-4.433823484413313e-07,-4.104671596583352e-10,8.208607569722945e-07,-4.989085549442218e-08,0.9999999999996618
39,380000000,39.38,terrain_world,differential_drive_robot,1.9999964258314777,15.199999970065482,-4.433823484413313e-07,-4.104671596583352e-10,8.208607569722945e-07,-4.989085549442218e-08,0.9999999999996618
39,400000000,39.4,terrain_world,differential_drive_robot,1.9999964258314777,15.199999970065482,-4.433823484413313e-07,-4.104671596583352e-10,8.208607569722945e-07,-4.989085549442218e-08,0.9999999999996618
39,420000000,39.42,terrain_world,differential_drive_robot,1.9999964258314777,15.199999970065482,-4.433823484413313e-07,-4.104671596583352e-10,8.208607569722945e-07,-4.989085549442218e-08,0.9999999999996618
39,440000000,39.44,terrain_world,differential_drive_robot,1.9999964258314777,15.199999970065482,-4.433823484413313e-07,-4.104671596583352e-10,8.208607569722945e-07,-4.989085549442218e-08,0.9999999999996618
39,460000000,39.46,terrain_world,differential_drive_robot,1.9999964258314777,15.199999970065482,-4.433823484413313e-07,-4.104671596583352e-10,8.208607569722945e-07,-4.989085549442218e-08,0.9999999999996618
39,480000000,39.48,terrain_world,differential_drive_robot,1.9999964258314777,15.199999970065482,-4.433823484413313e-07,-4.104671596583352e-10,8.208607569722945e-07,-4.989085549442218e-08,0.9999999999996618
39,500000000,39.5,terrain_world,differential_drive_robot,1.9999964258314777,15.199999970065482,-4.433823484413313e-07,-4.104671596583352e-10,8.208607569722945e-07,-4.989085549442218e-08,0.9999999999996618
39,520000000,39.52,terrain_world,differential_drive_robot,1.9999964258314777,15.199999970065482,-4.433823484413313e-07,-4.104671596583352e-10,8.208607569722945e-07,-4.989085549442218e-08,0.9999999999996618
39,540000000,39.54,terrain_world,differential_drive_robot,1.9999964258314777,15.199999970065482,-4.433823484413313e-07,-4.104671596583352e-10,8.208607569722945e-07,-4.989085549442218e-08,0.9999999999996618
39,560000000,39.56,terrain_world,differential_drive_robot,1.9999964258314777,15.199999970065482,-4.433823484413313e-07,-4.104671596583352e-10,8.208607569722945e-07,-4.989085549442218e-08,0.9999999999996618
39,580000000,39.58,terrain_world,differential_drive_robot,1.9999964258314777,15.199999970065482,-4.433823484413313e-07,-4.104671596583352e-10,8.208607569722945e-07,-4.989085549442218e-08,0.9999999999996618
39,600000000,39.6,terrain_world,differential_drive_robot,1.9999964258314777,15.199999970065482,-4.433823484413313e-07,-4.104671596583352e-10,8.208607569722945e-07,-4.989085549442218e-08,0.9999999999996618
39,620000000,39.62,terrain_world,differential_drive_robot,1.9999964258314777,15.199999970065482,-4.433823484413313e-07,-4.104671596583352e-10,8.208607569722945e-07,-4.989085549442218e-08,0.9999999999996618
39,640000000,39.64,terrain_world,differential_drive_robot,1.9999964258314777,15.199999970065482,-4.433823484413313e-07,-4.104671596583352e-10,8.208607569722945e-07,-4.989085549442218e-08,0.9999999999996618
39,660000000,39.66,terrain_world,differential_drive_robot,1.9999964258314777,15.199999970065482,-4.433823484413313e-07,-4.104671596583352e-10,8.208607569722945e-07,-4.989085549442218e-08,0.9999999999996618
39,680000000,39.68,terrain_world,differential_drive_robot,1.9999964258314777,15.199999970065482,-4.433823484413313e-07,-4.104671596583352e-10,8.208607569722945e-07,-4.989085549442218e-08,0.9999999999996618
39,700000000,39.7,terrain_world,differential_drive_robot,1.9999964258314777,15.199999970065482,-4.433823484413313e-07,-4.104671596583352e-10,8.208607569722945e-07,-4.989085549442218e-08,0.9999999999996618
39,720000000,39.72,terrain_world,differential_drive_robot,1.9999964258314777,15.199999970065482,-4.433823484413313e-07,-4.104671596583352e-10,8.208607569722945e-07,-4.989085549442218e-08,0.9999999999996618
39,740000000,39.74,terrain_world,differential_drive_robot,1.9999964258314777,15.199999970065482,-4.433823484413313e-07,-4.104671596583352e-10,8.208607569722945e-07,-4.989085549442218e-08,0.9999999999996618
39,760000000,39.76,terrain_world,differential_drive_robot,1.9999964258314777,15.199999970065482,-4.433823484413313e-07,-4.104671596583352e-10,8.208607569722945e-07,-4.989085549442218e-08,0.9999999999996618
39,780000000,39.78,terrain_world,differential_drive_robot,1.9999964258314777,15.199999970065482,-4.433823484413313e-07,-4.104671596583352e-10,8.208607569722945e-07,-4.989085549442218e-08,0.9999999999996618
39,800000000,39.8,terrain_world,differential_drive_robot,1.9999964258314777,15.199999970065482,-4.433823484413313e-07,-4.104671596583352e-10,8.208607569722945e-07,-4.989085549442218e-08,0.9999999999996618
39,820000000,39.82,terrain_world,differential_drive_robot,1.9999964258314777,15.199999970065482,-4.433823484413313e-07,-4.104671596583352e-10,8.208607569722945e-07,-4.989085549442218e-08,0.9999999999996618
39,840000000,39.84,terrain_world,differential_drive_robot,1.9999964258314777,15.199999970065482,-4.433823484413313e-07,-4.104671596583352e-10,8.208607569722945e-07,-4.989085549442218e-08,0.9999999999996618
39,860000000,39.86,terrain_world,differential_drive_robot,1.9999964258314777,15.199999970065482,-4.433823484413313e-07,-4.104671596583352e-10,8.208607569722945e-07,-4.989085549442218e-08,0.9999999999996618
39,880000000,39.88,terrain_world,differential_drive_robot,1.9999964258314777,15.199999970065482,-4.433823484413313e-07,-4.104671596583352e-10,8.208607569722945e-07,-4.989085549442218e-08,0.9999999999996618
39,900000000,39.9,terrain_world,differential_drive_robot,1.9999964258314777,15.199999970065482,-4.433823484413313e-07,-4.104671596583352e-10,8.208607569722945e-07,-4.989085549442218e-08,0.9999999999996618
39,920000000,39.92,terrain_world,differential_drive_robot,1.9999964258314777,15.199999970065482,-4.433823484413313e-07,-4.104671596583352e-10,8.208607569722945e-07,-4.989085549442218e-08,0.9999999999996618
39,940000000,39.94,terrain_world,differential_drive_robot,1.9999964258314777,15.199999970065482,-4.433823484413313e-07,-4.104671596583352e-10,8.208607569722945e-07,-4.989085549442218e-08,0.9999999999996618
39,960000000,39.96,terrain_world,differential_drive_robot,1.9999964258314777,15.199999970065482,-4.433823484413313e-07,-4.104671596583352e-10,8.208607569722945e-07,-4.989085549442218e-08,0.9999999999996618
39,980000000,39.98,terrain_world,differential_drive_robot,1.9999964258314777,15.199999970065482,-4.433823484413313e-07,-4.104671596583352e-10,8.208607569722945e-07,-4.989085549442218e-08,0.9999999999996618
40,0,40.0,terrain_world,differential_drive_robot,1.9999964258314777,15.199999970065482,-4.433823484413313e-07,-4.104671596583352e-10,8.208607569722945e-07,-4.989085549442218e-08,0.9999999999996618
40,20000000,40.02,terrain_world,differential_drive_robot,1.9999964258314777,15.199999970065482,-4.433823484413313e-07,-4.104671596583352e-10,8.208607569722945e-07,-4.989085549442218e-08,0.9999999999996618
40,40000000,40.04,terrain_world,differential_drive_robot,1.9999964258314777,15.199999970065482,-4.433823484413313e-07,-4.104671596583352e-10,8.208607569722945e-07,-4.989085549442218e-08,0.9999999999996618
40,60000000,40.06,terrain_world,differential_drive_robot,1.9999964258314777,15.199999970065482,-4.433823484413313e-07,-4.104671596583352e-10,8.208607569722945e-07,-4.989085549442218e-08,0.9999999999996618
40,80000000,40.08,terrain_world,differential_drive_robot,1.9999964258314777,15.199999970065482,-4.433823484413313e-07,-4.104671596583352e-10,8.208607569722945e-07,-4.989085549442218e-08,0.9999999999996618
40,100000000,40.1,terrain_world,differential_drive_robot,1.9999964258314777,15.199999970065482,-4.433823484413313e-07,-4.104671596583352e-10,8.208607569722945e-07,-4.989085549442218e-08,0.9999999999996618
40,120000000,40.12,terrain_world,differential_drive_robot,1.9999964258314777,15.199999970065482,-4.433823484413313e-07,-4.104671596583352e-10,8.208607569722945e-07,-4.989085549442218e-08,0.9999999999996618
40,140000000,40.14,terrain_world,differential_drive_robot,1.9999964258314777,15.199999970065482,-4.433823484413313e-07,-4.104671596583352e-10,8.208607569722945e-07,-4.989085549442218e-08,0.9999999999996618
40,160000000,40.16,terrain_world,differential_drive_robot,1.9999964258314777,15.199999970065482,-4.433823484413313e-07,-4.104671596583352e-10,8.208607569722945e-07,-4.989085549442218e-08,0.9999999999996618
40,180000000,40.18,terrain_world,differential_drive_robot,1.9999964258314777,15.199999970065482,-4.433823484413313e-07,-4.104671596583352e-10,8.208607569722945e-07,-4.989085549442218e-08,0.9999999999996618
40,200000000,40.2,terrain_world,differential_drive_robot,1.9999964258314777,15.199999970065482,-4.433823484413313e-07,-4.104671596583352e-10,8.208607569722945e-07,-4.989085549442218e-08,0.9999999999996618
40,220000000,40.22,terrain_world,differential_drive_robot,1.9999964258314777,15.199999970065482,-4.433823484413313e-07,-4.104671596583352e-10,8.208607569722945e-07,-4.989085549442218e-08,0.9999999999996618
40,240000000,40.24,terrain_world,differential_drive_robot,1.9999964258314777,15.199999970065482,-4.433823484413313e-07,-4.104671596583352e-10,8.208607569722945e-07,-4.989085549442218e-08,0.9999999999996618
40,260000000,40.26,terrain_world,differential_drive_robot,1.9999964258314777,15.199999970065482,-4.433823484413313e-07,-4.104671596583352e-10,8.208607569722945e-07,-4.989085549442218e-08,0.9999999999996618
40,280000000,40.28,terrain_world,differential_drive_robot,1.9999964258314777,15.199999970065482,-4.433823484413313e-07,-4.104671596583352e-10,8.208607569722945e-07,-4.989085549442218e-08,0.9999999999996618
40,300000000,40.3,terrain_world,differential_drive_robot,1.9999964258314777,15.199999970065482,-4.433823484413313e-07,-4.104671596583352e-10,8.208607569722945e-07,-4.989085549442218e-08,0.9999999999996618
40,320000000,40.32,terrain_world,differential_drive_robot,1.9999964258314777,15.199999970065482,-4.433823484413313e-07,-4.104671596583352e-10,8.208607569722945e-07,-4.989085549442218e-08,0.9999999999996618
40,340000000,40.34,terrain_world,differential_drive_robot,1.9999964258314777,15.199999970065482,-4.433823484413313e-07,-4.104671596583352e-10,8.208607569722945e-07,-4.989085549442218e-08,0.9999999999996618
40,360000000,40.36,terrain_world,differential_drive_robot,1.9999964258314777,15.199999970065482,-4.433823484413313e-07,-4.104671596583352e-10,8.208607569722945e-07,-4.989085549442218e-08,0.9999999999996618
40,380000000,40.38,terrain_world,differential_drive_robot,1.9999964258314777,15.199999970065482,-4.433823484413313e-07,-4.104671596583352e-10,8.208607569722945e-07,-4.989085549442218e-08,0.9999999999996618
40,400000000,40.4,terrain_world,differential_drive_robot,1.9999964258314777,15.199999970065482,-4.433823484413313e-07,-4.104671596583352e-10,8.208607569722945e-07,-4.989085549442218e-08,0.9999999999996618
40,420000000,40.42,terrain_world,differential_drive_robot,1.9999964258314777,15.199999970065482,-4.433823484413313e-07,-4.104671596583352e-10,8.208607569722945e-07,-4.989085549442218e-08,0.9999999999996618
40,440000000,40.44,terrain_world,differential_drive_robot,1.9999964258314777,15.199999970065482,-4.433823484413313e-07,-4.104671596583352e-10,8.208607569722945e-07,-4.989085549442218e-08,0.9999999999996618
40,460000000,40.46,terrain_world,differential_drive_robot,1.9999964258314777,15.199999970065482,-4.433823484413313e-07,-4.104671596583352e-10,8.208607569722945e-07,-4.989085549442218e-08,0.9999999999996618
40,480000000,40.48,terrain_world,differential_drive_robot,1.9999964258314777,15.199999970065482,-4.433823484413313e-07,-4.104671596583352e-10,8.208607569722945e-07,-4.989085549442218e-08,0.9999999999996618
40,500000000,40.5,terrain_world,differential_drive_robot,1.9999964258314777,15.199999970065482,-4.433823484413313e-07,-4.104671596583352e-10,8.208607569722945e-07,-4.989085549442218e-08,0.9999999999996618
40,520000000,40.52,terrain_world,differential_drive_robot,1.9999964258314777,15.199999970065482,-4.433823484413313e-07,-4.104671596583352e-10,8.208607569722945e-07,-4.989085549442218e-08,0.9999999999996618
40,540000000,40.54,terrain_world,differential_drive_robot,1.9999964258314777,15.199999970065482,-4.433823484413313e-07,-4.104671596583352e-10,8.208607569722945e-07,-4.989085549442218e-08,0.9999999999996618
40,560000000,40.56,terrain_world,differential_drive_robot,1.9999964258314777,15.199999970065482,-4.433823484413313e-07,-4.104671596583352e-10,8.208607569722945e-07,-4.989085549442218e-08,0.9999999999996618
40,580000000,40.58,terrain_world,differential_drive_robot,1.9999964258314777,15.199999970065482,-4.433823484413313e-07,-4.104671596583352e-10,8.208607569722945e-07,-4.989085549442218e-08,0.9999999999996618
40,600000000,40.6,terrain_world,differential_drive_robot,1.9999964258314777,15.199999970065482,-4.433823484413313e-07,-4.104671596583352e-10,8.208607569722945e-07,-4.989085549442218e-08,0.9999999999996618
40,620000000,40.62,terrain_world,differential_drive_robot,1.9999964258314777,15.199999970065482,-4.433823484413313e-07,-4.104671596583352e-10,8.208607569722945e-07,-4.989085549442218e-08,0.9999999999996618
40,640000000,40.64,terrain_world,differential_drive_robot,1.9999964258314777,15.199999970065482,-4.433823484413313e-07,-4.104671596583352e-10,8.208607569722945e-07,-4.989085549442218e-08,0.9999999999996618
40,660000000,40.66,terrain_world,differential_drive_robot,1.9999964258314777,15.199999970065482,-4.433823484413313e-07,-4.104671596583352e-10,8.208607569722945e-07,-4.989085549442218e-08,0.9999999999996618
40,680000000,40.68,terrain_world,differential_drive_robot,1.9999964258314777,15.199999970065482,-4.433823484413313e-07,-4.104671596583352e-10,8.208607569722945e-07,-4.989085549442218e-08,0.9999999999996618
40,700000000,40.7,terrain_world,differential_drive_robot,1.9999964258314777,15.199999970065482,-4.433823484413313e-07,-4.104671596583352e-10,8.208607569722945e-07,-4.989085549442218e-08,0.9999999999996618
40,720000000,40.72,terrain_world,differential_drive_robot,1.9999964258314777,15.199999970065482,-4.433823484413313e-07,-4.104671596583352e-10,8.208607569722945e-07,-4.989085549442218e-08,0.9999999999996618
40,740000000,40.74,terrain_world,differential_drive_robot,1.9999964258314777,15.199999970065482,-4.433823484413313e-07,-4.104671596583352e-10,8.208607569722945e-07,-4.989085549442218e-08,0.9999999999996618
40,760000000,40.76,terrain_world,differential_drive_robot,1.9999964258314777,15.199999970065482,-4.433823484413313e-07,-4.104671596583352e-10,8.208607569722945e-07,-4.989085549442218e-08,0.9999999999996618
40,780000000,40.78,terrain_world,differential_drive_robot,1.9999964258314777,15.199999970065482,-4.433823484413313e-07,-4.104671596583352e-10,8.208607569722945e-07,-4.989085549442218e-08,0.9999999999996618
40,800000000,40.8,terrain_world,differential_drive_robot,1.9999964258314777,15.199999970065482,-4.433823484413313e-07,-4.104671596583352e-10,8.208607569722945e-07,-4.989085549442218e-08,0.9999999999996618
40,820000000,40.82,terrain_world,differential_drive_robot,1.9999964258314777,15.199999970065482,-4.433823484413313e-07,-4.104671596583352e-10,8.208607569722945e-07,-4.989085549442218e-08,0.9999999999996618
40,840000000,40.84,terrain_world,differential_drive_robot,1.9999964258314777,15.199999970065482,-4.433823484413313e-07,-4.104671596583352e-10,8.208607569722945e-07,-4.989085549442218e-08,0.9999999999996618
40,860000000,40.86,terrain_world,differential_drive_robot,1.9999964258314777,15.199999970065482,-4.433823484413313e-07,-4.104671596583352e-10,8.208607569722945e-07,-4.989085549442218e-08,0.9999999999996618
40,880000000,40.88,terrain_world,differential_drive_robot,1.9999964258314777,15.199999970065482,-4.433823484413313e-07,-4.104671596583352e-10,8.208607569722945e-07,-4.989085549442218e-08,0.9999999999996618
40,900000000,40.9,terrain_world,differential_drive_robot,1.9999964258314777,15.199999970065482,-4.433823484413313e-07,-4.104671596583352e-10,8.208607569722945e-07,-4.989085549442218e-08,0.9999999999996618
40,920000000,40.92,terrain_world,differential_drive_robot,1.9999964258314777,15.199999970065482,-4.433823484413313e-07,-4.104671596583352e-10,8.208607569722945e-07,-4.989085549442218e-08,0.9999999999996618
40,940000000,40.94,terrain_world,differential_drive_robot,1.9999964258314777,15.199999970065482,-4.433823484413313e-07,-4.104671596583352e-10,8.208607569722945e-07,-4.989085549442218e-08,0.9999999999996618
40,960000000,40.96,terrain_world,differential_drive_robot,1.9999964258314777,15.199999970065482,-4.433823484413313e-07,-4.104671596583352e-10,8.208607569722945e-07,-4.989085549442218e-08,0.9999999999996618
40,980000000,40.98,terrain_world,differential_drive_robot,1.9999964258314777,15.199999970065482,-4.433823484413313e-07,-4.104671596583352e-10,8.208607569722945e-07,-4.989085549442218e-08,0.9999999999996618
41,0,41.0,terrain_world,differential_drive_robot,1.9999964258314777,15.199999970065482,-4.433823484413313e-07,-4.104671596583352e-10,8.208607569722945e-07,-4.989085549442218e-08,0.9999999999996618
41,20000000,41.02,terrain_world,differential_drive_robot,1.9999964258314777,15.199999970065482,-4.433823484413313e-07,-4.104671596583352e-10,8.208607569722945e-07,-4.989085549442218e-08,0.9999999999996618
41,40000000,41.04,terrain_world,differential_drive_robot,1.9999964258314777,15.199999970065482,-4.433823484413313e-07,-4.104671596583352e-10,8.208607569722945e-07,-4.989085549442218e-08,0.9999999999996618
41,60000000,41.06,terrain_world,differential_drive_robot,1.9999964258314777,15.199999970065482,-4.433823484413313e-07,-4.104671596583352e-10,8.208607569722945e-07,-4.989085549442218e-08,0.9999999999996618
41,80000000,41.08,terrain_world,differential_drive_robot,1.9999964258314777,15.199999970065482,-4.433823484413313e-07,-4.104671596583352e-10,8.208607569722945e-07,-4.989085549442218e-08,0.9999999999996618
41,100000000,41.1,terrain_world,differential_drive_robot,1.9999964258314777,15.199999970065482,-4.433823484413313e-07,-4.104671596583352e-10,8.208607569722945e-07,-4.989085549442218e-08,0.9999999999996618
41,120000000,41.12,terrain_world,differential_drive_robot,1.9999964258314777,15.199999970065482,-4.433823484413313e-07,-4.104671596583352e-10,8.208607569722945e-07,-4.989085549442218e-08,0.9999999999996618
41,140000000,41.14,terrain_world,differential_drive_robot,1.9999964258314777,15.199999970065482,-4.433823484413313e-07,-4.104671596583352e-10,8.208607569722945e-07,-4.989085549442218e-08,0.9999999999996618
41,160000000,41.16,terrain_world,differential_drive_robot,1.9999964258314777,15.199999970065482,-4.433823484413313e-07,-4.104671596583352e-10,8.208607569722945e-07,-4.989085549442218e-08,0.9999999999996618
41,180000000,41.18,terrain_world,differential_drive_robot,1.9999964258314777,15.199999970065482,-4.433823484413313e-07,-4.104671596583352e-10,8.208607569722945e-07,-4.989085549442218e-08,0.9999999999996618
41,200000000,41.2,terrain_world,differential_drive_robot,1.9999964258314777,15.199999970065482,-4.433823484413313e-07,-4.104671596583352e-10,8.208607569722945e-07,-4.989085549442218e-08,0.9999999999996618
41,220000000,41.22,terrain_world,differential_drive_robot,1.9999964258314777,15.199999970065482,-4.433823484413313e-07,-4.104671596583352e-10,8.208607569722945e-07,-4.989085549442218e-08,0.9999999999996618
41,240000000,41.24,terrain_world,differential_drive_robot,1.9999964258314777,15.199999970065482,-4.433823484413313e-07,-4.104671596583352e-10,8.208607569722945e-07,-4.989085549442218e-08,0.9999999999996618
41,260000000,41.26,terrain_world,differential_drive_robot,1.9999964258314777,15.199999970065482,-4.433823484413313e-07,-4.104671596583352e-10,8.208607569722945e-07,-4.989085549442218e-08,0.9999999999996618
41,280000000,41.28,terrain_world,differential_drive_robot,1.9999964258314777,15.199999970065482,-4.433823484413313e-07,-4.104671596583352e-10,8.208607569722945e-07,-4.989085549442218e-08,0.9999999999996618
41,300000000,41.3,terrain_world,differential_drive_robot,1.9999964258314777,15.199999970065482,-4.433823484413313e-07,-4.104671596583352e-10,8.208607569722945e-07,-4.989085549442218e-08,0.9999999999996618
41,320000000,41.32,terrain_world,differential_drive_robot,1.9999964258314777,15.199999970065482,-4.433823484413313e-07,-4.104671596583352e-10,8.208607569722945e-07,-4.989085549442218e-08,0.9999999999996618
41,340000000,41.34,terrain_world,differential_drive_robot,1.9999964258314777,15.199999970065482,-4.433823484413313e-07,-4.104671596583352e-10,8.208607569722945e-07,-4.989085549442218e-08,0.9999999999996618
41,360000000,41.36,terrain_world,differential_drive_robot,1.9999964258314777,15.199999970065482,-4.433823484413313e-07,-4.104671596583352e-10,8.208607569722945e-07,-4.989085549442218e-08,0.9999999999996618
41,380000000,41.38,terrain_world,differential_drive_robot,1.9999964258314777,15.199999970065482,-4.433823484413313e-07,-4.104671596583352e-10,8.208607569722945e-07,-4.989085549442218e-08,0.9999999999996618
41,400000000,41.4,terrain_world,differential_drive_robot,1.9999964258314777,15.199999970065482,-4.433823484413313e-07,-4.104671596583352e-10,8.208607569722945e-07,-4.989085549442218e-08,0.9999999999996618
41,420000000,41.42,terrain_world,differential_drive_robot,1.9999964258314777,15.199999970065482,-4.433823484413313e-07,-4.104671596583352e-10,8.208607569722945e-07,-4.989085549442218e-08,0.9999999999996618
41,440000000,41.44,terrain_world,differential_drive_robot,1.9999964258314777,15.199999970065482,-4.433823484413313e-07,-4.104671596583352e-10,8.208607569722945e-07,-4.989085549442218e-08,0.9999999999996618
41,460000000,41.46,terrain_world,differential_drive_robot,1.9999964258314777,15.199999970065482,-4.433823484413313e-07,-4.104671596583352e-10,8.208607569722945e-07,-4.989085549442218e-08,0.9999999999996618
41,480000000,41.48,terrain_world,differential_drive_robot,1.9999964258314777,15.199999970065482,-4.433823484413313e-07,-4.104671596583352e-10,8.208607569722945e-07,-4.989085549442218e-08,0.9999999999996618
41,500000000,41.5,terrain_world,differential_drive_robot,1.9999964258314777,15.199999970065482,-4.433823484413313e-07,-4.104671596583352e-10,8.208607569722945e-07,-4.989085549442218e-08,0.9999999999996618
41,520000000,41.52,terrain_world,differential_drive_robot,1.9999964258314777,15.199999970065482,-4.433823484413313e-07,-4.104671596583352e-10,8.208607569722945e-07,-4.989085549442218e-08,0.9999999999996618
41,540000000,41.54,terrain_world,differential_drive_robot,1.9999964258314777,15.199999970065482,-4.433823484413313e-07,-4.104671596583352e-10,8.208607569722945e-07,-4.989085549442218e-08,0.9999999999996618
41,560000000,41.56,terrain_world,differential_drive_robot,1.9999964258314777,15.199999970065482,-4.433823484413313e-07,-4.104671596583352e-10,8.208607569722945e-07,-4.989085549442218e-08,0.9999999999996618
41,580000000,41.58,terrain_world,differential_drive_robot,1.9999964258314777,15.199999970065482,-4.433823484413313e-07,-4.104671596583352e-10,8.208607569722945e-07,-4.989085549442218e-08,0.9999999999996618
41,600000000,41.6,terrain_world,differential_drive_robot,1.9999964258314777,15.199999970065482,-4.433823484413313e-07,-4.104671596583352e-10,8.208607569722945e-07,-4.989085549442218e-08,0.9999999999996618
41,620000000,41.62,terrain_world,differential_drive_robot,1.9999964258314777,15.199999970065482,-4.433823484413313e-07,-4.104671596583352e-10,8.208607569722945e-07,-4.989085549442218e-08,0.9999999999996618
41,640000000,41.64,terrain_world,differential_drive_robot,1.9999964258314777,15.199999970065482,-4.433823484413313e-07,-4.104671596583352e-10,8.208607569722945e-07,-4.989085549442218e-08,0.9999999999996618
41,660000000,41.66,terrain_world,differential_drive_robot,1.9999964258314777,15.199999970065482,-4.433823484413313e-07,-4.104671596583352e-10,8.208607569722945e-07,-4.989085549442218e-08,0.9999999999996618
41,680000000,41.68,terrain_world,differential_drive_robot,1.9999964258314777,15.199999970065482,-4.433823484413313e-07,-4.104671596583352e-10,8.208607569722945e-07,-4.989085549442218e-08,0.9999999999996618
41,700000000,41.7,terrain_world,differential_drive_robot,1.9999964258314777,15.199999970065482,-4.433823484413313e-07,-4.104671596583352e-10,8.208607569722945e-07,-4.989085549442218e-08,0.9999999999996618
41,720000000,41.72,terrain_world,differential_drive_robot,1.9999964258314777,15.199999970065482,-4.433823484413313e-07,-4.104671596583352e-10,8.208607569722945e-07,-4.989085549442218e-08,0.9999999999996618
41,740000000,41.74,terrain_world,differential_drive_robot,1.9999964258314777,15.199999970065482,-4.433823484413313e-07,-4.104671596583352e-10,8.208607569722945e-07,-4.989085549442218e-08,0.9999999999996618
41,760000000,41.76,terrain_world,differential_drive_robot,1.9999964258314777,15.199999970065482,-4.433823484413313e-07,-4.104671596583352e-10,8.208607569722945e-07,-4.989085549442218e-08,0.9999999999996618
41,780000000,41.78,terrain_world,differential_drive_robot,1.9999964258314777,15.199999970065482,-4.433823484413313e-07,-4.104671596583352e-10,8.208607569722945e-07,-4.989085549442218e-08,0.9999999999996618
41,800000000,41.8,terrain_world,differential_drive_robot,1.9999964258314777,15.199999970065482,-4.433823484413313e-07,-4.104671596583352e-10,8.208607569722945e-07,-4.989085549442218e-08,0.9999999999996618
41,820000000,41.82,terrain_world,differential_drive_robot,1.9999964258314777,15.199999970065482,-4.433823484413313e-07,-4.104671596583352e-10,8.208607569722945e-07,-4.989085549442218e-08,0.9999999999996618
41,840000000,41.84,terrain_world,differential_drive_robot,1.9999964258314777,15.199999970065482,-4.433823484413313e-07,-4.104671596583352e-10,8.208607569722945e-07,-4.989085549442218e-08,0.9999999999996618
41,860000000,41.86,terrain_world,differential_drive_robot,1.9999964258314777,15.199999970065482,-4.433823484413313e-07,-4.104671596583352e-10,8.208607569722945e-07,-4.989085549442218e-08,0.9999999999996618
41,880000000,41.88,terrain_world,differential_drive_robot,1.9999964258314777,15.199999970065482,-4.433823484413313e-07,-4.104671596583352e-10,8.208607569722945e-07,-4.989085549442218e-08,0.9999999999996618
41,900000000,41.9,terrain_world,differential_drive_robot,1.9999964258314777,15.199999970065482,-4.433823484413313e-07,-4.104671596583352e-10,8.208607569722945e-07,-4.989085549442218e-08,0.9999999999996618
41,920000000,41.92,terrain_world,differential_drive_robot,1.9999964258314777,15.199999970065482,-4.433823484413313e-07,-4.104671596583352e-10,8.208607569722945e-07,-4.989085549442218e-08,0.9999999999996618
41,940000000,41.94,terrain_world,differential_drive_robot,1.9999964258314777,15.199999970065482,-4.433823484413313e-07,-4.104671596583352e-10,8.208607569722945e-07,-4.989085549442218e-08,0.9999999999996618
41,960000000,41.96,terrain_world,differential_drive_robot,1.9999964258314777,15.199999970065482,-4.433823484413313e-07,-4.104671596583352e-10,8.208607569722945e-07,-4.989085549442218e-08,0.9999999999996618
41,980000000,41.98,terrain_world,differential_drive_robot,1.9999964258314777,15.199999970065482,-4.433823484413313e-07,-4.104671596583352e-10,8.208607569722945e-07,-4.989085549442218e-08,0.9999999999996618
42,0,42.0,terrain_world,differential_drive_robot,1.9999964258314777,15.199999970065482,-4.433823484413313e-07,-4.104671596583352e-10,8.208607569722945e-07,-4.989085549442218e-08,0.9999999999996618
42,20000000,42.02,terrain_world,differential_drive_robot,1.9999964258314777,15.199999970065482,-4.433823484413313e-07,-4.104671596583352e-10,8.208607569722945e-07,-4.989085549442218e-08,0.9999999999996618
42,40000000,42.04,terrain_world,differential_drive_robot,1.9999964258314777,15.199999970065482,-4.433823484413313e-07,-4.104671596583352e-10,8.208607569722945e-07,-4.989085549442218e-08,0.9999999999996618
42,60000000,42.06,terrain_world,differential_drive_robot,1.9999964258314777,15.199999970065482,-4.433823484413313e-07,-4.104671596583352e-10,8.208607569722945e-07,-4.989085549442218e-08,0.9999999999996618
42,80000000,42.08,terrain_world,differential_drive_robot,1.9999964258314777,15.199999970065482,-4.433823484413313e-07,-4.104671596583352e-10,8.208607569722945e-07,-4.989085549442218e-08,0.9999999999996618
42,100000000,42.1,terrain_world,differential_drive_robot,1.9999964258314777,15.199999970065482,-4.433823484413313e-07,-4.104671596583352e-10,8.208607569722945e-07,-4.989085549442218e-08,0.9999999999996618
42,120000000,42.12,terrain_world,differential_drive_robot,1.9999964258314777,15.199999970065482,-4.433823484413313e-07,-4.104671596583352e-10,8.208607569722945e-07,-4.989085549442218e-08,0.9999999999996618
42,140000000,42.14,terrain_world,differential_drive_robot,1.9999964258314777,15.199999970065482,-4.433823484413313e-07,-4.104671596583352e-10,8.208607569722945e-07,-4.989085549442218e-08,0.9999999999996618
42,160000000,42.16,terrain_world,differential_drive_robot,1.9999964258314777,15.199999970065482,-4.433823484413313e-07,-4.104671596583352e-10,8.208607569722945e-07,-4.989085549442218e-08,0.9999999999996618
42,180000000,42.18,terrain_world,differential_drive_robot,1.9999964258314777,15.199999970065482,-4.433823484413313e-07,-4.104671596583352e-10,8.208607569722945e-07,-4.989085549442218e-08,0.9999999999996618
42,200000000,42.2,terrain_world,differential_drive_robot,1.9999964258314777,15.199999970065482,-4.433823484413313e-07,-4.104671596583352e-10,8.208607569722945e-07,-4.989085549442218e-08,0.9999999999996618
42,220000000,42.22,terrain_world,differential_drive_robot,1.9999964258314777,15.199999970065482,-4.433823484413313e-07,-4.104671596583352e-10,8.208607569722945e-07,-4.989085549442218e-08,0.9999999999996618
42,240000000,42.24,terrain_world,differential_drive_robot,1.9999964258314777,15.199999970065482,-4.433823484413313e-07,-4.104671596583352e-10,8.208607569722945e-07,-4.989085549442218e-08,0.9999999999996618
42,260000000,42.26,terrain_world,differential_drive_robot,1.9999964258314777,15.199999970065482,-4.433823484413313e-07,-4.104671596583352e-10,8.208607569722945e-07,-4.989085549442218e-08,0.9999999999996618
42,280000000,42.28,terrain_world,differential_drive_robot,1.9999964258314777,15.199999970065482,-4.433823484413313e-07,-4.104671596583352e-10,8.208607569722945e-07,-4.989085549442218e-08,0.9999999999996618
42,300000000,42.3,terrain_world,differential_drive_robot,1.9999964258314777,15.199999970065482,-4.433823484413313e-07,-4.104671596583352e-10,8.208607569722945e-07,-4.989085549442218e-08,0.9999999999996618
42,320000000,42.32,terrain_world,differential_drive_robot,1.9999964258314777,15.199999970065482,-4.433823484413313e-07,-4.104671596583352e-10,8.208607569722945e-07,-4.989085549442218e-08,0.9999999999996618
42,340000000,42.34,terrain_world,differential_drive_robot,1.9999964258314777,15.199999970065482,-4.433823484413313e-07,-4.104671596583352e-10,8.208607569722945e-07,-4.989085549442218e-08,0.9999999999996618
42,360000000,42.36,terrain_world,differential_drive_robot,1.9999964258314777,15.199999970065482,-4.433823484413313e-07,-4.104671596583352e-10,8.208607569722945e-07,-4.989085549442218e-08,0.9999999999996618
42,380000000,42.38,terrain_world,differential_drive_robot,1.9999964258314777,15.199999970065482,-4.433823484413313e-07,-4.104671596583352e-10,8.208607569722945e-07,-4.989085549442218e-08,0.9999999999996618
42,400000000,42.4,terrain_world,differential_drive_robot,1.9999964258314777,15.199999970065482,-4.433823484413313e-07,-4.104671596583352e-10,8.208607569722945e-07,-4.989085549442218e-08,0.9999999999996618
42,420000000,42.42,terrain_world,differential_drive_robot,1.9999964258314777,15.199999970065482,-4.433823484413313e-07,-4.104671596583352e-10,8.208607569722945e-07,-4.989085549442218e-08,0.9999999999996618
42,440000000,42.44,terrain_world,differential_drive_robot,1.9999964258314777,15.199999970065482,-4.433823484413313e-07,-4.104671596583352e-10,8.208607569722945e-07,-4.989085549442218e-08,0.9999999999996618
42,460000000,42.46,terrain_world,differential_drive_robot,1.9999964258314777,15.199999970065482,-4.433823484413313e-07,-4.104671596583352e-10,8.208607569722945e-07,-4.989085549442218e-08,0.9999999999996618
42,480000000,42.48,terrain_world,differential_drive_robot,1.9999964258314777,15.199999970065482,-4.433823484413313e-07,-4.104671596583352e-10,8.208607569722945e-07,-4.989085549442218e-08,0.9999999999996618
42,500000000,42.5,terrain_world,differential_drive_robot,1.9999964258314777,15.199999970065482,-4.433823484413313e-07,-4.104671596583352e-10,8.208607569722945e-07,-4.989085549442218e-08,0.9999999999996618
42,520000000,42.52,terrain_world,differential_drive_robot,1.9999964258314777,15.199999970065482,-4.433823484413313e-07,-4.104671596583352e-10,8.208607569722945e-07,-4.989085549442218e-08,0.9999999999996618
42,540000000,42.54,terrain_world,differential_drive_robot,1.9999964258314777,15.199999970065482,-4.433823484413313e-07,-4.104671596583352e-10,8.208607569722945e-07,-4.989085549442218e-08,0.9999999999996618
42,560000000,42.56,terrain_world,differential_drive_robot,1.9999964258314777,15.199999970065482,-4.433823484413313e-07,-4.104671596583352e-10,8.208607569722945e-07,-4.989085549442218e-08,0.9999999999996618
42,580000000,42.58,terrain_world,differential_drive_robot,1.9999964258314777,15.199999970065482,-4.433823484413313e-07,-4.104671596583352e-10,8.208607569722945e-07,-4.989085549442218e-08,0.9999999999996618
42,600000000,42.6,terrain_world,differential_drive_robot,1.9999964258314777,15.199999970065482,-4.433823484413313e-07,-4.104671596583352e-10,8.208607569722945e-07,-4.989085549442218e-08,0.9999999999996618
42,620000000,42.62,terrain_world,differential_drive_robot,1.9999964258314777,15.199999970065482,-4.433823484413313e-07,-4.104671596583352e-10,8.208607569722945e-07,-4.989085549442218e-08,0.9999999999996618
42,640000000,42.64,terrain_world,differential_drive_robot,1.9999964258314777,15.199999970065482,-4.433823484413313e-07,-4.104671596583352e-10,8.208607569722945e-07,-4.989085549442218e-08,0.9999999999996618
42,660000000,42.66,terrain_world,differential_drive_robot,1.9999964258314777,15.199999970065482,-4.433823484413313e-07,-4.104671596583352e-10,8.208607569722945e-07,-4.989085549442218e-08,0.9999999999996618
42,680000000,42.68,terrain_world,differential_drive_robot,1.9999964258314777,15.199999970065482,-4.433823484413313e-07,-4.104671596583352e-10,8.208607569722945e-07,-4.989085549442218e-08,0.9999999999996618
42,700000000,42.7,terrain_world,differential_drive_robot,1.9999964258314777,15.199999970065482,-4.433823484413313e-07,-4.104671596583352e-10,8.208607569722945e-07,-4.989085549442218e-08,0.9999999999996618
42,720000000,42.72,terrain_world,differential_drive_robot,1.9999964258314777,15.199999970065482,-4.433823484413313e-07,-4.104671596583352e-10,8.208607569722945e-07,-4.989085549442218e-08,0.9999999999996618
42,740000000,42.74,terrain_world,differential_drive_robot,1.9999964258314777,15.199999970065482,-4.433823484413313e-07,-4.104671596583352e-10,8.208607569722945e-07,-4.989085549442218e-08,0.9999999999996618
42,760000000,42.76,terrain_world,differential_drive_robot,1.9999964258314777,15.199999970065482,-4.433823484413313e-07,-4.104671596583352e-10,8.208607569722945e-07,-4.989085549442218e-08,0.9999999999996618
42,780000000,42.78,terrain_world,differential_drive_robot,1.9999964258314777,15.199999970065482,-4.433823484413313e-07,-4.104671596583352e-10,8.208607569722945e-07,-4.989085549442218e-08,0.9999999999996618
42,800000000,42.8,terrain_world,differential_drive_robot,1.9999964258314777,15.199999970065482,-4.433823484413313e-07,-4.104671596583352e-10,8.208607569722945e-07,-4.989085549442218e-08,0.9999999999996618
42,820000000,42.82,terrain_world,differential_drive_robot,1.9999964258314777,15.199999970065482,-4.433823484413313e-07,-4.104671596583352e-10,8.208607569722945e-07,-4.989085549442218e-08,0.9999999999996618
42,840000000,42.84,terrain_world,differential_drive_robot,1.9999964258314777,15.199999970065482,-4.433823484413313e-07,-4.104671596583352e-10,8.208607569722945e-07,-4.989085549442218e-08,0.9999999999996618
42,860000000,42.86,terrain_world,differential_drive_robot,1.9999964258314777,15.199999970065482,-4.433823484413313e-07,-4.104671596583352e-10,8.208607569722945e-07,-4.989085549442218e-08,0.9999999999996618
42,880000000,42.88,terrain_world,differential_drive_robot,1.9999964258314777,15.199999970065482,-4.433823484413313e-07,-4.104671596583352e-10,8.208607569722945e-07,-4.989085549442218e-08,0.9999999999996618
42,900000000,42.9,terrain_world,differential_drive_robot,1.9999964258314777,15.199999970065482,-4.433823484413313e-07,-4.104671596583352e-10,8.208607569722945e-07,-4.989085549442218e-08,0.9999999999996618
42,920000000,42.92,terrain_world,differential_drive_robot,1.9999964258314777,15.199999970065482,-4.433823484413313e-07,-4.104671596583352e-10,8.208607569722945e-07,-4.989085549442218e-08,0.9999999999996618
42,940000000,42.94,terrain_world,differential_drive_robot,1.9999964258314777,15.199999970065482,-4.433823484413313e-07,-4.104671596583352e-10,8.208607569722945e-07,-4.989085549442218e-08,0.9999999999996618
42,960000000,42.96,terrain_world,differential_drive_robot,1.9999964258314777,15.199999970065482,-4.433823484413313e-07,-4.104671596583352e-10,8.208607569722945e-07,-4.989085549442218e-08,0.9999999999996618
42,980000000,42.98,terrain_world,differential_drive_robot,1.9999964258314777,15.199999970065482,-4.433823484413313e-07,-4.104671596583352e-10,8.208607569722945e-07,-4.989085549442218e-08,0.9999999999996618
43,0,43.0,terrain_world,differential_drive_robot,1.9999964258314777,15.199999970065482,-4.433823484413313e-07,-4.104671596583352e-10,8.208607569722945e-07,-4.989085549442218e-08,0.9999999999996618
43,20000000,43.02,terrain_world,differential_drive_robot,1.9999964258314777,15.199999970065482,-4.433823484413313e-07,-4.104671596583352e-10,8.208607569722945e-07,-4.989085549442218e-08,0.9999999999996618
43,40000000,43.04,terrain_world,differential_drive_robot,1.9999964258314777,15.199999970065482,-4.433823484413313e-07,-4.104671596583352e-10,8.208607569722945e-07,-4.989085549442218e-08,0.9999999999996618
43,60000000,43.06,terrain_world,differential_drive_robot,1.9999964258314777,15.199999970065482,-4.433823484413313e-07,-4.104671596583352e-10,8.208607569722945e-07,-4.989085549442218e-08,0.9999999999996618
43,80000000,43.08,terrain_world,differential_drive_robot,1.9999964258314777,15.199999970065482,-4.433823484413313e-07,-4.104671596583352e-10,8.208607569722945e-07,-4.989085549442218e-08,0.9999999999996618
43,100000000,43.1,terrain_world,differential_drive_robot,1.9999964258314777,15.199999970065482,-4.433823484413313e-07,-4.104671596583352e-10,8.208607569722945e-07,-4.989085549442218e-08,0.9999999999996618
43,120000000,43.12,terrain_world,differential_drive_robot,1.9999964258314777,15.199999970065482,-4.433823484413313e-07,-4.104671596583352e-10,8.208607569722945e-07,-4.989085549442218e-08,0.9999999999996618
43,140000000,43.14,terrain_world,differential_drive_robot,1.9999964258314777,15.199999970065482,-4.433823484413313e-07,-4.104671596583352e-10,8.208607569722945e-07,-4.989085549442218e-08,0.9999999999996618
43,160000000,43.16,terrain_world,differential_drive_robot,1.9999964258314777,15.199999970065482,-4.433823484413313e-07,-4.104671596583352e-10,8.208607569722945e-07,-4.989085549442218e-08,0.9999999999996618
43,180000000,43.18,terrain_world,differential_drive_robot,1.9999964258314777,15.199999970065482,-4.433823484413313e-07,-4.104671596583352e-10,8.208607569722945e-07,-4.989085549442218e-08,0.9999999999996618
43,200000000,43.2,terrain_world,differential_drive_robot,1.9999964258314777,15.199999970065482,-4.433823484413313e-07,-4.104671596583352e-10,8.208607569722945e-07,-4.989085549442218e-08,0.9999999999996618
43,220000000,43.22,terrain_world,differential_drive_robot,1.9999964258314777,15.199999970065482,-4.433823484413313e-07,-4.104671596583352e-10,8.208607569722945e-07,-4.989085549442218e-08,0.9999999999996618
43,240000000,43.24,terrain_world,differential_drive_robot,1.9999964258314777,15.199999970065482,-4.433823484413313e-07,-4.104671596583352e-10,8.208607569722945e-07,-4.989085549442218e-08,0.9999999999996618
43,260000000,43.26,terrain_world,differential_drive_robot,1.9999964258314777,15.199999970065482,-4.433823484413313e-07,-4.104671596583352e-10,8.208607569722945e-07,-4.989085549442218e-08,0.9999999999996618
43,280000000,43.28,terrain_world,differential_drive_robot,1.9999964258314777,15.199999970065482,-4.433823484413313e-07,-4.104671596583352e-10,8.208607569722945e-07,-4.989085549442218e-08,0.9999999999996618
43,300000000,43.3,terrain_world,differential_drive_robot,1.9999964258314777,15.199999970065482,-4.433823484413313e-07,-4.104671596583352e-10,8.208607569722945e-07,-4.989085549442218e-08,0.9999999999996618
43,320000000,43.32,terrain_world,differential_drive_robot,1.9999964258314777,15.199999970065482,-4.433823484413313e-07,-4.104671596583352e-10,8.208607569722945e-07,-4.989085549442218e-08,0.9999999999996618
43,340000000,43.34,terrain_world,differential_drive_robot,1.9999964258314777,15.199999970065482,-4.433823484413313e-07,-4.104671596583352e-10,8.208607569722945e-07,-4.989085549442218e-08,0.9999999999996618
43,360000000,43.36,terrain_world,differential_drive_robot,1.9999964258314777,15.199999970065482,-4.433823484413313e-07,-4.104671596583352e-10,8.208607569722945e-07,-4.989085549442218e-08,0.9999999999996618
43,380000000,43.38,terrain_world,differential_drive_robot,1.9999964258314777,15.199999970065482,-4.433823484413313e-07,-4.104671596583352e-10,8.208607569722945e-07,-4.989085549442218e-08,0.9999999999996618
43,400000000,43.4,terrain_world,differential_drive_robot,1.9999964258314777,15.199999970065482,-4.433823484413313e-07,-4.104671596583352e-10,8.208607569722945e-07,-4.989085549442218e-08,0.9999999999996618
43,420000000,43.42,terrain_world,differential_drive_robot,1.9999964258314777,15.199999970065482,-4.433823484413313e-07,-4.104671596583352e-10,8.208607569722945e-07,-4.989085549442218e-08,0.9999999999996618
43,440000000,43.44,terrain_world,differential_drive_robot,1.9999964258314777,15.199999970065482,-4.433823484413313e-07,-4.104671596583352e-10,8.208607569722945e-07,-4.989085549442218e-08,0.9999999999996618
43,460000000,43.46,terrain_world,differential_drive_robot,1.9999964258314777,15.199999970065482,-4.433823484413313e-07,-4.104671596583352e-10,8.208607569722945e-07,-4.989085549442218e-08,0.9999999999996618
43,480000000,43.48,terrain_world,differential_drive_robot,1.9999964258314777,15.199999970065482,-4.433823484413313e-07,-4.104671596583352e-10,8.208607569722945e-07,-4.989085549442218e-08,0.9999999999996618
43,500000000,43.5,terrain_world,differential_drive_robot,1.9999964258314777,15.199999970065482,-4.433823484413313e-07,-4.104671596583352e-10,8.208607569722945e-07,-4.989085549442218e-08,0.9999999999996618
43,520000000,43.52,terrain_world,differential_drive_robot,1.9999964258314777,15.199999970065482,-4.433823484413313e-07,-4.104671596583352e-10,8.208607569722945e-07,-4.989085549442218e-08,0.9999999999996618
43,540000000,43.54,terrain_world,differential_drive_robot,1.9999964258314777,15.199999970065482,-4.433823484413313e-07,-4.104671596583352e-10,8.208607569722945e-07,-4.989085549442218e-08,0.9999999999996618
43,560000000,43.56,terrain_world,differential_drive_robot,1.9999964258314777,15.199999970065482,-4.433823484413313e-07,-4.104671596583352e-10,8.208607569722945e-07,-4.989085549442218e-08,0.9999999999996618
43,580000000,43.58,terrain_world,differential_drive_robot,1.9999964258314777,15.199999970065482,-4.433823484413313e-07,-4.104671596583352e-10,8.208607569722945e-07,-4.989085549442218e-08,0.9999999999996618
43,600000000,43.6,terrain_world,differential_drive_robot,1.9999964258314777,15.199999970065482,-4.433823484413313e-07,-4.104671596583352e-10,8.208607569722945e-07,-4.989085549442218e-08,0.9999999999996618
43,620000000,43.62,terrain_world,differential_drive_robot,1.9999964258314777,15.199999970065482,-4.433823484413313e-07,-4.104671596583352e-10,8.208607569722945e-07,-4.989085549442218e-08,0.9999999999996618
43,640000000,43.64,terrain_world,differential_drive_robot,1.9999964258314777,15.199999970065482,-4.433823484413313e-07,-4.104671596583352e-10,8.208607569722945e-07,-4.989085549442218e-08,0.9999999999996618
43,660000000,43.66,terrain_world,differential_drive_robot,1.9999964258314777,15.199999970065482,-4.433823484413313e-07,-4.104671596583352e-10,8.208607569722945e-07,-4.989085549442218e-08,0.9999999999996618
43,680000000,43.68,terrain_world,differential_drive_robot,1.9999964258314777,15.199999970065482,-4.433823484413313e-07,-4.104671596583352e-10,8.208607569722945e-07,-4.989085549442218e-08,0.9999999999996618
43,700000000,43.7,terrain_world,differential_drive_robot,1.9999964258314777,15.199999970065482,-4.433823484413313e-07,-4.104671596583352e-10,8.208607569722945e-07,-4.989085549442218e-08,0.9999999999996618
43,720000000,43.72,terrain_world,differential_drive_robot,1.9999964258314777,15.199999970065482,-4.433823484413313e-07,-4.104671596583352e-10,8.208607569722945e-07,-4.989085549442218e-08,0.9999999999996618
43,740000000,43.74,terrain_world,differential_drive_robot,1.9999964258314777,15.199999970065482,-4.433823484413313e-07,-4.104671596583352e-10,8.208607569722945e-07,-4.989085549442218e-08,0.9999999999996618
43,760000000,43.76,terrain_world,differential_drive_robot,1.9999964258314777,15.199999970065482,-4.433823484413313e-07,-4.104671596583352e-10,8.208607569722945e-07,-4.989085549442218e-08,0.9999999999996618
43,780000000,43.78,terrain_world,differential_drive_robot,1.9999964258314777,15.199999970065482,-4.433823484413313e-07,-4.104671596583352e-10,8.208607569722945e-07,-4.989085549442218e-08,0.9999999999996618
43,800000000,43.8,terrain_world,differential_drive_robot,1.9999964258314777,15.199999970065482,-4.433823484413313e-07,-4.104671596583352e-10,8.208607569722945e-07,-4.989085549442218e-08,0.9999999999996618
43,820000000,43.82,terrain_world,differential_drive_robot,1.9999964258314777,15.199999970065482,-4.433823484413313e-07,-4.104671596583352e-10,8.208607569722945e-07,-4.989085549442218e-08,0.9999999999996618
43,840000000,43.84,terrain_world,differential_drive_robot,1.9999964258314777,15.199999970065482,-4.433823484413313e-07,-4.104671596583352e-10,8.208607569722945e-07,-4.989085549442218e-08,0.9999999999996618
43,860000000,43.86,terrain_world,differential_drive_robot,1.9999964258314777,15.199999970065482,-4.433823484413313e-07,-4.104671596583352e-10,8.208607569722945e-07,-4.989085549442218e-08,0.9999999999996618
43,880000000,43.88,terrain_world,differential_drive_robot,1.9999964258314777,15.199999970065482,-4.433823484413313e-07,-4.104671596583352e-10,8.208607569722945e-07,-4.989085549442218e-08,0.9999999999996618
43,900000000,43.9,terrain_world,differential_drive_robot,1.9999964258314777,15.199999970065482,-4.433823484413313e-07,-4.104671596583352e-10,8.208607569722945e-07,-4.989085549442218e-08,0.9999999999996618
43,920000000,43.92,terrain_world,differential_drive_robot,1.9999964258314777,15.199999970065482,-4.433823484413313e-07,-4.104671596583352e-10,8.208607569722945e-07,-4.989085549442218e-08,0.9999999999996618
43,940000000,43.94,terrain_world,differential_drive_robot,1.9999964258314777,15.199999970065482,-4.433823484413313e-07,-4.104671596583352e-10,8.208607569722945e-07,-4.989085549442218e-08,0.9999999999996618
43,960000000,43.96,terrain_world,differential_drive_robot,1.9999964258314777,15.199999970065482,-4.433823484413313e-07,-4.104671596583352e-10,8.208607569722945e-07,-4.989085549442218e-08,0.9999999999996618
43,980000000,43.98,terrain_world,differential_drive_robot,1.9999964258314777,15.199999970065482,-4.433823484413313e-07,-4.104671596583352e-10,8.208607569722945e-07,-4.989085549442218e-08,0.9999999999996618
44,0,44.0,terrain_world,differential_drive_robot,1.9999964258314777,15.199999970065482,-4.433823484413313e-07,-4.104671596583352e-10,8.208607569722945e-07,-4.989085549442218e-08,0.9999999999996618
44,20000000,44.02,terrain_world,differential_drive_robot,1.9999964258314777,15.199999970065482,-4.433823484413313e-07,-4.104671596583352e-10,8.208607569722945e-07,-4.989085549442218e-08,0.9999999999996618
44,40000000,44.04,terrain_world,differential_drive_robot,1.9999964258314777,15.199999970065482,-4.433823484413313e-07,-4.104671596583352e-10,8.208607569722945e-07,-4.989085549442218e-08,0.9999999999996618
44,60000000,44.06,terrain_world,differential_drive_robot,1.9999964258314777,15.199999970065482,-4.433823484413313e-07,-4.104671596583352e-10,8.208607569722945e-07,-4.989085549442218e-08,0.9999999999996618
44,80000000,44.08,terrain_world,differential_drive_robot,1.9999964258314777,15.199999970065482,-4.433823484413313e-07,-4.104671596583352e-10,8.208607569722945e-07,-4.989085549442218e-08,0.9999999999996618
44,100000000,44.1,terrain_world,differential_drive_robot,1.9999964258314777,15.199999970065482,-4.433823484413313e-07,-4.104671596583352e-10,8.208607569722945e-07,-4.989085549442218e-08,0.9999999999996618
44,120000000,44.12,terrain_world,differential_drive_robot,1.9999964258314777,15.199999970065482,-4.433823484413313e-07,-4.104671596583352e-10,8.208607569722945e-07,-4.989085549442218e-08,0.9999999999996618
44,140000000,44.14,terrain_world,differential_drive_robot,1.9999964258314777,15.199999970065482,-4.433823484413313e-07,-4.104671596583352e-10,8.208607569722945e-07,-4.989085549442218e-08,0.9999999999996618
44,160000000,44.16,terrain_world,differential_drive_robot,1.9999964258314777,15.199999970065482,-4.433823484413313e-07,-4.104671596583352e-10,8.208607569722945e-07,-4.989085549442218e-08,0.9999999999996618
44,180000000,44.18,terrain_world,differential_drive_robot,1.9999964258314777,15.199999970065482,-4.433823484413313e-07,-4.104671596583352e-10,8.208607569722945e-07,-4.989085549442218e-08,0.9999999999996618
44,200000000,44.2,terrain_world,differential_drive_robot,1.9999964258314777,15.199999970065482,-4.433823484413313e-07,-4.104671596583352e-10,8.208607569722945e-07,-4.989085549442218e-08,0.9999999999996618
44,220000000,44.22,terrain_world,differential_drive_robot,1.9999964258314777,15.199999970065482,-4.433823484413313e-07,-4.104671596583352e-10,8.208607569722945e-07,-4.989085549442218e-08,0.9999999999996618
44,240000000,44.24,terrain_world,differential_drive_robot,1.9999964258314777,15.199999970065482,-4.433823484413313e-07,-4.104671596583352e-10,8.208607569722945e-07,-4.989085549442218e-08,0.9999999999996618
44,260000000,44.26,terrain_world,differential_drive_robot,1.9999964258314777,15.199999970065482,-4.433823484413313e-07,-4.104671596583352e-10,8.208607569722945e-07,-4.989085549442218e-08,0.9999999999996618
44,280000000,44.28,terrain_world,differential_drive_robot,1.9999964258314777,15.199999970065482,-4.433823484413313e-07,-4.104671596583352e-10,8.208607569722945e-07,-4.989085549442218e-08,0.9999999999996618
44,300000000,44.3,terrain_world,differential_drive_robot,1.9999964258314777,15.199999970065482,-4.433823484413313e-07,-4.104671596583352e-10,8.208607569722945e-07,-4.989085549442218e-08,0.9999999999996618
44,320000000,44.32,terrain_world,differential_drive_robot,1.9999964258314777,15.199999970065482,-4.433823484413313e-07,-4.104671596583352e-10,8.208607569722945e-07,-4.989085549442218e-08,0.9999999999996618
44,340000000,44.34,terrain_world,differential_drive_robot,1.9999964258314777,15.199999970065482,-4.433823484413313e-07,-4.104671596583352e-10,8.208607569722945e-07,-4.989085549442218e-08,0.9999999999996618
44,360000000,44.36,terrain_world,differential_drive_robot,1.9999964258314777,15.199999970065482,-4.433823484413313e-07,-4.104671596583352e-10,8.208607569722945e-07,-4.989085549442218e-08,0.9999999999996618
44,380000000,44.38,terrain_world,differential_drive_robot,1.9999964258314777,15.199999970065482,-4.433823484413313e-07,-4.104671596583352e-10,8.208607569722945e-07,-4.989085549442218e-08,0.9999999999996618
44,400000000,44.4,terrain_world,differential_drive_robot,1.9999964258314777,15.199999970065482,-4.433823484413313e-07,-4.104671596583352e-10,8.208607569722945e-07,-4.989085549442218e-08,0.9999999999996618
44,420000000,44.42,terrain_world,differential_drive_robot,1.9999964258314777,15.199999970065482,-4.433823484413313e-07,-4.104671596583352e-10,8.208607569722945e-07,-4.989085549442218e-08,0.9999999999996618
44,440000000,44.44,terrain_world,differential_drive_robot,1.9999964258314777,15.199999970065482,-4.433823484413313e-07,-4.104671596583352e-10,8.208607569722945e-07,-4.989085549442218e-08,0.9999999999996618
44,460000000,44.46,terrain_world,differential_drive_robot,1.9999964258314777,15.199999970065482,-4.433823484413313e-07,-4.104671596583352e-10,8.208607569722945e-07,-4.989085549442218e-08,0.9999999999996618
44,480000000,44.48,terrain_world,differential_drive_robot,1.9999964258314777,15.199999970065482,-4.433823484413313e-07,-4.104671596583352e-10,8.208607569722945e-07,-4.989085549442218e-08,0.9999999999996618
44,500000000,44.5,terrain_world,differential_drive_robot,1.9999964258314777,15.199999970065482,-4.433823484413313e-07,-4.104671596583352e-10,8.208607569722945e-07,-4.989085549442218e-08,0.9999999999996618
44,520000000,44.52,terrain_world,differential_drive_robot,1.9999964258314777,15.199999970065482,-4.433823484413313e-07,-4.104671596583352e-10,8.208607569722945e-07,-4.989085549442218e-08,0.9999999999996618
44,540000000,44.54,terrain_world,differential_drive_robot,1.9999964258314777,15.199999970065482,-4.433823484413313e-07,-4.104671596583352e-10,8.208607569722945e-07,-4.989085549442218e-08,0.9999999999996618
44,560000000,44.56,terrain_world,differential_drive_robot,1.9999964258314777,15.199999970065482,-4.433823484413313e-07,-4.104671596583352e-10,8.208607569722945e-07,-4.989085549442218e-08,0.9999999999996618
44,580000000,44.58,terrain_world,differential_drive_robot,1.9999964258314777,15.199999970065482,-4.433823484413313e-07,-4.104671596583352e-10,8.208607569722945e-07,-4.989085549442218e-08,0.9999999999996618
44,600000000,44.6,terrain_world,differential_drive_robot,1.9999964258314777,15.199999970065482,-4.433823484413313e-07,-4.104671596583352e-10,8.208607569722945e-07,-4.989085549442218e-08,0.9999999999996618
44,620000000,44.62,terrain_world,differential_drive_robot,1.9999964258314777,15.199999970065482,-4.433823484413313e-07,-4.104671596583352e-10,8.208607569722945e-07,-4.989085549442218e-08,0.9999999999996618
44,640000000,44.64,terrain_world,differential_drive_robot,1.9999964258314777,15.199999970065482,-4.433823484413313e-07,-4.104671596583352e-10,8.208607569722945e-07,-4.989085549442218e-08,0.9999999999996618
44,660000000,44.66,terrain_world,differential_drive_robot,1.9999964258314777,15.199999970065482,-4.433823484413313e-07,-4.104671596583352e-10,8.208607569722945e-07,-4.989085549442218e-08,0.9999999999996618
44,680000000,44.68,terrain_world,differential_drive_robot,1.9999964258314777,15.199999970065482,-4.433823484413313e-07,-4.104671596583352e-10,8.208607569722945e-07,-4.989085549442218e-08,0.9999999999996618
44,700000000,44.7,terrain_world,differential_drive_robot,1.9999964258314777,15.199999970065482,-4.433823484413313e-07,-4.104671596583352e-10,8.208607569722945e-07,-4.989085549442218e-08,0.9999999999996618
44,720000000,44.72,terrain_world,differential_drive_robot,1.9999964258314777,15.199999970065482,-4.433823484413313e-07,-4.104671596583352e-10,8.208607569722945e-07,-4.989085549442218e-08,0.9999999999996618
44,740000000,44.74,terrain_world,differential_drive_robot,1.9999964258314777,15.199999970065482,-4.433823484413313e-07,-4.104671596583352e-10,8.208607569722945e-07,-4.989085549442218e-08,0.9999999999996618
44,760000000,44.76,terrain_world,differential_drive_robot,1.9999964258314777,15.199999970065482,-4.433823484413313e-07,-4.104671596583352e-10,8.208607569722945e-07,-4.989085549442218e-08,0.9999999999996618
44,780000000,44.78,terrain_world,differential_drive_robot,1.9999964258314777,15.199999970065482,-4.433823484413313e-07,-4.104671596583352e-10,8.208607569722945e-07,-4.989085549442218e-08,0.9999999999996618
44,800000000,44.8,terrain_world,differential_drive_robot,1.9999964258314777,15.199999970065482,-4.433823484413313e-07,-4.104671596583352e-10,8.208607569722945e-07,-4.989085549442218e-08,0.9999999999996618
44,820000000,44.82,terrain_world,differential_drive_robot,1.9999964258314777,15.199999970065482,-4.433823484413313e-07,-4.104671596583352e-10,8.208607569722945e-07,-4.989085549442218e-08,0.9999999999996618
44,840000000,44.84,terrain_world,differential_drive_robot,1.9999964258314777,15.199999970065482,-4.433823484413313e-07,-4.104671596583352e-10,8.208607569722945e-07,-4.989085549442218e-08,0.9999999999996618
44,860000000,44.86,terrain_world,differential_drive_robot,1.9999964258314777,15.199999970065482,-4.433823484413313e-07,-4.104671596583352e-10,8.208607569722945e-07,-4.989085549442218e-08,0.9999999999996618
44,880000000,44.88,terrain_world,differential_drive_robot,1.9999964258314777,15.199999970065482,-4.433823484413313e-07,-4.104671596583352e-10,8.208607569722945e-07,-4.989085549442218e-08,0.9999999999996618
44,900000000,44.9,terrain_world,differential_drive_robot,1.9999964258314777,15.199999970065482,-4.433823484413313e-07,-4.104671596583352e-10,8.208607569722945e-07,-4.989085549442218e-08,0.9999999999996618
44,920000000,44.92,terrain_world,differential_drive_robot,1.9999964258314777,15.199999970065482,-4.433823484413313e-07,-4.104671596583352e-10,8.208607569722945e-07,-4.989085549442218e-08,0.9999999999996618
44,940000000,44.94,terrain_world,differential_drive_robot,1.9999964258314777,15.199999970065482,-4.433823484413313e-07,-4.104671596583352e-10,8.208607569722945e-07,-4.989085549442218e-08,0.9999999999996618
44,960000000,44.96,terrain_world,differential_drive_robot,1.9999964258314777,15.199999970065482,-4.433823484413313e-07,-4.104671596583352e-10,8.208607569722945e-07,-4.989085549442218e-08,0.9999999999996618
44,980000000,44.98,terrain_world,differential_drive_robot,1.9999964258314777,15.199999970065482,-4.433823484413313e-07,-4.104671596583352e-10,8.208607569722945e-07,-4.989085549442218e-08,0.9999999999996618
45,0,45.0,terrain_world,differential_drive_robot,1.9999964258314777,15.199999970065482,-4.433823484413313e-07,-4.104671596583352e-10,8.208607569722945e-07,-4.989085549442218e-08,0.9999999999996618
45,20000000,45.02,terrain_world,differential_drive_robot,1.9999964258314777,15.199999970065482,-4.433823484413313e-07,-4.104671596583352e-10,8.208607569722945e-07,-4.989085549442218e-08,0.9999999999996618
45,40000000,45.04,terrain_world,differential_drive_robot,1.9999964258314777,15.199999970065482,-4.433823484413313e-07,-4.104671596583352e-10,8.208607569722945e-07,-4.989085549442218e-08,0.9999999999996618
45,60000000,45.06,terrain_world,differential_drive_robot,1.9999964258314777,15.199999970065482,-4.433823484413313e-07,-4.104671596583352e-10,8.208607569722945e-07,-4.989085549442218e-08,0.9999999999996618
45,80000000,45.08,terrain_world,differential_drive_robot,1.9999964258314777,15.199999970065482,-4.433823484413313e-07,-4.104671596583352e-10,8.208607569722945e-07,-4.989085549442218e-08,0.9999999999996618
45,100000000,45.1,terrain_world,differential_drive_robot,1.9999964258314777,15.199999970065482,-4.433823484413313e-07,-4.104671596583352e-10,8.208607569722945e-07,-4.989085549442218e-08,0.9999999999996618
45,120000000,45.12,terrain_world,differential_drive_robot,1.9999964258314777,15.199999970065482,-4.433823484413313e-07,-4.104671596583352e-10,8.208607569722945e-07,-4.989085549442218e-08,0.9999999999996618
45,140000000,45.14,terrain_world,differential_drive_robot,1.9999964258314777,15.199999970065482,-4.433823484413313e-07,-4.104671596583352e-10,8.208607569722945e-07,-4.989085549442218e-08,0.9999999999996618
45,160000000,45.16,terrain_world,differential_drive_robot,1.9999964258314777,15.199999970065482,-4.433823484413313e-07,-4.104671596583352e-10,8.208607569722945e-07,-4.989085549442218e-08,0.9999999999996618
45,180000000,45.18,terrain_world,differential_drive_robot,1.9999964258314777,15.199999970065482,-4.433823484413313e-07,-4.104671596583352e-10,8.208607569722945e-07,-4.989085549442218e-08,0.9999999999996618
45,200000000,45.2,terrain_world,differential_drive_robot,1.9999964258314777,15.199999970065482,-4.433823484413313e-07,-4.104671596583352e-10,8.208607569722945e-07,-4.989085549442218e-08,0.9999999999996618
45,220000000,45.22,terrain_world,differential_drive_robot,1.9999964258314777,15.199999970065482,-4.433823484413313e-07,-4.104671596583352e-10,8.208607569722945e-07,-4.989085549442218e-08,0.9999999999996618
45,240000000,45.24,terrain_world,differential_drive_robot,1.9999964258314777,15.199999970065482,-4.433823484413313e-07,-4.104671596583352e-10,8.208607569722945e-07,-4.989085549442218e-08,0.9999999999996618
45,260000000,45.26,terrain_world,differential_drive_robot,1.9999964258314777,15.199999970065482,-4.433823484413313e-07,-4.104671596583352e-10,8.208607569722945e-07,-4.989085549442218e-08,0.9999999999996618
45,280000000,45.28,terrain_world,differential_drive_robot,1.9999964258314777,15.199999970065482,-4.433823484413313e-07,-4.104671596583352e-10,8.208607569722945e-07,-4.989085549442218e-08,0.9999999999996618
45,300000000,45.3,terrain_world,differential_drive_robot,1.9999964258314777,15.199999970065482,-4.433823484413313e-07,-4.104671596583352e-10,8.208607569722945e-07,-4.989085549442218e-08,0.9999999999996618
45,320000000,45.32,terrain_world,differential_drive_robot,1.9999964258314777,15.199999970065482,-4.433823484413313e-07,-4.104671596583352e-10,8.208607569722945e-07,-4.989085549442218e-08,0.9999999999996618
45,340000000,45.34,terrain_world,differential_drive_robot,1.9999964258314777,15.199999970065482,-4.433823484413313e-07,-4.104671596583352e-10,8.208607569722945e-07,-4.989085549442218e-08,0.9999999999996618
45,360000000,45.36,terrain_world,differential_drive_robot,1.9999964258314777,15.199999970065482,-4.433823484413313e-07,-4.104671596583352e-10,8.208607569722945e-07,-4.989085549442218e-08,0.9999999999996618
45,380000000,45.38,terrain_world,differential_drive_robot,1.9999964258314777,15.199999970065482,-4.433823484413313e-07,-4.104671596583352e-10,8.208607569722945e-07,-4.989085549442218e-08,0.9999999999996618
45,400000000,45.4,terrain_world,differential_drive_robot,1.9999964258314777,15.199999970065482,-4.433823484413313e-07,-4.104671596583352e-10,8.208607569722945e-07,-4.989085549442218e-08,0.9999999999996618
45,420000000,45.42,terrain_world,differential_drive_robot,1.9999964258314777,15.199999970065482,-4.433823484413313e-07,-4.104671596583352e-10,8.208607569722945e-07,-4.989085549442218e-08,0.9999999999996618
45,440000000,45.44,terrain_world,differential_drive_robot,1.9999964258314777,15.199999970065482,-4.433823484413313e-07,-4.104671596583352e-10,8.208607569722945e-07,-4.989085549442218e-08,0.9999999999996618
45,460000000,45.46,terrain_world,differential_drive_robot,1.9999964258314777,15.199999970065482,-4.433823484413313e-07,-4.104671596583352e-10,8.208607569722945e-07,-4.989085549442218e-08,0.9999999999996618
45,480000000,45.48,terrain_world,differential_drive_robot,1.9999964258314777,15.199999970065482,-4.433823484413313e-07,-4.104671596583352e-10,8.208607569722945e-07,-4.989085549442218e-08,0.9999999999996618
45,500000000,45.5,terrain_world,differential_drive_robot,1.9999964258314777,15.199999970065482,-4.433823484413313e-07,-4.104671596583352e-10,8.208607569722945e-07,-4.989085549442218e-08,0.9999999999996618
45,520000000,45.52,terrain_world,differential_drive_robot,1.9999964258314777,15.199999970065482,-4.433823484413313e-07,-4.104671596583352e-10,8.208607569722945e-07,-4.989085549442218e-08,0.9999999999996618
45,540000000,45.54,terrain_world,differential_drive_robot,1.9999964258314777,15.199999970065482,-4.433823484413313e-07,-4.104671596583352e-10,8.208607569722945e-07,-4.989085549442218e-08,0.9999999999996618
45,560000000,45.56,terrain_world,differential_drive_robot,1.9999964258314777,15.199999970065482,-4.433823484413313e-07,-4.104671596583352e-10,8.208607569722945e-07,-4.989085549442218e-08,0.9999999999996618
45,580000000,45.58,terrain_world,differential_drive_robot,1.9999964258314777,15.199999970065482,-4.433823484413313e-07,-4.104671596583352e-10,8.208607569722945e-07,-4.989085549442218e-08,0.9999999999996618
45,600000000,45.6,terrain_world,differential_drive_robot,1.9999964258314777,15.199999970065482,-4.433823484413313e-07,-4.104671596583352e-10,8.208607569722945e-07,-4.989085549442218e-08,0.9999999999996618
45,620000000,45.62,terrain_world,differential_drive_robot,1.9999964258314777,15.199999970065482,-4.433823484413313e-07,-4.104671596583352e-10,8.208607569722945e-07,-4.989085549442218e-08,0.9999999999996618
45,640000000,45.64,terrain_world,differential_drive_robot,1.9999964258314777,15.199999970065482,-4.433823484413313e-07,-4.104671596583352e-10,8.208607569722945e-07,-4.989085549442218e-08,0.9999999999996618
45,660000000,45.66,terrain_world,differential_drive_robot,1.9999964258314777,15.199999970065482,-4.433823484413313e-07,-4.104671596583352e-10,8.208607569722945e-07,-4.989085549442218e-08,0.9999999999996618
45,680000000,45.68,terrain_world,differential_drive_robot,1.9999964258314777,15.199999970065482,-4.433823484413313e-07,-4.104671596583352e-10,8.208607569722945e-07,-4.989085549442218e-08,0.9999999999996618
45,700000000,45.7,terrain_world,differential_drive_robot,1.9999964258314777,15.199999970065482,-4.433823484413313e-07,-4.104671596583352e-10,8.208607569722945e-07,-4.989085549442218e-08,0.9999999999996618
45,720000000,45.72,terrain_world,differential_drive_robot,1.9999964258314777,15.199999970065482,-4.433823484413313e-07,-4.104671596583352e-10,8.208607569722945e-07,-4.989085549442218e-08,0.9999999999996618
45,740000000,45.74,terrain_world,differential_drive_robot,1.9999964258314777,15.199999970065482,-4.433823484413313e-07,-4.104671596583352e-10,8.208607569722945e-07,-4.989085549442218e-08,0.9999999999996618
45,760000000,45.76,terrain_world,differential_drive_robot,1.9999964258314777,15.199999970065482,-4.433823484413313e-07,-4.104671596583352e-10,8.208607569722945e-07,-4.989085549442218e-08,0.9999999999996618
45,780000000,45.78,terrain_world,differential_drive_robot,1.9999964258314777,15.199999970065482,-4.433823484413313e-07,-4.104671596583352e-10,8.208607569722945e-07,-4.989085549442218e-08,0.9999999999996618
45,800000000,45.8,terrain_world,differential_drive_robot,1.9999964258314777,15.199999970065482,-4.433823484413313e-07,-4.104671596583352e-10,8.208607569722945e-07,-4.989085549442218e-08,0.9999999999996618
45,820000000,45.82,terrain_world,differential_drive_robot,1.9999964258314777,15.199999970065482,-4.433823484413313e-07,-4.104671596583352e-10,8.208607569722945e-07,-4.989085549442218e-08,0.9999999999996618
45,840000000,45.84,terrain_world,differential_drive_robot,1.9999964258314777,15.199999970065482,-4.433823484413313e-07,-4.104671596583352e-10,8.208607569722945e-07,-4.989085549442218e-08,0.9999999999996618
45,860000000,45.86,terrain_world,differential_drive_robot,1.9999964258314777,15.199999970065482,-4.433823484413313e-07,-4.104671596583352e-10,8.208607569722945e-07,-4.989085549442218e-08,0.9999999999996618
45,880000000,45.88,terrain_world,differential_drive_robot,1.9999964258314777,15.199999970065482,-4.433823484413313e-07,-4.104671596583352e-10,8.208607569722945e-07,-4.989085549442218e-08,0.9999999999996618
45,900000000,45.9,terrain_world,differential_drive_robot,1.9999964258314777,15.199999970065482,-4.433823484413313e-07,-4.104671596583352e-10,8.208607569722945e-07,-4.989085549442218e-08,0.9999999999996618
45,920000000,45.92,terrain_world,differential_drive_robot,1.9999964258314777,15.199999970065482,-4.433823484413313e-07,-4.104671596583352e-10,8.208607569722945e-07,-4.989085549442218e-08,0.9999999999996618
45,940000000,45.94,terrain_world,differential_drive_robot,1.9999964258314777,15.199999970065482,-4.433823484413313e-07,-4.104671596583352e-10,8.208607569722945e-07,-4.989085549442218e-08,0.9999999999996618
45,960000000,45.96,terrain_world,differential_drive_robot,1.9999964258314777,15.199999970065482,-4.433823484413313e-07,-4.104671596583352e-10,8.208607569722945e-07,-4.989085549442218e-08,0.9999999999996618
45,980000000,45.98,terrain_world,differential_drive_robot,1.9999964258314777,15.199999970065482,-4.433823484413313e-07,-4.104671596583352e-10,8.208607569722945e-07,-4.989085549442218e-08,0.9999999999996618
46,0,46.0,terrain_world,differential_drive_robot,1.9999964258314777,15.199999970065482,-4.433823484413313e-07,-4.104671596583352e-10,8.208607569722945e-07,-4.989085549442218e-08,0.9999999999996618
46,20000000,46.02,terrain_world,differential_drive_robot,1.9999964258314777,15.199999970065482,-4.433823484413313e-07,-4.104671596583352e-10,8.208607569722945e-07,-4.989085549442218e-08,0.9999999999996618
46,40000000,46.04,terrain_world,differential_drive_robot,1.9999964258314777,15.199999970065482,-4.433823484413313e-07,-4.104671596583352e-10,8.208607569722945e-07,-4.989085549442218e-08,0.9999999999996618
46,60000000,46.06,terrain_world,differential_drive_robot,1.9999964258314777,15.199999970065482,-4.433823484413313e-07,-4.104671596583352e-10,8.208607569722945e-07,-4.989085549442218e-08,0.9999999999996618
46,80000000,46.08,terrain_world,differential_drive_robot,1.9999964258314777,15.199999970065482,-4.433823484413313e-07,-4.104671596583352e-10,8.208607569722945e-07,-4.989085549442218e-08,0.9999999999996618
46,100000000,46.1,terrain_world,differential_drive_robot,1.9999964258314777,15.199999970065482,-4.433823484413313e-07,-4.104671596583352e-10,8.208607569722945e-07,-4.989085549442218e-08,0.9999999999996618
46,120000000,46.12,terrain_world,differential_drive_robot,1.9999964258314777,15.199999970065482,-4.433823484413313e-07,-4.104671596583352e-10,8.208607569722945e-07,-4.989085549442218e-08,0.9999999999996618
46,140000000,46.14,terrain_world,differential_drive_robot,1.9999964258314777,15.199999970065482,-4.433823484413313e-07,-4.104671596583352e-10,8.208607569722945e-07,-4.989085549442218e-08,0.9999999999996618
46,160000000,46.16,terrain_world,differential_drive_robot,1.9999964258314777,15.199999970065482,-4.433823484413313e-07,-4.104671596583352e-10,8.208607569722945e-07,-4.989085549442218e-08,0.9999999999996618
46,180000000,46.18,terrain_world,differential_drive_robot,1.9999964258314777,15.199999970065482,-4.433823484413313e-07,-4.104671596583352e-10,8.208607569722945e-07,-4.989085549442218e-08,0.9999999999996618
46,200000000,46.2,terrain_world,differential_drive_robot,1.9999964258314777,15.199999970065482,-4.433823484413313e-07,-4.104671596583352e-10,8.208607569722945e-07,-4.989085549442218e-08,0.9999999999996618
46,220000000,46.22,terrain_world,differential_drive_robot,1.9999964258314777,15.199999970065482,-4.433823484413313e-07,-4.104671596583352e-10,8.208607569722945e-07,-4.989085549442218e-08,0.9999999999996618
46,240000000,46.24,terrain_world,differential_drive_robot,1.9999964258314777,15.199999970065482,-4.433823484413313e-07,-4.104671596583352e-10,8.208607569722945e-07,-4.989085549442218e-08,0.9999999999996618
46,260000000,46.26,terrain_world,differential_drive_robot,1.9999964258314777,15.199999970065482,-4.433823484413313e-07,-4.104671596583352e-10,8.208607569722945e-07,-4.989085549442218e-08,0.9999999999996618
46,280000000,46.28,terrain_world,differential_drive_robot,1.9999964258314777,15.199999970065482,-4.433823484413313e-07,-4.104671596583352e-10,8.208607569722945e-07,-4.989085549442218e-08,0.9999999999996618
46,300000000,46.3,terrain_world,differential_drive_robot,1.9999964258314777,15.199999970065482,-4.433823484413313e-07,-4.104671596583352e-10,8.208607569722945e-07,-4.989085549442218e-08,0.9999999999996618
46,320000000,46.32,terrain_world,differential_drive_robot,1.9999964258314777,15.199999970065482,-4.433823484413313e-07,-4.104671596583352e-10,8.208607569722945e-07,-4.989085549442218e-08,0.9999999999996618
46,340000000,46.34,terrain_world,differential_drive_robot,1.9999964258314777,15.199999970065482,-4.433823484413313e-07,-4.104671596583352e-10,8.208607569722945e-07,-4.989085549442218e-08,0.9999999999996618
46,360000000,46.36,terrain_world,differential_drive_robot,1.9999964258314777,15.199999970065482,-4.433823484413313e-07,-4.104671596583352e-10,8.208607569722945e-07,-4.989085549442218e-08,0.9999999999996618
46,380000000,46.38,terrain_world,differential_drive_robot,1.9999964258314777,15.199999970065482,-4.433823484413313e-07,-4.104671596583352e-10,8.208607569722945e-07,-4.989085549442218e-08,0.9999999999996618
46,400000000,46.4,terrain_world,differential_drive_robot,1.9999964258314777,15.199999970065482,-4.433823484413313e-07,-4.104671596583352e-10,8.208607569722945e-07,-4.989085549442218e-08,0.9999999999996618
46,420000000,46.42,terrain_world,differential_drive_robot,1.9999964258314777,15.199999970065482,-4.433823484413313e-07,-4.104671596583352e-10,8.208607569722945e-07,-4.989085549442218e-08,0.9999999999996618
46,440000000,46.44,terrain_world,differential_drive_robot,1.9999964258314777,15.199999970065482,-4.433823484413313e-07,-4.104671596583352e-10,8.208607569722945e-07,-4.989085549442218e-08,0.9999999999996618
46,460000000,46.46,terrain_world,differential_drive_robot,1.9999964258314777,15.199999970065482,-4.433823484413313e-07,-4.104671596583352e-10,8.208607569722945e-07,-4.989085549442218e-08,0.9999999999996618
46,480000000,46.48,terrain_world,differential_drive_robot,1.9999964258314777,15.199999970065482,-4.433823484413313e-07,-4.104671596583352e-10,8.208607569722945e-07,-4.989085549442218e-08,0.9999999999996618
46,500000000,46.5,terrain_world,differential_drive_robot,1.9999964258314777,15.199999970065482,-4.433823484413313e-07,-4.104671596583352e-10,8.208607569722945e-07,-4.989085549442218e-08,0.9999999999996618
46,520000000,46.52,terrain_world,differential_drive_robot,1.9999964258314777,15.199999970065482,-4.433823484413313e-07,-4.104671596583352e-10,8.208607569722945e-07,-4.989085549442218e-08,0.9999999999996618
46,540000000,46.54,terrain_world,differential_drive_robot,1.9999964258314777,15.199999970065482,-4.433823484413313e-07,-4.104671596583352e-10,8.208607569722945e-07,-4.989085549442218e-08,0.9999999999996618
46,560000000,46.56,terrain_world,differential_drive_robot,1.9999964258314777,15.199999970065482,-4.433823484413313e-07,-4.104671596583352e-10,8.208607569722945e-07,-4.989085549442218e-08,0.9999999999996618
46,580000000,46.58,terrain_world,differential_drive_robot,1.9999964258314777,15.199999970065482,-4.433823484413313e-07,-4.104671596583352e-10,8.208607569722945e-07,-4.989085549442218e-08,0.9999999999996618
46,600000000,46.6,terrain_world,differential_drive_robot,1.9999964258314777,15.199999970065482,-4.433823484413313e-07,-4.104671596583352e-10,8.208607569722945e-07,-4.989085549442218e-08,0.9999999999996618
46,620000000,46.62,terrain_world,differential_drive_robot,1.9999964258314777,15.199999970065482,-4.433823484413313e-07,-4.104671596583352e-10,8.208607569722945e-07,-4.989085549442218e-08,0.9999999999996618
46,640000000,46.64,terrain_world,differential_drive_robot,1.9999964258314777,15.199999970065482,-4.433823484413313e-07,-4.104671596583352e-10,8.208607569722945e-07,-4.989085549442218e-08,0.9999999999996618
46,660000000,46.66,terrain_world,differential_drive_robot,1.9999964258314777,15.199999970065482,-4.433823484413313e-07,-4.104671596583352e-10,8.208607569722945e-07,-4.989085549442218e-08,0.9999999999996618
46,680000000,46.68,terrain_world,differential_drive_robot,1.9999964258314777,15.199999970065482,-4.433823484413313e-07,-4.104671596583352e-10,8.208607569722945e-07,-4.989085549442218e-08,0.9999999999996618
46,700000000,46.7,terrain_world,differential_drive_robot,1.9999964258314777,15.199999970065482,-4.433823484413313e-07,-4.104671596583352e-10,8.208607569722945e-07,-4.989085549442218e-08,0.9999999999996618
46,720000000,46.72,terrain_world,differential_drive_robot,1.9999964258314777,15.199999970065482,-4.433823484413313e-07,-4.104671596583352e-10,8.208607569722945e-07,-4.989085549442218e-08,0.9999999999996618
46,740000000,46.74,terrain_world,differential_drive_robot,1.9999964258314777,15.199999970065482,-4.433823484413313e-07,-4.104671596583352e-10,8.208607569722945e-07,-4.989085549442218e-08,0.9999999999996618
46,760000000,46.76,terrain_world,differential_drive_robot,1.9999964258314777,15.199999970065482,-4.433823484413313e-07,-4.104671596583352e-10,8.208607569722945e-07,-4.989085549442218e-08,0.9999999999996618
46,780000000,46.78,terrain_world,differential_drive_robot,1.9999964258314777,15.199999970065482,-4.433823484413313e-07,-4.104671596583352e-10,8.208607569722945e-07,-4.989085549442218e-08,0.9999999999996618
46,800000000,46.8,terrain_world,differential_drive_robot,1.9999964258314777,15.199999970065482,-4.433823484413313e-07,-4.104671596583352e-10,8.208607569722945e-07,-4.989085549442218e-08,0.9999999999996618
46,820000000,46.82,terrain_world,differential_drive_robot,1.9999964258314777,15.199999970065482,-4.433823484413313e-07,-4.104671596583352e-10,8.208607569722945e-07,-4.989085549442218e-08,0.9999999999996618
46,840000000,46.84,terrain_world,differential_drive_robot,1.9999964258314777,15.199999970065482,-4.433823484413313e-07,-4.104671596583352e-10,8.208607569722945e-07,-4.989085549442218e-08,0.9999999999996618
46,860000000,46.86,terrain_world,differential_drive_robot,1.9999964258314777,15.199999970065482,-4.433823484413313e-07,-4.104671596583352e-10,8.208607569722945e-07,-4.989085549442218e-08,0.9999999999996618
46,880000000,46.88,terrain_world,differential_drive_robot,1.9999964258314777,15.199999970065482,-4.433823484413313e-07,-4.104671596583352e-10,8.208607569722945e-07,-4.989085549442218e-08,0.9999999999996618
46,900000000,46.9,terrain_world,differential_drive_robot,1.9999964258314777,15.199999970065482,-4.433823484413313e-07,-4.104671596583352e-10,8.208607569722945e-07,-4.989085549442218e-08,0.9999999999996618
46,920000000,46.92,terrain_world,differential_drive_robot,1.9999964258314777,15.199999970065482,-4.433823484413313e-07,-4.104671596583352e-10,8.208607569722945e-07,-4.989085549442218e-08,0.9999999999996618
46,940000000,46.94,terrain_world,differential_drive_robot,1.9999964258314777,15.199999970065482,-4.433823484413313e-07,-4.104671596583352e-10,8.208607569722945e-07,-4.989085549442218e-08,0.9999999999996618
46,960000000,46.96,terrain_world,differential_drive_robot,1.9999964258314777,15.199999970065482,-4.433823484413313e-07,-4.104671596583352e-10,8.208607569722945e-07,-4.989085549442218e-08,0.9999999999996618
46,980000000,46.98,terrain_world,differential_drive_robot,1.9999964258314777,15.199999970065482,-4.433823484413313e-07,-4.104671596583352e-10,8.208607569722945e-07,-4.989085549442218e-08,0.9999999999996618
47,0,47.0,terrain_world,differential_drive_robot,1.9999964258314777,15.199999970065482,-4.433823484413313e-07,-4.104671596583352e-10,8.208607569722945e-07,-4.989085549442218e-08,0.9999999999996618
47,20000000,47.02,terrain_world,differential_drive_robot,1.9999964258314777,15.199999970065482,-4.433823484413313e-07,-4.104671596583352e-10,8.208607569722945e-07,-4.989085549442218e-08,0.9999999999996618
47,40000000,47.04,terrain_world,differential_drive_robot,1.9999964258314777,15.199999970065482,-4.433823484413313e-07,-4.104671596583352e-10,8.208607569722945e-07,-4.989085549442218e-08,0.9999999999996618
47,60000000,47.06,terrain_world,differential_drive_robot,1.9999964258314777,15.199999970065482,-4.433823484413313e-07,-4.104671596583352e-10,8.208607569722945e-07,-4.989085549442218e-08,0.9999999999996618
47,80000000,47.08,terrain_world,differential_drive_robot,1.9999964258314777,15.199999970065482,-4.433823484413313e-07,-4.104671596583352e-10,8.208607569722945e-07,-4.989085549442218e-08,0.9999999999996618
47,100000000,47.1,terrain_world,differential_drive_robot,1.9999964258314777,15.199999970065482,-4.433823484413313e-07,-4.104671596583352e-10,8.208607569722945e-07,-4.989085549442218e-08,0.9999999999996618
47,120000000,47.12,terrain_world,differential_drive_robot,1.9999964258314777,15.199999970065482,-4.433823484413313e-07,-4.104671596583352e-10,8.208607569722945e-07,-4.989085549442218e-08,0.9999999999996618
47,140000000,47.14,terrain_world,differential_drive_robot,1.9999964258314777,15.199999970065482,-4.433823484413313e-07,-4.104671596583352e-10,8.208607569722945e-07,-4.989085549442218e-08,0.9999999999996618
47,160000000,47.16,terrain_world,differential_drive_robot,1.9999964258314777,15.199999970065482,-4.433823484413313e-07,-4.104671596583352e-10,8.208607569722945e-07,-4.989085549442218e-08,0.9999999999996618
47,180000000,47.18,terrain_world,differential_drive_robot,1.9999964258314777,15.199999970065482,-4.433823484413313e-07,-4.104671596583352e-10,8.208607569722945e-07,-4.989085549442218e-08,0.9999999999996618
47,200000000,47.2,terrain_world,differential_drive_robot,1.9999964258314777,15.199999970065482,-4.433823484413313e-07,-4.104671596583352e-10,8.208607569722945e-07,-4.989085549442218e-08,0.9999999999996618
47,220000000,47.22,terrain_world,differential_drive_robot,1.9999964258314777,15.199999970065482,-4.433823484413313e-07,-4.104671596583352e-10,8.208607569722945e-07,-4.989085549442218e-08,0.9999999999996618
47,240000000,47.24,terrain_world,differential_drive_robot,1.9999964258314777,15.199999970065482,-4.433823484413313e-07,-4.104671596583352e-10,8.208607569722945e-07,-4.989085549442218e-08,0.9999999999996618
47,260000000,47.26,terrain_world,differential_drive_robot,1.9999964258314777,15.199999970065482,-4.433823484413313e-07,-4.104671596583352e-10,8.208607569722945e-07,-4.989085549442218e-08,0.9999999999996618
47,280000000,47.28,terrain_world,differential_drive_robot,1.9999964258314777,15.199999970065482,-4.433823484413313e-07,-4.104671596583352e-10,8.208607569722945e-07,-4.989085549442218e-08,0.9999999999996618
47,300000000,47.3,terrain_world,differential_drive_robot,1.9999964258314777,15.199999970065482,-4.433823484413313e-07,-4.104671596583352e-10,8.208607569722945e-07,-4.989085549442218e-08,0.9999999999996618
47,320000000,47.32,terrain_world,differential_drive_robot,1.9999964258314777,15.199999970065482,-4.433823484413313e-07,-4.104671596583352e-10,8.208607569722945e-07,-4.989085549442218e-08,0.9999999999996618
47,340000000,47.34,terrain_world,differential_drive_robot,1.9999964258314777,15.199999970065482,-4.433823484413313e-07,-4.104671596583352e-10,8.208607569722945e-07,-4.989085549442218e-08,0.9999999999996618
47,360000000,47.36,terrain_world,differential_drive_robot,1.9999964258314777,15.199999970065482,-4.433823484413313e-07,-4.104671596583352e-10,8.208607569722945e-07,-4.989085549442218e-08,0.9999999999996618
47,380000000,47.38,terrain_world,differential_drive_robot,1.9999964258314777,15.199999970065482,-4.433823484413313e-07,-4.104671596583352e-10,8.208607569722945e-07,-4.989085549442218e-08,0.9999999999996618
47,400000000,47.4,terrain_world,differential_drive_robot,1.9999964258314777,15.199999970065482,-4.433823484413313e-07,-4.104671596583352e-10,8.208607569722945e-07,-4.989085549442218e-08,0.9999999999996618
47,420000000,47.42,terrain_world,differential_drive_robot,1.9999964258314777,15.199999970065482,-4.433823484413313e-07,-4.104671596583352e-10,8.208607569722945e-07,-4.989085549442218e-08,0.9999999999996618
47,440000000,47.44,terrain_world,differential_drive_robot,1.9999964258314777,15.199999970065482,-4.433823484413313e-07,-4.104671596583352e-10,8.208607569722945e-07,-4.989085549442218e-08,0.9999999999996618
47,460000000,47.46,terrain_world,differential_drive_robot,1.9999964258314777,15.199999970065482,-4.433823484413313e-07,-4.104671596583352e-10,8.208607569722945e-07,-4.989085549442218e-08,0.9999999999996618
47,480000000,47.48,terrain_world,differential_drive_robot,1.9999964258314777,15.199999970065482,-4.433823484413313e-07,-4.104671596583352e-10,8.208607569722945e-07,-4.989085549442218e-08,0.9999999999996618
47,500000000,47.5,terrain_world,differential_drive_robot,1.9999964258314777,15.199999970065482,-4.433823484413313e-07,-4.104671596583352e-10,8.208607569722945e-07,-4.989085549442218e-08,0.9999999999996618
47,520000000,47.52,terrain_world,differential_drive_robot,1.9999964258314777,15.199999970065482,-4.433823484413313e-07,-4.104671596583352e-10,8.208607569722945e-07,-4.989085549442218e-08,0.9999999999996618
47,540000000,47.54,terrain_world,differential_drive_robot,1.9999964258314777,15.199999970065482,-4.433823484413313e-07,-4.104671596583352e-10,8.208607569722945e-07,-4.989085549442218e-08,0.9999999999996618
47,560000000,47.56,terrain_world,differential_drive_robot,1.9999964258314777,15.199999970065482,-4.433823484413313e-07,-4.104671596583352e-10,8.208607569722945e-07,-4.989085549442218e-08,0.9999999999996618
47,580000000,47.58,terrain_world,differential_drive_robot,1.9999964258314777,15.199999970065482,-4.433823484413313e-07,-4.104671596583352e-10,8.208607569722945e-07,-4.989085549442218e-08,0.9999999999996618
47,600000000,47.6,terrain_world,differential_drive_robot,1.9999964258314777,15.199999970065482,-4.433823484413313e-07,-4.104671596583352e-10,8.208607569722945e-07,-4.989085549442218e-08,0.9999999999996618
47,620000000,47.62,terrain_world,differential_drive_robot,1.9999964258314777,15.199999970065482,-4.433823484413313e-07,-4.104671596583352e-10,8.208607569722945e-07,-4.989085549442218e-08,0.9999999999996618
47,640000000,47.64,terrain_world,differential_drive_robot,1.9999964258314777,15.199999970065482,-4.433823484413313e-07,-4.104671596583352e-10,8.208607569722945e-07,-4.989085549442218e-08,0.9999999999996618
47,660000000,47.66,terrain_world,differential_drive_robot,1.9999964258314777,15.199999970065482,-4.433823484413313e-07,-4.104671596583352e-10,8.208607569722945e-07,-4.989085549442218e-08,0.9999999999996618
47,680000000,47.68,terrain_world,differential_drive_robot,1.9999964258314777,15.199999970065482,-4.433823484413313e-07,-4.104671596583352e-10,8.208607569722945e-07,-4.989085549442218e-08,0.9999999999996618
47,700000000,47.7,terrain_world,differential_drive_robot,1.9999964258314777,15.199999970065482,-4.433823484413313e-07,-4.104671596583352e-10,8.208607569722945e-07,-4.989085549442218e-08,0.9999999999996618
47,720000000,47.72,terrain_world,differential_drive_robot,1.9999964258314777,15.199999970065482,-4.433823484413313e-07,-4.104671596583352e-10,8.208607569722945e-07,-4.989085549442218e-08,0.9999999999996618
47,740000000,47.74,terrain_world,differential_drive_robot,1.9999964258314777,15.199999970065482,-4.433823484413313e-07,-4.104671596583352e-10,8.208607569722945e-07,-4.989085549442218e-08,0.9999999999996618
47,760000000,47.76,terrain_world,differential_drive_robot,1.9999964258314777,15.199999970065482,-4.433823484413313e-07,-4.104671596583352e-10,8.208607569722945e-07,-4.989085549442218e-08,0.9999999999996618
47,780000000,47.78,terrain_world,differential_drive_robot,1.9999964258314777,15.199999970065482,-4.433823484413313e-07,-4.104671596583352e-10,8.208607569722945e-07,-4.989085549442218e-08,0.9999999999996618
47,800000000,47.8,terrain_world,differential_drive_robot,1.9999964258314777,15.199999970065482,-4.433823484413313e-07,-4.104671596583352e-10,8.208607569722945e-07,-4.989085549442218e-08,0.9999999999996618
47,820000000,47.82,terrain_world,differential_drive_robot,1.9999964258314777,15.199999970065482,-4.433823484413313e-07,-4.104671596583352e-10,8.208607569722945e-07,-4.989085549442218e-08,0.9999999999996618
47,840000000,47.84,terrain_world,differential_drive_robot,1.9999964258314777,15.199999970065482,-4.433823484413313e-07,-4.104671596583352e-10,8.208607569722945e-07,-4.989085549442218e-08,0.9999999999996618
47,860000000,47.86,terrain_world,differential_drive_robot,1.9999964258314777,15.199999970065482,-4.433823484413313e-07,-4.104671596583352e-10,8.208607569722945e-07,-4.989085549442218e-08,0.9999999999996618
47,880000000,47.88,terrain_world,differential_drive_robot,1.9999964258314777,15.199999970065482,-4.433823484413313e-07,-4.104671596583352e-10,8.208607569722945e-07,-4.989085549442218e-08,0.9999999999996618
47,900000000,47.9,terrain_world,differential_drive_robot,1.9999964258314777,15.199999970065482,-4.433823484413313e-07,-4.104671596583352e-10,8.208607569722945e-07,-4.989085549442218e-08,0.9999999999996618
47,920000000,47.92,terrain_world,differential_drive_robot,1.9999964258314777,15.199999970065482,-4.433823484413313e-07,-4.104671596583352e-10,8.208607569722945e-07,-4.989085549442218e-08,0.9999999999996618
47,940000000,47.94,terrain_world,differential_drive_robot,1.9999964258314777,15.199999970065482,-4.433823484413313e-07,-4.104671596583352e-10,8.208607569722945e-07,-4.989085549442218e-08,0.9999999999996618
47,960000000,47.96,terrain_world,differential_drive_robot,1.9999964258314777,15.199999970065482,-4.433823484413313e-07,-4.104671596583352e-10,8.208607569722945e-07,-4.989085549442218e-08,0.9999999999996618
47,980000000,47.98,terrain_world,differential_drive_robot,1.9999964258314777,15.199999970065482,-4.433823484413313e-07,-4.104671596583352e-10,8.208607569722945e-07,-4.989085549442218e-08,0.9999999999996618
48,0,48.0,terrain_world,differential_drive_robot,1.9999964258314777,15.199999970065482,-4.433823484413313e-07,-4.104671596583352e-10,8.208607569722945e-07,-4.989085549442218e-08,0.9999999999996618
48,20000000,48.02,terrain_world,differential_drive_robot,1.9999964258314777,15.199999970065482,-4.433823484413313e-07,-4.104671596583352e-10,8.208607569722945e-07,-4.989085549442218e-08,0.9999999999996618
48,40000000,48.04,terrain_world,differential_drive_robot,1.9999964258314777,15.199999970065482,-4.433823484413313e-07,-4.104671596583352e-10,8.208607569722945e-07,-4.989085549442218e-08,0.9999999999996618
48,60000000,48.06,terrain_world,differential_drive_robot,1.9999964258314777,15.199999970065482,-4.433823484413313e-07,-4.104671596583352e-10,8.208607569722945e-07,-4.989085549442218e-08,0.9999999999996618
48,80000000,48.08,terrain_world,differential_drive_robot,1.9999964258314777,15.199999970065482,-4.433823484413313e-07,-4.104671596583352e-10,8.208607569722945e-07,-4.989085549442218e-08,0.9999999999996618
48,100000000,48.1,terrain_world,differential_drive_robot,1.9999964258314777,15.199999970065482,-4.433823484413313e-07,-4.104671596583352e-10,8.208607569722945e-07,-4.989085549442218e-08,0.9999999999996618
48,120000000,48.12,terrain_world,differential_drive_robot,1.9999964258314777,15.199999970065482,-4.433823484413313e-07,-4.104671596583352e-10,8.208607569722945e-07,-4.989085549442218e-08,0.9999999999996618
48,140000000,48.14,terrain_world,differential_drive_robot,1.9999964258314777,15.199999970065482,-4.433823484413313e-07,-4.104671596583352e-10,8.208607569722945e-07,-4.989085549442218e-08,0.9999999999996618
48,160000000,48.16,terrain_world,differential_drive_robot,1.9999964258314777,15.199999970065482,-4.433823484413313e-07,-4.104671596583352e-10,8.208607569722945e-07,-4.989085549442218e-08,0.9999999999996618
48,180000000,48.18,terrain_world,differential_drive_robot,1.9999964258314777,15.199999970065482,-4.433823484413313e-07,-4.104671596583352e-10,8.208607569722945e-07,-4.989085549442218e-08,0.9999999999996618
48,200000000,48.2,terrain_world,differential_drive_robot,1.9999964258314777,15.199999970065482,-4.433823484413313e-07,-4.104671596583352e-10,8.208607569722945e-07,-4.989085549442218e-08,0.9999999999996618
48,220000000,48.22,terrain_world,differential_drive_robot,1.9999964258314777,15.199999970065482,-4.433823484413313e-07,-4.104671596583352e-10,8.208607569722945e-07,-4.989085549442218e-08,0.9999999999996618
48,240000000,48.24,terrain_world,differential_drive_robot,1.9999964258314777,15.199999970065482,-4.433823484413313e-07,-4.104671596583352e-10,8.208607569722945e-07,-4.989085549442218e-08,0.9999999999996618
48,260000000,48.26,terrain_world,differential_drive_robot,1.9999964258314777,15.199999970065482,-4.433823484413313e-07,-4.104671596583352e-10,8.208607569722945e-07,-4.989085549442218e-08,0.9999999999996618
48,280000000,48.28,terrain_world,differential_drive_robot,1.9999964258314777,15.199999970065482,-4.433823484413313e-07,-4.104671596583352e-10,8.208607569722945e-07,-4.989085549442218e-08,0.9999999999996618
48,300000000,48.3,terrain_world,differential_drive_robot,1.9999964258314777,15.199999970065482,-4.433823484413313e-07,-4.104671596583352e-10,8.208607569722945e-07,-4.989085549442218e-08,0.9999999999996618
48,320000000,48.32,terrain_world,differential_drive_robot,1.9999964258314777,15.199999970065482,-4.433823484413313e-07,-4.104671596583352e-10,8.208607569722945e-07,-4.989085549442218e-08,0.9999999999996618
48,340000000,48.34,terrain_world,differential_drive_robot,1.9999964258314777,15.199999970065482,-4.433823484413313e-07,-4.104671596583352e-10,8.208607569722945e-07,-4.989085549442218e-08,0.9999999999996618
48,360000000,48.36,terrain_world,differential_drive_robot,1.9999964258314777,15.199999970065482,-4.433823484413313e-07,-4.104671596583352e-10,8.208607569722945e-07,-4.989085549442218e-08,0.9999999999996618
48,380000000,48.38,terrain_world,differential_drive_robot,1.9999964258314777,15.199999970065482,-4.433823484413313e-07,-4.104671596583352e-10,8.208607569722945e-07,-4.989085549442218e-08,0.9999999999996618
48,400000000,48.4,terrain_world,differential_drive_robot,1.9999964258314777,15.199999970065482,-4.433823484413313e-07,-4.104671596583352e-10,8.208607569722945e-07,-4.989085549442218e-08,0.9999999999996618
48,420000000,48.42,terrain_world,differential_drive_robot,1.9999964258314777,15.199999970065482,-4.433823484413313e-07,-4.104671596583352e-10,8.208607569722945e-07,-4.989085549442218e-08,0.9999999999996618
48,440000000,48.44,terrain_world,differential_drive_robot,1.9999964258314777,15.199999970065482,-4.433823484413313e-07,-4.104671596583352e-10,8.208607569722945e-07,-4.989085549442218e-08,0.9999999999996618
48,460000000,48.46,terrain_world,differential_drive_robot,1.9999964258314777,15.199999970065482,-4.433823484413313e-07,-4.104671596583352e-10,8.208607569722945e-07,-4.989085549442218e-08,0.9999999999996618
48,480000000,48.48,terrain_world,differential_drive_robot,1.9999964258314777,15.199999970065482,-4.433823484413313e-07,-4.104671596583352e-10,8.208607569722945e-07,-4.989085549442218e-08,0.9999999999996618
48,500000000,48.5,terrain_world,differential_drive_robot,1.9999964258314777,15.199999970065482,-4.433823484413313e-07,-4.104671596583352e-10,8.208607569722945e-07,-4.989085549442218e-08,0.9999999999996618
48,520000000,48.52,terrain_world,differential_drive_robot,1.9999964258314777,15.199999970065482,-4.433823484413313e-07,-4.104671596583352e-10,8.208607569722945e-07,-4.989085549442218e-08,0.9999999999996618
48,540000000,48.54,terrain_world,differential_drive_robot,1.9999964258314777,15.199999970065482,-4.433823484413313e-07,-4.104671596583352e-10,8.208607569722945e-07,-4.989085549442218e-08,0.9999999999996618
48,560000000,48.56,terrain_world,differential_drive_robot,1.9999964258314777,15.199999970065482,-4.433823484413313e-07,-4.104671596583352e-10,8.208607569722945e-07,-4.989085549442218e-08,0.9999999999996618
48,580000000,48.58,terrain_world,differential_drive_robot,1.9999964258314777,15.199999970065482,-4.433823484413313e-07,-4.104671596583352e-10,8.208607569722945e-07,-4.989085549442218e-08,0.9999999999996618
48,600000000,48.6,terrain_world,differential_drive_robot,1.9999964258314777,15.199999970065482,-4.433823484413313e-07,-4.104671596583352e-10,8.208607569722945e-07,-4.989085549442218e-08,0.9999999999996618
48,620000000,48.62,terrain_world,differential_drive_robot,1.9999964258314777,15.199999970065482,-4.433823484413313e-07,-4.104671596583352e-10,8.208607569722945e-07,-4.989085549442218e-08,0.9999999999996618
48,640000000,48.64,terrain_world,differential_drive_robot,1.9999964258314777,15.199999970065482,-4.433823484413313e-07,-4.104671596583352e-10,8.208607569722945e-07,-4.989085549442218e-08,0.9999999999996618
48,660000000,48.66,terrain_world,differential_drive_robot,1.9999964258314777,15.199999970065482,-4.433823484413313e-07,-4.104671596583352e-10,8.208607569722945e-07,-4.989085549442218e-08,0.9999999999996618
48,680000000,48.68,terrain_world,differential_drive_robot,1.9999964258314777,15.199999970065482,-4.433823484413313e-07,-4.104671596583352e-10,8.208607569722945e-07,-4.989085549442218e-08,0.9999999999996618
48,700000000,48.7,terrain_world,differential_drive_robot,1.9999964258314777,15.199999970065482,-4.433823484413313e-07,-4.104671596583352e-10,8.208607569722945e-07,-4.989085549442218e-08,0.9999999999996618
48,720000000,48.72,terrain_world,differential_drive_robot,1.9999964258314777,15.199999970065482,-4.433823484413313e-07,-4.104671596583352e-10,8.208607569722945e-07,-4.989085549442218e-08,0.9999999999996618
48,740000000,48.74,terrain_world,differential_drive_robot,1.9999964258314777,15.199999970065482,-4.433823484413313e-07,-4.104671596583352e-10,8.208607569722945e-07,-4.989085549442218e-08,0.9999999999996618
48,760000000,48.76,terrain_world,differential_drive_robot,1.9999964258314777,15.199999970065482,-4.433823484413313e-07,-4.104671596583352e-10,8.208607569722945e-07,-4.989085549442218e-08,0.9999999999996618
48,780000000,48.78,terrain_world,differential_drive_robot,1.9999964258314777,15.199999970065482,-4.433823484413313e-07,-4.104671596583352e-10,8.208607569722945e-07,-4.989085549442218e-08,0.9999999999996618
48,800000000,48.8,terrain_world,differential_drive_robot,1.9999964258314777,15.199999970065482,-4.433823484413313e-07,-4.104671596583352e-10,8.208607569722945e-07,-4.989085549442218e-08,0.9999999999996618
48,820000000,48.82,terrain_world,differential_drive_robot,1.9999964258314777,15.199999970065482,-4.433823484413313e-07,-4.104671596583352e-10,8.208607569722945e-07,-4.989085549442218e-08,0.9999999999996618
48,840000000,48.84,terrain_world,differential_drive_robot,1.9999964258314777,15.199999970065482,-4.433823484413313e-07,-4.104671596583352e-10,8.208607569722945e-07,-4.989085549442218e-08,0.9999999999996618
48,860000000,48.86,terrain_world,differential_drive_robot,1.9999964258314777,15.199999970065482,-4.433823484413313e-07,-4.104671596583352e-10,8.208607569722945e-07,-4.989085549442218e-08,0.9999999999996618
48,880000000,48.88,terrain_world,differential_drive_robot,1.9999964258314777,15.199999970065482,-4.433823484413313e-07,-4.104671596583352e-10,8.208607569722945e-07,-4.989085549442218e-08,0.9999999999996618
48,900000000,48.9,terrain_world,differential_drive_robot,1.9999964258314777,15.199999970065482,-4.433823484413313e-07,-4.104671596583352e-10,8.208607569722945e-07,-4.989085549442218e-08,0.9999999999996618
48,920000000,48.92,terrain_world,differential_drive_robot,1.9999964258314777,15.199999970065482,-4.433823484413313e-07,-4.104671596583352e-10,8.208607569722945e-07,-4.989085549442218e-08,0.9999999999996618
48,940000000,48.94,terrain_world,differential_drive_robot,1.9999964258314777,15.199999970065482,-4.433823484413313e-07,-4.104671596583352e-10,8.208607569722945e-07,-4.989085549442218e-08,0.9999999999996618
48,960000000,48.96,terrain_world,differential_drive_robot,1.9999964258314777,15.199999970065482,-4.433823484413313e-07,-4.104671596583352e-10,8.208607569722945e-07,-4.989085549442218e-08,0.9999999999996618
48,980000000,48.98,terrain_world,differential_drive_robot,1.9999964258314777,15.199999970065482,-4.433823484413313e-07,-4.104671596583352e-10,8.208607569722945e-07,-4.989085549442218e-08,0.9999999999996618
49,0,49.0,terrain_world,differential_drive_robot,1.9999964258314777,15.199999970065482,-4.433823484413313e-07,-4.104671596583352e-10,8.208607569722945e-07,-4.989085549442218e-08,0.9999999999996618
49,20000000,49.02,terrain_world,differential_drive_robot,1.9999964258314777,15.199999970065482,-4.433823484413313e-07,-4.104671596583352e-10,8.208607569722945e-07,-4.989085549442218e-08,0.9999999999996618
49,40000000,49.04,terrain_world,differential_drive_robot,1.9999964258314777,15.199999970065482,-4.433823484413313e-07,-4.104671596583352e-10,8.208607569722945e-07,-4.989085549442218e-08,0.9999999999996618
49,60000000,49.06,terrain_world,differential_drive_robot,1.9999964258314777,15.199999970065482,-4.433823484413313e-07,-4.104671596583352e-10,8.208607569722945e-07,-4.989085549442218e-08,0.9999999999996618
49,80000000,49.08,terrain_world,differential_drive_robot,1.9999964258314777,15.199999970065482,-4.433823484413313e-07,-4.104671596583352e-10,8.208607569722945e-07,-4.989085549442218e-08,0.9999999999996618
49,100000000,49.1,terrain_world,differential_drive_robot,1.9999964258314777,15.199999970065482,-4.433823484413313e-07,-4.104671596583352e-10,8.208607569722945e-07,-4.989085549442218e-08,0.9999999999996618
49,120000000,49.12,terrain_world,differential_drive_robot,1.9999964258314777,15.199999970065482,-4.433823484413313e-07,-4.104671596583352e-10,8.208607569722945e-07,-4.989085549442218e-08,0.9999999999996618
49,140000000,49.14,terrain_world,differential_drive_robot,1.9999964258314777,15.199999970065482,-4.433823484413313e-07,-4.104671596583352e-10,8.208607569722945e-07,-4.989085549442218e-08,0.9999999999996618
49,160000000,49.16,terrain_world,differential_drive_robot,1.9999964258314777,15.199999970065482,-4.433823484413313e-07,-4.104671596583352e-10,8.208607569722945e-07,-4.989085549442218e-08,0.9999999999996618
49,180000000,49.18,terrain_world,differential_drive_robot,1.9999964258314777,15.199999970065482,-4.433823484413313e-07,-4.104671596583352e-10,8.208607569722945e-07,-4.989085549442218e-08,0.9999999999996618
49,200000000,49.2,terrain_world,differential_drive_robot,1.9999964258314777,15.199999970065482,-4.433823484413313e-07,-4.104671596583352e-10,8.208607569722945e-07,-4.989085549442218e-08,0.9999999999996618
49,220000000,49.22,terrain_world,differential_drive_robot,1.9999964258314777,15.199999970065482,-4.433823484413313e-07,-4.104671596583352e-10,8.208607569722945e-07,-4.989085549442218e-08,0.9999999999996618
49,240000000,49.24,terrain_world,differential_drive_robot,1.9999964258314777,15.199999970065482,-4.433823484413313e-07,-4.104671596583352e-10,8.208607569722945e-07,-4.989085549442218e-08,0.9999999999996618
49,260000000,49.26,terrain_world,differential_drive_robot,1.9999964258314777,15.199999970065482,-4.433823484413313e-07,-4.104671596583352e-10,8.208607569722945e-07,-4.989085549442218e-08,0.9999999999996618
49,280000000,49.28,terrain_world,differential_drive_robot,1.9999964258314777,15.199999970065482,-4.433823484413313e-07,-4.104671596583352e-10,8.208607569722945e-07,-4.989085549442218e-08,0.9999999999996618
49,300000000,49.3,terrain_world,differential_drive_robot,1.9999964258314777,15.199999970065482,-4.433823484413313e-07,-4.104671596583352e-10,8.208607569722945e-07,-4.989085549442218e-08,0.9999999999996618
49,320000000,49.32,terrain_world,differential_drive_robot,1.9999964258314777,15.199999970065482,-4.433823484413313e-07,-4.104671596583352e-10,8.208607569722945e-07,-4.989085549442218e-08,0.9999999999996618
49,340000000,49.34,terrain_world,differential_drive_robot,1.9999964258314777,15.199999970065482,-4.433823484413313e-07,-4.104671596583352e-10,8.208607569722945e-07,-4.989085549442218e-08,0.9999999999996618
49,360000000,49.36,terrain_world,differential_drive_robot,1.9999964258314777,15.199999970065482,-4.433823484413313e-07,-4.104671596583352e-10,8.208607569722945e-07,-4.989085549442218e-08,0.9999999999996618
49,380000000,49.38,terrain_world,differential_drive_robot,1.9999964258314777,15.199999970065482,-4.433823484413313e-07,-4.104671596583352e-10,8.208607569722945e-07,-4.989085549442218e-08,0.9999999999996618
49,400000000,49.4,terrain_world,differential_drive_robot,1.9999964258314777,15.199999970065482,-4.433823484413313e-07,-4.104671596583352e-10,8.208607569722945e-07,-4.989085549442218e-08,0.9999999999996618
49,420000000,49.42,terrain_world,differential_drive_robot,1.9999964258314777,15.199999970065482,-4.433823484413313e-07,-4.104671596583352e-10,8.208607569722945e-07,-4.989085549442218e-08,0.9999999999996618
49,440000000,49.44,terrain_world,differential_drive_robot,1.9999964258314777,15.199999970065482,-4.433823484413313e-07,-4.104671596583352e-10,8.208607569722945e-07,-4.989085549442218e-08,0.9999999999996618
49,460000000,49.46,terrain_world,differential_drive_robot,1.9999964258314777,15.199999970065482,-4.433823484413313e-07,-4.104671596583352e-10,8.208607569722945e-07,-4.989085549442218e-08,0.9999999999996618
49,480000000,49.48,terrain_world,differential_drive_robot,1.9999964258314777,15.199999970065482,-4.433823484413313e-07,-4.104671596583352e-10,8.208607569722945e-07,-4.989085549442218e-08,0.9999999999996618
49,500000000,49.5,terrain_world,differential_drive_robot,1.9999964258314777,15.199999970065482,-4.433823484413313e-07,-4.104671596583352e-10,8.208607569722945e-07,-4.989085549442218e-08,0.9999999999996618
49,520000000,49.52,terrain_world,differential_drive_robot,1.9999964258314777,15.199999970065482,-4.433823484413313e-07,-4.104671596583352e-10,8.208607569722945e-07,-4.989085549442218e-08,0.9999999999996618
49,540000000,49.54,terrain_world,differential_drive_robot,1.9999964258314777,15.199999970065482,-4.433823484413313e-07,-4.104671596583352e-10,8.208607569722945e-07,-4.989085549442218e-08,0.9999999999996618
49,560000000,49.56,terrain_world,differential_drive_robot,1.9999964258314777,15.199999970065482,-4.433823484413313e-07,-4.104671596583352e-10,8.208607569722945e-07,-4.989085549442218e-08,0.9999999999996618
49,580000000,49.58,terrain_world,differential_drive_robot,1.9999964258314777,15.199999970065482,-4.433823484413313e-07,-4.104671596583352e-10,8.208607569722945e-07,-4.989085549442218e-08,0.9999999999996618
49,600000000,49.6,terrain_world,differential_drive_robot,1.9999964258314777,15.199999970065482,-4.433823484413313e-07,-4.104671596583352e-10,8.208607569722945e-07,-4.989085549442218e-08,0.9999999999996618
49,620000000,49.62,terrain_world,differential_drive_robot,1.9999964258314777,15.199999970065482,-4.433823484413313e-07,-4.104671596583352e-10,8.208607569722945e-07,-4.989085549442218e-08,0.9999999999996618
49,640000000,49.64,terrain_world,differential_drive_robot,1.9999964258314777,15.199999970065482,-4.433823484413313e-07,-4.104671596583352e-10,8.208607569722945e-07,-4.989085549442218e-08,0.9999999999996618
49,660000000,49.66,terrain_world,differential_drive_robot,1.9999964258314777,15.199999970065482,-4.433823484413313e-07,-4.104671596583352e-10,8.208607569722945e-07,-4.989085549442218e-08,0.9999999999996618
49,680000000,49.68,terrain_world,differential_drive_robot,1.9999964258314777,15.199999970065482,-4.433823484413313e-07,-4.104671596583352e-10,8.208607569722945e-07,-4.989085549442218e-08,0.9999999999996618
49,700000000,49.7,terrain_world,differential_drive_robot,1.9999964258314777,15.199999970065482,-4.433823484413313e-07,-4.104671596583352e-10,8.208607569722945e-07,-4.989085549442218e-08,0.9999999999996618
49,720000000,49.72,terrain_world,differential_drive_robot,1.9999964258314777,15.199999970065482,-4.433823484413313e-07,-4.104671596583352e-10,8.208607569722945e-07,-4.989085549442218e-08,0.9999999999996618
49,740000000,49.74,terrain_world,differential_drive_robot,1.9999964258314777,15.199999970065482,-4.433823484413313e-07,-4.104671596583352e-10,8.208607569722945e-07,-4.989085549442218e-08,0.9999999999996618
49,760000000,49.76,terrain_world,differential_drive_robot,1.9999964258314777,15.199999970065482,-4.433823484413313e-07,-4.104671596583352e-10,8.208607569722945e-07,-4.989085549442218e-08,0.9999999999996618
49,780000000,49.78,terrain_world,differential_drive_robot,1.9999964258314777,15.199999970065482,-4.433823484413313e-07,-4.104671596583352e-10,8.208607569722945e-07,-4.989085549442218e-08,0.9999999999996618
49,800000000,49.8,terrain_world,differential_drive_robot,1.9999964258314777,15.199999970065482,-4.433823484413313e-07,-4.104671596583352e-10,8.208607569722945e-07,-4.989085549442218e-08,0.9999999999996618
49,820000000,49.82,terrain_world,differential_drive_robot,1.9999964258314777,15.199999970065482,-4.433823484413313e-07,-4.104671596583352e-10,8.208607569722945e-07,-4.989085549442218e-08,0.9999999999996618
49,840000000,49.84,terrain_world,differential_drive_robot,1.9999964258314777,15.199999970065482,-4.433823484413313e-07,-4.104671596583352e-10,8.208607569722945e-07,-4.989085549442218e-08,0.9999999999996618
49,860000000,49.86,terrain_world,differential_drive_robot,1.9999964258314777,15.199999970065482,-4.433823484413313e-07,-4.104671596583352e-10,8.208607569722945e-07,-4.989085549442218e-08,0.9999999999996618
49,880000000,49.88,terrain_world,differential_drive_robot,1.9999964258314777,15.199999970065482,-4.433823484413313e-07,-4.104671596583352e-10,8.208607569722945e-07,-4.989085549442218e-08,0.9999999999996618
49,900000000,49.9,terrain_world,differential_drive_robot,1.9999964258314777,15.199999970065482,-4.433823484413313e-07,-4.104671596583352e-10,8.208607569722945e-07,-4.989085549442218e-08,0.9999999999996618
49,920000000,49.92,terrain_world,differential_drive_robot,1.9999964258314777,15.199999970065482,-4.433823484413313e-07,-4.104671596583352e-10,8.208607569722945e-07,-4.989085549442218e-08,0.9999999999996618
49,940000000,49.94,terrain_world,differential_drive_robot,1.9999964258314777,15.199999970065482,-4.433823484413313e-07,-4.104671596583352e-10,8.208607569722945e-07,-4.989085549442218e-08,0.9999999999996618
49,960000000,49.96,terrain_world,differential_drive_robot,1.9999964258314777,15.199999970065482,-4.433823484413313e-07,-4.104671596583352e-10,8.208607569722945e-07,-4.989085549442218e-08,0.9999999999996618
49,980000000,49.98,terrain_world,differential_drive_robot,1.9999964258314777,15.199999970065482,-4.433823484413313e-07,-4.104671596583352e-10,8.208607569722945e-07,-4.989085549442218e-08,0.9999999999996618
50,0,50.0,terrain_world,differential_drive_robot,1.9999964258314777,15.199999970065482,-4.433823484413313e-07,-4.104671596583352e-10,8.208607569722945e-07,-4.989085549442218e-08,0.9999999999996618
50,20000000,50.02,terrain_world,differential_drive_robot,1.9999964258314777,15.199999970065482,-4.433823484413313e-07,-4.104671596583352e-10,8.208607569722945e-07,-4.989085549442218e-08,0.9999999999996618
50,40000000,50.04,terrain_world,differential_drive_robot,1.9999964258314777,15.199999970065482,-4.433823484413313e-07,-4.104671596583352e-10,8.208607569722945e-07,-4.989085549442218e-08,0.9999999999996618
50,60000000,50.06,terrain_world,differential_drive_robot,1.9999964258314777,15.199999970065482,-4.433823484413313e-07,-4.104671596583352e-10,8.208607569722945e-07,-4.989085549442218e-08,0.9999999999996618
50,80000000,50.08,terrain_world,differential_drive_robot,1.9999964258314777,15.199999970065482,-4.433823484413313e-07,-4.104671596583352e-10,8.208607569722945e-07,-4.989085549442218e-08,0.9999999999996618
50,100000000,50.1,terrain_world,differential_drive_robot,1.9999964258314777,15.199999970065482,-4.433823484413313e-07,-4.104671596583352e-10,8.208607569722945e-07,-4.989085549442218e-08,0.9999999999996618
50,120000000,50.12,terrain_world,differential_drive_robot,1.9999964258314777,15.199999970065482,-4.433823484413313e-07,-4.104671596583352e-10,8.208607569722945e-07,-4.989085549442218e-08,0.9999999999996618
50,140000000,50.14,terrain_world,differential_drive_robot,1.9999964258314777,15.199999970065482,-4.433823484413313e-07,-4.104671596583352e-10,8.208607569722945e-07,-4.989085549442218e-08,0.9999999999996618
50,160000000,50.16,terrain_world,differential_drive_robot,1.9999964258314777,15.199999970065482,-4.433823484413313e-07,-4.104671596583352e-10,8.208607569722945e-07,-4.989085549442218e-08,0.9999999999996618
50,180000000,50.18,terrain_world,differential_drive_robot,1.9999964258314777,15.199999970065482,-4.433823484413313e-07,-4.104671596583352e-10,8.208607569722945e-07,-4.989085549442218e-08,0.9999999999996618
50,200000000,50.2,terrain_world,differential_drive_robot,1.9999964258314777,15.199999970065482,-4.433823484413313e-07,-4.104671596583352e-10,8.208607569722945e-07,-4.989085549442218e-08,0.9999999999996618
50,220000000,50.22,terrain_world,differential_drive_robot,1.9999964258314777,15.199999970065482,-4.433823484413313e-07,-4.104671596583352e-10,8.208607569722945e-07,-4.989085549442218e-08,0.9999999999996618
50,240000000,50.24,terrain_world,differential_drive_robot,1.9999964258314777,15.199999970065482,-4.433823484413313e-07,-4.104671596583352e-10,8.208607569722945e-07,-4.989085549442218e-08,0.9999999999996618
50,260000000,50.26,terrain_world,differential_drive_robot,1.9999964258314777,15.199999970065482,-4.433823484413313e-07,-4.104671596583352e-10,8.208607569722945e-07,-4.989085549442218e-08,0.9999999999996618
50,280000000,50.28,terrain_world,differential_drive_robot,1.9999964258314777,15.199999970065482,-4.433823484413313e-07,-4.104671596583352e-10,8.208607569722945e-07,-4.989085549442218e-08,0.9999999999996618
50,300000000,50.3,terrain_world,differential_drive_robot,1.9999964258314777,15.199999970065482,-4.433823484413313e-07,-4.104671596583352e-10,8.208607569722945e-07,-4.989085549442218e-08,0.9999999999996618
50,320000000,50.32,terrain_world,differential_drive_robot,1.9999964258314777,15.199999970065482,-4.433823484413313e-07,-4.104671596583352e-10,8.208607569722945e-07,-4.989085549442218e-08,0.9999999999996618
50,340000000,50.34,terrain_world,differential_drive_robot,1.9999964258314777,15.199999970065482,-4.433823484413313e-07,-4.104671596583352e-10,8.208607569722945e-07,-4.989085549442218e-08,0.9999999999996618
50,360000000,50.36,terrain_world,differential_drive_robot,1.9999964258314777,15.199999970065482,-4.433823484413313e-07,-4.104671596583352e-10,8.208607569722945e-07,-4.989085549442218e-08,0.9999999999996618
50,380000000,50.38,terrain_world,differential_drive_robot,1.9999964258314777,15.199999970065482,-4.433823484413313e-07,-4.104671596583352e-10,8.208607569722945e-07,-4.989085549442218e-08,0.9999999999996618
50,400000000,50.4,terrain_world,differential_drive_robot,1.9999964258314777,15.199999970065482,-4.433823484413313e-07,-4.104671596583352e-10,8.208607569722945e-07,-4.989085549442218e-08,0.9999999999996618
50,420000000,50.42,terrain_world,differential_drive_robot,1.9999964258314777,15.199999970065482,-4.433823484413313e-07,-4.104671596583352e-10,8.208607569722945e-07,-4.989085549442218e-08,0.9999999999996618
50,440000000,50.44,terrain_world,differential_drive_robot,1.9999964258314777,15.199999970065482,-4.433823484413313e-07,-4.104671596583352e-10,8.208607569722945e-07,-4.989085549442218e-08,0.9999999999996618
50,460000000,50.46,terrain_world,differential_drive_robot,1.9999964258314777,15.199999970065482,-4.433823484413313e-07,-4.104671596583352e-10,8.208607569722945e-07,-4.989085549442218e-08,0.9999999999996618
50,480000000,50.48,terrain_world,differential_drive_robot,1.9999964258314777,15.199999970065482,-4.433823484413313e-07,-4.104671596583352e-10,8.208607569722945e-07,-4.989085549442218e-08,0.9999999999996618
50,500000000,50.5,terrain_world,differential_drive_robot,1.9999964258314777,15.199999970065482,-4.433823484413313e-07,-4.104671596583352e-10,8.208607569722945e-07,-4.989085549442218e-08,0.9999999999996618
50,520000000,50.52,terrain_world,differential_drive_robot,1.9999964258314777,15.199999970065482,-4.433823484413313e-07,-4.104671596583352e-10,8.208607569722945e-07,-4.989085549442218e-08,0.9999999999996618
50,540000000,50.54,terrain_world,differential_drive_robot,1.9999964258314777,15.199999970065482,-4.433823484413313e-07,-4.104671596583352e-10,8.208607569722945e-07,-4.989085549442218e-08,0.9999999999996618
50,560000000,50.56,terrain_world,differential_drive_robot,1.9999964258314777,15.199999970065482,-4.433823484413313e-07,-4.104671596583352e-10,8.208607569722945e-07,-4.989085549442218e-08,0.9999999999996618
50,580000000,50.58,terrain_world,differential_drive_robot,1.9999964258314777,15.199999970065482,-4.433823484413313e-07,-4.104671596583352e-10,8.208607569722945e-07,-4.989085549442218e-08,0.9999999999996618
50,600000000,50.6,terrain_world,differential_drive_robot,1.9999964258314777,15.199999970065482,-4.433823484413313e-07,-4.104671596583352e-10,8.208607569722945e-07,-4.989085549442218e-08,0.9999999999996618
50,620000000,50.62,terrain_world,differential_drive_robot,1.9999964258314777,15.199999970065482,-4.433823484413313e-07,-4.104671596583352e-10,8.208607569722945e-07,-4.989085549442218e-08,0.9999999999996618
50,640000000,50.64,terrain_world,differential_drive_robot,1.9999964258314777,15.199999970065482,-4.433823484413313e-07,-4.104671596583352e-10,8.208607569722945e-07,-4.989085549442218e-08,0.9999999999996618
50,660000000,50.66,terrain_world,differential_drive_robot,1.9999964258314777,15.199999970065482,-4.433823484413313e-07,-4.104671596583352e-10,8.208607569722945e-07,-4.989085549442218e-08,0.9999999999996618
50,680000000,50.68,terrain_world,differential_drive_robot,1.9999964258314777,15.199999970065482,-4.433823484413313e-07,-4.104671596583352e-10,8.208607569722945e-07,-4.989085549442218e-08,0.9999999999996618
50,700000000,50.7,terrain_world,differential_drive_robot,1.9999964258314777,15.199999970065482,-4.433823484413313e-07,-4.104671596583352e-10,8.208607569722945e-07,-4.989085549442218e-08,0.9999999999996618
50,720000000,50.72,terrain_world,differential_drive_robot,1.9999964258314777,15.199999970065482,-4.433823484413313e-07,-4.104671596583352e-10,8.208607569722945e-07,-4.989085549442218e-08,0.9999999999996618
50,740000000,50.74,terrain_world,differential_drive_robot,1.9999964258314777,15.199999970065482,-4.433823484413313e-07,-4.104671596583352e-10,8.208607569722945e-07,-4.989085549442218e-08,0.9999999999996618
50,760000000,50.76,terrain_world,differential_drive_robot,1.9999964258314777,15.199999970065482,-4.433823484413313e-07,-4.104671596583352e-10,8.208607569722945e-07,-4.989085549442218e-08,0.9999999999996618
50,780000000,50.78,terrain_world,differential_drive_robot,1.9999964258314777,15.199999970065482,-4.433823484413313e-07,-4.104671596583352e-10,8.208607569722945e-07,-4.989085549442218e-08,0.9999999999996618
50,800000000,50.8,terrain_world,differential_drive_robot,1.9999964258314777,15.199999970065482,-4.433823484413313e-07,-4.104671596583352e-10,8.208607569722945e-07,-4.989085549442218e-08,0.9999999999996618
50,820000000,50.82,terrain_world,differential_drive_robot,1.9999964258314777,15.199999970065482,-4.433823484413313e-07,-4.104671596583352e-10,8.208607569722945e-07,-4.989085549442218e-08,0.9999999999996618
50,840000000,50.84,terrain_world,differential_drive_robot,1.9999964258314777,15.199999970065482,-4.433823484413313e-07,-4.104671596583352e-10,8.208607569722945e-07,-4.989085549442218e-08,0.9999999999996618
50,860000000,50.86,terrain_world,differential_drive_robot,1.9999964258314777,15.199999970065482,-4.433823484413313e-07,-4.104671596583352e-10,8.208607569722945e-07,-4.989085549442218e-08,0.9999999999996618
50,880000000,50.88,terrain_world,differential_drive_robot,1.9999964258314777,15.199999970065482,-4.433823484413313e-07,-4.104671596583352e-10,8.208607569722945e-07,-4.989085549442218e-08,0.9999999999996618
50,900000000,50.9,terrain_world,differential_drive_robot,1.9999964258314777,15.199999970065482,-4.433823484413313e-07,-4.104671596583352e-10,8.208607569722945e-07,-4.989085549442218e-08,0.9999999999996618
50,920000000,50.92,terrain_world,differential_drive_robot,1.9999964258314777,15.199999970065482,-4.433823484413313e-07,-4.104671596583352e-10,8.208607569722945e-07,-4.989085549442218e-08,0.9999999999996618
50,940000000,50.94,terrain_world,differential_drive_robot,1.9999964258314777,15.199999970065482,-4.433823484413313e-07,-4.104671596583352e-10,8.208607569722945e-07,-4.989085549442218e-08,0.9999999999996618
50,960000000,50.96,terrain_world,differential_drive_robot,1.9999964258314777,15.199999970065482,-4.433823484413313e-07,-4.104671596583352e-10,8.208607569722945e-07,-4.989085549442218e-08,0.9999999999996618
50,980000000,50.98,terrain_world,differential_drive_robot,1.9999964258314777,15.199999970065482,-4.433823484413313e-07,-4.104671596583352e-10,8.208607569722945e-07,-4.989085549442218e-08,0.9999999999996618
51,0,51.0,terrain_world,differential_drive_robot,1.9999964258314777,15.199999970065482,-4.433823484413313e-07,-4.104671596583352e-10,8.208607569722945e-07,-4.989085549442218e-08,0.9999999999996618
51,20000000,51.02,terrain_world,differential_drive_robot,1.9999964258314777,15.199999970065482,-4.433823484413313e-07,-4.104671596583352e-10,8.208607569722945e-07,-4.989085549442218e-08,0.9999999999996618
51,40000000,51.04,terrain_world,differential_drive_robot,1.9999964258314777,15.199999970065482,-4.433823484413313e-07,-4.104671596583352e-10,8.208607569722945e-07,-4.989085549442218e-08,0.9999999999996618
51,60000000,51.06,terrain_world,differential_drive_robot,1.9999964258314777,15.199999970065482,-4.433823484413313e-07,-4.104671596583352e-10,8.208607569722945e-07,-4.989085549442218e-08,0.9999999999996618
51,80000000,51.08,terrain_world,differential_drive_robot,1.9999964258314777,15.199999970065482,-4.433823484413313e-07,-4.104671596583352e-10,8.208607569722945e-07,-4.989085549442218e-08,0.9999999999996618
51,100000000,51.1,terrain_world,differential_drive_robot,1.9999964258314777,15.199999970065482,-4.433823484413313e-07,-4.104671596583352e-10,8.208607569722945e-07,-4.989085549442218e-08,0.9999999999996618
51,120000000,51.12,terrain_world,differential_drive_robot,1.9999964258314777,15.199999970065482,-4.433823484413313e-07,-4.104671596583352e-10,8.208607569722945e-07,-4.989085549442218e-08,0.9999999999996618
51,140000000,51.14,terrain_world,differential_drive_robot,1.9999964258314777,15.199999970065482,-4.433823484413313e-07,-4.104671596583352e-10,8.208607569722945e-07,-4.989085549442218e-08,0.9999999999996618
51,160000000,51.16,terrain_world,differential_drive_robot,1.9999964258314777,15.199999970065482,-4.433823484413313e-07,-4.104671596583352e-10,8.208607569722945e-07,-4.989085549442218e-08,0.9999999999996618
51,180000000,51.18,terrain_world,differential_drive_robot,1.9999964258314777,15.199999970065482,-4.433823484413313e-07,-4.104671596583352e-10,8.208607569722945e-07,-4.989085549442218e-08,0.9999999999996618
51,200000000,51.2,terrain_world,differential_drive_robot,1.9999964258314777,15.199999970065482,-4.433823484413313e-07,-4.104671596583352e-10,8.208607569722945e-07,-4.989085549442218e-08,0.9999999999996618
51,220000000,51.22,terrain_world,differential_drive_robot,1.9999964258314777,15.199999970065482,-4.433823484413313e-07,-4.104671596583352e-10,8.208607569722945e-07,-4.989085549442218e-08,0.9999999999996618
51,240000000,51.24,terrain_world,differential_drive_robot,1.9999964258314777,15.199999970065482,-4.433823484413313e-07,-4.104671596583352e-10,8.208607569722945e-07,-4.989085549442218e-08,0.9999999999996618
51,260000000,51.26,terrain_world,differential_drive_robot,1.9999964258314777,15.199999970065482,-4.433823484413313e-07,-4.104671596583352e-10,8.208607569722945e-07,-4.989085549442218e-08,0.9999999999996618
51,280000000,51.28,terrain_world,differential_drive_robot,1.9999964258314777,15.199999970065482,-4.433823484413313e-07,-4.104671596583352e-10,8.208607569722945e-07,-4.989085549442218e-08,0.9999999999996618
51,300000000,51.3,terrain_world,differential_drive_robot,1.9999964258314777,15.199999970065482,-4.433823484413313e-07,-4.104671596583352e-10,8.208607569722945e-07,-4.989085549442218e-08,0.9999999999996618
51,320000000,51.32,terrain_world,differential_drive_robot,1.9999964258314777,15.199999970065482,-4.433823484413313e-07,-4.104671596583352e-10,8.208607569722945e-07,-4.989085549442218e-08,0.9999999999996618
51,340000000,51.34,terrain_world,differential_drive_robot,1.9999964258314777,15.199999970065482,-4.433823484413313e-07,-4.104671596583352e-10,8.208607569722945e-07,-4.989085549442218e-08,0.9999999999996618
51,360000000,51.36,terrain_world,differential_drive_robot,1.9999964258314777,15.199999970065482,-4.433823484413313e-07,-4.104671596583352e-10,8.208607569722945e-07,-4.989085549442218e-08,0.9999999999996618
51,380000000,51.38,terrain_world,differential_drive_robot,1.9999964258314777,15.199999970065482,-4.433823484413313e-07,-4.104671596583352e-10,8.208607569722945e-07,-4.989085549442218e-08,0.9999999999996618
51,400000000,51.4,terrain_world,differential_drive_robot,1.9999964258314777,15.199999970065482,-4.433823484413313e-07,-4.104671596583352e-10,8.208607569722945e-07,-4.989085549442218e-08,0.9999999999996618
51,420000000,51.42,terrain_world,differential_drive_robot,1.9999964258314777,15.199999970065482,-4.433823484413313e-07,-4.104671596583352e-10,8.208607569722945e-07,-4.989085549442218e-08,0.9999999999996618
51,440000000,51.44,terrain_world,differential_drive_robot,1.9999964258314777,15.199999970065482,-4.433823484413313e-07,-4.104671596583352e-10,8.208607569722945e-07,-4.989085549442218e-08,0.9999999999996618
51,460000000,51.46,terrain_world,differential_drive_robot,1.9999964258314777,15.199999970065482,-4.433823484413313e-07,-4.104671596583352e-10,8.208607569722945e-07,-4.989085549442218e-08,0.9999999999996618
51,480000000,51.48,terrain_world,differential_drive_robot,1.9999964258314777,15.199999970065482,-4.433823484413313e-07,-4.104671596583352e-10,8.208607569722945e-07,-4.989085549442218e-08,0.9999999999996618
51,500000000,51.5,terrain_world,differential_drive_robot,1.9999964258314777,15.199999970065482,-4.433823484413313e-07,-4.104671596583352e-10,8.208607569722945e-07,-4.989085549442218e-08,0.9999999999996618
51,520000000,51.52,terrain_world,differential_drive_robot,1.9999964258314777,15.199999970065482,-4.433823484413313e-07,-4.104671596583352e-10,8.208607569722945e-07,-4.989085549442218e-08,0.9999999999996618
51,540000000,51.54,terrain_world,differential_drive_robot,1.9999964258314777,15.199999970065482,-4.433823484413313e-07,-4.104671596583352e-10,8.208607569722945e-07,-4.989085549442218e-08,0.9999999999996618
51,560000000,51.56,terrain_world,differential_drive_robot,1.9999964258314777,15.199999970065482,-4.433823484413313e-07,-4.104671596583352e-10,8.208607569722945e-07,-4.989085549442218e-08,0.9999999999996618
51,580000000,51.58,terrain_world,differential_drive_robot,1.9999964258314777,15.199999970065482,-4.433823484413313e-07,-4.104671596583352e-10,8.208607569722945e-07,-4.989085549442218e-08,0.9999999999996618
51,600000000,51.6,terrain_world,differential_drive_robot,1.9999964258314777,15.199999970065482,-4.433823484413313e-07,-4.104671596583352e-10,8.208607569722945e-07,-4.989085549442218e-08,0.9999999999996618
51,620000000,51.62,terrain_world,differential_drive_robot,1.9999964258314777,15.199999970065482,-4.433823484413313e-07,-4.104671596583352e-10,8.208607569722945e-07,-4.989085549442218e-08,0.9999999999996618
51,640000000,51.64,terrain_world,differential_drive_robot,1.9999964258314777,15.199999970065482,-4.433823484413313e-07,-4.104671596583352e-10,8.208607569722945e-07,-4.989085549442218e-08,0.9999999999996618
51,660000000,51.66,terrain_world,differential_drive_robot,1.9999964258314777,15.199999970065482,-4.433823484413313e-07,-4.104671596583352e-10,8.208607569722945e-07,-4.989085549442218e-08,0.9999999999996618
51,680000000,51.68,terrain_world,differential_drive_robot,1.9999964258314777,15.199999970065482,-4.433823484413313e-07,-4.104671596583352e-10,8.208607569722945e-07,-4.989085549442218e-08,0.9999999999996618
51,700000000,51.7,terrain_world,differential_drive_robot,1.9999964258314777,15.199999970065482,-4.433823484413313e-07,-4.104671596583352e-10,8.208607569722945e-07,-4.989085549442218e-08,0.9999999999996618
51,720000000,51.72,terrain_world,differential_drive_robot,1.9999964258314777,15.199999970065482,-4.433823484413313e-07,-4.104671596583352e-10,8.208607569722945e-07,-4.989085549442218e-08,0.9999999999996618
51,740000000,51.74,terrain_world,differential_drive_robot,1.9999964258314777,15.199999970065482,-4.433823484413313e-07,-4.104671596583352e-10,8.208607569722945e-07,-4.989085549442218e-08,0.9999999999996618
51,760000000,51.76,terrain_world,differential_drive_robot,1.9999964258314777,15.199999970065482,-4.433823484413313e-07,-4.104671596583352e-10,8.208607569722945e-07,-4.989085549442218e-08,0.9999999999996618
51,780000000,51.78,terrain_world,differential_drive_robot,1.9999964258314777,15.199999970065482,-4.433823484413313e-07,-4.104671596583352e-10,8.208607569722945e-07,-4.989085549442218e-08,0.9999999999996618
51,800000000,51.8,terrain_world,differential_drive_robot,1.9999964258314777,15.199999970065482,-4.433823484413313e-07,-4.104671596583352e-10,8.208607569722945e-07,-4.989085549442218e-08,0.9999999999996618
51,820000000,51.82,terrain_world,differential_drive_robot,1.9999964258314777,15.199999970065482,-4.433823484413313e-07,-4.104671596583352e-10,8.208607569722945e-07,-4.989085549442218e-08,0.9999999999996618
51,840000000,51.84,terrain_world,differential_drive_robot,1.9999964258314777,15.199999970065482,-4.433823484413313e-07,-4.104671596583352e-10,8.208607569722945e-07,-4.989085549442218e-08,0.9999999999996618
51,860000000,51.86,terrain_world,differential_drive_robot,1.9999964258314777,15.199999970065482,-4.433823484413313e-07,-4.104671596583352e-10,8.208607569722945e-07,-4.989085549442218e-08,0.9999999999996618
51,880000000,51.88,terrain_world,differential_drive_robot,1.9999964258314777,15.199999970065482,-4.433823484413313e-07,-4.104671596583352e-10,8.208607569722945e-07,-4.989085549442218e-08,0.9999999999996618
51,900000000,51.9,terrain_world,differential_drive_robot,1.9999964258314777,15.199999970065482,-4.433823484413313e-07,-4.104671596583352e-10,8.208607569722945e-07,-4.989085549442218e-08,0.9999999999996618
51,920000000,51.92,terrain_world,differential_drive_robot,1.9999964258314777,15.199999970065482,-4.433823484413313e-07,-4.104671596583352e-10,8.208607569722945e-07,-4.989085549442218e-08,0.9999999999996618
51,940000000,51.94,terrain_world,differential_drive_robot,1.9999964258314777,15.199999970065482,-4.433823484413313e-07,-4.104671596583352e-10,8.208607569722945e-07,-4.989085549442218e-08,0.9999999999996618
51,960000000,51.96,terrain_world,differential_drive_robot,1.9999964258314777,15.199999970065482,-4.433823484413313e-07,-4.104671596583352e-10,8.208607569722945e-07,-4.989085549442218e-08,0.9999999999996618
51,980000000,51.98,terrain_world,differential_drive_robot,1.9999964258314777,15.199999970065482,-4.433823484413313e-07,-4.104671596583352e-10,8.208607569722945e-07,-4.989085549442218e-08,0.9999999999996618
52,0,52.0,terrain_world,differential_drive_robot,1.9999964258314777,15.199999970065482,-4.433823484413313e-07,-4.104671596583352e-10,8.208607569722945e-07,-4.989085549442218e-08,0.9999999999996618
52,20000000,52.02,terrain_world,differential_drive_robot,1.9999964258314777,15.199999970065482,-4.433823484413313e-07,-4.104671596583352e-10,8.208607569722945e-07,-4.989085549442218e-08,0.9999999999996618
52,40000000,52.04,terrain_world,differential_drive_robot,1.9999964258314777,15.199999970065482,-4.433823484413313e-07,-4.104671596583352e-10,8.208607569722945e-07,-4.989085549442218e-08,0.9999999999996618
52,60000000,52.06,terrain_world,differential_drive_robot,1.9999964258314777,15.199999970065482,-4.433823484413313e-07,-4.104671596583352e-10,8.208607569722945e-07,-4.989085549442218e-08,0.9999999999996618
52,80000000,52.08,terrain_world,differential_drive_robot,1.9999964258314777,15.199999970065482,-4.433823484413313e-07,-4.104671596583352e-10,8.208607569722945e-07,-4.989085549442218e-08,0.9999999999996618
52,100000000,52.1,terrain_world,differential_drive_robot,1.9999964258314777,15.199999970065482,-4.433823484413313e-07,-4.104671596583352e-10,8.208607569722945e-07,-4.989085549442218e-08,0.9999999999996618
52,120000000,52.12,terrain_world,differential_drive_robot,1.9999964258314777,15.199999970065482,-4.433823484413313e-07,-4.104671596583352e-10,8.208607569722945e-07,-4.989085549442218e-08,0.9999999999996618
52,140000000,52.14,terrain_world,differential_drive_robot,1.9999964258314777,15.199999970065482,-4.433823484413313e-07,-4.104671596583352e-10,8.208607569722945e-07,-4.989085549442218e-08,0.9999999999996618
52,160000000,52.16,terrain_world,differential_drive_robot,1.9999964258314777,15.199999970065482,-4.433823484413313e-07,-4.104671596583352e-10,8.208607569722945e-07,-4.989085549442218e-08,0.9999999999996618
52,180000000,52.18,terrain_world,differential_drive_robot,1.9999964258314777,15.199999970065482,-4.433823484413313e-07,-4.104671596583352e-10,8.208607569722945e-07,-4.989085549442218e-08,0.9999999999996618
52,200000000,52.2,terrain_world,differential_drive_robot,1.9999964258314777,15.199999970065482,-4.433823484413313e-07,-4.104671596583352e-10,8.208607569722945e-07,-4.989085549442218e-08,0.9999999999996618
52,220000000,52.22,terrain_world,differential_drive_robot,1.9999964258314777,15.199999970065482,-4.433823484413313e-07,-4.104671596583352e-10,8.208607569722945e-07,-4.989085549442218e-08,0.9999999999996618
52,240000000,52.24,terrain_world,differential_drive_robot,1.9999964258314777,15.199999970065482,-4.433823484413313e-07,-4.104671596583352e-10,8.208607569722945e-07,-4.989085549442218e-08,0.9999999999996618
52,260000000,52.26,terrain_world,differential_drive_robot,1.9999964258314777,15.199999970065482,-4.433823484413313e-07,-4.104671596583352e-10,8.208607569722945e-07,-4.989085549442218e-08,0.9999999999996618
52,280000000,52.28,terrain_world,differential_drive_robot,1.9999964258314777,15.199999970065482,-4.433823484413313e-07,-4.104671596583352e-10,8.208607569722945e-07,-4.989085549442218e-08,0.9999999999996618
52,300000000,52.3,terrain_world,differential_drive_robot,1.9999964258314777,15.199999970065482,-4.433823484413313e-07,-4.104671596583352e-10,8.208607569722945e-07,-4.989085549442218e-08,0.9999999999996618
52,320000000,52.32,terrain_world,differential_drive_robot,1.9999964258314777,15.199999970065482,-4.433823484413313e-07,-4.104671596583352e-10,8.208607569722945e-07,-4.989085549442218e-08,0.9999999999996618
52,340000000,52.34,terrain_world,differential_drive_robot,1.9999964258314777,15.199999970065482,-4.433823484413313e-07,-4.104671596583352e-10,8.208607569722945e-07,-4.989085549442218e-08,0.9999999999996618
52,360000000,52.36,terrain_world,differential_drive_robot,1.9999964258314777,15.199999970065482,-4.433823484413313e-07,-4.104671596583352e-10,8.208607569722945e-07,-4.989085549442218e-08,0.9999999999996618
52,380000000,52.38,terrain_world,differential_drive_robot,1.9999964258314777,15.199999970065482,-4.433823484413313e-07,-4.104671596583352e-10,8.208607569722945e-07,-4.989085549442218e-08,0.9999999999996618
52,400000000,52.4,terrain_world,differential_drive_robot,1.9999964258314777,15.199999970065482,-4.433823484413313e-07,-4.104671596583352e-10,8.208607569722945e-07,-4.989085549442218e-08,0.9999999999996618
52,420000000,52.42,terrain_world,differential_drive_robot,1.9999964258314777,15.199999970065482,-4.433823484413313e-07,-4.104671596583352e-10,8.208607569722945e-07,-4.989085549442218e-08,0.9999999999996618
52,440000000,52.44,terrain_world,differential_drive_robot,1.9999964258314777,15.199999970065482,-4.433823484413313e-07,-4.104671596583352e-10,8.208607569722945e-07,-4.989085549442218e-08,0.9999999999996618
52,460000000,52.46,terrain_world,differential_drive_robot,1.9999964258314777,15.199999970065482,-4.433823484413313e-07,-4.104671596583352e-10,8.208607569722945e-07,-4.989085549442218e-08,0.9999999999996618
52,480000000,52.48,terrain_world,differential_drive_robot,1.9999964258314777,15.199999970065482,-4.433823484413313e-07,-4.104671596583352e-10,8.208607569722945e-07,-4.989085549442218e-08,0.9999999999996618
52,500000000,52.5,terrain_world,differential_drive_robot,1.9999964258314777,15.199999970065482,-4.433823484413313e-07,-4.104671596583352e-10,8.208607569722945e-07,-4.989085549442218e-08,0.9999999999996618
52,520000000,52.52,terrain_world,differential_drive_robot,1.9999964258314777,15.199999970065482,-4.433823484413313e-07,-4.104671596583352e-10,8.208607569722945e-07,-4.989085549442218e-08,0.9999999999996618
52,540000000,52.54,terrain_world,differential_drive_robot,1.9999964258314777,15.199999970065482,-4.433823484413313e-07,-4.104671596583352e-10,8.208607569722945e-07,-4.989085549442218e-08,0.9999999999996618
52,560000000,52.56,terrain_world,differential_drive_robot,1.9999964258314777,15.199999970065482,-4.433823484413313e-07,-4.104671596583352e-10,8.208607569722945e-07,-4.989085549442218e-08,0.9999999999996618
52,580000000,52.58,terrain_world,differential_drive_robot,1.9999964258314777,15.199999970065482,-4.433823484413313e-07,-4.104671596583352e-10,8.208607569722945e-07,-4.989085549442218e-08,0.9999999999996618
52,600000000,52.6,terrain_world,differential_drive_robot,1.9999964258314777,15.199999970065482,-4.433823484413313e-07,-4.104671596583352e-10,8.208607569722945e-07,-4.989085549442218e-08,0.9999999999996618
52,620000000,52.62,terrain_world,differential_drive_robot,1.9999964258314777,15.199999970065482,-4.433823484413313e-07,-4.104671596583352e-10,8.208607569722945e-07,-4.989085549442218e-08,0.9999999999996618
52,640000000,52.64,terrain_world,differential_drive_robot,1.9999964258314777,15.199999970065482,-4.433823484413313e-07,-4.104671596583352e-10,8.208607569722945e-07,-4.989085549442218e-08,0.9999999999996618
52,660000000,52.66,terrain_world,differential_drive_robot,1.9999964258314777,15.199999970065482,-4.433823484413313e-07,-4.104671596583352e-10,8.208607569722945e-07,-4.989085549442218e-08,0.9999999999996618
52,680000000,52.68,terrain_world,differential_drive_robot,1.9999964258314777,15.199999970065482,-4.433823484413313e-07,-4.104671596583352e-10,8.208607569722945e-07,-4.989085549442218e-08,0.9999999999996618
52,700000000,52.7,terrain_world,differential_drive_robot,1.9999964258314777,15.199999970065482,-4.433823484413313e-07,-4.104671596583352e-10,8.208607569722945e-07,-4.989085549442218e-08,0.9999999999996618
52,720000000,52.72,terrain_world,differential_drive_robot,1.9999964258314777,15.199999970065482,-4.433823484413313e-07,-4.104671596583352e-10,8.208607569722945e-07,-4.989085549442218e-08,0.9999999999996618
52,740000000,52.74,terrain_world,differential_drive_robot,1.9999964258314777,15.199999970065482,-4.433823484413313e-07,-4.104671596583352e-10,8.208607569722945e-07,-4.989085549442218e-08,0.9999999999996618
52,760000000,52.76,terrain_world,differential_drive_robot,1.9999964258314777,15.199999970065482,-4.433823484413313e-07,-4.104671596583352e-10,8.208607569722945e-07,-4.989085549442218e-08,0.9999999999996618
52,780000000,52.78,terrain_world,differential_drive_robot,1.9999964258314777,15.199999970065482,-4.433823484413313e-07,-4.104671596583352e-10,8.208607569722945e-07,-4.989085549442218e-08,0.9999999999996618
52,800000000,52.8,terrain_world,differential_drive_robot,1.9999964258314777,15.199999970065482,-4.433823484413313e-07,-4.104671596583352e-10,8.208607569722945e-07,-4.989085549442218e-08,0.9999999999996618
52,820000000,52.82,terrain_world,differential_drive_robot,1.9999964258314777,15.199999970065482,-4.433823484413313e-07,-4.104671596583352e-10,8.208607569722945e-07,-4.989085549442218e-08,0.9999999999996618
52,840000000,52.84,terrain_world,differential_drive_robot,1.9999964258314777,15.199999970065482,-4.433823484413313e-07,-4.104671596583352e-10,8.208607569722945e-07,-4.989085549442218e-08,0.9999999999996618
52,860000000,52.86,terrain_world,differential_drive_robot,1.9999964258314777,15.199999970065482,-4.433823484413313e-07,-4.104671596583352e-10,8.208607569722945e-07,-4.989085549442218e-08,0.9999999999996618
52,880000000,52.88,terrain_world,differential_drive_robot,1.9999964258314777,15.199999970065482,-4.433823484413313e-07,-4.104671596583352e-10,8.208607569722945e-07,-4.989085549442218e-08,0.9999999999996618
52,900000000,52.9,terrain_world,differential_drive_robot,1.9999964258314777,15.199999970065482,-4.433823484413313e-07,-4.104671596583352e-10,8.208607569722945e-07,-4.989085549442218e-08,0.9999999999996618
52,920000000,52.92,terrain_world,differential_drive_robot,1.9999964258314777,15.199999970065482,-4.433823484413313e-07,-4.104671596583352e-10,8.208607569722945e-07,-4.989085549442218e-08,0.9999999999996618
52,940000000,52.94,terrain_world,differential_drive_robot,1.9999964258314777,15.199999970065482,-4.433823484413313e-07,-4.104671596583352e-10,8.208607569722945e-07,-4.989085549442218e-08,0.9999999999996618
52,960000000,52.96,terrain_world,differential_drive_robot,1.9999964258314777,15.199999970065482,-4.433823484413313e-07,-4.104671596583352e-10,8.208607569722945e-07,-4.989085549442218e-08,0.9999999999996618
52,980000000,52.98,terrain_world,differential_drive_robot,1.9999964258314777,15.199999970065482,-4.433823484413313e-07,-4.104671596583352e-10,8.208607569722945e-07,-4.989085549442218e-08,0.9999999999996618
53,0,53.0,terrain_world,differential_drive_robot,1.9999964258314777,15.199999970065482,-4.433823484413313e-07,-4.104671596583352e-10,8.208607569722945e-07,-4.989085549442218e-08,0.9999999999996618
53,20000000,53.02,terrain_world,differential_drive_robot,1.9999964258314777,15.199999970065482,-4.433823484413313e-07,-4.104671596583352e-10,8.208607569722945e-07,-4.989085549442218e-08,0.9999999999996618
53,40000000,53.04,terrain_world,differential_drive_robot,1.9999964258314777,15.199999970065482,-4.433823484413313e-07,-4.104671596583352e-10,8.208607569722945e-07,-4.989085549442218e-08,0.9999999999996618
53,60000000,53.06,terrain_world,differential_drive_robot,1.9999964258314777,15.199999970065482,-4.433823484413313e-07,-4.104671596583352e-10,8.208607569722945e-07,-4.989085549442218e-08,0.9999999999996618
53,80000000,53.08,terrain_world,differential_drive_robot,1.9999964258314777,15.199999970065482,-4.433823484413313e-07,-4.104671596583352e-10,8.208607569722945e-07,-4.989085549442218e-08,0.9999999999996618
53,100000000,53.1,terrain_world,differential_drive_robot,1.9999964258314777,15.199999970065482,-4.433823484413313e-07,-4.104671596583352e-10,8.208607569722945e-07,-4.989085549442218e-08,0.9999999999996618
53,120000000,53.12,terrain_world,differential_drive_robot,1.9999964258314777,15.199999970065482,-4.433823484413313e-07,-4.104671596583352e-10,8.208607569722945e-07,-4.989085549442218e-08,0.9999999999996618
53,140000000,53.14,terrain_world,differential_drive_robot,1.9999964258314777,15.199999970065482,-4.433823484413313e-07,-4.104671596583352e-10,8.208607569722945e-07,-4.989085549442218e-08,0.9999999999996618
53,160000000,53.16,terrain_world,differential_drive_robot,1.9999964258314777,15.199999970065482,-4.433823484413313e-07,-4.104671596583352e-10,8.208607569722945e-07,-4.989085549442218e-08,0.9999999999996618
53,180000000,53.18,terrain_world,differential_drive_robot,1.9999964258314777,15.199999970065482,-4.433823484413313e-07,-4.104671596583352e-10,8.208607569722945e-07,-4.989085549442218e-08,0.9999999999996618
53,200000000,53.2,terrain_world,differential_drive_robot,1.9999964258314777,15.199999970065482,-4.433823484413313e-07,-4.104671596583352e-10,8.208607569722945e-07,-4.989085549442218e-08,0.9999999999996618
53,220000000,53.22,terrain_world,differential_drive_robot,1.9999964258314777,15.199999970065482,-4.433823484413313e-07,-4.104671596583352e-10,8.208607569722945e-07,-4.989085549442218e-08,0.9999999999996618
53,240000000,53.24,terrain_world,differential_drive_robot,1.9999964258314777,15.199999970065482,-4.433823484413313e-07,-4.104671596583352e-10,8.208607569722945e-07,-4.989085549442218e-08,0.9999999999996618
53,260000000,53.26,terrain_world,differential_drive_robot,1.9999964258314777,15.199999970065482,-4.433823484413313e-07,-4.104671596583352e-10,8.208607569722945e-07,-4.989085549442218e-08,0.9999999999996618
53,280000000,53.28,terrain_world,differential_drive_robot,1.9999964258314777,15.199999970065482,-4.433823484413313e-07,-4.104671596583352e-10,8.208607569722945e-07,-4.989085549442218e-08,0.9999999999996618
53,300000000,53.3,terrain_world,differential_drive_robot,1.9999964258314777,15.199999970065482,-4.433823484413313e-07,-4.104671596583352e-10,8.208607569722945e-07,-4.989085549442218e-08,0.9999999999996618
53,320000000,53.32,terrain_world,differential_drive_robot,1.9999964258314777,15.199999970065482,-4.433823484413313e-07,-4.104671596583352e-10,8.208607569722945e-07,-4.989085549442218e-08,0.9999999999996618
53,340000000,53.34,terrain_world,differential_drive_robot,1.9999964258314777,15.199999970065482,-4.433823484413313e-07,-4.104671596583352e-10,8.208607569722945e-07,-4.989085549442218e-08,0.9999999999996618
53,360000000,53.36,terrain_world,differential_drive_robot,1.9999964258314777,15.199999970065482,-4.433823484413313e-07,-4.104671596583352e-10,8.208607569722945e-07,-4.989085549442218e-08,0.9999999999996618
53,380000000,53.38,terrain_world,differential_drive_robot,1.9999964258314777,15.199999970065482,-4.433823484413313e-07,-4.104671596583352e-10,8.208607569722945e-07,-4.989085549442218e-08,0.9999999999996618
53,400000000,53.4,terrain_world,differential_drive_robot,1.9999964258314777,15.199999970065482,-4.433823484413313e-07,-4.104671596583352e-10,8.208607569722945e-07,-4.989085549442218e-08,0.9999999999996618
53,420000000,53.42,terrain_world,differential_drive_robot,1.9999964258314777,15.199999970065482,-4.433823484413313e-07,-4.104671596583352e-10,8.208607569722945e-07,-4.989085549442218e-08,0.9999999999996618
53,440000000,53.44,terrain_world,differential_drive_robot,1.9999964258314777,15.199999970065482,-4.433823484413313e-07,-4.104671596583352e-10,8.208607569722945e-07,-4.989085549442218e-08,0.9999999999996618
53,460000000,53.46,terrain_world,differential_drive_robot,1.9999964258314777,15.199999970065482,-4.433823484413313e-07,-4.104671596583352e-10,8.208607569722945e-07,-4.989085549442218e-08,0.9999999999996618
53,480000000,53.48,terrain_world,differential_drive_robot,1.9999964258314777,15.199999970065482,-4.433823484413313e-07,-4.104671596583352e-10,8.208607569722945e-07,-4.989085549442218e-08,0.9999999999996618
53,500000000,53.5,terrain_world,differential_drive_robot,1.9999964258314777,15.199999970065482,-4.433823484413313e-07,-4.104671596583352e-10,8.208607569722945e-07,-4.989085549442218e-08,0.9999999999996618
53,520000000,53.52,terrain_world,differential_drive_robot,1.9999964258314777,15.199999970065482,-4.433823484413313e-07,-4.104671596583352e-10,8.208607569722945e-07,-4.989085549442218e-08,0.9999999999996618
53,540000000,53.54,terrain_world,differential_drive_robot,1.9999964258314777,15.199999970065482,-4.433823484413313e-07,-4.104671596583352e-10,8.208607569722945e-07,-4.989085549442218e-08,0.9999999999996618
53,560000000,53.56,terrain_world,differential_drive_robot,1.9999964258314777,15.199999970065482,-4.433823484413313e-07,-4.104671596583352e-10,8.208607569722945e-07,-4.989085549442218e-08,0.9999999999996618
53,580000000,53.58,terrain_world,differential_drive_robot,1.9999964258314777,15.199999970065482,-4.433823484413313e-07,-4.104671596583352e-10,8.208607569722945e-07,-4.989085549442218e-08,0.9999999999996618
53,600000000,53.6,terrain_world,differential_drive_robot,1.9999964258314777,15.199999970065482,-4.433823484413313e-07,-4.104671596583352e-10,8.208607569722945e-07,-4.989085549442218e-08,0.9999999999996618
53,620000000,53.62,terrain_world,differential_drive_robot,1.9999964258314777,15.199999970065482,-4.433823484413313e-07,-4.104671596583352e-10,8.208607569722945e-07,-4.989085549442218e-08,0.9999999999996618
53,640000000,53.64,terrain_world,differential_drive_robot,1.9999964258314777,15.199999970065482,-4.433823484413313e-07,-4.104671596583352e-10,8.208607569722945e-07,-4.989085549442218e-08,0.9999999999996618
53,660000000,53.66,terrain_world,differential_drive_robot,1.9999964258314777,15.199999970065482,-4.433823484413313e-07,-4.104671596583352e-10,8.208607569722945e-07,-4.989085549442218e-08,0.9999999999996618
53,680000000,53.68,terrain_world,differential_drive_robot,1.9999964258314777,15.199999970065482,-4.433823484413313e-07,-4.104671596583352e-10,8.208607569722945e-07,-4.989085549442218e-08,0.9999999999996618
53,700000000,53.7,terrain_world,differential_drive_robot,1.9999964258314777,15.199999970065482,-4.433823484413313e-07,-4.104671596583352e-10,8.208607569722945e-07,-4.989085549442218e-08,0.9999999999996618
53,720000000,53.72,terrain_world,differential_drive_robot,1.9999964258314777,15.199999970065482,-4.433823484413313e-07,-4.104671596583352e-10,8.208607569722945e-07,-4.989085549442218e-08,0.9999999999996618
53,740000000,53.74,terrain_world,differential_drive_robot,1.9999964258314777,15.199999970065482,-4.433823484413313e-07,-4.104671596583352e-10,8.208607569722945e-07,-4.989085549442218e-08,0.9999999999996618
53,760000000,53.76,terrain_world,differential_drive_robot,1.9999964258314777,15.199999970065482,-4.433823484413313e-07,-4.104671596583352e-10,8.208607569722945e-07,-4.989085549442218e-08,0.9999999999996618
53,780000000,53.78,terrain_world,differential_drive_robot,1.9999964258314777,15.199999970065482,-4.433823484413313e-07,-4.104671596583352e-10,8.208607569722945e-07,-4.989085549442218e-08,0.9999999999996618
53,800000000,53.8,terrain_world,differential_drive_robot,1.9999964258314777,15.199999970065482,-4.433823484413313e-07,-4.104671596583352e-10,8.208607569722945e-07,-4.989085549442218e-08,0.9999999999996618
53,820000000,53.82,terrain_world,differential_drive_robot,1.9999964258314777,15.199999970065482,-4.433823484413313e-07,-4.104671596583352e-10,8.208607569722945e-07,-4.989085549442218e-08,0.9999999999996618
53,840000000,53.84,terrain_world,differential_drive_robot,1.9999964258314777,15.199999970065482,-4.433823484413313e-07,-4.104671596583352e-10,8.208607569722945e-07,-4.989085549442218e-08,0.9999999999996618
53,860000000,53.86,terrain_world,differential_drive_robot,1.9999964258314777,15.199999970065482,-4.433823484413313e-07,-4.104671596583352e-10,8.208607569722945e-07,-4.989085549442218e-08,0.9999999999996618
53,880000000,53.88,terrain_world,differential_drive_robot,1.9999964258314777,15.199999970065482,-4.433823484413313e-07,-4.104671596583352e-10,8.208607569722945e-07,-4.989085549442218e-08,0.9999999999996618
53,900000000,53.9,terrain_world,differential_drive_robot,1.9999964258314777,15.199999970065482,-4.433823484413313e-07,-4.104671596583352e-10,8.208607569722945e-07,-4.989085549442218e-08,0.9999999999996618
53,920000000,53.92,terrain_world,differential_drive_robot,1.9999964258314777,15.199999970065482,-4.433823484413313e-07,-4.104671596583352e-10,8.208607569722945e-07,-4.989085549442218e-08,0.9999999999996618
53,940000000,53.94,terrain_world,differential_drive_robot,1.9999964258314777,15.199999970065482,-4.433823484413313e-07,-4.104671596583352e-10,8.208607569722945e-07,-4.989085549442218e-08,0.9999999999996618
53,960000000,53.96,terrain_world,differential_drive_robot,1.9999964258314777,15.199999970065482,-4.433823484413313e-07,-4.104671596583352e-10,8.208607569722945e-07,-4.989085549442218e-08,0.9999999999996618
53,980000000,53.98,terrain_world,differential_drive_robot,1.9999964258314777,15.199999970065482,-4.433823484413313e-07,-4.104671596583352e-10,8.208607569722945e-07,-4.989085549442218e-08,0.9999999999996618
54,0,54.0,terrain_world,differential_drive_robot,1.9999964258314777,15.199999970065482,-4.433823484413313e-07,-4.104671596583352e-10,8.208607569722945e-07,-4.989085549442218e-08,0.9999999999996618
54,20000000,54.02,terrain_world,differential_drive_robot,1.9999964258314777,15.199999970065482,-4.433823484413313e-07,-4.104671596583352e-10,8.208607569722945e-07,-4.989085549442218e-08,0.9999999999996618
54,40000000,54.04,terrain_world,differential_drive_robot,1.9999964258314777,15.199999970065482,-4.433823484413313e-07,-4.104671596583352e-10,8.208607569722945e-07,-4.989085549442218e-08,0.9999999999996618
54,60000000,54.06,terrain_world,differential_drive_robot,1.9999964258314777,15.199999970065482,-4.433823484413313e-07,-4.104671596583352e-10,8.208607569722945e-07,-4.989085549442218e-08,0.9999999999996618
54,80000000,54.08,terrain_world,differential_drive_robot,1.9999964258314777,15.199999970065482,-4.433823484413313e-07,-4.104671596583352e-10,8.208607569722945e-07,-4.989085549442218e-08,0.9999999999996618
54,100000000,54.1,terrain_world,differential_drive_robot,1.9999964258314777,15.199999970065482,-4.433823484413313e-07,-4.104671596583352e-10,8.208607569722945e-07,-4.989085549442218e-08,0.9999999999996618
54,120000000,54.12,terrain_world,differential_drive_robot,1.9999964258314777,15.199999970065482,-4.433823484413313e-07,-4.104671596583352e-10,8.208607569722945e-07,-4.989085549442218e-08,0.9999999999996618
54,140000000,54.14,terrain_world,differential_drive_robot,1.9999964258314777,15.199999970065482,-4.433823484413313e-07,-4.104671596583352e-10,8.208607569722945e-07,-4.989085549442218e-08,0.9999999999996618
54,160000000,54.16,terrain_world,differential_drive_robot,1.9999964258314777,15.199999970065482,-4.433823484413313e-07,-4.104671596583352e-10,8.208607569722945e-07,-4.989085549442218e-08,0.9999999999996618
54,180000000,54.18,terrain_world,differential_drive_robot,1.9999964258314777,15.199999970065482,-4.433823484413313e-07,-4.104671596583352e-10,8.208607569722945e-07,-4.989085549442218e-08,0.9999999999996618
54,200000000,54.2,terrain_world,differential_drive_robot,1.9999964258314777,15.199999970065482,-4.433823484413313e-07,-4.104671596583352e-10,8.208607569722945e-07,-4.989085549442218e-08,0.9999999999996618
54,220000000,54.22,terrain_world,differential_drive_robot,1.9999964258314777,15.199999970065482,-4.433823484413313e-07,-4.104671596583352e-10,8.208607569722945e-07,-4.989085549442218e-08,0.9999999999996618
54,240000000,54.24,terrain_world,differential_drive_robot,1.9999964258314777,15.199999970065482,-4.433823484413313e-07,-4.104671596583352e-10,8.208607569722945e-07,-4.989085549442218e-08,0.9999999999996618
54,260000000,54.26,terrain_world,differential_drive_robot,1.9999964258314777,15.199999970065482,-4.433823484413313e-07,-4.104671596583352e-10,8.208607569722945e-07,-4.989085549442218e-08,0.9999999999996618
54,280000000,54.28,terrain_world,differential_drive_robot,1.9999964258314777,15.199999970065482,-4.433823484413313e-07,-4.104671596583352e-10,8.208607569722945e-07,-4.989085549442218e-08,0.9999999999996618
54,300000000,54.3,terrain_world,differential_drive_robot,1.9999964258314777,15.199999970065482,-4.433823484413313e-07,-4.104671596583352e-10,8.208607569722945e-07,-4.989085549442218e-08,0.9999999999996618
54,320000000,54.32,terrain_world,differential_drive_robot,1.9999964258314777,15.199999970065482,-4.433823484413313e-07,-4.104671596583352e-10,8.208607569722945e-07,-4.989085549442218e-08,0.9999999999996618
54,340000000,54.34,terrain_world,differential_drive_robot,1.9999964258314777,15.199999970065482,-4.433823484413313e-07,-4.104671596583352e-10,8.208607569722945e-07,-4.989085549442218e-08,0.9999999999996618
54,360000000,54.36,terrain_world,differential_drive_robot,1.9999964258314777,15.199999970065482,-4.433823484413313e-07,-4.104671596583352e-10,8.208607569722945e-07,-4.989085549442218e-08,0.9999999999996618
54,380000000,54.38,terrain_world,differential_drive_robot,1.9999964258314777,15.199999970065482,-4.433823484413313e-07,-4.104671596583352e-10,8.208607569722945e-07,-4.989085549442218e-08,0.9999999999996618
54,400000000,54.4,terrain_world,differential_drive_robot,1.9999964258314777,15.199999970065482,-4.433823484413313e-07,-4.104671596583352e-10,8.208607569722945e-07,-4.989085549442218e-08,0.9999999999996618
54,420000000,54.42,terrain_world,differential_drive_robot,1.9999964258314777,15.199999970065482,-4.433823484413313e-07,-4.104671596583352e-10,8.208607569722945e-07,-4.989085549442218e-08,0.9999999999996618
54,440000000,54.44,terrain_world,differential_drive_robot,1.9999964258314777,15.199999970065482,-4.433823484413313e-07,-4.104671596583352e-10,8.208607569722945e-07,-4.989085549442218e-08,0.9999999999996618
54,460000000,54.46,terrain_world,differential_drive_robot,1.9999964258314777,15.199999970065482,-4.433823484413313e-07,-4.104671596583352e-10,8.208607569722945e-07,-4.989085549442218e-08,0.9999999999996618
54,480000000,54.48,terrain_world,differential_drive_robot,1.9999964258314777,15.199999970065482,-4.433823484413313e-07,-4.104671596583352e-10,8.208607569722945e-07,-4.989085549442218e-08,0.9999999999996618
54,500000000,54.5,terrain_world,differential_drive_robot,1.9999964258314777,15.199999970065482,-4.433823484413313e-07,-4.104671596583352e-10,8.208607569722945e-07,-4.989085549442218e-08,0.9999999999996618
54,520000000,54.52,terrain_world,differential_drive_robot,1.9999964258314777,15.199999970065482,-4.433823484413313e-07,-4.104671596583352e-10,8.208607569722945e-07,-4.989085549442218e-08,0.9999999999996618
54,540000000,54.54,terrain_world,differential_drive_robot,1.9999964258314777,15.199999970065482,-4.433823484413313e-07,-4.104671596583352e-10,8.208607569722945e-07,-4.989085549442218e-08,0.9999999999996618
54,560000000,54.56,terrain_world,differential_drive_robot,1.9999964258314777,15.199999970065482,-4.433823484413313e-07,-4.104671596583352e-10,8.208607569722945e-07,-4.989085549442218e-08,0.9999999999996618
54,580000000,54.58,terrain_world,differential_drive_robot,1.9999964258314777,15.199999970065482,-4.433823484413313e-07,-4.104671596583352e-10,8.208607569722945e-07,-4.989085549442218e-08,0.9999999999996618
54,600000000,54.6,terrain_world,differential_drive_robot,1.9999964258314777,15.199999970065482,-4.433823484413313e-07,-4.104671596583352e-10,8.208607569722945e-07,-4.989085549442218e-08,0.9999999999996618
54,620000000,54.62,terrain_world,differential_drive_robot,1.9999964258314777,15.199999970065482,-4.433823484413313e-07,-4.104671596583352e-10,8.208607569722945e-07,-4.989085549442218e-08,0.9999999999996618
54,640000000,54.64,terrain_world,differential_drive_robot,1.9999964258314777,15.199999970065482,-4.433823484413313e-07,-4.104671596583352e-10,8.208607569722945e-07,-4.989085549442218e-08,0.9999999999996618
54,660000000,54.66,terrain_world,differential_drive_robot,1.9999964258314777,15.199999970065482,-4.433823484413313e-07,-4.104671596583352e-10,8.208607569722945e-07,-4.989085549442218e-08,0.9999999999996618
54,680000000,54.68,terrain_world,differential_drive_robot,1.9999964258314777,15.199999970065482,-4.433823484413313e-07,-4.104671596583352e-10,8.208607569722945e-07,-4.989085549442218e-08,0.9999999999996618
54,700000000,54.7,terrain_world,differential_drive_robot,1.9999964258314777,15.199999970065482,-4.433823484413313e-07,-4.104671596583352e-10,8.208607569722945e-07,-4.989085549442218e-08,0.9999999999996618
54,720000000,54.72,terrain_world,differential_drive_robot,1.9999964258314777,15.199999970065482,-4.433823484413313e-07,-4.104671596583352e-10,8.208607569722945e-07,-4.989085549442218e-08,0.9999999999996618
54,740000000,54.74,terrain_world,differential_drive_robot,1.9999964258314777,15.199999970065482,-4.433823484413313e-07,-4.104671596583352e-10,8.208607569722945e-07,-4.989085549442218e-08,0.9999999999996618
54,760000000,54.76,terrain_world,differential_drive_robot,1.9999964258314777,15.199999970065482,-4.433823484413313e-07,-4.104671596583352e-10,8.208607569722945e-07,-4.989085549442218e-08,0.9999999999996618
54,780000000,54.78,terrain_world,differential_drive_robot,1.9999964258314777,15.199999970065482,-4.433823484413313e-07,-4.104671596583352e-10,8.208607569722945e-07,-4.989085549442218e-08,0.9999999999996618
54,800000000,54.8,terrain_world,differential_drive_robot,1.9999964258314777,15.199999970065482,-4.433823484413313e-07,-4.104671596583352e-10,8.208607569722945e-07,-4.989085549442218e-08,0.9999999999996618
54,820000000,54.82,terrain_world,differential_drive_robot,1.9999964258314777,15.199999970065482,-4.433823484413313e-07,-4.104671596583352e-10,8.208607569722945e-07,-4.989085549442218e-08,0.9999999999996618
54,840000000,54.84,terrain_world,differential_drive_robot,1.9999964258314777,15.199999970065482,-4.433823484413313e-07,-4.104671596583352e-10,8.208607569722945e-07,-4.989085549442218e-08,0.9999999999996618
54,860000000,54.86,terrain_world,differential_drive_robot,1.9999964258314777,15.199999970065482,-4.433823484413313e-07,-4.104671596583352e-10,8.208607569722945e-07,-4.989085549442218e-08,0.9999999999996618
54,880000000,54.88,terrain_world,differential_drive_robot,1.9999964258314777,15.199999970065482,-4.433823484413313e-07,-4.104671596583352e-10,8.208607569722945e-07,-4.989085549442218e-08,0.9999999999996618
54,900000000,54.9,terrain_world,differential_drive_robot,1.9999964258314777,15.199999970065482,-4.433823484413313e-07,-4.104671596583352e-10,8.208607569722945e-07,-4.989085549442218e-08,0.9999999999996618
54,920000000,54.92,terrain_world,differential_drive_robot,1.9999964258314777,15.199999970065482,-4.433823484413313e-07,-4.104671596583352e-10,8.208607569722945e-07,-4.989085549442218e-08,0.9999999999996618
54,940000000,54.94,terrain_world,differential_drive_robot,1.9999964258314777,15.199999970065482,-4.433823484413313e-07,-4.104671596583352e-10,8.208607569722945e-07,-4.989085549442218e-08,0.9999999999996618
54,960000000,54.96,terrain_world,differential_drive_robot,1.9999964258314777,15.199999970065482,-4.433823484413313e-07,-4.104671596583352e-10,8.208607569722945e-07,-4.989085549442218e-08,0.9999999999996618
54,980000000,54.98,terrain_world,differential_drive_robot,1.9999964258314777,15.199999970065482,-4.433823484413313e-07,-4.104671596583352e-10,8.208607569722945e-07,-4.989085549442218e-08,0.9999999999996618
55,0,55.0,terrain_world,differential_drive_robot,1.9999964258314777,15.199999970065482,-4.433823484413313e-07,-4.104671596583352e-10,8.208607569722945e-07,-4.989085549442218e-08,0.9999999999996618
55,20000000,55.02,terrain_world,differential_drive_robot,1.9999964258314777,15.199999970065482,-4.433823484413313e-07,-4.104671596583352e-10,8.208607569722945e-07,-4.989085549442218e-08,0.9999999999996618
55,40000000,55.04,terrain_world,differential_drive_robot,1.9999964258314777,15.199999970065482,-4.433823484413313e-07,-4.104671596583352e-10,8.208607569722945e-07,-4.989085549442218e-08,0.9999999999996618
55,60000000,55.06,terrain_world,differential_drive_robot,1.9999964258314777,15.199999970065482,-4.433823484413313e-07,-4.104671596583352e-10,8.208607569722945e-07,-4.989085549442218e-08,0.9999999999996618
55,80000000,55.08,terrain_world,differential_drive_robot,1.9999964258314777,15.199999970065482,-4.433823484413313e-07,-4.104671596583352e-10,8.208607569722945e-07,-4.989085549442218e-08,0.9999999999996618
55,100000000,55.1,terrain_world,differential_drive_robot,1.9999964258314777,15.199999970065482,-4.433823484413313e-07,-4.104671596583352e-10,8.208607569722945e-07,-4.989085549442218e-08,0.9999999999996618
55,120000000,55.12,terrain_world,differential_drive_robot,1.9999964258314777,15.199999970065482,-4.433823484413313e-07,-4.104671596583352e-10,8.208607569722945e-07,-4.989085549442218e-08,0.9999999999996618
55,140000000,55.14,terrain_world,differential_drive_robot,1.9999964258314777,15.199999970065482,-4.433823484413313e-07,-4.104671596583352e-10,8.208607569722945e-07,-4.989085549442218e-08,0.9999999999996618
55,160000000,55.16,terrain_world,differential_drive_robot,1.9999964258314777,15.199999970065482,-4.433823484413313e-07,-4.104671596583352e-10,8.208607569722945e-07,-4.989085549442218e-08,0.9999999999996618
55,180000000,55.18,terrain_world,differential_drive_robot,1.9999964258314777,15.199999970065482,-4.433823484413313e-07,-4.104671596583352e-10,8.208607569722945e-07,-4.989085549442218e-08,0.9999999999996618
55,200000000,55.2,terrain_world,differential_drive_robot,1.9999964258314777,15.199999970065482,-4.433823484413313e-07,-4.104671596583352e-10,8.208607569722945e-07,-4.989085549442218e-08,0.9999999999996618
55,220000000,55.22,terrain_world,differential_drive_robot,1.9999964258314777,15.199999970065482,-4.433823484413313e-07,-4.104671596583352e-10,8.208607569722945e-07,-4.989085549442218e-08,0.9999999999996618
55,240000000,55.24,terrain_world,differential_drive_robot,1.9999964258314777,15.199999970065482,-4.433823484413313e-07,-4.104671596583352e-10,8.208607569722945e-07,-4.989085549442218e-08,0.9999999999996618
55,260000000,55.26,terrain_world,differential_drive_robot,1.9999964258314777,15.199999970065482,-4.433823484413313e-07,-4.104671596583352e-10,8.208607569722945e-07,-4.989085549442218e-08,0.9999999999996618
55,280000000,55.28,terrain_world,differential_drive_robot,1.9999964258314777,15.199999970065482,-4.433823484413313e-07,-4.104671596583352e-10,8.208607569722945e-07,-4.989085549442218e-08,0.9999999999996618
55,300000000,55.3,terrain_world,differential_drive_robot,1.9999964258314777,15.199999970065482,-4.433823484413313e-07,-4.104671596583352e-10,8.208607569722945e-07,-4.989085549442218e-08,0.9999999999996618
55,320000000,55.32,terrain_world,differential_drive_robot,1.9999964258314777,15.199999970065482,-4.433823484413313e-07,-4.104671596583352e-10,8.208607569722945e-07,-4.989085549442218e-08,0.9999999999996618
55,340000000,55.34,terrain_world,differential_drive_robot,1.9999964258314777,15.199999970065482,-4.433823484413313e-07,-4.104671596583352e-10,8.208607569722945e-07,-4.989085549442218e-08,0.9999999999996618
55,360000000,55.36,terrain_world,differential_drive_robot,1.9999964258314777,15.199999970065482,-4.433823484413313e-07,-4.104671596583352e-10,8.208607569722945e-07,-4.989085549442218e-08,0.9999999999996618
55,380000000,55.38,terrain_world,differential_drive_robot,1.9999964258314777,15.199999970065482,-4.433823484413313e-07,-4.104671596583352e-10,8.208607569722945e-07,-4.989085549442218e-08,0.9999999999996618
55,400000000,55.4,terrain_world,differential_drive_robot,1.9999964258314777,15.199999970065482,-4.433823484413313e-07,-4.104671596583352e-10,8.208607569722945e-07,-4.989085549442218e-08,0.9999999999996618
55,420000000,55.42,terrain_world,differential_drive_robot,1.9999964258314777,15.199999970065482,-4.433823484413313e-07,-4.104671596583352e-10,8.208607569722945e-07,-4.989085549442218e-08,0.9999999999996618
55,440000000,55.44,terrain_world,differential_drive_robot,1.9999964258314777,15.199999970065482,-4.433823484413313e-07,-4.104671596583352e-10,8.208607569722945e-07,-4.989085549442218e-08,0.9999999999996618
55,460000000,55.46,terrain_world,differential_drive_robot,1.9999964258314777,15.199999970065482,-4.433823484413313e-07,-4.104671596583352e-10,8.208607569722945e-07,-4.989085549442218e-08,0.9999999999996618
55,480000000,55.48,terrain_world,differential_drive_robot,1.9999964258314777,15.199999970065482,-4.433823484413313e-07,-4.104671596583352e-10,8.208607569722945e-07,-4.989085549442218e-08,0.9999999999996618
55,500000000,55.5,terrain_world,differential_drive_robot,1.9999964258314777,15.199999970065482,-4.433823484413313e-07,-4.104671596583352e-10,8.208607569722945e-07,-4.989085549442218e-08,0.9999999999996618
55,520000000,55.52,terrain_world,differential_drive_robot,1.9999964258314777,15.199999970065482,-4.433823484413313e-07,-4.104671596583352e-10,8.208607569722945e-07,-4.989085549442218e-08,0.9999999999996618
55,540000000,55.54,terrain_world,differential_drive_robot,1.9999964258314777,15.199999970065482,-4.433823484413313e-07,-4.104671596583352e-10,8.208607569722945e-07,-4.989085549442218e-08,0.9999999999996618
55,560000000,55.56,terrain_world,differential_drive_robot,1.9999964258314777,15.199999970065482,-4.433823484413313e-07,-4.104671596583352e-10,8.208607569722945e-07,-4.989085549442218e-08,0.9999999999996618
55,580000000,55.58,terrain_world,differential_drive_robot,1.9999964258314777,15.199999970065482,-4.433823484413313e-07,-4.104671596583352e-10,8.208607569722945e-07,-4.989085549442218e-08,0.9999999999996618
55,600000000,55.6,terrain_world,differential_drive_robot,1.9999964258314777,15.199999970065482,-4.433823484413313e-07,-4.104671596583352e-10,8.208607569722945e-07,-4.989085549442218e-08,0.9999999999996618
55,620000000,55.62,terrain_world,differential_drive_robot,1.9999964258314777,15.199999970065482,-4.433823484413313e-07,-4.104671596583352e-10,8.208607569722945e-07,-4.989085549442218e-08,0.9999999999996618
55,640000000,55.64,terrain_world,differential_drive_robot,1.9999964258314777,15.199999970065482,-4.433823484413313e-07,-4.104671596583352e-10,8.208607569722945e-07,-4.989085549442218e-08,0.9999999999996618
55,660000000,55.66,terrain_world,differential_drive_robot,1.9999964258314777,15.199999970065482,-4.433823484413313e-07,-4.104671596583352e-10,8.208607569722945e-07,-4.989085549442218e-08,0.9999999999996618
55,680000000,55.68,terrain_world,differential_drive_robot,1.9999964258314777,15.199999970065482,-4.433823484413313e-07,-4.104671596583352e-10,8.208607569722945e-07,-4.989085549442218e-08,0.9999999999996618
55,700000000,55.7,terrain_world,differential_drive_robot,1.9999964258314777,15.199999970065482,-4.433823484413313e-07,-4.104671596583352e-10,8.208607569722945e-07,-4.989085549442218e-08,0.9999999999996618
55,720000000,55.72,terrain_world,differential_drive_robot,1.9999964258314777,15.199999970065482,-4.433823484413313e-07,-4.104671596583352e-10,8.208607569722945e-07,-4.989085549442218e-08,0.9999999999996618
55,740000000,55.74,terrain_world,differential_drive_robot,1.9999964258314777,15.199999970065482,-4.433823484413313e-07,-4.104671596583352e-10,8.208607569722945e-07,-4.989085549442218e-08,0.9999999999996618
55,760000000,55.76,terrain_world,differential_drive_robot,1.9999964258314777,15.199999970065482,-4.433823484413313e-07,-4.104671596583352e-10,8.208607569722945e-07,-4.989085549442218e-08,0.9999999999996618
55,780000000,55.78,terrain_world,differential_drive_robot,1.9999964258314777,15.199999970065482,-4.433823484413313e-07,-4.104671596583352e-10,8.208607569722945e-07,-4.989085549442218e-08,0.9999999999996618
55,800000000,55.8,terrain_world,differential_drive_robot,1.9999964258314777,15.199999970065482,-4.433823484413313e-07,-4.104671596583352e-10,8.208607569722945e-07,-4.989085549442218e-08,0.9999999999996618
55,820000000,55.82,terrain_world,differential_drive_robot,1.9999964258314777,15.199999970065482,-4.433823484413313e-07,-4.104671596583352e-10,8.208607569722945e-07,-4.989085549442218e-08,0.9999999999996618
55,840000000,55.84,terrain_world,differential_drive_robot,1.9999964258314777,15.199999970065482,-4.433823484413313e-07,-4.104671596583352e-10,8.208607569722945e-07,-4.989085549442218e-08,0.9999999999996618
55,860000000,55.86,terrain_world,differential_drive_robot,1.9999964258314777,15.199999970065482,-4.433823484413313e-07,-4.104671596583352e-10,8.208607569722945e-07,-4.989085549442218e-08,0.9999999999996618
55,880000000,55.88,terrain_world,differential_drive_robot,1.9999964258314777,15.199999970065482,-4.433823484413313e-07,-4.104671596583352e-10,8.208607569722945e-07,-4.989085549442218e-08,0.9999999999996618
55,900000000,55.9,terrain_world,differential_drive_robot,1.9999964258314777,15.199999970065482,-4.433823484413313e-07,-4.104671596583352e-10,8.208607569722945e-07,-4.989085549442218e-08,0.9999999999996618
55,920000000,55.92,terrain_world,differential_drive_robot,1.9999964258314777,15.199999970065482,-4.433823484413313e-07,-4.104671596583352e-10,8.208607569722945e-07,-4.989085549442218e-08,0.9999999999996618
55,940000000,55.94,terrain_world,differential_drive_robot,1.9999964258314777,15.199999970065482,-4.433823484413313e-07,-4.104671596583352e-10,8.208607569722945e-07,-4.989085549442218e-08,0.9999999999996618
55,960000000,55.96,terrain_world,differential_drive_robot,1.9999964258314777,15.199999970065482,-4.433823484413313e-07,-4.104671596583352e-10,8.208607569722945e-07,-4.989085549442218e-08,0.9999999999996618
55,980000000,55.98,terrain_world,differential_drive_robot,1.9999964258314777,15.199999970065482,-4.433823484413313e-07,-4.104671596583352e-10,8.208607569722945e-07,-4.989085549442218e-08,0.9999999999996618
56,0,56.0,terrain_world,differential_drive_robot,1.9999964258314777,15.199999970065482,-4.433823484413313e-07,-4.104671596583352e-10,8.208607569722945e-07,-4.989085549442218e-08,0.9999999999996618
56,20000000,56.02,terrain_world,differential_drive_robot,1.9999964258314777,15.199999970065482,-4.433823484413313e-07,-4.104671596583352e-10,8.208607569722945e-07,-4.989085549442218e-08,0.9999999999996618
56,40000000,56.04,terrain_world,differential_drive_robot,1.9999964258314777,15.199999970065482,-4.433823484413313e-07,-4.104671596583352e-10,8.208607569722945e-07,-4.989085549442218e-08,0.9999999999996618
56,60000000,56.06,terrain_world,differential_drive_robot,1.9999964258314777,15.199999970065482,-4.433823484413313e-07,-4.104671596583352e-10,8.208607569722945e-07,-4.989085549442218e-08,0.9999999999996618
56,80000000,56.08,terrain_world,differential_drive_robot,1.9999964258314777,15.199999970065482,-4.433823484413313e-07,-4.104671596583352e-10,8.208607569722945e-07,-4.989085549442218e-08,0.9999999999996618
56,100000000,56.1,terrain_world,differential_drive_robot,1.9999964258314777,15.199999970065482,-4.433823484413313e-07,-4.104671596583352e-10,8.208607569722945e-07,-4.989085549442218e-08,0.9999999999996618
56,120000000,56.12,terrain_world,differential_drive_robot,1.9999964258314777,15.199999970065482,-4.433823484413313e-07,-4.104671596583352e-10,8.208607569722945e-07,-4.989085549442218e-08,0.9999999999996618
56,140000000,56.14,terrain_world,differential_drive_robot,1.9999964258314777,15.199999970065482,-4.433823484413313e-07,-4.104671596583352e-10,8.208607569722945e-07,-4.989085549442218e-08,0.9999999999996618
56,160000000,56.16,terrain_world,differential_drive_robot,1.9999964258314777,15.199999970065482,-4.433823484413313e-07,-4.104671596583352e-10,8.208607569722945e-07,-4.989085549442218e-08,0.9999999999996618
56,180000000,56.18,terrain_world,differential_drive_robot,1.9999964258314777,15.199999970065482,-4.433823484413313e-07,-4.104671596583352e-10,8.208607569722945e-07,-4.989085549442218e-08,0.9999999999996618
56,200000000,56.2,terrain_world,differential_drive_robot,1.9999964258314777,15.199999970065482,-4.433823484413313e-07,-4.104671596583352e-10,8.208607569722945e-07,-4.989085549442218e-08,0.9999999999996618
56,220000000,56.22,terrain_world,differential_drive_robot,1.9999964258314777,15.199999970065482,-4.433823484413313e-07,-4.104671596583352e-10,8.208607569722945e-07,-4.989085549442218e-08,0.9999999999996618
56,240000000,56.24,terrain_world,differential_drive_robot,1.9999964258314777,15.199999970065482,-4.433823484413313e-07,-4.104671596583352e-10,8.208607569722945e-07,-4.989085549442218e-08,0.9999999999996618
56,260000000,56.26,terrain_world,differential_drive_robot,1.9999964258314777,15.199999970065482,-4.433823484413313e-07,-4.104671596583352e-10,8.208607569722945e-07,-4.989085549442218e-08,0.9999999999996618
56,280000000,56.28,terrain_world,differential_drive_robot,1.9999964258314777,15.199999970065482,-4.433823484413313e-07,-4.104671596583352e-10,8.208607569722945e-07,-4.989085549442218e-08,0.9999999999996618
56,300000000,56.3,terrain_world,differential_drive_robot,1.9999964258314777,15.199999970065482,-4.433823484413313e-07,-4.104671596583352e-10,8.208607569722945e-07,-4.989085549442218e-08,0.9999999999996618
56,320000000,56.32,terrain_world,differential_drive_robot,1.9999964258314777,15.199999970065482,-4.433823484413313e-07,-4.104671596583352e-10,8.208607569722945e-07,-4.989085549442218e-08,0.9999999999996618
56,340000000,56.34,terrain_world,differential_drive_robot,1.9999964258314777,15.199999970065482,-4.433823484413313e-07,-4.104671596583352e-10,8.208607569722945e-07,-4.989085549442218e-08,0.9999999999996618
56,360000000,56.36,terrain_world,differential_drive_robot,1.9999964258314777,15.199999970065482,-4.433823484413313e-07,-4.104671596583352e-10,8.208607569722945e-07,-4.989085549442218e-08,0.9999999999996618
56,380000000,56.38,terrain_world,differential_drive_robot,1.9999964258314777,15.199999970065482,-4.433823484413313e-07,-4.104671596583352e-10,8.208607569722945e-07,-4.989085549442218e-08,0.9999999999996618
56,400000000,56.4,terrain_world,differential_drive_robot,1.9999964258314777,15.199999970065482,-4.433823484413313e-07,-4.104671596583352e-10,8.208607569722945e-07,-4.989085549442218e-08,0.9999999999996618
56,420000000,56.42,terrain_world,differential_drive_robot,1.9999964258314777,15.199999970065482,-4.433823484413313e-07,-4.104671596583352e-10,8.208607569722945e-07,-4.989085549442218e-08,0.9999999999996618
56,440000000,56.44,terrain_world,differential_drive_robot,1.9999964258314777,15.199999970065482,-4.433823484413313e-07,-4.104671596583352e-10,8.208607569722945e-07,-4.989085549442218e-08,0.9999999999996618
56,460000000,56.46,terrain_world,differential_drive_robot,1.9999964258314777,15.199999970065482,-4.433823484413313e-07,-4.104671596583352e-10,8.208607569722945e-07,-4.989085549442218e-08,0.9999999999996618
56,480000000,56.48,terrain_world,differential_drive_robot,1.9999964258314777,15.199999970065482,-4.433823484413313e-07,-4.104671596583352e-10,8.208607569722945e-07,-4.989085549442218e-08,0.9999999999996618
56,500000000,56.5,terrain_world,differential_drive_robot,1.9999964258314777,15.199999970065482,-4.433823484413313e-07,-4.104671596583352e-10,8.208607569722945e-07,-4.989085549442218e-08,0.9999999999996618
56,520000000,56.52,terrain_world,differential_drive_robot,1.9999964258314777,15.199999970065482,-4.433823484413313e-07,-4.104671596583352e-10,8.208607569722945e-07,-4.989085549442218e-08,0.9999999999996618
56,540000000,56.54,terrain_world,differential_drive_robot,1.9999964258314777,15.199999970065482,-4.433823484413313e-07,-4.104671596583352e-10,8.208607569722945e-07,-4.989085549442218e-08,0.9999999999996618
56,560000000,56.56,terrain_world,differential_drive_robot,1.9999964258314777,15.199999970065482,-4.433823484413313e-07,-4.104671596583352e-10,8.208607569722945e-07,-4.989085549442218e-08,0.9999999999996618
56,580000000,56.58,terrain_world,differential_drive_robot,1.9999964258314777,15.199999970065482,-4.433823484413313e-07,-4.104671596583352e-10,8.208607569722945e-07,-4.989085549442218e-08,0.9999999999996618
56,600000000,56.6,terrain_world,differential_drive_robot,1.9999964258314777,15.199999970065482,-4.433823484413313e-07,-4.104671596583352e-10,8.208607569722945e-07,-4.989085549442218e-08,0.9999999999996618
56,620000000,56.62,terrain_world,differential_drive_robot,1.9999964258314777,15.199999970065482,-4.433823484413313e-07,-4.104671596583352e-10,8.208607569722945e-07,-4.989085549442218e-08,0.9999999999996618
56,640000000,56.64,terrain_world,differential_drive_robot,1.9999964258314777,15.199999970065482,-4.433823484413313e-07,-4.104671596583352e-10,8.208607569722945e-07,-4.989085549442218e-08,0.9999999999996618
56,660000000,56.66,terrain_world,differential_drive_robot,1.9999964258314777,15.199999970065482,-4.433823484413313e-07,-4.104671596583352e-10,8.208607569722945e-07,-4.989085549442218e-08,0.9999999999996618
56,680000000,56.68,terrain_world,differential_drive_robot,1.9999964258314777,15.199999970065482,-4.433823484413313e-07,-4.104671596583352e-10,8.208607569722945e-07,-4.989085549442218e-08,0.9999999999996618
56,700000000,56.7,terrain_world,differential_drive_robot,1.9999964258314777,15.199999970065482,-4.433823484413313e-07,-4.104671596583352e-10,8.208607569722945e-07,-4.989085549442218e-08,0.9999999999996618
56,720000000,56.72,terrain_world,differential_drive_robot,1.9999964258314777,15.199999970065482,-4.433823484413313e-07,-4.104671596583352e-10,8.208607569722945e-07,-4.989085549442218e-08,0.9999999999996618
56,740000000,56.74,terrain_world,differential_drive_robot,1.9999964258314777,15.199999970065482,-4.433823484413313e-07,-4.104671596583352e-10,8.208607569722945e-07,-4.989085549442218e-08,0.9999999999996618
56,760000000,56.76,terrain_world,differential_drive_robot,1.9999964258314777,15.199999970065482,-4.433823484413313e-07,-4.104671596583352e-10,8.208607569722945e-07,-4.989085549442218e-08,0.9999999999996618
56,780000000,56.78,terrain_world,differential_drive_robot,1.9999964258314777,15.199999970065482,-4.433823484413313e-07,-4.104671596583352e-10,8.208607569722945e-07,-4.989085549442218e-08,0.9999999999996618
56,800000000,56.8,terrain_world,differential_drive_robot,1.9999964258314777,15.199999970065482,-4.433823484413313e-07,-4.104671596583352e-10,8.208607569722945e-07,-4.989085549442218e-08,0.9999999999996618
56,820000000,56.82,terrain_world,differential_drive_robot,1.9999964258314777,15.199999970065482,-4.433823484413313e-07,-4.104671596583352e-10,8.208607569722945e-07,-4.989085549442218e-08,0.9999999999996618
56,840000000,56.84,terrain_world,differential_drive_robot,1.9999964258314777,15.199999970065482,-4.433823484413313e-07,-4.104671596583352e-10,8.208607569722945e-07,-4.989085549442218e-08,0.9999999999996618
56,860000000,56.86,terrain_world,differential_drive_robot,1.9999964258314777,15.199999970065482,-4.433823484413313e-07,-4.104671596583352e-10,8.208607569722945e-07,-4.989085549442218e-08,0.9999999999996618
56,880000000,56.88,terrain_world,differential_drive_robot,1.9999964258314777,15.199999970065482,-4.433823484413313e-07,-4.104671596583352e-10,8.208607569722945e-07,-4.989085549442218e-08,0.9999999999996618
56,900000000,56.9,terrain_world,differential_drive_robot,1.9999964258314777,15.199999970065482,-4.433823484413313e-07,-4.104671596583352e-10,8.208607569722945e-07,-4.989085549442218e-08,0.9999999999996618
56,920000000,56.92,terrain_world,differential_drive_robot,1.9999964258314777,15.199999970065482,-4.433823484413313e-07,-4.104671596583352e-10,8.208607569722945e-07,-4.989085549442218e-08,0.9999999999996618
56,940000000,56.94,terrain_world,differential_drive_robot,1.9999964258314777,15.199999970065482,-4.433823484413313e-07,-4.104671596583352e-10,8.208607569722945e-07,-4.989085549442218e-08,0.9999999999996618
56,960000000,56.96,terrain_world,differential_drive_robot,1.9999964258314777,15.199999970065482,-4.433823484413313e-07,-4.104671596583352e-10,8.208607569722945e-07,-4.989085549442218e-08,0.9999999999996618
56,980000000,56.98,terrain_world,differential_drive_robot,1.9999964258314777,15.199999970065482,-4.433823484413313e-07,-4.104671596583352e-10,8.208607569722945e-07,-4.989085549442218e-08,0.9999999999996618
57,0,57.0,terrain_world,differential_drive_robot,1.9999964258314777,15.199999970065482,-4.433823484413313e-07,-4.104671596583352e-10,8.208607569722945e-07,-4.989085549442218e-08,0.9999999999996618
57,20000000,57.02,terrain_world,differential_drive_robot,1.9999964258314777,15.199999970065482,-4.433823484413313e-07,-4.104671596583352e-10,8.208607569722945e-07,-4.989085549442218e-08,0.9999999999996618
57,40000000,57.04,terrain_world,differential_drive_robot,1.9999964258314777,15.199999970065482,-4.433823484413313e-07,-4.104671596583352e-10,8.208607569722945e-07,-4.989085549442218e-08,0.9999999999996618
57,60000000,57.06,terrain_world,differential_drive_robot,1.9999964258314777,15.199999970065482,-4.433823484413313e-07,-4.104671596583352e-10,8.208607569722945e-07,-4.989085549442218e-08,0.9999999999996618
57,80000000,57.08,terrain_world,differential_drive_robot,1.9999964258314777,15.199999970065482,-4.433823484413313e-07,-4.104671596583352e-10,8.208607569722945e-07,-4.989085549442218e-08,0.9999999999996618
57,100000000,57.1,terrain_world,differential_drive_robot,1.9999964258314777,15.199999970065482,-4.433823484413313e-07,-4.104671596583352e-10,8.208607569722945e-07,-4.989085549442218e-08,0.9999999999996618
57,120000000,57.12,terrain_world,differential_drive_robot,1.9999964258314777,15.199999970065482,-4.433823484413313e-07,-4.104671596583352e-10,8.208607569722945e-07,-4.989085549442218e-08,0.9999999999996618
57,140000000,57.14,terrain_world,differential_drive_robot,1.9999964258314777,15.199999970065482,-4.433823484413313e-07,-4.104671596583352e-10,8.208607569722945e-07,-4.989085549442218e-08,0.9999999999996618
57,160000000,57.16,terrain_world,differential_drive_robot,1.9999964258314777,15.199999970065482,-4.433823484413313e-07,-4.104671596583352e-10,8.208607569722945e-07,-4.989085549442218e-08,0.9999999999996618
57,180000000,57.18,terrain_world,differential_drive_robot,1.9999964258314777,15.199999970065482,-4.433823484413313e-07,-4.104671596583352e-10,8.208607569722945e-07,-4.989085549442218e-08,0.9999999999996618
57,200000000,57.2,terrain_world,differential_drive_robot,1.9999964258314777,15.199999970065482,-4.433823484413313e-07,-4.104671596583352e-10,8.208607569722945e-07,-4.989085549442218e-08,0.9999999999996618
57,220000000,57.22,terrain_world,differential_drive_robot,1.9999964258314777,15.199999970065482,-4.433823484413313e-07,-4.104671596583352e-10,8.208607569722945e-07,-4.989085549442218e-08,0.9999999999996618
57,240000000,57.24,terrain_world,differential_drive_robot,1.9999964258314777,15.199999970065482,-4.433823484413313e-07,-4.104671596583352e-10,8.208607569722945e-07,-4.989085549442218e-08,0.9999999999996618
57,260000000,57.26,terrain_world,differential_drive_robot,1.9999964258314777,15.199999970065482,-4.433823484413313e-07,-4.104671596583352e-10,8.208607569722945e-07,-4.989085549442218e-08,0.9999999999996618
57,280000000,57.28,terrain_world,differential_drive_robot,1.9999964258314777,15.199999970065482,-4.433823484413313e-07,-4.104671596583352e-10,8.208607569722945e-07,-4.989085549442218e-08,0.9999999999996618
57,300000000,57.3,terrain_world,differential_drive_robot,1.9999964258314777,15.199999970065482,-4.433823484413313e-07,-4.104671596583352e-10,8.208607569722945e-07,-4.989085549442218e-08,0.9999999999996618
57,320000000,57.32,terrain_world,differential_drive_robot,1.9999964258314777,15.199999970065482,-4.433823484413313e-07,-4.104671596583352e-10,8.208607569722945e-07,-4.989085549442218e-08,0.9999999999996618
57,340000000,57.34,terrain_world,differential_drive_robot,1.9999964258314777,15.199999970065482,-4.433823484413313e-07,-4.104671596583352e-10,8.208607569722945e-07,-4.989085549442218e-08,0.9999999999996618
57,360000000,57.36,terrain_world,differential_drive_robot,1.9999964258314777,15.199999970065482,-4.433823484413313e-07,-4.104671596583352e-10,8.208607569722945e-07,-4.989085549442218e-08,0.9999999999996618
57,380000000,57.38,terrain_world,differential_drive_robot,1.9999964258314777,15.199999970065482,-4.433823484413313e-07,-4.104671596583352e-10,8.208607569722945e-07,-4.989085549442218e-08,0.9999999999996618
57,400000000,57.4,terrain_world,differential_drive_robot,1.9999964258314777,15.199999970065482,-4.433823484413313e-07,-4.104671596583352e-10,8.208607569722945e-07,-4.989085549442218e-08,0.9999999999996618
57,420000000,57.42,terrain_world,differential_drive_robot,1.9999964258314777,15.199999970065482,-4.433823484413313e-07,-4.104671596583352e-10,8.208607569722945e-07,-4.989085549442218e-08,0.9999999999996618
57,440000000,57.44,terrain_world,differential_drive_robot,1.9999964258314777,15.199999970065482,-4.433823484413313e-07,-4.104671596583352e-10,8.208607569722945e-07,-4.989085549442218e-08,0.9999999999996618
57,460000000,57.46,terrain_world,differential_drive_robot,1.9999964258314777,15.199999970065482,-4.433823484413313e-07,-4.104671596583352e-10,8.208607569722945e-07,-4.989085549442218e-08,0.9999999999996618
57,480000000,57.48,terrain_world,differential_drive_robot,1.9999964258314777,15.199999970065482,-4.433823484413313e-07,-4.104671596583352e-10,8.208607569722945e-07,-4.989085549442218e-08,0.9999999999996618
57,500000000,57.5,terrain_world,differential_drive_robot,1.9999964258314777,15.199999970065482,-4.433823484413313e-07,-4.104671596583352e-10,8.208607569722945e-07,-4.989085549442218e-08,0.9999999999996618
57,520000000,57.52,terrain_world,differential_drive_robot,1.9999964258314777,15.199999970065482,-4.433823484413313e-07,-4.104671596583352e-10,8.208607569722945e-07,-4.989085549442218e-08,0.9999999999996618
57,540000000,57.54,terrain_world,differential_drive_robot,1.9999964258314777,15.199999970065482,-4.433823484413313e-07,-4.104671596583352e-10,8.208607569722945e-07,-4.989085549442218e-08,0.9999999999996618
57,560000000,57.56,terrain_world,differential_drive_robot,1.9999964258314777,15.199999970065482,-4.433823484413313e-07,-4.104671596583352e-10,8.208607569722945e-07,-4.989085549442218e-08,0.9999999999996618
57,580000000,57.58,terrain_world,differential_drive_robot,1.9999964258314777,15.199999970065482,-4.433823484413313e-07,-4.104671596583352e-10,8.208607569722945e-07,-4.989085549442218e-08,0.9999999999996618
57,600000000,57.6,terrain_world,differential_drive_robot,1.9999964258314777,15.199999970065482,-4.433823484413313e-07,-4.104671596583352e-10,8.208607569722945e-07,-4.989085549442218e-08,0.9999999999996618
57,620000000,57.62,terrain_world,differential_drive_robot,1.9999964258314777,15.199999970065482,-4.433823484413313e-07,-4.104671596583352e-10,8.208607569722945e-07,-4.989085549442218e-08,0.9999999999996618
57,640000000,57.64,terrain_world,differential_drive_robot,1.9999964258314777,15.199999970065482,-4.433823484413313e-07,-4.104671596583352e-10,8.208607569722945e-07,-4.989085549442218e-08,0.9999999999996618
57,660000000,57.66,terrain_world,differential_drive_robot,1.9999964258314777,15.199999970065482,-4.433823484413313e-07,-4.104671596583352e-10,8.208607569722945e-07,-4.989085549442218e-08,0.9999999999996618
57,680000000,57.68,terrain_world,differential_drive_robot,1.9999964258314777,15.199999970065482,-4.433823484413313e-07,-4.104671596583352e-10,8.208607569722945e-07,-4.989085549442218e-08,0.9999999999996618
57,700000000,57.7,terrain_world,differential_drive_robot,1.9999964258314777,15.199999970065482,-4.433823484413313e-07,-4.104671596583352e-10,8.208607569722945e-07,-4.989085549442218e-08,0.9999999999996618
57,720000000,57.72,terrain_world,differential_drive_robot,1.9999964258314777,15.199999970065482,-4.433823484413313e-07,-4.104671596583352e-10,8.208607569722945e-07,-4.989085549442218e-08,0.9999999999996618
57,740000000,57.74,terrain_world,differential_drive_robot,1.9999964258314777,15.199999970065482,-4.433823484413313e-07,-4.104671596583352e-10,8.208607569722945e-07,-4.989085549442218e-08,0.9999999999996618
57,760000000,57.76,terrain_world,differential_drive_robot,1.9999964258314777,15.199999970065482,-4.433823484413313e-07,-4.104671596583352e-10,8.208607569722945e-07,-4.989085549442218e-08,0.9999999999996618
57,780000000,57.78,terrain_world,differential_drive_robot,1.9999964258314777,15.199999970065482,-4.433823484413313e-07,-4.104671596583352e-10,8.208607569722945e-07,-4.989085549442218e-08,0.9999999999996618
57,800000000,57.8,terrain_world,differential_drive_robot,1.9999964258314777,15.199999970065482,-4.433823484413313e-07,-4.104671596583352e-10,8.208607569722945e-07,-4.989085549442218e-08,0.9999999999996618
57,820000000,57.82,terrain_world,differential_drive_robot,1.9999964258314777,15.199999970065482,-4.433823484413313e-07,-4.104671596583352e-10,8.208607569722945e-07,-4.989085549442218e-08,0.9999999999996618
57,840000000,57.84,terrain_world,differential_drive_robot,1.9999964258314777,15.199999970065482,-4.433823484413313e-07,-4.104671596583352e-10,8.208607569722945e-07,-4.989085549442218e-08,0.9999999999996618
57,860000000,57.86,terrain_world,differential_drive_robot,1.9999964258314777,15.199999970065482,-4.433823484413313e-07,-4.104671596583352e-10,8.208607569722945e-07,-4.989085549442218e-08,0.9999999999996618
57,880000000,57.88,terrain_world,differential_drive_robot,1.9999964258314777,15.199999970065482,-4.433823484413313e-07,-4.104671596583352e-10,8.208607569722945e-07,-4.989085549442218e-08,0.9999999999996618
57,900000000,57.9,terrain_world,differential_drive_robot,1.9999964258314777,15.199999970065482,-4.433823484413313e-07,-4.104671596583352e-10,8.208607569722945e-07,-4.989085549442218e-08,0.9999999999996618
57,920000000,57.92,terrain_world,differential_drive_robot,1.9999964258314777,15.199999970065482,-4.433823484413313e-07,-4.104671596583352e-10,8.208607569722945e-07,-4.989085549442218e-08,0.9999999999996618
57,940000000,57.94,terrain_world,differential_drive_robot,1.9999964258314777,15.199999970065482,-4.433823484413313e-07,-4.104671596583352e-10,8.208607569722945e-07,-4.989085549442218e-08,0.9999999999996618
57,960000000,57.96,terrain_world,differential_drive_robot,1.9999964258314777,15.199999970065482,-4.433823484413313e-07,-4.104671596583352e-10,8.208607569722945e-07,-4.989085549442218e-08,0.9999999999996618
57,980000000,57.98,terrain_world,differential_drive_robot,1.9999964258314777,15.199999970065482,-4.433823484413313e-07,-4.104671596583352e-10,8.208607569722945e-07,-4.989085549442218e-08,0.9999999999996618
58,0,58.0,terrain_world,differential_drive_robot,1.9999964258314777,15.199999970065482,-4.433823484413313e-07,-4.104671596583352e-10,8.208607569722945e-07,-4.989085549442218e-08,0.9999999999996618
58,20000000,58.02,terrain_world,differential_drive_robot,1.9999964258314777,15.199999970065482,-4.433823484413313e-07,-4.104671596583352e-10,8.208607569722945e-07,-4.989085549442218e-08,0.9999999999996618
58,40000000,58.04,terrain_world,differential_drive_robot,1.9999964258314777,15.199999970065482,-4.433823484413313e-07,-4.104671596583352e-10,8.208607569722945e-07,-4.989085549442218e-08,0.9999999999996618
58,60000000,58.06,terrain_world,differential_drive_robot,1.9999964258314777,15.199999970065482,-4.433823484413313e-07,-4.104671596583352e-10,8.208607569722945e-07,-4.989085549442218e-08,0.9999999999996618
58,80000000,58.08,terrain_world,differential_drive_robot,1.9999964258314777,15.199999970065482,-4.433823484413313e-07,-4.104671596583352e-10,8.208607569722945e-07,-4.989085549442218e-08,0.9999999999996618
58,100000000,58.1,terrain_world,differential_drive_robot,1.9999964258314777,15.199999970065482,-4.433823484413313e-07,-4.104671596583352e-10,8.208607569722945e-07,-4.989085549442218e-08,0.9999999999996618
58,120000000,58.12,terrain_world,differential_drive_robot,1.9999964258314777,15.199999970065482,-4.433823484413313e-07,-4.104671596583352e-10,8.208607569722945e-07,-4.989085549442218e-08,0.9999999999996618
58,140000000,58.14,terrain_world,differential_drive_robot,1.9999964258314777,15.199999970065482,-4.433823484413313e-07,-4.104671596583352e-10,8.208607569722945e-07,-4.989085549442218e-08,0.9999999999996618
58,160000000,58.16,terrain_world,differential_drive_robot,1.9999964258314777,15.199999970065482,-4.433823484413313e-07,-4.104671596583352e-10,8.208607569722945e-07,-4.989085549442218e-08,0.9999999999996618
58,180000000,58.18,terrain_world,differential_drive_robot,1.9999964258314777,15.199999970065482,-4.433823484413313e-07,-4.104671596583352e-10,8.208607569722945e-07,-4.989085549442218e-08,0.9999999999996618
58,200000000,58.2,terrain_world,differential_drive_robot,1.9999964258314777,15.199999970065482,-4.433823484413313e-07,-4.104671596583352e-10,8.208607569722945e-07,-4.989085549442218e-08,0.9999999999996618
58,220000000,58.22,terrain_world,differential_drive_robot,1.9999964258314777,15.199999970065482,-4.433823484413313e-07,-4.104671596583352e-10,8.208607569722945e-07,-4.989085549442218e-08,0.9999999999996618
58,240000000,58.24,terrain_world,differential_drive_robot,1.9999964258314777,15.199999970065482,-4.433823484413313e-07,-4.104671596583352e-10,8.208607569722945e-07,-4.989085549442218e-08,0.9999999999996618
58,260000000,58.26,terrain_world,differential_drive_robot,1.9999964258314777,15.199999970065482,-4.433823484413313e-07,-4.104671596583352e-10,8.208607569722945e-07,-4.989085549442218e-08,0.9999999999996618
58,280000000,58.28,terrain_world,differential_drive_robot,1.9999964258314777,15.199999970065482,-4.433823484413313e-07,-4.104671596583352e-10,8.208607569722945e-07,-4.989085549442218e-08,0.9999999999996618
58,300000000,58.3,terrain_world,differential_drive_robot,1.9999964258314777,15.199999970065482,-4.433823484413313e-07,-4.104671596583352e-10,8.208607569722945e-07,-4.989085549442218e-08,0.9999999999996618
58,320000000,58.32,terrain_world,differential_drive_robot,1.9999964258314777,15.199999970065482,-4.433823484413313e-07,-4.104671596583352e-10,8.208607569722945e-07,-4.989085549442218e-08,0.9999999999996618
58,340000000,58.34,terrain_world,differential_drive_robot,1.9999964258314777,15.199999970065482,-4.433823484413313e-07,-4.104671596583352e-10,8.208607569722945e-07,-4.989085549442218e-08,0.9999999999996618
58,360000000,58.36,terrain_world,differential_drive_robot,1.9999964258314777,15.199999970065482,-4.433823484413313e-07,-4.104671596583352e-10,8.208607569722945e-07,-4.989085549442218e-08,0.9999999999996618
58,380000000,58.38,terrain_world,differential_drive_robot,1.9999964258314777,15.199999970065482,-4.433823484413313e-07,-4.104671596583352e-10,8.208607569722945e-07,-4.989085549442218e-08,0.9999999999996618
58,400000000,58.4,terrain_world,differential_drive_robot,1.9999964258314777,15.199999970065482,-4.433823484413313e-07,-4.104671596583352e-10,8.208607569722945e-07,-4.989085549442218e-08,0.9999999999996618
58,420000000,58.42,terrain_world,differential_drive_robot,1.9999964258314777,15.199999970065482,-4.433823484413313e-07,-4.104671596583352e-10,8.208607569722945e-07,-4.989085549442218e-08,0.9999999999996618
58,440000000,58.44,terrain_world,differential_drive_robot,1.9999964258314777,15.199999970065482,-4.433823484413313e-07,-4.104671596583352e-10,8.208607569722945e-07,-4.989085549442218e-08,0.9999999999996618
58,460000000,58.46,terrain_world,differential_drive_robot,1.9999964258314777,15.199999970065482,-4.433823484413313e-07,-4.104671596583352e-10,8.208607569722945e-07,-4.989085549442218e-08,0.9999999999996618
58,480000000,58.48,terrain_world,differential_drive_robot,1.9999964258314777,15.199999970065482,-4.433823484413313e-07,-4.104671596583352e-10,8.208607569722945e-07,-4.989085549442218e-08,0.9999999999996618
58,500000000,58.5,terrain_world,differential_drive_robot,1.9999964258314777,15.199999970065482,-4.433823484413313e-07,-4.104671596583352e-10,8.208607569722945e-07,-4.989085549442218e-08,0.9999999999996618
58,520000000,58.52,terrain_world,differential_drive_robot,1.9999964258314777,15.199999970065482,-4.433823484413313e-07,-4.104671596583352e-10,8.208607569722945e-07,-4.989085549442218e-08,0.9999999999996618
58,540000000,58.54,terrain_world,differential_drive_robot,1.9999964258314777,15.199999970065482,-4.433823484413313e-07,-4.104671596583352e-10,8.208607569722945e-07,-4.989085549442218e-08,0.9999999999996618
58,560000000,58.56,terrain_world,differential_drive_robot,1.9999964258314777,15.199999970065482,-4.433823484413313e-07,-4.104671596583352e-10,8.208607569722945e-07,-4.989085549442218e-08,0.9999999999996618
58,580000000,58.58,terrain_world,differential_drive_robot,1.9999964258314777,15.199999970065482,-4.433823484413313e-07,-4.104671596583352e-10,8.208607569722945e-07,-4.989085549442218e-08,0.9999999999996618
58,600000000,58.6,terrain_world,differential_drive_robot,1.9999964258314777,15.199999970065482,-4.433823484413313e-07,-4.104671596583352e-10,8.208607569722945e-07,-4.989085549442218e-08,0.9999999999996618
58,620000000,58.62,terrain_world,differential_drive_robot,1.9999964258314777,15.199999970065482,-4.433823484413313e-07,-4.104671596583352e-10,8.208607569722945e-07,-4.989085549442218e-08,0.9999999999996618
58,640000000,58.64,terrain_world,differential_drive_robot,1.9999964258314777,15.199999970065482,-4.433823484413313e-07,-4.104671596583352e-10,8.208607569722945e-07,-4.989085549442218e-08,0.9999999999996618
58,660000000,58.66,terrain_world,differential_drive_robot,1.9999964258314777,15.199999970065482,-4.433823484413313e-07,-4.104671596583352e-10,8.208607569722945e-07,-4.989085549442218e-08,0.9999999999996618
58,680000000,58.68,terrain_world,differential_drive_robot,1.9999964258314777,15.199999970065482,-4.433823484413313e-07,-4.104671596583352e-10,8.208607569722945e-07,-4.989085549442218e-08,0.9999999999996618
58,700000000,58.7,terrain_world,differential_drive_robot,1.9999964258314777,15.199999970065482,-4.433823484413313e-07,-4.104671596583352e-10,8.208607569722945e-07,-4.989085549442218e-08,0.9999999999996618
58,720000000,58.72,terrain_world,differential_drive_robot,1.9999964258314777,15.199999970065482,-4.433823484413313e-07,-4.104671596583352e-10,8.208607569722945e-07,-4.989085549442218e-08,0.9999999999996618
58,740000000,58.74,terrain_world,differential_drive_robot,1.9999964258314777,15.199999970065482,-4.433823484413313e-07,-4.104671596583352e-10,8.208607569722945e-07,-4.989085549442218e-08,0.9999999999996618
58,760000000,58.76,terrain_world,differential_drive_robot,1.9999964258314777,15.199999970065482,-4.433823484413313e-07,-4.104671596583352e-10,8.208607569722945e-07,-4.989085549442218e-08,0.9999999999996618
58,780000000,58.78,terrain_world,differential_drive_robot,1.9999964258314777,15.199999970065482,-4.433823484413313e-07,-4.104671596583352e-10,8.208607569722945e-07,-4.989085549442218e-08,0.9999999999996618
58,800000000,58.8,terrain_world,differential_drive_robot,1.9999964258314777,15.199999970065482,-4.433823484413313e-07,-4.104671596583352e-10,8.208607569722945e-07,-4.989085549442218e-08,0.9999999999996618
58,820000000,58.82,terrain_world,differential_drive_robot,1.9999964258314777,15.199999970065482,-4.433823484413313e-07,-4.104671596583352e-10,8.208607569722945e-07,-4.989085549442218e-08,0.9999999999996618
58,840000000,58.84,terrain_world,differential_drive_robot,1.9999964258314777,15.199999970065482,-4.433823484413313e-07,-4.104671596583352e-10,8.208607569722945e-07,-4.989085549442218e-08,0.9999999999996618
58,860000000,58.86,terrain_world,differential_drive_robot,1.9999964258314777,15.199999970065482,-4.433823484413313e-07,-4.104671596583352e-10,8.208607569722945e-07,-4.989085549442218e-08,0.9999999999996618
58,880000000,58.88,terrain_world,differential_drive_robot,1.9999964258314777,15.199999970065482,-4.433823484413313e-07,-4.104671596583352e-10,8.208607569722945e-07,-4.989085549442218e-08,0.9999999999996618
58,900000000,58.9,terrain_world,differential_drive_robot,1.9999964258314777,15.199999970065482,-4.433823484413313e-07,-4.104671596583352e-10,8.208607569722945e-07,-4.989085549442218e-08,0.9999999999996618
58,920000000,58.92,terrain_world,differential_drive_robot,1.9999964258314777,15.199999970065482,-4.433823484413313e-07,-4.104671596583352e-10,8.208607569722945e-07,-4.989085549442218e-08,0.9999999999996618
58,940000000,58.94,terrain_world,differential_drive_robot,1.9999964258314777,15.199999970065482,-4.433823484413313e-07,-4.104671596583352e-10,8.208607569722945e-07,-4.989085549442218e-08,0.9999999999996618
58,960000000,58.96,terrain_world,differential_drive_robot,1.9999964258314777,15.199999970065482,-4.433823484413313e-07,-4.104671596583352e-10,8.208607569722945e-07,-4.989085549442218e-08,0.9999999999996618
58,980000000,58.98,terrain_world,differential_drive_robot,1.9999964258314777,15.199999970065482,-4.433823484413313e-07,-4.104671596583352e-10,8.208607569722945e-07,-4.989085549442218e-08,0.9999999999996618
59,0,59.0,terrain_world,differential_drive_robot,1.9999964258314777,15.199999970065482,-4.433823484413313e-07,-4.104671596583352e-10,8.208607569722945e-07,-4.989085549442218e-08,0.9999999999996618
59,20000000,59.02,terrain_world,differential_drive_robot,1.9999964258314777,15.199999970065482,-4.433823484413313e-07,-4.104671596583352e-10,8.208607569722945e-07,-4.989085549442218e-08,0.9999999999996618
59,40000000,59.04,terrain_world,differential_drive_robot,1.9999964258314777,15.199999970065482,-4.433823484413313e-07,-4.104671596583352e-10,8.208607569722945e-07,-4.989085549442218e-08,0.9999999999996618
59,60000000,59.06,terrain_world,differential_drive_robot,1.9999964258314777,15.199999970065482,-4.433823484413313e-07,-4.104671596583352e-10,8.208607569722945e-07,-4.989085549442218e-08,0.9999999999996618
59,80000000,59.08,terrain_world,differential_drive_robot,1.9999964258314777,15.199999970065482,-4.433823484413313e-07,-4.104671596583352e-10,8.208607569722945e-07,-4.989085549442218e-08,0.9999999999996618
59,100000000,59.1,terrain_world,differential_drive_robot,1.9999964258314777,15.199999970065482,-4.433823484413313e-07,-4.104671596583352e-10,8.208607569722945e-07,-4.989085549442218e-08,0.9999999999996618
59,120000000,59.12,terrain_world,differential_drive_robot,1.9999964258314777,15.199999970065482,-4.433823484413313e-07,-4.104671596583352e-10,8.208607569722945e-07,-4.989085549442218e-08,0.9999999999996618
59,140000000,59.14,terrain_world,differential_drive_robot,1.9999964258314777,15.199999970065482,-4.433823484413313e-07,-4.104671596583352e-10,8.208607569722945e-07,-4.989085549442218e-08,0.9999999999996618
59,160000000,59.16,terrain_world,differential_drive_robot,1.9999964258314777,15.199999970065482,-4.433823484413313e-07,-4.104671596583352e-10,8.208607569722945e-07,-4.989085549442218e-08,0.9999999999996618
59,180000000,59.18,terrain_world,differential_drive_robot,1.9999964258314777,15.199999970065482,-4.433823484413313e-07,-4.104671596583352e-10,8.208607569722945e-07,-4.989085549442218e-08,0.9999999999996618
59,200000000,59.2,terrain_world,differential_drive_robot,1.9999964258314777,15.199999970065482,-4.433823484413313e-07,-4.104671596583352e-10,8.208607569722945e-07,-4.989085549442218e-08,0.9999999999996618
59,220000000,59.22,terrain_world,differential_drive_robot,1.9999964258314777,15.199999970065482,-4.433823484413313e-07,-4.104671596583352e-10,8.208607569722945e-07,-4.989085549442218e-08,0.9999999999996618
59,240000000,59.24,terrain_world,differential_drive_robot,1.9999964258314777,15.199999970065482,-4.433823484413313e-07,-4.104671596583352e-10,8.208607569722945e-07,-4.989085549442218e-08,0.9999999999996618
59,260000000,59.26,terrain_world,differential_drive_robot,1.9999964258314777,15.199999970065482,-4.433823484413313e-07,-4.104671596583352e-10,8.208607569722945e-07,-4.989085549442218e-08,0.9999999999996618
59,280000000,59.28,terrain_world,differential_drive_robot,1.9999964258314777,15.199999970065482,-4.433823484413313e-07,-4.104671596583352e-10,8.208607569722945e-07,-4.989085549442218e-08,0.9999999999996618
59,300000000,59.3,terrain_world,differential_drive_robot,1.9999964258314777,15.199999970065482,-4.433823484413313e-07,-4.104671596583352e-10,8.208607569722945e-07,-4.989085549442218e-08,0.9999999999996618
59,320000000,59.32,terrain_world,differential_drive_robot,1.9999964258314777,15.199999970065482,-4.433823484413313e-07,-4.104671596583352e-10,8.208607569722945e-07,-4.989085549442218e-08,0.9999999999996618
59,340000000,59.34,terrain_world,differential_drive_robot,1.9999964258314777,15.199999970065482,-4.433823484413313e-07,-4.104671596583352e-10,8.208607569722945e-07,-4.989085549442218e-08,0.9999999999996618
59,360000000,59.36,terrain_world,differential_drive_robot,1.9999964258314777,15.199999970065482,-4.433823484413313e-07,-4.104671596583352e-10,8.208607569722945e-07,-4.989085549442218e-08,0.9999999999996618
59,380000000,59.38,terrain_world,differential_drive_robot,1.9999964258314777,15.199999970065482,-4.433823484413313e-07,-4.104671596583352e-10,8.208607569722945e-07,-4.989085549442218e-08,0.9999999999996618
59,400000000,59.4,terrain_world,differential_drive_robot,1.9999964258314777,15.199999970065482,-4.433823484413313e-07,-4.104671596583352e-10,8.208607569722945e-07,-4.989085549442218e-08,0.9999999999996618
59,420000000,59.42,terrain_world,differential_drive_robot,1.9999964258314777,15.199999970065482,-4.433823484413313e-07,-4.104671596583352e-10,8.208607569722945e-07,-4.989085549442218e-08,0.9999999999996618
59,440000000,59.44,terrain_world,differential_drive_robot,1.9999964258314777,15.199999970065482,-4.433823484413313e-07,-4.104671596583352e-10,8.208607569722945e-07,-4.989085549442218e-08,0.9999999999996618
59,460000000,59.46,terrain_world,differential_drive_robot,1.9999964258314777,15.199999970065482,-4.433823484413313e-07,-4.104671596583352e-10,8.208607569722945e-07,-4.989085549442218e-08,0.9999999999996618
59,480000000,59.48,terrain_world,differential_drive_robot,1.9999964258314777,15.199999970065482,-4.433823484413313e-07,-4.104671596583352e-10,8.208607569722945e-07,-4.989085549442218e-08,0.9999999999996618
59,500000000,59.5,terrain_world,differential_drive_robot,1.9999964258314777,15.199999970065482,-4.433823484413313e-07,-4.104671596583352e-10,8.208607569722945e-07,-4.989085549442218e-08,0.9999999999996618
59,520000000,59.52,terrain_world,differential_drive_robot,1.9999964258314777,15.199999970065482,-4.433823484413313e-07,-4.104671596583352e-10,8.208607569722945e-07,-4.989085549442218e-08,0.9999999999996618
59,540000000,59.54,terrain_world,differential_drive_robot,1.9999964258314777,15.199999970065482,-4.433823484413313e-07,-4.104671596583352e-10,8.208607569722945e-07,-4.989085549442218e-08,0.9999999999996618
59,560000000,59.56,terrain_world,differential_drive_robot,1.9999964258314777,15.199999970065482,-4.433823484413313e-07,-4.104671596583352e-10,8.208607569722945e-07,-4.989085549442218e-08,0.9999999999996618
59,580000000,59.58,terrain_world,differential_drive_robot,1.9999964258314777,15.199999970065482,-4.433823484413313e-07,-4.104671596583352e-10,8.208607569722945e-07,-4.989085549442218e-08,0.9999999999996618
59,600000000,59.6,terrain_world,differential_drive_robot,1.9999964258314777,15.199999970065482,-4.433823484413313e-07,-4.104671596583352e-10,8.208607569722945e-07,-4.989085549442218e-08,0.9999999999996618
59,620000000,59.62,terrain_world,differential_drive_robot,1.9999964258314777,15.199999970065482,-4.433823484413313e-07,-4.104671596583352e-10,8.208607569722945e-07,-4.989085549442218e-08,0.9999999999996618
59,640000000,59.64,terrain_world,differential_drive_robot,1.9999964258314777,15.199999970065482,-4.433823484413313e-07,-4.104671596583352e-10,8.208607569722945e-07,-4.989085549442218e-08,0.9999999999996618
59,660000000,59.66,terrain_world,differential_drive_robot,1.9999964258314777,15.199999970065482,-4.433823484413313e-07,-4.104671596583352e-10,8.208607569722945e-07,-4.989085549442218e-08,0.9999999999996618
59,680000000,59.68,terrain_world,differential_drive_robot,1.9999964258314777,15.199999970065482,-4.433823484413313e-07,-4.104671596583352e-10,8.208607569722945e-07,-4.989085549442218e-08,0.9999999999996618
59,700000000,59.7,terrain_world,differential_drive_robot,1.9999964258314777,15.199999970065482,-4.433823484413313e-07,-4.104671596583352e-10,8.208607569722945e-07,-4.989085549442218e-08,0.9999999999996618
59,720000000,59.72,terrain_world,differential_drive_robot,1.9999964258314777,15.199999970065482,-4.433823484413313e-07,-4.104671596583352e-10,8.208607569722945e-07,-4.989085549442218e-08,0.9999999999996618
59,740000000,59.74,terrain_world,differential_drive_robot,1.9999964258314777,15.199999970065482,-4.433823484413313e-07,-4.104671596583352e-10,8.208607569722945e-07,-4.989085549442218e-08,0.9999999999996618
59,760000000,59.76,terrain_world,differential_drive_robot,1.9999964258314777,15.199999970065482,-4.433823484413313e-07,-4.104671596583352e-10,8.208607569722945e-07,-4.989085549442218e-08,0.9999999999996618
59,780000000,59.78,terrain_world,differential_drive_robot,1.9999964258314777,15.199999970065482,-4.433823484413313e-07,-4.104671596583352e-10,8.208607569722945e-07,-4.989085549442218e-08,0.9999999999996618
59,800000000,59.8,terrain_world,differential_drive_robot,1.9999964258314777,15.199999970065482,-4.433823484413313e-07,-4.104671596583352e-10,8.208607569722945e-07,-4.989085549442218e-08,0.9999999999996618
59,820000000,59.82,terrain_world,differential_drive_robot,1.9999964258314777,15.199999970065482,-4.433823484413313e-07,-4.104671596583352e-10,8.208607569722945e-07,-4.989085549442218e-08,0.9999999999996618
59,840000000,59.84,terrain_world,differential_drive_robot,1.9999964258314777,15.199999970065482,-4.433823484413313e-07,-4.104671596583352e-10,8.208607569722945e-07,-4.989085549442218e-08,0.9999999999996618
59,860000000,59.86,terrain_world,differential_drive_robot,1.9999964258314777,15.199999970065482,-4.433823484413313e-07,-4.104671596583352e-10,8.208607569722945e-07,-4.989085549442218e-08,0.9999999999996618
59,880000000,59.88,terrain_world,differential_drive_robot,1.9999964258314777,15.199999970065482,-4.433823484413313e-07,-4.104671596583352e-10,8.208607569722945e-07,-4.989085549442218e-08,0.9999999999996618
59,900000000,59.9,terrain_world,differential_drive_robot,1.9999964258314777,15.199999970065482,-4.433823484413313e-07,-4.104671596583352e-10,8.208607569722945e-07,-4.989085549442218e-08,0.9999999999996618
59,920000000,59.92,terrain_world,differential_drive_robot,1.9999964258314777,15.199999970065482,-4.433823484413313e-07,-4.104671596583352e-10,8.208607569722945e-07,-4.989085549442218e-08,0.9999999999996618
59,940000000,59.94,terrain_world,differential_drive_robot,1.9999964258314777,15.199999970065482,-4.433823484413313e-07,-4.104671596583352e-10,8.208607569722945e-07,-4.989085549442218e-08,0.9999999999996618
59,960000000,59.96,terrain_world,differential_drive_robot,1.9999964258314777,15.199999970065482,-4.433823484413313e-07,-4.104671596583352e-10,8.208607569722945e-07,-4.989085549442218e-08,0.9999999999996618
59,980000000,59.98,terrain_world,differential_drive_robot,1.9999964258314777,15.199999970065482,-4.433823484413313e-07,-4.104671596583352e-10,8.208607569722945e-07,-4.989085549442218e-08,0.9999999999996618
60,0,60.0,terrain_world,differential_drive_robot,1.9999964258314777,15.199999970065482,-4.433823484413313e-07,-4.104671596583352e-10,8.208607569722945e-07,-4.989085549442218e-08,0.9999999999996618
60,20000000,60.02,terrain_world,differential_drive_robot,1.9999964258314777,15.199999970065482,-4.433823484413313e-07,-4.104671596583352e-10,8.208607569722945e-07,-4.989085549442218e-08,0.9999999999996618
60,40000000,60.04,terrain_world,differential_drive_robot,1.9999964258314777,15.199999970065482,-4.433823484413313e-07,-4.104671596583352e-10,8.208607569722945e-07,-4.989085549442218e-08,0.9999999999996618
60,60000000,60.06,terrain_world,differential_drive_robot,1.9999964258314777,15.199999970065482,-4.433823484413313e-07,-4.104671596583352e-10,8.208607569722945e-07,-4.989085549442218e-08,0.9999999999996618
60,80000000,60.08,terrain_world,differential_drive_robot,1.9999964258314777,15.199999970065482,-4.433823484413313e-07,-4.104671596583352e-10,8.208607569722945e-07,-4.989085549442218e-08,0.9999999999996618
60,100000000,60.1,terrain_world,differential_drive_robot,1.9999964258314777,15.199999970065482,-4.433823484413313e-07,-4.104671596583352e-10,8.208607569722945e-07,-4.989085549442218e-08,0.9999999999996618
60,120000000,60.12,terrain_world,differential_drive_robot,1.9999964258314777,15.199999970065482,-4.433823484413313e-07,-4.104671596583352e-10,8.208607569722945e-07,-4.989085549442218e-08,0.9999999999996618
60,140000000,60.14,terrain_world,differential_drive_robot,1.9999964258314777,15.199999970065482,-4.433823484413313e-07,-4.104671596583352e-10,8.208607569722945e-07,-4.989085549442218e-08,0.9999999999996618
60,160000000,60.16,terrain_world,differential_drive_robot,1.9999964258314777,15.199999970065482,-4.433823484413313e-07,-4.104671596583352e-10,8.208607569722945e-07,-4.989085549442218e-08,0.9999999999996618
60,180000000,60.18,terrain_world,differential_drive_robot,1.9999964258314777,15.199999970065482,-4.433823484413313e-07,-4.104671596583352e-10,8.208607569722945e-07,-4.989085549442218e-08,0.9999999999996618
60,200000000,60.2,terrain_world,differential_drive_robot,1.9999964258314777,15.199999970065482,-4.433823484413313e-07,-4.104671596583352e-10,8.208607569722945e-07,-4.989085549442218e-08,0.9999999999996618
60,220000000,60.22,terrain_world,differential_drive_robot,1.9999964258314777,15.199999970065482,-4.433823484413313e-07,-4.104671596583352e-10,8.208607569722945e-07,-4.989085549442218e-08,0.9999999999996618
60,240000000,60.24,terrain_world,differential_drive_robot,1.9999964258314777,15.199999970065482,-4.433823484413313e-07,-4.104671596583352e-10,8.208607569722945e-07,-4.989085549442218e-08,0.9999999999996618
60,260000000,60.26,terrain_world,differential_drive_robot,1.9999964258314777,15.199999970065482,-4.433823484413313e-07,-4.104671596583352e-10,8.208607569722945e-07,-4.989085549442218e-08,0.9999999999996618
60,280000000,60.28,terrain_world,differential_drive_robot,1.9999964258314777,15.199999970065482,-4.433823484413313e-07,-4.104671596583352e-10,8.208607569722945e-07,-4.989085549442218e-08,0.9999999999996618
60,300000000,60.3,terrain_world,differential_drive_robot,1.9999964258314777,15.199999970065482,-4.433823484413313e-07,-4.104671596583352e-10,8.208607569722945e-07,-4.989085549442218e-08,0.9999999999996618
60,320000000,60.32,terrain_world,differential_drive_robot,1.9999964258314777,15.199999970065482,-4.433823484413313e-07,-4.104671596583352e-10,8.208607569722945e-07,-4.989085549442218e-08,0.9999999999996618
60,340000000,60.34,terrain_world,differential_drive_robot,1.9999964258314777,15.199999970065482,-4.433823484413313e-07,-4.104671596583352e-10,8.208607569722945e-07,-4.989085549442218e-08,0.9999999999996618
60,360000000,60.36,terrain_world,differential_drive_robot,1.9999964258314777,15.199999970065482,-4.433823484413313e-07,-4.104671596583352e-10,8.208607569722945e-07,-4.989085549442218e-08,0.9999999999996618
60,380000000,60.38,terrain_world,differential_drive_robot,1.9999964258314777,15.199999970065482,-4.433823484413313e-07,-4.104671596583352e-10,8.208607569722945e-07,-4.989085549442218e-08,0.9999999999996618
60,400000000,60.4,terrain_world,differential_drive_robot,1.9999964258314777,15.199999970065482,-4.433823484413313e-07,-4.104671596583352e-10,8.208607569722945e-07,-4.989085549442218e-08,0.9999999999996618
60,420000000,60.42,terrain_world,differential_drive_robot,1.9999964258314777,15.199999970065482,-4.433823484413313e-07,-4.104671596583352e-10,8.208607569722945e-07,-4.989085549442218e-08,0.9999999999996618
60,440000000,60.44,terrain_world,differential_drive_robot,1.9999964258314777,15.199999970065482,-4.433823484413313e-07,-4.104671596583352e-10,8.208607569722945e-07,-4.989085549442218e-08,0.9999999999996618
60,460000000,60.46,terrain_world,differential_drive_robot,1.9999964258314777,15.199999970065482,-4.433823484413313e-07,-4.104671596583352e-10,8.208607569722945e-07,-4.989085549442218e-08,0.9999999999996618
60,480000000,60.48,terrain_world,differential_drive_robot,1.9999964258314777,15.199999970065482,-4.433823484413313e-07,-4.104671596583352e-10,8.208607569722945e-07,-4.989085549442218e-08,0.9999999999996618
60,500000000,60.5,terrain_world,differential_drive_robot,1.9999964258314777,15.199999970065482,-4.433823484413313e-07,-4.104671596583352e-10,8.208607569722945e-07,-4.989085549442218e-08,0.9999999999996618
60,520000000,60.52,terrain_world,differential_drive_robot,1.9999964258314777,15.199999970065482,-4.433823484413313e-07,-4.104671596583352e-10,8.208607569722945e-07,-4.989085549442218e-08,0.9999999999996618
60,540000000,60.54,terrain_world,differential_drive_robot,1.9999964258314777,15.199999970065482,-4.433823484413313e-07,-4.104671596583352e-10,8.208607569722945e-07,-4.989085549442218e-08,0.9999999999996618
60,560000000,60.56,terrain_world,differential_drive_robot,1.9999964258314777,15.199999970065482,-4.433823484413313e-07,-4.104671596583352e-10,8.208607569722945e-07,-4.989085549442218e-08,0.9999999999996618
60,580000000,60.58,terrain_world,differential_drive_robot,1.9999964258314777,15.199999970065482,-4.433823484413313e-07,-4.104671596583352e-10,8.208607569722945e-07,-4.989085549442218e-08,0.9999999999996618
60,600000000,60.6,terrain_world,differential_drive_robot,1.9999964258314777,15.199999970065482,-4.433823484413313e-07,-4.104671596583352e-10,8.208607569722945e-07,-4.989085549442218e-08,0.9999999999996618
60,620000000,60.62,terrain_world,differential_drive_robot,1.9999964258314777,15.199999970065482,-4.433823484413313e-07,-4.104671596583352e-10,8.208607569722945e-07,-4.989085549442218e-08,0.9999999999996618
60,640000000,60.64,terrain_world,differential_drive_robot,1.9999964258314777,15.199999970065482,-4.433823484413313e-07,-4.104671596583352e-10,8.208607569722945e-07,-4.989085549442218e-08,0.9999999999996618
60,660000000,60.66,terrain_world,differential_drive_robot,1.9999964258314777,15.199999970065482,-4.433823484413313e-07,-4.104671596583352e-10,8.208607569722945e-07,-4.989085549442218e-08,0.9999999999996618
60,680000000,60.68,terrain_world,differential_drive_robot,1.9999964258314777,15.199999970065482,-4.433823484413313e-07,-4.104671596583352e-10,8.208607569722945e-07,-4.989085549442218e-08,0.9999999999996618
60,700000000,60.7,terrain_world,differential_drive_robot,1.9999964258314777,15.199999970065482,-4.433823484413313e-07,-4.104671596583352e-10,8.208607569722945e-07,-4.989085549442218e-08,0.9999999999996618
60,720000000,60.72,terrain_world,differential_drive_robot,1.9999964258314777,15.199999970065482,-4.433823484413313e-07,-4.104671596583352e-10,8.208607569722945e-07,-4.989085549442218e-08,0.9999999999996618
60,740000000,60.74,terrain_world,differential_drive_robot,1.9999964258314777,15.199999970065482,-4.433823484413313e-07,-4.104671596583352e-10,8.208607569722945e-07,-4.989085549442218e-08,0.9999999999996618
60,760000000,60.76,terrain_world,differential_drive_robot,1.9999964258314777,15.199999970065482,-4.433823484413313e-07,-4.104671596583352e-10,8.208607569722945e-07,-4.989085549442218e-08,0.9999999999996618
60,780000000,60.78,terrain_world,differential_drive_robot,1.9999964258314777,15.199999970065482,-4.433823484413313e-07,-4.104671596583352e-10,8.208607569722945e-07,-4.989085549442218e-08,0.9999999999996618
60,800000000,60.8,terrain_world,differential_drive_robot,1.9999964258314777,15.199999970065482,-4.433823484413313e-07,-4.104671596583352e-10,8.208607569722945e-07,-4.989085549442218e-08,0.9999999999996618
60,820000000,60.82,terrain_world,differential_drive_robot,1.9999964258314777,15.199999970065482,-4.433823484413313e-07,-4.104671596583352e-10,8.208607569722945e-07,-4.989085549442218e-08,0.9999999999996618
60,840000000,60.84,terrain_world,differential_drive_robot,1.9999964258314777,15.199999970065482,-4.433823484413313e-07,-4.104671596583352e-10,8.208607569722945e-07,-4.989085549442218e-08,0.9999999999996618
60,860000000,60.86,terrain_world,differential_drive_robot,1.9999964258314777,15.199999970065482,-4.433823484413313e-07,-4.104671596583352e-10,8.208607569722945e-07,-4.989085549442218e-08,0.9999999999996618
60,880000000,60.88,terrain_world,differential_drive_robot,1.9999964258314777,15.199999970065482,-4.433823484413313e-07,-4.104671596583352e-10,8.208607569722945e-07,-4.989085549442218e-08,0.9999999999996618
60,900000000,60.9,terrain_world,differential_drive_robot,1.9999964258314777,15.199999970065482,-4.433823484413313e-07,-4.104671596583352e-10,8.208607569722945e-07,-4.989085549442218e-08,0.9999999999996618
60,920000000,60.92,terrain_world,differential_drive_robot,1.9999964258314777,15.199999970065482,-4.433823484413313e-07,-4.104671596583352e-10,8.208607569722945e-07,-4.989085549442218e-08,0.9999999999996618
60,940000000,60.94,terrain_world,differential_drive_robot,1.9999964258314777,15.199999970065482,-4.433823484413313e-07,-4.104671596583352e-10,8.208607569722945e-07,-4.989085549442218e-08,0.9999999999996618
60,960000000,60.96,terrain_world,differential_drive_robot,1.9999964258314777,15.199999970065482,-4.433823484413313e-07,-4.104671596583352e-10,8.208607569722945e-07,-4.989085549442218e-08,0.9999999999996618
60,980000000,60.98,terrain_world,differential_drive_robot,1.9999964258314777,15.199999970065482,-4.433823484413313e-07,-4.104671596583352e-10,8.208607569722945e-07,-4.989085549442218e-08,0.9999999999996618
61,0,61.0,terrain_world,differential_drive_robot,1.9999964258314777,15.199999970065482,-4.433823484413313e-07,-4.104671596583352e-10,8.208607569722945e-07,-4.989085549442218e-08,0.9999999999996618
61,20000000,61.02,terrain_world,differential_drive_robot,1.9999964258314777,15.199999970065482,-4.433823484413313e-07,-4.104671596583352e-10,8.208607569722945e-07,-4.989085549442218e-08,0.9999999999996618
61,40000000,61.04,terrain_world,differential_drive_robot,1.9999964258314777,15.199999970065482,-4.433823484413313e-07,-4.104671596583352e-10,8.208607569722945e-07,-4.989085549442218e-08,0.9999999999996618
61,60000000,61.06,terrain_world,differential_drive_robot,1.9999964258314777,15.199999970065482,-4.433823484413313e-07,-4.104671596583352e-10,8.208607569722945e-07,-4.989085549442218e-08,0.9999999999996618
61,80000000,61.08,terrain_world,differential_drive_robot,1.9999964258314777,15.199999970065482,-4.433823484413313e-07,-4.104671596583352e-10,8.208607569722945e-07,-4.989085549442218e-08,0.9999999999996618
61,100000000,61.1,terrain_world,differential_drive_robot,1.9999964258314777,15.199999970065482,-4.433823484413313e-07,-4.104671596583352e-10,8.208607569722945e-07,-4.989085549442218e-08,0.9999999999996618
61,120000000,61.12,terrain_world,differential_drive_robot,1.9999964258314777,15.199999970065482,-4.433823484413313e-07,-4.104671596583352e-10,8.208607569722945e-07,-4.989085549442218e-08,0.9999999999996618
61,140000000,61.14,terrain_world,differential_drive_robot,1.9999964258314777,15.199999970065482,-4.433823484413313e-07,-4.104671596583352e-10,8.208607569722945e-07,-4.989085549442218e-08,0.9999999999996618
61,160000000,61.16,terrain_world,differential_drive_robot,1.9999964258314777,15.199999970065482,-4.433823484413313e-07,-4.104671596583352e-10,8.208607569722945e-07,-4.989085549442218e-08,0.9999999999996618
61,180000000,61.18,terrain_world,differential_drive_robot,1.9999964258314777,15.199999970065482,-4.433823484413313e-07,-4.104671596583352e-10,8.208607569722945e-07,-4.989085549442218e-08,0.9999999999996618
61,200000000,61.2,terrain_world,differential_drive_robot,1.9999964258314777,15.199999970065482,-4.433823484413313e-07,-4.104671596583352e-10,8.208607569722945e-07,-4.989085549442218e-08,0.9999999999996618
61,220000000,61.22,terrain_world,differential_drive_robot,1.9999964258314777,15.199999970065482,-4.433823484413313e-07,-4.104671596583352e-10,8.208607569722945e-07,-4.989085549442218e-08,0.9999999999996618
61,240000000,61.24,terrain_world,differential_drive_robot,1.9999964258314777,15.199999970065482,-4.433823484413313e-07,-4.104671596583352e-10,8.208607569722945e-07,-4.989085549442218e-08,0.9999999999996618
61,260000000,61.26,terrain_world,differential_drive_robot,1.9999964258314777,15.199999970065482,-4.433823484413313e-07,-4.104671596583352e-10,8.208607569722945e-07,-4.989085549442218e-08,0.9999999999996618
61,280000000,61.28,terrain_world,differential_drive_robot,1.9999964258314777,15.199999970065482,-4.433823484413313e-07,-4.104671596583352e-10,8.208607569722945e-07,-4.989085549442218e-08,0.9999999999996618
61,300000000,61.3,terrain_world,differential_drive_robot,1.9999964258314777,15.199999970065482,-4.433823484413313e-07,-4.104671596583352e-10,8.208607569722945e-07,-4.989085549442218e-08,0.9999999999996618
61,320000000,61.32,terrain_world,differential_drive_robot,1.9999964258314777,15.199999970065482,-4.433823484413313e-07,-4.104671596583352e-10,8.208607569722945e-07,-4.989085549442218e-08,0.9999999999996618
61,340000000,61.34,terrain_world,differential_drive_robot,1.9999964258314777,15.199999970065482,-4.433823484413313e-07,-4.104671596583352e-10,8.208607569722945e-07,-4.989085549442218e-08,0.9999999999996618
61,360000000,61.36,terrain_world,differential_drive_robot,1.9999964258314777,15.199999970065482,-4.433823484413313e-07,-4.104671596583352e-10,8.208607569722945e-07,-4.989085549442218e-08,0.9999999999996618
61,380000000,61.38,terrain_world,differential_drive_robot,1.9999964258314777,15.199999970065482,-4.433823484413313e-07,-4.104671596583352e-10,8.208607569722945e-07,-4.989085549442218e-08,0.9999999999996618
61,400000000,61.4,terrain_world,differential_drive_robot,1.9999964258314777,15.199999970065482,-4.433823484413313e-07,-4.104671596583352e-10,8.208607569722945e-07,-4.989085549442218e-08,0.9999999999996618
61,420000000,61.42,terrain_world,differential_drive_robot,1.9999964258314777,15.199999970065482,-4.433823484413313e-07,-4.104671596583352e-10,8.208607569722945e-07,-4.989085549442218e-08,0.9999999999996618
61,440000000,61.44,terrain_world,differential_drive_robot,1.9999964258314777,15.199999970065482,-4.433823484413313e-07,-4.104671596583352e-10,8.208607569722945e-07,-4.989085549442218e-08,0.9999999999996618
61,460000000,61.46,terrain_world,differential_drive_robot,1.9999964258314777,15.199999970065482,-4.433823484413313e-07,-4.104671596583352e-10,8.208607569722945e-07,-4.989085549442218e-08,0.9999999999996618
61,480000000,61.48,terrain_world,differential_drive_robot,1.9999964258314777,15.199999970065482,-4.433823484413313e-07,-4.104671596583352e-10,8.208607569722945e-07,-4.989085549442218e-08,0.9999999999996618
61,500000000,61.5,terrain_world,differential_drive_robot,1.9999964258314777,15.199999970065482,-4.433823484413313e-07,-4.104671596583352e-10,8.208607569722945e-07,-4.989085549442218e-08,0.9999999999996618
61,520000000,61.52,terrain_world,differential_drive_robot,1.9999964258314777,15.199999970065482,-4.433823484413313e-07,-4.104671596583352e-10,8.208607569722945e-07,-4.989085549442218e-08,0.9999999999996618
61,540000000,61.54,terrain_world,differential_drive_robot,1.9999964258314777,15.199999970065482,-4.433823484413313e-07,-4.104671596583352e-10,8.208607569722945e-07,-4.989085549442218e-08,0.9999999999996618
61,560000000,61.56,terrain_world,differential_drive_robot,1.9999964258314777,15.199999970065482,-4.433823484413313e-07,-4.104671596583352e-10,8.208607569722945e-07,-4.989085549442218e-08,0.9999999999996618
61,580000000,61.58,terrain_world,differential_drive_robot,1.9999964258314777,15.199999970065482,-4.433823484413313e-07,-4.104671596583352e-10,8.208607569722945e-07,-4.989085549442218e-08,0.9999999999996618
61,600000000,61.6,terrain_world,differential_drive_robot,1.9999964258314777,15.199999970065482,-4.433823484413313e-07,-4.104671596583352e-10,8.208607569722945e-07,-4.989085549442218e-08,0.9999999999996618
61,620000000,61.62,terrain_world,differential_drive_robot,1.9999964258314777,15.199999970065482,-4.433823484413313e-07,-4.104671596583352e-10,8.208607569722945e-07,-4.989085549442218e-08,0.9999999999996618
61,640000000,61.64,terrain_world,differential_drive_robot,1.9999964258314777,15.199999970065482,-4.433823484413313e-07,-4.104671596583352e-10,8.208607569722945e-07,-4.989085549442218e-08,0.9999999999996618
61,660000000,61.66,terrain_world,differential_drive_robot,1.9999964258314777,15.199999970065482,-4.433823484413313e-07,-4.104671596583352e-10,8.208607569722945e-07,-4.989085549442218e-08,0.9999999999996618
61,680000000,61.68,terrain_world,differential_drive_robot,1.9999964258314777,15.199999970065482,-4.433823484413313e-07,-4.104671596583352e-10,8.208607569722945e-07,-4.989085549442218e-08,0.9999999999996618
61,700000000,61.7,terrain_world,differential_drive_robot,1.9999964258314777,15.199999970065482,-4.433823484413313e-07,-4.104671596583352e-10,8.208607569722945e-07,-4.989085549442218e-08,0.9999999999996618
61,720000000,61.72,terrain_world,differential_drive_robot,1.9999964258314777,15.199999970065482,-4.433823484413313e-07,-4.104671596583352e-10,8.208607569722945e-07,-4.989085549442218e-08,0.9999999999996618
61,740000000,61.74,terrain_world,differential_drive_robot,1.9999964258314777,15.199999970065482,-4.433823484413313e-07,-4.104671596583352e-10,8.208607569722945e-07,-4.989085549442218e-08,0.9999999999996618
61,760000000,61.76,terrain_world,differential_drive_robot,1.9999964258314777,15.199999970065482,-4.433823484413313e-07,-4.104671596583352e-10,8.208607569722945e-07,-4.989085549442218e-08,0.9999999999996618
61,780000000,61.78,terrain_world,differential_drive_robot,1.9999964258314777,15.199999970065482,-4.433823484413313e-07,-4.104671596583352e-10,8.208607569722945e-07,-4.989085549442218e-08,0.9999999999996618
61,800000000,61.8,terrain_world,differential_drive_robot,1.9999964258314777,15.199999970065482,-4.433823484413313e-07,-4.104671596583352e-10,8.208607569722945e-07,-4.989085549442218e-08,0.9999999999996618
61,820000000,61.82,terrain_world,differential_drive_robot,1.9999964258314777,15.199999970065482,-4.433823484413313e-07,-4.104671596583352e-10,8.208607569722945e-07,-4.989085549442218e-08,0.9999999999996618
61,840000000,61.84,terrain_world,differential_drive_robot,1.9999964258314777,15.199999970065482,-4.433823484413313e-07,-4.104671596583352e-10,8.208607569722945e-07,-4.989085549442218e-08,0.9999999999996618
61,860000000,61.86,terrain_world,differential_drive_robot,1.9999964258314777,15.199999970065482,-4.433823484413313e-07,-4.104671596583352e-10,8.208607569722945e-07,-4.989085549442218e-08,0.9999999999996618
61,880000000,61.88,terrain_world,differential_drive_robot,1.9999964258314777,15.199999970065482,-4.433823484413313e-07,-4.104671596583352e-10,8.208607569722945e-07,-4.989085549442218e-08,0.9999999999996618
61,900000000,61.9,terrain_world,differential_drive_robot,1.9999964258314777,15.199999970065482,-4.433823484413313e-07,-4.104671596583352e-10,8.208607569722945e-07,-4.989085549442218e-08,0.9999999999996618
61,920000000,61.92,terrain_world,differential_drive_robot,1.9999964258314777,15.199999970065482,-4.433823484413313e-07,-4.104671596583352e-10,8.208607569722945e-07,-4.989085549442218e-08,0.9999999999996618
61,940000000,61.94,terrain_world,differential_drive_robot,1.9999964258314777,15.199999970065482,-4.433823484413313e-07,-4.104671596583352e-10,8.208607569722945e-07,-4.989085549442218e-08,0.9999999999996618
61,960000000,61.96,terrain_world,differential_drive_robot,1.9999964258314777,15.199999970065482,-4.433823484413313e-07,-4.104671596583352e-10,8.208607569722945e-07,-4.989085549442218e-08,0.9999999999996618
61,980000000,61.98,terrain_world,differential_drive_robot,1.9999964258314777,15.199999970065482,-4.433823484413313e-07,-4.104671596583352e-10,8.208607569722945e-07,-4.989085549442218e-08,0.9999999999996618
62,0,62.0,terrain_world,differential_drive_robot,1.9999964258314777,15.199999970065482,-4.433823484413313e-07,-4.104671596583352e-10,8.208607569722945e-07,-4.989085549442218e-08,0.9999999999996618
62,20000000,62.02,terrain_world,differential_drive_robot,1.9999964258314777,15.199999970065482,-4.433823484413313e-07,-4.104671596583352e-10,8.208607569722945e-07,-4.989085549442218e-08,0.9999999999996618
62,40000000,62.04,terrain_world,differential_drive_robot,1.9999964258314777,15.199999970065482,-4.433823484413313e-07,-4.104671596583352e-10,8.208607569722945e-07,-4.989085549442218e-08,0.9999999999996618
62,60000000,62.06,terrain_world,differential_drive_robot,1.9999964258314777,15.199999970065482,-4.433823484413313e-07,-4.104671596583352e-10,8.208607569722945e-07,-4.989085549442218e-08,0.9999999999996618
62,80000000,62.08,terrain_world,differential_drive_robot,1.9999964258314777,15.199999970065482,-4.433823484413313e-07,-4.104671596583352e-10,8.208607569722945e-07,-4.989085549442218e-08,0.9999999999996618
62,100000000,62.1,terrain_world,differential_drive_robot,1.9999964258314777,15.199999970065482,-4.433823484413313e-07,-4.104671596583352e-10,8.208607569722945e-07,-4.989085549442218e-08,0.9999999999996618
62,120000000,62.12,terrain_world,differential_drive_robot,1.9999964258314777,15.199999970065482,-4.433823484413313e-07,-4.104671596583352e-10,8.208607569722945e-07,-4.989085549442218e-08,0.9999999999996618
62,140000000,62.14,terrain_world,differential_drive_robot,1.9999964258314777,15.199999970065482,-4.433823484413313e-07,-4.104671596583352e-10,8.208607569722945e-07,-4.989085549442218e-08,0.9999999999996618
62,160000000,62.16,terrain_world,differential_drive_robot,1.9999964258314777,15.199999970065482,-4.433823484413313e-07,-4.104671596583352e-10,8.208607569722945e-07,-4.989085549442218e-08,0.9999999999996618
62,180000000,62.18,terrain_world,differential_drive_robot,1.9999964258314777,15.199999970065482,-4.433823484413313e-07,-4.104671596583352e-10,8.208607569722945e-07,-4.989085549442218e-08,0.9999999999996618
62,200000000,62.2,terrain_world,differential_drive_robot,1.9999964258314777,15.199999970065482,-4.433823484413313e-07,-4.104671596583352e-10,8.208607569722945e-07,-4.989085549442218e-08,0.9999999999996618
62,220000000,62.22,terrain_world,differential_drive_robot,1.9999964258314777,15.199999970065482,-4.433823484413313e-07,-4.104671596583352e-10,8.208607569722945e-07,-4.989085549442218e-08,0.9999999999996618
62,240000000,62.24,terrain_world,differential_drive_robot,1.9999964258314777,15.199999970065482,-4.433823484413313e-07,-4.104671596583352e-10,8.208607569722945e-07,-4.989085549442218e-08,0.9999999999996618
62,260000000,62.26,terrain_world,differential_drive_robot,1.9999964258314777,15.199999970065482,-4.433823484413313e-07,-4.104671596583352e-10,8.208607569722945e-07,-4.989085549442218e-08,0.9999999999996618
62,280000000,62.28,terrain_world,differential_drive_robot,1.9999964258314777,15.199999970065482,-4.433823484413313e-07,-4.104671596583352e-10,8.208607569722945e-07,-4.989085549442218e-08,0.9999999999996618
62,300000000,62.3,terrain_world,differential_drive_robot,1.9999964258314777,15.199999970065482,-4.433823484413313e-07,-4.104671596583352e-10,8.208607569722945e-07,-4.989085549442218e-08,0.9999999999996618
62,320000000,62.32,terrain_world,differential_drive_robot,1.9999964258314777,15.199999970065482,-4.433823484413313e-07,-4.104671596583352e-10,8.208607569722945e-07,-4.989085549442218e-08,0.9999999999996618
62,340000000,62.34,terrain_world,differential_drive_robot,1.9999964258314777,15.199999970065482,-4.433823484413313e-07,-4.104671596583352e-10,8.208607569722945e-07,-4.989085549442218e-08,0.9999999999996618
62,360000000,62.36,terrain_world,differential_drive_robot,1.9999964258314777,15.199999970065482,-4.433823484413313e-07,-4.104671596583352e-10,8.208607569722945e-07,-4.989085549442218e-08,0.9999999999996618
62,380000000,62.38,terrain_world,differential_drive_robot,1.9999964258314777,15.199999970065482,-4.433823484413313e-07,-4.104671596583352e-10,8.208607569722945e-07,-4.989085549442218e-08,0.9999999999996618
62,400000000,62.4,terrain_world,differential_drive_robot,1.9999964258314777,15.199999970065482,-4.433823484413313e-07,-4.104671596583352e-10,8.208607569722945e-07,-4.989085549442218e-08,0.9999999999996618
62,420000000,62.42,terrain_world,differential_drive_robot,1.9999964258314777,15.199999970065482,-4.433823484413313e-07,-4.104671596583352e-10,8.208607569722945e-07,-4.989085549442218e-08,0.9999999999996618
62,440000000,62.44,terrain_world,differential_drive_robot,1.9999964258314777,15.199999970065482,-4.433823484413313e-07,-4.104671596583352e-10,8.208607569722945e-07,-4.989085549442218e-08,0.9999999999996618
62,460000000,62.46,terrain_world,differential_drive_robot,1.9999964258314777,15.199999970065482,-4.433823484413313e-07,-4.104671596583352e-10,8.208607569722945e-07,-4.989085549442218e-08,0.9999999999996618
62,480000000,62.48,terrain_world,differential_drive_robot,1.9999964258314777,15.199999970065482,-4.433823484413313e-07,-4.104671596583352e-10,8.208607569722945e-07,-4.989085549442218e-08,0.9999999999996618
62,500000000,62.5,terrain_world,differential_drive_robot,1.9999964258314777,15.199999970065482,-4.433823484413313e-07,-4.104671596583352e-10,8.208607569722945e-07,-4.989085549442218e-08,0.9999999999996618
62,520000000,62.52,terrain_world,differential_drive_robot,1.9999964258314777,15.199999970065482,-4.433823484413313e-07,-4.104671596583352e-10,8.208607569722945e-07,-4.989085549442218e-08,0.9999999999996618
62,540000000,62.54,terrain_world,differential_drive_robot,1.9999964258314777,15.199999970065482,-4.433823484413313e-07,-4.104671596583352e-10,8.208607569722945e-07,-4.989085549442218e-08,0.9999999999996618
62,560000000,62.56,terrain_world,differential_drive_robot,1.9999964258314777,15.199999970065482,-4.433823484413313e-07,-4.104671596583352e-10,8.208607569722945e-07,-4.989085549442218e-08,0.9999999999996618
62,580000000,62.58,terrain_world,differential_drive_robot,1.9999964258314777,15.199999970065482,-4.433823484413313e-07,-4.104671596583352e-10,8.208607569722945e-07,-4.989085549442218e-08,0.9999999999996618
62,600000000,62.6,terrain_world,differential_drive_robot,1.9999964258314777,15.199999970065482,-4.433823484413313e-07,-4.104671596583352e-10,8.208607569722945e-07,-4.989085549442218e-08,0.9999999999996618
62,620000000,62.62,terrain_world,differential_drive_robot,1.9999964258314777,15.199999970065482,-4.433823484413313e-07,-4.104671596583352e-10,8.208607569722945e-07,-4.989085549442218e-08,0.9999999999996618
62,640000000,62.64,terrain_world,differential_drive_robot,1.9999964258314777,15.199999970065482,-4.433823484413313e-07,-4.104671596583352e-10,8.208607569722945e-07,-4.989085549442218e-08,0.9999999999996618
62,660000000,62.66,terrain_world,differential_drive_robot,1.9999964258314777,15.199999970065482,-4.433823484413313e-07,-4.104671596583352e-10,8.208607569722945e-07,-4.989085549442218e-08,0.9999999999996618
62,680000000,62.68,terrain_world,differential_drive_robot,1.9999964258314777,15.199999970065482,-4.433823484413313e-07,-4.104671596583352e-10,8.208607569722945e-07,-4.989085549442218e-08,0.9999999999996618
62,700000000,62.7,terrain_world,differential_drive_robot,1.9999964258314777,15.199999970065482,-4.433823484413313e-07,-4.104671596583352e-10,8.208607569722945e-07,-4.989085549442218e-08,0.9999999999996618
62,720000000,62.72,terrain_world,differential_drive_robot,1.9999964258314777,15.199999970065482,-4.433823484413313e-07,-4.104671596583352e-10,8.208607569722945e-07,-4.989085549442218e-08,0.9999999999996618
62,740000000,62.74,terrain_world,differential_drive_robot,1.9999964258314777,15.199999970065482,-4.433823484413313e-07,-4.104671596583352e-10,8.208607569722945e-07,-4.989085549442218e-08,0.9999999999996618
62,760000000,62.76,terrain_world,differential_drive_robot,1.9999964258314777,15.199999970065482,-4.433823484413313e-07,-4.104671596583352e-10,8.208607569722945e-07,-4.989085549442218e-08,0.9999999999996618
62,780000000,62.78,terrain_world,differential_drive_robot,1.9999964258314777,15.199999970065482,-4.433823484413313e-07,-4.104671596583352e-10,8.208607569722945e-07,-4.989085549442218e-08,0.9999999999996618
62,800000000,62.8,terrain_world,differential_drive_robot,1.9999964258314777,15.199999970065482,-4.433823484413313e-07,-4.104671596583352e-10,8.208607569722945e-07,-4.989085549442218e-08,0.9999999999996618
62,820000000,62.82,terrain_world,differential_drive_robot,1.9999964258314777,15.199999970065482,-4.433823484413313e-07,-4.104671596583352e-10,8.208607569722945e-07,-4.989085549442218e-08,0.9999999999996618
62,840000000,62.84,terrain_world,differential_drive_robot,1.9999964258314777,15.199999970065482,-4.433823484413313e-07,-4.104671596583352e-10,8.208607569722945e-07,-4.989085549442218e-08,0.9999999999996618
62,860000000,62.86,terrain_world,differential_drive_robot,1.9999964258314777,15.199999970065482,-4.433823484413313e-07,-4.104671596583352e-10,8.208607569722945e-07,-4.989085549442218e-08,0.9999999999996618
62,880000000,62.88,terrain_world,differential_drive_robot,1.9999964258314777,15.199999970065482,-4.433823484413313e-07,-4.104671596583352e-10,8.208607569722945e-07,-4.989085549442218e-08,0.9999999999996618
62,900000000,62.9,terrain_world,differential_drive_robot,1.9999964258314777,15.199999970065482,-4.433823484413313e-07,-4.104671596583352e-10,8.208607569722945e-07,-4.989085549442218e-08,0.9999999999996618
62,920000000,62.92,terrain_world,differential_drive_robot,1.9999964258314777,15.199999970065482,-4.433823484413313e-07,-4.104671596583352e-10,8.208607569722945e-07,-4.989085549442218e-08,0.9999999999996618
62,940000000,62.94,terrain_world,differential_drive_robot,1.9999964258314777,15.199999970065482,-4.433823484413313e-07,-4.104671596583352e-10,8.208607569722945e-07,-4.989085549442218e-08,0.9999999999996618
62,960000000,62.96,terrain_world,differential_drive_robot,1.9999964258314777,15.199999970065482,-4.433823484413313e-07,-4.104671596583352e-10,8.208607569722945e-07,-4.989085549442218e-08,0.9999999999996618
62,980000000,62.98,terrain_world,differential_drive_robot,1.9999964258314777,15.199999970065482,-4.433823484413313e-07,-4.104671596583352e-10,8.208607569722945e-07,-4.989085549442218e-08,0.9999999999996618
63,0,63.0,terrain_world,differential_drive_robot,1.9999964258314777,15.199999970065482,-4.433823484413313e-07,-4.104671596583352e-10,8.208607569722945e-07,-4.989085549442218e-08,0.9999999999996618
63,20000000,63.02,terrain_world,differential_drive_robot,1.9999964258314777,15.199999970065482,-4.433823484413313e-07,-4.104671596583352e-10,8.208607569722945e-07,-4.989085549442218e-08,0.9999999999996618
63,40000000,63.04,terrain_world,differential_drive_robot,1.9999964258314777,15.199999970065482,-4.433823484413313e-07,-4.104671596583352e-10,8.208607569722945e-07,-4.989085549442218e-08,0.9999999999996618
63,60000000,63.06,terrain_world,differential_drive_robot,1.9999964258314777,15.199999970065482,-4.433823484413313e-07,-4.104671596583352e-10,8.208607569722945e-07,-4.989085549442218e-08,0.9999999999996618
63,80000000,63.08,terrain_world,differential_drive_robot,1.9999964258314777,15.199999970065482,-4.433823484413313e-07,-4.104671596583352e-10,8.208607569722945e-07,-4.989085549442218e-08,0.9999999999996618
63,100000000,63.1,terrain_world,differential_drive_robot,1.9999964258314777,15.199999970065482,-4.433823484413313e-07,-4.104671596583352e-10,8.208607569722945e-07,-4.989085549442218e-08,0.9999999999996618
63,120000000,63.12,terrain_world,differential_drive_robot,1.9999964258314777,15.199999970065482,-4.433823484413313e-07,-4.104671596583352e-10,8.208607569722945e-07,-4.989085549442218e-08,0.9999999999996618
63,140000000,63.14,terrain_world,differential_drive_robot,1.9999964258314777,15.199999970065482,-4.433823484413313e-07,-4.104671596583352e-10,8.208607569722945e-07,-4.989085549442218e-08,0.9999999999996618
63,160000000,63.16,terrain_world,differential_drive_robot,1.9999964258314777,15.199999970065482,-4.433823484413313e-07,-4.104671596583352e-10,8.208607569722945e-07,-4.989085549442218e-08,0.9999999999996618
63,180000000,63.18,terrain_world,differential_drive_robot,1.9999964258314777,15.199999970065482,-4.433823484413313e-07,-4.104671596583352e-10,8.208607569722945e-07,-4.989085549442218e-08,0.9999999999996618
63,200000000,63.2,terrain_world,differential_drive_robot,1.9999964258314777,15.199999970065482,-4.433823484413313e-07,-4.104671596583352e-10,8.208607569722945e-07,-4.989085549442218e-08,0.9999999999996618
63,220000000,63.22,terrain_world,differential_drive_robot,1.9999964258314777,15.199999970065482,-4.433823484413313e-07,-4.104671596583352e-10,8.208607569722945e-07,-4.989085549442218e-08,0.9999999999996618
63,240000000,63.24,terrain_world,differential_drive_robot,1.9999964258314777,15.199999970065482,-4.433823484413313e-07,-4.104671596583352e-10,8.208607569722945e-07,-4.989085549442218e-08,0.9999999999996618
63,260000000,63.26,terrain_world,differential_drive_robot,1.9999964258314777,15.199999970065482,-4.433823484413313e-07,-4.104671596583352e-10,8.208607569722945e-07,-4.989085549442218e-08,0.9999999999996618
63,280000000,63.28,terrain_world,differential_drive_robot,1.9999964258314777,15.199999970065482,-4.433823484413313e-07,-4.104671596583352e-10,8.208607569722945e-07,-4.989085549442218e-08,0.9999999999996618
63,300000000,63.3,terrain_world,differential_drive_robot,1.9999964258314777,15.199999970065482,-4.433823484413313e-07,-4.104671596583352e-10,8.208607569722945e-07,-4.989085549442218e-08,0.9999999999996618
63,320000000,63.32,terrain_world,differential_drive_robot,1.9999964258314777,15.199999970065482,-4.433823484413313e-07,-4.104671596583352e-10,8.208607569722945e-07,-4.989085549442218e-08,0.9999999999996618
63,340000000,63.34,terrain_world,differential_drive_robot,1.9999964258314777,15.199999970065482,-4.433823484413313e-07,-4.104671596583352e-10,8.208607569722945e-07,-4.989085549442218e-08,0.9999999999996618
63,360000000,63.36,terrain_world,differential_drive_robot,1.9999964258314777,15.199999970065482,-4.433823484413313e-07,-4.104671596583352e-10,8.208607569722945e-07,-4.989085549442218e-08,0.9999999999996618
63,380000000,63.38,terrain_world,differential_drive_robot,1.9999964258314777,15.199999970065482,-4.433823484413313e-07,-4.104671596583352e-10,8.208607569722945e-07,-4.989085549442218e-08,0.9999999999996618
63,400000000,63.4,terrain_world,differential_drive_robot,1.9999964258314777,15.199999970065482,-4.433823484413313e-07,-4.104671596583352e-10,8.208607569722945e-07,-4.989085549442218e-08,0.9999999999996618
63,420000000,63.42,terrain_world,differential_drive_robot,1.9999964258314777,15.199999970065482,-4.433823484413313e-07,-4.104671596583352e-10,8.208607569722945e-07,-4.989085549442218e-08,0.9999999999996618
63,440000000,63.44,terrain_world,differential_drive_robot,1.9999964258314777,15.199999970065482,-4.433823484413313e-07,-4.104671596583352e-10,8.208607569722945e-07,-4.989085549442218e-08,0.9999999999996618
63,460000000,63.46,terrain_world,differential_drive_robot,1.9999964258314777,15.199999970065482,-4.433823484413313e-07,-4.104671596583352e-10,8.208607569722945e-07,-4.989085549442218e-08,0.9999999999996618
63,480000000,63.48,terrain_world,differential_drive_robot,1.9999964258314777,15.199999970065482,-4.433823484413313e-07,-4.104671596583352e-10,8.208607569722945e-07,-4.989085549442218e-08,0.9999999999996618
63,500000000,63.5,terrain_world,differential_drive_robot,1.9999964258314777,15.199999970065482,-4.433823484413313e-07,-4.104671596583352e-10,8.208607569722945e-07,-4.989085549442218e-08,0.9999999999996618
63,520000000,63.52,terrain_world,differential_drive_robot,1.9999964258314777,15.199999970065482,-4.433823484413313e-07,-4.104671596583352e-10,8.208607569722945e-07,-4.989085549442218e-08,0.9999999999996618
63,540000000,63.54,terrain_world,differential_drive_robot,1.9999964258314777,15.199999970065482,-4.433823484413313e-07,-4.104671596583352e-10,8.208607569722945e-07,-4.989085549442218e-08,0.9999999999996618
63,560000000,63.56,terrain_world,differential_drive_robot,1.9999964258314777,15.199999970065482,-4.433823484413313e-07,-4.104671596583352e-10,8.208607569722945e-07,-4.989085549442218e-08,0.9999999999996618
63,580000000,63.58,terrain_world,differential_drive_robot,1.9999964258314777,15.199999970065482,-4.433823484413313e-07,-4.104671596583352e-10,8.208607569722945e-07,-4.989085549442218e-08,0.9999999999996618
63,600000000,63.6,terrain_world,differential_drive_robot,1.9999964258314777,15.199999970065482,-4.433823484413313e-07,-4.104671596583352e-10,8.208607569722945e-07,-4.989085549442218e-08,0.9999999999996618
63,620000000,63.62,terrain_world,differential_drive_robot,1.9999964258314777,15.199999970065482,-4.433823484413313e-07,-4.104671596583352e-10,8.208607569722945e-07,-4.989085549442218e-08,0.9999999999996618
63,640000000,63.64,terrain_world,differential_drive_robot,1.9999964258314777,15.199999970065482,-4.433823484413313e-07,-4.104671596583352e-10,8.208607569722945e-07,-4.989085549442218e-08,0.9999999999996618
63,660000000,63.66,terrain_world,differential_drive_robot,1.9999964258314777,15.199999970065482,-4.433823484413313e-07,-4.104671596583352e-10,8.208607569722945e-07,-4.989085549442218e-08,0.9999999999996618
63,680000000,63.68,terrain_world,differential_drive_robot,1.9999964258314777,15.199999970065482,-4.433823484413313e-07,-4.104671596583352e-10,8.208607569722945e-07,-4.989085549442218e-08,0.9999999999996618
63,700000000,63.7,terrain_world,differential_drive_robot,1.9999964258314777,15.199999970065482,-4.433823484413313e-07,-4.104671596583352e-10,8.208607569722945e-07,-4.989085549442218e-08,0.9999999999996618
63,720000000,63.72,terrain_world,differential_drive_robot,1.9999964258314777,15.199999970065482,-4.433823484413313e-07,-4.104671596583352e-10,8.208607569722945e-07,-4.989085549442218e-08,0.9999999999996618
63,740000000,63.74,terrain_world,differential_drive_robot,1.9999964258314777,15.199999970065482,-4.433823484413313e-07,-4.104671596583352e-10,8.208607569722945e-07,-4.989085549442218e-08,0.9999999999996618
63,760000000,63.76,terrain_world,differential_drive_robot,1.9999964258314777,15.199999970065482,-4.433823484413313e-07,-4.104671596583352e-10,8.208607569722945e-07,-4.989085549442218e-08,0.9999999999996618
63,780000000,63.78,terrain_world,differential_drive_robot,1.9999964258314777,15.199999970065482,-4.433823484413313e-07,-4.104671596583352e-10,8.208607569722945e-07,-4.989085549442218e-08,0.9999999999996618
63,800000000,63.8,terrain_world,differential_drive_robot,1.9999964258314777,15.199999970065482,-4.433823484413313e-07,-4.104671596583352e-10,8.208607569722945e-07,-4.989085549442218e-08,0.9999999999996618
63,820000000,63.82,terrain_world,differential_drive_robot,1.9999964258314777,15.199999970065482,-4.433823484413313e-07,-4.104671596583352e-10,8.208607569722945e-07,-4.989085549442218e-08,0.9999999999996618
63,840000000,63.84,terrain_world,differential_drive_robot,1.9999964258314777,15.199999970065482,-4.433823484413313e-07,-4.104671596583352e-10,8.208607569722945e-07,-4.989085549442218e-08,0.9999999999996618
63,860000000,63.86,terrain_world,differential_drive_robot,1.9999964258314777,15.199999970065482,-4.433823484413313e-07,-4.104671596583352e-10,8.208607569722945e-07,-4.989085549442218e-08,0.9999999999996618
63,880000000,63.88,terrain_world,differential_drive_robot,1.9999964258314777,15.199999970065482,-4.433823484413313e-07,-4.104671596583352e-10,8.208607569722945e-07,-4.989085549442218e-08,0.9999999999996618
63,900000000,63.9,terrain_world,differential_drive_robot,1.9999964258314777,15.199999970065482,-4.433823484413313e-07,-4.104671596583352e-10,8.208607569722945e-07,-4.989085549442218e-08,0.9999999999996618
63,920000000,63.92,terrain_world,differential_drive_robot,1.9999964258314777,15.199999970065482,-4.433823484413313e-07,-4.104671596583352e-10,8.208607569722945e-07,-4.989085549442218e-08,0.9999999999996618
63,940000000,63.94,terrain_world,differential_drive_robot,1.9999964258314777,15.199999970065482,-4.433823484413313e-07,-4.104671596583352e-10,8.208607569722945e-07,-4.989085549442218e-08,0.9999999999996618
63,960000000,63.96,terrain_world,differential_drive_robot,1.9999964258314777,15.199999970065482,-4.433823484413313e-07,-4.104671596583352e-10,8.208607569722945e-07,-4.989085549442218e-08,0.9999999999996618
63,980000000,63.98,terrain_world,differential_drive_robot,1.9999964258314777,15.199999970065482,-4.433823484413313e-07,-4.104671596583352e-10,8.208607569722945e-07,-4.989085549442218e-08,0.9999999999996618
64,0,64.0,terrain_world,differential_drive_robot,1.9999964258314777,15.199999970065482,-4.433823484413313e-07,-4.104671596583352e-10,8.208607569722945e-07,-4.989085549442218e-08,0.9999999999996618
64,20000000,64.02,terrain_world,differential_drive_robot,1.9999964258314777,15.199999970065482,-4.433823484413313e-07,-4.104671596583352e-10,8.208607569722945e-07,-4.989085549442218e-08,0.9999999999996618
64,40000000,64.04,terrain_world,differential_drive_robot,1.9999964258314777,15.199999970065482,-4.433823484413313e-07,-4.104671596583352e-10,8.208607569722945e-07,-4.989085549442218e-08,0.9999999999996618
64,60000000,64.06,terrain_world,differential_drive_robot,1.9999964258314777,15.199999970065482,-4.433823484413313e-07,-4.104671596583352e-10,8.208607569722945e-07,-4.989085549442218e-08,0.9999999999996618
64,80000000,64.08,terrain_world,differential_drive_robot,1.9999964258314777,15.199999970065482,-4.433823484413313e-07,-4.104671596583352e-10,8.208607569722945e-07,-4.989085549442218e-08,0.9999999999996618
64,100000000,64.1,terrain_world,differential_drive_robot,1.9999964258314777,15.199999970065482,-4.433823484413313e-07,-4.104671596583352e-10,8.208607569722945e-07,-4.989085549442218e-08,0.9999999999996618
64,120000000,64.12,terrain_world,differential_drive_robot,1.9999964258314777,15.199999970065482,-4.433823484413313e-07,-4.104671596583352e-10,8.208607569722945e-07,-4.989085549442218e-08,0.9999999999996618
64,140000000,64.14,terrain_world,differential_drive_robot,1.9999964258314777,15.199999970065482,-4.433823484413313e-07,-4.104671596583352e-10,8.208607569722945e-07,-4.989085549442218e-08,0.9999999999996618
64,160000000,64.16,terrain_world,differential_drive_robot,1.9999964258314777,15.199999970065482,-4.433823484413313e-07,-4.104671596583352e-10,8.208607569722945e-07,-4.989085549442218e-08,0.9999999999996618
64,180000000,64.18,terrain_world,differential_drive_robot,1.9999964258314777,15.199999970065482,-4.433823484413313e-07,-4.104671596583352e-10,8.208607569722945e-07,-4.989085549442218e-08,0.9999999999996618
64,200000000,64.2,terrain_world,differential_drive_robot,1.9999964258314777,15.199999970065482,-4.433823484413313e-07,-4.104671596583352e-10,8.208607569722945e-07,-4.989085549442218e-08,0.9999999999996618
64,220000000,64.22,terrain_world,differential_drive_robot,1.9999964258314777,15.199999970065482,-4.433823484413313e-07,-4.104671596583352e-10,8.208607569722945e-07,-4.989085549442218e-08,0.9999999999996618
64,240000000,64.24,terrain_world,differential_drive_robot,1.9999964258314777,15.199999970065482,-4.433823484413313e-07,-4.104671596583352e-10,8.208607569722945e-07,-4.989085549442218e-08,0.9999999999996618
64,260000000,64.26,terrain_world,differential_drive_robot,1.9999964258314777,15.199999970065482,-4.433823484413313e-07,-4.104671596583352e-10,8.208607569722945e-07,-4.989085549442218e-08,0.9999999999996618
64,280000000,64.28,terrain_world,differential_drive_robot,1.9999964258314777,15.199999970065482,-4.433823484413313e-07,-4.104671596583352e-10,8.208607569722945e-07,-4.989085549442218e-08,0.9999999999996618
64,300000000,64.3,terrain_world,differential_drive_robot,1.9999964258314777,15.199999970065482,-4.433823484413313e-07,-4.104671596583352e-10,8.208607569722945e-07,-4.989085549442218e-08,0.9999999999996618
64,320000000,64.32,terrain_world,differential_drive_robot,1.9999964258314777,15.199999970065482,-4.433823484413313e-07,-4.104671596583352e-10,8.208607569722945e-07,-4.989085549442218e-08,0.9999999999996618
64,340000000,64.34,terrain_world,differential_drive_robot,1.9999964258314777,15.199999970065482,-4.433823484413313e-07,-4.104671596583352e-10,8.208607569722945e-07,-4.989085549442218e-08,0.9999999999996618
64,360000000,64.36,terrain_world,differential_drive_robot,1.9999964258314777,15.199999970065482,-4.433823484413313e-07,-4.104671596583352e-10,8.208607569722945e-07,-4.989085549442218e-08,0.9999999999996618
64,380000000,64.38,terrain_world,differential_drive_robot,1.9999964258314777,15.199999970065482,-4.433823484413313e-07,-4.104671596583352e-10,8.208607569722945e-07,-4.989085549442218e-08,0.9999999999996618
64,400000000,64.4,terrain_world,differential_drive_robot,1.9999964258314777,15.199999970065482,-4.433823484413313e-07,-4.104671596583352e-10,8.208607569722945e-07,-4.989085549442218e-08,0.9999999999996618
64,420000000,64.42,terrain_world,differential_drive_robot,1.9999964258314777,15.199999970065482,-4.433823484413313e-07,-4.104671596583352e-10,8.208607569722945e-07,-4.989085549442218e-08,0.9999999999996618
64,440000000,64.44,terrain_world,differential_drive_robot,1.9999964258314777,15.199999970065482,-4.433823484413313e-07,-4.104671596583352e-10,8.208607569722945e-07,-4.989085549442218e-08,0.9999999999996618
64,460000000,64.46,terrain_world,differential_drive_robot,1.9999964258314777,15.199999970065482,-4.433823484413313e-07,-4.104671596583352e-10,8.208607569722945e-07,-4.989085549442218e-08,0.9999999999996618
64,480000000,64.48,terrain_world,differential_drive_robot,1.9999964258314777,15.199999970065482,-4.433823484413313e-07,-4.104671596583352e-10,8.208607569722945e-07,-4.989085549442218e-08,0.9999999999996618
64,500000000,64.5,terrain_world,differential_drive_robot,1.9999964258314777,15.199999970065482,-4.433823484413313e-07,-4.104671596583352e-10,8.208607569722945e-07,-4.989085549442218e-08,0.9999999999996618
64,520000000,64.52,terrain_world,differential_drive_robot,1.9999964258314777,15.199999970065482,-4.433823484413313e-07,-4.104671596583352e-10,8.208607569722945e-07,-4.989085549442218e-08,0.9999999999996618
64,540000000,64.54,terrain_world,differential_drive_robot,1.9999964258314777,15.199999970065482,-4.433823484413313e-07,-4.104671596583352e-10,8.208607569722945e-07,-4.989085549442218e-08,0.9999999999996618
64,560000000,64.56,terrain_world,differential_drive_robot,1.9999964258314777,15.199999970065482,-4.433823484413313e-07,-4.104671596583352e-10,8.208607569722945e-07,-4.989085549442218e-08,0.9999999999996618
64,580000000,64.58,terrain_world,differential_drive_robot,1.9999964258314777,15.199999970065482,-4.433823484413313e-07,-4.104671596583352e-10,8.208607569722945e-07,-4.989085549442218e-08,0.9999999999996618
64,600000000,64.6,terrain_world,differential_drive_robot,1.9999964258314777,15.199999970065482,-4.433823484413313e-07,-4.104671596583352e-10,8.208607569722945e-07,-4.989085549442218e-08,0.9999999999996618
64,620000000,64.62,terrain_world,differential_drive_robot,1.9999964258314777,15.199999970065482,-4.433823484413313e-07,-4.104671596583352e-10,8.208607569722945e-07,-4.989085549442218e-08,0.9999999999996618
64,640000000,64.64,terrain_world,differential_drive_robot,1.9999964258314777,15.199999970065482,-4.433823484413313e-07,-4.104671596583352e-10,8.208607569722945e-07,-4.989085549442218e-08,0.9999999999996618
64,660000000,64.66,terrain_world,differential_drive_robot,1.9999964258314777,15.199999970065482,-4.433823484413313e-07,-4.104671596583352e-10,8.208607569722945e-07,-4.989085549442218e-08,0.9999999999996618
64,680000000,64.68,terrain_world,differential_drive_robot,1.9999964258314777,15.199999970065482,-4.433823484413313e-07,-4.104671596583352e-10,8.208607569722945e-07,-4.989085549442218e-08,0.9999999999996618
64,700000000,64.7,terrain_world,differential_drive_robot,1.9999964258314777,15.199999970065482,-4.433823484413313e-07,-4.104671596583352e-10,8.208607569722945e-07,-4.989085549442218e-08,0.9999999999996618
64,720000000,64.72,terrain_world,differential_drive_robot,1.9999964258314777,15.199999970065482,-4.433823484413313e-07,-4.104671596583352e-10,8.208607569722945e-07,-4.989085549442218e-08,0.9999999999996618
64,740000000,64.74,terrain_world,differential_drive_robot,1.9999964258314777,15.199999970065482,-4.433823484413313e-07,-4.104671596583352e-10,8.208607569722945e-07,-4.989085549442218e-08,0.9999999999996618
64,760000000,64.76,terrain_world,differential_drive_robot,1.9999964258314777,15.199999970065482,-4.433823484413313e-07,-4.104671596583352e-10,8.208607569722945e-07,-4.989085549442218e-08,0.9999999999996618
64,780000000,64.78,terrain_world,differential_drive_robot,1.9999964258314777,15.199999970065482,-4.433823484413313e-07,-4.104671596583352e-10,8.208607569722945e-07,-4.989085549442218e-08,0.9999999999996618
64,800000000,64.8,terrain_world,differential_drive_robot,1.9999964258314777,15.199999970065482,-4.433823484413313e-07,-4.104671596583352e-10,8.208607569722945e-07,-4.989085549442218e-08,0.9999999999996618
64,820000000,64.82,terrain_world,differential_drive_robot,1.9999964258314777,15.199999970065482,-4.433823484413313e-07,-4.104671596583352e-10,8.208607569722945e-07,-4.989085549442218e-08,0.9999999999996618
64,840000000,64.84,terrain_world,differential_drive_robot,1.9999964258314777,15.199999970065482,-4.433823484413313e-07,-4.104671596583352e-10,8.208607569722945e-07,-4.989085549442218e-08,0.9999999999996618
64,860000000,64.86,terrain_world,differential_drive_robot,1.9999964258314777,15.199999970065482,-4.433823484413313e-07,-4.104671596583352e-10,8.208607569722945e-07,-4.989085549442218e-08,0.9999999999996618
64,880000000,64.88,terrain_world,differential_drive_robot,1.9999964258314777,15.199999970065482,-4.433823484413313e-07,-4.104671596583352e-10,8.208607569722945e-07,-4.989085549442218e-08,0.9999999999996618
64,900000000,64.9,terrain_world,differential_drive_robot,1.9999964258314777,15.199999970065482,-4.433823484413313e-07,-4.104671596583352e-10,8.208607569722945e-07,-4.989085549442218e-08,0.9999999999996618
64,920000000,64.92,terrain_world,differential_drive_robot,1.9999964258314777,15.199999970065482,-4.433823484413313e-07,-4.104671596583352e-10,8.208607569722945e-07,-4.989085549442218e-08,0.9999999999996618
64,940000000,64.94,terrain_world,differential_drive_robot,1.9999964258314777,15.199999970065482,-4.433823484413313e-07,-4.104671596583352e-10,8.208607569722945e-07,-4.989085549442218e-08,0.9999999999996618
64,960000000,64.96,terrain_world,differential_drive_robot,1.9999964258314777,15.199999970065482,-4.433823484413313e-07,-4.104671596583352e-10,8.208607569722945e-07,-4.989085549442218e-08,0.9999999999996618
64,980000000,64.98,terrain_world,differential_drive_robot,1.9999964258314777,15.199999970065482,-4.433823484413313e-07,-4.104671596583352e-10,8.208607569722945e-07,-4.989085549442218e-08,0.9999999999996618
65,0,65.0,terrain_world,differential_drive_robot,1.9999964258314777,15.199999970065482,-4.433823484413313e-07,-4.104671596583352e-10,8.208607569722945e-07,-4.989085549442218e-08,0.9999999999996618
65,20000000,65.02,terrain_world,differential_drive_robot,1.9999964258314777,15.199999970065482,-4.433823484413313e-07,-4.104671596583352e-10,8.208607569722945e-07,-4.989085549442218e-08,0.9999999999996618
65,40000000,65.04,terrain_world,differential_drive_robot,1.9999964258314777,15.199999970065482,-4.433823484413313e-07,-4.104671596583352e-10,8.208607569722945e-07,-4.989085549442218e-08,0.9999999999996618
65,60000000,65.06,terrain_world,differential_drive_robot,1.9999964258314777,15.199999970065482,-4.433823484413313e-07,-4.104671596583352e-10,8.208607569722945e-07,-4.989085549442218e-08,0.9999999999996618
65,80000000,65.08,terrain_world,differential_drive_robot,1.9999964258314777,15.199999970065482,-4.433823484413313e-07,-4.104671596583352e-10,8.208607569722945e-07,-4.989085549442218e-08,0.9999999999996618
65,100000000,65.1,terrain_world,differential_drive_robot,1.9999964258314777,15.199999970065482,-4.433823484413313e-07,-4.104671596583352e-10,8.208607569722945e-07,-4.989085549442218e-08,0.9999999999996618
65,120000000,65.12,terrain_world,differential_drive_robot,1.9999964258314777,15.199999970065482,-4.433823484413313e-07,-4.104671596583352e-10,8.208607569722945e-07,-4.989085549442218e-08,0.9999999999996618
65,140000000,65.14,terrain_world,differential_drive_robot,1.9999964258314777,15.199999970065482,-4.433823484413313e-07,-4.104671596583352e-10,8.208607569722945e-07,-4.989085549442218e-08,0.9999999999996618
65,160000000,65.16,terrain_world,differential_drive_robot,1.9999964258314777,15.199999970065482,-4.433823484413313e-07,-4.104671596583352e-10,8.208607569722945e-07,-4.989085549442218e-08,0.9999999999996618
65,180000000,65.18,terrain_world,differential_drive_robot,1.9999964258314777,15.199999970065482,-4.433823484413313e-07,-4.104671596583352e-10,8.208607569722945e-07,-4.989085549442218e-08,0.9999999999996618
65,200000000,65.2,terrain_world,differential_drive_robot,1.9999964258314777,15.199999970065482,-4.433823484413313e-07,-4.104671596583352e-10,8.208607569722945e-07,-4.989085549442218e-08,0.9999999999996618
65,220000000,65.22,terrain_world,differential_drive_robot,1.9999964258314777,15.199999970065482,-4.433823484413313e-07,-4.104671596583352e-10,8.208607569722945e-07,-4.989085549442218e-08,0.9999999999996618
65,240000000,65.24,terrain_world,differential_drive_robot,1.9999964258314777,15.199999970065482,-4.433823484413313e-07,-4.104671596583352e-10,8.208607569722945e-07,-4.989085549442218e-08,0.9999999999996618
65,260000000,65.26,terrain_world,differential_drive_robot,1.9999964258314777,15.199999970065482,-4.433823484413313e-07,-4.104671596583352e-10,8.208607569722945e-07,-4.989085549442218e-08,0.9999999999996618
65,280000000,65.28,terrain_world,differential_drive_robot,1.9999964258314777,15.199999970065482,-4.433823484413313e-07,-4.104671596583352e-10,8.208607569722945e-07,-4.989085549442218e-08,0.9999999999996618
65,300000000,65.3,terrain_world,differential_drive_robot,1.9999964258314777,15.199999970065482,-4.433823484413313e-07,-4.104671596583352e-10,8.208607569722945e-07,-4.989085549442218e-08,0.9999999999996618
65,320000000,65.32,terrain_world,differential_drive_robot,1.9999964258314777,15.199999970065482,-4.433823484413313e-07,-4.104671596583352e-10,8.208607569722945e-07,-4.989085549442218e-08,0.9999999999996618
65,340000000,65.34,terrain_world,differential_drive_robot,1.9999964258314777,15.199999970065482,-4.433823484413313e-07,-4.104671596583352e-10,8.208607569722945e-07,-4.989085549442218e-08,0.9999999999996618
65,360000000,65.36,terrain_world,differential_drive_robot,1.9999964258314777,15.199999970065482,-4.433823484413313e-07,-4.104671596583352e-10,8.208607569722945e-07,-4.989085549442218e-08,0.9999999999996618
65,380000000,65.38,terrain_world,differential_drive_robot,1.9999964258314777,15.199999970065482,-4.433823484413313e-07,-4.104671596583352e-10,8.208607569722945e-07,-4.989085549442218e-08,0.9999999999996618
65,400000000,65.4,terrain_world,differential_drive_robot,1.9999964258314777,15.199999970065482,-4.433823484413313e-07,-4.104671596583352e-10,8.208607569722945e-07,-4.989085549442218e-08,0.9999999999996618
65,420000000,65.42,terrain_world,differential_drive_robot,1.9999964258314777,15.199999970065482,-4.433823484413313e-07,-4.104671596583352e-10,8.208607569722945e-07,-4.989085549442218e-08,0.9999999999996618
65,440000000,65.44,terrain_world,differential_drive_robot,1.9999964258314777,15.199999970065482,-4.433823484413313e-07,-4.104671596583352e-10,8.208607569722945e-07,-4.989085549442218e-08,0.9999999999996618
65,460000000,65.46,terrain_world,differential_drive_robot,1.9999964258314777,15.199999970065482,-4.433823484413313e-07,-4.104671596583352e-10,8.208607569722945e-07,-4.989085549442218e-08,0.9999999999996618
65,480000000,65.48,terrain_world,differential_drive_robot,1.9999964258314777,15.199999970065482,-4.433823484413313e-07,-4.104671596583352e-10,8.208607569722945e-07,-4.989085549442218e-08,0.9999999999996618
65,500000000,65.5,terrain_world,differential_drive_robot,1.9999964258314777,15.199999970065482,-4.433823484413313e-07,-4.104671596583352e-10,8.208607569722945e-07,-4.989085549442218e-08,0.9999999999996618
65,520000000,65.52,terrain_world,differential_drive_robot,1.9999964258314777,15.199999970065482,-4.433823484413313e-07,-4.104671596583352e-10,8.208607569722945e-07,-4.989085549442218e-08,0.9999999999996618
65,540000000,65.54,terrain_world,differential_drive_robot,1.9999964258314777,15.199999970065482,-4.433823484413313e-07,-4.104671596583352e-10,8.208607569722945e-07,-4.989085549442218e-08,0.9999999999996618
65,560000000,65.56,terrain_world,differential_drive_robot,1.9999964258314777,15.199999970065482,-4.433823484413313e-07,-4.104671596583352e-10,8.208607569722945e-07,-4.989085549442218e-08,0.9999999999996618
65,580000000,65.58,terrain_world,differential_drive_robot,1.9999964258314777,15.199999970065482,-4.433823484413313e-07,-4.104671596583352e-10,8.208607569722945e-07,-4.989085549442218e-08,0.9999999999996618
65,600000000,65.6,terrain_world,differential_drive_robot,1.9999964258314777,15.199999970065482,-4.433823484413313e-07,-4.104671596583352e-10,8.208607569722945e-07,-4.989085549442218e-08,0.9999999999996618
65,620000000,65.62,terrain_world,differential_drive_robot,1.9999964258314777,15.199999970065482,-4.433823484413313e-07,-4.104671596583352e-10,8.208607569722945e-07,-4.989085549442218e-08,0.9999999999996618
65,640000000,65.64,terrain_world,differential_drive_robot,1.9999964258314777,15.199999970065482,-4.433823484413313e-07,-4.104671596583352e-10,8.208607569722945e-07,-4.989085549442218e-08,0.9999999999996618
65,660000000,65.66,terrain_world,differential_drive_robot,1.9999964258314777,15.199999970065482,-4.433823484413313e-07,-4.104671596583352e-10,8.208607569722945e-07,-4.989085549442218e-08,0.9999999999996618
65,680000000,65.68,terrain_world,differential_drive_robot,1.9999964258314777,15.199999970065482,-4.433823484413313e-07,-4.104671596583352e-10,8.208607569722945e-07,-4.989085549442218e-08,0.9999999999996618
65,700000000,65.7,terrain_world,differential_drive_robot,1.9999964258314777,15.199999970065482,-4.433823484413313e-07,-4.104671596583352e-10,8.208607569722945e-07,-4.989085549442218e-08,0.9999999999996618
65,720000000,65.72,terrain_world,differential_drive_robot,1.9999964258314777,15.199999970065482,-4.433823484413313e-07,-4.104671596583352e-10,8.208607569722945e-07,-4.989085549442218e-08,0.9999999999996618
65,740000000,65.74,terrain_world,differential_drive_robot,1.9999964258314777,15.199999970065482,-4.433823484413313e-07,-4.104671596583352e-10,8.208607569722945e-07,-4.989085549442218e-08,0.9999999999996618
65,760000000,65.76,terrain_world,differential_drive_robot,1.9999964258314777,15.199999970065482,-4.433823484413313e-07,-4.104671596583352e-10,8.208607569722945e-07,-4.989085549442218e-08,0.9999999999996618
65,780000000,65.78,terrain_world,differential_drive_robot,1.9999964258314777,15.199999970065482,-4.433823484413313e-07,-4.104671596583352e-10,8.208607569722945e-07,-4.989085549442218e-08,0.9999999999996618
65,800000000,65.8,terrain_world,differential_drive_robot,1.9999964258314777,15.199999970065482,-4.433823484413313e-07,-4.104671596583352e-10,8.208607569722945e-07,-4.989085549442218e-08,0.9999999999996618
65,820000000,65.82,terrain_world,differential_drive_robot,1.9999964258314777,15.199999970065482,-4.433823484413313e-07,-4.104671596583352e-10,8.208607569722945e-07,-4.989085549442218e-08,0.9999999999996618
65,840000000,65.84,terrain_world,differential_drive_robot,1.9999964258314777,15.199999970065482,-4.433823484413313e-07,-4.104671596583352e-10,8.208607569722945e-07,-4.989085549442218e-08,0.9999999999996618
65,860000000,65.86,terrain_world,differential_drive_robot,1.9999964258314777,15.199999970065482,-4.433823484413313e-07,-4.104671596583352e-10,8.208607569722945e-07,-4.989085549442218e-08,0.9999999999996618
65,880000000,65.88,terrain_world,differential_drive_robot,1.9999964258314777,15.199999970065482,-4.433823484413313e-07,-4.104671596583352e-10,8.208607569722945e-07,-4.989085549442218e-08,0.9999999999996618
65,900000000,65.9,terrain_world,differential_drive_robot,1.9999964258314777,15.199999970065482,-4.433823484413313e-07,-4.104671596583352e-10,8.208607569722945e-07,-4.989085549442218e-08,0.9999999999996618
65,920000000,65.92,terrain_world,differential_drive_robot,1.9999964258314777,15.199999970065482,-4.433823484413313e-07,-4.104671596583352e-10,8.208607569722945e-07,-4.989085549442218e-08,0.9999999999996618
65,940000000,65.94,terrain_world,differential_drive_robot,1.9999964258314777,15.199999970065482,-4.433823484413313e-07,-4.104671596583352e-10,8.208607569722945e-07,-4.989085549442218e-08,0.9999999999996618
65,960000000,65.96,terrain_world,differential_drive_robot,1.9999964258314777,15.199999970065482,-4.433823484413313e-07,-4.104671596583352e-10,8.208607569722945e-07,-4.989085549442218e-08,0.9999999999996618
65,980000000,65.98,terrain_world,differential_drive_robot,1.9999964258314777,15.199999970065482,-4.433823484413313e-07,-4.104671596583352e-10,8.208607569722945e-07,-4.989085549442218e-08,0.9999999999996618
66,0,66.0,terrain_world,differential_drive_robot,1.9999964258314777,15.199999970065482,-4.433823484413313e-07,-4.104671596583352e-10,8.208607569722945e-07,-4.989085549442218e-08,0.9999999999996618
66,20000000,66.02,terrain_world,differential_drive_robot,1.9999964258314777,15.199999970065482,-4.433823484413313e-07,-4.104671596583352e-10,8.208607569722945e-07,-4.989085549442218e-08,0.9999999999996618
66,40000000,66.04,terrain_world,differential_drive_robot,1.9999964258314777,15.199999970065482,-4.433823484413313e-07,-4.104671596583352e-10,8.208607569722945e-07,-4.989085549442218e-08,0.9999999999996618
66,60000000,66.06,terrain_world,differential_drive_robot,1.9999964258314777,15.199999970065482,-4.433823484413313e-07,-4.104671596583352e-10,8.208607569722945e-07,-4.989085549442218e-08,0.9999999999996618
66,80000000,66.08,terrain_world,differential_drive_robot,1.9999964258314777,15.199999970065482,-4.433823484413313e-07,-4.104671596583352e-10,8.208607569722945e-07,-4.989085549442218e-08,0.9999999999996618
66,100000000,66.1,terrain_world,differential_drive_robot,1.9999964258314777,15.199999970065482,-4.433823484413313e-07,-4.104671596583352e-10,8.208607569722945e-07,-4.989085549442218e-08,0.9999999999996618
66,120000000,66.12,terrain_world,differential_drive_robot,1.9999964258314777,15.199999970065482,-4.433823484413313e-07,-4.104671596583352e-10,8.208607569722945e-07,-4.989085549442218e-08,0.9999999999996618
66,140000000,66.14,terrain_world,differential_drive_robot,1.9999964258314777,15.199999970065482,-4.433823484413313e-07,-4.104671596583352e-10,8.208607569722945e-07,-4.989085549442218e-08,0.9999999999996618
66,160000000,66.16,terrain_world,differential_drive_robot,1.9999964258314777,15.199999970065482,-4.433823484413313e-07,-4.104671596583352e-10,8.208607569722945e-07,-4.989085549442218e-08,0.9999999999996618
66,180000000,66.18,terrain_world,differential_drive_robot,1.9999964258314777,15.199999970065482,-4.433823484413313e-07,-4.104671596583352e-10,8.208607569722945e-07,-4.989085549442218e-08,0.9999999999996618
66,200000000,66.2,terrain_world,differential_drive_robot,1.9999964258314777,15.199999970065482,-4.433823484413313e-07,-4.104671596583352e-10,8.208607569722945e-07,-4.989085549442218e-08,0.9999999999996618
66,220000000,66.22,terrain_world,differential_drive_robot,1.9999964258314777,15.199999970065482,-4.433823484413313e-07,-4.104671596583352e-10,8.208607569722945e-07,-4.989085549442218e-08,0.9999999999996618
66,240000000,66.24,terrain_world,differential_drive_robot,1.9999964258314777,15.199999970065482,-4.433823484413313e-07,-4.104671596583352e-10,8.208607569722945e-07,-4.989085549442218e-08,0.9999999999996618
66,260000000,66.26,terrain_world,differential_drive_robot,1.9999964258314777,15.199999970065482,-4.433823484413313e-07,-4.104671596583352e-10,8.208607569722945e-07,-4.989085549442218e-08,0.9999999999996618
66,280000000,66.28,terrain_world,differential_drive_robot,1.9999964258314777,15.199999970065482,-4.433823484413313e-07,-4.104671596583352e-10,8.208607569722945e-07,-4.989085549442218e-08,0.9999999999996618
66,300000000,66.3,terrain_world,differential_drive_robot,1.9999964258314777,15.199999970065482,-4.433823484413313e-07,-4.104671596583352e-10,8.208607569722945e-07,-4.989085549442218e-08,0.9999999999996618
66,320000000,66.32,terrain_world,differential_drive_robot,1.9999964258314777,15.199999970065482,-4.433823484413313e-07,-4.104671596583352e-10,8.208607569722945e-07,-4.989085549442218e-08,0.9999999999996618
66,340000000,66.34,terrain_world,differential_drive_robot,1.9999964258314777,15.199999970065482,-4.433823484413313e-07,-4.104671596583352e-10,8.208607569722945e-07,-4.989085549442218e-08,0.9999999999996618
66,360000000,66.36,terrain_world,differential_drive_robot,1.9999964258314777,15.199999970065482,-4.433823484413313e-07,-4.104671596583352e-10,8.208607569722945e-07,-4.989085549442218e-08,0.9999999999996618
66,380000000,66.38,terrain_world,differential_drive_robot,1.9999964258314777,15.199999970065482,-4.433823484413313e-07,-4.104671596583352e-10,8.208607569722945e-07,-4.989085549442218e-08,0.9999999999996618
66,400000000,66.4,terrain_world,differential_drive_robot,1.9999964258314777,15.199999970065482,-4.433823484413313e-07,-4.104671596583352e-10,8.208607569722945e-07,-4.989085549442218e-08,0.9999999999996618
66,420000000,66.42,terrain_world,differential_drive_robot,1.9999964258314777,15.199999970065482,-4.433823484413313e-07,-4.104671596583352e-10,8.208607569722945e-07,-4.989085549442218e-08,0.9999999999996618
66,440000000,66.44,terrain_world,differential_drive_robot,1.9999964258314777,15.199999970065482,-4.433823484413313e-07,-4.104671596583352e-10,8.208607569722945e-07,-4.989085549442218e-08,0.9999999999996618
66,460000000,66.46,terrain_world,differential_drive_robot,1.9999964258314777,15.199999970065482,-4.433823484413313e-07,-4.104671596583352e-10,8.208607569722945e-07,-4.989085549442218e-08,0.9999999999996618
66,480000000,66.48,terrain_world,differential_drive_robot,1.9999964258314777,15.199999970065482,-4.433823484413313e-07,-4.104671596583352e-10,8.208607569722945e-07,-4.989085549442218e-08,0.9999999999996618
66,500000000,66.5,terrain_world,differential_drive_robot,1.9999964258314777,15.199999970065482,-4.433823484413313e-07,-4.104671596583352e-10,8.208607569722945e-07,-4.989085549442218e-08,0.9999999999996618
66,520000000,66.52,terrain_world,differential_drive_robot,1.9999964258314777,15.199999970065482,-4.433823484413313e-07,-4.104671596583352e-10,8.208607569722945e-07,-4.989085549442218e-08,0.9999999999996618
66,540000000,66.54,terrain_world,differential_drive_robot,1.9999964258314777,15.199999970065482,-4.433823484413313e-07,-4.104671596583352e-10,8.208607569722945e-07,-4.989085549442218e-08,0.9999999999996618
66,560000000,66.56,terrain_world,differential_drive_robot,1.9999964258314777,15.199999970065482,-4.433823484413313e-07,-4.104671596583352e-10,8.208607569722945e-07,-4.989085549442218e-08,0.9999999999996618
66,580000000,66.58,terrain_world,differential_drive_robot,1.9999964258314777,15.199999970065482,-4.433823484413313e-07,-4.104671596583352e-10,8.208607569722945e-07,-4.989085549442218e-08,0.9999999999996618
66,600000000,66.6,terrain_world,differential_drive_robot,1.9999964258314777,15.199999970065482,-4.433823484413313e-07,-4.104671596583352e-10,8.208607569722945e-07,-4.989085549442218e-08,0.9999999999996618
66,620000000,66.62,terrain_world,differential_drive_robot,1.9999964258314777,15.199999970065482,-4.433823484413313e-07,-4.104671596583352e-10,8.208607569722945e-07,-4.989085549442218e-08,0.9999999999996618
66,640000000,66.64,terrain_world,differential_drive_robot,1.9999964258314777,15.199999970065482,-4.433823484413313e-07,-4.104671596583352e-10,8.208607569722945e-07,-4.989085549442218e-08,0.9999999999996618
66,660000000,66.66,terrain_world,differential_drive_robot,1.9999964258314777,15.199999970065482,-4.433823484413313e-07,-4.104671596583352e-10,8.208607569722945e-07,-4.989085549442218e-08,0.9999999999996618
66,680000000,66.68,terrain_world,differential_drive_robot,1.9999964258314777,15.199999970065482,-4.433823484413313e-07,-4.104671596583352e-10,8.208607569722945e-07,-4.989085549442218e-08,0.9999999999996618
66,700000000,66.7,terrain_world,differential_drive_robot,1.9999964258314777,15.199999970065482,-4.433823484413313e-07,-4.104671596583352e-10,8.208607569722945e-07,-4.989085549442218e-08,0.9999999999996618
66,720000000,66.72,terrain_world,differential_drive_robot,1.9999964258314777,15.199999970065482,-4.433823484413313e-07,-4.104671596583352e-10,8.208607569722945e-07,-4.989085549442218e-08,0.9999999999996618
66,740000000,66.74,terrain_world,differential_drive_robot,1.9999964258314777,15.199999970065482,-4.433823484413313e-07,-4.104671596583352e-10,8.208607569722945e-07,-4.989085549442218e-08,0.9999999999996618
66,760000000,66.76,terrain_world,differential_drive_robot,1.9999964258314777,15.199999970065482,-4.433823484413313e-07,-4.104671596583352e-10,8.208607569722945e-07,-4.989085549442218e-08,0.9999999999996618
66,780000000,66.78,terrain_world,differential_drive_robot,1.9999964258314777,15.199999970065482,-4.433823484413313e-07,-4.104671596583352e-10,8.208607569722945e-07,-4.989085549442218e-08,0.9999999999996618
66,800000000,66.8,terrain_world,differential_drive_robot,1.9999964258314777,15.199999970065482,-4.433823484413313e-07,-4.104671596583352e-10,8.208607569722945e-07,-4.989085549442218e-08,0.9999999999996618
66,820000000,66.82,terrain_world,differential_drive_robot,1.9999964258314777,15.199999970065482,-4.433823484413313e-07,-4.104671596583352e-10,8.208607569722945e-07,-4.989085549442218e-08,0.9999999999996618
66,840000000,66.84,terrain_world,differential_drive_robot,1.9999964258314777,15.199999970065482,-4.433823484413313e-07,-4.104671596583352e-10,8.208607569722945e-07,-4.989085549442218e-08,0.9999999999996618
66,860000000,66.86,terrain_world,differential_drive_robot,1.9999964258314777,15.199999970065482,-4.433823484413313e-07,-4.104671596583352e-10,8.208607569722945e-07,-4.989085549442218e-08,0.9999999999996618
66,880000000,66.88,terrain_world,differential_drive_robot,1.9999964258314777,15.199999970065482,-4.433823484413313e-07,-4.104671596583352e-10,8.208607569722945e-07,-4.989085549442218e-08,0.9999999999996618
66,900000000,66.9,terrain_world,differential_drive_robot,1.9999964258314777,15.199999970065482,-4.433823484413313e-07,-4.104671596583352e-10,8.208607569722945e-07,-4.989085549442218e-08,0.9999999999996618
66,920000000,66.92,terrain_world,differential_drive_robot,1.9999964258314777,15.199999970065482,-4.433823484413313e-07,-4.104671596583352e-10,8.208607569722945e-07,-4.989085549442218e-08,0.9999999999996618
66,940000000,66.94,terrain_world,differential_drive_robot,1.9999964258314777,15.199999970065482,-4.433823484413313e-07,-4.104671596583352e-10,8.208607569722945e-07,-4.989085549442218e-08,0.9999999999996618
66,960000000,66.96,terrain_world,differential_drive_robot,1.9999964258314777,15.199999970065482,-4.433823484413313e-07,-4.104671596583352e-10,8.208607569722945e-07,-4.989085549442218e-08,0.9999999999996618
66,980000000,66.98,terrain_world,differential_drive_robot,1.9999964258314777,15.199999970065482,-4.433823484413313e-07,-4.104671596583352e-10,8.208607569722945e-07,-4.989085549442218e-08,0.9999999999996618
67,0,67.0,terrain_world,differential_drive_robot,1.9999964258314777,15.199999970065482,-4.433823484413313e-07,-4.104671596583352e-10,8.208607569722945e-07,-4.989085549442218e-08,0.9999999999996618
67,20000000,67.02,terrain_world,differential_drive_robot,1.9999964258314777,15.199999970065482,-4.433823484413313e-07,-4.104671596583352e-10,8.208607569722945e-07,-4.989085549442218e-08,0.9999999999996618
67,40000000,67.04,terrain_world,differential_drive_robot,1.9999964258314777,15.199999970065482,-4.433823484413313e-07,-4.104671596583352e-10,8.208607569722945e-07,-4.989085549442218e-08,0.9999999999996618
67,60000000,67.06,terrain_world,differential_drive_robot,1.9999964258314777,15.199999970065482,-4.433823484413313e-07,-4.104671596583352e-10,8.208607569722945e-07,-4.989085549442218e-08,0.9999999999996618
67,80000000,67.08,terrain_world,differential_drive_robot,1.9999964258314777,15.199999970065482,-4.433823484413313e-07,-4.104671596583352e-10,8.208607569722945e-07,-4.989085549442218e-08,0.9999999999996618
67,100000000,67.1,terrain_world,differential_drive_robot,1.9999964258314777,15.199999970065482,-4.433823484413313e-07,-4.104671596583352e-10,8.208607569722945e-07,-4.989085549442218e-08,0.9999999999996618
67,120000000,67.12,terrain_world,differential_drive_robot,1.9999964258314777,15.199999970065482,-4.433823484413313e-07,-4.104671596583352e-10,8.208607569722945e-07,-4.989085549442218e-08,0.9999999999996618
67,140000000,67.14,terrain_world,differential_drive_robot,1.9999964258314777,15.199999970065482,-4.433823484413313e-07,-4.104671596583352e-10,8.208607569722945e-07,-4.989085549442218e-08,0.9999999999996618
67,160000000,67.16,terrain_world,differential_drive_robot,1.9999964258314777,15.199999970065482,-4.433823484413313e-07,-4.104671596583352e-10,8.208607569722945e-07,-4.989085549442218e-08,0.9999999999996618
67,180000000,67.18,terrain_world,differential_drive_robot,1.9999964258314777,15.199999970065482,-4.433823484413313e-07,-4.104671596583352e-10,8.208607569722945e-07,-4.989085549442218e-08,0.9999999999996618
67,200000000,67.2,terrain_world,differential_drive_robot,1.9999964258314777,15.199999970065482,-4.433823484413313e-07,-4.104671596583352e-10,8.208607569722945e-07,-4.989085549442218e-08,0.9999999999996618
67,220000000,67.22,terrain_world,differential_drive_robot,1.9999964258314777,15.199999970065482,-4.433823484413313e-07,-4.104671596583352e-10,8.208607569722945e-07,-4.989085549442218e-08,0.9999999999996618
67,240000000,67.24,terrain_world,differential_drive_robot,1.9999964258314777,15.199999970065482,-4.433823484413313e-07,-4.104671596583352e-10,8.208607569722945e-07,-4.989085549442218e-08,0.9999999999996618
67,260000000,67.26,terrain_world,differential_drive_robot,1.9999964258314777,15.199999970065482,-4.433823484413313e-07,-4.104671596583352e-10,8.208607569722945e-07,-4.989085549442218e-08,0.9999999999996618
67,280000000,67.28,terrain_world,differential_drive_robot,1.9999964258314777,15.199999970065482,-4.433823484413313e-07,-4.104671596583352e-10,8.208607569722945e-07,-4.989085549442218e-08,0.9999999999996618
67,300000000,67.3,terrain_world,differential_drive_robot,1.9999964258314777,15.199999970065482,-4.433823484413313e-07,-4.104671596583352e-10,8.208607569722945e-07,-4.989085549442218e-08,0.9999999999996618
67,320000000,67.32,terrain_world,differential_drive_robot,1.9999964258314777,15.199999970065482,-4.433823484413313e-07,-4.104671596583352e-10,8.208607569722945e-07,-4.989085549442218e-08,0.9999999999996618
67,340000000,67.34,terrain_world,differential_drive_robot,1.9999964258314777,15.199999970065482,-4.433823484413313e-07,-4.104671596583352e-10,8.208607569722945e-07,-4.989085549442218e-08,0.9999999999996618
67,360000000,67.36,terrain_world,differential_drive_robot,1.9999964258314777,15.199999970065482,-4.433823484413313e-07,-4.104671596583352e-10,8.208607569722945e-07,-4.989085549442218e-08,0.9999999999996618
67,380000000,67.38,terrain_world,differential_drive_robot,1.9999964258314777,15.199999970065482,-4.433823484413313e-07,-4.104671596583352e-10,8.208607569722945e-07,-4.989085549442218e-08,0.9999999999996618
67,400000000,67.4,terrain_world,differential_drive_robot,1.9999964258314777,15.199999970065482,-4.433823484413313e-07,-4.104671596583352e-10,8.208607569722945e-07,-4.989085549442218e-08,0.9999999999996618
67,420000000,67.42,terrain_world,differential_drive_robot,1.9999964258314777,15.199999970065482,-4.433823484413313e-07,-4.104671596583352e-10,8.208607569722945e-07,-4.989085549442218e-08,0.9999999999996618
67,440000000,67.44,terrain_world,differential_drive_robot,1.9999964258314777,15.199999970065482,-4.433823484413313e-07,-4.104671596583352e-10,8.208607569722945e-07,-4.989085549442218e-08,0.9999999999996618
67,460000000,67.46,terrain_world,differential_drive_robot,1.9999964258314777,15.199999970065482,-4.433823484413313e-07,-4.104671596583352e-10,8.208607569722945e-07,-4.989085549442218e-08,0.9999999999996618
67,480000000,67.48,terrain_world,differential_drive_robot,1.9999964258314777,15.199999970065482,-4.433823484413313e-07,-4.104671596583352e-10,8.208607569722945e-07,-4.989085549442218e-08,0.9999999999996618
67,500000000,67.5,terrain_world,differential_drive_robot,1.9999964258314777,15.199999970065482,-4.433823484413313e-07,-4.104671596583352e-10,8.208607569722945e-07,-4.989085549442218e-08,0.9999999999996618
67,520000000,67.52,terrain_world,differential_drive_robot,1.9999964258314777,15.199999970065482,-4.433823484413313e-07,-4.104671596583352e-10,8.208607569722945e-07,-4.989085549442218e-08,0.9999999999996618
67,540000000,67.54,terrain_world,differential_drive_robot,1.9999964258314777,15.199999970065482,-4.433823484413313e-07,-4.104671596583352e-10,8.208607569722945e-07,-4.989085549442218e-08,0.9999999999996618
67,560000000,67.56,terrain_world,differential_drive_robot,1.9999964258314777,15.199999970065482,-4.433823484413313e-07,-4.104671596583352e-10,8.208607569722945e-07,-4.989085549442218e-08,0.9999999999996618
67,580000000,67.58,terrain_world,differential_drive_robot,1.9999964258314777,15.199999970065482,-4.433823484413313e-07,-4.104671596583352e-10,8.208607569722945e-07,-4.989085549442218e-08,0.9999999999996618
67,600000000,67.6,terrain_world,differential_drive_robot,1.9999964258314777,15.199999970065482,-4.433823484413313e-07,-4.104671596583352e-10,8.208607569722945e-07,-4.989085549442218e-08,0.9999999999996618
67,620000000,67.62,terrain_world,differential_drive_robot,1.9999964258314777,15.199999970065482,-4.433823484413313e-07,-4.104671596583352e-10,8.208607569722945e-07,-4.989085549442218e-08,0.9999999999996618
67,640000000,67.64,terrain_world,differential_drive_robot,1.9999964258314777,15.199999970065482,-4.433823484413313e-07,-4.104671596583352e-10,8.208607569722945e-07,-4.989085549442218e-08,0.9999999999996618
67,660000000,67.66,terrain_world,differential_drive_robot,1.9999964258314777,15.199999970065482,-4.433823484413313e-07,-4.104671596583352e-10,8.208607569722945e-07,-4.989085549442218e-08,0.9999999999996618
67,680000000,67.68,terrain_world,differential_drive_robot,1.9999964258314777,15.199999970065482,-4.433823484413313e-07,-4.104671596583352e-10,8.208607569722945e-07,-4.989085549442218e-08,0.9999999999996618
67,700000000,67.7,terrain_world,differential_drive_robot,1.9999964258314777,15.199999970065482,-4.433823484413313e-07,-4.104671596583352e-10,8.208607569722945e-07,-4.989085549442218e-08,0.9999999999996618
67,720000000,67.72,terrain_world,differential_drive_robot,1.9999964258314777,15.199999970065482,-4.433823484413313e-07,-4.104671596583352e-10,8.208607569722945e-07,-4.989085549442218e-08,0.9999999999996618
67,740000000,67.74,terrain_world,differential_drive_robot,1.9999964258314777,15.199999970065482,-4.433823484413313e-07,-4.104671596583352e-10,8.208607569722945e-07,-4.989085549442218e-08,0.9999999999996618
67,760000000,67.76,terrain_world,differential_drive_robot,1.9999964258314777,15.199999970065482,-4.433823484413313e-07,-4.104671596583352e-10,8.208607569722945e-07,-4.989085549442218e-08,0.9999999999996618
67,780000000,67.78,terrain_world,differential_drive_robot,1.9999964258314777,15.199999970065482,-4.433823484413313e-07,-4.104671596583352e-10,8.208607569722945e-07,-4.989085549442218e-08,0.9999999999996618
67,800000000,67.8,terrain_world,differential_drive_robot,1.9999964258314777,15.199999970065482,-4.433823484413313e-07,-4.104671596583352e-10,8.208607569722945e-07,-4.989085549442218e-08,0.9999999999996618
67,820000000,67.82,terrain_world,differential_drive_robot,1.9999964258314777,15.199999970065482,-4.433823484413313e-07,-4.104671596583352e-10,8.208607569722945e-07,-4.989085549442218e-08,0.9999999999996618
67,840000000,67.84,terrain_world,differential_drive_robot,1.9999964258314777,15.199999970065482,-4.433823484413313e-07,-4.104671596583352e-10,8.208607569722945e-07,-4.989085549442218e-08,0.9999999999996618
67,860000000,67.86,terrain_world,differential_drive_robot,1.9999964258314777,15.199999970065482,-4.433823484413313e-07,-4.104671596583352e-10,8.208607569722945e-07,-4.989085549442218e-08,0.9999999999996618
67,880000000,67.88,terrain_world,differential_drive_robot,1.9999964258314777,15.199999970065482,-4.433823484413313e-07,-4.104671596583352e-10,8.208607569722945e-07,-4.989085549442218e-08,0.9999999999996618
67,900000000,67.9,terrain_world,differential_drive_robot,1.9999964258314777,15.199999970065482,-4.433823484413313e-07,-4.104671596583352e-10,8.208607569722945e-07,-4.989085549442218e-08,0.9999999999996618
67,920000000,67.92,terrain_world,differential_drive_robot,1.9999964258314777,15.199999970065482,-4.433823484413313e-07,-4.104671596583352e-10,8.208607569722945e-07,-4.989085549442218e-08,0.9999999999996618
67,940000000,67.94,terrain_world,differential_drive_robot,1.9999964258314777,15.199999970065482,-4.433823484413313e-07,-4.104671596583352e-10,8.208607569722945e-07,-4.989085549442218e-08,0.9999999999996618
67,960000000,67.96,terrain_world,differential_drive_robot,1.9999964258314777,15.199999970065482,-4.433823484413313e-07,-4.104671596583352e-10,8.208607569722945e-07,-4.989085549442218e-08,0.9999999999996618
67,980000000,67.98,terrain_world,differential_drive_robot,1.9999964258314777,15.199999970065482,-4.433823484413313e-07,-4.104671596583352e-10,8.208607569722945e-07,-4.989085549442218e-08,0.9999999999996618
68,0,68.0,terrain_world,differential_drive_robot,1.9999964258314777,15.199999970065482,-4.433823484413313e-07,-4.104671596583352e-10,8.208607569722945e-07,-4.989085549442218e-08,0.9999999999996618
68,20000000,68.02,terrain_world,differential_drive_robot,1.9999964258314777,15.199999970065482,-4.433823484413313e-07,-4.104671596583352e-10,8.208607569722945e-07,-4.989085549442218e-08,0.9999999999996618
68,40000000,68.04,terrain_world,differential_drive_robot,1.9999964258314777,15.199999970065482,-4.433823484413313e-07,-4.104671596583352e-10,8.208607569722945e-07,-4.989085549442218e-08,0.9999999999996618
68,60000000,68.06,terrain_world,differential_drive_robot,1.9999964258314777,15.199999970065482,-4.433823484413313e-07,-4.104671596583352e-10,8.208607569722945e-07,-4.989085549442218e-08,0.9999999999996618
68,80000000,68.08,terrain_world,differential_drive_robot,1.9999964258314777,15.199999970065482,-4.433823484413313e-07,-4.104671596583352e-10,8.208607569722945e-07,-4.989085549442218e-08,0.9999999999996618
68,100000000,68.1,terrain_world,differential_drive_robot,1.9999964258314777,15.199999970065482,-4.433823484413313e-07,-4.104671596583352e-10,8.208607569722945e-07,-4.989085549442218e-08,0.9999999999996618
68,120000000,68.12,terrain_world,differential_drive_robot,1.9999964258314777,15.199999970065482,-4.433823484413313e-07,-4.104671596583352e-10,8.208607569722945e-07,-4.989085549442218e-08,0.9999999999996618
68,140000000,68.14,terrain_world,differential_drive_robot,1.9999964258314777,15.199999970065482,-4.433823484413313e-07,-4.104671596583352e-10,8.208607569722945e-07,-4.989085549442218e-08,0.9999999999996618
68,160000000,68.16,terrain_world,differential_drive_robot,1.9999964258314777,15.199999970065482,-4.433823484413313e-07,-4.104671596583352e-10,8.208607569722945e-07,-4.989085549442218e-08,0.9999999999996618
68,180000000,68.18,terrain_world,differential_drive_robot,1.9999964258314777,15.199999970065482,-4.433823484413313e-07,-4.104671596583352e-10,8.208607569722945e-07,-4.989085549442218e-08,0.9999999999996618
68,200000000,68.2,terrain_world,differential_drive_robot,1.9999964258314777,15.199999970065482,-4.433823484413313e-07,-4.104671596583352e-10,8.208607569722945e-07,-4.989085549442218e-08,0.9999999999996618
68,220000000,68.22,terrain_world,differential_drive_robot,1.9999964258314777,15.199999970065482,-4.433823484413313e-07,-4.104671596583352e-10,8.208607569722945e-07,-4.989085549442218e-08,0.9999999999996618
68,240000000,68.24,terrain_world,differential_drive_robot,1.9999964258314777,15.199999970065482,-4.433823484413313e-07,-4.104671596583352e-10,8.208607569722945e-07,-4.989085549442218e-08,0.9999999999996618
68,260000000,68.26,terrain_world,differential_drive_robot,1.9999964258314777,15.199999970065482,-4.433823484413313e-07,-4.104671596583352e-10,8.208607569722945e-07,-4.989085549442218e-08,0.9999999999996618
68,280000000,68.28,terrain_world,differential_drive_robot,1.9999964258314777,15.199999970065482,-4.433823484413313e-07,-4.104671596583352e-10,8.208607569722945e-07,-4.989085549442218e-08,0.9999999999996618
68,300000000,68.3,terrain_world,differential_drive_robot,1.9999964258314777,15.199999970065482,-4.433823484413313e-07,-4.104671596583352e-10,8.208607569722945e-07,-4.989085549442218e-08,0.9999999999996618
68,320000000,68.32,terrain_world,differential_drive_robot,1.9999964258314777,15.199999970065482,-4.433823484413313e-07,-4.104671596583352e-10,8.208607569722945e-07,-4.989085549442218e-08,0.9999999999996618
68,340000000,68.34,terrain_world,differential_drive_robot,1.9999964258314777,15.199999970065482,-4.433823484413313e-07,-4.104671596583352e-10,8.208607569722945e-07,-4.989085549442218e-08,0.9999999999996618
68,360000000,68.36,terrain_world,differential_drive_robot,1.9999964258314777,15.199999970065482,-4.433823484413313e-07,-4.104671596583352e-10,8.208607569722945e-07,-4.989085549442218e-08,0.9999999999996618
68,380000000,68.38,terrain_world,differential_drive_robot,1.9999964258314777,15.199999970065482,-4.433823484413313e-07,-4.104671596583352e-10,8.208607569722945e-07,-4.989085549442218e-08,0.9999999999996618
68,400000000,68.4,terrain_world,differential_drive_robot,1.9999964258314777,15.199999970065482,-4.433823484413313e-07,-4.104671596583352e-10,8.208607569722945e-07,-4.989085549442218e-08,0.9999999999996618
68,420000000,68.42,terrain_world,differential_drive_robot,1.9999964258314777,15.199999970065482,-4.433823484413313e-07,-4.104671596583352e-10,8.208607569722945e-07,-4.989085549442218e-08,0.9999999999996618
68,440000000,68.44,terrain_world,differential_drive_robot,1.9999964258314777,15.199999970065482,-4.433823484413313e-07,-4.104671596583352e-10,8.208607569722945e-07,-4.989085549442218e-08,0.9999999999996618
68,460000000,68.46,terrain_world,differential_drive_robot,1.9999964258314777,15.199999970065482,-4.433823484413313e-07,-4.104671596583352e-10,8.208607569722945e-07,-4.989085549442218e-08,0.9999999999996618
68,480000000,68.48,terrain_world,differential_drive_robot,1.9999964258314777,15.199999970065482,-4.433823484413313e-07,-4.104671596583352e-10,8.208607569722945e-07,-4.989085549442218e-08,0.9999999999996618
68,500000000,68.5,terrain_world,differential_drive_robot,1.9999964258314777,15.199999970065482,-4.433823484413313e-07,-4.104671596583352e-10,8.208607569722945e-07,-4.989085549442218e-08,0.9999999999996618
68,520000000,68.52,terrain_world,differential_drive_robot,1.9999964258314777,15.199999970065482,-4.433823484413313e-07,-4.104671596583352e-10,8.208607569722945e-07,-4.989085549442218e-08,0.9999999999996618
68,540000000,68.54,terrain_world,differential_drive_robot,1.9999964258314777,15.199999970065482,-4.433823484413313e-07,-4.104671596583352e-10,8.208607569722945e-07,-4.989085549442218e-08,0.9999999999996618
68,560000000,68.56,terrain_world,differential_drive_robot,1.9999964258314777,15.199999970065482,-4.433823484413313e-07,-4.104671596583352e-10,8.208607569722945e-07,-4.989085549442218e-08,0.9999999999996618
68,580000000,68.58,terrain_world,differential_drive_robot,1.9999964258314777,15.199999970065482,-4.433823484413313e-07,-4.104671596583352e-10,8.208607569722945e-07,-4.989085549442218e-08,0.9999999999996618
68,600000000,68.6,terrain_world,differential_drive_robot,1.9999964258314777,15.199999970065482,-4.433823484413313e-07,-4.104671596583352e-10,8.208607569722945e-07,-4.989085549442218e-08,0.9999999999996618
68,620000000,68.62,terrain_world,differential_drive_robot,1.9999964258314777,15.199999970065482,-4.433823484413313e-07,-4.104671596583352e-10,8.208607569722945e-07,-4.989085549442218e-08,0.9999999999996618
68,640000000,68.64,terrain_world,differential_drive_robot,1.9999964258314777,15.199999970065482,-4.433823484413313e-07,-4.104671596583352e-10,8.208607569722945e-07,-4.989085549442218e-08,0.9999999999996618
68,660000000,68.66,terrain_world,differential_drive_robot,1.9999964258314777,15.199999970065482,-4.433823484413313e-07,-4.104671596583352e-10,8.208607569722945e-07,-4.989085549442218e-08,0.9999999999996618
68,680000000,68.68,terrain_world,differential_drive_robot,1.9999964258314777,15.199999970065482,-4.433823484413313e-07,-4.104671596583352e-10,8.208607569722945e-07,-4.989085549442218e-08,0.9999999999996618
68,700000000,68.7,terrain_world,differential_drive_robot,1.9999964258314777,15.199999970065482,-4.433823484413313e-07,-4.104671596583352e-10,8.208607569722945e-07,-4.989085549442218e-08,0.9999999999996618
68,720000000,68.72,terrain_world,differential_drive_robot,1.9999964258314777,15.199999970065482,-4.433823484413313e-07,-4.104671596583352e-10,8.208607569722945e-07,-4.989085549442218e-08,0.9999999999996618
68,740000000,68.74,terrain_world,differential_drive_robot,1.9999964258314777,15.199999970065482,-4.433823484413313e-07,-4.104671596583352e-10,8.208607569722945e-07,-4.989085549442218e-08,0.9999999999996618
68,760000000,68.76,terrain_world,differential_drive_robot,1.9999964258314777,15.199999970065482,-4.433823484413313e-07,-4.104671596583352e-10,8.208607569722945e-07,-4.989085549442218e-08,0.9999999999996618
68,780000000,68.78,terrain_world,differential_drive_robot,1.9999964258314777,15.199999970065482,-4.433823484413313e-07,-4.104671596583352e-10,8.208607569722945e-07,-4.989085549442218e-08,0.9999999999996618
68,800000000,68.8,terrain_world,differential_drive_robot,1.9999964258314777,15.199999970065482,-4.433823484413313e-07,-4.104671596583352e-10,8.208607569722945e-07,-4.989085549442218e-08,0.9999999999996618
68,820000000,68.82,terrain_world,differential_drive_robot,1.9999964258314777,15.199999970065482,-4.433823484413313e-07,-4.104671596583352e-10,8.208607569722945e-07,-4.989085549442218e-08,0.9999999999996618
68,840000000,68.84,terrain_world,differential_drive_robot,1.9999964258314777,15.199999970065482,-4.433823484413313e-07,-4.104671596583352e-10,8.208607569722945e-07,-4.989085549442218e-08,0.9999999999996618
68,860000000,68.86,terrain_world,differential_drive_robot,1.9999964258314777,15.199999970065482,-4.433823484413313e-07,-4.104671596583352e-10,8.208607569722945e-07,-4.989085549442218e-08,0.9999999999996618
68,880000000,68.88,terrain_world,differential_drive_robot,1.9999964258314777,15.199999970065482,-4.433823484413313e-07,-4.104671596583352e-10,8.208607569722945e-07,-4.989085549442218e-08,0.9999999999996618
68,900000000,68.9,terrain_world,differential_drive_robot,1.9999964258314777,15.199999970065482,-4.433823484413313e-07,-4.104671596583352e-10,8.208607569722945e-07,-4.989085549442218e-08,0.9999999999996618
68,920000000,68.92,terrain_world,differential_drive_robot,1.9999964258314777,15.199999970065482,-4.433823484413313e-07,-4.104671596583352e-10,8.208607569722945e-07,-4.989085549442218e-08,0.9999999999996618
68,940000000,68.94,terrain_world,differential_drive_robot,1.9999964258314777,15.199999970065482,-4.433823484413313e-07,-4.104671596583352e-10,8.208607569722945e-07,-4.989085549442218e-08,0.9999999999996618
68,960000000,68.96,terrain_world,differential_drive_robot,1.9999964258314777,15.199999970065482,-4.433823484413313e-07,-4.104671596583352e-10,8.208607569722945e-07,-4.989085549442218e-08,0.9999999999996618
68,980000000,68.98,terrain_world,differential_drive_robot,1.9999964258314777,15.199999970065482,-4.433823484413313e-07,-4.104671596583352e-10,8.208607569722945e-07,-4.989085549442218e-08,0.9999999999996618
69,0,69.0,terrain_world,differential_drive_robot,1.9999964258314777,15.199999970065482,-4.433823484413313e-07,-4.104671596583352e-10,8.208607569722945e-07,-4.989085549442218e-08,0.9999999999996618
69,20000000,69.02,terrain_world,differential_drive_robot,1.9999964258314777,15.199999970065482,-4.433823484413313e-07,-4.104671596583352e-10,8.208607569722945e-07,-4.989085549442218e-08,0.9999999999996618
69,40000000,69.04,terrain_world,differential_drive_robot,1.9999964258314777,15.199999970065482,-4.433823484413313e-07,-4.104671596583352e-10,8.208607569722945e-07,-4.989085549442218e-08,0.9999999999996618
69,60000000,69.06,terrain_world,differential_drive_robot,1.9999964258314777,15.199999970065482,-4.433823484413313e-07,-4.104671596583352e-10,8.208607569722945e-07,-4.989085549442218e-08,0.9999999999996618
69,80000000,69.08,terrain_world,differential_drive_robot,1.9999964258314777,15.199999970065482,-4.433823484413313e-07,-4.104671596583352e-10,8.208607569722945e-07,-4.989085549442218e-08,0.9999999999996618
69,100000000,69.1,terrain_world,differential_drive_robot,1.9999964258314777,15.199999970065482,-4.433823484413313e-07,-4.104671596583352e-10,8.208607569722945e-07,-4.989085549442218e-08,0.9999999999996618
69,120000000,69.12,terrain_world,differential_drive_robot,1.9999964258314777,15.199999970065482,-4.433823484413313e-07,-4.104671596583352e-10,8.208607569722945e-07,-4.989085549442218e-08,0.9999999999996618
69,140000000,69.14,terrain_world,differential_drive_robot,1.9999964258314777,15.199999970065482,-4.433823484413313e-07,-4.104671596583352e-10,8.208607569722945e-07,-4.989085549442218e-08,0.9999999999996618
69,160000000,69.16,terrain_world,differential_drive_robot,1.9999964258314777,15.199999970065482,-4.433823484413313e-07,-4.104671596583352e-10,8.208607569722945e-07,-4.989085549442218e-08,0.9999999999996618
69,180000000,69.18,terrain_world,differential_drive_robot,1.9999964258314777,15.199999970065482,-4.433823484413313e-07,-4.104671596583352e-10,8.208607569722945e-07,-4.989085549442218e-08,0.9999999999996618
69,200000000,69.2,terrain_world,differential_drive_robot,1.9999964258314777,15.199999970065482,-4.433823484413313e-07,-4.104671596583352e-10,8.208607569722945e-07,-4.989085549442218e-08,0.9999999999996618
69,220000000,69.22,terrain_world,differential_drive_robot,1.9999964258314777,15.199999970065482,-4.433823484413313e-07,-4.104671596583352e-10,8.208607569722945e-07,-4.989085549442218e-08,0.9999999999996618
69,240000000,69.24,terrain_world,differential_drive_robot,1.9999964258314777,15.199999970065482,-4.433823484413313e-07,-4.104671596583352e-10,8.208607569722945e-07,-4.989085549442218e-08,0.9999999999996618
69,260000000,69.26,terrain_world,differential_drive_robot,1.9999964258314777,15.199999970065482,-4.433823484413313e-07,-4.104671596583352e-10,8.208607569722945e-07,-4.989085549442218e-08,0.9999999999996618
69,280000000,69.28,terrain_world,differential_drive_robot,1.9999964258314777,15.199999970065482,-4.433823484413313e-07,-4.104671596583352e-10,8.208607569722945e-07,-4.989085549442218e-08,0.9999999999996618
69,300000000,69.3,terrain_world,differential_drive_robot,1.9999964258314777,15.199999970065482,-4.433823484413313e-07,-4.104671596583352e-10,8.208607569722945e-07,-4.989085549442218e-08,0.9999999999996618
69,320000000,69.32,terrain_world,differential_drive_robot,1.9999964258314777,15.199999970065482,-4.433823484413313e-07,-4.104671596583352e-10,8.208607569722945e-07,-4.989085549442218e-08,0.9999999999996618
69,340000000,69.34,terrain_world,differential_drive_robot,1.9999964258314777,15.199999970065482,-4.433823484413313e-07,-4.104671596583352e-10,8.208607569722945e-07,-4.989085549442218e-08,0.9999999999996618
69,360000000,69.36,terrain_world,differential_drive_robot,1.9999964258314777,15.199999970065482,-4.433823484413313e-07,-4.104671596583352e-10,8.208607569722945e-07,-4.989085549442218e-08,0.9999999999996618
69,380000000,69.38,terrain_world,differential_drive_robot,1.9999964258314777,15.199999970065482,-4.433823484413313e-07,-4.104671596583352e-10,8.208607569722945e-07,-4.989085549442218e-08,0.9999999999996618
69,400000000,69.4,terrain_world,differential_drive_robot,1.9999964258314777,15.199999970065482,-4.433823484413313e-07,-4.104671596583352e-10,8.208607569722945e-07,-4.989085549442218e-08,0.9999999999996618
69,420000000,69.42,terrain_world,differential_drive_robot,1.9999964258314777,15.199999970065482,-4.433823484413313e-07,-4.104671596583352e-10,8.208607569722945e-07,-4.989085549442218e-08,0.9999999999996618
69,440000000,69.44,terrain_world,differential_drive_robot,1.9999964258314777,15.199999970065482,-4.433823484413313e-07,-4.104671596583352e-10,8.208607569722945e-07,-4.989085549442218e-08,0.9999999999996618
69,460000000,69.46,terrain_world,differential_drive_robot,1.9999964258314777,15.199999970065482,-4.433823484413313e-07,-4.104671596583352e-10,8.208607569722945e-07,-4.989085549442218e-08,0.9999999999996618
69,480000000,69.48,terrain_world,differential_drive_robot,1.9999964258314777,15.199999970065482,-4.433823484413313e-07,-4.104671596583352e-10,8.208607569722945e-07,-4.989085549442218e-08,0.9999999999996618
69,500000000,69.5,terrain_world,differential_drive_robot,1.9999964258314777,15.199999970065482,-4.433823484413313e-07,-4.104671596583352e-10,8.208607569722945e-07,-4.989085549442218e-08,0.9999999999996618
69,520000000,69.52,terrain_world,differential_drive_robot,1.9999964258314777,15.199999970065482,-4.433823484413313e-07,-4.104671596583352e-10,8.208607569722945e-07,-4.989085549442218e-08,0.9999999999996618
69,540000000,69.54,terrain_world,differential_drive_robot,1.9999964258314777,15.199999970065482,-4.433823484413313e-07,-4.104671596583352e-10,8.208607569722945e-07,-4.989085549442218e-08,0.9999999999996618
69,560000000,69.56,terrain_world,differential_drive_robot,1.9999964258314777,15.199999970065482,-4.433823484413313e-07,-4.104671596583352e-10,8.208607569722945e-07,-4.989085549442218e-08,0.9999999999996618
69,580000000,69.58,terrain_world,differential_drive_robot,1.9999964258314777,15.199999970065482,-4.433823484413313e-07,-4.104671596583352e-10,8.208607569722945e-07,-4.989085549442218e-08,0.9999999999996618
69,600000000,69.6,terrain_world,differential_drive_robot,1.9999964258314777,15.199999970065482,-4.433823484413313e-07,-4.104671596583352e-10,8.208607569722945e-07,-4.989085549442218e-08,0.9999999999996618
69,620000000,69.62,terrain_world,differential_drive_robot,1.9999964258314777,15.199999970065482,-4.433823484413313e-07,-4.104671596583352e-10,8.208607569722945e-07,-4.989085549442218e-08,0.9999999999996618
69,640000000,69.64,terrain_world,differential_drive_robot,1.9999964258314777,15.199999970065482,-4.433823484413313e-07,-4.104671596583352e-10,8.208607569722945e-07,-4.989085549442218e-08,0.9999999999996618
69,660000000,69.66,terrain_world,differential_drive_robot,1.9999964258314777,15.199999970065482,-4.433823484413313e-07,-4.104671596583352e-10,8.208607569722945e-07,-4.989085549442218e-08,0.9999999999996618
69,680000000,69.68,terrain_world,differential_drive_robot,1.9999964258314777,15.199999970065482,-4.433823484413313e-07,-4.104671596583352e-10,8.208607569722945e-07,-4.989085549442218e-08,0.9999999999996618
69,700000000,69.7,terrain_world,differential_drive_robot,1.9999964258314777,15.199999970065482,-4.433823484413313e-07,-4.104671596583352e-10,8.208607569722945e-07,-4.989085549442218e-08,0.9999999999996618
69,720000000,69.72,terrain_world,differential_drive_robot,1.9999964258314777,15.199999970065482,-4.433823484413313e-07,-4.104671596583352e-10,8.208607569722945e-07,-4.989085549442218e-08,0.9999999999996618
69,740000000,69.74,terrain_world,differential_drive_robot,1.9999964258314777,15.199999970065482,-4.433823484413313e-07,-4.104671596583352e-10,8.208607569722945e-07,-4.989085549442218e-08,0.9999999999996618
69,760000000,69.76,terrain_world,differential_drive_robot,1.9999964258314777,15.199999970065482,-4.433823484413313e-07,-4.104671596583352e-10,8.208607569722945e-07,-4.989085549442218e-08,0.9999999999996618
69,780000000,69.78,terrain_world,differential_drive_robot,1.9999964258314777,15.199999970065482,-4.433823484413313e-07,-4.104671596583352e-10,8.208607569722945e-07,-4.989085549442218e-08,0.9999999999996618
69,800000000,69.8,terrain_world,differential_drive_robot,1.9999964258314777,15.199999970065482,-4.433823484413313e-07,-4.104671596583352e-10,8.208607569722945e-07,-4.989085549442218e-08,0.9999999999996618
69,820000000,69.82,terrain_world,differential_drive_robot,1.9999964258314777,15.199999970065482,-4.433823484413313e-07,-4.104671596583352e-10,8.208607569722945e-07,-4.989085549442218e-08,0.9999999999996618
69,840000000,69.84,terrain_world,differential_drive_robot,1.9999964258314777,15.199999970065482,-4.433823484413313e-07,-4.104671596583352e-10,8.208607569722945e-07,-4.989085549442218e-08,0.9999999999996618
69,860000000,69.86,terrain_world,differential_drive_robot,1.9999964258314777,15.199999970065482,-4.433823484413313e-07,-4.104671596583352e-10,8.208607569722945e-07,-4.989085549442218e-08,0.9999999999996618
69,880000000,69.88,terrain_world,differential_drive_robot,1.9999964258314777,15.199999970065482,-4.433823484413313e-07,-4.104671596583352e-10,8.208607569722945e-07,-4.989085549442218e-08,0.9999999999996618
69,900000000,69.9,terrain_world,differential_drive_robot,1.9999964258314777,15.199999970065482,-4.433823484413313e-07,-4.104671596583352e-10,8.208607569722945e-07,-4.989085549442218e-08,0.9999999999996618
69,920000000,69.92,terrain_world,differential_drive_robot,1.9999964258314777,15.199999970065482,-4.433823484413313e-07,-4.104671596583352e-10,8.208607569722945e-07,-4.989085549442218e-08,0.9999999999996618
69,940000000,69.94,terrain_world,differential_drive_robot,1.9999964258314777,15.199999970065482,-4.433823484413313e-07,-4.104671596583352e-10,8.208607569722945e-07,-4.989085549442218e-08,0.9999999999996618
69,960000000,69.96,terrain_world,differential_drive_robot,1.9999964258314777,15.199999970065482,-4.433823484413313e-07,-4.104671596583352e-10,8.208607569722945e-07,-4.989085549442218e-08,0.9999999999996618
69,980000000,69.98,terrain_world,differential_drive_robot,1.9999964258314777,15.199999970065482,-4.433823484413313e-07,-4.104671596583352e-10,8.208607569722945e-07,-4.989085549442218e-08,0.9999999999996618
70,0,70.0,terrain_world,differential_drive_robot,1.9999964258314777,15.199999970065482,-4.433823484413313e-07,-4.104671596583352e-10,8.208607569722945e-07,-4.989085549442218e-08,0.9999999999996618
70,20000000,70.02,terrain_world,differential_drive_robot,1.9999964258314777,15.199999970065482,-4.433823484413313e-07,-4.104671596583352e-10,8.208607569722945e-07,-4.989085549442218e-08,0.9999999999996618
70,40000000,70.04,terrain_world,differential_drive_robot,1.9999964258314777,15.199999970065482,-4.433823484413313e-07,-4.104671596583352e-10,8.208607569722945e-07,-4.989085549442218e-08,0.9999999999996618
70,60000000,70.06,terrain_world,differential_drive_robot,1.9999964258314777,15.199999970065482,-4.433823484413313e-07,-4.104671596583352e-10,8.208607569722945e-07,-4.989085549442218e-08,0.9999999999996618
70,80000000,70.08,terrain_world,differential_drive_robot,1.9999964258314777,15.199999970065482,-4.433823484413313e-07,-4.104671596583352e-10,8.208607569722945e-07,-4.989085549442218e-08,0.9999999999996618
70,100000000,70.1,terrain_world,differential_drive_robot,1.9999964258314777,15.199999970065482,-4.433823484413313e-07,-4.104671596583352e-10,8.208607569722945e-07,-4.989085549442218e-08,0.9999999999996618
70,120000000,70.12,terrain_world,differential_drive_robot,1.9999964258314777,15.199999970065482,-4.433823484413313e-07,-4.104671596583352e-10,8.208607569722945e-07,-4.989085549442218e-08,0.9999999999996618
70,140000000,70.14,terrain_world,differential_drive_robot,1.9999964258314777,15.199999970065482,-4.433823484413313e-07,-4.104671596583352e-10,8.208607569722945e-07,-4.989085549442218e-08,0.9999999999996618
70,160000000,70.16,terrain_world,differential_drive_robot,1.9999964258314777,15.199999970065482,-4.433823484413313e-07,-4.104671596583352e-10,8.208607569722945e-07,-4.989085549442218e-08,0.9999999999996618
70,180000000,70.18,terrain_world,differential_drive_robot,1.9999964258314777,15.199999970065482,-4.433823484413313e-07,-4.104671596583352e-10,8.208607569722945e-07,-4.989085549442218e-08,0.9999999999996618
70,200000000,70.2,terrain_world,differential_drive_robot,1.9999964258314777,15.199999970065482,-4.433823484413313e-07,-4.104671596583352e-10,8.208607569722945e-07,-4.989085549442218e-08,0.9999999999996618
70,220000000,70.22,terrain_world,differential_drive_robot,1.9999964258314777,15.199999970065482,-4.433823484413313e-07,-4.104671596583352e-10,8.208607569722945e-07,-4.989085549442218e-08,0.9999999999996618
70,240000000,70.24,terrain_world,differential_drive_robot,1.9999964258314777,15.199999970065482,-4.433823484413313e-07,-4.104671596583352e-10,8.208607569722945e-07,-4.989085549442218e-08,0.9999999999996618
70,260000000,70.26,terrain_world,differential_drive_robot,1.9999964258314777,15.199999970065482,-4.433823484413313e-07,-4.104671596583352e-10,8.208607569722945e-07,-4.989085549442218e-08,0.9999999999996618
70,280000000,70.28,terrain_world,differential_drive_robot,1.9999964258314777,15.199999970065482,-4.433823484413313e-07,-4.104671596583352e-10,8.208607569722945e-07,-4.989085549442218e-08,0.9999999999996618
70,300000000,70.3,terrain_world,differential_drive_robot,1.9999964258314777,15.199999970065482,-4.433823484413313e-07,-4.104671596583352e-10,8.208607569722945e-07,-4.989085549442218e-08,0.9999999999996618
70,320000000,70.32,terrain_world,differential_drive_robot,1.9999964258314777,15.199999970065482,-4.433823484413313e-07,-4.104671596583352e-10,8.208607569722945e-07,-4.989085549442218e-08,0.9999999999996618
70,340000000,70.34,terrain_world,differential_drive_robot,1.9999964258314777,15.199999970065482,-4.433823484413313e-07,-4.104671596583352e-10,8.208607569722945e-07,-4.989085549442218e-08,0.9999999999996618
70,360000000,70.36,terrain_world,differential_drive_robot,1.9999964258314777,15.199999970065482,-4.433823484413313e-07,-4.104671596583352e-10,8.208607569722945e-07,-4.989085549442218e-08,0.9999999999996618
70,380000000,70.38,terrain_world,differential_drive_robot,1.9999964258314777,15.199999970065482,-4.433823484413313e-07,-4.104671596583352e-10,8.208607569722945e-07,-4.989085549442218e-08,0.9999999999996618
70,400000000,70.4,terrain_world,differential_drive_robot,1.9999964258314777,15.199999970065482,-4.433823484413313e-07,-4.104671596583352e-10,8.208607569722945e-07,-4.989085549442218e-08,0.9999999999996618
70,420000000,70.42,terrain_world,differential_drive_robot,1.9999964258314777,15.199999970065482,-4.433823484413313e-07,-4.104671596583352e-10,8.208607569722945e-07,-4.989085549442218e-08,0.9999999999996618
70,440000000,70.44,terrain_world,differential_drive_robot,1.9999964258314777,15.199999970065482,-4.433823484413313e-07,-4.104671596583352e-10,8.208607569722945e-07,-4.989085549442218e-08,0.9999999999996618
70,460000000,70.46,terrain_world,differential_drive_robot,1.9999964258314777,15.199999970065482,-4.433823484413313e-07,-4.104671596583352e-10,8.208607569722945e-07,-4.989085549442218e-08,0.9999999999996618
70,480000000,70.48,terrain_world,differential_drive_robot,1.9999964258314777,15.199999970065482,-4.433823484413313e-07,-4.104671596583352e-10,8.208607569722945e-07,-4.989085549442218e-08,0.9999999999996618
70,500000000,70.5,terrain_world,differential_drive_robot,1.9999964258314777,15.199999970065482,-4.433823484413313e-07,-4.104671596583352e-10,8.208607569722945e-07,-4.989085549442218e-08,0.9999999999996618
70,520000000,70.52,terrain_world,differential_drive_robot,1.9999964258314777,15.199999970065482,-4.433823484413313e-07,-4.104671596583352e-10,8.208607569722945e-07,-4.989085549442218e-08,0.9999999999996618
70,540000000,70.54,terrain_world,differential_drive_robot,1.9999964258314777,15.199999970065482,-4.433823484413313e-07,-4.104671596583352e-10,8.208607569722945e-07,-4.989085549442218e-08,0.9999999999996618
70,560000000,70.56,terrain_world,differential_drive_robot,1.9999964258314777,15.199999970065482,-4.433823484413313e-07,-4.104671596583352e-10,8.208607569722945e-07,-4.989085549442218e-08,0.9999999999996618
70,580000000,70.58,terrain_world,differential_drive_robot,1.9999964258314777,15.199999970065482,-4.433823484413313e-07,-4.104671596583352e-10,8.208607569722945e-07,-4.989085549442218e-08,0.9999999999996618
70,600000000,70.6,terrain_world,differential_drive_robot,1.9999964258314777,15.199999970065482,-4.433823484413313e-07,-4.104671596583352e-10,8.208607569722945e-07,-4.989085549442218e-08,0.9999999999996618
70,620000000,70.62,terrain_world,differential_drive_robot,1.9999964258314777,15.199999970065482,-4.433823484413313e-07,-4.104671596583352e-10,8.208607569722945e-07,-4.989085549442218e-08,0.9999999999996618
70,640000000,70.64,terrain_world,differential_drive_robot,1.9999964258314777,15.199999970065482,-4.433823484413313e-07,-4.104671596583352e-10,8.208607569722945e-07,-4.989085549442218e-08,0.9999999999996618
70,660000000,70.66,terrain_world,differential_drive_robot,1.9999964258314777,15.199999970065482,-4.433823484413313e-07,-4.104671596583352e-10,8.208607569722945e-07,-4.989085549442218e-08,0.9999999999996618
70,680000000,70.68,terrain_world,differential_drive_robot,1.9999964258314777,15.199999970065482,-4.433823484413313e-07,-4.104671596583352e-10,8.208607569722945e-07,-4.989085549442218e-08,0.9999999999996618
70,700000000,70.7,terrain_world,differential_drive_robot,1.9999964258314777,15.199999970065482,-4.433823484413313e-07,-4.104671596583352e-10,8.208607569722945e-07,-4.989085549442218e-08,0.9999999999996618
70,720000000,70.72,terrain_world,differential_drive_robot,1.9999964258314777,15.199999970065482,-4.433823484413313e-07,-4.104671596583352e-10,8.208607569722945e-07,-4.989085549442218e-08,0.9999999999996618
70,740000000,70.74,terrain_world,differential_drive_robot,1.9999964258314777,15.199999970065482,-4.433823484413313e-07,-4.104671596583352e-10,8.208607569722945e-07,-4.989085549442218e-08,0.9999999999996618
70,760000000,70.76,terrain_world,differential_drive_robot,1.9999964258314777,15.199999970065482,-4.433823484413313e-07,-4.104671596583352e-10,8.208607569722945e-07,-4.989085549442218e-08,0.9999999999996618
70,780000000,70.78,terrain_world,differential_drive_robot,1.9999964258314777,15.199999970065482,-4.433823484413313e-07,-4.104671596583352e-10,8.208607569722945e-07,-4.989085549442218e-08,0.9999999999996618
70,800000000,70.8,terrain_world,differential_drive_robot,1.9999964258314777,15.199999970065482,-4.433823484413313e-07,-4.104671596583352e-10,8.208607569722945e-07,-4.989085549442218e-08,0.9999999999996618
70,820000000,70.82,terrain_world,differential_drive_robot,1.9999964258314777,15.199999970065482,-4.433823484413313e-07,-4.104671596583352e-10,8.208607569722945e-07,-4.989085549442218e-08,0.9999999999996618
70,840000000,70.84,terrain_world,differential_drive_robot,1.9999964258314777,15.199999970065482,-4.433823484413313e-07,-4.104671596583352e-10,8.208607569722945e-07,-4.989085549442218e-08,0.9999999999996618
70,860000000,70.86,terrain_world,differential_drive_robot,1.9999964258314777,15.199999970065482,-4.433823484413313e-07,-4.104671596583352e-10,8.208607569722945e-07,-4.989085549442218e-08,0.9999999999996618
70,880000000,70.88,terrain_world,differential_drive_robot,1.9999964258314777,15.199999970065482,-4.433823484413313e-07,-4.104671596583352e-10,8.208607569722945e-07,-4.989085549442218e-08,0.9999999999996618
70,900000000,70.9,terrain_world,differential_drive_robot,1.9999964258314777,15.199999970065482,-4.433823484413313e-07,-4.104671596583352e-10,8.208607569722945e-07,-4.989085549442218e-08,0.9999999999996618
70,920000000,70.92,terrain_world,differential_drive_robot,1.9999964258314777,15.199999970065482,-4.433823484413313e-07,-4.104671596583352e-10,8.208607569722945e-07,-4.989085549442218e-08,0.9999999999996618
70,940000000,70.94,terrain_world,differential_drive_robot,1.9999964258314777,15.199999970065482,-4.433823484413313e-07,-4.104671596583352e-10,8.208607569722945e-07,-4.989085549442218e-08,0.9999999999996618
70,960000000,70.96,terrain_world,differential_drive_robot,1.9999964258314777,15.199999970065482,-4.433823484413313e-07,-4.104671596583352e-10,8.208607569722945e-07,-4.989085549442218e-08,0.9999999999996618
70,980000000,70.98,terrain_world,differential_drive_robot,1.9999964258314777,15.199999970065482,-4.433823484413313e-07,-4.104671596583352e-10,8.208607569722945e-07,-4.989085549442218e-08,0.9999999999996618
71,0,71.0,terrain_world,differential_drive_robot,1.9999964258314777,15.199999970065482,-4.433823484413313e-07,-4.104671596583352e-10,8.208607569722945e-07,-4.989085549442218e-08,0.9999999999996618
71,20000000,71.02,terrain_world,differential_drive_robot,1.9999964258314777,15.199999970065482,-4.433823484413313e-07,-4.104671596583352e-10,8.208607569722945e-07,-4.989085549442218e-08,0.9999999999996618
71,40000000,71.04,terrain_world,differential_drive_robot,1.9999964258314777,15.199999970065482,-4.433823484413313e-07,-4.104671596583352e-10,8.208607569722945e-07,-4.989085549442218e-08,0.9999999999996618
71,60000000,71.06,terrain_world,differential_drive_robot,1.9999964258314777,15.199999970065482,-4.433823484413313e-07,-4.104671596583352e-10,8.208607569722945e-07,-4.989085549442218e-08,0.9999999999996618
71,80000000,71.08,terrain_world,differential_drive_robot,1.9999964258314777,15.199999970065482,-4.433823484413313e-07,-4.104671596583352e-10,8.208607569722945e-07,-4.989085549442218e-08,0.9999999999996618
71,100000000,71.1,terrain_world,differential_drive_robot,1.9999964258314777,15.199999970065482,-4.433823484413313e-07,-4.104671596583352e-10,8.208607569722945e-07,-4.989085549442218e-08,0.9999999999996618
71,120000000,71.12,terrain_world,differential_drive_robot,1.9999964258314777,15.199999970065482,-4.433823484413313e-07,-4.104671596583352e-10,8.208607569722945e-07,-4.989085549442218e-08,0.9999999999996618
71,140000000,71.14,terrain_world,differential_drive_robot,1.9999964258314777,15.199999970065482,-4.433823484413313e-07,-4.104671596583352e-10,8.208607569722945e-07,-4.989085549442218e-08,0.9999999999996618
71,160000000,71.16,terrain_world,differential_drive_robot,1.9999964258314777,15.199999970065482,-4.433823484413313e-07,-4.104671596583352e-10,8.208607569722945e-07,-4.989085549442218e-08,0.9999999999996618
71,180000000,71.18,terrain_world,differential_drive_robot,1.9999964258314777,15.199999970065482,-4.433823484413313e-07,-4.104671596583352e-10,8.208607569722945e-07,-4.989085549442218e-08,0.9999999999996618
71,200000000,71.2,terrain_world,differential_drive_robot,1.9999964258314777,15.199999970065482,-4.433823484413313e-07,-4.104671596583352e-10,8.208607569722945e-07,-4.989085549442218e-08,0.9999999999996618
71,220000000,71.22,terrain_world,differential_drive_robot,1.9999964258314777,15.199999970065482,-4.433823484413313e-07,-4.104671596583352e-10,8.208607569722945e-07,-4.989085549442218e-08,0.9999999999996618
71,240000000,71.24,terrain_world,differential_drive_robot,1.9999964258314777,15.199999970065482,-4.433823484413313e-07,-4.104671596583352e-10,8.208607569722945e-07,-4.989085549442218e-08,0.9999999999996618
71,260000000,71.26,terrain_world,differential_drive_robot,1.9999964258314777,15.199999970065482,-4.433823484413313e-07,-4.104671596583352e-10,8.208607569722945e-07,-4.989085549442218e-08,0.9999999999996618
71,280000000,71.28,terrain_world,differential_drive_robot,1.9999964258314777,15.199999970065482,-4.433823484413313e-07,-4.104671596583352e-10,8.208607569722945e-07,-4.989085549442218e-08,0.9999999999996618
71,300000000,71.3,terrain_world,differential_drive_robot,1.9999964258314777,15.199999970065482,-4.433823484413313e-07,-4.104671596583352e-10,8.208607569722945e-07,-4.989085549442218e-08,0.9999999999996618
71,320000000,71.32,terrain_world,differential_drive_robot,1.9999964258314777,15.199999970065482,-4.433823484413313e-07,-4.104671596583352e-10,8.208607569722945e-07,-4.989085549442218e-08,0.9999999999996618
71,340000000,71.34,terrain_world,differential_drive_robot,1.9999964258314777,15.199999970065482,-4.433823484413313e-07,-4.104671596583352e-10,8.208607569722945e-07,-4.989085549442218e-08,0.9999999999996618
71,360000000,71.36,terrain_world,differential_drive_robot,1.9999964258314777,15.199999970065482,-4.433823484413313e-07,-4.104671596583352e-10,8.208607569722945e-07,-4.989085549442218e-08,0.9999999999996618
71,380000000,71.38,terrain_world,differential_drive_robot,1.9999964258314777,15.199999970065482,-4.433823484413313e-07,-4.104671596583352e-10,8.208607569722945e-07,-4.989085549442218e-08,0.9999999999996618
71,400000000,71.4,terrain_world,differential_drive_robot,1.9999964258314777,15.199999970065482,-4.433823484413313e-07,-4.104671596583352e-10,8.208607569722945e-07,-4.989085549442218e-08,0.9999999999996618
71,420000000,71.42,terrain_world,differential_drive_robot,1.9999964258314777,15.199999970065482,-4.433823484413313e-07,-4.104671596583352e-10,8.208607569722945e-07,-4.989085549442218e-08,0.9999999999996618
71,440000000,71.44,terrain_world,differential_drive_robot,1.9999964258314777,15.199999970065482,-4.433823484413313e-07,-4.104671596583352e-10,8.208607569722945e-07,-4.989085549442218e-08,0.9999999999996618
71,460000000,71.46,terrain_world,differential_drive_robot,1.9999964258314777,15.199999970065482,-4.433823484413313e-07,-4.104671596583352e-10,8.208607569722945e-07,-4.989085549442218e-08,0.9999999999996618
71,480000000,71.48,terrain_world,differential_drive_robot,1.9999964258314777,15.199999970065482,-4.433823484413313e-07,-4.104671596583352e-10,8.208607569722945e-07,-4.989085549442218e-08,0.9999999999996618
71,500000000,71.5,terrain_world,differential_drive_robot,1.9999964258314777,15.199999970065482,-4.433823484413313e-07,-4.104671596583352e-10,8.208607569722945e-07,-4.989085549442218e-08,0.9999999999996618
71,520000000,71.52,terrain_world,differential_drive_robot,1.9999964258314777,15.199999970065482,-4.433823484413313e-07,-4.104671596583352e-10,8.208607569722945e-07,-4.989085549442218e-08,0.9999999999996618
71,540000000,71.54,terrain_world,differential_drive_robot,1.9999964258314777,15.199999970065482,-4.433823484413313e-07,-4.104671596583352e-10,8.208607569722945e-07,-4.989085549442218e-08,0.9999999999996618
71,560000000,71.56,terrain_world,differential_drive_robot,1.9999964258314777,15.199999970065482,-4.433823484413313e-07,-4.104671596583352e-10,8.208607569722945e-07,-4.989085549442218e-08,0.9999999999996618
71,580000000,71.58,terrain_world,differential_drive_robot,1.9999964258314777,15.199999970065482,-4.433823484413313e-07,-4.104671596583352e-10,8.208607569722945e-07,-4.989085549442218e-08,0.9999999999996618
71,600000000,71.6,terrain_world,differential_drive_robot,1.9999964258314777,15.199999970065482,-4.433823484413313e-07,-4.104671596583352e-10,8.208607569722945e-07,-4.989085549442218e-08,0.9999999999996618
71,620000000,71.62,terrain_world,differential_drive_robot,1.9999964258314777,15.199999970065482,-4.433823484413313e-07,-4.104671596583352e-10,8.208607569722945e-07,-4.989085549442218e-08,0.9999999999996618
71,640000000,71.64,terrain_world,differential_drive_robot,1.9999964258314777,15.199999970065482,-4.433823484413313e-07,-4.104671596583352e-10,8.208607569722945e-07,-4.989085549442218e-08,0.9999999999996618
71,660000000,71.66,terrain_world,differential_drive_robot,1.9999964258314777,15.199999970065482,-4.433823484413313e-07,-4.104671596583352e-10,8.208607569722945e-07,-4.989085549442218e-08,0.9999999999996618
71,680000000,71.68,terrain_world,differential_drive_robot,1.9999964258314777,15.199999970065482,-4.433823484413313e-07,-4.104671596583352e-10,8.208607569722945e-07,-4.989085549442218e-08,0.9999999999996618
71,700000000,71.7,terrain_world,differential_drive_robot,1.9999964258314777,15.199999970065482,-4.433823484413313e-07,-4.104671596583352e-10,8.208607569722945e-07,-4.989085549442218e-08,0.9999999999996618
71,720000000,71.72,terrain_world,differential_drive_robot,1.9999964258314777,15.199999970065482,-4.433823484413313e-07,-4.104671596583352e-10,8.208607569722945e-07,-4.989085549442218e-08,0.9999999999996618
71,740000000,71.74,terrain_world,differential_drive_robot,1.9999964258314777,15.199999970065482,-4.433823484413313e-07,-4.104671596583352e-10,8.208607569722945e-07,-4.989085549442218e-08,0.9999999999996618
71,760000000,71.76,terrain_world,differential_drive_robot,1.9999964258314777,15.199999970065482,-4.433823484413313e-07,-4.104671596583352e-10,8.208607569722945e-07,-4.989085549442218e-08,0.9999999999996618
71,780000000,71.78,terrain_world,differential_drive_robot,1.9999964258314777,15.199999970065482,-4.433823484413313e-07,-4.104671596583352e-10,8.208607569722945e-07,-4.989085549442218e-08,0.9999999999996618
71,800000000,71.8,terrain_world,differential_drive_robot,1.9999964258314777,15.199999970065482,-4.433823484413313e-07,-4.104671596583352e-10,8.208607569722945e-07,-4.989085549442218e-08,0.9999999999996618
71,820000000,71.82,terrain_world,differential_drive_robot,1.9999964258314777,15.199999970065482,-4.433823484413313e-07,-4.104671596583352e-10,8.208607569722945e-07,-4.989085549442218e-08,0.9999999999996618
71,840000000,71.84,terrain_world,differential_drive_robot,1.9999964258314777,15.199999970065482,-4.433823484413313e-07,-4.104671596583352e-10,8.208607569722945e-07,-4.989085549442218e-08,0.9999999999996618
71,860000000,71.86,terrain_world,differential_drive_robot,1.9999964258314777,15.199999970065482,-4.433823484413313e-07,-4.104671596583352e-10,8.208607569722945e-07,-4.989085549442218e-08,0.9999999999996618
71,880000000,71.88,terrain_world,differential_drive_robot,1.9999964258314777,15.199999970065482,-4.433823484413313e-07,-4.104671596583352e-10,8.208607569722945e-07,-4.989085549442218e-08,0.9999999999996618
71,900000000,71.9,terrain_world,differential_drive_robot,1.9999964258314777,15.199999970065482,-4.433823484413313e-07,-4.104671596583352e-10,8.208607569722945e-07,-4.989085549442218e-08,0.9999999999996618
71,920000000,71.92,terrain_world,differential_drive_robot,1.9999964258314777,15.199999970065482,-4.433823484413313e-07,-4.104671596583352e-10,8.208607569722945e-07,-4.989085549442218e-08,0.9999999999996618
71,940000000,71.94,terrain_world,differential_drive_robot,1.9999964258314777,15.199999970065482,-4.433823484413313e-07,-4.104671596583352e-10,8.208607569722945e-07,-4.989085549442218e-08,0.9999999999996618
71,960000000,71.96,terrain_world,differential_drive_robot,1.9999964258314777,15.199999970065482,-4.433823484413313e-07,-4.104671596583352e-10,8.208607569722945e-07,-4.989085549442218e-08,0.9999999999996618
71,980000000,71.98,terrain_world,differential_drive_robot,1.9999964258314777,15.199999970065482,-4.433823484413313e-07,-4.104671596583352e-10,8.208607569722945e-07,-4.989085549442218e-08,0.9999999999996618
72,0,72.0,terrain_world,differential_drive_robot,1.9999964258314777,15.199999970065482,-4.433823484413313e-07,-4.104671596583352e-10,8.208607569722945e-07,-4.989085549442218e-08,0.9999999999996618
72,20000000,72.02,terrain_world,differential_drive_robot,1.9999964258314777,15.199999970065482,-4.433823484413313e-07,-4.104671596583352e-10,8.208607569722945e-07,-4.989085549442218e-08,0.9999999999996618
72,40000000,72.04,terrain_world,differential_drive_robot,1.9999964258314777,15.199999970065482,-4.433823484413313e-07,-4.104671596583352e-10,8.208607569722945e-07,-4.989085549442218e-08,0.9999999999996618
72,60000000,72.06,terrain_world,differential_drive_robot,1.9999964258314777,15.199999970065482,-4.433823484413313e-07,-4.104671596583352e-10,8.208607569722945e-07,-4.989085549442218e-08,0.9999999999996618
72,80000000,72.08,terrain_world,differential_drive_robot,1.9999964258314777,15.199999970065482,-4.433823484413313e-07,-4.104671596583352e-10,8.208607569722945e-07,-4.989085549442218e-08,0.9999999999996618
72,100000000,72.1,terrain_world,differential_drive_robot,1.9999964258314777,15.199999970065482,-4.433823484413313e-07,-4.104671596583352e-10,8.208607569722945e-07,-4.989085549442218e-08,0.9999999999996618
72,120000000,72.12,terrain_world,differential_drive_robot,1.9999964258314777,15.199999970065482,-4.433823484413313e-07,-4.104671596583352e-10,8.208607569722945e-07,-4.989085549442218e-08,0.9999999999996618
72,140000000,72.14,terrain_world,differential_drive_robot,1.9999964258314777,15.199999970065482,-4.433823484413313e-07,-4.104671596583352e-10,8.208607569722945e-07,-4.989085549442218e-08,0.9999999999996618
72,160000000,72.16,terrain_world,differential_drive_robot,1.9999964258314777,15.199999970065482,-4.433823484413313e-07,-4.104671596583352e-10,8.208607569722945e-07,-4.989085549442218e-08,0.9999999999996618
72,180000000,72.18,terrain_world,differential_drive_robot,1.9999964258314777,15.199999970065482,-4.433823484413313e-07,-4.104671596583352e-10,8.208607569722945e-07,-4.989085549442218e-08,0.9999999999996618
72,200000000,72.2,terrain_world,differential_drive_robot,1.9999964258314777,15.199999970065482,-4.433823484413313e-07,-4.104671596583352e-10,8.208607569722945e-07,-4.989085549442218e-08,0.9999999999996618
72,220000000,72.22,terrain_world,differential_drive_robot,1.9999964258314777,15.199999970065482,-4.433823484413313e-07,-4.104671596583352e-10,8.208607569722945e-07,-4.989085549442218e-08,0.9999999999996618
72,240000000,72.24,terrain_world,differential_drive_robot,1.9999964258314777,15.199999970065482,-4.433823484413313e-07,-4.104671596583352e-10,8.208607569722945e-07,-4.989085549442218e-08,0.9999999999996618
72,260000000,72.26,terrain_world,differential_drive_robot,1.9999964258314777,15.199999970065482,-4.433823484413313e-07,-4.104671596583352e-10,8.208607569722945e-07,-4.989085549442218e-08,0.9999999999996618
72,280000000,72.28,terrain_world,differential_drive_robot,1.9999964258314777,15.199999970065482,-4.433823484413313e-07,-4.104671596583352e-10,8.208607569722945e-07,-4.989085549442218e-08,0.9999999999996618
72,300000000,72.3,terrain_world,differential_drive_robot,1.9999964258314777,15.199999970065482,-4.433823484413313e-07,-4.104671596583352e-10,8.208607569722945e-07,-4.989085549442218e-08,0.9999999999996618
72,320000000,72.32,terrain_world,differential_drive_robot,1.9999964258314777,15.199999970065482,-4.433823484413313e-07,-4.104671596583352e-10,8.208607569722945e-07,-4.989085549442218e-08,0.9999999999996618
72,340000000,72.34,terrain_world,differential_drive_robot,1.9999964258314777,15.199999970065482,-4.433823484413313e-07,-4.104671596583352e-10,8.208607569722945e-07,-4.989085549442218e-08,0.9999999999996618
72,360000000,72.36,terrain_world,differential_drive_robot,1.9999964258314777,15.199999970065482,-4.433823484413313e-07,-4.104671596583352e-10,8.208607569722945e-07,-4.989085549442218e-08,0.9999999999996618
72,380000000,72.38,terrain_world,differential_drive_robot,1.9999964258314777,15.199999970065482,-4.433823484413313e-07,-4.104671596583352e-10,8.208607569722945e-07,-4.989085549442218e-08,0.9999999999996618
72,400000000,72.4,terrain_world,differential_drive_robot,1.9999964258314777,15.199999970065482,-4.433823484413313e-07,-4.104671596583352e-10,8.208607569722945e-07,-4.989085549442218e-08,0.9999999999996618
72,420000000,72.42,terrain_world,differential_drive_robot,1.9999964258314777,15.199999970065482,-4.433823484413313e-07,-4.104671596583352e-10,8.208607569722945e-07,-4.989085549442218e-08,0.9999999999996618
72,440000000,72.44,terrain_world,differential_drive_robot,1.9999964258314777,15.199999970065482,-4.433823484413313e-07,-4.104671596583352e-10,8.208607569722945e-07,-4.989085549442218e-08,0.9999999999996618
72,460000000,72.46,terrain_world,differential_drive_robot,1.9999964258314777,15.199999970065482,-4.433823484413313e-07,-4.104671596583352e-10,8.208607569722945e-07,-4.989085549442218e-08,0.9999999999996618
72,480000000,72.48,terrain_world,differential_drive_robot,1.9999964258314777,15.199999970065482,-4.433823484413313e-07,-4.104671596583352e-10,8.208607569722945e-07,-4.989085549442218e-08,0.9999999999996618
72,500000000,72.5,terrain_world,differential_drive_robot,1.9999964258314777,15.199999970065482,-4.433823484413313e-07,-4.104671596583352e-10,8.208607569722945e-07,-4.989085549442218e-08,0.9999999999996618
72,520000000,72.52,terrain_world,differential_drive_robot,1.9999964258314777,15.199999970065482,-4.433823484413313e-07,-4.104671596583352e-10,8.208607569722945e-07,-4.989085549442218e-08,0.9999999999996618
72,540000000,72.54,terrain_world,differential_drive_robot,1.9999964258314777,15.199999970065482,-4.433823484413313e-07,-4.104671596583352e-10,8.208607569722945e-07,-4.989085549442218e-08,0.9999999999996618
72,560000000,72.56,terrain_world,differential_drive_robot,1.9999964258314777,15.199999970065482,-4.433823484413313e-07,-4.104671596583352e-10,8.208607569722945e-07,-4.989085549442218e-08,0.9999999999996618
72,580000000,72.58,terrain_world,differential_drive_robot,1.9999964258314777,15.199999970065482,-4.433823484413313e-07,-4.104671596583352e-10,8.208607569722945e-07,-4.989085549442218e-08,0.9999999999996618
72,600000000,72.6,terrain_world,differential_drive_robot,1.9999964258314777,15.199999970065482,-4.433823484413313e-07,-4.104671596583352e-10,8.208607569722945e-07,-4.989085549442218e-08,0.9999999999996618
72,620000000,72.62,terrain_world,differential_drive_robot,1.9999964258314777,15.199999970065482,-4.433823484413313e-07,-4.104671596583352e-10,8.208607569722945e-07,-4.989085549442218e-08,0.9999999999996618
72,640000000,72.64,terrain_world,differential_drive_robot,1.9999964258314777,15.199999970065482,-4.433823484413313e-07,-4.104671596583352e-10,8.208607569722945e-07,-4.989085549442218e-08,0.9999999999996618
72,660000000,72.66,terrain_world,differential_drive_robot,1.9999964258314777,15.199999970065482,-4.433823484413313e-07,-4.104671596583352e-10,8.208607569722945e-07,-4.989085549442218e-08,0.9999999999996618
72,680000000,72.68,terrain_world,differential_drive_robot,1.9999964258314777,15.199999970065482,-4.433823484413313e-07,-4.104671596583352e-10,8.208607569722945e-07,-4.989085549442218e-08,0.9999999999996618
72,700000000,72.7,terrain_world,differential_drive_robot,1.9999964258314777,15.199999970065482,-4.433823484413313e-07,-4.104671596583352e-10,8.208607569722945e-07,-4.989085549442218e-08,0.9999999999996618
72,720000000,72.72,terrain_world,differential_drive_robot,1.9999964258314777,15.199999970065482,-4.433823484413313e-07,-4.104671596583352e-10,8.208607569722945e-07,-4.989085549442218e-08,0.9999999999996618
72,740000000,72.74,terrain_world,differential_drive_robot,1.9999964258314777,15.199999970065482,-4.433823484413313e-07,-4.104671596583352e-10,8.208607569722945e-07,-4.989085549442218e-08,0.9999999999996618
72,760000000,72.76,terrain_world,differential_drive_robot,1.9999964258314777,15.199999970065482,-4.433823484413313e-07,-4.104671596583352e-10,8.208607569722945e-07,-4.989085549442218e-08,0.9999999999996618
72,780000000,72.78,terrain_world,differential_drive_robot,1.9999964258314777,15.199999970065482,-4.433823484413313e-07,-4.104671596583352e-10,8.208607569722945e-07,-4.989085549442218e-08,0.9999999999996618
72,800000000,72.8,terrain_world,differential_drive_robot,1.9999964258314777,15.199999970065482,-4.433823484413313e-07,-4.104671596583352e-10,8.208607569722945e-07,-4.989085549442218e-08,0.9999999999996618
72,820000000,72.82,terrain_world,differential_drive_robot,1.9999964258314777,15.199999970065482,-4.433823484413313e-07,-4.104671596583352e-10,8.208607569722945e-07,-4.989085549442218e-08,0.9999999999996618
72,840000000,72.84,terrain_world,differential_drive_robot,1.9999964258314777,15.199999970065482,-4.433823484413313e-07,-4.104671596583352e-10,8.208607569722945e-07,-4.989085549442218e-08,0.9999999999996618
72,860000000,72.86,terrain_world,differential_drive_robot,1.9999964258314777,15.199999970065482,-4.433823484413313e-07,-4.104671596583352e-10,8.208607569722945e-07,-4.989085549442218e-08,0.9999999999996618
72,880000000,72.88,terrain_world,differential_drive_robot,1.9999964258314777,15.199999970065482,-4.433823484413313e-07,-4.104671596583352e-10,8.208607569722945e-07,-4.989085549442218e-08,0.9999999999996618
72,900000000,72.9,terrain_world,differential_drive_robot,1.9999964258314777,15.199999970065482,-4.433823484413313e-07,-4.104671596583352e-10,8.208607569722945e-07,-4.989085549442218e-08,0.9999999999996618
72,920000000,72.92,terrain_world,differential_drive_robot,1.9999964258314777,15.199999970065482,-4.433823484413313e-07,-4.104671596583352e-10,8.208607569722945e-07,-4.989085549442218e-08,0.9999999999996618
72,940000000,72.94,terrain_world,differential_drive_robot,1.9999964258314777,15.199999970065482,-4.433823484413313e-07,-4.104671596583352e-10,8.208607569722945e-07,-4.989085549442218e-08,0.9999999999996618
72,960000000,72.96,terrain_world,differential_drive_robot,1.9999964258314777,15.199999970065482,-4.433823484413313e-07,-4.104671596583352e-10,8.208607569722945e-07,-4.989085549442218e-08,0.9999999999996618
72,980000000,72.98,terrain_world,differential_drive_robot,1.9999964258314777,15.199999970065482,-4.433823484413313e-07,-4.104671596583352e-10,8.208607569722945e-07,-4.989085549442218e-08,0.9999999999996618
73,0,73.0,terrain_world,differential_drive_robot,1.9999964258314777,15.199999970065482,-4.433823484413313e-07,-4.104671596583352e-10,8.208607569722945e-07,-4.989085549442218e-08,0.9999999999996618
73,20000000,73.02,terrain_world,differential_drive_robot,1.9999964258314777,15.199999970065482,-4.433823484413313e-07,-4.104671596583352e-10,8.208607569722945e-07,-4.989085549442218e-08,0.9999999999996618
73,40000000,73.04,terrain_world,differential_drive_robot,1.9999964258314777,15.199999970065482,-4.433823484413313e-07,-4.104671596583352e-10,8.208607569722945e-07,-4.989085549442218e-08,0.9999999999996618
73,60000000,73.06,terrain_world,differential_drive_robot,1.9999964258314777,15.199999970065482,-4.433823484413313e-07,-4.104671596583352e-10,8.208607569722945e-07,-4.989085549442218e-08,0.9999999999996618
73,80000000,73.08,terrain_world,differential_drive_robot,1.9999964258314777,15.199999970065482,-4.433823484413313e-07,-4.104671596583352e-10,8.208607569722945e-07,-4.989085549442218e-08,0.9999999999996618
73,100000000,73.1,terrain_world,differential_drive_robot,1.9999964258314777,15.199999970065482,-4.433823484413313e-07,-4.104671596583352e-10,8.208607569722945e-07,-4.989085549442218e-08,0.9999999999996618
73,120000000,73.12,terrain_world,differential_drive_robot,1.9999964258314777,15.199999970065482,-4.433823484413313e-07,-4.104671596583352e-10,8.208607569722945e-07,-4.989085549442218e-08,0.9999999999996618
73,140000000,73.14,terrain_world,differential_drive_robot,1.9999964258314777,15.199999970065482,-4.433823484413313e-07,-4.104671596583352e-10,8.208607569722945e-07,-4.989085549442218e-08,0.9999999999996618
73,160000000,73.16,terrain_world,differential_drive_robot,1.9999964258314777,15.199999970065482,-4.433823484413313e-07,-4.104671596583352e-10,8.208607569722945e-07,-4.989085549442218e-08,0.9999999999996618
73,180000000,73.18,terrain_world,differential_drive_robot,1.9999964258314777,15.199999970065482,-4.433823484413313e-07,-4.104671596583352e-10,8.208607569722945e-07,-4.989085549442218e-08,0.9999999999996618
73,200000000,73.2,terrain_world,differential_drive_robot,1.9999964258314777,15.199999970065482,-4.433823484413313e-07,-4.104671596583352e-10,8.208607569722945e-07,-4.989085549442218e-08,0.9999999999996618
73,220000000,73.22,terrain_world,differential_drive_robot,1.9999964258314777,15.199999970065482,-4.433823484413313e-07,-4.104671596583352e-10,8.208607569722945e-07,-4.989085549442218e-08,0.9999999999996618
73,240000000,73.24,terrain_world,differential_drive_robot,1.9999964258314777,15.199999970065482,-4.433823484413313e-07,-4.104671596583352e-10,8.208607569722945e-07,-4.989085549442218e-08,0.9999999999996618
73,260000000,73.26,terrain_world,differential_drive_robot,1.9999964258314777,15.199999970065482,-4.433823484413313e-07,-4.104671596583352e-10,8.208607569722945e-07,-4.989085549442218e-08,0.9999999999996618
73,280000000,73.28,terrain_world,differential_drive_robot,1.9999964258314777,15.199999970065482,-4.433823484413313e-07,-4.104671596583352e-10,8.208607569722945e-07,-4.989085549442218e-08,0.9999999999996618
73,300000000,73.3,terrain_world,differential_drive_robot,1.9999964258314777,15.199999970065482,-4.433823484413313e-07,-4.104671596583352e-10,8.208607569722945e-07,-4.989085549442218e-08,0.9999999999996618
73,320000000,73.32,terrain_world,differential_drive_robot,1.9999964258314777,15.199999970065482,-4.433823484413313e-07,-4.104671596583352e-10,8.208607569722945e-07,-4.989085549442218e-08,0.9999999999996618
73,340000000,73.34,terrain_world,differential_drive_robot,1.9999964258314777,15.199999970065482,-4.433823484413313e-07,-4.104671596583352e-10,8.208607569722945e-07,-4.989085549442218e-08,0.9999999999996618
73,360000000,73.36,terrain_world,differential_drive_robot,1.9999964258314777,15.199999970065482,-4.433823484413313e-07,-4.104671596583352e-10,8.208607569722945e-07,-4.989085549442218e-08,0.9999999999996618
73,380000000,73.38,terrain_world,differential_drive_robot,1.9999964258314777,15.199999970065482,-4.433823484413313e-07,-4.104671596583352e-10,8.208607569722945e-07,-4.989085549442218e-08,0.9999999999996618
73,400000000,73.4,terrain_world,differential_drive_robot,1.9999964258314777,15.199999970065482,-4.433823484413313e-07,-4.104671596583352e-10,8.208607569722945e-07,-4.989085549442218e-08,0.9999999999996618
73,420000000,73.42,terrain_world,differential_drive_robot,1.9999964258314777,15.199999970065482,-4.433823484413313e-07,-4.104671596583352e-10,8.208607569722945e-07,-4.989085549442218e-08,0.9999999999996618
73,440000000,73.44,terrain_world,differential_drive_robot,1.9999964258314777,15.199999970065482,-4.433823484413313e-07,-4.104671596583352e-10,8.208607569722945e-07,-4.989085549442218e-08,0.9999999999996618
73,460000000,73.46,terrain_world,differential_drive_robot,1.9999964258314777,15.199999970065482,-4.433823484413313e-07,-4.104671596583352e-10,8.208607569722945e-07,-4.989085549442218e-08,0.9999999999996618
73,480000000,73.48,terrain_world,differential_drive_robot,1.9999964258314777,15.199999970065482,-4.433823484413313e-07,-4.104671596583352e-10,8.208607569722945e-07,-4.989085549442218e-08,0.9999999999996618
73,500000000,73.5,terrain_world,differential_drive_robot,1.9999964258314777,15.199999970065482,-4.433823484413313e-07,-4.104671596583352e-10,8.208607569722945e-07,-4.989085549442218e-08,0.9999999999996618
73,520000000,73.52,terrain_world,differential_drive_robot,1.9999964258314777,15.199999970065482,-4.433823484413313e-07,-4.104671596583352e-10,8.208607569722945e-07,-4.989085549442218e-08,0.9999999999996618
73,540000000,73.54,terrain_world,differential_drive_robot,1.9999964258314777,15.199999970065482,-4.433823484413313e-07,-4.104671596583352e-10,8.208607569722945e-07,-4.989085549442218e-08,0.9999999999996618
73,560000000,73.56,terrain_world,differential_drive_robot,1.9999964258314777,15.199999970065482,-4.433823484413313e-07,-4.104671596583352e-10,8.208607569722945e-07,-4.989085549442218e-08,0.9999999999996618
73,580000000,73.58,terrain_world,differential_drive_robot,1.9999964258314777,15.199999970065482,-4.433823484413313e-07,-4.104671596583352e-10,8.208607569722945e-07,-4.989085549442218e-08,0.9999999999996618
73,600000000,73.6,terrain_world,differential_drive_robot,1.9999964258314777,15.199999970065482,-4.433823484413313e-07,-4.104671596583352e-10,8.208607569722945e-07,-4.989085549442218e-08,0.9999999999996618
73,620000000,73.62,terrain_world,differential_drive_robot,1.9999964258314777,15.199999970065482,-4.433823484413313e-07,-4.104671596583352e-10,8.208607569722945e-07,-4.989085549442218e-08,0.9999999999996618
73,640000000,73.64,terrain_world,differential_drive_robot,1.9999964258314777,15.199999970065482,-4.433823484413313e-07,-4.104671596583352e-10,8.208607569722945e-07,-4.989085549442218e-08,0.9999999999996618
73,660000000,73.66,terrain_world,differential_drive_robot,1.9999964258314777,15.199999970065482,-4.433823484413313e-07,-4.104671596583352e-10,8.208607569722945e-07,-4.989085549442218e-08,0.9999999999996618
73,680000000,73.68,terrain_world,differential_drive_robot,1.9999964258314777,15.199999970065482,-4.433823484413313e-07,-4.104671596583352e-10,8.208607569722945e-07,-4.989085549442218e-08,0.9999999999996618
73,700000000,73.7,terrain_world,differential_drive_robot,1.9999964258314777,15.199999970065482,-4.433823484413313e-07,-4.104671596583352e-10,8.208607569722945e-07,-4.989085549442218e-08,0.9999999999996618
73,720000000,73.72,terrain_world,differential_drive_robot,1.9999964258314777,15.199999970065482,-4.433823484413313e-07,-4.104671596583352e-10,8.208607569722945e-07,-4.989085549442218e-08,0.9999999999996618
73,740000000,73.74,terrain_world,differential_drive_robot,1.9999964258314777,15.199999970065482,-4.433823484413313e-07,-4.104671596583352e-10,8.208607569722945e-07,-4.989085549442218e-08,0.9999999999996618
73,760000000,73.76,terrain_world,differential_drive_robot,1.9999964258314777,15.199999970065482,-4.433823484413313e-07,-4.104671596583352e-10,8.208607569722945e-07,-4.989085549442218e-08,0.9999999999996618
73,780000000,73.78,terrain_world,differential_drive_robot,1.9999964258314777,15.199999970065482,-4.433823484413313e-07,-4.104671596583352e-10,8.208607569722945e-07,-4.989085549442218e-08,0.9999999999996618
73,800000000,73.8,terrain_world,differential_drive_robot,1.9999964258314777,15.199999970065482,-4.433823484413313e-07,-4.104671596583352e-10,8.208607569722945e-07,-4.989085549442218e-08,0.9999999999996618
73,820000000,73.82,terrain_world,differential_drive_robot,1.9999964258314777,15.199999970065482,-4.433823484413313e-07,-4.104671596583352e-10,8.208607569722945e-07,-4.989085549442218e-08,0.9999999999996618
73,840000000,73.84,terrain_world,differential_drive_robot,1.9999964258314777,15.199999970065482,-4.433823484413313e-07,-4.104671596583352e-10,8.208607569722945e-07,-4.989085549442218e-08,0.9999999999996618
73,860000000,73.86,terrain_world,differential_drive_robot,1.9999964258314777,15.199999970065482,-4.433823484413313e-07,-4.104671596583352e-10,8.208607569722945e-07,-4.989085549442218e-08,0.9999999999996618
73,880000000,73.88,terrain_world,differential_drive_robot,1.9999964258314777,15.199999970065482,-4.433823484413313e-07,-4.104671596583352e-10,8.208607569722945e-07,-4.989085549442218e-08,0.9999999999996618
73,900000000,73.9,terrain_world,differential_drive_robot,1.9999964258314777,15.199999970065482,-4.433823484413313e-07,-4.104671596583352e-10,8.208607569722945e-07,-4.989085549442218e-08,0.9999999999996618
73,920000000,73.92,terrain_world,differential_drive_robot,1.9999964258314777,15.199999970065482,-4.433823484413313e-07,-4.104671596583352e-10,8.208607569722945e-07,-4.989085549442218e-08,0.9999999999996618
73,940000000,73.94,terrain_world,differential_drive_robot,1.9999964258314777,15.199999970065482,-4.433823484413313e-07,-4.104671596583352e-10,8.208607569722945e-07,-4.989085549442218e-08,0.9999999999996618
73,960000000,73.96,terrain_world,differential_drive_robot,1.9999964258314777,15.199999970065482,-4.433823484413313e-07,-4.104671596583352e-10,8.208607569722945e-07,-4.989085549442218e-08,0.9999999999996618
73,980000000,73.98,terrain_world,differential_drive_robot,1.9999964258314777,15.199999970065482,-4.433823484413313e-07,-4.104671596583352e-10,8.208607569722945e-07,-4.989085549442218e-08,0.9999999999996618
74,0,74.0,terrain_world,differential_drive_robot,1.9999964258314777,15.199999970065482,-4.433823484413313e-07,-4.104671596583352e-10,8.208607569722945e-07,-4.989085549442218e-08,0.9999999999996618
74,20000000,74.02,terrain_world,differential_drive_robot,1.9999964258314777,15.199999970065482,-4.433823484413313e-07,-4.104671596583352e-10,8.208607569722945e-07,-4.989085549442218e-08,0.9999999999996618
74,40000000,74.04,terrain_world,differential_drive_robot,1.9999964258314777,15.199999970065482,-4.433823484413313e-07,-4.104671596583352e-10,8.208607569722945e-07,-4.989085549442218e-08,0.9999999999996618
74,60000000,74.06,terrain_world,differential_drive_robot,1.9999964258314777,15.199999970065482,-4.433823484413313e-07,-4.104671596583352e-10,8.208607569722945e-07,-4.989085549442218e-08,0.9999999999996618
74,80000000,74.08,terrain_world,differential_drive_robot,1.9999964258314777,15.199999970065482,-4.433823484413313e-07,-4.104671596583352e-10,8.208607569722945e-07,-4.989085549442218e-08,0.9999999999996618
74,100000000,74.1,terrain_world,differential_drive_robot,1.9999964258314777,15.199999970065482,-4.433823484413313e-07,-4.104671596583352e-10,8.208607569722945e-07,-4.989085549442218e-08,0.9999999999996618
74,120000000,74.12,terrain_world,differential_drive_robot,1.9999964258314777,15.199999970065482,-4.433823484413313e-07,-4.104671596583352e-10,8.208607569722945e-07,-4.989085549442218e-08,0.9999999999996618
74,140000000,74.14,terrain_world,differential_drive_robot,1.9999964258314777,15.199999970065482,-4.433823484413313e-07,-4.104671596583352e-10,8.208607569722945e-07,-4.989085549442218e-08,0.9999999999996618
74,160000000,74.16,terrain_world,differential_drive_robot,1.9999964258314777,15.199999970065482,-4.433823484413313e-07,-4.104671596583352e-10,8.208607569722945e-07,-4.989085549442218e-08,0.9999999999996618
74,180000000,74.18,terrain_world,differential_drive_robot,1.9999964258314777,15.199999970065482,-4.433823484413313e-07,-4.104671596583352e-10,8.208607569722945e-07,-4.989085549442218e-08,0.9999999999996618
74,200000000,74.2,terrain_world,differential_drive_robot,1.9999964258314777,15.199999970065482,-4.433823484413313e-07,-4.104671596583352e-10,8.208607569722945e-07,-4.989085549442218e-08,0.9999999999996618
74,220000000,74.22,terrain_world,differential_drive_robot,1.9999964258314777,15.199999970065482,-4.433823484413313e-07,-4.104671596583352e-10,8.208607569722945e-07,-4.989085549442218e-08,0.9999999999996618
74,240000000,74.24,terrain_world,differential_drive_robot,1.9999964258314777,15.199999970065482,-4.433823484413313e-07,-4.104671596583352e-10,8.208607569722945e-07,-4.989085549442218e-08,0.9999999999996618
74,260000000,74.26,terrain_world,differential_drive_robot,1.9999964258314777,15.199999970065482,-4.433823484413313e-07,-4.104671596583352e-10,8.208607569722945e-07,-4.989085549442218e-08,0.9999999999996618
74,280000000,74.28,terrain_world,differential_drive_robot,1.9999964258314777,15.199999970065482,-4.433823484413313e-07,-4.104671596583352e-10,8.208607569722945e-07,-4.989085549442218e-08,0.9999999999996618
74,300000000,74.3,terrain_world,differential_drive_robot,1.9999964258314777,15.199999970065482,-4.433823484413313e-07,-4.104671596583352e-10,8.208607569722945e-07,-4.989085549442218e-08,0.9999999999996618
74,320000000,74.32,terrain_world,differential_drive_robot,1.9999964258314777,15.199999970065482,-4.433823484413313e-07,-4.104671596583352e-10,8.208607569722945e-07,-4.989085549442218e-08,0.9999999999996618
74,340000000,74.34,terrain_world,differential_drive_robot,1.9999964258314777,15.199999970065482,-4.433823484413313e-07,-4.104671596583352e-10,8.208607569722945e-07,-4.989085549442218e-08,0.9999999999996618
74,360000000,74.36,terrain_world,differential_drive_robot,1.9999964258314777,15.199999970065482,-4.433823484413313e-07,-4.104671596583352e-10,8.208607569722945e-07,-4.989085549442218e-08,0.9999999999996618
74,380000000,74.38,terrain_world,differential_drive_robot,1.9999964258314777,15.199999970065482,-4.433823484413313e-07,-4.104671596583352e-10,8.208607569722945e-07,-4.989085549442218e-08,0.9999999999996618
74,400000000,74.4,terrain_world,differential_drive_robot,1.9999964258314777,15.199999970065482,-4.433823484413313e-07,-4.104671596583352e-10,8.208607569722945e-07,-4.989085549442218e-08,0.9999999999996618
74,420000000,74.42,terrain_world,differential_drive_robot,1.9999964258314777,15.199999970065482,-4.433823484413313e-07,-4.104671596583352e-10,8.208607569722945e-07,-4.989085549442218e-08,0.9999999999996618
74,440000000,74.44,terrain_world,differential_drive_robot,1.9999964258314777,15.199999970065482,-4.433823484413313e-07,-4.104671596583352e-10,8.208607569722945e-07,-4.989085549442218e-08,0.9999999999996618
74,460000000,74.46,terrain_world,differential_drive_robot,1.9999964258314777,15.199999970065482,-4.433823484413313e-07,-4.104671596583352e-10,8.208607569722945e-07,-4.989085549442218e-08,0.9999999999996618
74,480000000,74.48,terrain_world,differential_drive_robot,1.9999964258314777,15.199999970065482,-4.433823484413313e-07,-4.104671596583352e-10,8.208607569722945e-07,-4.989085549442218e-08,0.9999999999996618
74,500000000,74.5,terrain_world,differential_drive_robot,1.9999964258314777,15.199999970065482,-4.433823484413313e-07,-4.104671596583352e-10,8.208607569722945e-07,-4.989085549442218e-08,0.9999999999996618
74,520000000,74.52,terrain_world,differential_drive_robot,1.9999964258314777,15.199999970065482,-4.433823484413313e-07,-4.104671596583352e-10,8.208607569722945e-07,-4.989085549442218e-08,0.9999999999996618
74,540000000,74.54,terrain_world,differential_drive_robot,1.9999964258314777,15.199999970065482,-4.433823484413313e-07,-4.104671596583352e-10,8.208607569722945e-07,-4.989085549442218e-08,0.9999999999996618
74,560000000,74.56,terrain_world,differential_drive_robot,1.9999964258314777,15.199999970065482,-4.433823484413313e-07,-4.104671596583352e-10,8.208607569722945e-07,-4.989085549442218e-08,0.9999999999996618
74,580000000,74.58,terrain_world,differential_drive_robot,1.9999964258314777,15.199999970065482,-4.433823484413313e-07,-4.104671596583352e-10,8.208607569722945e-07,-4.989085549442218e-08,0.9999999999996618
74,600000000,74.6,terrain_world,differential_drive_robot,1.9999964258314777,15.199999970065482,-4.433823484413313e-07,-4.104671596583352e-10,8.208607569722945e-07,-4.989085549442218e-08,0.9999999999996618
74,620000000,74.62,terrain_world,differential_drive_robot,1.9999964258314777,15.199999970065482,-4.433823484413313e-07,-4.104671596583352e-10,8.208607569722945e-07,-4.989085549442218e-08,0.9999999999996618
74,640000000,74.64,terrain_world,differential_drive_robot,1.9999964258314777,15.199999970065482,-4.433823484413313e-07,-4.104671596583352e-10,8.208607569722945e-07,-4.989085549442218e-08,0.9999999999996618
74,660000000,74.66,terrain_world,differential_drive_robot,1.9999964258314777,15.199999970065482,-4.433823484413313e-07,-4.104671596583352e-10,8.208607569722945e-07,-4.989085549442218e-08,0.9999999999996618
74,680000000,74.68,terrain_world,differential_drive_robot,1.9999964258314777,15.199999970065482,-4.433823484413313e-07,-4.104671596583352e-10,8.208607569722945e-07,-4.989085549442218e-08,0.9999999999996618
74,700000000,74.7,terrain_world,differential_drive_robot,1.9999964258314777,15.199999970065482,-4.433823484413313e-07,-4.104671596583352e-10,8.208607569722945e-07,-4.989085549442218e-08,0.9999999999996618
74,720000000,74.72,terrain_world,differential_drive_robot,1.9999964258314777,15.199999970065482,-4.433823484413313e-07,-4.104671596583352e-10,8.208607569722945e-07,-4.989085549442218e-08,0.9999999999996618
74,740000000,74.74,terrain_world,differential_drive_robot,1.9999964258314777,15.199999970065482,-4.433823484413313e-07,-4.104671596583352e-10,8.208607569722945e-07,-4.989085549442218e-08,0.9999999999996618
74,760000000,74.76,terrain_world,differential_drive_robot,1.9999964258314777,15.199999970065482,-4.433823484413313e-07,-4.104671596583352e-10,8.208607569722945e-07,-4.989085549442218e-08,0.9999999999996618
74,780000000,74.78,terrain_world,differential_drive_robot,1.9999964258314777,15.199999970065482,-4.433823484413313e-07,-4.104671596583352e-10,8.208607569722945e-07,-4.989085549442218e-08,0.9999999999996618
74,800000000,74.8,terrain_world,differential_drive_robot,1.9999964258314777,15.199999970065482,-4.433823484413313e-07,-4.104671596583352e-10,8.208607569722945e-07,-4.989085549442218e-08,0.9999999999996618
74,820000000,74.82,terrain_world,differential_drive_robot,1.9999964258314777,15.199999970065482,-4.433823484413313e-07,-4.104671596583352e-10,8.208607569722945e-07,-4.989085549442218e-08,0.9999999999996618
74,840000000,74.84,terrain_world,differential_drive_robot,1.9999964258314777,15.199999970065482,-4.433823484413313e-07,-4.104671596583352e-10,8.208607569722945e-07,-4.989085549442218e-08,0.9999999999996618
74,860000000,74.86,terrain_world,differential_drive_robot,1.9999964258314777,15.199999970065482,-4.433823484413313e-07,-4.104671596583352e-10,8.208607569722945e-07,-4.989085549442218e-08,0.9999999999996618
74,880000000,74.88,terrain_world,differential_drive_robot,1.9999964258314777,15.199999970065482,-4.433823484413313e-07,-4.104671596583352e-10,8.208607569722945e-07,-4.989085549442218e-08,0.9999999999996618
74,900000000,74.9,terrain_world,differential_drive_robot,1.9999964258314777,15.199999970065482,-4.433823484413313e-07,-4.104671596583352e-10,8.208607569722945e-07,-4.989085549442218e-08,0.9999999999996618
74,920000000,74.92,terrain_world,differential_drive_robot,1.9999964258314777,15.199999970065482,-4.433823484413313e-07,-4.104671596583352e-10,8.208607569722945e-07,-4.989085549442218e-08,0.9999999999996618
74,940000000,74.94,terrain_world,differential_drive_robot,1.9999964258314777,15.199999970065482,-4.433823484413313e-07,-4.104671596583352e-10,8.208607569722945e-07,-4.989085549442218e-08,0.9999999999996618
74,960000000,74.96,terrain_world,differential_drive_robot,1.9999964258314777,15.199999970065482,-4.433823484413313e-07,-4.104671596583352e-10,8.208607569722945e-07,-4.989085549442218e-08,0.9999999999996618
74,980000000,74.98,terrain_world,differential_drive_robot,1.9999964258314777,15.199999970065482,-4.433823484413313e-07,-4.104671596583352e-10,8.208607569722945e-07,-4.989085549442218e-08,0.9999999999996618
75,0,75.0,terrain_world,differential_drive_robot,1.9999964258314777,15.199999970065482,-4.433823484413313e-07,-4.104671596583352e-10,8.208607569722945e-07,-4.989085549442218e-08,0.9999999999996618
75,20000000,75.02,terrain_world,differential_drive_robot,1.9999964258314777,15.199999970065482,-4.433823484413313e-07,-4.104671596583352e-10,8.208607569722945e-07,-4.989085549442218e-08,0.9999999999996618
75,40000000,75.04,terrain_world,differential_drive_robot,1.9999964258314777,15.199999970065482,-4.433823484413313e-07,-4.104671596583352e-10,8.208607569722945e-07,-4.989085549442218e-08,0.9999999999996618
75,60000000,75.06,terrain_world,differential_drive_robot,1.9999964258314777,15.199999970065482,-4.433823484413313e-07,-4.104671596583352e-10,8.208607569722945e-07,-4.989085549442218e-08,0.9999999999996618
75,80000000,75.08,terrain_world,differential_drive_robot,1.9999964258314777,15.199999970065482,-4.433823484413313e-07,-4.104671596583352e-10,8.208607569722945e-07,-4.989085549442218e-08,0.9999999999996618
75,100000000,75.1,terrain_world,differential_drive_robot,1.9999964258314777,15.199999970065482,-4.433823484413313e-07,-4.104671596583352e-10,8.208607569722945e-07,-4.989085549442218e-08,0.9999999999996618
75,120000000,75.12,terrain_world,differential_drive_robot,1.9999964258314777,15.199999970065482,-4.433823484413313e-07,-4.104671596583352e-10,8.208607569722945e-07,-4.989085549442218e-08,0.9999999999996618
75,140000000,75.14,terrain_world,differential_drive_robot,1.9999964258314777,15.199999970065482,-4.433823484413313e-07,-4.104671596583352e-10,8.208607569722945e-07,-4.989085549442218e-08,0.9999999999996618
75,160000000,75.16,terrain_world,differential_drive_robot,1.9999964258314777,15.199999970065482,-4.433823484413313e-07,-4.104671596583352e-10,8.208607569722945e-07,-4.989085549442218e-08,0.9999999999996618
75,180000000,75.18,terrain_world,differential_drive_robot,1.9999964258314777,15.199999970065482,-4.433823484413313e-07,-4.104671596583352e-10,8.208607569722945e-07,-4.989085549442218e-08,0.9999999999996618
75,200000000,75.2,terrain_world,differential_drive_robot,1.9999964258314777,15.199999970065482,-4.433823484413313e-07,-4.104671596583352e-10,8.208607569722945e-07,-4.989085549442218e-08,0.9999999999996618
75,220000000,75.22,terrain_world,differential_drive_robot,1.9999964258314777,15.199999970065482,-4.433823484413313e-07,-4.104671596583352e-10,8.208607569722945e-07,-4.989085549442218e-08,0.9999999999996618
75,240000000,75.24,terrain_world,differential_drive_robot,1.9999964258314777,15.199999970065482,-4.433823484413313e-07,-4.104671596583352e-10,8.208607569722945e-07,-4.989085549442218e-08,0.9999999999996618
75,260000000,75.26,terrain_world,differential_drive_robot,1.9999964258314777,15.199999970065482,-4.433823484413313e-07,-4.104671596583352e-10,8.208607569722945e-07,-4.989085549442218e-08,0.9999999999996618
75,280000000,75.28,terrain_world,differential_drive_robot,1.9999964258314777,15.199999970065482,-4.433823484413313e-07,-4.104671596583352e-10,8.208607569722945e-07,-4.989085549442218e-08,0.9999999999996618
75,300000000,75.3,terrain_world,differential_drive_robot,1.9999964258314777,15.199999970065482,-4.433823484413313e-07,-4.104671596583352e-10,8.208607569722945e-07,-4.989085549442218e-08,0.9999999999996618
75,320000000,75.32,terrain_world,differential_drive_robot,1.9999964258314777,15.199999970065482,-4.433823484413313e-07,-4.104671596583352e-10,8.208607569722945e-07,-4.989085549442218e-08,0.9999999999996618
75,340000000,75.34,terrain_world,differential_drive_robot,1.9999964258314777,15.199999970065482,-4.433823484413313e-07,-4.104671596583352e-10,8.208607569722945e-07,-4.989085549442218e-08,0.9999999999996618
75,360000000,75.36,terrain_world,differential_drive_robot,1.9999964258314777,15.199999970065482,-4.433823484413313e-07,-4.104671596583352e-10,8.208607569722945e-07,-4.989085549442218e-08,0.9999999999996618
75,380000000,75.38,terrain_world,differential_drive_robot,1.9999964258314777,15.199999970065482,-4.433823484413313e-07,-4.104671596583352e-10,8.208607569722945e-07,-4.989085549442218e-08,0.9999999999996618
75,400000000,75.4,terrain_world,differential_drive_robot,1.9999964258314777,15.199999970065482,-4.433823484413313e-07,-4.104671596583352e-10,8.208607569722945e-07,-4.989085549442218e-08,0.9999999999996618
75,420000000,75.42,terrain_world,differential_drive_robot,1.9999964258314777,15.199999970065482,-4.433823484413313e-07,-4.104671596583352e-10,8.208607569722945e-07,-4.989085549442218e-08,0.9999999999996618
75,440000000,75.44,terrain_world,differential_drive_robot,1.9999964258314777,15.199999970065482,-4.433823484413313e-07,-4.104671596583352e-10,8.208607569722945e-07,-4.989085549442218e-08,0.9999999999996618
75,460000000,75.46,terrain_world,differential_drive_robot,1.9999964258314777,15.199999970065482,-4.433823484413313e-07,-4.104671596583352e-10,8.208607569722945e-07,-4.989085549442218e-08,0.9999999999996618
75,480000000,75.48,terrain_world,differential_drive_robot,1.9999964258314777,15.199999970065482,-4.433823484413313e-07,-4.104671596583352e-10,8.208607569722945e-07,-4.989085549442218e-08,0.9999999999996618
75,500000000,75.5,terrain_world,differential_drive_robot,1.9999964258314777,15.199999970065482,-4.433823484413313e-07,-4.104671596583352e-10,8.208607569722945e-07,-4.989085549442218e-08,0.9999999999996618
75,520000000,75.52,terrain_world,differential_drive_robot,1.9999964258314777,15.199999970065482,-4.433823484413313e-07,-4.104671596583352e-10,8.208607569722945e-07,-4.989085549442218e-08,0.9999999999996618
75,540000000,75.54,terrain_world,differential_drive_robot,1.9999964258314777,15.199999970065482,-4.433823484413313e-07,-4.104671596583352e-10,8.208607569722945e-07,-4.989085549442218e-08,0.9999999999996618
75,560000000,75.56,terrain_world,differential_drive_robot,1.9999964258314777,15.199999970065482,-4.433823484413313e-07,-4.104671596583352e-10,8.208607569722945e-07,-4.989085549442218e-08,0.9999999999996618
75,580000000,75.58,terrain_world,differential_drive_robot,1.9999964258314777,15.199999970065482,-4.433823484413313e-07,-4.104671596583352e-10,8.208607569722945e-07,-4.989085549442218e-08,0.9999999999996618
75,600000000,75.6,terrain_world,differential_drive_robot,1.9999964258314777,15.199999970065482,-4.433823484413313e-07,-4.104671596583352e-10,8.208607569722945e-07,-4.989085549442218e-08,0.9999999999996618
75,620000000,75.62,terrain_world,differential_drive_robot,1.9999964258314777,15.199999970065482,-4.433823484413313e-07,-4.104671596583352e-10,8.208607569722945e-07,-4.989085549442218e-08,0.9999999999996618
75,640000000,75.64,terrain_world,differential_drive_robot,1.9999964258314777,15.199999970065482,-4.433823484413313e-07,-4.104671596583352e-10,8.208607569722945e-07,-4.989085549442218e-08,0.9999999999996618
75,660000000,75.66,terrain_world,differential_drive_robot,1.9999964258314777,15.199999970065482,-4.433823484413313e-07,-4.104671596583352e-10,8.208607569722945e-07,-4.989085549442218e-08,0.9999999999996618
75,680000000,75.68,terrain_world,differential_drive_robot,1.9999964258314777,15.199999970065482,-4.433823484413313e-07,-4.104671596583352e-10,8.208607569722945e-07,-4.989085549442218e-08,0.9999999999996618
75,700000000,75.7,terrain_world,differential_drive_robot,1.9999964258314777,15.199999970065482,-4.433823484413313e-07,-4.104671596583352e-10,8.208607569722945e-07,-4.989085549442218e-08,0.9999999999996618
75,720000000,75.72,terrain_world,differential_drive_robot,1.9999964258314777,15.199999970065482,-4.433823484413313e-07,-4.104671596583352e-10,8.208607569722945e-07,-4.989085549442218e-08,0.9999999999996618
75,740000000,75.74,terrain_world,differential_drive_robot,1.9999964258314777,15.199999970065482,-4.433823484413313e-07,-4.104671596583352e-10,8.208607569722945e-07,-4.989085549442218e-08,0.9999999999996618
75,760000000,75.76,terrain_world,differential_drive_robot,1.9999964258314777,15.199999970065482,-4.433823484413313e-07,-4.104671596583352e-10,8.208607569722945e-07,-4.989085549442218e-08,0.9999999999996618
75,780000000,75.78,terrain_world,differential_drive_robot,1.9999964258314777,15.199999970065482,-4.433823484413313e-07,-4.104671596583352e-10,8.208607569722945e-07,-4.989085549442218e-08,0.9999999999996618
75,800000000,75.8,terrain_world,differential_drive_robot,1.9999964258314777,15.199999970065482,-4.433823484413313e-07,-4.104671596583352e-10,8.208607569722945e-07,-4.989085549442218e-08,0.9999999999996618
75,820000000,75.82,terrain_world,differential_drive_robot,1.9999964258314777,15.199999970065482,-4.433823484413313e-07,-4.104671596583352e-10,8.208607569722945e-07,-4.989085549442218e-08,0.9999999999996618
75,840000000,75.84,terrain_world,differential_drive_robot,1.9999964258314777,15.199999970065482,-4.433823484413313e-07,-4.104671596583352e-10,8.208607569722945e-07,-4.989085549442218e-08,0.9999999999996618
75,860000000,75.86,terrain_world,differential_drive_robot,1.9999964258314777,15.199999970065482,-4.433823484413313e-07,-4.104671596583352e-10,8.208607569722945e-07,-4.989085549442218e-08,0.9999999999996618
75,880000000,75.88,terrain_world,differential_drive_robot,1.9999964258314777,15.199999970065482,-4.433823484413313e-07,-4.104671596583352e-10,8.208607569722945e-07,-4.989085549442218e-08,0.9999999999996618
75,900000000,75.9,terrain_world,differential_drive_robot,1.9999964258314777,15.199999970065482,-4.433823484413313e-07,-4.104671596583352e-10,8.208607569722945e-07,-4.989085549442218e-08,0.9999999999996618
75,920000000,75.92,terrain_world,differential_drive_robot,1.9999964258314777,15.199999970065482,-4.433823484413313e-07,-4.104671596583352e-10,8.208607569722945e-07,-4.989085549442218e-08,0.9999999999996618
75,940000000,75.94,terrain_world,differential_drive_robot,1.9999964258314777,15.199999970065482,-4.433823484413313e-07,-4.104671596583352e-10,8.208607569722945e-07,-4.989085549442218e-08,0.9999999999996618
75,960000000,75.96,terrain_world,differential_drive_robot,1.9999964258314777,15.199999970065482,-4.433823484413313e-07,-4.104671596583352e-10,8.208607569722945e-07,-4.989085549442218e-08,0.9999999999996618
75,980000000,75.98,terrain_world,differential_drive_robot,1.9999964258314777,15.199999970065482,-4.433823484413313e-07,-4.104671596583352e-10,8.208607569722945e-07,-4.989085549442218e-08,0.9999999999996618
76,0,76.0,terrain_world,differential_drive_robot,1.9999964258314777,15.199999970065482,-4.433823484413313e-07,-4.104671596583352e-10,8.208607569722945e-07,-4.989085549442218e-08,0.9999999999996618
76,20000000,76.02,terrain_world,differential_drive_robot,1.9999964258314777,15.199999970065482,-4.433823484413313e-07,-4.104671596583352e-10,8.208607569722945e-07,-4.989085549442218e-08,0.9999999999996618
76,40000000,76.04,terrain_world,differential_drive_robot,1.9999964258314777,15.199999970065482,-4.433823484413313e-07,-4.104671596583352e-10,8.208607569722945e-07,-4.989085549442218e-08,0.9999999999996618
76,60000000,76.06,terrain_world,differential_drive_robot,1.9999964258314777,15.199999970065482,-4.433823484413313e-07,-4.104671596583352e-10,8.208607569722945e-07,-4.989085549442218e-08,0.9999999999996618
76,80000000,76.08,terrain_world,differential_drive_robot,1.9999964258314777,15.199999970065482,-4.433823484413313e-07,-4.104671596583352e-10,8.208607569722945e-07,-4.989085549442218e-08,0.9999999999996618
76,100000000,76.1,terrain_world,differential_drive_robot,1.9999964258314777,15.199999970065482,-4.433823484413313e-07,-4.104671596583352e-10,8.208607569722945e-07,-4.989085549442218e-08,0.9999999999996618
76,120000000,76.12,terrain_world,differential_drive_robot,1.9999964258314777,15.199999970065482,-4.433823484413313e-07,-4.104671596583352e-10,8.208607569722945e-07,-4.989085549442218e-08,0.9999999999996618
76,140000000,76.14,terrain_world,differential_drive_robot,1.9999964258314777,15.199999970065482,-4.433823484413313e-07,-4.104671596583352e-10,8.208607569722945e-07,-4.989085549442218e-08,0.9999999999996618
76,160000000,76.16,terrain_world,differential_drive_robot,1.9999964258314777,15.199999970065482,-4.433823484413313e-07,-4.104671596583352e-10,8.208607569722945e-07,-4.989085549442218e-08,0.9999999999996618
76,180000000,76.18,terrain_world,differential_drive_robot,1.9999964258314777,15.199999970065482,-4.433823484413313e-07,-4.104671596583352e-10,8.208607569722945e-07,-4.989085549442218e-08,0.9999999999996618
76,200000000,76.2,terrain_world,differential_drive_robot,1.9999964258314777,15.199999970065482,-4.433823484413313e-07,-4.104671596583352e-10,8.208607569722945e-07,-4.989085549442218e-08,0.9999999999996618
76,220000000,76.22,terrain_world,differential_drive_robot,1.9999964258314777,15.199999970065482,-4.433823484413313e-07,-4.104671596583352e-10,8.208607569722945e-07,-4.989085549442218e-08,0.9999999999996618
76,240000000,76.24,terrain_world,differential_drive_robot,1.9999964258314777,15.199999970065482,-4.433823484413313e-07,-4.104671596583352e-10,8.208607569722945e-07,-4.989085549442218e-08,0.9999999999996618
76,260000000,76.26,terrain_world,differential_drive_robot,1.9999964258314777,15.199999970065482,-4.433823484413313e-07,-4.104671596583352e-10,8.208607569722945e-07,-4.989085549442218e-08,0.9999999999996618
76,280000000,76.28,terrain_world,differential_drive_robot,1.9999964258314777,15.199999970065482,-4.433823484413313e-07,-4.104671596583352e-10,8.208607569722945e-07,-4.989085549442218e-08,0.9999999999996618
76,300000000,76.3,terrain_world,differential_drive_robot,1.9999964258314777,15.199999970065482,-4.433823484413313e-07,-4.104671596583352e-10,8.208607569722945e-07,-4.989085549442218e-08,0.9999999999996618
76,320000000,76.32,terrain_world,differential_drive_robot,1.9999964258314777,15.199999970065482,-4.433823484413313e-07,-4.104671596583352e-10,8.208607569722945e-07,-4.989085549442218e-08,0.9999999999996618
76,340000000,76.34,terrain_world,differential_drive_robot,1.9999964258314777,15.199999970065482,-4.433823484413313e-07,-4.104671596583352e-10,8.208607569722945e-07,-4.989085549442218e-08,0.9999999999996618
76,360000000,76.36,terrain_world,differential_drive_robot,1.9999964258314777,15.199999970065482,-4.433823484413313e-07,-4.104671596583352e-10,8.208607569722945e-07,-4.989085549442218e-08,0.9999999999996618
76,380000000,76.38,terrain_world,differential_drive_robot,1.9999964258314777,15.199999970065482,-4.433823484413313e-07,-4.104671596583352e-10,8.208607569722945e-07,-4.989085549442218e-08,0.9999999999996618
76,400000000,76.4,terrain_world,differential_drive_robot,1.9999964258314777,15.199999970065482,-4.433823484413313e-07,-4.104671596583352e-10,8.208607569722945e-07,-4.989085549442218e-08,0.9999999999996618
76,420000000,76.42,terrain_world,differential_drive_robot,1.9999964258314777,15.199999970065482,-4.433823484413313e-07,-4.104671596583352e-10,8.208607569722945e-07,-4.989085549442218e-08,0.9999999999996618
76,440000000,76.44,terrain_world,differential_drive_robot,1.9999964258314777,15.199999970065482,-4.433823484413313e-07,-4.104671596583352e-10,8.208607569722945e-07,-4.989085549442218e-08,0.9999999999996618
76,460000000,76.46,terrain_world,differential_drive_robot,1.9999964258314777,15.199999970065482,-4.433823484413313e-07,-4.104671596583352e-10,8.208607569722945e-07,-4.989085549442218e-08,0.9999999999996618
76,480000000,76.48,terrain_world,differential_drive_robot,1.9999964258314777,15.199999970065482,-4.433823484413313e-07,-4.104671596583352e-10,8.208607569722945e-07,-4.989085549442218e-08,0.9999999999996618
76,500000000,76.5,terrain_world,differential_drive_robot,1.9999964258314777,15.199999970065482,-4.433823484413313e-07,-4.104671596583352e-10,8.208607569722945e-07,-4.989085549442218e-08,0.9999999999996618
76,520000000,76.52,terrain_world,differential_drive_robot,1.9999964258314777,15.199999970065482,-4.433823484413313e-07,-4.104671596583352e-10,8.208607569722945e-07,-4.989085549442218e-08,0.9999999999996618
76,540000000,76.54,terrain_world,differential_drive_robot,1.9999964258314777,15.199999970065482,-4.433823484413313e-07,-4.104671596583352e-10,8.208607569722945e-07,-4.989085549442218e-08,0.9999999999996618
76,560000000,76.56,terrain_world,differential_drive_robot,1.9999964258314777,15.199999970065482,-4.433823484413313e-07,-4.104671596583352e-10,8.208607569722945e-07,-4.989085549442218e-08,0.9999999999996618
76,580000000,76.58,terrain_world,differential_drive_robot,1.9999964258314777,15.199999970065482,-4.433823484413313e-07,-4.104671596583352e-10,8.208607569722945e-07,-4.989085549442218e-08,0.9999999999996618
76,600000000,76.6,terrain_world,differential_drive_robot,1.9999964258314777,15.199999970065482,-4.433823484413313e-07,-4.104671596583352e-10,8.208607569722945e-07,-4.989085549442218e-08,0.9999999999996618
76,620000000,76.62,terrain_world,differential_drive_robot,1.9999964258314777,15.199999970065482,-4.433823484413313e-07,-4.104671596583352e-10,8.208607569722945e-07,-4.989085549442218e-08,0.9999999999996618
76,640000000,76.64,terrain_world,differential_drive_robot,1.9999964258314777,15.199999970065482,-4.433823484413313e-07,-4.104671596583352e-10,8.208607569722945e-07,-4.989085549442218e-08,0.9999999999996618
76,660000000,76.66,terrain_world,differential_drive_robot,1.9999964258314777,15.199999970065482,-4.433823484413313e-07,-4.104671596583352e-10,8.208607569722945e-07,-4.989085549442218e-08,0.9999999999996618
76,680000000,76.68,terrain_world,differential_drive_robot,1.9999964258314777,15.199999970065482,-4.433823484413313e-07,-4.104671596583352e-10,8.208607569722945e-07,-4.989085549442218e-08,0.9999999999996618
76,700000000,76.7,terrain_world,differential_drive_robot,1.9999964258314777,15.199999970065482,-4.433823484413313e-07,-4.104671596583352e-10,8.208607569722945e-07,-4.989085549442218e-08,0.9999999999996618
76,720000000,76.72,terrain_world,differential_drive_robot,1.9999964258314777,15.199999970065482,-4.433823484413313e-07,-4.104671596583352e-10,8.208607569722945e-07,-4.989085549442218e-08,0.9999999999996618
76,740000000,76.74,terrain_world,differential_drive_robot,1.9999964258314777,15.199999970065482,-4.433823484413313e-07,-4.104671596583352e-10,8.208607569722945e-07,-4.989085549442218e-08,0.9999999999996618
76,760000000,76.76,terrain_world,differential_drive_robot,1.9999964258314777,15.199999970065482,-4.433823484413313e-07,-4.104671596583352e-10,8.208607569722945e-07,-4.989085549442218e-08,0.9999999999996618
76,780000000,76.78,terrain_world,differential_drive_robot,1.9999964258314777,15.199999970065482,-4.433823484413313e-07,-4.104671596583352e-10,8.208607569722945e-07,-4.989085549442218e-08,0.9999999999996618
76,800000000,76.8,terrain_world,differential_drive_robot,1.9999964258314777,15.199999970065482,-4.433823484413313e-07,-4.104671596583352e-10,8.208607569722945e-07,-4.989085549442218e-08,0.9999999999996618
76,820000000,76.82,terrain_world,differential_drive_robot,1.9999964258314777,15.199999970065482,-4.433823484413313e-07,-4.104671596583352e-10,8.208607569722945e-07,-4.989085549442218e-08,0.9999999999996618
76,840000000,76.84,terrain_world,differential_drive_robot,1.9999964258314777,15.199999970065482,-4.433823484413313e-07,-4.104671596583352e-10,8.208607569722945e-07,-4.989085549442218e-08,0.9999999999996618
76,860000000,76.86,terrain_world,differential_drive_robot,1.9999964258314777,15.199999970065482,-4.433823484413313e-07,-4.104671596583352e-10,8.208607569722945e-07,-4.989085549442218e-08,0.9999999999996618
76,880000000,76.88,terrain_world,differential_drive_robot,1.9999964258314777,15.199999970065482,-4.433823484413313e-07,-4.104671596583352e-10,8.208607569722945e-07,-4.989085549442218e-08,0.9999999999996618
76,900000000,76.9,terrain_world,differential_drive_robot,1.9999964258314777,15.199999970065482,-4.433823484413313e-07,-4.104671596583352e-10,8.208607569722945e-07,-4.989085549442218e-08,0.9999999999996618
76,920000000,76.92,terrain_world,differential_drive_robot,1.9999964258314777,15.199999970065482,-4.433823484413313e-07,-4.104671596583352e-10,8.208607569722945e-07,-4.989085549442218e-08,0.9999999999996618
76,940000000,76.94,terrain_world,differential_drive_robot,1.9999964258314777,15.199999970065482,-4.433823484413313e-07,-4.104671596583352e-10,8.208607569722945e-07,-4.989085549442218e-08,0.9999999999996618
76,960000000,76.96,terrain_world,differential_drive_robot,1.9999964258314777,15.199999970065482,-4.433823484413313e-07,-4.104671596583352e-10,8.208607569722945e-07,-4.989085549442218e-08,0.9999999999996618
76,980000000,76.98,terrain_world,differential_drive_robot,1.9999964258314777,15.199999970065482,-4.433823484413313e-07,-4.104671596583352e-10,8.208607569722945e-07,-4.989085549442218e-08,0.9999999999996618
77,0,77.0,terrain_world,differential_drive_robot,1.9999964258314777,15.199999970065482,-4.433823484413313e-07,-4.104671596583352e-10,8.208607569722945e-07,-4.989085549442218e-08,0.9999999999996618
77,20000000,77.02,terrain_world,differential_drive_robot,1.9999964258314777,15.199999970065482,-4.433823484413313e-07,-4.104671596583352e-10,8.208607569722945e-07,-4.989085549442218e-08,0.9999999999996618
77,40000000,77.04,terrain_world,differential_drive_robot,1.9999964258314777,15.199999970065482,-4.433823484413313e-07,-4.104671596583352e-10,8.208607569722945e-07,-4.989085549442218e-08,0.9999999999996618
77,60000000,77.06,terrain_world,differential_drive_robot,1.9999964258314777,15.199999970065482,-4.433823484413313e-07,-4.104671596583352e-10,8.208607569722945e-07,-4.989085549442218e-08,0.9999999999996618
77,80000000,77.08,terrain_world,differential_drive_robot,1.9999964258314777,15.199999970065482,-4.433823484413313e-07,-4.104671596583352e-10,8.208607569722945e-07,-4.989085549442218e-08,0.9999999999996618
77,100000000,77.1,terrain_world,differential_drive_robot,1.9999964258314777,15.199999970065482,-4.433823484413313e-07,-4.104671596583352e-10,8.208607569722945e-07,-4.989085549442218e-08,0.9999999999996618
77,120000000,77.12,terrain_world,differential_drive_robot,1.9999964258314777,15.199999970065482,-4.433823484413313e-07,-4.104671596583352e-10,8.208607569722945e-07,-4.989085549442218e-08,0.9999999999996618
77,140000000,77.14,terrain_world,differential_drive_robot,1.9999964258314777,15.199999970065482,-4.433823484413313e-07,-4.104671596583352e-10,8.208607569722945e-07,-4.989085549442218e-08,0.9999999999996618
77,160000000,77.16,terrain_world,differential_drive_robot,1.9999964258314777,15.199999970065482,-4.433823484413313e-07,-4.104671596583352e-10,8.208607569722945e-07,-4.989085549442218e-08,0.9999999999996618
77,180000000,77.18,terrain_world,differential_drive_robot,1.9999964258314777,15.199999970065482,-4.433823484413313e-07,-4.104671596583352e-10,8.208607569722945e-07,-4.989085549442218e-08,0.9999999999996618
77,200000000,77.2,terrain_world,differential_drive_robot,1.9999964258314777,15.199999970065482,-4.433823484413313e-07,-4.104671596583352e-10,8.208607569722945e-07,-4.989085549442218e-08,0.9999999999996618
77,220000000,77.22,terrain_world,differential_drive_robot,1.9999964258314777,15.199999970065482,-4.433823484413313e-07,-4.104671596583352e-10,8.208607569722945e-07,-4.989085549442218e-08,0.9999999999996618
77,240000000,77.24,terrain_world,differential_drive_robot,1.9999964258314777,15.199999970065482,-4.433823484413313e-07,-4.104671596583352e-10,8.208607569722945e-07,-4.989085549442218e-08,0.9999999999996618
77,260000000,77.26,terrain_world,differential_drive_robot,1.9999964258314777,15.199999970065482,-4.433823484413313e-07,-4.104671596583352e-10,8.208607569722945e-07,-4.989085549442218e-08,0.9999999999996618
77,280000000,77.28,terrain_world,differential_drive_robot,1.9999964258314777,15.199999970065482,-4.433823484413313e-07,-4.104671596583352e-10,8.208607569722945e-07,-4.989085549442218e-08,0.9999999999996618
77,300000000,77.3,terrain_world,differential_drive_robot,1.9999964258314777,15.199999970065482,-4.433823484413313e-07,-4.104671596583352e-10,8.208607569722945e-07,-4.989085549442218e-08,0.9999999999996618
77,320000000,77.32,terrain_world,differential_drive_robot,1.9999964258314777,15.199999970065482,-4.433823484413313e-07,-4.104671596583352e-10,8.208607569722945e-07,-4.989085549442218e-08,0.9999999999996618
77,340000000,77.34,terrain_world,differential_drive_robot,1.9999964258314777,15.199999970065482,-4.433823484413313e-07,-4.104671596583352e-10,8.208607569722945e-07,-4.989085549442218e-08,0.9999999999996618
77,360000000,77.36,terrain_world,differential_drive_robot,1.9999964258314777,15.199999970065482,-4.433823484413313e-07,-4.104671596583352e-10,8.208607569722945e-07,-4.989085549442218e-08,0.9999999999996618
77,380000000,77.38,terrain_world,differential_drive_robot,1.9999964258314777,15.199999970065482,-4.433823484413313e-07,-4.104671596583352e-10,8.208607569722945e-07,-4.989085549442218e-08,0.9999999999996618
77,400000000,77.4,terrain_world,differential_drive_robot,1.9999964258314777,15.199999970065482,-4.433823484413313e-07,-4.104671596583352e-10,8.208607569722945e-07,-4.989085549442218e-08,0.9999999999996618
77,420000000,77.42,terrain_world,differential_drive_robot,1.9999964258314777,15.199999970065482,-4.433823484413313e-07,-4.104671596583352e-10,8.208607569722945e-07,-4.989085549442218e-08,0.9999999999996618
77,440000000,77.44,terrain_world,differential_drive_robot,1.9999964258314777,15.199999970065482,-4.433823484413313e-07,-4.104671596583352e-10,8.208607569722945e-07,-4.989085549442218e-08,0.9999999999996618
77,460000000,77.46,terrain_world,differential_drive_robot,1.9999964258314777,15.199999970065482,-4.433823484413313e-07,-4.104671596583352e-10,8.208607569722945e-07,-4.989085549442218e-08,0.9999999999996618
77,480000000,77.48,terrain_world,differential_drive_robot,1.9999964258314777,15.199999970065482,-4.433823484413313e-07,-4.104671596583352e-10,8.208607569722945e-07,-4.989085549442218e-08,0.9999999999996618
77,500000000,77.5,terrain_world,differential_drive_robot,1.9999964258314777,15.199999970065482,-4.433823484413313e-07,-4.104671596583352e-10,8.208607569722945e-07,-4.989085549442218e-08,0.9999999999996618
77,520000000,77.52,terrain_world,differential_drive_robot,1.9999964258314777,15.199999970065482,-4.433823484413313e-07,-4.104671596583352e-10,8.208607569722945e-07,-4.989085549442218e-08,0.9999999999996618
77,540000000,77.54,terrain_world,differential_drive_robot,1.9999964258314777,15.199999970065482,-4.433823484413313e-07,-4.104671596583352e-10,8.208607569722945e-07,-4.989085549442218e-08,0.9999999999996618
77,560000000,77.56,terrain_world,differential_drive_robot,1.9999964258314777,15.199999970065482,-4.433823484413313e-07,-4.104671596583352e-10,8.208607569722945e-07,-4.989085549442218e-08,0.9999999999996618
77,580000000,77.58,terrain_world,differential_drive_robot,1.9999964258314777,15.199999970065482,-4.433823484413313e-07,-4.104671596583352e-10,8.208607569722945e-07,-4.989085549442218e-08,0.9999999999996618
77,600000000,77.6,terrain_world,differential_drive_robot,1.9999964258314777,15.199999970065482,-4.433823484413313e-07,-4.104671596583352e-10,8.208607569722945e-07,-4.989085549442218e-08,0.9999999999996618
77,620000000,77.62,terrain_world,differential_drive_robot,1.9999964258314777,15.199999970065482,-4.433823484413313e-07,-4.104671596583352e-10,8.208607569722945e-07,-4.989085549442218e-08,0.9999999999996618
77,640000000,77.64,terrain_world,differential_drive_robot,1.9999964258314777,15.199999970065482,-4.433823484413313e-07,-4.104671596583352e-10,8.208607569722945e-07,-4.989085549442218e-08,0.9999999999996618
77,660000000,77.66,terrain_world,differential_drive_robot,1.9999964258314777,15.199999970065482,-4.433823484413313e-07,-4.104671596583352e-10,8.208607569722945e-07,-4.989085549442218e-08,0.9999999999996618
77,680000000,77.68,terrain_world,differential_drive_robot,1.9999964258314777,15.199999970065482,-4.433823484413313e-07,-4.104671596583352e-10,8.208607569722945e-07,-4.989085549442218e-08,0.9999999999996618
77,700000000,77.7,terrain_world,differential_drive_robot,1.9999964258314777,15.199999970065482,-4.433823484413313e-07,-4.104671596583352e-10,8.208607569722945e-07,-4.989085549442218e-08,0.9999999999996618
77,720000000,77.72,terrain_world,differential_drive_robot,1.9999964258314777,15.199999970065482,-4.433823484413313e-07,-4.104671596583352e-10,8.208607569722945e-07,-4.989085549442218e-08,0.9999999999996618
77,740000000,77.74,terrain_world,differential_drive_robot,1.9999964258314777,15.199999970065482,-4.433823484413313e-07,-4.104671596583352e-10,8.208607569722945e-07,-4.989085549442218e-08,0.9999999999996618
77,760000000,77.76,terrain_world,differential_drive_robot,1.9999964258314777,15.199999970065482,-4.433823484413313e-07,-4.104671596583352e-10,8.208607569722945e-07,-4.989085549442218e-08,0.9999999999996618
77,780000000,77.78,terrain_world,differential_drive_robot,1.9999964258314777,15.199999970065482,-4.433823484413313e-07,-4.104671596583352e-10,8.208607569722945e-07,-4.989085549442218e-08,0.9999999999996618
77,800000000,77.8,terrain_world,differential_drive_robot,1.9999964258314777,15.199999970065482,-4.433823484413313e-07,-4.104671596583352e-10,8.208607569722945e-07,-4.989085549442218e-08,0.9999999999996618
77,820000000,77.82,terrain_world,differential_drive_robot,1.9999964258314777,15.199999970065482,-4.433823484413313e-07,-4.104671596583352e-10,8.208607569722945e-07,-4.989085549442218e-08,0.9999999999996618
77,840000000,77.84,terrain_world,differential_drive_robot,1.9999964258314777,15.199999970065482,-4.433823484413313e-07,-4.104671596583352e-10,8.208607569722945e-07,-4.989085549442218e-08,0.9999999999996618
77,860000000,77.86,terrain_world,differential_drive_robot,1.9999964258314777,15.199999970065482,-4.433823484413313e-07,-4.104671596583352e-10,8.208607569722945e-07,-4.989085549442218e-08,0.9999999999996618
77,880000000,77.88,terrain_world,differential_drive_robot,1.9999964258314777,15.199999970065482,-4.433823484413313e-07,-4.104671596583352e-10,8.208607569722945e-07,-4.989085549442218e-08,0.9999999999996618
77,900000000,77.9,terrain_world,differential_drive_robot,1.9999964258314777,15.199999970065482,-4.433823484413313e-07,-4.104671596583352e-10,8.208607569722945e-07,-4.989085549442218e-08,0.9999999999996618
77,920000000,77.92,terrain_world,differential_drive_robot,1.9999964258314777,15.199999970065482,-4.433823484413313e-07,-4.104671596583352e-10,8.208607569722945e-07,-4.989085549442218e-08,0.9999999999996618
77,940000000,77.94,terrain_world,differential_drive_robot,1.9999964258314777,15.199999970065482,-4.433823484413313e-07,-4.104671596583352e-10,8.208607569722945e-07,-4.989085549442218e-08,0.9999999999996618
77,960000000,77.96,terrain_world,differential_drive_robot,1.9999964258314777,15.199999970065482,-4.433823484413313e-07,-4.104671596583352e-10,8.208607569722945e-07,-4.989085549442218e-08,0.9999999999996618
77,980000000,77.98,terrain_world,differential_drive_robot,1.9999964258314777,15.199999970065482,-4.433823484413313e-07,-4.104671596583352e-10,8.208607569722945e-07,-4.989085549442218e-08,0.9999999999996618
78,0,78.0,terrain_world,differential_drive_robot,1.9999964258314777,15.199999970065482,-4.433823484413313e-07,-4.104671596583352e-10,8.208607569722945e-07,-4.989085549442218e-08,0.9999999999996618
78,20000000,78.02,terrain_world,differential_drive_robot,1.9999964258314777,15.199999970065482,-4.433823484413313e-07,-4.104671596583352e-10,8.208607569722945e-07,-4.989085549442218e-08,0.9999999999996618
78,40000000,78.04,terrain_world,differential_drive_robot,1.9999964258314777,15.199999970065482,-4.433823484413313e-07,-4.104671596583352e-10,8.208607569722945e-07,-4.989085549442218e-08,0.9999999999996618
78,60000000,78.06,terrain_world,differential_drive_robot,1.9999964258314777,15.199999970065482,-4.433823484413313e-07,-4.104671596583352e-10,8.208607569722945e-07,-4.989085549442218e-08,0.9999999999996618
78,80000000,78.08,terrain_world,differential_drive_robot,1.9999964258314777,15.199999970065482,-4.433823484413313e-07,-4.104671596583352e-10,8.208607569722945e-07,-4.989085549442218e-08,0.9999999999996618
78,100000000,78.1,terrain_world,differential_drive_robot,1.9999964258314777,15.199999970065482,-4.433823484413313e-07,-4.104671596583352e-10,8.208607569722945e-07,-4.989085549442218e-08,0.9999999999996618
78,120000000,78.12,terrain_world,differential_drive_robot,1.9999964258314777,15.199999970065482,-4.433823484413313e-07,-4.104671596583352e-10,8.208607569722945e-07,-4.989085549442218e-08,0.9999999999996618
78,140000000,78.14,terrain_world,differential_drive_robot,1.9999964258314777,15.199999970065482,-4.433823484413313e-07,-4.104671596583352e-10,8.208607569722945e-07,-4.989085549442218e-08,0.9999999999996618
78,160000000,78.16,terrain_world,differential_drive_robot,1.9999964258314777,15.199999970065482,-4.433823484413313e-07,-4.104671596583352e-10,8.208607569722945e-07,-4.989085549442218e-08,0.9999999999996618
78,180000000,78.18,terrain_world,differential_drive_robot,1.9999964258314777,15.199999970065482,-4.433823484413313e-07,-4.104671596583352e-10,8.208607569722945e-07,-4.989085549442218e-08,0.9999999999996618
78,200000000,78.2,terrain_world,differential_drive_robot,1.9999964258314777,15.199999970065482,-4.433823484413313e-07,-4.104671596583352e-10,8.208607569722945e-07,-4.989085549442218e-08,0.9999999999996618
78,220000000,78.22,terrain_world,differential_drive_robot,1.9999964258314777,15.199999970065482,-4.433823484413313e-07,-4.104671596583352e-10,8.208607569722945e-07,-4.989085549442218e-08,0.9999999999996618
78,240000000,78.24,terrain_world,differential_drive_robot,1.9999964258314777,15.199999970065482,-4.433823484413313e-07,-4.104671596583352e-10,8.208607569722945e-07,-4.989085549442218e-08,0.9999999999996618
78,260000000,78.26,terrain_world,differential_drive_robot,1.9999964258314777,15.199999970065482,-4.433823484413313e-07,-4.104671596583352e-10,8.208607569722945e-07,-4.989085549442218e-08,0.9999999999996618
78,280000000,78.28,terrain_world,differential_drive_robot,1.9999964258314777,15.199999970065482,-4.433823484413313e-07,-4.104671596583352e-10,8.208607569722945e-07,-4.989085549442218e-08,0.9999999999996618
78,300000000,78.3,terrain_world,differential_drive_robot,1.9999964258314777,15.199999970065482,-4.433823484413313e-07,-4.104671596583352e-10,8.208607569722945e-07,-4.989085549442218e-08,0.9999999999996618
78,320000000,78.32,terrain_world,differential_drive_robot,1.9999964258314777,15.199999970065482,-4.433823484413313e-07,-4.104671596583352e-10,8.208607569722945e-07,-4.989085549442218e-08,0.9999999999996618
78,340000000,78.34,terrain_world,differential_drive_robot,1.9999964258314777,15.199999970065482,-4.433823484413313e-07,-4.104671596583352e-10,8.208607569722945e-07,-4.989085549442218e-08,0.9999999999996618
78,360000000,78.36,terrain_world,differential_drive_robot,1.9999964258314777,15.199999970065482,-4.433823484413313e-07,-4.104671596583352e-10,8.208607569722945e-07,-4.989085549442218e-08,0.9999999999996618
78,380000000,78.38,terrain_world,differential_drive_robot,1.9999964258314777,15.199999970065482,-4.433823484413313e-07,-4.104671596583352e-10,8.208607569722945e-07,-4.989085549442218e-08,0.9999999999996618
78,400000000,78.4,terrain_world,differential_drive_robot,1.9999964258314777,15.199999970065482,-4.433823484413313e-07,-4.104671596583352e-10,8.208607569722945e-07,-4.989085549442218e-08,0.9999999999996618
78,420000000,78.42,terrain_world,differential_drive_robot,1.9999964258314777,15.199999970065482,-4.433823484413313e-07,-4.104671596583352e-10,8.208607569722945e-07,-4.989085549442218e-08,0.9999999999996618
78,440000000,78.44,terrain_world,differential_drive_robot,1.9999964258314777,15.199999970065482,-4.433823484413313e-07,-4.104671596583352e-10,8.208607569722945e-07,-4.989085549442218e-08,0.9999999999996618
78,460000000,78.46,terrain_world,differential_drive_robot,1.9999964258314777,15.199999970065482,-4.433823484413313e-07,-4.104671596583352e-10,8.208607569722945e-07,-4.989085549442218e-08,0.9999999999996618
78,480000000,78.48,terrain_world,differential_drive_robot,1.9999964258314777,15.199999970065482,-4.433823484413313e-07,-4.104671596583352e-10,8.208607569722945e-07,-4.989085549442218e-08,0.9999999999996618
78,500000000,78.5,terrain_world,differential_drive_robot,1.9999964258314777,15.199999970065482,-4.433823484413313e-07,-4.104671596583352e-10,8.208607569722945e-07,-4.989085549442218e-08,0.9999999999996618
78,520000000,78.52,terrain_world,differential_drive_robot,1.9999964258314777,15.199999970065482,-4.433823484413313e-07,-4.104671596583352e-10,8.208607569722945e-07,-4.989085549442218e-08,0.9999999999996618
78,540000000,78.54,terrain_world,differential_drive_robot,1.9999964258314777,15.199999970065482,-4.433823484413313e-07,-4.104671596583352e-10,8.208607569722945e-07,-4.989085549442218e-08,0.9999999999996618
78,560000000,78.56,terrain_world,differential_drive_robot,1.9999964258314777,15.199999970065482,-4.433823484413313e-07,-4.104671596583352e-10,8.208607569722945e-07,-4.989085549442218e-08,0.9999999999996618
78,580000000,78.58,terrain_world,differential_drive_robot,1.9999964258314777,15.199999970065482,-4.433823484413313e-07,-4.104671596583352e-10,8.208607569722945e-07,-4.989085549442218e-08,0.9999999999996618
78,600000000,78.6,terrain_world,differential_drive_robot,1.9999964258314777,15.199999970065482,-4.433823484413313e-07,-4.104671596583352e-10,8.208607569722945e-07,-4.989085549442218e-08,0.9999999999996618
78,620000000,78.62,terrain_world,differential_drive_robot,1.9999964258314777,15.199999970065482,-4.433823484413313e-07,-4.104671596583352e-10,8.208607569722945e-07,-4.989085549442218e-08,0.9999999999996618
78,640000000,78.64,terrain_world,differential_drive_robot,1.9999964258314777,15.199999970065482,-4.433823484413313e-07,-4.104671596583352e-10,8.208607569722945e-07,-4.989085549442218e-08,0.9999999999996618
78,660000000,78.66,terrain_world,differential_drive_robot,1.9999964258314777,15.199999970065482,-4.433823484413313e-07,-4.104671596583352e-10,8.208607569722945e-07,-4.989085549442218e-08,0.9999999999996618
78,680000000,78.68,terrain_world,differential_drive_robot,1.9999964258314777,15.199999970065482,-4.433823484413313e-07,-4.104671596583352e-10,8.208607569722945e-07,-4.989085549442218e-08,0.9999999999996618
78,700000000,78.7,terrain_world,differential_drive_robot,1.9999964258314777,15.199999970065482,-4.433823484413313e-07,-4.104671596583352e-10,8.208607569722945e-07,-4.989085549442218e-08,0.9999999999996618
78,720000000,78.72,terrain_world,differential_drive_robot,1.9999964258314777,15.199999970065482,-4.433823484413313e-07,-4.104671596583352e-10,8.208607569722945e-07,-4.989085549442218e-08,0.9999999999996618
78,740000000,78.74,terrain_world,differential_drive_robot,1.9999964258314777,15.199999970065482,-4.433823484413313e-07,-4.104671596583352e-10,8.208607569722945e-07,-4.989085549442218e-08,0.9999999999996618
78,760000000,78.76,terrain_world,differential_drive_robot,1.9999964258314777,15.199999970065482,-4.433823484413313e-07,-4.104671596583352e-10,8.208607569722945e-07,-4.989085549442218e-08,0.9999999999996618
78,780000000,78.78,terrain_world,differential_drive_robot,1.9999964258314777,15.199999970065482,-4.433823484413313e-07,-4.104671596583352e-10,8.208607569722945e-07,-4.989085549442218e-08,0.9999999999996618
78,800000000,78.8,terrain_world,differential_drive_robot,1.9999964258314777,15.199999970065482,-4.433823484413313e-07,-4.104671596583352e-10,8.208607569722945e-07,-4.989085549442218e-08,0.9999999999996618
78,820000000,78.82,terrain_world,differential_drive_robot,1.9999964258314777,15.199999970065482,-4.433823484413313e-07,-4.104671596583352e-10,8.208607569722945e-07,-4.989085549442218e-08,0.9999999999996618
78,840000000,78.84,terrain_world,differential_drive_robot,1.9999964258314777,15.199999970065482,-4.433823484413313e-07,-4.104671596583352e-10,8.208607569722945e-07,-4.989085549442218e-08,0.9999999999996618
78,860000000,78.86,terrain_world,differential_drive_robot,1.9999964258314777,15.199999970065482,-4.433823484413313e-07,-4.104671596583352e-10,8.208607569722945e-07,-4.989085549442218e-08,0.9999999999996618
78,880000000,78.88,terrain_world,differential_drive_robot,1.9999964258314777,15.199999970065482,-4.433823484413313e-07,-4.104671596583352e-10,8.208607569722945e-07,-4.989085549442218e-08,0.9999999999996618
78,900000000,78.9,terrain_world,differential_drive_robot,1.9999964258314777,15.199999970065482,-4.433823484413313e-07,-4.104671596583352e-10,8.208607569722945e-07,-4.989085549442218e-08,0.9999999999996618
78,920000000,78.92,terrain_world,differential_drive_robot,1.9999964258314777,15.199999970065482,-4.433823484413313e-07,-4.104671596583352e-10,8.208607569722945e-07,-4.989085549442218e-08,0.9999999999996618
78,940000000,78.94,terrain_world,differential_drive_robot,1.9999964258314777,15.199999970065482,-4.433823484413313e-07,-4.104671596583352e-10,8.208607569722945e-07,-4.989085549442218e-08,0.9999999999996618
78,960000000,78.96,terrain_world,differential_drive_robot,1.9999964258314777,15.199999970065482,-4.433823484413313e-07,-4.104671596583352e-10,8.208607569722945e-07,-4.989085549442218e-08,0.9999999999996618
78,980000000,78.98,terrain_world,differential_drive_robot,1.9999964258314777,15.199999970065482,-4.433823484413313e-07,-4.104671596583352e-10,8.208607569722945e-07,-4.989085549442218e-08,0.9999999999996618
79,0,79.0,terrain_world,differential_drive_robot,1.9999964258314777,15.199999970065482,-4.433823484413313e-07,-4.104671596583352e-10,8.208607569722945e-07,-4.989085549442218e-08,0.9999999999996618
79,20000000,79.02,terrain_world,differential_drive_robot,1.9999964258314777,15.199999970065482,-4.433823484413313e-07,-4.104671596583352e-10,8.208607569722945e-07,-4.989085549442218e-08,0.9999999999996618
79,40000000,79.04,terrain_world,differential_drive_robot,1.9999964258314777,15.199999970065482,-4.433823484413313e-07,-4.104671596583352e-10,8.208607569722945e-07,-4.989085549442218e-08,0.9999999999996618
79,60000000,79.06,terrain_world,differential_drive_robot,1.9999964258314777,15.199999970065482,-4.433823484413313e-07,-4.104671596583352e-10,8.208607569722945e-07,-4.989085549442218e-08,0.9999999999996618
79,80000000,79.08,terrain_world,differential_drive_robot,1.9999964258314777,15.199999970065482,-4.433823484413313e-07,-4.104671596583352e-10,8.208607569722945e-07,-4.989085549442218e-08,0.9999999999996618
79,100000000,79.1,terrain_world,differential_drive_robot,1.9999964258314777,15.199999970065482,-4.433823484413313e-07,-4.104671596583352e-10,8.208607569722945e-07,-4.989085549442218e-08,0.9999999999996618
79,120000000,79.12,terrain_world,differential_drive_robot,1.9999964258314777,15.199999970065482,-4.433823484413313e-07,-4.104671596583352e-10,8.208607569722945e-07,-4.989085549442218e-08,0.9999999999996618
79,140000000,79.14,terrain_world,differential_drive_robot,1.9999964258314777,15.199999970065482,-4.433823484413313e-07,-4.104671596583352e-10,8.208607569722945e-07,-4.989085549442218e-08,0.9999999999996618
79,160000000,79.16,terrain_world,differential_drive_robot,1.9999964258314777,15.199999970065482,-4.433823484413313e-07,-4.104671596583352e-10,8.208607569722945e-07,-4.989085549442218e-08,0.9999999999996618
79,180000000,79.18,terrain_world,differential_drive_robot,1.9999964258314777,15.199999970065482,-4.433823484413313e-07,-4.104671596583352e-10,8.208607569722945e-07,-4.989085549442218e-08,0.9999999999996618
79,200000000,79.2,terrain_world,differential_drive_robot,1.9999964258314777,15.199999970065482,-4.433823484413313e-07,-4.104671596583352e-10,8.208607569722945e-07,-4.989085549442218e-08,0.9999999999996618
79,220000000,79.22,terrain_world,differential_drive_robot,1.9999964258314777,15.199999970065482,-4.433823484413313e-07,-4.104671596583352e-10,8.208607569722945e-07,-4.989085549442218e-08,0.9999999999996618
79,240000000,79.24,terrain_world,differential_drive_robot,1.9999964258314777,15.199999970065482,-4.433823484413313e-07,-4.104671596583352e-10,8.208607569722945e-07,-4.989085549442218e-08,0.9999999999996618
79,260000000,79.26,terrain_world,differential_drive_robot,1.9999964258314777,15.199999970065482,-4.433823484413313e-07,-4.104671596583352e-10,8.208607569722945e-07,-4.989085549442218e-08,0.9999999999996618
79,280000000,79.28,terrain_world,differential_drive_robot,1.9999964258314777,15.199999970065482,-4.433823484413313e-07,-4.104671596583352e-10,8.208607569722945e-07,-4.989085549442218e-08,0.9999999999996618
79,300000000,79.3,terrain_world,differential_drive_robot,1.9999964258314777,15.199999970065482,-4.433823484413313e-07,-4.104671596583352e-10,8.208607569722945e-07,-4.989085549442218e-08,0.9999999999996618
79,320000000,79.32,terrain_world,differential_drive_robot,1.9999964258314777,15.199999970065482,-4.433823484413313e-07,-4.104671596583352e-10,8.208607569722945e-07,-4.989085549442218e-08,0.9999999999996618
79,340000000,79.34,terrain_world,differential_drive_robot,1.9999964258314777,15.199999970065482,-4.433823484413313e-07,-4.104671596583352e-10,8.208607569722945e-07,-4.989085549442218e-08,0.9999999999996618
79,360000000,79.36,terrain_world,differential_drive_robot,1.9999964258314777,15.199999970065482,-4.433823484413313e-07,-4.104671596583352e-10,8.208607569722945e-07,-4.989085549442218e-08,0.9999999999996618
79,380000000,79.38,terrain_world,differential_drive_robot,1.9999964258314777,15.199999970065482,-4.433823484413313e-07,-4.104671596583352e-10,8.208607569722945e-07,-4.989085549442218e-08,0.9999999999996618
79,400000000,79.4,terrain_world,differential_drive_robot,1.9999964258314777,15.199999970065482,-4.433823484413313e-07,-4.104671596583352e-10,8.208607569722945e-07,-4.989085549442218e-08,0.9999999999996618
79,420000000,79.42,terrain_world,differential_drive_robot,1.9999964258314777,15.199999970065482,-4.433823484413313e-07,-4.104671596583352e-10,8.208607569722945e-07,-4.989085549442218e-08,0.9999999999996618
79,440000000,79.44,terrain_world,differential_drive_robot,1.9999964258314777,15.199999970065482,-4.433823484413313e-07,-4.104671596583352e-10,8.208607569722945e-07,-4.989085549442218e-08,0.9999999999996618
79,460000000,79.46,terrain_world,differential_drive_robot,1.9999964258314777,15.199999970065482,-4.433823484413313e-07,-4.104671596583352e-10,8.208607569722945e-07,-4.989085549442218e-08,0.9999999999996618
79,480000000,79.48,terrain_world,differential_drive_robot,1.9999964258314777,15.199999970065482,-4.433823484413313e-07,-4.104671596583352e-10,8.208607569722945e-07,-4.989085549442218e-08,0.9999999999996618
79,500000000,79.5,terrain_world,differential_drive_robot,1.9999964258314777,15.199999970065482,-4.433823484413313e-07,-4.104671596583352e-10,8.208607569722945e-07,-4.989085549442218e-08,0.9999999999996618
79,520000000,79.52,terrain_world,differential_drive_robot,1.9999964258314777,15.199999970065482,-4.433823484413313e-07,-4.104671596583352e-10,8.208607569722945e-07,-4.989085549442218e-08,0.9999999999996618
79,540000000,79.54,terrain_world,differential_drive_robot,1.9999964258314777,15.199999970065482,-4.433823484413313e-07,-4.104671596583352e-10,8.208607569722945e-07,-4.989085549442218e-08,0.9999999999996618
79,560000000,79.56,terrain_world,differential_drive_robot,1.9999964258314777,15.199999970065482,-4.433823484413313e-07,-4.104671596583352e-10,8.208607569722945e-07,-4.989085549442218e-08,0.9999999999996618
79,580000000,79.58,terrain_world,differential_drive_robot,1.9999964258314777,15.199999970065482,-4.433823484413313e-07,-4.104671596583352e-10,8.208607569722945e-07,-4.989085549442218e-08,0.9999999999996618
79,600000000,79.6,terrain_world,differential_drive_robot,1.9999964258314777,15.199999970065482,-4.433823484413313e-07,-4.104671596583352e-10,8.208607569722945e-07,-4.989085549442218e-08,0.9999999999996618
79,620000000,79.62,terrain_world,differential_drive_robot,1.9999964258314777,15.199999970065482,-4.433823484413313e-07,-4.104671596583352e-10,8.208607569722945e-07,-4.989085549442218e-08,0.9999999999996618
79,640000000,79.64,terrain_world,differential_drive_robot,1.9999964258314777,15.199999970065482,-4.433823484413313e-07,-4.104671596583352e-10,8.208607569722945e-07,-4.989085549442218e-08,0.9999999999996618
79,660000000,79.66,terrain_world,differential_drive_robot,1.9999964258314777,15.199999970065482,-4.433823484413313e-07,-4.104671596583352e-10,8.208607569722945e-07,-4.989085549442218e-08,0.9999999999996618
79,680000000,79.68,terrain_world,differential_drive_robot,1.9999964258314777,15.199999970065482,-4.433823484413313e-07,-4.104671596583352e-10,8.208607569722945e-07,-4.989085549442218e-08,0.9999999999996618
79,700000000,79.7,terrain_world,differential_drive_robot,1.9999964258314777,15.199999970065482,-4.433823484413313e-07,-4.104671596583352e-10,8.208607569722945e-07,-4.989085549442218e-08,0.9999999999996618
79,720000000,79.72,terrain_world,differential_drive_robot,1.9999964258314777,15.199999970065482,-4.433823484413313e-07,-4.104671596583352e-10,8.208607569722945e-07,-4.989085549442218e-08,0.9999999999996618
79,740000000,79.74,terrain_world,differential_drive_robot,1.9999964258314777,15.199999970065482,-4.433823484413313e-07,-4.104671596583352e-10,8.208607569722945e-07,-4.989085549442218e-08,0.9999999999996618
79,760000000,79.76,terrain_world,differential_drive_robot,1.9999964258314777,15.199999970065482,-4.433823484413313e-07,-4.104671596583352e-10,8.208607569722945e-07,-4.989085549442218e-08,0.9999999999996618
79,780000000,79.78,terrain_world,differential_drive_robot,1.9999964258314777,15.199999970065482,-4.433823484413313e-07,-4.104671596583352e-10,8.208607569722945e-07,-4.989085549442218e-08,0.9999999999996618
79,800000000,79.8,terrain_world,differential_drive_robot,1.9999964258314777,15.199999970065482,-4.433823484413313e-07,-4.104671596583352e-10,8.208607569722945e-07,-4.989085549442218e-08,0.9999999999996618
79,820000000,79.82,terrain_world,differential_drive_robot,1.9999964258314777,15.199999970065482,-4.433823484413313e-07,-4.104671596583352e-10,8.208607569722945e-07,-4.989085549442218e-08,0.9999999999996618
79,840000000,79.84,terrain_world,differential_drive_robot,1.9999964258314777,15.199999970065482,-4.433823484413313e-07,-4.104671596583352e-10,8.208607569722945e-07,-4.989085549442218e-08,0.9999999999996618
79,860000000,79.86,terrain_world,differential_drive_robot,1.9999964258314777,15.199999970065482,-4.433823484413313e-07,-4.104671596583352e-10,8.208607569722945e-07,-4.989085549442218e-08,0.9999999999996618
79,880000000,79.88,terrain_world,differential_drive_robot,1.9999964258314777,15.199999970065482,-4.433823484413313e-07,-4.104671596583352e-10,8.208607569722945e-07,-4.989085549442218e-08,0.9999999999996618
79,900000000,79.9,terrain_world,differential_drive_robot,1.9999964258314777,15.199999970065482,-4.433823484413313e-07,-4.104671596583352e-10,8.208607569722945e-07,-4.989085549442218e-08,0.9999999999996618
79,920000000,79.92,terrain_world,differential_drive_robot,1.9999964258314777,15.199999970065482,-4.433823484413313e-07,-4.104671596583352e-10,8.208607569722945e-07,-4.989085549442218e-08,0.9999999999996618
79,940000000,79.94,terrain_world,differential_drive_robot,1.9999964258314777,15.199999970065482,-4.433823484413313e-07,-4.104671596583352e-10,8.208607569722945e-07,-4.989085549442218e-08,0.9999999999996618
79,960000000,79.96,terrain_world,differential_drive_robot,1.9999964258314777,15.199999970065482,-4.433823484413313e-07,-4.104671596583352e-10,8.208607569722945e-07,-4.989085549442218e-08,0.9999999999996618
79,980000000,79.98,terrain_world,differential_drive_robot,1.9999964258314777,15.199999970065482,-4.433823484413313e-07,-4.104671596583352e-10,8.208607569722945e-07,-4.989085549442218e-08,0.9999999999996618
80,0,80.0,terrain_world,differential_drive_robot,1.9999964258314777,15.199999970065482,-4.433823484413313e-07,-4.104671596583352e-10,8.208607569722945e-07,-4.989085549442218e-08,0.9999999999996618
80,20000000,80.02,terrain_world,differential_drive_robot,1.9999964258314777,15.199999970065482,-4.433823484413313e-07,-4.104671596583352e-10,8.208607569722945e-07,-4.989085549442218e-08,0.9999999999996618
80,40000000,80.04,terrain_world,differential_drive_robot,1.9999964258314777,15.199999970065482,-4.433823484413313e-07,-4.104671596583352e-10,8.208607569722945e-07,-4.989085549442218e-08,0.9999999999996618
80,60000000,80.06,terrain_world,differential_drive_robot,1.9999964258314777,15.199999970065482,-4.433823484413313e-07,-4.104671596583352e-10,8.208607569722945e-07,-4.989085549442218e-08,0.9999999999996618
80,80000000,80.08,terrain_world,differential_drive_robot,1.9999964258314777,15.199999970065482,-4.433823484413313e-07,-4.104671596583352e-10,8.208607569722945e-07,-4.989085549442218e-08,0.9999999999996618
80,100000000,80.1,terrain_world,differential_drive_robot,1.9999964258314777,15.199999970065482,-4.433823484413313e-07,-4.104671596583352e-10,8.208607569722945e-07,-4.989085549442218e-08,0.9999999999996618
80,120000000,80.12,terrain_world,differential_drive_robot,1.9999964258314777,15.199999970065482,-4.433823484413313e-07,-4.104671596583352e-10,8.208607569722945e-07,-4.989085549442218e-08,0.9999999999996618
80,140000000,80.14,terrain_world,differential_drive_robot,1.9999964258314777,15.199999970065482,-4.433823484413313e-07,-4.104671596583352e-10,8.208607569722945e-07,-4.989085549442218e-08,0.9999999999996618
80,160000000,80.16,terrain_world,differential_drive_robot,1.9999964258314777,15.199999970065482,-4.433823484413313e-07,-4.104671596583352e-10,8.208607569722945e-07,-4.989085549442218e-08,0.9999999999996618
80,180000000,80.18,terrain_world,differential_drive_robot,1.9999964258314777,15.199999970065482,-4.433823484413313e-07,-4.104671596583352e-10,8.208607569722945e-07,-4.989085549442218e-08,0.9999999999996618
80,200000000,80.2,terrain_world,differential_drive_robot,1.9999964258314777,15.199999970065482,-4.433823484413313e-07,-4.104671596583352e-10,8.208607569722945e-07,-4.989085549442218e-08,0.9999999999996618
80,220000000,80.22,terrain_world,differential_drive_robot,1.9999964258314777,15.199999970065482,-4.433823484413313e-07,-4.104671596583352e-10,8.208607569722945e-07,-4.989085549442218e-08,0.9999999999996618
80,240000000,80.24,terrain_world,differential_drive_robot,1.9999964258314777,15.199999970065482,-4.433823484413313e-07,-4.104671596583352e-10,8.208607569722945e-07,-4.989085549442218e-08,0.9999999999996618
80,260000000,80.26,terrain_world,differential_drive_robot,1.9999964258314777,15.199999970065482,-4.433823484413313e-07,-4.104671596583352e-10,8.208607569722945e-07,-4.989085549442218e-08,0.9999999999996618
80,280000000,80.28,terrain_world,differential_drive_robot,1.9999964258314777,15.199999970065482,-4.433823484413313e-07,-4.104671596583352e-10,8.208607569722945e-07,-4.989085549442218e-08,0.9999999999996618
80,300000000,80.3,terrain_world,differential_drive_robot,1.9999964258314777,15.199999970065482,-4.433823484413313e-07,-4.104671596583352e-10,8.208607569722945e-07,-4.989085549442218e-08,0.9999999999996618
80,320000000,80.32,terrain_world,differential_drive_robot,1.9999964258314777,15.199999970065482,-4.433823484413313e-07,-4.104671596583352e-10,8.208607569722945e-07,-4.989085549442218e-08,0.9999999999996618
80,340000000,80.34,terrain_world,differential_drive_robot,1.9999964258314777,15.199999970065482,-4.433823484413313e-07,-4.104671596583352e-10,8.208607569722945e-07,-4.989085549442218e-08,0.9999999999996618
80,360000000,80.36,terrain_world,differential_drive_robot,1.9999964258314777,15.199999970065482,-4.433823484413313e-07,-4.104671596583352e-10,8.208607569722945e-07,-4.989085549442218e-08,0.9999999999996618
80,380000000,80.38,terrain_world,differential_drive_robot,1.9999964258314777,15.199999970065482,-4.433823484413313e-07,-4.104671596583352e-10,8.208607569722945e-07,-4.989085549442218e-08,0.9999999999996618
80,400000000,80.4,terrain_world,differential_drive_robot,1.9999964258314777,15.199999970065482,-4.433823484413313e-07,-4.104671596583352e-10,8.208607569722945e-07,-4.989085549442218e-08,0.9999999999996618
80,420000000,80.42,terrain_world,differential_drive_robot,1.9999964258314777,15.199999970065482,-4.433823484413313e-07,-4.104671596583352e-10,8.208607569722945e-07,-4.989085549442218e-08,0.9999999999996618
80,440000000,80.44,terrain_world,differential_drive_robot,1.9999964258314777,15.199999970065482,-4.433823484413313e-07,-4.104671596583352e-10,8.208607569722945e-07,-4.989085549442218e-08,0.9999999999996618
80,460000000,80.46,terrain_world,differential_drive_robot,1.9999964258314777,15.199999970065482,-4.433823484413313e-07,-4.104671596583352e-10,8.208607569722945e-07,-4.989085549442218e-08,0.9999999999996618
80,480000000,80.48,terrain_world,differential_drive_robot,1.9999964258314777,15.199999970065482,-4.433823484413313e-07,-4.104671596583352e-10,8.208607569722945e-07,-4.989085549442218e-08,0.9999999999996618
80,500000000,80.5,terrain_world,differential_drive_robot,1.9999964258314777,15.199999970065482,-4.433823484413313e-07,-4.104671596583352e-10,8.208607569722945e-07,-4.989085549442218e-08,0.9999999999996618
80,520000000,80.52,terrain_world,differential_drive_robot,1.9999964258314777,15.199999970065482,-4.433823484413313e-07,-4.104671596583352e-10,8.208607569722945e-07,-4.989085549442218e-08,0.9999999999996618
80,540000000,80.54,terrain_world,differential_drive_robot,1.9999964258314777,15.199999970065482,-4.433823484413313e-07,-4.104671596583352e-10,8.208607569722945e-07,-4.989085549442218e-08,0.9999999999996618
80,560000000,80.56,terrain_world,differential_drive_robot,1.9999964258314777,15.199999970065482,-4.433823484413313e-07,-4.104671596583352e-10,8.208607569722945e-07,-4.989085549442218e-08,0.9999999999996618
80,580000000,80.58,terrain_world,differential_drive_robot,1.9999964258314777,15.199999970065482,-4.433823484413313e-07,-4.104671596583352e-10,8.208607569722945e-07,-4.989085549442218e-08,0.9999999999996618
80,600000000,80.6,terrain_world,differential_drive_robot,1.9999964258314777,15.199999970065482,-4.433823484413313e-07,-4.104671596583352e-10,8.208607569722945e-07,-4.989085549442218e-08,0.9999999999996618
80,620000000,80.62,terrain_world,differential_drive_robot,1.9999964258314777,15.199999970065482,-4.433823484413313e-07,-4.104671596583352e-10,8.208607569722945e-07,-4.989085549442218e-08,0.9999999999996618
80,640000000,80.64,terrain_world,differential_drive_robot,1.9999964258314777,15.199999970065482,-4.433823484413313e-07,-4.104671596583352e-10,8.208607569722945e-07,-4.989085549442218e-08,0.9999999999996618
80,660000000,80.66,terrain_world,differential_drive_robot,1.9999964258314777,15.199999970065482,-4.433823484413313e-07,-4.104671596583352e-10,8.208607569722945e-07,-4.989085549442218e-08,0.9999999999996618
80,680000000,80.68,terrain_world,differential_drive_robot,1.9999964258314777,15.199999970065482,-4.433823484413313e-07,-4.104671596583352e-10,8.208607569722945e-07,-4.989085549442218e-08,0.9999999999996618
80,700000000,80.7,terrain_world,differential_drive_robot,1.9999964258314777,15.199999970065482,-4.433823484413313e-07,-4.104671596583352e-10,8.208607569722945e-07,-4.989085549442218e-08,0.9999999999996618
80,720000000,80.72,terrain_world,differential_drive_robot,1.9999964258314777,15.199999970065482,-4.433823484413313e-07,-4.104671596583352e-10,8.208607569722945e-07,-4.989085549442218e-08,0.9999999999996618
80,740000000,80.74,terrain_world,differential_drive_robot,1.9999964258314777,15.199999970065482,-4.433823484413313e-07,-4.104671596583352e-10,8.208607569722945e-07,-4.989085549442218e-08,0.9999999999996618
80,760000000,80.76,terrain_world,differential_drive_robot,1.9999964258314777,15.199999970065482,-4.433823484413313e-07,-4.104671596583352e-10,8.208607569722945e-07,-4.989085549442218e-08,0.9999999999996618
80,780000000,80.78,terrain_world,differential_drive_robot,1.9999964258314777,15.199999970065482,-4.433823484413313e-07,-4.104671596583352e-10,8.208607569722945e-07,-4.989085549442218e-08,0.9999999999996618
80,800000000,80.8,terrain_world,differential_drive_robot,1.9999964258314777,15.199999970065482,-4.433823484413313e-07,-4.104671596583352e-10,8.208607569722945e-07,-4.989085549442218e-08,0.9999999999996618
80,820000000,80.82,terrain_world,differential_drive_robot,1.9999964258314777,15.199999970065482,-4.433823484413313e-07,-4.104671596583352e-10,8.208607569722945e-07,-4.989085549442218e-08,0.9999999999996618
80,840000000,80.84,terrain_world,differential_drive_robot,1.9999964258314777,15.199999970065482,-4.433823484413313e-07,-4.104671596583352e-10,8.208607569722945e-07,-4.989085549442218e-08,0.9999999999996618
80,860000000,80.86,terrain_world,differential_drive_robot,1.9999964258314777,15.199999970065482,-4.433823484413313e-07,-4.104671596583352e-10,8.208607569722945e-07,-4.989085549442218e-08,0.9999999999996618
80,880000000,80.88,terrain_world,differential_drive_robot,1.9999964258314777,15.199999970065482,-4.433823484413313e-07,-4.104671596583352e-10,8.208607569722945e-07,-4.989085549442218e-08,0.9999999999996618
80,900000000,80.9,terrain_world,differential_drive_robot,1.9999964258314777,15.199999970065482,-4.433823484413313e-07,-4.104671596583352e-10,8.208607569722945e-07,-4.989085549442218e-08,0.9999999999996618
80,920000000,80.92,terrain_world,differential_drive_robot,1.9999964258314777,15.199999970065482,-4.433823484413313e-07,-4.104671596583352e-10,8.208607569722945e-07,-4.989085549442218e-08,0.9999999999996618
80,940000000,80.94,terrain_world,differential_drive_robot,1.9999964258314777,15.199999970065482,-4.433823484413313e-07,-4.104671596583352e-10,8.208607569722945e-07,-4.989085549442218e-08,0.9999999999996618
80,960000000,80.96,terrain_world,differential_drive_robot,1.9999964258314777,15.199999970065482,-4.433823484413313e-07,-4.104671596583352e-10,8.208607569722945e-07,-4.989085549442218e-08,0.9999999999996618
80,980000000,80.98,terrain_world,differential_drive_robot,1.9999964258314777,15.199999970065482,-4.433823484413313e-07,-4.104671596583352e-10,8.208607569722945e-07,-4.989085549442218e-08,0.9999999999996618
81,0,81.0,terrain_world,differential_drive_robot,1.9999964258314777,15.199999970065482,-4.433823484413313e-07,-4.104671596583352e-10,8.208607569722945e-07,-4.989085549442218e-08,0.9999999999996618
81,20000000,81.02,terrain_world,differential_drive_robot,1.9999964258314777,15.199999970065482,-4.433823484413313e-07,-4.104671596583352e-10,8.208607569722945e-07,-4.989085549442218e-08,0.9999999999996618
81,40000000,81.04,terrain_world,differential_drive_robot,1.9999964258314777,15.199999970065482,-4.433823484413313e-07,-4.104671596583352e-10,8.208607569722945e-07,-4.989085549442218e-08,0.9999999999996618
81,60000000,81.06,terrain_world,differential_drive_robot,1.9999964258314777,15.199999970065482,-4.433823484413313e-07,-4.104671596583352e-10,8.208607569722945e-07,-4.989085549442218e-08,0.9999999999996618
81,80000000,81.08,terrain_world,differential_drive_robot,1.9999964258314777,15.199999970065482,-4.433823484413313e-07,-4.104671596583352e-10,8.208607569722945e-07,-4.989085549442218e-08,0.9999999999996618
81,100000000,81.1,terrain_world,differential_drive_robot,1.9999964258314777,15.199999970065482,-4.433823484413313e-07,-4.104671596583352e-10,8.208607569722945e-07,-4.989085549442218e-08,0.9999999999996618
81,120000000,81.12,terrain_world,differential_drive_robot,1.9999964258314777,15.199999970065482,-4.433823484413313e-07,-4.104671596583352e-10,8.208607569722945e-07,-4.989085549442218e-08,0.9999999999996618
81,140000000,81.14,terrain_world,differential_drive_robot,1.9999964258314777,15.199999970065482,-4.433823484413313e-07,-4.104671596583352e-10,8.208607569722945e-07,-4.989085549442218e-08,0.9999999999996618
81,160000000,81.16,terrain_world,differential_drive_robot,1.9999964258314777,15.199999970065482,-4.433823484413313e-07,-4.104671596583352e-10,8.208607569722945e-07,-4.989085549442218e-08,0.9999999999996618
81,180000000,81.18,terrain_world,differential_drive_robot,1.9999964258314777,15.199999970065482,-4.433823484413313e-07,-4.104671596583352e-10,8.208607569722945e-07,-4.989085549442218e-08,0.9999999999996618
81,200000000,81.2,terrain_world,differential_drive_robot,1.9999964258314777,15.199999970065482,-4.433823484413313e-07,-4.104671596583352e-10,8.208607569722945e-07,-4.989085549442218e-08,0.9999999999996618
81,220000000,81.22,terrain_world,differential_drive_robot,1.9999964258314777,15.199999970065482,-4.433823484413313e-07,-4.104671596583352e-10,8.208607569722945e-07,-4.989085549442218e-08,0.9999999999996618
81,240000000,81.24,terrain_world,differential_drive_robot,1.9999964258314777,15.199999970065482,-4.433823484413313e-07,-4.104671596583352e-10,8.208607569722945e-07,-4.989085549442218e-08,0.9999999999996618
81,260000000,81.26,terrain_world,differential_drive_robot,1.9999964258314777,15.199999970065482,-4.433823484413313e-07,-4.104671596583352e-10,8.208607569722945e-07,-4.989085549442218e-08,0.9999999999996618
81,280000000,81.28,terrain_world,differential_drive_robot,1.9999964258314777,15.199999970065482,-4.433823484413313e-07,-4.104671596583352e-10,8.208607569722945e-07,-4.989085549442218e-08,0.9999999999996618
81,300000000,81.3,terrain_world,differential_drive_robot,1.9999964258314777,15.199999970065482,-4.433823484413313e-07,-4.104671596583352e-10,8.208607569722945e-07,-4.989085549442218e-08,0.9999999999996618
81,320000000,81.32,terrain_world,differential_drive_robot,1.9999964258314777,15.199999970065482,-4.433823484413313e-07,-4.104671596583352e-10,8.208607569722945e-07,-4.989085549442218e-08,0.9999999999996618
81,340000000,81.34,terrain_world,differential_drive_robot,1.9999964258314777,15.199999970065482,-4.433823484413313e-07,-4.104671596583352e-10,8.208607569722945e-07,-4.989085549442218e-08,0.9999999999996618
81,360000000,81.36,terrain_world,differential_drive_robot,1.9999964258314777,15.199999970065482,-4.433823484413313e-07,-4.104671596583352e-10,8.208607569722945e-07,-4.989085549442218e-08,0.9999999999996618
81,380000000,81.38,terrain_world,differential_drive_robot,1.9999964258314777,15.199999970065482,-4.433823484413313e-07,-4.104671596583352e-10,8.208607569722945e-07,-4.989085549442218e-08,0.9999999999996618
81,400000000,81.4,terrain_world,differential_drive_robot,1.9999964258314777,15.199999970065482,-4.433823484413313e-07,-4.104671596583352e-10,8.208607569722945e-07,-4.989085549442218e-08,0.9999999999996618
81,420000000,81.42,terrain_world,differential_drive_robot,1.9999964258314777,15.199999970065482,-4.433823484413313e-07,-4.104671596583352e-10,8.208607569722945e-07,-4.989085549442218e-08,0.9999999999996618
81,440000000,81.44,terrain_world,differential_drive_robot,1.9999964258314777,15.199999970065482,-4.433823484413313e-07,-4.104671596583352e-10,8.208607569722945e-07,-4.989085549442218e-08,0.9999999999996618
81,460000000,81.46,terrain_world,differential_drive_robot,1.9999964258314777,15.199999970065482,-4.433823484413313e-07,-4.104671596583352e-10,8.208607569722945e-07,-4.989085549442218e-08,0.9999999999996618
81,480000000,81.48,terrain_world,differential_drive_robot,1.9999964258314777,15.199999970065482,-4.433823484413313e-07,-4.104671596583352e-10,8.208607569722945e-07,-4.989085549442218e-08,0.9999999999996618
81,500000000,81.5,terrain_world,differential_drive_robot,1.9999964258314777,15.199999970065482,-4.433823484413313e-07,-4.104671596583352e-10,8.208607569722945e-07,-4.989085549442218e-08,0.9999999999996618
81,520000000,81.52,terrain_world,differential_drive_robot,1.9999964258314777,15.199999970065482,-4.433823484413313e-07,-4.104671596583352e-10,8.208607569722945e-07,-4.989085549442218e-08,0.9999999999996618
81,540000000,81.54,terrain_world,differential_drive_robot,1.9999964258314777,15.199999970065482,-4.433823484413313e-07,-4.104671596583352e-10,8.208607569722945e-07,-4.989085549442218e-08,0.9999999999996618
81,560000000,81.56,terrain_world,differential_drive_robot,1.9999964258314777,15.199999970065482,-4.433823484413313e-07,-4.104671596583352e-10,8.208607569722945e-07,-4.989085549442218e-08,0.9999999999996618
81,580000000,81.58,terrain_world,differential_drive_robot,1.9999964258314777,15.199999970065482,-4.433823484413313e-07,-4.104671596583352e-10,8.208607569722945e-07,-4.989085549442218e-08,0.9999999999996618
81,600000000,81.6,terrain_world,differential_drive_robot,1.9999964258314777,15.199999970065482,-4.433823484413313e-07,-4.104671596583352e-10,8.208607569722945e-07,-4.989085549442218e-08,0.9999999999996618
81,620000000,81.62,terrain_world,differential_drive_robot,1.9999964258314777,15.199999970065482,-4.433823484413313e-07,-4.104671596583352e-10,8.208607569722945e-07,-4.989085549442218e-08,0.9999999999996618
81,640000000,81.64,terrain_world,differential_drive_robot,1.9999964258314777,15.199999970065482,-4.433823484413313e-07,-4.104671596583352e-10,8.208607569722945e-07,-4.989085549442218e-08,0.9999999999996618
81,660000000,81.66,terrain_world,differential_drive_robot,1.9999964258314777,15.199999970065482,-4.433823484413313e-07,-4.104671596583352e-10,8.208607569722945e-07,-4.989085549442218e-08,0.9999999999996618
81,680000000,81.68,terrain_world,differential_drive_robot,1.9999964258314777,15.199999970065482,-4.433823484413313e-07,-4.104671596583352e-10,8.208607569722945e-07,-4.989085549442218e-08,0.9999999999996618
81,700000000,81.7,terrain_world,differential_drive_robot,1.9999964258314777,15.199999970065482,-4.433823484413313e-07,-4.104671596583352e-10,8.208607569722945e-07,-4.989085549442218e-08,0.9999999999996618
81,720000000,81.72,terrain_world,differential_drive_robot,1.9999964258314777,15.199999970065482,-4.433823484413313e-07,-4.104671596583352e-10,8.208607569722945e-07,-4.989085549442218e-08,0.9999999999996618
81,740000000,81.74,terrain_world,differential_drive_robot,1.9999964258314777,15.199999970065482,-4.433823484413313e-07,-4.104671596583352e-10,8.208607569722945e-07,-4.989085549442218e-08,0.9999999999996618
81,760000000,81.76,terrain_world,differential_drive_robot,1.9999964258314777,15.199999970065482,-4.433823484413313e-07,-4.104671596583352e-10,8.208607569722945e-07,-4.989085549442218e-08,0.9999999999996618
81,780000000,81.78,terrain_world,differential_drive_robot,1.9999964258314777,15.199999970065482,-4.433823484413313e-07,-4.104671596583352e-10,8.208607569722945e-07,-4.989085549442218e-08,0.9999999999996618
81,800000000,81.8,terrain_world,differential_drive_robot,1.9999964258314777,15.199999970065482,-4.433823484413313e-07,-4.104671596583352e-10,8.208607569722945e-07,-4.989085549442218e-08,0.9999999999996618
81,820000000,81.82,terrain_world,differential_drive_robot,1.9999964258314777,15.199999970065482,-4.433823484413313e-07,-4.104671596583352e-10,8.208607569722945e-07,-4.989085549442218e-08,0.9999999999996618
81,840000000,81.84,terrain_world,differential_drive_robot,1.9999964258314777,15.199999970065482,-4.433823484413313e-07,-4.104671596583352e-10,8.208607569722945e-07,-4.989085549442218e-08,0.9999999999996618
81,860000000,81.86,terrain_world,differential_drive_robot,1.9999964258314777,15.199999970065482,-4.433823484413313e-07,-4.104671596583352e-10,8.208607569722945e-07,-4.989085549442218e-08,0.9999999999996618
81,880000000,81.88,terrain_world,differential_drive_robot,1.9999964258314777,15.199999970065482,-4.433823484413313e-07,-4.104671596583352e-10,8.208607569722945e-07,-4.989085549442218e-08,0.9999999999996618
81,900000000,81.9,terrain_world,differential_drive_robot,1.9999964258314777,15.199999970065482,-4.433823484413313e-07,-4.104671596583352e-10,8.208607569722945e-07,-4.989085549442218e-08,0.9999999999996618
81,920000000,81.92,terrain_world,differential_drive_robot,1.9999964258314777,15.199999970065482,-4.433823484413313e-07,-4.104671596583352e-10,8.208607569722945e-07,-4.989085549442218e-08,0.9999999999996618
81,940000000,81.94,terrain_world,differential_drive_robot,1.9999964258314777,15.199999970065482,-4.433823484413313e-07,-4.104671596583352e-10,8.208607569722945e-07,-4.989085549442218e-08,0.9999999999996618
81,960000000,81.96,terrain_world,differential_drive_robot,1.9999964258314777,15.199999970065482,-4.433823484413313e-07,-4.104671596583352e-10,8.208607569722945e-07,-4.989085549442218e-08,0.9999999999996618
81,980000000,81.98,terrain_world,differential_drive_robot,1.9999964258314777,15.199999970065482,-4.433823484413313e-07,-4.104671596583352e-10,8.208607569722945e-07,-4.989085549442218e-08,0.9999999999996618
82,0,82.0,terrain_world,differential_drive_robot,1.9999964258314777,15.199999970065482,-4.433823484413313e-07,-4.104671596583352e-10,8.208607569722945e-07,-4.989085549442218e-08,0.9999999999996618
82,20000000,82.02,terrain_world,differential_drive_robot,1.9999964258314777,15.199999970065482,-4.433823484413313e-07,-4.104671596583352e-10,8.208607569722945e-07,-4.989085549442218e-08,0.9999999999996618
82,40000000,82.04,terrain_world,differential_drive_robot,1.9999964258314777,15.199999970065482,-4.433823484413313e-07,-4.104671596583352e-10,8.208607569722945e-07,-4.989085549442218e-08,0.9999999999996618
82,60000000,82.06,terrain_world,differential_drive_robot,1.9999964258314777,15.199999970065482,-4.433823484413313e-07,-4.104671596583352e-10,8.208607569722945e-07,-4.989085549442218e-08,0.9999999999996618
82,80000000,82.08,terrain_world,differential_drive_robot,1.9999964258314777,15.199999970065482,-4.433823484413313e-07,-4.104671596583352e-10,8.208607569722945e-07,-4.989085549442218e-08,0.9999999999996618
82,100000000,82.1,terrain_world,differential_drive_robot,1.9999964258314777,15.199999970065482,-4.433823484413313e-07,-4.104671596583352e-10,8.208607569722945e-07,-4.989085549442218e-08,0.9999999999996618
82,120000000,82.12,terrain_world,differential_drive_robot,1.9999964258314777,15.199999970065482,-4.433823484413313e-07,-4.104671596583352e-10,8.208607569722945e-07,-4.989085549442218e-08,0.9999999999996618
82,140000000,82.14,terrain_world,differential_drive_robot,1.9999964258314777,15.199999970065482,-4.433823484413313e-07,-4.104671596583352e-10,8.208607569722945e-07,-4.989085549442218e-08,0.9999999999996618
82,160000000,82.16,terrain_world,differential_drive_robot,1.9999964258314777,15.199999970065482,-4.433823484413313e-07,-4.104671596583352e-10,8.208607569722945e-07,-4.989085549442218e-08,0.9999999999996618
82,180000000,82.18,terrain_world,differential_drive_robot,1.9999964258314777,15.199999970065482,-4.433823484413313e-07,-4.104671596583352e-10,8.208607569722945e-07,-4.989085549442218e-08,0.9999999999996618
82,200000000,82.2,terrain_world,differential_drive_robot,1.9999964258314777,15.199999970065482,-4.433823484413313e-07,-4.104671596583352e-10,8.208607569722945e-07,-4.989085549442218e-08,0.9999999999996618
82,220000000,82.22,terrain_world,differential_drive_robot,1.9999964258314777,15.199999970065482,-4.433823484413313e-07,-4.104671596583352e-10,8.208607569722945e-07,-4.989085549442218e-08,0.9999999999996618
82,240000000,82.24,terrain_world,differential_drive_robot,1.9999964258314777,15.199999970065482,-4.433823484413313e-07,-4.104671596583352e-10,8.208607569722945e-07,-4.989085549442218e-08,0.9999999999996618
82,260000000,82.26,terrain_world,differential_drive_robot,1.9999964258314777,15.199999970065482,-4.433823484413313e-07,-4.104671596583352e-10,8.208607569722945e-07,-4.989085549442218e-08,0.9999999999996618
82,280000000,82.28,terrain_world,differential_drive_robot,1.9999964258314777,15.199999970065482,-4.433823484413313e-07,-4.104671596583352e-10,8.208607569722945e-07,-4.989085549442218e-08,0.9999999999996618
82,300000000,82.3,terrain_world,differential_drive_robot,1.9999964258314777,15.199999970065482,-4.433823484413313e-07,-4.104671596583352e-10,8.208607569722945e-07,-4.989085549442218e-08,0.9999999999996618
82,320000000,82.32,terrain_world,differential_drive_robot,1.9999964258314777,15.199999970065482,-4.433823484413313e-07,-4.104671596583352e-10,8.208607569722945e-07,-4.989085549442218e-08,0.9999999999996618
82,340000000,82.34,terrain_world,differential_drive_robot,1.9999964258314777,15.199999970065482,-4.433823484413313e-07,-4.104671596583352e-10,8.208607569722945e-07,-4.989085549442218e-08,0.9999999999996618
82,360000000,82.36,terrain_world,differential_drive_robot,1.9999964258314777,15.199999970065482,-4.433823484413313e-07,-4.104671596583352e-10,8.208607569722945e-07,-4.989085549442218e-08,0.9999999999996618
82,380000000,82.38,terrain_world,differential_drive_robot,1.9999964258314777,15.199999970065482,-4.433823484413313e-07,-4.104671596583352e-10,8.208607569722945e-07,-4.989085549442218e-08,0.9999999999996618
82,400000000,82.4,terrain_world,differential_drive_robot,1.9999964258314777,15.199999970065482,-4.433823484413313e-07,-4.104671596583352e-10,8.208607569722945e-07,-4.989085549442218e-08,0.9999999999996618
82,420000000,82.42,terrain_world,differential_drive_robot,1.9999964258314777,15.199999970065482,-4.433823484413313e-07,-4.104671596583352e-10,8.208607569722945e-07,-4.989085549442218e-08,0.9999999999996618
82,440000000,82.44,terrain_world,differential_drive_robot,1.9999964258314777,15.199999970065482,-4.433823484413313e-07,-4.104671596583352e-10,8.208607569722945e-07,-4.989085549442218e-08,0.9999999999996618
82,460000000,82.46,terrain_world,differential_drive_robot,1.9999964258314777,15.199999970065482,-4.433823484413313e-07,-4.104671596583352e-10,8.208607569722945e-07,-4.989085549442218e-08,0.9999999999996618
82,480000000,82.48,terrain_world,differential_drive_robot,1.9999964258314777,15.199999970065482,-4.433823484413313e-07,-4.104671596583352e-10,8.208607569722945e-07,-4.989085549442218e-08,0.9999999999996618
82,500000000,82.5,terrain_world,differential_drive_robot,1.9999964258314777,15.199999970065482,-4.433823484413313e-07,-4.104671596583352e-10,8.208607569722945e-07,-4.989085549442218e-08,0.9999999999996618
82,520000000,82.52,terrain_world,differential_drive_robot,1.9999964258314777,15.199999970065482,-4.433823484413313e-07,-4.104671596583352e-10,8.208607569722945e-07,-4.989085549442218e-08,0.9999999999996618
82,540000000,82.54,terrain_world,differential_drive_robot,1.9999964258314777,15.199999970065482,-4.433823484413313e-07,-4.104671596583352e-10,8.208607569722945e-07,-4.989085549442218e-08,0.9999999999996618
82,560000000,82.56,terrain_world,differential_drive_robot,1.9999964258314777,15.199999970065482,-4.433823484413313e-07,-4.104671596583352e-10,8.208607569722945e-07,-4.989085549442218e-08,0.9999999999996618
82,580000000,82.58,terrain_world,differential_drive_robot,1.9999964258314777,15.199999970065482,-4.433823484413313e-07,-4.104671596583352e-10,8.208607569722945e-07,-4.989085549442218e-08,0.9999999999996618
82,600000000,82.6,terrain_world,differential_drive_robot,1.9999964258314777,15.199999970065482,-4.433823484413313e-07,-4.104671596583352e-10,8.208607569722945e-07,-4.989085549442218e-08,0.9999999999996618
82,620000000,82.62,terrain_world,differential_drive_robot,1.9999964258314777,15.199999970065482,-4.433823484413313e-07,-4.104671596583352e-10,8.208607569722945e-07,-4.989085549442218e-08,0.9999999999996618
82,640000000,82.64,terrain_world,differential_drive_robot,1.9999964258314777,15.199999970065482,-4.433823484413313e-07,-4.104671596583352e-10,8.208607569722945e-07,-4.989085549442218e-08,0.9999999999996618
82,660000000,82.66,terrain_world,differential_drive_robot,1.9999964258314777,15.199999970065482,-4.433823484413313e-07,-4.104671596583352e-10,8.208607569722945e-07,-4.989085549442218e-08,0.9999999999996618
82,680000000,82.68,terrain_world,differential_drive_robot,1.9999964258314777,15.199999970065482,-4.433823484413313e-07,-4.104671596583352e-10,8.208607569722945e-07,-4.989085549442218e-08,0.9999999999996618
82,700000000,82.7,terrain_world,differential_drive_robot,1.9999964258314777,15.199999970065482,-4.433823484413313e-07,-4.104671596583352e-10,8.208607569722945e-07,-4.989085549442218e-08,0.9999999999996618
82,720000000,82.72,terrain_world,differential_drive_robot,1.9999964258314777,15.199999970065482,-4.433823484413313e-07,-4.104671596583352e-10,8.208607569722945e-07,-4.989085549442218e-08,0.9999999999996618
82,740000000,82.74,terrain_world,differential_drive_robot,1.9999964258314777,15.199999970065482,-4.433823484413313e-07,-4.104671596583352e-10,8.208607569722945e-07,-4.989085549442218e-08,0.9999999999996618
82,760000000,82.76,terrain_world,differential_drive_robot,1.9999964258314777,15.199999970065482,-4.433823484413313e-07,-4.104671596583352e-10,8.208607569722945e-07,-4.989085549442218e-08,0.9999999999996618
82,780000000,82.78,terrain_world,differential_drive_robot,1.9999964258314777,15.199999970065482,-4.433823484413313e-07,-4.104671596583352e-10,8.208607569722945e-07,-4.989085549442218e-08,0.9999999999996618
82,800000000,82.8,terrain_world,differential_drive_robot,1.9999964258314777,15.199999970065482,-4.433823484413313e-07,-4.104671596583352e-10,8.208607569722945e-07,-4.989085549442218e-08,0.9999999999996618
82,820000000,82.82,terrain_world,differential_drive_robot,1.9999964258314777,15.199999970065482,-4.433823484413313e-07,-4.104671596583352e-10,8.208607569722945e-07,-4.989085549442218e-08,0.9999999999996618
82,840000000,82.84,terrain_world,differential_drive_robot,1.9999964258314777,15.199999970065482,-4.433823484413313e-07,-4.104671596583352e-10,8.208607569722945e-07,-4.989085549442218e-08,0.9999999999996618
82,860000000,82.86,terrain_world,differential_drive_robot,1.9999964258314777,15.199999970065482,-4.433823484413313e-07,-4.104671596583352e-10,8.208607569722945e-07,-4.989085549442218e-08,0.9999999999996618
82,880000000,82.88,terrain_world,differential_drive_robot,1.9999964258314777,15.199999970065482,-4.433823484413313e-07,-4.104671596583352e-10,8.208607569722945e-07,-4.989085549442218e-08,0.9999999999996618
82,900000000,82.9,terrain_world,differential_drive_robot,1.9999964258314777,15.199999970065482,-4.433823484413313e-07,-4.104671596583352e-10,8.208607569722945e-07,-4.989085549442218e-08,0.9999999999996618
82,920000000,82.92,terrain_world,differential_drive_robot,1.9999964258314777,15.199999970065482,-4.433823484413313e-07,-4.104671596583352e-10,8.208607569722945e-07,-4.989085549442218e-08,0.9999999999996618
82,940000000,82.94,terrain_world,differential_drive_robot,1.9999964258314777,15.199999970065482,-4.433823484413313e-07,-4.104671596583352e-10,8.208607569722945e-07,-4.989085549442218e-08,0.9999999999996618
82,960000000,82.96,terrain_world,differential_drive_robot,1.9999964258314777,15.199999970065482,-4.433823484413313e-07,-4.104671596583352e-10,8.208607569722945e-07,-4.989085549442218e-08,0.9999999999996618
82,980000000,82.98,terrain_world,differential_drive_robot,1.9999964258314777,15.199999970065482,-4.433823484413313e-07,-4.104671596583352e-10,8.208607569722945e-07,-4.989085549442218e-08,0.9999999999996618
83,0,83.0,terrain_world,differential_drive_robot,1.9999964258314777,15.199999970065482,-4.433823484413313e-07,-4.104671596583352e-10,8.208607569722945e-07,-4.989085549442218e-08,0.9999999999996618
83,20000000,83.02,terrain_world,differential_drive_robot,1.9999964258314777,15.199999970065482,-4.433823484413313e-07,-4.104671596583352e-10,8.208607569722945e-07,-4.989085549442218e-08,0.9999999999996618
83,40000000,83.04,terrain_world,differential_drive_robot,1.9999964258314777,15.199999970065482,-4.433823484413313e-07,-4.104671596583352e-10,8.208607569722945e-07,-4.989085549442218e-08,0.9999999999996618
83,60000000,83.06,terrain_world,differential_drive_robot,1.9999964258314777,15.199999970065482,-4.433823484413313e-07,-4.104671596583352e-10,8.208607569722945e-07,-4.989085549442218e-08,0.9999999999996618
83,80000000,83.08,terrain_world,differential_drive_robot,1.9999964258314777,15.199999970065482,-4.433823484413313e-07,-4.104671596583352e-10,8.208607569722945e-07,-4.989085549442218e-08,0.9999999999996618
83,100000000,83.1,terrain_world,differential_drive_robot,1.9999964258314777,15.199999970065482,-4.433823484413313e-07,-4.104671596583352e-10,8.208607569722945e-07,-4.989085549442218e-08,0.9999999999996618
83,120000000,83.12,terrain_world,differential_drive_robot,1.9999964258314777,15.199999970065482,-4.433823484413313e-07,-4.104671596583352e-10,8.208607569722945e-07,-4.989085549442218e-08,0.9999999999996618
83,140000000,83.14,terrain_world,differential_drive_robot,1.9999964258314777,15.199999970065482,-4.433823484413313e-07,-4.104671596583352e-10,8.208607569722945e-07,-4.989085549442218e-08,0.9999999999996618
83,160000000,83.16,terrain_world,differential_drive_robot,1.9999964258314777,15.199999970065482,-4.433823484413313e-07,-4.104671596583352e-10,8.208607569722945e-07,-4.989085549442218e-08,0.9999999999996618
83,180000000,83.18,terrain_world,differential_drive_robot,1.9999964258314777,15.199999970065482,-4.433823484413313e-07,-4.104671596583352e-10,8.208607569722945e-07,-4.989085549442218e-08,0.9999999999996618
83,200000000,83.2,terrain_world,differential_drive_robot,1.9999964258314777,15.199999970065482,-4.433823484413313e-07,-4.104671596583352e-10,8.208607569722945e-07,-4.989085549442218e-08,0.9999999999996618
83,220000000,83.22,terrain_world,differential_drive_robot,1.9999964258314777,15.199999970065482,-4.433823484413313e-07,-4.104671596583352e-10,8.208607569722945e-07,-4.989085549442218e-08,0.9999999999996618
83,240000000,83.24,terrain_world,differential_drive_robot,1.9999964258314777,15.199999970065482,-4.433823484413313e-07,-4.104671596583352e-10,8.208607569722945e-07,-4.989085549442218e-08,0.9999999999996618
83,260000000,83.26,terrain_world,differential_drive_robot,1.9999964258314777,15.199999970065482,-4.433823484413313e-07,-4.104671596583352e-10,8.208607569722945e-07,-4.989085549442218e-08,0.9999999999996618
83,280000000,83.28,terrain_world,differential_drive_robot,1.9999964258314777,15.199999970065482,-4.433823484413313e-07,-4.104671596583352e-10,8.208607569722945e-07,-4.989085549442218e-08,0.9999999999996618
83,300000000,83.3,terrain_world,differential_drive_robot,1.9999964258314777,15.199999970065482,-4.433823484413313e-07,-4.104671596583352e-10,8.208607569722945e-07,-4.989085549442218e-08,0.9999999999996618
83,320000000,83.32,terrain_world,differential_drive_robot,1.9999964258314777,15.199999970065482,-4.433823484413313e-07,-4.104671596583352e-10,8.208607569722945e-07,-4.989085549442218e-08,0.9999999999996618
83,340000000,83.34,terrain_world,differential_drive_robot,1.9999964258314777,15.199999970065482,-4.433823484413313e-07,-4.104671596583352e-10,8.208607569722945e-07,-4.989085549442218e-08,0.9999999999996618
83,360000000,83.36,terrain_world,differential_drive_robot,1.9999964258314777,15.199999970065482,-4.433823484413313e-07,-4.104671596583352e-10,8.208607569722945e-07,-4.989085549442218e-08,0.9999999999996618
83,380000000,83.38,terrain_world,differential_drive_robot,1.9999964258314777,15.199999970065482,-4.433823484413313e-07,-4.104671596583352e-10,8.208607569722945e-07,-4.989085549442218e-08,0.9999999999996618
83,400000000,83.4,terrain_world,differential_drive_robot,1.9999964258314777,15.199999970065482,-4.433823484413313e-07,-4.104671596583352e-10,8.208607569722945e-07,-4.989085549442218e-08,0.9999999999996618
83,420000000,83.42,terrain_world,differential_drive_robot,1.9999964258314777,15.199999970065482,-4.433823484413313e-07,-4.104671596583352e-10,8.208607569722945e-07,-4.989085549442218e-08,0.9999999999996618
83,440000000,83.44,terrain_world,differential_drive_robot,1.9999964258314777,15.199999970065482,-4.433823484413313e-07,-4.104671596583352e-10,8.208607569722945e-07,-4.989085549442218e-08,0.9999999999996618
83,460000000,83.46,terrain_world,differential_drive_robot,1.9999964258314777,15.199999970065482,-4.433823484413313e-07,-4.104671596583352e-10,8.208607569722945e-07,-4.989085549442218e-08,0.9999999999996618
83,480000000,83.48,terrain_world,differential_drive_robot,1.9999964258314777,15.199999970065482,-4.433823484413313e-07,-4.104671596583352e-10,8.208607569722945e-07,-4.989085549442218e-08,0.9999999999996618
83,500000000,83.5,terrain_world,differential_drive_robot,1.9999964258314777,15.199999970065482,-4.433823484413313e-07,-4.104671596583352e-10,8.208607569722945e-07,-4.989085549442218e-08,0.9999999999996618
83,520000000,83.52,terrain_world,differential_drive_robot,1.9999964258314777,15.199999970065482,-4.433823484413313e-07,-4.104671596583352e-10,8.208607569722945e-07,-4.989085549442218e-08,0.9999999999996618
83,540000000,83.54,terrain_world,differential_drive_robot,1.9999964258314777,15.199999970065482,-4.433823484413313e-07,-4.104671596583352e-10,8.208607569722945e-07,-4.989085549442218e-08,0.9999999999996618
83,560000000,83.56,terrain_world,differential_drive_robot,1.9999964258314777,15.199999970065482,-4.433823484413313e-07,-4.104671596583352e-10,8.208607569722945e-07,-4.989085549442218e-08,0.9999999999996618
83,580000000,83.58,terrain_world,differential_drive_robot,1.9999964258314777,15.199999970065482,-4.433823484413313e-07,-4.104671596583352e-10,8.208607569722945e-07,-4.989085549442218e-08,0.9999999999996618
83,600000000,83.6,terrain_world,differential_drive_robot,1.9999964258314777,15.199999970065482,-4.433823484413313e-07,-4.104671596583352e-10,8.208607569722945e-07,-4.989085549442218e-08,0.9999999999996618
83,620000000,83.62,terrain_world,differential_drive_robot,1.9999964258314777,15.199999970065482,-4.433823484413313e-07,-4.104671596583352e-10,8.208607569722945e-07,-4.989085549442218e-08,0.9999999999996618
83,640000000,83.64,terrain_world,differential_drive_robot,1.9999964258314777,15.199999970065482,-4.433823484413313e-07,-4.104671596583352e-10,8.208607569722945e-07,-4.989085549442218e-08,0.9999999999996618
83,660000000,83.66,terrain_world,differential_drive_robot,1.9999964258314777,15.199999970065482,-4.433823484413313e-07,-4.104671596583352e-10,8.208607569722945e-07,-4.989085549442218e-08,0.9999999999996618
83,680000000,83.68,terrain_world,differential_drive_robot,1.9999964258314777,15.199999970065482,-4.433823484413313e-07,-4.104671596583352e-10,8.208607569722945e-07,-4.989085549442218e-08,0.9999999999996618
83,700000000,83.7,terrain_world,differential_drive_robot,1.9999964258314777,15.199999970065482,-4.433823484413313e-07,-4.104671596583352e-10,8.208607569722945e-07,-4.989085549442218e-08,0.9999999999996618
83,720000000,83.72,terrain_world,differential_drive_robot,1.9999964258314777,15.199999970065482,-4.433823484413313e-07,-4.104671596583352e-10,8.208607569722945e-07,-4.989085549442218e-08,0.9999999999996618
83,740000000,83.74,terrain_world,differential_drive_robot,1.9999964258314777,15.199999970065482,-4.433823484413313e-07,-4.104671596583352e-10,8.208607569722945e-07,-4.989085549442218e-08,0.9999999999996618
83,760000000,83.76,terrain_world,differential_drive_robot,1.9999964258314777,15.199999970065482,-4.433823484413313e-07,-4.104671596583352e-10,8.208607569722945e-07,-4.989085549442218e-08,0.9999999999996618
83,780000000,83.78,terrain_world,differential_drive_robot,1.9999964258314777,15.199999970065482,-4.433823484413313e-07,-4.104671596583352e-10,8.208607569722945e-07,-4.989085549442218e-08,0.9999999999996618
83,800000000,83.8,terrain_world,differential_drive_robot,1.9999964258314777,15.199999970065482,-4.433823484413313e-07,-4.104671596583352e-10,8.208607569722945e-07,-4.989085549442218e-08,0.9999999999996618
83,820000000,83.82,terrain_world,differential_drive_robot,1.9999964258314777,15.199999970065482,-4.433823484413313e-07,-4.104671596583352e-10,8.208607569722945e-07,-4.989085549442218e-08,0.9999999999996618
83,840000000,83.84,terrain_world,differential_drive_robot,1.9999964258314777,15.199999970065482,-4.433823484413313e-07,-4.104671596583352e-10,8.208607569722945e-07,-4.989085549442218e-08,0.9999999999996618
83,860000000,83.86,terrain_world,differential_drive_robot,1.9999964258314777,15.199999970065482,-4.433823484413313e-07,-4.104671596583352e-10,8.208607569722945e-07,-4.989085549442218e-08,0.9999999999996618
83,880000000,83.88,terrain_world,differential_drive_robot,1.9999964258314777,15.199999970065482,-4.433823484413313e-07,-4.104671596583352e-10,8.208607569722945e-07,-4.989085549442218e-08,0.9999999999996618
83,900000000,83.9,terrain_world,differential_drive_robot,1.9999964258314777,15.199999970065482,-4.433823484413313e-07,-4.104671596583352e-10,8.208607569722945e-07,-4.989085549442218e-08,0.9999999999996618
83,920000000,83.92,terrain_world,differential_drive_robot,1.9999964258314777,15.199999970065482,-4.433823484413313e-07,-4.104671596583352e-10,8.208607569722945e-07,-4.989085549442218e-08,0.9999999999996618
83,940000000,83.94,terrain_world,differential_drive_robot,1.9999964258314777,15.199999970065482,-4.433823484413313e-07,-4.104671596583352e-10,8.208607569722945e-07,-4.989085549442218e-08,0.9999999999996618
83,960000000,83.96,terrain_world,differential_drive_robot,1.9999964258314777,15.199999970065482,-4.433823484413313e-07,-4.104671596583352e-10,8.208607569722945e-07,-4.989085549442218e-08,0.9999999999996618
83,980000000,83.98,terrain_world,differential_drive_robot,1.9999964258314777,15.199999970065482,-4.433823484413313e-07,-4.104671596583352e-10,8.208607569722945e-07,-4.989085549442218e-08,0.9999999999996618
84,0,84.0,terrain_world,differential_drive_robot,1.9999964258314777,15.199999970065482,-4.433823484413313e-07,-4.104671596583352e-10,8.208607569722945e-07,-4.989085549442218e-08,0.9999999999996618
84,20000000,84.02,terrain_world,differential_drive_robot,1.9999964258314777,15.199999970065482,-4.433823484413313e-07,-4.104671596583352e-10,8.208607569722945e-07,-4.989085549442218e-08,0.9999999999996618
84,40000000,84.04,terrain_world,differential_drive_robot,1.9999964258314777,15.199999970065482,-4.433823484413313e-07,-4.104671596583352e-10,8.208607569722945e-07,-4.989085549442218e-08,0.9999999999996618
84,60000000,84.06,terrain_world,differential_drive_robot,1.9999964258314777,15.199999970065482,-4.433823484413313e-07,-4.104671596583352e-10,8.208607569722945e-07,-4.989085549442218e-08,0.9999999999996618
84,80000000,84.08,terrain_world,differential_drive_robot,1.9999964258314777,15.199999970065482,-4.433823484413313e-07,-4.104671596583352e-10,8.208607569722945e-07,-4.989085549442218e-08,0.9999999999996618
84,100000000,84.1,terrain_world,differential_drive_robot,1.9999964258314777,15.199999970065482,-4.433823484413313e-07,-4.104671596583352e-10,8.208607569722945e-07,-4.989085549442218e-08,0.9999999999996618
84,120000000,84.12,terrain_world,differential_drive_robot,1.9999964258314777,15.199999970065482,-4.433823484413313e-07,-4.104671596583352e-10,8.208607569722945e-07,-4.989085549442218e-08,0.9999999999996618
84,140000000,84.14,terrain_world,differential_drive_robot,1.9999964258314777,15.199999970065482,-4.433823484413313e-07,-4.104671596583352e-10,8.208607569722945e-07,-4.989085549442218e-08,0.9999999999996618
84,160000000,84.16,terrain_world,differential_drive_robot,1.9999964258314777,15.199999970065482,-4.433823484413313e-07,-4.104671596583352e-10,8.208607569722945e-07,-4.989085549442218e-08,0.9999999999996618
84,180000000,84.18,terrain_world,differential_drive_robot,1.9999964258314777,15.199999970065482,-4.433823484413313e-07,-4.104671596583352e-10,8.208607569722945e-07,-4.989085549442218e-08,0.9999999999996618
84,200000000,84.2,terrain_world,differential_drive_robot,1.9999964258314777,15.199999970065482,-4.433823484413313e-07,-4.104671596583352e-10,8.208607569722945e-07,-4.989085549442218e-08,0.9999999999996618
84,220000000,84.22,terrain_world,differential_drive_robot,1.9999964258314777,15.199999970065482,-4.433823484413313e-07,-4.104671596583352e-10,8.208607569722945e-07,-4.989085549442218e-08,0.9999999999996618
84,240000000,84.24,terrain_world,differential_drive_robot,1.9999964258314777,15.199999970065482,-4.433823484413313e-07,-4.104671596583352e-10,8.208607569722945e-07,-4.989085549442218e-08,0.9999999999996618
84,260000000,84.26,terrain_world,differential_drive_robot,1.9999964258314777,15.199999970065482,-4.433823484413313e-07,-4.104671596583352e-10,8.208607569722945e-07,-4.989085549442218e-08,0.9999999999996618
84,280000000,84.28,terrain_world,differential_drive_robot,1.9999964258314777,15.199999970065482,-4.433823484413313e-07,-4.104671596583352e-10,8.208607569722945e-07,-4.989085549442218e-08,0.9999999999996618
84,300000000,84.3,terrain_world,differential_drive_robot,1.9999964258314777,15.199999970065482,-4.433823484413313e-07,-4.104671596583352e-10,8.208607569722945e-07,-4.989085549442218e-08,0.9999999999996618
84,320000000,84.32,terrain_world,differential_drive_robot,1.9999964258314777,15.199999970065482,-4.433823484413313e-07,-4.104671596583352e-10,8.208607569722945e-07,-4.989085549442218e-08,0.9999999999996618
84,340000000,84.34,terrain_world,differential_drive_robot,1.9999964258314777,15.199999970065482,-4.433823484413313e-07,-4.104671596583352e-10,8.208607569722945e-07,-4.989085549442218e-08,0.9999999999996618
84,360000000,84.36,terrain_world,differential_drive_robot,1.9999964258314777,15.199999970065482,-4.433823484413313e-07,-4.104671596583352e-10,8.208607569722945e-07,-4.989085549442218e-08,0.9999999999996618
84,380000000,84.38,terrain_world,differential_drive_robot,1.9999964258314777,15.199999970065482,-4.433823484413313e-07,-4.104671596583352e-10,8.208607569722945e-07,-4.989085549442218e-08,0.9999999999996618
84,400000000,84.4,terrain_world,differential_drive_robot,1.9999964258314777,15.199999970065482,-4.433823484413313e-07,-4.104671596583352e-10,8.208607569722945e-07,-4.989085549442218e-08,0.9999999999996618
84,420000000,84.42,terrain_world,differential_drive_robot,1.9999964258314777,15.199999970065482,-4.433823484413313e-07,-4.104671596583352e-10,8.208607569722945e-07,-4.989085549442218e-08,0.9999999999996618
84,440000000,84.44,terrain_world,differential_drive_robot,1.9999964258314777,15.199999970065482,-4.433823484413313e-07,-4.104671596583352e-10,8.208607569722945e-07,-4.989085549442218e-08,0.9999999999996618
84,460000000,84.46,terrain_world,differential_drive_robot,1.9999964258314777,15.199999970065482,-4.433823484413313e-07,-4.104671596583352e-10,8.208607569722945e-07,-4.989085549442218e-08,0.9999999999996618
84,480000000,84.48,terrain_world,differential_drive_robot,1.9999964258314777,15.199999970065482,-4.433823484413313e-07,-4.104671596583352e-10,8.208607569722945e-07,-4.989085549442218e-08,0.9999999999996618
84,500000000,84.5,terrain_world,differential_drive_robot,1.9999964258314777,15.199999970065482,-4.433823484413313e-07,-4.104671596583352e-10,8.208607569722945e-07,-4.989085549442218e-08,0.9999999999996618
84,520000000,84.52,terrain_world,differential_drive_robot,1.9999964258314777,15.199999970065482,-4.433823484413313e-07,-4.104671596583352e-10,8.208607569722945e-07,-4.989085549442218e-08,0.9999999999996618
84,540000000,84.54,terrain_world,differential_drive_robot,1.9999964258314777,15.199999970065482,-4.433823484413313e-07,-4.104671596583352e-10,8.208607569722945e-07,-4.989085549442218e-08,0.9999999999996618
84,560000000,84.56,terrain_world,differential_drive_robot,1.9999964258314777,15.199999970065482,-4.433823484413313e-07,-4.104671596583352e-10,8.208607569722945e-07,-4.989085549442218e-08,0.9999999999996618
84,580000000,84.58,terrain_world,differential_drive_robot,1.9999964258314777,15.199999970065482,-4.433823484413313e-07,-4.104671596583352e-10,8.208607569722945e-07,-4.989085549442218e-08,0.9999999999996618
84,600000000,84.6,terrain_world,differential_drive_robot,1.9999964258314777,15.199999970065482,-4.433823484413313e-07,-4.104671596583352e-10,8.208607569722945e-07,-4.989085549442218e-08,0.9999999999996618
84,620000000,84.62,terrain_world,differential_drive_robot,1.9999964258314777,15.199999970065482,-4.433823484413313e-07,-4.104671596583352e-10,8.208607569722945e-07,-4.989085549442218e-08,0.9999999999996618
84,640000000,84.64,terrain_world,differential_drive_robot,1.9999964258314777,15.199999970065482,-4.433823484413313e-07,-4.104671596583352e-10,8.208607569722945e-07,-4.989085549442218e-08,0.9999999999996618
84,660000000,84.66,terrain_world,differential_drive_robot,1.9999964258314777,15.199999970065482,-4.433823484413313e-07,-4.104671596583352e-10,8.208607569722945e-07,-4.989085549442218e-08,0.9999999999996618
84,680000000,84.68,terrain_world,differential_drive_robot,1.9999964258314777,15.199999970065482,-4.433823484413313e-07,-4.104671596583352e-10,8.208607569722945e-07,-4.989085549442218e-08,0.9999999999996618
84,700000000,84.7,terrain_world,differential_drive_robot,1.9999964258314777,15.199999970065482,-4.433823484413313e-07,-4.104671596583352e-10,8.208607569722945e-07,-4.989085549442218e-08,0.9999999999996618
84,720000000,84.72,terrain_world,differential_drive_robot,1.9999964258314777,15.199999970065482,-4.433823484413313e-07,-4.104671596583352e-10,8.208607569722945e-07,-4.989085549442218e-08,0.9999999999996618
84,740000000,84.74,terrain_world,differential_drive_robot,1.9999964258314777,15.199999970065482,-4.433823484413313e-07,-4.104671596583352e-10,8.208607569722945e-07,-4.989085549442218e-08,0.9999999999996618
84,760000000,84.76,terrain_world,differential_drive_robot,1.9999964258314777,15.199999970065482,-4.433823484413313e-07,-4.104671596583352e-10,8.208607569722945e-07,-4.989085549442218e-08,0.9999999999996618
84,780000000,84.78,terrain_world,differential_drive_robot,1.9999964258314777,15.199999970065482,-4.433823484413313e-07,-4.104671596583352e-10,8.208607569722945e-07,-4.989085549442218e-08,0.9999999999996618
84,800000000,84.8,terrain_world,differential_drive_robot,1.9999964258314777,15.199999970065482,-4.433823484413313e-07,-4.104671596583352e-10,8.208607569722945e-07,-4.989085549442218e-08,0.9999999999996618
84,820000000,84.82,terrain_world,differential_drive_robot,1.9999964258314777,15.199999970065482,-4.433823484413313e-07,-4.104671596583352e-10,8.208607569722945e-07,-4.989085549442218e-08,0.9999999999996618
84,840000000,84.84,terrain_world,differential_drive_robot,1.9999964258314777,15.199999970065482,-4.433823484413313e-07,-4.104671596583352e-10,8.208607569722945e-07,-4.989085549442218e-08,0.9999999999996618
84,860000000,84.86,terrain_world,differential_drive_robot,1.9999964258314777,15.199999970065482,-4.433823484413313e-07,-4.104671596583352e-10,8.208607569722945e-07,-4.989085549442218e-08,0.9999999999996618
84,880000000,84.88,terrain_world,differential_drive_robot,1.9999964258314777,15.199999970065482,-4.433823484413313e-07,-4.104671596583352e-10,8.208607569722945e-07,-4.989085549442218e-08,0.9999999999996618
84,900000000,84.9,terrain_world,differential_drive_robot,1.9999964258314777,15.199999970065482,-4.433823484413313e-07,-4.104671596583352e-10,8.208607569722945e-07,-4.989085549442218e-08,0.9999999999996618
84,920000000,84.92,terrain_world,differential_drive_robot,1.9999964258314777,15.199999970065482,-4.433823484413313e-07,-4.104671596583352e-10,8.208607569722945e-07,-4.989085549442218e-08,0.9999999999996618
84,940000000,84.94,terrain_world,differential_drive_robot,1.9999964258314777,15.199999970065482,-4.433823484413313e-07,-4.104671596583352e-10,8.208607569722945e-07,-4.989085549442218e-08,0.9999999999996618
84,960000000,84.96,terrain_world,differential_drive_robot,1.9999964258314777,15.199999970065482,-4.433823484413313e-07,-4.104671596583352e-10,8.208607569722945e-07,-4.989085549442218e-08,0.9999999999996618
84,980000000,84.98,terrain_world,differential_drive_robot,1.9999964258314777,15.199999970065482,-4.433823484413313e-07,-4.104671596583352e-10,8.208607569722945e-07,-4.989085549442218e-08,0.9999999999996618
85,0,85.0,terrain_world,differential_drive_robot,1.9999964258314777,15.199999970065482,-4.433823484413313e-07,-4.104671596583352e-10,8.208607569722945e-07,-4.989085549442218e-08,0.9999999999996618
85,20000000,85.02,terrain_world,differential_drive_robot,1.9999964258314777,15.199999970065482,-4.433823484413313e-07,-4.104671596583352e-10,8.208607569722945e-07,-4.989085549442218e-08,0.9999999999996618
85,40000000,85.04,terrain_world,differential_drive_robot,1.9999964258314777,15.199999970065482,-4.433823484413313e-07,-4.104671596583352e-10,8.208607569722945e-07,-4.989085549442218e-08,0.9999999999996618
85,60000000,85.06,terrain_world,differential_drive_robot,1.9999964258314777,15.199999970065482,-4.433823484413313e-07,-4.104671596583352e-10,8.208607569722945e-07,-4.989085549442218e-08,0.9999999999996618
85,80000000,85.08,terrain_world,differential_drive_robot,1.9999964258314777,15.199999970065482,-4.433823484413313e-07,-4.104671596583352e-10,8.208607569722945e-07,-4.989085549442218e-08,0.9999999999996618
85,100000000,85.1,terrain_world,differential_drive_robot,1.9999964258314777,15.199999970065482,-4.433823484413313e-07,-4.104671596583352e-10,8.208607569722945e-07,-4.989085549442218e-08,0.9999999999996618
85,120000000,85.12,terrain_world,differential_drive_robot,1.9999964258314777,15.199999970065482,-4.433823484413313e-07,-4.104671596583352e-10,8.208607569722945e-07,-4.989085549442218e-08,0.9999999999996618
85,140000000,85.14,terrain_world,differential_drive_robot,1.9999964258314777,15.199999970065482,-4.433823484413313e-07,-4.104671596583352e-10,8.208607569722945e-07,-4.989085549442218e-08,0.9999999999996618
85,160000000,85.16,terrain_world,differential_drive_robot,1.9999964258314777,15.199999970065482,-4.433823484413313e-07,-4.104671596583352e-10,8.208607569722945e-07,-4.989085549442218e-08,0.9999999999996618
85,180000000,85.18,terrain_world,differential_drive_robot,1.9999964258314777,15.199999970065482,-4.433823484413313e-07,-4.104671596583352e-10,8.208607569722945e-07,-4.989085549442218e-08,0.9999999999996618
85,200000000,85.2,terrain_world,differential_drive_robot,1.9999964258314777,15.199999970065482,-4.433823484413313e-07,-4.104671596583352e-10,8.208607569722945e-07,-4.989085549442218e-08,0.9999999999996618
85,220000000,85.22,terrain_world,differential_drive_robot,1.9999964258314777,15.199999970065482,-4.433823484413313e-07,-4.104671596583352e-10,8.208607569722945e-07,-4.989085549442218e-08,0.9999999999996618
85,240000000,85.24,terrain_world,differential_drive_robot,1.9999964258314777,15.199999970065482,-4.433823484413313e-07,-4.104671596583352e-10,8.208607569722945e-07,-4.989085549442218e-08,0.9999999999996618
85,260000000,85.26,terrain_world,differential_drive_robot,1.9999964258314777,15.199999970065482,-4.433823484413313e-07,-4.104671596583352e-10,8.208607569722945e-07,-4.989085549442218e-08,0.9999999999996618
85,280000000,85.28,terrain_world,differential_drive_robot,1.9999964258314777,15.199999970065482,-4.433823484413313e-07,-4.104671596583352e-10,8.208607569722945e-07,-4.989085549442218e-08,0.9999999999996618
85,300000000,85.3,terrain_world,differential_drive_robot,1.9999964258314777,15.199999970065482,-4.433823484413313e-07,-4.104671596583352e-10,8.208607569722945e-07,-4.989085549442218e-08,0.9999999999996618
85,320000000,85.32,terrain_world,differential_drive_robot,1.9999964258314777,15.199999970065482,-4.433823484413313e-07,-4.104671596583352e-10,8.208607569722945e-07,-4.989085549442218e-08,0.9999999999996618
85,340000000,85.34,terrain_world,differential_drive_robot,1.9999964258314777,15.199999970065482,-4.433823484413313e-07,-4.104671596583352e-10,8.208607569722945e-07,-4.989085549442218e-08,0.9999999999996618
85,360000000,85.36,terrain_world,differential_drive_robot,1.9999964258314777,15.199999970065482,-4.433823484413313e-07,-4.104671596583352e-10,8.208607569722945e-07,-4.989085549442218e-08,0.9999999999996618
85,380000000,85.38,terrain_world,differential_drive_robot,1.9999964258314777,15.199999970065482,-4.433823484413313e-07,-4.104671596583352e-10,8.208607569722945e-07,-4.989085549442218e-08,0.9999999999996618
85,400000000,85.4,terrain_world,differential_drive_robot,1.9999964258314777,15.199999970065482,-4.433823484413313e-07,-4.104671596583352e-10,8.208607569722945e-07,-4.989085549442218e-08,0.9999999999996618
85,420000000,85.42,terrain_world,differential_drive_robot,1.9999964258314777,15.199999970065482,-4.433823484413313e-07,-4.104671596583352e-10,8.208607569722945e-07,-4.989085549442218e-08,0.9999999999996618
85,440000000,85.44,terrain_world,differential_drive_robot,1.9999964258314777,15.199999970065482,-4.433823484413313e-07,-4.104671596583352e-10,8.208607569722945e-07,-4.989085549442218e-08,0.9999999999996618
85,460000000,85.46,terrain_world,differential_drive_robot,1.9999964258314777,15.199999970065482,-4.433823484413313e-07,-4.104671596583352e-10,8.208607569722945e-07,-4.989085549442218e-08,0.9999999999996618
85,480000000,85.48,terrain_world,differential_drive_robot,1.9999964258314777,15.199999970065482,-4.433823484413313e-07,-4.104671596583352e-10,8.208607569722945e-07,-4.989085549442218e-08,0.9999999999996618
85,500000000,85.5,terrain_world,differential_drive_robot,1.9999964258314777,15.199999970065482,-4.433823484413313e-07,-4.104671596583352e-10,8.208607569722945e-07,-4.989085549442218e-08,0.9999999999996618
85,520000000,85.52,terrain_world,differential_drive_robot,1.9999964258314777,15.199999970065482,-4.433823484413313e-07,-4.104671596583352e-10,8.208607569722945e-07,-4.989085549442218e-08,0.9999999999996618
85,540000000,85.54,terrain_world,differential_drive_robot,1.9999964258314777,15.199999970065482,-4.433823484413313e-07,-4.104671596583352e-10,8.208607569722945e-07,-4.989085549442218e-08,0.9999999999996618
85,560000000,85.56,terrain_world,differential_drive_robot,1.9999964258314777,15.199999970065482,-4.433823484413313e-07,-4.104671596583352e-10,8.208607569722945e-07,-4.989085549442218e-08,0.9999999999996618
85,580000000,85.58,terrain_world,differential_drive_robot,1.9999964258314777,15.199999970065482,-4.433823484413313e-07,-4.104671596583352e-10,8.208607569722945e-07,-4.989085549442218e-08,0.9999999999996618
85,600000000,85.6,terrain_world,differential_drive_robot,1.9999964258314777,15.199999970065482,-4.433823484413313e-07,-4.104671596583352e-10,8.208607569722945e-07,-4.989085549442218e-08,0.9999999999996618
85,620000000,85.62,terrain_world,differential_drive_robot,1.9999964258314777,15.199999970065482,-4.433823484413313e-07,-4.104671596583352e-10,8.208607569722945e-07,-4.989085549442218e-08,0.9999999999996618
85,640000000,85.64,terrain_world,differential_drive_robot,1.9999964258314777,15.199999970065482,-4.433823484413313e-07,-4.104671596583352e-10,8.208607569722945e-07,-4.989085549442218e-08,0.9999999999996618
85,660000000,85.66,terrain_world,differential_drive_robot,1.9999964258314777,15.199999970065482,-4.433823484413313e-07,-4.104671596583352e-10,8.208607569722945e-07,-4.989085549442218e-08,0.9999999999996618
85,680000000,85.68,terrain_world,differential_drive_robot,1.9999964258314777,15.199999970065482,-4.433823484413313e-07,-4.104671596583352e-10,8.208607569722945e-07,-4.989085549442218e-08,0.9999999999996618
85,700000000,85.7,terrain_world,differential_drive_robot,1.9999964258314777,15.199999970065482,-4.433823484413313e-07,-4.104671596583352e-10,8.208607569722945e-07,-4.989085549442218e-08,0.9999999999996618
85,720000000,85.72,terrain_world,differential_drive_robot,1.9999964258314777,15.199999970065482,-4.433823484413313e-07,-4.104671596583352e-10,8.208607569722945e-07,-4.989085549442218e-08,0.9999999999996618
85,740000000,85.74,terrain_world,differential_drive_robot,1.9999964258314777,15.199999970065482,-4.433823484413313e-07,-4.104671596583352e-10,8.208607569722945e-07,-4.989085549442218e-08,0.9999999999996618
85,760000000,85.76,terrain_world,differential_drive_robot,1.9999964258314777,15.199999970065482,-4.433823484413313e-07,-4.104671596583352e-10,8.208607569722945e-07,-4.989085549442218e-08,0.9999999999996618
85,780000000,85.78,terrain_world,differential_drive_robot,1.9999964258314777,15.199999970065482,-4.433823484413313e-07,-4.104671596583352e-10,8.208607569722945e-07,-4.989085549442218e-08,0.9999999999996618
85,800000000,85.8,terrain_world,differential_drive_robot,1.9999964258314777,15.199999970065482,-4.433823484413313e-07,-4.104671596583352e-10,8.208607569722945e-07,-4.989085549442218e-08,0.9999999999996618
85,820000000,85.82,terrain_world,differential_drive_robot,1.9999964258314777,15.199999970065482,-4.433823484413313e-07,-4.104671596583352e-10,8.208607569722945e-07,-4.989085549442218e-08,0.9999999999996618
85,840000000,85.84,terrain_world,differential_drive_robot,1.9999964258314777,15.199999970065482,-4.433823484413313e-07,-4.104671596583352e-10,8.208607569722945e-07,-4.989085549442218e-08,0.9999999999996618
85,860000000,85.86,terrain_world,differential_drive_robot,1.9999964258314777,15.199999970065482,-4.433823484413313e-07,-4.104671596583352e-10,8.208607569722945e-07,-4.989085549442218e-08,0.9999999999996618
85,880000000,85.88,terrain_world,differential_drive_robot,1.9999964258314777,15.199999970065482,-4.433823484413313e-07,-4.104671596583352e-10,8.208607569722945e-07,-4.989085549442218e-08,0.9999999999996618
85,900000000,85.9,terrain_world,differential_drive_robot,1.9999964258314777,15.199999970065482,-4.433823484413313e-07,-4.104671596583352e-10,8.208607569722945e-07,-4.989085549442218e-08,0.9999999999996618
85,920000000,85.92,terrain_world,differential_drive_robot,1.9999964258314777,15.199999970065482,-4.433823484413313e-07,-4.104671596583352e-10,8.208607569722945e-07,-4.989085549442218e-08,0.9999999999996618
85,940000000,85.94,terrain_world,differential_drive_robot,1.9999964258314777,15.199999970065482,-4.433823484413313e-07,-4.104671596583352e-10,8.208607569722945e-07,-4.989085549442218e-08,0.9999999999996618
85,960000000,85.96,terrain_world,differential_drive_robot,1.9999964258314777,15.199999970065482,-4.433823484413313e-07,-4.104671596583352e-10,8.208607569722945e-07,-4.989085549442218e-08,0.9999999999996618
85,980000000,85.98,terrain_world,differential_drive_robot,1.9999964258314777,15.199999970065482,-4.433823484413313e-07,-4.104671596583352e-10,8.208607569722945e-07,-4.989085549442218e-08,0.9999999999996618
86,0,86.0,terrain_world,differential_drive_robot,1.9999964258314777,15.199999970065482,-4.433823484413313e-07,-4.104671596583352e-10,8.208607569722945e-07,-4.989085549442218e-08,0.9999999999996618
86,20000000,86.02,terrain_world,differential_drive_robot,1.9999964258314777,15.199999970065482,-4.433823484413313e-07,-4.104671596583352e-10,8.208607569722945e-07,-4.989085549442218e-08,0.9999999999996618
86,40000000,86.04,terrain_world,differential_drive_robot,1.9999964258314777,15.199999970065482,-4.433823484413313e-07,-4.104671596583352e-10,8.208607569722945e-07,-4.989085549442218e-08,0.9999999999996618
86,60000000,86.06,terrain_world,differential_drive_robot,1.9999964258314777,15.199999970065482,-4.433823484413313e-07,-4.104671596583352e-10,8.208607569722945e-07,-4.989085549442218e-08,0.9999999999996618
86,80000000,86.08,terrain_world,differential_drive_robot,1.9999964258314777,15.199999970065482,-4.433823484413313e-07,-4.104671596583352e-10,8.208607569722945e-07,-4.989085549442218e-08,0.9999999999996618
86,100000000,86.1,terrain_world,differential_drive_robot,1.9999964258314777,15.199999970065482,-4.433823484413313e-07,-4.104671596583352e-10,8.208607569722945e-07,-4.989085549442218e-08,0.9999999999996618
86,120000000,86.12,terrain_world,differential_drive_robot,1.9999964258314777,15.199999970065482,-4.433823484413313e-07,-4.104671596583352e-10,8.208607569722945e-07,-4.989085549442218e-08,0.9999999999996618
86,140000000,86.14,terrain_world,differential_drive_robot,1.9999964258314777,15.199999970065482,-4.433823484413313e-07,-4.104671596583352e-10,8.208607569722945e-07,-4.989085549442218e-08,0.9999999999996618
86,160000000,86.16,terrain_world,differential_drive_robot,1.9999964258314777,15.199999970065482,-4.433823484413313e-07,-4.104671596583352e-10,8.208607569722945e-07,-4.989085549442218e-08,0.9999999999996618
86,180000000,86.18,terrain_world,differential_drive_robot,1.9999964258314777,15.199999970065482,-4.433823484413313e-07,-4.104671596583352e-10,8.208607569722945e-07,-4.989085549442218e-08,0.9999999999996618
86,200000000,86.2,terrain_world,differential_drive_robot,1.9999964258314777,15.199999970065482,-4.433823484413313e-07,-4.104671596583352e-10,8.208607569722945e-07,-4.989085549442218e-08,0.9999999999996618
86,220000000,86.22,terrain_world,differential_drive_robot,1.9999964258314777,15.199999970065482,-4.433823484413313e-07,-4.104671596583352e-10,8.208607569722945e-07,-4.989085549442218e-08,0.9999999999996618
86,240000000,86.24,terrain_world,differential_drive_robot,1.9999964258314777,15.199999970065482,-4.433823484413313e-07,-4.104671596583352e-10,8.208607569722945e-07,-4.989085549442218e-08,0.9999999999996618
86,260000000,86.26,terrain_world,differential_drive_robot,1.9999964258314777,15.199999970065482,-4.433823484413313e-07,-4.104671596583352e-10,8.208607569722945e-07,-4.989085549442218e-08,0.9999999999996618
86,280000000,86.28,terrain_world,differential_drive_robot,1.9999964258314777,15.199999970065482,-4.433823484413313e-07,-4.104671596583352e-10,8.208607569722945e-07,-4.989085549442218e-08,0.9999999999996618
86,300000000,86.3,terrain_world,differential_drive_robot,1.9999964258314777,15.199999970065482,-4.433823484413313e-07,-4.104671596583352e-10,8.208607569722945e-07,-4.989085549442218e-08,0.9999999999996618
86,320000000,86.32,terrain_world,differential_drive_robot,1.9999964258314777,15.199999970065482,-4.433823484413313e-07,-4.104671596583352e-10,8.208607569722945e-07,-4.989085549442218e-08,0.9999999999996618
86,340000000,86.34,terrain_world,differential_drive_robot,1.9999964258314777,15.199999970065482,-4.433823484413313e-07,-4.104671596583352e-10,8.208607569722945e-07,-4.989085549442218e-08,0.9999999999996618
86,360000000,86.36,terrain_world,differential_drive_robot,1.9999964258314777,15.199999970065482,-4.433823484413313e-07,-4.104671596583352e-10,8.208607569722945e-07,-4.989085549442218e-08,0.9999999999996618
86,380000000,86.38,terrain_world,differential_drive_robot,1.9999964258314777,15.199999970065482,-4.433823484413313e-07,-4.104671596583352e-10,8.208607569722945e-07,-4.989085549442218e-08,0.9999999999996618
86,400000000,86.4,terrain_world,differential_drive_robot,1.9999964258314777,15.199999970065482,-4.433823484413313e-07,-4.104671596583352e-10,8.208607569722945e-07,-4.989085549442218e-08,0.9999999999996618
86,420000000,86.42,terrain_world,differential_drive_robot,1.9999964258314777,15.199999970065482,-4.433823484413313e-07,-4.104671596583352e-10,8.208607569722945e-07,-4.989085549442218e-08,0.9999999999996618
86,440000000,86.44,terrain_world,differential_drive_robot,1.9999964258314777,15.199999970065482,-4.433823484413313e-07,-4.104671596583352e-10,8.208607569722945e-07,-4.989085549442218e-08,0.9999999999996618
86,460000000,86.46,terrain_world,differential_drive_robot,1.9999964258314777,15.199999970065482,-4.433823484413313e-07,-4.104671596583352e-10,8.208607569722945e-07,-4.989085549442218e-08,0.9999999999996618
86,480000000,86.48,terrain_world,differential_drive_robot,1.9999964258314777,15.199999970065482,-4.433823484413313e-07,-4.104671596583352e-10,8.208607569722945e-07,-4.989085549442218e-08,0.9999999999996618
86,500000000,86.5,terrain_world,differential_drive_robot,1.9999964258314777,15.199999970065482,-4.433823484413313e-07,-4.104671596583352e-10,8.208607569722945e-07,-4.989085549442218e-08,0.9999999999996618
86,520000000,86.52,terrain_world,differential_drive_robot,1.9999964258314777,15.199999970065482,-4.433823484413313e-07,-4.104671596583352e-10,8.208607569722945e-07,-4.989085549442218e-08,0.9999999999996618
86,540000000,86.54,terrain_world,differential_drive_robot,1.9999964258314777,15.199999970065482,-4.433823484413313e-07,-4.104671596583352e-10,8.208607569722945e-07,-4.989085549442218e-08,0.9999999999996618
86,560000000,86.56,terrain_world,differential_drive_robot,1.9999964258314777,15.199999970065482,-4.433823484413313e-07,-4.104671596583352e-10,8.208607569722945e-07,-4.989085549442218e-08,0.9999999999996618
86,580000000,86.58,terrain_world,differential_drive_robot,1.9999964258314777,15.199999970065482,-4.433823484413313e-07,-4.104671596583352e-10,8.208607569722945e-07,-4.989085549442218e-08,0.9999999999996618
86,600000000,86.6,terrain_world,differential_drive_robot,1.9999964258314777,15.199999970065482,-4.433823484413313e-07,-4.104671596583352e-10,8.208607569722945e-07,-4.989085549442218e-08,0.9999999999996618
86,620000000,86.62,terrain_world,differential_drive_robot,1.9999964258314777,15.199999970065482,-4.433823484413313e-07,-4.104671596583352e-10,8.208607569722945e-07,-4.989085549442218e-08,0.9999999999996618
86,640000000,86.64,terrain_world,differential_drive_robot,1.9999964258314777,15.199999970065482,-4.433823484413313e-07,-4.104671596583352e-10,8.208607569722945e-07,-4.989085549442218e-08,0.9999999999996618
86,660000000,86.66,terrain_world,differential_drive_robot,1.9999964258314777,15.199999970065482,-4.433823484413313e-07,-4.104671596583352e-10,8.208607569722945e-07,-4.989085549442218e-08,0.9999999999996618
86,680000000,86.68,terrain_world,differential_drive_robot,1.9999964258314777,15.199999970065482,-4.433823484413313e-07,-4.104671596583352e-10,8.208607569722945e-07,-4.989085549442218e-08,0.9999999999996618
86,700000000,86.7,terrain_world,differential_drive_robot,1.9999964258314777,15.199999970065482,-4.433823484413313e-07,-4.104671596583352e-10,8.208607569722945e-07,-4.989085549442218e-08,0.9999999999996618
86,720000000,86.72,terrain_world,differential_drive_robot,1.9999964258314777,15.199999970065482,-4.433823484413313e-07,-4.104671596583352e-10,8.208607569722945e-07,-4.989085549442218e-08,0.9999999999996618
86,740000000,86.74,terrain_world,differential_drive_robot,1.9999964258314777,15.199999970065482,-4.433823484413313e-07,-4.104671596583352e-10,8.208607569722945e-07,-4.989085549442218e-08,0.9999999999996618
86,760000000,86.76,terrain_world,differential_drive_robot,1.9999964258314777,15.199999970065482,-4.433823484413313e-07,-4.104671596583352e-10,8.208607569722945e-07,-4.989085549442218e-08,0.9999999999996618
86,780000000,86.78,terrain_world,differential_drive_robot,1.9999964258314777,15.199999970065482,-4.433823484413313e-07,-4.104671596583352e-10,8.208607569722945e-07,-4.989085549442218e-08,0.9999999999996618
86,800000000,86.8,terrain_world,differential_drive_robot,1.9999964258314777,15.199999970065482,-4.433823484413313e-07,-4.104671596583352e-10,8.208607569722945e-07,-4.989085549442218e-08,0.9999999999996618
86,820000000,86.82,terrain_world,differential_drive_robot,1.9999964258314777,15.199999970065482,-4.433823484413313e-07,-4.104671596583352e-10,8.208607569722945e-07,-4.989085549442218e-08,0.9999999999996618
86,840000000,86.84,terrain_world,differential_drive_robot,1.9999964258314777,15.199999970065482,-4.433823484413313e-07,-4.104671596583352e-10,8.208607569722945e-07,-4.989085549442218e-08,0.9999999999996618
86,860000000,86.86,terrain_world,differential_drive_robot,1.9999964258314777,15.199999970065482,-4.433823484413313e-07,-4.104671596583352e-10,8.208607569722945e-07,-4.989085549442218e-08,0.9999999999996618
86,880000000,86.88,terrain_world,differential_drive_robot,1.9999964258314777,15.199999970065482,-4.433823484413313e-07,-4.104671596583352e-10,8.208607569722945e-07,-4.989085549442218e-08,0.9999999999996618
86,900000000,86.9,terrain_world,differential_drive_robot,1.9999964258314777,15.199999970065482,-4.433823484413313e-07,-4.104671596583352e-10,8.208607569722945e-07,-4.989085549442218e-08,0.9999999999996618
86,920000000,86.92,terrain_world,differential_drive_robot,1.9999964258314777,15.199999970065482,-4.433823484413313e-07,-4.104671596583352e-10,8.208607569722945e-07,-4.989085549442218e-08,0.9999999999996618
86,940000000,86.94,terrain_world,differential_drive_robot,1.9999964258314777,15.199999970065482,-4.433823484413313e-07,-4.104671596583352e-10,8.208607569722945e-07,-4.989085549442218e-08,0.9999999999996618
86,960000000,86.96,terrain_world,differential_drive_robot,1.9999964258314777,15.199999970065482,-4.433823484413313e-07,-4.104671596583352e-10,8.208607569722945e-07,-4.989085549442218e-08,0.9999999999996618
86,980000000,86.98,terrain_world,differential_drive_robot,1.9999964258314777,15.199999970065482,-4.433823484413313e-07,-4.104671596583352e-10,8.208607569722945e-07,-4.989085549442218e-08,0.9999999999996618
87,0,87.0,terrain_world,differential_drive_robot,1.9999964258314777,15.199999970065482,-4.433823484413313e-07,-4.104671596583352e-10,8.208607569722945e-07,-4.989085549442218e-08,0.9999999999996618
87,20000000,87.02,terrain_world,differential_drive_robot,1.9999964258314777,15.199999970065482,-4.433823484413313e-07,-4.104671596583352e-10,8.208607569722945e-07,-4.989085549442218e-08,0.9999999999996618
87,40000000,87.04,terrain_world,differential_drive_robot,1.9999964258314777,15.199999970065482,-4.433823484413313e-07,-4.104671596583352e-10,8.208607569722945e-07,-4.989085549442218e-08,0.9999999999996618
87,60000000,87.06,terrain_world,differential_drive_robot,1.9999964258314777,15.199999970065482,-4.433823484413313e-07,-4.104671596583352e-10,8.208607569722945e-07,-4.989085549442218e-08,0.9999999999996618
87,80000000,87.08,terrain_world,differential_drive_robot,1.9999964258314777,15.199999970065482,-4.433823484413313e-07,-4.104671596583352e-10,8.208607569722945e-07,-4.989085549442218e-08,0.9999999999996618
87,100000000,87.1,terrain_world,differential_drive_robot,1.9999964258314777,15.199999970065482,-4.433823484413313e-07,-4.104671596583352e-10,8.208607569722945e-07,-4.989085549442218e-08,0.9999999999996618
87,120000000,87.12,terrain_world,differential_drive_robot,1.9999964258314777,15.199999970065482,-4.433823484413313e-07,-4.104671596583352e-10,8.208607569722945e-07,-4.989085549442218e-08,0.9999999999996618
87,140000000,87.14,terrain_world,differential_drive_robot,1.9999964258314777,15.199999970065482,-4.433823484413313e-07,-4.104671596583352e-10,8.208607569722945e-07,-4.989085549442218e-08,0.9999999999996618
87,160000000,87.16,terrain_world,differential_drive_robot,1.9999964258314777,15.199999970065482,-4.433823484413313e-07,-4.104671596583352e-10,8.208607569722945e-07,-4.989085549442218e-08,0.9999999999996618
87,180000000,87.18,terrain_world,differential_drive_robot,1.9999964258314777,15.199999970065482,-4.433823484413313e-07,-4.104671596583352e-10,8.208607569722945e-07,-4.989085549442218e-08,0.9999999999996618
87,200000000,87.2,terrain_world,differential_drive_robot,1.9999964258314777,15.199999970065482,-4.433823484413313e-07,-4.104671596583352e-10,8.208607569722945e-07,-4.989085549442218e-08,0.9999999999996618
87,220000000,87.22,terrain_world,differential_drive_robot,1.9999964258314777,15.199999970065482,-4.433823484413313e-07,-4.104671596583352e-10,8.208607569722945e-07,-4.989085549442218e-08,0.9999999999996618
