time_sec,time_nsec,timestamp,frame_id,angular_vel_x,angular_vel_y,angular_vel_z,linear_acc_x,linear_acc_y,linear_acc_z,orient_x,orient_y,orient_z,orient_w,orientation_covariance,angular_velocity_covariance,linear_acceleration_covariance
20,160000000,20.16,imu_link,-0.007604246482609092,0.012335915283229715,0.0023279425298673934,-0.00019698044752655377,-3.0778176787798656e-05,9.799843235831029,-4.615570795930837e-10,5.330484785059712e-08,-4.989105559834614e-08,0.9999999999999973,0.0;0.0;0.0;0.0;0.0;0.0;0.0;0.0;0.0,7.621289842063561e-05;0.0;0.0;0.0;7.621289842063561e-05;0.0;0.0;0.0;7.621289842063561e-05,3.999999975690116e-08;0.0;0.0;0.0;3.999999975690116e-08;0.0;0.0;0.0;3.999999975690116e-08
20,180000000,20.18,imu_link,0.007030042768415509,0.017209440827005942,-0.0019484876963437806,-6.268796498585361e-05,6.313398604548733e-06,9.799929429665065,-4.615570793864433e-10,5.330484785073714e-08,-4.9891055598365535e-08,0.9999999999999973,0.0;0.0;0.0;0.0;0.0;0.0;0.0;0.0;0.0,7.621289842063561e-05;0.0;0.0;0.0;7.621289842063561e-05;0.0;0.0;0.0;7.621289842063561e-05,3.999999975690116e-08;0.0;0.0;0.0;3.999999975690116e-08;0.0;0.0;0.0;3.999999975690116e-08
20,200000000,20.2,imu_link,0.003787550052936885,-0.003241959756778098,0.008281381693413666,0.0002745469468267292,-0.0004191590447416649,9.800018508498693,-4.6155707957852173e-10,5.3304847850264465e-08,-4.989105559838617e-08,0.9999999999999973,0.0;0.0;0.0;0.0;0.0;0.0;0.0;0.0;0.0,7.621289842063561e-05;0.0;0.0;0.0;7.621289842063561e-05;0.0;0.0;0.0;7.621289842063561e-05,3.999999975690116e-08;0.0;0.0;0.0;3.999999975690116e-08;0.0;0.0;0.0;3.999999975690116e-08
20,220000000,20.22,imu_link,-0.0005720782781433084,0.0165152135858591,-0.010050651716007847,-8.86598512600409e-05,5.0400940050275705e-05,9.80008630917078,-4.6155707937183013e-10,5.330484785040296e-08,-4.989105559840564e-08,0.9999999999999973,0.0;0.0;0.0;0.0;0.0;0.0;0.0;0.0;0.0,7.621289842063561e-05;0.0;0.0;0.0;7.621289842063561e-05;0.0;0.0;0.0;7.621289842063561e-05,3.999999975690116e-08;0.0;0.0;0.0;3.999999975690116e-08;0.0;0.0;0.0;3.999999975690116e-08
20,240000000,20.24,imu_link,-0.010215247873178448,-0.0054224815861737335,0.007892322342231927,0.00030640949811177893,-6.822903972461e-05,9.80027193257051,-4.6155707963565933e-10,5.330484785075647e-08,-4.989105559842376e-08,0.9999999999999973,0.0;0.0;0.0;0.0;0.0;0.0;0.0;0.0;0.0,7.621289842063561e-05;0.0;0.0;0.0;7.621289842063561e-05;0.0;0.0;0.0;7.621289842063561e-05,3.999999975690116e-08;0.0;0.0;0.0;3.999999975690116e-08;0.0;0.0;0.0;3.999999975690116e-08
20,260000000,20.26,imu_link,0.010575979206087114,-0.0030783360843798313,0.006123711752370769,0.00011715722426473037,-8.245223470322361e-05,9.800208269200404,-4.615570794653365e-10,5.3304847850256954e-08,-4.98910555984429e-08,0.9999999999999973,0.0;0.0;0.0;0.0;0.0;0.0;0.0;0.0;0.0,7.621289842063561e-05;0.0;0.0;0.0;7.621289842063561e-05;0.0;0.0;0.0;7.621289842063561e-05,3.999999975690116e-08;0.0;0.0;0.0;3.999999975690116e-08;0.0;0.0;0.0;3.999999975690116e-08
20,280000000,20.28,imu_link,0.006947457389717168,0.02669651954589076,-0.005703338330158677,0.00020794188095662344,-9.86159907877097e-05,9.800069112834134,-4.6155707961940823e-10,5.3304847850494156e-08,-4.989105559846326e-08,0.9999999999999973,0.0;0.0;0.0;0.0;0.0;0.0;0.0;0.0;0.0,7.621289842063561e-05;0.0;0.0;0.0;7.621289842063561e-05;0.0;0.0;0.0;7.621289842063561e-05,3.999999975690116e-08;0.0;0.0;0.0;3.999999975690116e-08;0.0;0.0;0.0;3.999999975690116e-08
20,300000000,20.3,imu_link,0.0009812913064893714,-0.011400027821680637,-0.01023485657704694,6.19058794931617e-05,5.457407632038435e-05,9.800162706568756,-4.615570793992123e-10,5.330484785063015e-08,-4.989105559848282e-08,0.9999999999999973,0.0;0.0;0.0;0.0;0.0;0.0;0.0;0.0;0.0,7.621289842063561e-05;0.0;0.0;0.0;7.621289842063561e-05;0.0;0.0;0.0;7.621289842063561e-05,3.999999975690116e-08;0.0;0.0;0.0;3.999999975690116e-08;0.0;0.0;0.0;3.999999975690116e-08
20,320000000,20.32,imu_link,0.010386853267052626,0.013721870253547314,-0.012587180173519584,1.8633368998640233e-06,0.00027964567823590637,9.800107310943503,-4.615570794327428e-10,5.3304847850808306e-08,-4.989105559850339e-08,0.9999999999999973,0.0;0.0;0.0;0.0;0.0;0.0;0.0;0.0;0.0,7.621289842063561e-05;0.0;0.0;0.0;7.621289842063561e-05;0.0;0.0;0.0;7.621289842063561e-05,3.999999975690116e-08;0.0;0.0;0.0;3.999999975690116e-08;0.0;0.0;0.0;3.999999975690116e-08
20,340000000,20.34,imu_link,-9.523779417122356e-05,-0.0019830655711289796,0.0006393385875965985,-0.00011271609022532618,-0.00031527546752593914,9.800393847969648,-4.615570794828769e-10,5.3304847850339507e-08,-4.989105559852526e-08,0.9999999999999973,0.0;0.0;0.0;0.0;0.0;0.0;0.0;0.0;0.0,7.621289842063561e-05;0.0;0.0;0.0;7.621289842063561e-05;0.0;0.0;0.0;7.621289842063561e-05,3.999999975690116e-08;0.0;0.0;0.0;3.999999975690116e-08;0.0;0.0;0.0;3.999999975690116e-08
20,360000000,20.36,imu_link,0.0011346052543955596,0.01963248253787555,-0.005007828262810618,0.0003376044589878608,-0.00011611477548942893,9.800147703074245,-4.615570795196079e-10,5.3304847850513764e-08,-4.9891055598545483e-08,0.9999999999999973,0.0;0.0;0.0;0.0;0.0;0.0;0.0;0.0;0.0,7.621289842063561e-05;0.0;0.0;0.0;7.621289842063561e-05;0.0;0.0;0.0;7.621289842063561e-05,3.999999975690116e-08;0.0;0.0;0.0;3.999999975690116e-08;0.0;0.0;0.0;3.999999975690116e-08
20,380000000,20.38,imu_link,-0.01027755668196958,0.0147951851936092,-0.004476698135851317,-8.086732237452185e-05,-7.761714314594802e-06,9.799747969854096,-4.6155707943617263e-10,5.330484785064645e-08,-4.989105559856687e-08,0.9999999999999973,0.0;0.0;0.0;0.0;0.0;0.0;0.0;0.0;0.0,7.621289842063561e-05;0.0;0.0;0.0;7.621289842063561e-05;0.0;0.0;0.0;7.621289842063561e-05,3.999999975690116e-08;0.0;0.0;0.0;3.999999975690116e-08;0.0;0.0;0.0;3.999999975690116e-08
20,400000000,20.4,imu_link,0.012876370330562489,0.002542040776150145,0.003989057902384069,-0.0001562383308120477,-0.00012890116787792142,9.80018706504097,-4.615570797076253e-10,5.33048478508772e-08,-4.9891055598587286e-08,0.9999999999999973,0.0;0.0;0.0;0.0;0.0;0.0;0.0;0.0;0.0,7.621289842063561e-05;0.0;0.0;0.0;7.621289842063561e-05;0.0;0.0;0.0;7.621289842063561e-05,3.999999975690116e-08;0.0;0.0;0.0;3.999999975690116e-08;0.0;0.0;0.0;3.999999975690116e-08
20,420000000,20.42,imu_link,0.005304237782233855,-0.0076863238433879325,-0.00526541129152211,0.00024039369424560804,-0.0003315497033824672,9.800504825695736,-4.6155707936684466e-10,5.3304847850377074e-08,-4.9891055598608025e-08,0.9999999999999973,0.0;0.0;0.0;0.0;0.0;0.0;0.0;0.0;0.0,7.621289842063561e-05;0.0;0.0;0.0;7.621289842063561e-05;0.0;0.0;0.0;7.621289842063561e-05,3.999999975690116e-08;0.0;0.0;0.0;3.999999975690116e-08;0.0;0.0;0.0;3.999999975690116e-08
20,440000000,20.44,imu_link,-0.008221045818576843,0.003888365298542695,-0.0013238952418866661,-5.822668446850353e-05,-8.709910414207115e-05,9.800220754302742,-4.615570796420788e-10,5.330484785073053e-08,-4.9891055598630134e-08,0.9999999999999973,0.0;0.0;0.0;0.0;0.0;0.0;0.0;0.0;0.0,7.621289842063561e-05;0.0;0.0;0.0;7.621289842063561e-05;0.0;0.0;0.0;7.621289842063561e-05,3.999999975690116e-08;0.0;0.0;0.0;3.999999975690116e-08;0.0;0.0;0.0;3.999999975690116e-08
20,460000000,20.46,imu_link,-0.0036026224274913325,-0.0002015033063592934,0.011272776487583217,0.00017852619064194085,-0.00019596090383757996,9.800007335094127,-4.615570794256329e-10,5.330484785074798e-08,-4.989105559865284e-08,0.9999999999999973,0.0;0.0;0.0;0.0;0.0;0.0;0.0;0.0;0.0,7.621289842063561e-05;0.0;0.0;0.0;7.621289842063561e-05;0.0;0.0;0.0;7.621289842063561e-05,3.999999975690116e-08;0.0;0.0;0.0;3.999999975690116e-08;0.0;0.0;0.0;3.999999975690116e-08
20,480000000,20.48,imu_link,0.010496654294217677,0.0014257363911434548,-0.00798422489989504,0.0005358336424158953,-7.89549703262745e-06,9.800384014318448,-4.615570796023117e-10,5.330484785046302e-08,-4.989105559867529e-08,0.9999999999999973,0.0;0.0;0.0;0.0;0.0;0.0;0.0;0.0;0.0,7.621289842063561e-05;0.0;0.0;0.0;7.621289842063561e-05;0.0;0.0;0.0;7.621289842063561e-05,3.999999975690116e-08;0.0;0.0;0.0;3.999999975690116e-08;0.0;0.0;0.0;3.999999975690116e-08
20,500000000,20.5,imu_link,0.007443461168088254,-0.005586105604929608,-0.004364683712186739,5.3500490119378486e-05,-0.00019790154556478893,9.800033166688289,-4.615570795242779e-10,5.330484785046479e-08,-4.989105559869865e-08,0.9999999999999973,0.0;0.0;0.0;0.0;0.0;0.0;0.0;0.0;0.0,7.621289842063561e-05;0.0;0.0;0.0;7.621289842063561e-05;0.0;0.0;0.0;7.621289842063561e-05,3.999999975690116e-08;0.0;0.0;0.0;3.999999975690116e-08;0.0;0.0;0.0;3.999999975690116e-08
20,520000000,20.52,imu_link,-0.0032462011836985774,-9.501534133912619e-05,-0.006194673893647579,8.781097701764833e-05,-1.271592756604855e-05,9.799927717852688,-4.615570794041714e-10,5.330484785078523e-08,-4.989105559872077e-08,0.9999999999999973,0.0;0.0;0.0;0.0;0.0;0.0;0.0;0.0;0.0,7.621289842063561e-05;0.0;0.0;0.0;7.621289842063561e-05;0.0;0.0;0.0;7.621289842063561e-05,3.999999975690116e-08;0.0;0.0;0.0;3.999999975690116e-08;0.0;0.0;0.0;3.999999975690116e-08
20,540000000,20.54,imu_link,-0.012368960183456328,0.003367158982575598,-0.0035034587749665546,2.257997851580479e-05,7.087151530389677e-05,9.79995668618823,-4.61557079480095e-10,5.330484785032057e-08,-4.98910555987432e-08,0.9999999999999973,0.0;0.0;0.0;0.0;0.0;0.0;0.0;0.0;0.0,7.621289842063561e-05;0.0;0.0;0.0;7.621289842063561e-05;0.0;0.0;0.0;7.621289842063561e-05,3.999999975690116e-08;0.0;0.0;0.0;3.999999975690116e-08;0.0;0.0;0.0;3.999999975690116e-08
20,560000000,20.56,imu_link,0.007206815588733813,0.0018273954470251162,0.005448049675440058,6.978183038020919e-05,0.00026814424983569467,9.80034394592423,-4.615570795115227e-10,5.330484785049523e-08,-4.9891055598767644e-08,0.9999999999999973,0.0;0.0;0.0;0.0;0.0;0.0;0.0;0.0;0.0,7.621289842063561e-05;0.0;0.0;0.0;7.621289842063561e-05;0.0;0.0;0.0;7.621289842063561e-05,3.999999975690116e-08;0.0;0.0;0.0;3.999999975690116e-08;0.0;0.0;0.0;3.999999975690116e-08
20,580000000,20.58,imu_link,0.004054834865377824,0.0007859066718397179,0.008518902875065926,3.5814330137029076e-05,4.591238650586383e-05,9.799991249964203,-4.6155707954667626e-10,5.330484785067584e-08,-4.98910555987889e-08,0.9999999999999973,0.0;0.0;0.0;0.0;0.0;0.0;0.0;0.0;0.0,7.621289842063561e-05;0.0;0.0;0.0;7.621289842063561e-05;0.0;0.0;0.0;7.621289842063561e-05,3.999999975690116e-08;0.0;0.0;0.0;3.999999975690116e-08;0.0;0.0;0.0;3.999999975690116e-08
20,600000000,20.6,imu_link,0.0043177099723819,0.003946205458581514,0.00764881562415973,-0.00011755054052632674,-0.0003279618744850987,9.799931056673726,-4.615570795740402e-10,5.330484785074074e-08,-4.9891055598808745e-08,0.9999999999999973,0.0;0.0;0.0;0.0;0.0;0.0;0.0;0.0;0.0,7.621289842063561e-05;0.0;0.0;0.0;7.621289842063561e-05;0.0;0.0;0.0;7.621289842063561e-05,3.999999975690116e-08;0.0;0.0;0.0;3.999999975690116e-08;0.0;0.0;0.0;3.999999975690116e-08
20,620000000,20.62,imu_link,-0.0008030100392926062,-0.001233831953178863,0.0013949835953014735,0.0002086562465117735,-0.00031608118034156667,9.800380632841316,-4.6155707937787413e-10,5.3304847850414125e-08,-4.9891055598829835e-08,0.9999999999999973,0.0;0.0;0.0;0.0;0.0;0.0;0.0;0.0;0.0,7.621289842063561e-05;0.0;0.0;0.0;7.621289842063561e-05;0.0;0.0;0.0;7.621289842063561e-05,3.999999975690116e-08;0.0;0.0;0.0;3.999999975690116e-08;0.0;0.0;0.0;3.999999975690116e-08
20,640000000,20.64,imu_link,0.0016378302410020222,-0.013514497918101777,0.001034253712284097,0.00047009229390784817,-0.0002503724646977233,9.799796780775965,-4.615570795481435e-10,5.3304847850584795e-08,-4.98910555988522e-08,0.9999999999999973,0.0;0.0;0.0;0.0;0.0;0.0;0.0;0.0;0.0,7.621289842063561e-05;0.0;0.0;0.0;7.621289842063561e-05;0.0;0.0;0.0;7.621289842063561e-05,3.999999975690116e-08;0.0;0.0;0.0;3.999999975690116e-08;0.0;0.0;0.0;3.999999975690116e-08
20,660000000,20.66,imu_link,-0.007098636981161852,-0.004136839096142534,0.014893925480230065,8.151744736569275e-05,-0.00010349295884284276,9.800109494395809,-4.615570795893275e-10,5.330484785030344e-08,-4.989105559887398e-08,0.9999999999999973,0.0;0.0;0.0;0.0;0.0;0.0;0.0;0.0;0.0,7.621289842063561e-05;0.0;0.0;0.0;7.621289842063561e-05;0.0;0.0;0.0;7.621289842063561e-05,3.999999975690116e-08;0.0;0.0;0.0;3.999999975690116e-08;0.0;0.0;0.0;3.999999975690116e-08
20,680000000,20.68,imu_link,-0.017254947151782937,-0.002969487188488421,0.007970693827527906,0.00014159572340757565,0.00020684823001380318,9.800102618101137,-4.615570793938393e-10,5.3304847850430285e-08,-4.989105559889622e-08,0.9999999999999973,0.0;0.0;0.0;0.0;0.0;0.0;0.0;0.0;0.0,7.621289842063561e-05;0.0;0.0;0.0;7.621289842063561e-05;0.0;0.0;0.0;7.621289842063561e-05,3.999999975690116e-08;0.0;0.0;0.0;3.999999975690116e-08;0.0;0.0;0.0;3.999999975690116e-08
20,700000000,20.7,imu_link,-0.0071149050842691675,-0.010326129431368963,-0.0036068230280243696,-2.7162801602917774e-05,6.426855115640434e-05,9.799909692514305,-4.615570795630122e-10,5.330484785059841e-08,-4.98910555989177e-08,0.9999999999999973,0.0;0.0;0.0;0.0;0.0;0.0;0.0;0.0;0.0,7.621289842063561e-05;0.0;0.0;0.0;7.621289842063561e-05;0.0;0.0;0.0;7.621289842063561e-05,3.999999975690116e-08;0.0;0.0;0.0;3.999999975690116e-08;0.0;0.0;0.0;3.999999975690116e-08
20,720000000,20.72,imu_link,0.005051107788841165,-1.7275238587807737e-05,-0.00024391234754148031,0.00014732852817896276,-0.0002519743003943221,9.800123961933474,-4.6155707934788847e-10,5.3304847850734065e-08,-4.989105559894022e-08,0.9999999999999973,0.0;0.0;0.0;0.0;0.0;0.0;0.0;0.0;0.0,7.621289842063561e-05;0.0;0.0;0.0;7.621289842063561e-05;0.0;0.0;0.0;7.621289842063561e-05,3.999999975690116e-08;0.0;0.0;0.0;3.999999975690116e-08;0.0;0.0;0.0;3.999999975690116e-08
20,740000000,20.74,imu_link,-0.0029667158738454643,0.007212418224578081,-0.017817974035278662,0.00035421293433644487,1.1701808232151374e-05,9.800119939722457,-4.6155707940518903e-10,5.33048478502785e-08,-4.989105559896164e-08,0.9999999999999973,0.0;0.0;0.0;0.0;0.0;0.0;0.0;0.0;0.0,7.621289842063561e-05;0.0;0.0;0.0;7.621289842063561e-05;0.0;0.0;0.0;7.621289842063561e-05,3.999999975690116e-08;0.0;0.0;0.0;3.999999975690116e-08;0.0;0.0;0.0;3.999999975690116e-08
20,760000000,20.76,imu_link,0.004366753295063824,0.0017820251817816728,0.006184608024506803,3.0027606680314942e-05,-8.735936401893606e-05,9.800242698996144,-4.615570794415733e-10,5.3304847850591294e-08,-4.989105559898248e-08,0.9999999999999973,0.0;0.0;0.0;0.0;0.0;0.0;0.0;0.0;0.0,7.621289842063561e-05;0.0;0.0;0.0;7.621289842063561e-05;0.0;0.0;0.0;7.621289842063561e-05,3.999999975690116e-08;0.0;0.0;0.0;3.999999975690116e-08;0.0;0.0;0.0;3.999999975690116e-08
20,780000000,20.78,imu_link,0.00893583868289014,0.003150485085616752,-0.01534775456962065,0.00023227973171289788,-0.00040617062671140984,9.800268521478918,-4.6155707960085276e-10,5.330484785063488e-08,-4.9891055599003033e-08,0.9999999999999973,0.0;0.0;0.0;0.0;0.0;0.0;0.0;0.0;0.0,7.621289842063561e-05;0.0;0.0;0.0;7.621289842063561e-05;0.0;0.0;0.0;7.621289842063561e-05,3.999999975690116e-08;0.0;0.0;0.0;3.999999975690116e-08;0.0;0.0;0.0;3.999999975690116e-08
20,800000000,20.8,imu_link,0.009285488378940268,-0.01652075368663066,0.003440101495724093,-8.026301341460475e-05,-0.0001634899525446689,9.800020519190985,-4.6155707952838155e-10,5.3304847850297764e-08,-4.989105559902302e-08,0.9999999999999973,0.0;0.0;0.0;0.0;0.0;0.0;0.0;0.0;0.0,7.621289842063561e-05;0.0;0.0;0.0;7.621289842063561e-05;0.0;0.0;0.0;7.621289842063561e-05,3.999999975690116e-08;0.0;0.0;0.0;3.999999975690116e-08;0.0;0.0;0.0;3.999999975690116e-08
20,820000000,20.82,imu_link,0.010510015429091982,0.01825831867059455,-0.006362020192064833,0.0004784625528692747,-0.00016713627057679065,9.8000020676252,-4.6155707945196413e-10,5.33048478503057e-08,-4.989105559904202e-08,0.9999999999999973,0.0;0.0;0.0;0.0;0.0;0.0;0.0;0.0;0.0,7.621289842063561e-05;0.0;0.0;0.0;7.621289842063561e-05;0.0;0.0;0.0;7.621289842063561e-05,3.999999975690116e-08;0.0;0.0;0.0;3.999999975690116e-08;0.0;0.0;0.0;3.999999975690116e-08
20,840000000,20.84,imu_link,-0.011543513379644058,0.00024940017991236207,0.006828423532678625,7.035878289580508e-05,1.7116511958154842e-05,9.799939588957042,-4.6155707957830294e-10,5.3304847850652234e-08,-4.9891055599060274e-08,0.9999999999999973,0.0;0.0;0.0;0.0;0.0;0.0;0.0;0.0;0.0,7.621289842063561e-05;0.0;0.0;0.0;7.621289842063561e-05;0.0;0.0;0.0;7.621289842063561e-05,3.999999975690116e-08;0.0;0.0;0.0;3.999999975690116e-08;0.0;0.0;0.0;3.999999975690116e-08
20,860000000,20.86,imu_link,0.012167084151220494,-0.004192998332330077,0.009431936378925627,0.00019520019994936818,9.231654884857487e-05,9.800033151389409,-4.615570793498664e-10,5.330484785078111e-08,-4.989105559907881e-08,0.9999999999999973,0.0;0.0;0.0;0.0;0.0;0.0;0.0;0.0;0.0,7.621289842063561e-05;0.0;0.0;0.0;7.621289842063561e-05;0.0;0.0;0.0;7.621289842063561e-05,3.999999975690116e-08;0.0;0.0;0.0;3.999999975690116e-08;0.0;0.0;0.0;3.999999975690116e-08
20,880000000,20.88,imu_link,-0.006295789143281736,0.013252617171283319,0.004913240363290651,4.9250923310080645e-05,4.897677420329583e-05,9.80012565096662,-4.6155707941894085e-10,5.3304847850308127e-08,-4.9891055599095466e-08,0.9999999999999973,0.0;0.0;0.0;0.0;0.0;0.0;0.0;0.0;0.0,7.621289842063561e-05;0.0;0.0;0.0;7.621289842063561e-05;0.0;0.0;0.0;7.621289842063561e-05,3.999999975690116e-08;0.0;0.0;0.0;3.999999975690116e-08;0.0;0.0;0.0;3.999999975690116e-08
20,900000000,20.9,imu_link,-0.002682501323137141,-0.011822006352510347,0.012265591824121909,0.00017974109669181018,0.00010543455098307054,9.80018539134273,-4.615570794306685e-10,5.330484785066643e-08,-4.989105559911126e-08,0.9999999999999973,0.0;0.0;0.0;0.0;0.0;0.0;0.0;0.0;0.0,7.621289842063561e-05;0.0;0.0;0.0;7.621289842063561e-05;0.0;0.0;0.0;7.621289842063561e-05,3.999999975690116e-08;0.0;0.0;0.0;3.999999975690116e-08;0.0;0.0;0.0;3.999999975690116e-08
20,920000000,20.92,imu_link,-0.022735805046793633,-0.0012856795373103822,0.005849471817374881,-3.7175789376043205e-05,-1.1944379551640422e-05,9.800028462903489,-4.6155707947277537e-10,5.3304847850845026e-08,-4.9891055599127964e-08,0.9999999999999973,0.0;0.0;0.0;0.0;0.0;0.0;0.0;0.0;0.0,7.621289842063561e-05;0.0;0.0;0.0;7.621289842063561e-05;0.0;0.0;0.0;7.621289842063561e-05,3.999999975690116e-08;0.0;0.0;0.0;3.999999975690116e-08;0.0;0.0;0.0;3.999999975690116e-08
20,940000000,20.94,imu_link,-0.0049474868315061175,-0.002272792846094941,-0.01626149351240561,-0.00019145190148638368,0.0004927505284031628,9.800186692752415,-4.6155707954576434e-10,5.330484785036342e-08,-4.989105559914318e-08,0.9999999999999973,0.0;0.0;0.0;0.0;0.0;0.0;0.0;0.0;0.0,7.621289842063561e-05;0.0;0.0;0.0;7.621289842063561e-05;0.0;0.0;0.0;7.621289842063561e-05,3.999999975690116e-08;0.0;0.0;0.0;3.999999975690116e-08;0.0;0.0;0.0;3.999999975690116e-08
20,960000000,20.96,imu_link,0.012532159092281775,-0.005383565156924736,-0.0003412086028281356,2.305302166112226e-05,0.00013486452656977384,9.800385402754516,-4.615570794833213e-10,5.330484785049995e-08,-4.9891055599158894e-08,0.9999999999999973,0.0;0.0;0.0;0.0;0.0;0.0;0.0;0.0;0.0,7.621289842063561e-05;0.0;0.0;0.0;7.621289842063561e-05;0.0;0.0;0.0;7.621289842063561e-05,3.999999975690116e-08;0.0;0.0;0.0;3.999999975690116e-08;0.0;0.0;0.0;3.999999975690116e-08
20,980000000,20.98,imu_link,-0.006334489569760615,0.0052170525422502185,-0.022458193234462773,0.00037008270151872347,2.795574825127596e-05,9.799830502985465,-4.61557079553175e-10,5.33048478506155e-08,-4.989105559917489e-08,0.9999999999999973,0.0;0.0;0.0;0.0;0.0;0.0;0.0;0.0;0.0,7.621289842063561e-05;0.0;0.0;0.0;7.621289842063561e-05;0.0;0.0;0.0;7.621289842063561e-05,3.999999975690116e-08;0.0;0.0;0.0;3.999999975690116e-08;0.0;0.0;0.0;3.999999975690116e-08
21,0,21.0,imu_link,0.0020712362741769547,0.010582296380320474,0.0030068035817084433,0.00021282774476344402,-0.000339291254647769,9.799840957837468,-4.615570794886161e-10,5.330484785028056e-08,-4.989105559919224e-08,0.9999999999999973,0.0;0.0;0.0;0.0;0.0;0.0;0.0;0.0;0.0,7.621289842063561e-05;0.0;0.0;0.0;7.621289842063561e-05;0.0;0.0;0.0;7.621289842063561e-05,3.999999975690116e-08;0.0;0.0;0.0;3.999999975690116e-08;0.0;0.0;0.0;3.999999975690116e-08
21,20000000,21.02,imu_link,-0.00047350936127974933,0.0014960734894057272,-0.022084986095468735,0.00037332151384862936,2.9432569980518823e-05,9.800360329085485,-4.6155707952958314e-10,5.3304847850463054e-08,-4.989105559920877e-08,0.9999999999999973,0.0;0.0;0.0;0.0;0.0;0.0;0.0;0.0;0.0,7.621289842063561e-05;0.0;0.0;0.0;7.621289842063561e-05;0.0;0.0;0.0;7.621289842063561e-05,3.999999975690116e-08;0.0;0.0;0.0;3.999999975690116e-08;0.0;0.0;0.0;3.999999975690116e-08
21,40000000,21.04,imu_link,0.008196666917482007,0.005728013808688539,0.008572823264145083,-2.4809584617005507e-05,0.0001408428848635583,9.800200494247603,-4.615570795675181e-10,5.330484785063936e-08,-4.989105559922596e-08,0.9999999999999973,0.0;0.0;0.0;0.0;0.0;0.0;0.0;0.0;0.0,7.621289842063561e-05;0.0;0.0;0.0;7.621289842063561e-05;0.0;0.0;0.0;7.621289842063561e-05,3.999999975690116e-08;0.0;0.0;0.0;3.999999975690116e-08;0.0;0.0;0.0;3.999999975690116e-08
21,60000000,21.06,imu_link,0.005058197093364126,-0.0006327694133366168,-0.004163889410664432,-0.00021301514254971999,5.338164110495101e-05,9.799991460286932,-4.61557079371568e-10,5.330484785030423e-08,-4.989105559924288e-08,0.9999999999999973,0.0;0.0;0.0;0.0;0.0;0.0;0.0;0.0;0.0,7.621289842063561e-05;0.0;0.0;0.0;7.621289842063561e-05;0.0;0.0;0.0;7.621289842063561e-05,3.999999975690116e-08;0.0;0.0;0.0;3.999999975690116e-08;0.0;0.0;0.0;3.999999975690116e-08
21,80000000,21.08,imu_link,-0.010579535502942683,0.011180442973522588,-0.006104192598404475,0.00024174142105765203,-3.919313151747901e-07,9.800495156390003,-4.615570794079228e-10,5.3304847850485686e-08,-4.989105559926004e-08,0.9999999999999973,0.0;0.0;0.0;0.0;0.0;0.0;0.0;0.0;0.0,7.621289842063561e-05;0.0;0.0;0.0;7.621289842063561e-05;0.0;0.0;0.0;7.621289842063561e-05,3.999999975690116e-08;0.0;0.0;0.0;3.999999975690116e-08;0.0;0.0;0.0;3.999999975690116e-08
21,100000000,21.1,imu_link,0.001683012099244879,0.00359778195967276,0.006655380279022785,0.00029732564283897035,-0.00025340710143736966,9.80011509946382,-4.6155707943821794e-10,5.330484785065294e-08,-4.9891055599277585e-08,0.9999999999999973,0.0;0.0;0.0;0.0;0.0;0.0;0.0;0.0;0.0,7.621289842063561e-05;0.0;0.0;0.0;7.621289842063561e-05;0.0;0.0;0.0;7.621289842063561e-05,3.999999975690116e-08;0.0;0.0;0.0;3.999999975690116e-08;0.0;0.0;0.0;3.999999975690116e-08
21,120000000,21.12,imu_link,0.0066949672489002065,-0.0014590412172500466,0.0088847568919487,6.89336422217187e-05,-4.9196108710278485e-05,9.800190696980094,-4.6155707961369184e-10,5.3304847850715755e-08,-4.989105559929545e-08,0.9999999999999973,0.0;0.0;0.0;0.0;0.0;0.0;0.0;0.0;0.0,7.621289842063561e-05;0.0;0.0;0.0;7.621289842063561e-05;0.0;0.0;0.0;7.621289842063561e-05,3.999999975690116e-08;0.0;0.0;0.0;3.999999975690116e-08;0.0;0.0;0.0;3.999999975690116e-08
21,140000000,21.14,imu_link,0.005982001153874848,-0.008528782698101521,0.0005096527075944554,0.00016061748329101577,-0.00031902758750766236,9.800106313377979,-4.615570793978023e-10,5.330484785037599e-08,-4.9891055599311684e-08,0.9999999999999973,0.0;0.0;0.0;0.0;0.0;0.0;0.0;0.0;0.0,7.621289842063561e-05;0.0;0.0;0.0;7.621289842063561e-05;0.0;0.0;0.0;7.621289842063561e-05,3.999999975690116e-08;0.0;0.0;0.0;3.999999975690116e-08;0.0;0.0;0.0;3.999999975690116e-08
21,160000000,21.16,imu_link,-0.009090066897630072,-0.005393360713263732,-0.010148030114228131,0.00017829865471637594,-0.0001631634567141109,9.80032253525945,-4.6155707956858506e-10,5.330484785042661e-08,-4.989105559932779e-08,0.9999999999999973,0.0;0.0;0.0;0.0;0.0;0.0;0.0;0.0;0.0,7.621289842063561e-05;0.0;0.0;0.0;7.621289842063561e-05;0.0;0.0;0.0;7.621289842063561e-05,3.999999975690116e-08;0.0;0.0;0.0;3.999999975690116e-08;0.0;0.0;0.0;3.999999975690116e-08
21,180000000,21.18,imu_link,-0.004832581180927102,-0.007373183221845624,-0.012822873130132854,-3.2054466154882736e-05,-0.0002280016998267806,9.800331029051199,-4.615570794617222e-10,5.330484785072909e-08,-4.989105559934441e-08,0.9999999999999973,0.0;0.0;0.0;0.0;0.0;0.0;0.0;0.0;0.0,7.621289842063561e-05;0.0;0.0;0.0;7.621289842063561e-05;0.0;0.0;0.0;7.621289842063561e-05,3.999999975690116e-08;0.0;0.0;0.0;3.999999975690116e-08;0.0;0.0;0.0;3.999999975690116e-08
21,200000000,21.2,imu_link,-0.0030774720966397426,0.0013748698520243607,-0.006210834815713781,-0.00017852010473504864,-2.4281134043232995e-05,9.800333232782531,-4.6155707941176005e-10,5.330484785073914e-08,-4.9891055599361785e-08,0.9999999999999973,0.0;0.0;0.0;0.0;0.0;0.0;0.0;0.0;0.0,7.621289842063561e-05;0.0;0.0;0.0;7.621289842063561e-05;0.0;0.0;0.0;7.621289842063561e-05,3.999999975690116e-08;0.0;0.0;0.0;3.999999975690116e-08;0.0;0.0;0.0;3.999999975690116e-08
21,220000000,21.22,imu_link,0.002933786766199056,-0.0064442276100946366,-0.01697290085435061,0.00019686919932765146,-0.00016086164295232855,9.800154096175646,-4.6155707958097266e-10,5.3304847850437656e-08,-4.9891055599378646e-08,0.9999999999999973,0.0;0.0;0.0;0.0;0.0;0.0;0.0;0.0;0.0,7.621289842063561e-05;0.0;0.0;0.0;7.621289842063561e-05;0.0;0.0;0.0;7.621289842063561e-05,3.999999975690116e-08;0.0;0.0;0.0;3.999999975690116e-08;0.0;0.0;0.0;3.999999975690116e-08
21,240000000,21.24,imu_link,-0.012263238372795979,-0.0026183612669336566,-0.0018807645757290307,4.6133568711860516e-05,-0.0002744611026546341,9.799977482083134,-4.615570795004754e-10,5.330484785043617e-08,-4.9891055599395474e-08,0.9999999999999973,0.0;0.0;0.0;0.0;0.0;0.0;0.0;0.0;0.0,7.621289842063561e-05;0.0;0.0;0.0;7.621289842063561e-05;0.0;0.0;0.0;7.621289842063561e-05,3.999999975690116e-08;0.0;0.0;0.0;3.999999975690116e-08;0.0;0.0;0.0;3.999999975690116e-08
21,260000000,21.26,imu_link,-0.0007124535602489123,-0.003947565028801095,-0.015428733498414858,-0.00010248711156802176,2.836427336691221e-05,9.80032874500491,-4.615570793922723e-10,5.330484785074852e-08,-4.9891055599412256e-08,0.9999999999999973,0.0;0.0;0.0;0.0;0.0;0.0;0.0;0.0;0.0,7.621289842063561e-05;0.0;0.0;0.0;7.621289842063561e-05;0.0;0.0;0.0;7.621289842063561e-05,3.999999975690116e-08;0.0;0.0;0.0;3.999999975690116e-08;0.0;0.0;0.0;3.999999975690116e-08
21,280000000,21.28,imu_link,0.009532581435730082,-0.015547108987179026,-0.00047592831804735205,-4.212771875699026e-05,6.722075997625934e-05,9.800448257273315,-4.615570794619048e-10,5.330484785028313e-08,-4.989105559942947e-08,0.9999999999999973,0.0;0.0;0.0;0.0;0.0;0.0;0.0;0.0;0.0,7.621289842063561e-05;0.0;0.0;0.0;7.621289842063561e-05;0.0;0.0;0.0;7.621289842063561e-05,3.999999975690116e-08;0.0;0.0;0.0;3.999999975690116e-08;0.0;0.0;0.0;3.999999975690116e-08
21,300000000,21.3,imu_link,-0.026236222064802132,-0.009870935613324998,0.011606027306625325,7.8072790983784e-05,-0.0001561736652586785,9.80005179447638,-4.6155707950554516e-10,5.330484785046228e-08,-4.9891055599445284e-08,0.9999999999999973,0.0;0.0;0.0;0.0;0.0;0.0;0.0;0.0;0.0,7.621289842063561e-05;0.0;0.0;0.0;7.621289842063561e-05;0.0;0.0;0.0;7.621289842063561e-05,3.999999975690116e-08;0.0;0.0;0.0;3.999999975690116e-08;0.0;0.0;0.0;3.999999975690116e-08
21,320000000,21.32,imu_link,0.012399597995995099,-0.00010220358346732025,0.01629213177002115,0.00021579166686094446,-0.00015154771398451483,9.799959843679806,-4.6155707951705476e-10,5.3304847850822825e-08,-4.9891055599461364e-08,0.9999999999999973,0.0;0.0;0.0;0.0;0.0;0.0;0.0;0.0;0.0,7.621289842063561e-05;0.0;0.0;0.0;7.621289842063561e-05;0.0;0.0;0.0;7.621289842063561e-05,3.999999975690116e-08;0.0;0.0;0.0;3.999999975690116e-08;0.0;0.0;0.0;3.999999975690116e-08
21,340000000,21.34,imu_link,0.002514510883174038,-0.006145104237502093,0.000983868134289106,-7.505495331789833e-05,-9.184810559960104e-05,9.799862507499428,-4.6155707949196586e-10,5.330484785030005e-08,-4.989105559947751e-08,0.9999999999999973,0.0;0.0;0.0;0.0;0.0;0.0;0.0;0.0;0.0,7.621289842063561e-05;0.0;0.0;0.0;7.621289842063561e-05;0.0;0.0;0.0;7.621289842063561e-05,3.999999975690116e-08;0.0;0.0;0.0;3.999999975690116e-08;0.0;0.0;0.0;3.999999975690116e-08
21,360000000,21.36,imu_link,0.0003834133340252818,0.021615639081248833,-0.023611972166971324,0.00015948812775181352,-0.00014107076116188426,9.800169099817067,-4.6155707952550927e-10,5.3304847850479234e-08,-4.989105559949434e-08,0.9999999999999973,0.0;0.0;0.0;0.0;0.0;0.0;0.0;0.0;0.0,7.621289842063561e-05;0.0;0.0;0.0;7.621289842063561e-05;0.0;0.0;0.0;7.621289842063561e-05,3.999999975690116e-08;0.0;0.0;0.0;3.999999975690116e-08;0.0;0.0;0.0;3.999999975690116e-08
21,380000000,21.38,imu_link,0.0034281864232588496,0.015019636749698117,-0.007403994568597561,-0.00019511636118527026,-7.878216154111952e-07,9.799822813489252,-4.6155707955699973e-10,5.3304847850658514e-08,-4.9891055599510174e-08,0.9999999999999973,0.0;0.0;0.0;0.0;0.0;0.0;0.0;0.0;0.0,7.621289842063561e-05;0.0;0.0;0.0;7.621289842063561e-05;0.0;0.0;0.0;7.621289842063561e-05,3.999999975690116e-08;0.0;0.0;0.0;3.999999975690116e-08;0.0;0.0;0.0;3.999999975690116e-08
21,400000000,21.4,imu_link,0.0065325230339809805,-0.007234583239472965,0.0017371046254593978,7.135657153833889e-05,0.00027303651482040716,9.800306459086142,-4.615570795919888e-10,5.330484785037192e-08,-4.989105559952887e-08,0.9999999999999973,0.0;0.0;0.0;0.0;0.0;0.0;0.0;0.0;0.0,7.621289842063561e-05;0.0;0.0;0.0;7.621289842063561e-05;0.0;0.0;0.0;7.621289842063561e-05,3.999999975690116e-08;0.0;0.0;0.0;3.999999975690116e-08;0.0;0.0;0.0;3.999999975690116e-08
21,420000000,21.42,imu_link,0.00846988762865957,0.009678636683340817,-0.0033521114223584135,0.00014651583883102233,-2.096802201149543e-05,9.800036995124076,-4.6155707938212915e-10,5.330484785050347e-08,-4.989105559954404e-08,0.9999999999999973,0.0;0.0;0.0;0.0;0.0;0.0;0.0;0.0;0.0,7.621289842063561e-05;0.0;0.0;0.0;7.621289842063561e-05;0.0;0.0;0.0;7.621289842063561e-05,3.999999975690116e-08;0.0;0.0;0.0;3.999999975690116e-08;0.0;0.0;0.0;3.999999975690116e-08
21,440000000,21.44,imu_link,0.009114040498771016,-0.0035975061704088813,0.013009656014875465,0.0001823518621137045,-0.000144847290840695,9.799761182990336,-4.6155707940705525e-10,5.3304847850562236e-08,-4.989105559956091e-08,0.9999999999999973,0.0;0.0;0.0;0.0;0.0;0.0;0.0;0.0;0.0,7.621289842063561e-05;0.0;0.0;0.0;7.621289842063561e-05;0.0;0.0;0.0;7.621289842063561e-05,3.999999975690116e-08;0.0;0.0;0.0;3.999999975690116e-08;0.0;0.0;0.0;3.999999975690116e-08
21,460000000,21.46,imu_link,-0.005477276966723018,-0.004961482045064962,0.00999871034405488,0.00046871096270615845,-9.407074715083817e-05,9.800156399279341,-4.6155707968093134e-10,5.3304847850912306e-08,-4.989105559957648e-08,0.9999999999999973,0.0;0.0;0.0;0.0;0.0;0.0;0.0;0.0;0.0,7.621289842063561e-05;0.0;0.0;0.0;7.621289842063561e-05;0.0;0.0;0.0;7.621289842063561e-05,3.999999975690116e-08;0.0;0.0;0.0;3.999999975690116e-08;0.0;0.0;0.0;3.999999975690116e-08
21,480000000,21.48,imu_link,-0.013300580915064083,-0.006096720388743864,-0.006891340300079219,-0.00026711366472074083,-7.762878665938593e-05,9.800558503615083,-4.615570795097837e-10,5.330484785027737e-08,-4.989105559959312e-08,0.9999999999999973,0.0;0.0;0.0;0.0;0.0;0.0;0.0;0.0;0.0,7.621289842063561e-05;0.0;0.0;0.0;7.621289842063561e-05;0.0;0.0;0.0;7.621289842063561e-05,3.999999975690116e-08;0.0;0.0;0.0;3.999999975690116e-08;0.0;0.0;0.0;3.999999975690116e-08
21,500000000,21.5,imu_link,-0.0011533084923128205,-0.006048436035907268,-0.004643823543018082,0.00014834855379769143,-0.00010954251423344672,9.800300448849178,-4.6155707939031704e-10,5.330484785057622e-08,-4.989105559960981e-08,0.9999999999999973,0.0;0.0;0.0;0.0;0.0;0.0;0.0;0.0;0.0,7.621289842063561e-05;0.0;0.0;0.0;7.621289842063561e-05;0.0;0.0;0.0;7.621289842063561e-05,3.999999975690116e-08;0.0;0.0;0.0;3.999999975690116e-08;0.0;0.0;0.0;3.999999975690116e-08
21,520000000,21.52,imu_link,0.0026036765085658315,0.003465464443911804,-0.006878532065277334,0.0004269997904652453,-0.00017126327094019913,9.799717656426221,-4.6155707942612476e-10,5.330484785075829e-08,-4.989105559962678e-08,0.9999999999999973,0.0;0.0;0.0;0.0;0.0;0.0;0.0;0.0;0.0,7.621289842063561e-05;0.0;0.0;0.0;7.621289842063561e-05;0.0;0.0;0.0;7.621289842063561e-05,3.999999975690116e-08;0.0;0.0;0.0;3.999999975690116e-08;0.0;0.0;0.0;3.999999975690116e-08
21,540000000,21.54,imu_link,-0.007244038907642046,0.007807529840261832,0.007608521645016318,4.404545714688425e-06,8.806807005463402e-05,9.80009317279348,-4.6155707949591895e-10,5.330484785029469e-08,-4.9891055599643046e-08,0.9999999999999973,0.0;0.0;0.0;0.0;0.0;0.0;0.0;0.0;0.0,7.621289842063561e-05;0.0;0.0;0.0;7.621289842063561e-05;0.0;0.0;0.0;7.621289842063561e-05,3.999999975690116e-08;0.0;0.0;0.0;3.999999975690116e-08;0.0;0.0;0.0;3.999999975690116e-08
21,560000000,21.56,imu_link,0.01399599751110415,0.02576855157714017,-0.007845732463673448,-6.463698248268074e-05,-0.00027595854207874927,9.800013066063945,-4.6155707953759815e-10,5.3304847850476064e-08,-4.9891055599658677e-08,0.9999999999999973,0.0;0.0;0.0;0.0;0.0;0.0;0.0;0.0;0.0,7.621289842063561e-05;0.0;0.0;0.0;7.621289842063561e-05;0.0;0.0;0.0;7.621289842063561e-05,3.999999975690116e-08;0.0;0.0;0.0;3.999999975690116e-08;0.0;0.0;0.0;3.999999975690116e-08
21,580000000,21.58,imu_link,-0.003939126971290433,-0.0012339276812600567,0.005583644175835092,0.0001289597654135878,-8.191932607263446e-06,9.799971869624756,-4.615570794382472e-10,5.330484785067208e-08,-4.989105559967432e-08,0.9999999999999973,0.0;0.0;0.0;0.0;0.0;0.0;0.0;0.0;0.0,7.621289842063561e-05;0.0;0.0;0.0;7.621289842063561e-05;0.0;0.0;0.0;7.621289842063561e-05,3.999999975690116e-08;0.0;0.0;0.0;3.999999975690116e-08;0.0;0.0;0.0;3.999999975690116e-08
21,600000000,21.6,imu_link,-0.0077902602146661115,-0.007795841799823871,-0.0004496664157513115,-6.944158419842423e-05,0.00010168902844303156,9.800265926551623,-4.615570793301651e-10,5.330484785086749e-08,-4.989105559969056e-08,0.9999999999999973,0.0;0.0;0.0;0.0;0.0;0.0;0.0;0.0;0.0,7.621289842063561e-05;0.0;0.0;0.0;7.621289842063561e-05;0.0;0.0;0.0;7.621289842063561e-05,3.999999975690116e-08;0.0;0.0;0.0;3.999999975690116e-08;0.0;0.0;0.0;3.999999975690116e-08
21,620000000,21.62,imu_link,0.007897141945374829,-0.0016037187377556745,-0.012840100729916112,0.00011417997728394163,-0.00016489956848786129,9.800287531915302,-4.6155707951242664e-10,5.330484785058549e-08,-4.989105559970916e-08,0.9999999999999973,0.0;0.0;0.0;0.0;0.0;0.0;0.0;0.0;0.0,7.621289842063561e-05;0.0;0.0;0.0;7.621289842063561e-05;0.0;0.0;0.0;7.621289842063561e-05,3.999999975690116e-08;0.0;0.0;0.0;3.999999975690116e-08;0.0;0.0;0.0;3.999999975690116e-08
21,640000000,21.64,imu_link,0.006162971578206926,-0.013524412024063707,0.005092851708467325,-0.00012332152200197603,-8.965920998902108e-05,9.799907706365385,-4.6155707943773145e-10,5.3304847850590936e-08,-4.9891055599725394e-08,0.9999999999999973,0.0;0.0;0.0;0.0;0.0;0.0;0.0;0.0;0.0,7.621289842063561e-05;0.0;0.0;0.0;7.621289842063561e-05;0.0;0.0;0.0;7.621289842063561e-05,3.999999975690116e-08;0.0;0.0;0.0;3.999999975690116e-08;0.0;0.0;0.0;3.999999975690116e-08
21,660000000,21.66,imu_link,-0.0062358495261633,-0.003681487545765247,0.0019821311463011043,4.7517754949991674e-05,-0.00023752324998827353,9.800071918223829,-4.6155707946821316e-10,5.330484785077058e-08,-4.9891055599741825e-08,0.9999999999999973,0.0;0.0;0.0;0.0;0.0;0.0;0.0;0.0;0.0,7.621289842063561e-05;0.0;0.0;0.0;7.621289842063561e-05;0.0;0.0;0.0;7.621289842063561e-05,3.999999975690116e-08;0.0;0.0;0.0;3.999999975690116e-08;0.0;0.0;0.0;3.999999975690116e-08
21,680000000,21.68,imu_link,0.0007001893167962124,0.00765713429291818,-0.004156321100858054,7.143536510535598e-05,-9.919560777885662e-05,9.8000129418989,-4.615570795330726e-10,5.3304847850318655e-08,-4.9891055599757554e-08,0.9999999999999973,0.0;0.0;0.0;0.0;0.0;0.0;0.0;0.0;0.0,7.621289842063561e-05;0.0;0.0;0.0;7.621289842063561e-05;0.0;0.0;0.0;7.621289842063561e-05,3.999999975690116e-08;0.0;0.0;0.0;3.999999975690116e-08;0.0;0.0;0.0;3.999999975690116e-08
21,700000000,21.7,imu_link,-0.005002745451178851,-0.010486754689711273,-0.004731642852542749,0.0001784392666138569,-9.75036427457221e-06,9.800534080109543,-4.6155707966426825e-10,5.33048478506635e-08,-4.989105559977501e-08,0.9999999999999973,0.0;0.0;0.0;0.0;0.0;0.0;0.0;0.0;0.0,7.621289842063561e-05;0.0;0.0;0.0;7.621289842063561e-05;0.0;0.0;0.0;7.621289842063561e-05,3.999999975690116e-08;0.0;0.0;0.0;3.999999975690116e-08;0.0;0.0;0.0;3.999999975690116e-08
21,720000000,21.72,imu_link,0.0025746714636719382,-0.015868451298926247,0.001020556394724981,0.00042924124917628287,-0.00027159203954333673,9.800240802222753,-4.615570794561625e-10,5.3304847850790684e-08,-4.989105559979138e-08,0.9999999999999973,0.0;0.0;0.0;0.0;0.0;0.0;0.0;0.0;0.0,7.621289842063561e-05;0.0;0.0;0.0;7.621289842063561e-05;0.0;0.0;0.0;7.621289842063561e-05,3.999999975690116e-08;0.0;0.0;0.0;3.999999975690116e-08;0.0;0.0;0.0;3.999999975690116e-08
21,740000000,21.74,imu_link,0.007833132738928354,-0.011133947612496935,0.00015812554660860203,5.532330256589017e-05,0.00018415655431306002,9.79993707958086,-4.615570795207299e-10,5.330484785031171e-08,-4.989105559980906e-08,0.9999999999999973,0.0;0.0;0.0;0.0;0.0;0.0;0.0;0.0;0.0,7.621289842063561e-05;0.0;0.0;0.0;7.621289842063561e-05;0.0;0.0;0.0;7.621289842063561e-05,3.999999975690116e-08;0.0;0.0;0.0;3.999999975690116e-08;0.0;0.0;0.0;3.999999975690116e-08
21,760000000,21.76,imu_link,0.017340788804921493,-0.008498916806582053,-0.005382283795431229,0.00025492517799238106,7.69951099556589e-05,9.800206333218384,-4.615570795644811e-10,5.3304847850484e-08,-4.9891055599825205e-08,0.9999999999999973,0.0;0.0;0.0;0.0;0.0;0.0;0.0;0.0;0.0,7.621289842063561e-05;0.0;0.0;0.0;7.621289842063561e-05;0.0;0.0;0.0;7.621289842063561e-05,3.999999975690116e-08;0.0;0.0;0.0;3.999999975690116e-08;0.0;0.0;0.0;3.999999975690116e-08
21,780000000,21.78,imu_link,0.006823985230516319,0.011645507160661962,0.0038467320052887766,7.554862273878766e-07,-0.00031955448675979984,9.80002445298208,-4.6155707960343966e-10,5.3304847850664595e-08,-4.9891055599839505e-08,0.9999999999999973,0.0;0.0;0.0;0.0;0.0;0.0;0.0;0.0;0.0,7.621289842063561e-05;0.0;0.0;0.0;7.621289842063561e-05;0.0;0.0;0.0;7.621289842063561e-05,3.999999975690116e-08;0.0;0.0;0.0;3.999999975690116e-08;0.0;0.0;0.0;3.999999975690116e-08
21,800000000,21.8,imu_link,-0.006578088407452341,-0.007851403612415965,0.0013397519962168507,-7.315371531809573e-05,-7.916728694853478e-06,9.800245004899608,-4.6155707936867784e-10,5.3304847850319436e-08,-4.989105559985507e-08,0.9999999999999973,0.0;0.0;0.0;0.0;0.0;0.0;0.0;0.0;0.0,7.621289842063561e-05;0.0;0.0;0.0;7.621289842063561e-05;0.0;0.0;0.0;7.621289842063561e-05,3.999999975690116e-08;0.0;0.0;0.0;3.999999975690116e-08;0.0;0.0;0.0;3.999999975690116e-08
21,820000000,21.82,imu_link,0.014701689839451356,-0.005234448747627109,-0.004735692792491292,0.0002704165658373427,-0.00017639236167176598,9.799962263706828,-4.6155707938822666e-10,5.330484785048679e-08,-4.989105559987067e-08,0.9999999999999973,0.0;0.0;0.0;0.0;0.0;0.0;0.0;0.0;0.0,7.621289842063561e-05;0.0;0.0;0.0;7.621289842063561e-05;0.0;0.0;0.0;7.621289842063561e-05,3.999999975690116e-08;0.0;0.0;0.0;3.999999975690116e-08;0.0;0.0;0.0;3.999999975690116e-08
21,840000000,21.84,imu_link,-0.009423695503952535,-0.0023185424244333377,0.0042969758088449075,2.4300764580917046e-06,-0.00019683010256592228,9.800165474429262,-4.6155707942105166e-10,5.330484785066267e-08,-4.989105559988563e-08,0.9999999999999973,0.0;0.0;0.0;0.0;0.0;0.0;0.0;0.0;0.0,7.621289842063561e-05;0.0;0.0;0.0;7.621289842063561e-05;0.0;0.0;0.0;7.621289842063561e-05,3.999999975690116e-08;0.0;0.0;0.0;3.999999975690116e-08;0.0;0.0;0.0;3.999999975690116e-08
21,860000000,21.86,imu_link,-0.00022028403640774738,-0.02164977266560278,-0.008501627255668935,-1.3276790391255198e-05,-8.786442148719445e-05,9.800234444512613,-4.615570793658765e-10,5.330484785078615e-08,-4.9891055599902007e-08,0.9999999999999973,0.0;0.0;0.0;0.0;0.0;0.0;0.0;0.0;0.0,7.621289842063561e-05;0.0;0.0;0.0;7.621289842063561e-05;0.0;0.0;0.0;7.621289842063561e-05,3.999999975690116e-08;0.0;0.0;0.0;3.999999975690116e-08;0.0;0.0;0.0;3.999999975690116e-08
21,880000000,21.88,imu_link,0.01592108040383544,0.0029125704377105754,-0.007251649214915618,2.489871386653315e-05,0.00016186720958078673,9.80041416019862,-4.6155707940094554e-10,5.3304847850376716e-08,-4.9891055599916466e-08,0.9999999999999973,0.0;0.0;0.0;0.0;0.0;0.0;0.0;0.0;0.0,7.621289842063561e-05;0.0;0.0;0.0;7.621289842063561e-05;0.0;0.0;0.0;7.621289842063561e-05,3.999999975690116e-08;0.0;0.0;0.0;3.999999975690116e-08;0.0;0.0;0.0;3.999999975690116e-08
21,900000000,21.9,imu_link,-0.009168058706787188,-0.0020936589523514004,-0.015631101708310818,0.00016704233401845244,-0.00022506690338679566,9.800310077285328,-4.6155707955960193e-10,5.330484785042579e-08,-4.9891055599932056e-08,0.9999999999999973,0.0;0.0;0.0;0.0;0.0;0.0;0.0;0.0;0.0,7.621289842063561e-05;0.0;0.0;0.0;7.621289842063561e-05;0.0;0.0;0.0;7.621289842063561e-05,3.999999975690116e-08;0.0;0.0;0.0;3.999999975690116e-08;0.0;0.0;0.0;3.999999975690116e-08
21,920000000,21.92,imu_link,-0.002927178665604402,-0.012024844684379388,-0.011157588283147656,-0.00021074839710470334,-0.0003837499867882856,9.800123374550104,-4.615570796926265e-10,5.3304847850782836e-08,-4.989105559994805e-08,0.9999999999999973,0.0;0.0;0.0;0.0;0.0;0.0;0.0;0.0;0.0,7.621289842063561e-05;0.0;0.0;0.0;7.621289842063561e-05;0.0;0.0;0.0;7.621289842063561e-05,3.999999975690116e-08;0.0;0.0;0.0;3.999999975690116e-08;0.0;0.0;0.0;3.999999975690116e-08
21,940000000,21.94,imu_link,0.0063215368360237025,-0.004355909061816545,0.013899587166230128,0.00031048106170350844,-2.9210543179491742e-05,9.799821851660019,-4.615570793843735e-10,5.330484785027848e-08,-4.9891055599963165e-08,0.9999999999999973,0.0;0.0;0.0;0.0;0.0;0.0;0.0;0.0;0.0,7.621289842063561e-05;0.0;0.0;0.0;7.621289842063561e-05;0.0;0.0;0.0;7.621289842063561e-05,3.999999975690116e-08;0.0;0.0;0.0;3.999999975690116e-08;0.0;0.0;0.0;3.999999975690116e-08
21,960000000,21.96,imu_link,-0.008574304179329676,-0.017185797726191335,0.003005636321687981,8.742324596580253e-05,-0.0003078766017265066,9.800048711293448,-4.615570794246689e-10,5.330484785046634e-08,-4.989105559997902e-08,0.9999999999999973,0.0;0.0;0.0;0.0;0.0;0.0;0.0;0.0;0.0,7.621289842063561e-05;0.0;0.0;0.0;7.621289842063561e-05;0.0;0.0;0.0;7.621289842063561e-05,3.999999975690116e-08;0.0;0.0;0.0;3.999999975690116e-08;0.0;0.0;0.0;3.999999975690116e-08
21,980000000,21.98,imu_link,-0.00801551722267351,-0.0019597157670349407,-0.008804669379887999,7.129226202002514e-05,0.0001398209136500281,9.799958017185885,-4.6155707947734854e-10,5.3304847850653445e-08,-4.9891055599995445e-08,0.9999999999999973,0.0;0.0;0.0;0.0;0.0;0.0;0.0;0.0;0.0,7.621289842063561e-05;0.0;0.0;0.0;7.621289842063561e-05;0.0;0.0;0.0;7.621289842063561e-05,3.999999975690116e-08;0.0;0.0;0.0;3.999999975690116e-08;0.0;0.0;0.0;3.999999975690116e-08
22,0,22.0,imu_link,-0.00030318657758972165,-0.00165678361162426,-0.01211654013739453,-3.5357489578732786e-05,1.8322642921598343e-05,9.800140730468474,-4.6155707951376067e-10,5.3304847850841956e-08,-4.9891055600009805e-08,0.9999999999999973,0.0;0.0;0.0;0.0;0.0;0.0;0.0;0.0;0.0,7.621289842063561e-05;0.0;0.0;0.0;7.621289842063561e-05;0.0;0.0;0.0;7.621289842063561e-05,3.999999975690116e-08;0.0;0.0;0.0;3.999999975690116e-08;0.0;0.0;0.0;3.999999975690116e-08
22,20000000,22.02,imu_link,0.013850742012892187,0.005356090829883553,-0.004644257835323672,-0.00011103471069838288,-0.00015875135812121096,9.80025326819117,-4.6155707958200126e-10,5.33048478503724e-08,-4.989105560002626e-08,0.9999999999999973,0.0;0.0;0.0;0.0;0.0;0.0;0.0;0.0;0.0,7.621289842063561e-05;0.0;0.0;0.0;7.621289842063561e-05;0.0;0.0;0.0;7.621289842063561e-05,3.999999975690116e-08;0.0;0.0;0.0;3.999999975690116e-08;0.0;0.0;0.0;3.999999975690116e-08
22,40000000,22.04,imu_link,-0.0002989320433515235,0.006117632553087762,0.0032768223356751907,0.0002676710258608102,-5.407380740482791e-05,9.800175581071011,-4.6155707961557973e-10,5.330484785055675e-08,-4.989105560004222e-08,0.9999999999999973,0.0;0.0;0.0;0.0;0.0;0.0;0.0;0.0;0.0,7.621289842063561e-05;0.0;0.0;0.0;7.621289842063561e-05;0.0;0.0;0.0;7.621289842063561e-05,3.999999975690116e-08;0.0;0.0;0.0;3.999999975690116e-08;0.0;0.0;0.0;3.999999975690116e-08
22,60000000,22.06,imu_link,-0.006471010873877498,0.003293841326577951,-0.012784119197508149,0.0001764928963591555,-0.00037017590476914354,9.799751149233517,-4.6155707952747765e-10,5.3304847850677e-08,-4.9891055600058986e-08,0.9999999999999973,0.0;0.0;0.0;0.0;0.0;0.0;0.0;0.0;0.0,7.621289842063561e-05;0.0;0.0;0.0;7.621289842063561e-05;0.0;0.0;0.0;7.621289842063561e-05,3.999999975690116e-08;0.0;0.0;0.0;3.999999975690116e-08;0.0;0.0;0.0;3.999999975690116e-08
22,80000000,22.08,imu_link,0.017446250289772612,-0.003053730037636164,0.006371521036219168,1.53473804934726e-05,-2.744730379599827e-05,9.800043985182803,-4.6155707955921574e-10,5.330484785026999e-08,-4.989105560007483e-08,0.9999999999999973,0.0;0.0;0.0;0.0;0.0;0.0;0.0;0.0;0.0,7.621289842063561e-05;0.0;0.0;0.0;7.621289842063561e-05;0.0;0.0;0.0;7.621289842063561e-05,3.999999975690116e-08;0.0;0.0;0.0;3.999999975690116e-08;0.0;0.0;0.0;3.999999975690116e-08
22,100000000,22.1,imu_link,-0.009860649874038391,-0.0067514175239172525,-0.0038210017504139095,-0.0001161298297071781,-2.524804892083651e-05,9.799927656480854,-4.6155707948456585e-10,5.3304847850383016e-08,-4.989105560009297e-08,0.9999999999999973,0.0;0.0;0.0;0.0;0.0;0.0;0.0;0.0;0.0,7.621289842063561e-05;0.0;0.0;0.0;7.621289842063561e-05;0.0;0.0;0.0;7.621289842063561e-05,3.999999975690116e-08;0.0;0.0;0.0;3.999999975690116e-08;0.0;0.0;0.0;3.999999975690116e-08
22,120000000,22.12,imu_link,0.007669099497365437,0.016655692118055867,-5.880372750066025e-05,-7.043237728870594e-05,0.0002316028008160303,9.80004890072516,-4.6155707953147366e-10,5.3304847850557485e-08,-4.989105560010905e-08,0.9999999999999973,0.0;0.0;0.0;0.0;0.0;0.0;0.0;0.0;0.0,7.621289842063561e-05;0.0;0.0;0.0;7.621289842063561e-05;0.0;0.0;0.0;7.621289842063561e-05,3.999999975690116e-08;0.0;0.0;0.0;3.999999975690116e-08;0.0;0.0;0.0;3.999999975690116e-08
22,140000000,22.14,imu_link,0.0017044100857277896,-0.007694785060549564,-0.005236421403575164,0.0002979265781682655,-6.75909396993367e-05,9.800121477593011,-4.615570796776285e-10,5.330484785090533e-08,-4.9891055600127185e-08,0.9999999999999973,0.0;0.0;0.0;0.0;0.0;0.0;0.0;0.0;0.0,7.621289842063561e-05;0.0;0.0;0.0;7.621289842063561e-05;0.0;0.0;0.0;7.621289842063561e-05,3.999999975690116e-08;0.0;0.0;0.0;3.999999975690116e-08;0.0;0.0;0.0;3.999999975690116e-08
22,160000000,22.16,imu_link,-0.002815391019343645,-0.00834108587511625,0.0005478111995982459,0.0002233618431540257,-0.0003119963652839753,9.799784228138872,-4.6155707949935227e-10,5.3304847850389144e-08,-4.9891055600143696e-08,0.9999999999999973,0.0;0.0;0.0;0.0;0.0;0.0;0.0;0.0;0.0,7.621289842063561e-05;0.0;0.0;0.0;7.621289842063561e-05;0.0;0.0;0.0;7.621289842063561e-05,3.999999975690116e-08;0.0;0.0;0.0;3.999999975690116e-08;0.0;0.0;0.0;3.999999975690116e-08
22,180000000,22.18,imu_link,0.0008235394153701263,-0.0001607429576133447,-0.014536547130019945,-4.929516479227082e-06,-9.287686328207355e-06,9.800004224924876,-4.6155707953118197e-10,5.330484785056802e-08,-4.989105560015972e-08,0.9999999999999973,0.0;0.0;0.0;0.0;0.0;0.0;0.0;0.0;0.0,7.621289842063561e-05;0.0;0.0;0.0;7.621289842063561e-05;0.0;0.0;0.0;7.621289842063561e-05,3.999999975690116e-08;0.0;0.0;0.0;3.999999975690116e-08;0.0;0.0;0.0;3.999999975690116e-08
22,200000000,22.2,imu_link,-0.013147019152117039,0.00796559124438315,-0.016385014349256845,0.00015662051329090642,-0.0004167724913886589,9.799832678849262,-4.615570795535146e-10,5.330484785074956e-08,-4.989105560017724e-08,0.9999999999999973,0.0;0.0;0.0;0.0;0.0;0.0;0.0;0.0;0.0,7.621289842063561e-05;0.0;0.0;0.0;7.621289842063561e-05;0.0;0.0;0.0;7.621289842063561e-05,3.999999975690116e-08;0.0;0.0;0.0;3.999999975690116e-08;0.0;0.0;0.0;3.999999975690116e-08
22,220000000,22.22,imu_link,-0.004043717055727606,-0.00154021592600415,-0.0015864230284900402,0.0003986787194621023,-8.374440531870235e-05,9.800192252631229,-4.6155707958823086e-10,5.330484785034424e-08,-4.989105560019189e-08,0.9999999999999973,0.0;0.0;0.0;0.0;0.0;0.0;0.0;0.0;0.0,7.621289842063561e-05;0.0;0.0;0.0;7.621289842063561e-05;0.0;0.0;0.0;7.621289842063561e-05,3.999999975690116e-08;0.0;0.0;0.0;3.999999975690116e-08;0.0;0.0;0.0;3.999999975690116e-08
22,240000000,22.24,imu_link,0.006235143189928195,-0.0008997817091440519,0.0022216572471833135,0.00029406952550092136,-0.00020925398214051175,9.800207025747222,-4.61557079373272e-10,5.3304847850466786e-08,-4.9891055600207786e-08,0.9999999999999973,0.0;0.0;0.0;0.0;0.0;0.0;0.0;0.0;0.0,7.621289842063561e-05;0.0;0.0;0.0;7.621289842063561e-05;0.0;0.0;0.0;7.621289842063561e-05,3.999999975690116e-08;0.0;0.0;0.0;3.999999975690116e-08;0.0;0.0;0.0;3.999999975690116e-08
22,260000000,22.26,imu_link,-0.0017366999027657527,-0.007221895445370142,0.012812943809982238,9.459160153001824e-05,-9.350661193454887e-05,9.80005420882478,-4.615570795573423e-10,5.330484785063449e-08,-4.989105560022382e-08,0.9999999999999973,0.0;0.0;0.0;0.0;0.0;0.0;0.0;0.0;0.0,7.621289842063561e-05;0.0;0.0;0.0;7.621289842063561e-05;0.0;0.0;0.0;7.621289842063561e-05,3.999999975690116e-08;0.0;0.0;0.0;3.999999975690116e-08;0.0;0.0;0.0;3.999999975690116e-08
22,280000000,22.28,imu_link,-0.004437629097025758,-0.012866167102762808,-0.008858763937175598,0.0001428704021442989,-9.713574586528354e-05,9.800286622173338,-4.615570794521559e-10,5.330484785082765e-08,-4.9891055600239384e-08,0.9999999999999973,0.0;0.0;0.0;0.0;0.0;0.0;0.0;0.0;0.0,7.621289842063561e-05;0.0;0.0;0.0;7.621289842063561e-05;0.0;0.0;0.0;7.621289842063561e-05,3.999999975690116e-08;0.0;0.0;0.0;3.999999975690116e-08;0.0;0.0;0.0;3.999999975690116e-08
22,300000000,22.3,imu_link,2.9710754511859316e-06,-0.005990705753050623,0.009756311104902169,-2.878437850258656e-05,-3.794699824012731e-05,9.79974874789661,-4.6155707963038797e-10,5.330484785052891e-08,-4.9891055600255147e-08,0.9999999999999973,0.0;0.0;0.0;0.0;0.0;0.0;0.0;0.0;0.0,7.621289842063561e-05;0.0;0.0;0.0;7.621289842063561e-05;0.0;0.0;0.0;7.621289842063561e-05,3.999999975690116e-08;0.0;0.0;0.0;3.999999975690116e-08;0.0;0.0;0.0;3.999999975690116e-08
22,320000000,22.32,imu_link,-0.0009904324150654775,-0.005165538251898476,0.002063635276478789,0.0005338565575361421,-0.00020316278652931298,9.800627145192186,-4.6155707940807785e-10,5.3304847850532306e-08,-4.989105560027149e-08,0.9999999999999973,0.0;0.0;0.0;0.0;0.0;0.0;0.0;0.0;0.0,7.621289842063561e-05;0.0;0.0;0.0;7.621289842063561e-05;0.0;0.0;0.0;7.621289842063561e-05,3.999999975690116e-08;0.0;0.0;0.0;3.999999975690116e-08;0.0;0.0;0.0;3.999999975690116e-08
22,340000000,22.34,imu_link,0.006205821987103798,-0.0072570025784021875,-0.003464558924055894,7.126574109955953e-05,-0.00026362935652518994,9.800167259964581,-4.6155707968593713e-10,5.3304847850879517e-08,-4.9891055600289796e-08,0.9999999999999973,0.0;0.0;0.0;0.0;0.0;0.0;0.0;0.0;0.0,7.621289842063561e-05;0.0;0.0;0.0;7.621289842063561e-05;0.0;0.0;0.0;7.621289842063561e-05,3.999999975690116e-08;0.0;0.0;0.0;3.999999975690116e-08;0.0;0.0;0.0;3.999999975690116e-08
22,360000000,22.36,imu_link,-0.003379755624126684,-0.006176252907647469,-0.0060964073952656395,0.0004294127239140065,8.082558748505153e-05,9.800388611113801,-4.61557079490464e-10,5.330484785089524e-08,-4.9891055600307325e-08,0.9999999999999973,0.0;0.0;0.0;0.0;0.0;0.0;0.0;0.0;0.0,7.621289842063561e-05;0.0;0.0;0.0;7.621289842063561e-05;0.0;0.0;0.0;7.621289842063561e-05,3.999999975690116e-08;0.0;0.0;0.0;3.999999975690116e-08;0.0;0.0;0.0;3.999999975690116e-08
22,380000000,22.38,imu_link,0.0013985252903977298,0.004158033001970751,-0.015793900053973946,0.0003266179144942596,-0.0005280707240935079,9.800223845677385,-4.615570794082387e-10,5.330484785054629e-08,-4.9891055600325966e-08,0.9999999999999973,0.0;0.0;0.0;0.0;0.0;0.0;0.0;0.0;0.0,7.621289842063561e-05;0.0;0.0;0.0;7.621289842063561e-05;0.0;0.0;0.0;7.621289842063561e-05,3.999999975690116e-08;0.0;0.0;0.0;3.999999975690116e-08;0.0;0.0;0.0;3.999999975690116e-08
22,400000000,22.4,imu_link,0.005982061961186508,-0.003498840127963397,0.008084951409693094,3.277271747135982e-05,-2.9252364170639483e-05,9.80032838635822,-4.615570795768864e-10,5.330484785071723e-08,-4.98910556003431e-08,0.9999999999999973,0.0;0.0;0.0;0.0;0.0;0.0;0.0;0.0;0.0,7.621289842063561e-05;0.0;0.0;0.0;7.621289842063561e-05;0.0;0.0;0.0;7.621289842063561e-05,3.999999975690116e-08;0.0;0.0;0.0;3.999999975690116e-08;0.0;0.0;0.0;3.999999975690116e-08
22,420000000,22.42,imu_link,-0.003962673520496669,-0.009260919124164135,-0.0017969865303462831,0.0002239960432121078,-0.0001610655182899161,9.800233932339683,-4.6155707937129603e-10,5.330484785085137e-08,-4.989105560036332e-08,0.9999999999999973,0.0;0.0;0.0;0.0;0.0;0.0;0.0;0.0;0.0,7.621289842063561e-05;0.0;0.0;0.0;7.621289842063561e-05;0.0;0.0;0.0;7.621289842063561e-05,3.999999975690116e-08;0.0;0.0;0.0;3.999999975690116e-08;0.0;0.0;0.0;3.999999975690116e-08
22,440000000,22.44,imu_link,0.0017705763975474282,0.0030115466576570702,0.004815459271331366,0.0004540944674684422,6.256711537139619e-05,9.800005388518048,-4.615570794370548e-10,5.330484785038409e-08,-4.9891055600379965e-08,0.9999999999999973,0.0;0.0;0.0;0.0;0.0;0.0;0.0;0.0;0.0,7.621289842063561e-05;0.0;0.0;0.0;7.621289842063561e-05;0.0;0.0;0.0;7.621289842063561e-05,3.999999975690116e-08;0.0;0.0;0.0;3.999999975690116e-08;0.0;0.0;0.0;3.999999975690116e-08
22,460000000,22.46,imu_link,-0.013058582982527463,-0.0021690695245023322,0.012617435640097631,-0.00015350602907034713,-0.0003644005148276557,9.800265325309045,-4.6155707947286564e-10,5.330484785055747e-08,-4.9891055600398825e-08,0.9999999999999973,0.0;0.0;0.0;0.0;0.0;0.0;0.0;0.0;0.0,7.621289842063561e-05;0.0;0.0;0.0;7.621289842063561e-05;0.0;0.0;0.0;7.621289842063561e-05,3.999999975690116e-08;0.0;0.0;0.0;3.999999975690116e-08;0.0;0.0;0.0;3.999999975690116e-08
22,480000000,22.48,imu_link,0.004706288644925593,-0.017396068623058168,0.0071685658429429385,0.00019822806564010322,-0.00034171048623727316,9.80009766326748,-4.615570795189218e-10,5.33048478502712e-08,-4.9891055600416864e-08,0.9999999999999973,0.0;0.0;0.0;0.0;0.0;0.0;0.0;0.0;0.0,7.621289842063561e-05;0.0;0.0;0.0;7.621289842063561e-05;0.0;0.0;0.0;7.621289842063561e-05,3.999999975690116e-08;0.0;0.0;0.0;3.999999975690116e-08;0.0;0.0;0.0;3.999999975690116e-08
22,500000000,22.5,imu_link,0.0026045840174300883,-0.00800038225173705,-0.0058030899323903,0.00031207762392357645,-3.746818042093407e-05,9.800347861921864,-4.6155707943525565e-10,5.3304847850399434e-08,-4.989105560043272e-08,0.9999999999999973,0.0;0.0;0.0;0.0;0.0;0.0;0.0;0.0;0.0,7.621289842063561e-05;0.0;0.0;0.0;7.621289842063561e-05;0.0;0.0;0.0;7.621289842063561e-05,3.999999975690116e-08;0.0;0.0;0.0;3.999999975690116e-08;0.0;0.0;0.0;3.999999975690116e-08
22,520000000,22.52,imu_link,0.002796738870057312,-0.00042639378724201415,-0.010898840147352533,0.00018575622918476126,-3.474353716641206e-05,9.800459452202373,-4.615570793780228e-10,5.330484785053377e-08,-4.989105560045031e-08,0.9999999999999973,0.0;0.0;0.0;0.0;0.0;0.0;0.0;0.0;0.0,7.621289842063561e-05;0.0;0.0;0.0;7.621289842063561e-05;0.0;0.0;0.0;7.621289842063561e-05,3.999999975690116e-08;0.0;0.0;0.0;3.999999975690116e-08;0.0;0.0;0.0;3.999999975690116e-08
22,540000000,22.54,imu_link,-0.015216477225049898,0.0015307751773085104,-0.012432759540850033,-0.00016664830508333244,7.113298542336234e-05,9.800019403379958,-4.615570796631197e-10,5.330484785075972e-08,-4.989105560046767e-08,0.9999999999999973,0.0;0.0;0.0;0.0;0.0;0.0;0.0;0.0;0.0,7.621289842063561e-05;0.0;0.0;0.0;7.621289842063561e-05;0.0;0.0;0.0;7.621289842063561e-05,3.999999975690116e-08;0.0;0.0;0.0;3.999999975690116e-08;0.0;0.0;0.0;3.999999975690116e-08
22,560000000,22.56,imu_link,0.01124067442571735,0.005063528688577969,-0.00485760179352498,-0.0007038952698654139,-0.00036315285616810673,9.800183076723178,-4.6155707959819896e-10,5.330484785030488e-08,-4.989105560048399e-08,0.9999999999999973,0.0;0.0;0.0;0.0;0.0;0.0;0.0;0.0;0.0,7.621289842063561e-05;0.0;0.0;0.0;7.621289842063561e-05;0.0;0.0;0.0;7.621289842063561e-05,3.999999975690116e-08;0.0;0.0;0.0;3.999999975690116e-08;0.0;0.0;0.0;3.999999975690116e-08
22,580000000,22.58,imu_link,-0.006698318858074176,0.015340667560543976,-0.004715091238200146,0.00040444087185287196,0.0003029942308131912,9.800228963753828,-4.6155707951810047e-10,5.330484785043301e-08,-4.9891055600502176e-08,0.9999999999999973,0.0;0.0;0.0;0.0;0.0;0.0;0.0;0.0;0.0,7.621289842063561e-05;0.0;0.0;0.0;7.621289842063561e-05;0.0;0.0;0.0;7.621289842063561e-05,3.999999975690116e-08;0.0;0.0;0.0;3.999999975690116e-08;0.0;0.0;0.0;3.999999975690116e-08
22,600000000,22.6,imu_link,-0.006374636111786725,0.007119040590215757,-0.004779750940095537,0.00013827110299601572,-0.00038568819741268307,9.80021482467003,-4.6155707945086144e-10,5.330484785055428e-08,-4.9891055600519904e-08,0.9999999999999973,0.0;0.0;0.0;0.0;0.0;0.0;0.0;0.0;0.0,7.621289842063561e-05;0.0;0.0;0.0;7.621289842063561e-05;0.0;0.0;0.0;7.621289842063561e-05,3.999999975690116e-08;0.0;0.0;0.0;3.999999975690116e-08;0.0;0.0;0.0;3.999999975690116e-08
22,620000000,22.62,imu_link,0.005409580726797906,0.004005499890126181,-0.00014710518611524008,0.0003335992271518046,-0.0004060813038934547,9.800420863017989,-4.615570794787829e-10,5.3304847850262374e-08,-4.989105560053925e-08,0.9999999999999973,0.0;0.0;0.0;0.0;0.0;0.0;0.0;0.0;0.0,7.621289842063561e-05;0.0;0.0;0.0;7.621289842063561e-05;0.0;0.0;0.0;7.621289842063561e-05,3.999999975690116e-08;0.0;0.0;0.0;3.999999975690116e-08;0.0;0.0;0.0;3.999999975690116e-08
22,640000000,22.64,imu_link,-0.007423279666671358,0.015633444863845408,0.0077618158172473774,6.624322296098633e-05,-2.900192905375296e-05,9.800191800672089,-4.61557079609829e-10,5.330484785050113e-08,-4.9891055600555896e-08,0.9999999999999973,0.0;0.0;0.0;0.0;0.0;0.0;0.0;0.0;0.0,7.621289842063561e-05;0.0;0.0;0.0;7.621289842063561e-05;0.0;0.0;0.0;7.621289842063561e-05,3.999999975690116e-08;0.0;0.0;0.0;3.999999975690116e-08;0.0;0.0;0.0;3.999999975690116e-08
22,660000000,22.66,imu_link,-0.001328434802352952,-0.014274198854431935,-0.010044688343245145,0.0006537144243733673,-6.980947695439649e-05,9.800031873777122,-4.6155707942165747e-10,5.3304847850636094e-08,-4.989105560057547e-08,0.9999999999999973,0.0;0.0;0.0;0.0;0.0;0.0;0.0;0.0;0.0,7.621289842063561e-05;0.0;0.0;0.0;7.621289842063561e-05;0.0;0.0;0.0;7.621289842063561e-05,3.999999975690116e-08;0.0;0.0;0.0;3.999999975690116e-08;0.0;0.0;0.0;3.999999975690116e-08
22,680000000,22.68,imu_link,0.01268568382091166,0.010420241089430838,-0.003095706790772786,7.386990349527327e-05,-0.0006624593049312748,9.799921017318942,-4.6155707935490125e-10,5.330484785075379e-08,-4.989105560059427e-08,0.9999999999999973,0.0;0.0;0.0;0.0;0.0;0.0;0.0;0.0;0.0,7.621289842063561e-05;0.0;0.0;0.0;7.621289842063561e-05;0.0;0.0;0.0;7.621289842063561e-05,3.999999975690116e-08;0.0;0.0;0.0;3.999999975690116e-08;0.0;0.0;0.0;3.999999975690116e-08
22,700000000,22.7,imu_link,9.535404334141235e-05,-0.003987213030114581,-0.005759255336179434,0.00038554415672953303,-0.0003475422829325967,9.799916359336269,-4.615570794285612e-10,5.330484785029133e-08,-4.989105560061241e-08,0.9999999999999973,0.0;0.0;0.0;0.0;0.0;0.0;0.0;0.0;0.0,7.621289842063561e-05;0.0;0.0;0.0;7.621289842063561e-05;0.0;0.0;0.0;7.621289842063561e-05,3.999999975690116e-08;0.0;0.0;0.0;3.999999975690116e-08;0.0;0.0;0.0;3.999999975690116e-08
22,720000000,22.72,imu_link,-0.006021729264523479,-0.007660512670300189,-0.008297750887916415,0.00013710391382151173,-0.0003253976552689634,9.800212545491728,-4.615570794598276e-10,5.330484785047275e-08,-4.989105560063016e-08,0.9999999999999973,0.0;0.0;0.0;0.0;0.0;0.0;0.0;0.0;0.0,7.621289842063561e-05;0.0;0.0;0.0;7.621289842063561e-05;0.0;0.0;0.0;7.621289842063561e-05,3.999999975690116e-08;0.0;0.0;0.0;3.999999975690116e-08;0.0;0.0;0.0;3.999999975690116e-08
22,740000000,22.74,imu_link,0.0040386860387946165,0.004221687118726889,0.008404706717709964,0.0003449841171238437,-0.000388758337371136,9.79965597347706,-4.615570794535485e-10,5.33048478508377e-08,-4.9891055600647707e-08,0.9999999999999973,0.0;0.0;0.0;0.0;0.0;0.0;0.0;0.0;0.0,7.621289842063561e-05;0.0;0.0;0.0;7.621289842063561e-05;0.0;0.0;0.0;7.621289842063561e-05,3.999999975690116e-08;0.0;0.0;0.0;3.999999975690116e-08;0.0;0.0;0.0;3.999999975690116e-08
22,760000000,22.76,imu_link,0.004131706214985119,-0.00916021533793665,-0.004059183828939307,0.0004826067530725854,-0.0002102950377069289,9.799869072792314,-4.615570795373473e-10,5.3304847850373547e-08,-4.989105560066357e-08,0.9999999999999973,0.0;0.0;0.0;0.0;0.0;0.0;0.0;0.0;0.0,7.621289842063561e-05;0.0;0.0;0.0;7.621289842063561e-05;0.0;0.0;0.0;7.621289842063561e-05,3.999999975690116e-08;0.0;0.0;0.0;3.999999975690116e-08;0.0;0.0;0.0;3.999999975690116e-08
22,780000000,22.78,imu_link,0.004429495781618635,-0.004287962483412362,0.004377169693730844,-0.0001739890338074646,0.00013338248184378599,9.80007222637898,-4.6155707956884196e-10,5.3304847850556095e-08,-4.9891055600680516e-08,0.9999999999999973,0.0;0.0;0.0;0.0;0.0;0.0;0.0;0.0;0.0,7.621289842063561e-05;0.0;0.0;0.0;7.621289842063561e-05;0.0;0.0;0.0;7.621289842063561e-05,3.999999975690116e-08;0.0;0.0;0.0;3.999999975690116e-08;0.0;0.0;0.0;3.999999975690116e-08
22,800000000,22.8,imu_link,-0.0065772120895420325,0.0013884966234550284,0.013644818325641185,-0.0002684945006195256,3.5896764148509426e-05,9.80007172666408,-4.6155707959854126e-10,5.330484785072898e-08,-4.9891055600696835e-08,0.9999999999999973,0.0;0.0;0.0;0.0;0.0;0.0;0.0;0.0;0.0,7.621289842063561e-05;0.0;0.0;0.0;7.621289842063561e-05;0.0;0.0;0.0;7.621289842063561e-05,3.999999975690116e-08;0.0;0.0;0.0;3.999999975690116e-08;0.0;0.0;0.0;3.999999975690116e-08
22,820000000,22.82,imu_link,-0.011270896300795483,0.020582381138270822,-0.00580639479166384,1.1106722452660058e-05,-4.33811285761732e-06,9.80027571617952,-4.615570793855651e-10,5.330484785073821e-08,-4.9891055600713246e-08,0.9999999999999973,0.0;0.0;0.0;0.0;0.0;0.0;0.0;0.0;0.0,7.621289842063561e-05;0.0;0.0;0.0;7.621289842063561e-05;0.0;0.0;0.0;7.621289842063561e-05,3.999999975690116e-08;0.0;0.0;0.0;3.999999975690116e-08;0.0;0.0;0.0;3.999999975690116e-08
22,840000000,22.84,imu_link,0.0009714899839777791,-0.012479442520960258,0.00417891859523992,-0.0002900809894145897,0.00024262998460623534,9.80030574250563,-4.615570794319777e-10,5.330484785044982e-08,-4.9891055600729055e-08,0.9999999999999973,0.0;0.0;0.0;0.0;0.0;0.0;0.0;0.0;0.0,7.621289842063561e-05;0.0;0.0;0.0;7.621289842063561e-05;0.0;0.0;0.0;7.621289842063561e-05,3.999999975690116e-08;0.0;0.0;0.0;3.999999975690116e-08;0.0;0.0;0.0;3.999999975690116e-08
22,860000000,22.86,imu_link,0.019003224997460492,0.0015179677018965442,-0.002299535249196368,-0.00017945083189929852,0.00019740245702819597,9.800314032701976,-4.615570796022405e-10,5.3304847850619285e-08,-4.98910556007467e-08,0.9999999999999973,0.0;0.0;0.0;0.0;0.0;0.0;0.0;0.0;0.0,7.621289842063561e-05;0.0;0.0;0.0;7.621289842063561e-05;0.0;0.0;0.0;7.621289842063561e-05,3.999999975690116e-08;0.0;0.0;0.0;3.999999975690116e-08;0.0;0.0;0.0;3.999999975690116e-08
22,880000000,22.88,imu_link,-0.00022703080055223645,0.0062049641740003145,0.0043324609342008085,-0.00012613678679784102,-0.0007527180162900343,9.799886898919796,-4.6155707939482797e-10,5.330484785074479e-08,-4.989105560076307e-08,0.9999999999999973,0.0;0.0;0.0;0.0;0.0;0.0;0.0;0.0;0.0,7.621289842063561e-05;0.0;0.0;0.0;7.621289842063561e-05;0.0;0.0;0.0;7.621289842063561e-05,3.999999975690116e-08;0.0;0.0;0.0;3.999999975690116e-08;0.0;0.0;0.0;3.999999975690116e-08
22,900000000,22.9,imu_link,-0.0036917581858005475,0.008364111745304121,-0.02095684135708027,0.00010135727262549188,-0.0003818544066648992,9.800043927508224,-4.6155707943297625e-10,5.330484785045882e-08,-4.9891055600780446e-08,0.9999999999999973,0.0;0.0;0.0;0.0;0.0;0.0;0.0;0.0;0.0,7.621289842063561e-05;0.0;0.0;0.0;7.621289842063561e-05;0.0;0.0;0.0;7.621289842063561e-05,3.999999975690116e-08;0.0;0.0;0.0;3.999999975690116e-08;0.0;0.0;0.0;3.999999975690116e-08
22,920000000,22.92,imu_link,-0.004372121313826643,0.002167120364227533,-0.0032582653929995324,-0.00024464128726428265,0.0005210585880838982,9.800250506649583,-4.6155707948303257e-10,5.3304847850624626e-08,-4.9891055600797135e-08,0.9999999999999973,0.0;0.0;0.0;0.0;0.0;0.0;0.0;0.0;0.0,7.621289842063561e-05;0.0;0.0;0.0;7.621289842063561e-05;0.0;0.0;0.0;7.621289842063561e-05,3.999999975690116e-08;0.0;0.0;0.0;3.999999975690116e-08;0.0;0.0;0.0;3.999999975690116e-08
22,940000000,22.94,imu_link,-0.011951844508767894,0.015858245778663318,0.008351320618025383,0.00039724309115470274,3.1373265429080393e-05,9.800403515086186,-4.6155707940470906e-10,5.330484785074715e-08,-4.989105560081506e-08,0.9999999999999973,0.0;0.0;0.0;0.0;0.0;0.0;0.0;0.0;0.0,7.621289842063561e-05;0.0;0.0;0.0;7.621289842063561e-05;0.0;0.0;0.0;7.621289842063561e-05,3.999999975690116e-08;0.0;0.0;0.0;3.999999975690116e-08;0.0;0.0;0.0;3.999999975690116e-08
22,960000000,22.96,imu_link,-0.010938463105799665,-0.015331797103970948,0.012248549763599428,0.00015162176331893595,-7.110582107316977e-05,9.799951998068906,-4.615570794797452e-10,5.330484785027627e-08,-4.9891055600831625e-08,0.9999999999999973,0.0;0.0;0.0;0.0;0.0;0.0;0.0;0.0;0.0,7.621289842063561e-05;0.0;0.0;0.0;7.621289842063561e-05;0.0;0.0;0.0;7.621289842063561e-05,3.999999975690116e-08;0.0;0.0;0.0;3.999999975690116e-08;0.0;0.0;0.0;3.999999975690116e-08
22,980000000,22.98,imu_link,0.00879762908514653,0.0040329147829414064,-0.0032265283792699243,0.0002666082994186851,7.556139352415841e-05,9.799852936843847,-4.6155707950765965e-10,5.330484785043759e-08,-4.9891055600847825e-08,0.9999999999999973,0.0;0.0;0.0;0.0;0.0;0.0;0.0;0.0;0.0,7.621289842063561e-05;0.0;0.0;0.0;7.621289842063561e-05;0.0;0.0;0.0;7.621289842063561e-05,3.999999975690116e-08;0.0;0.0;0.0;3.999999975690116e-08;0.0;0.0;0.0;3.999999975690116e-08
23,0,23.0,imu_link,0.011351150450390542,0.0006746715595612601,-0.014191184605991301,0.00044918218159412777,0.0001589412841072935,9.799952001071196,-4.6155707954350795e-10,5.3304847850617175e-08,-4.989105560086459e-08,0.9999999999999973,0.0;0.0;0.0;0.0;0.0;0.0;0.0;0.0;0.0,7.621289842063561e-05;0.0;0.0;0.0;7.621289842063561e-05;0.0;0.0;0.0;7.621289842063561e-05,3.999999975690116e-08;0.0;0.0;0.0;3.999999975690116e-08;0.0;0.0;0.0;3.999999975690116e-08
23,20000000,23.02,imu_link,-0.004812654559567226,0.0053262006778675005,-0.013821495721795146,-0.00011004585790898819,-0.0002756109391583606,9.800096888532831,-4.6155707956262926e-10,5.330484785031896e-08,-4.989105560088002e-08,0.9999999999999973,0.0;0.0;0.0;0.0;0.0;0.0;0.0;0.0;0.0,7.621289842063561e-05;0.0;0.0;0.0;7.621289842063561e-05;0.0;0.0;0.0;7.621289842063561e-05,3.999999975690116e-08;0.0;0.0;0.0;3.999999975690116e-08;0.0;0.0;0.0;3.999999975690116e-08
23,40000000,23.04,imu_link,-0.00275960765327,0.0037619951289608405,-0.003236931760004412,-2.839987963490662e-05,0.0001822887097001614,9.800211711986492,-4.615570795982791e-10,5.330484785049049e-08,-4.989105560089519e-08,0.9999999999999973,0.0;0.0;0.0;0.0;0.0;0.0;0.0;0.0;0.0,7.621289842063561e-05;0.0;0.0;0.0;7.621289842063561e-05;0.0;0.0;0.0;7.621289842063561e-05,3.999999975690116e-08;0.0;0.0;0.0;3.999999975690116e-08;0.0;0.0;0.0;3.999999975690116e-08
23,60000000,23.06,imu_link,0.016409701652433304,-0.007250598713205606,-0.0033154851247669368,0.00017262793090378595,-0.00027826788935253553,9.800241003546233,-4.615570794048501e-10,5.330484785062351e-08,-4.9891055600911776e-08,0.9999999999999973,0.0;0.0;0.0;0.0;0.0;0.0;0.0;0.0;0.0,7.621289842063561e-05;0.0;0.0;0.0;7.621289842063561e-05;0.0;0.0;0.0;7.621289842063561e-05,3.999999975690116e-08;0.0;0.0;0.0;3.999999975690116e-08;0.0;0.0;0.0;3.999999975690116e-08
23,80000000,23.08,imu_link,-0.004909640342700008,-0.0075331425315427495,0.009230295822554784,-4.1623119963805184e-07,-0.00033591396226271755,9.800096285288225,-4.615570794478319e-10,5.330484785079546e-08,-4.9891055600929113e-08,0.9999999999999973,0.0;0.0;0.0;0.0;0.0;0.0;0.0;0.0;0.0,7.621289842063561e-05;0.0;0.0;0.0;7.621289842063561e-05;0.0;0.0;0.0;7.621289842063561e-05,3.999999975690116e-08;0.0;0.0;0.0;3.999999975690116e-08;0.0;0.0;0.0;3.999999975690116e-08
23,100000000,23.1,imu_link,-0.002165395607511749,-0.009083590492913669,-0.004286871272590452,-7.388003243061301e-05,2.4034691999192778e-05,9.80020801248406,-4.615570795235802e-10,5.3304847850316524e-08,-4.9891055600946034e-08,0.9999999999999973,0.0;0.0;0.0;0.0;0.0;0.0;0.0;0.0;0.0,7.621289842063561e-05;0.0;0.0;0.0;7.621289842063561e-05;0.0;0.0;0.0;7.621289842063561e-05,3.999999975690116e-08;0.0;0.0;0.0;3.999999975690116e-08;0.0;0.0;0.0;3.999999975690116e-08
23,120000000,23.12,imu_link,-0.013244407598908988,0.009628224134407188,0.008424883899720636,5.554405679881095e-05,-8.451837324272512e-05,9.800098989243985,-4.615570795623072e-10,5.3304847850490775e-08,-4.989105560096139e-08,0.9999999999999973,0.0;0.0;0.0;0.0;0.0;0.0;0.0;0.0;0.0,7.621289842063561e-05;0.0;0.0;0.0;7.621289842063561e-05;0.0;0.0;0.0;7.621289842063561e-05,3.999999975690116e-08;0.0;0.0;0.0;3.999999975690116e-08;0.0;0.0;0.0;3.999999975690116e-08
23,140000000,23.14,imu_link,0.007120831496590359,-0.006563573300650483,-0.005573429798185984,0.00015269186504252968,7.411164234705076e-05,9.800056178623802,-4.615570796086686e-10,5.330484785066425e-08,-4.9891055600979214e-08,0.9999999999999973,0.0;0.0;0.0;0.0;0.0;0.0;0.0;0.0;0.0,7.621289842063561e-05;0.0;0.0;0.0;7.621289842063561e-05;0.0;0.0;0.0;7.621289842063561e-05,3.999999975690116e-08;0.0;0.0;0.0;3.999999975690116e-08;0.0;0.0;0.0;3.999999975690116e-08
23,160000000,23.16,imu_link,-0.007621316392624489,-0.0026091903721777547,-0.00474718304044644,0.00011737777036343668,-0.0001575121324727906,9.799919892456227,-4.6155707940366717e-10,5.330484785032781e-08,-4.989105560099659e-08,0.9999999999999973,0.0;0.0;0.0;0.0;0.0;0.0;0.0;0.0;0.0,7.621289842063561e-05;0.0;0.0;0.0;7.621289842063561e-05;0.0;0.0;0.0;7.621289842063561e-05,3.999999975690116e-08;0.0;0.0;0.0;3.999999975690116e-08;0.0;0.0;0.0;3.999999975690116e-08
23,180000000,23.18,imu_link,-0.0029844893006509424,-0.005386870086884335,0.0017253499070482557,0.0003919972875248119,-0.00017008055983371045,9.7997951517266,-4.615570795868656e-10,5.330484785049648e-08,-4.989105560101269e-08,0.9999999999999973,0.0;0.0;0.0;0.0;0.0;0.0;0.0;0.0;0.0,7.621289842063561e-05;0.0;0.0;0.0;7.621289842063561e-05;0.0;0.0;0.0;7.621289842063561e-05,3.999999975690116e-08;0.0;0.0;0.0;3.999999975690116e-08;0.0;0.0;0.0;3.999999975690116e-08
23,200000000,23.2,imu_link,-0.015608633584219647,-0.005314863503575224,-0.004348109904221625,-0.00017596077481605796,0.0003904661856017982,9.799880604198131,-4.6155707937408285e-10,5.3304847850623395e-08,-4.989105560103031e-08,0.9999999999999973,0.0;0.0;0.0;0.0;0.0;0.0;0.0;0.0;0.0,7.621289842063561e-05;0.0;0.0;0.0;7.621289842063561e-05;0.0;0.0;0.0;7.621289842063561e-05,3.999999975690116e-08;0.0;0.0;0.0;3.999999975690116e-08;0.0;0.0;0.0;3.999999975690116e-08
23,220000000,23.22,imu_link,-0.004820120092114101,0.009541505306070031,0.004944104897325217,0.00023561343581169036,-0.00012259047921296684,9.800625263444369,-4.6155707941800764e-10,5.330484785079851e-08,-4.9891055601049114e-08,0.9999999999999973,0.0;0.0;0.0;0.0;0.0;0.0;0.0;0.0;0.0,7.621289842063561e-05;0.0;0.0;0.0;7.621289842063561e-05;0.0;0.0;0.0;7.621289842063561e-05,3.999999975690116e-08;0.0;0.0;0.0;3.999999975690116e-08;0.0;0.0;0.0;3.999999975690116e-08
23,240000000,23.24,imu_link,-0.0037314875819646504,-0.010900097838387577,0.00853742650440382,-4.909133299298644e-05,-0.00014244465126537847,9.800356870774488,-4.6155707959602647e-10,5.330484785049473e-08,-4.9891055601066604e-08,0.9999999999999973,0.0;0.0;0.0;0.0;0.0;0.0;0.0;0.0;0.0,7.621289842063561e-05;0.0;0.0;0.0;7.621289842063561e-05;0.0;0.0;0.0;7.621289842063561e-05,3.999999975690116e-08;0.0;0.0;0.0;3.999999975690116e-08;0.0;0.0;0.0;3.999999975690116e-08
23,260000000,23.26,imu_link,0.004771296377387687,-0.0064754175520892856,-0.006173585419847786,0.00021575460647882118,-6.758372493806679e-08,9.800047860187442,-4.615570796352328e-10,5.330484785067739e-08,-4.989105560108389e-08,0.9999999999999973,0.0;0.0;0.0;0.0;0.0;0.0;0.0;0.0;0.0,7.621289842063561e-05;0.0;0.0;0.0;7.621289842063561e-05;0.0;0.0;0.0;7.621289842063561e-05,3.999999975690116e-08;0.0;0.0;0.0;3.999999975690116e-08;0.0;0.0;0.0;3.999999975690116e-08
23,280000000,23.28,imu_link,0.0009660609919237704,0.000791746704076276,-0.001440032699257842,0.00018687086017058147,-4.630718387464961e-05,9.799907682830666,-4.61557079423749e-10,5.330484785068497e-08,-4.989105560110134e-08,0.9999999999999973,0.0;0.0;0.0;0.0;0.0;0.0;0.0;0.0;0.0,7.621289842063561e-05;0.0;0.0;0.0;7.621289842063561e-05;0.0;0.0;0.0;7.621289842063561e-05,3.999999975690116e-08;0.0;0.0;0.0;3.999999975690116e-08;0.0;0.0;0.0;3.999999975690116e-08
23,300000000,23.3,imu_link,-0.007993992748730463,0.006806508277584928,0.00735073569985831,0.00041794129268726295,-0.00016539609329735864,9.800258637586621,-4.615570797137579e-10,5.330484785091508e-08,-4.989105560111775e-08,0.9999999999999973,0.0;0.0;0.0;0.0;0.0;0.0;0.0;0.0;0.0,7.621289842063561e-05;0.0;0.0;0.0;7.621289842063561e-05;0.0;0.0;0.0;7.621289842063561e-05,3.999999975690116e-08;0.0;0.0;0.0;3.999999975690116e-08;0.0;0.0;0.0;3.999999975690116e-08
23,320000000,23.32,imu_link,0.0031188310373276356,0.005293648481042522,-0.009128746884611648,0.00023217580112838503,7.805092226432853e-05,9.800254757998259,-4.6155707940125346e-10,5.330484785041476e-08,-4.989105560113544e-08,0.9999999999999973,0.0;0.0;0.0;0.0;0.0;0.0;0.0;0.0;0.0,7.621289842063561e-05;0.0;0.0;0.0;7.621289842063561e-05;0.0;0.0;0.0;7.621289842063561e-05,3.999999975690116e-08;0.0;0.0;0.0;3.999999975690116e-08;0.0;0.0;0.0;3.999999975690116e-08
23,340000000,23.34,imu_link,0.0030949618583256833,0.002492795298727637,-0.00447017698243982,0.00017867636954865097,-0.0001208085042826247,9.800015255300353,-4.61557079437527e-10,5.3304847850606024e-08,-4.98910556011527e-08,0.9999999999999973,0.0;0.0;0.0;0.0;0.0;0.0;0.0;0.0;0.0,7.621289842063561e-05;0.0;0.0;0.0;7.621289842063561e-05;0.0;0.0;0.0;7.621289842063561e-05,3.999999975690116e-08;0.0;0.0;0.0;3.999999975690116e-08;0.0;0.0;0.0;3.999999975690116e-08
23,360000000,23.36,imu_link,-0.005862072946355386,-0.0029889076291990365,-0.0008712693970442144,0.0003221339041525489,-0.00017242450189745438,9.799997767932778,-4.61557079466065e-10,5.330484785032362e-08,-4.989105560117097e-08,0.9999999999999973,0.0;0.0;0.0;0.0;0.0;0.0;0.0;0.0;0.0,7.621289842063561e-05;0.0;0.0;0.0;7.621289842063561e-05;0.0;0.0;0.0;7.621289842063561e-05,3.999999975690116e-08;0.0;0.0;0.0;3.999999975690116e-08;0.0;0.0;0.0;3.999999975690116e-08
23,380000000,23.38,imu_link,0.015015300635527716,-0.009516739337085882,0.015007155756866081,-9.3494101933824e-05,-6.312879935739342e-05,9.799916588376586,-4.6155707939496275e-10,5.3304847850454776e-08,-4.989105560118782e-08,0.9999999999999973,0.0;0.0;0.0;0.0;0.0;0.0;0.0;0.0;0.0,7.621289842063561e-05;0.0;0.0;0.0;7.621289842063561e-05;0.0;0.0;0.0;7.621289842063561e-05,3.999999975690116e-08;0.0;0.0;0.0;3.999999975690116e-08;0.0;0.0;0.0;3.999999975690116e-08
23,400000000,23.4,imu_link,-0.00016437739704640745,0.004244789828694246,0.005116689408108894,0.00016326005532018133,0.0002065657416648868,9.799996103711198,-4.61557079560992e-10,5.330484785063222e-08,-4.9891055601205564e-08,0.9999999999999973,0.0;0.0;0.0;0.0;0.0;0.0;0.0;0.0;0.0,7.621289842063561e-05;0.0;0.0;0.0;7.621289842063561e-05;0.0;0.0;0.0;7.621289842063561e-05,3.999999975690116e-08;0.0;0.0;0.0;3.999999975690116e-08;0.0;0.0;0.0;3.999999975690116e-08
23,420000000,23.42,imu_link,-3.649666168660965e-05,0.0032480752250929846,-0.005405341229860494,1.3329005913739463e-05,1.2111533161642338e-06,9.800294972990384,-4.6155707970320214e-10,5.3304847850873064e-08,-4.9891055601222994e-08,0.9999999999999973,0.0;0.0;0.0;0.0;0.0;0.0;0.0;0.0;0.0,7.621289842063561e-05;0.0;0.0;0.0;7.621289842063561e-05;0.0;0.0;0.0;7.621289842063561e-05,3.999999975690116e-08;0.0;0.0;0.0;3.999999975690116e-08;0.0;0.0;0.0;3.999999975690116e-08
23,440000000,23.44,imu_link,0.005646928108700509,-0.014131002998220815,-0.011272347485615805,5.479927625527386e-05,-1.2908338799606065e-05,9.800041839232845,-4.6155707949234316e-10,5.3304847850897794e-08,-4.9891055601239756e-08,0.9999999999999973,0.0;0.0;0.0;0.0;0.0;0.0;0.0;0.0;0.0,7.621289842063561e-05;0.0;0.0;0.0;7.621289842063561e-05;0.0;0.0;0.0;7.621289842063561e-05,3.999999975690116e-08;0.0;0.0;0.0;3.999999975690116e-08;0.0;0.0;0.0;3.999999975690116e-08
23,460000000,23.46,imu_link,0.01662139427854905,0.015607741346627148,-0.01617749451595218,-0.00016230664648262598,-9.981291938615655e-05,9.80002630871738,-4.6155707941537524e-10,5.330484785055787e-08,-4.989105560125529e-08,0.9999999999999973,0.0;0.0;0.0;0.0;0.0;0.0;0.0;0.0;0.0,7.621289842063561e-05;0.0;0.0;0.0;7.621289842063561e-05;0.0;0.0;0.0;7.621289842063561e-05,3.999999975690116e-08;0.0;0.0;0.0;3.999999975690116e-08;0.0;0.0;0.0;3.999999975690116e-08
23,480000000,23.48,imu_link,-0.00024066108372658147,-0.007645035465798138,0.010169887838276093,0.0003023271555596024,-5.9435473165024824e-05,9.80020693558865,-4.6155707957840396e-10,5.330484785061506e-08,-4.989105560127424e-08,0.9999999999999973,0.0;0.0;0.0;0.0;0.0;0.0;0.0;0.0;0.0,7.621289842063561e-05;0.0;0.0;0.0;7.621289842063561e-05;0.0;0.0;0.0;7.621289842063561e-05,3.999999975690116e-08;0.0;0.0;0.0;3.999999975690116e-08;0.0;0.0;0.0;3.999999975690116e-08
23,500000000,23.5,imu_link,-0.013612228112623416,0.0033039694885578907,-0.004883175172473238,0.00013555964547021007,-0.0003196004066640334,9.799993303366893,-4.6155707951448337e-10,5.3304847850279883e-08,-4.9891055601293946e-08,0.9999999999999973,0.0;0.0;0.0;0.0;0.0;0.0;0.0;0.0;0.0,7.621289842063561e-05;0.0;0.0;0.0;7.621289842063561e-05;0.0;0.0;0.0;7.621289842063561e-05,3.999999975690116e-08;0.0;0.0;0.0;3.999999975690116e-08;0.0;0.0;0.0;3.999999975690116e-08
23,520000000,23.52,imu_link,0.004075907032806948,-0.004211974680661305,-5.28062876537221e-05,0.0004262898286700721,-0.00021449028662405385,9.800048410420956,-4.6155707955112287e-10,5.3304847850473483e-08,-4.989105560130989e-08,0.9999999999999973,0.0;0.0;0.0;0.0;0.0;0.0;0.0;0.0;0.0,7.621289842063561e-05;0.0;0.0;0.0;7.621289842063561e-05;0.0;0.0;0.0;7.621289842063561e-05,3.999999975690116e-08;0.0;0.0;0.0;3.999999975690116e-08;0.0;0.0;0.0;3.999999975690116e-08
23,540000000,23.54,imu_link,-0.0029028634909173965,2.1575197116166698e-05,0.008475570213361967,0.00017858686856024036,-0.00013937479190607492,9.799828977168175,-4.6155707958322094e-10,5.3304847850657184e-08,-4.9891055601327834e-08,0.9999999999999973,0.0;0.0;0.0;0.0;0.0;0.0;0.0;0.0;0.0,7.621289842063561e-05;0.0;0.0;0.0;7.621289842063561e-05;0.0;0.0;0.0;7.621289842063561e-05,3.999999975690116e-08;0.0;0.0;0.0;3.999999975690116e-08;0.0;0.0;0.0;3.999999975690116e-08
23,560000000,23.56,imu_link,0.00853975678263735,-0.005441579313649107,0.00854273416762056,0.00012896800519379266,2.1049106248276664e-05,9.800288247695871,-4.6155707937361187e-10,5.330484785033182e-08,-4.9891055601345966e-08,0.9999999999999973,0.0;0.0;0.0;0.0;0.0;0.0;0.0;0.0;0.0,7.621289842063561e-05;0.0;0.0;0.0;7.621289842063561e-05;0.0;0.0;0.0;7.621289842063561e-05,3.999999975690116e-08;0.0;0.0;0.0;3.999999975690116e-08;0.0;0.0;0.0;3.999999975690116e-08
23,580000000,23.58,imu_link,0.001153150609665364,-0.0009951138191411591,0.008233483847254069,-0.0001394922128864773,-4.739385038122544e-05,9.800265474442034,-4.615570794009064e-10,5.330484785050328e-08,-4.989105560136507e-08,0.9999999999999973,0.0;0.0;0.0;0.0;0.0;0.0;0.0;0.0;0.0,7.621289842063561e-05;0.0;0.0;0.0;7.621289842063561e-05;0.0;0.0;0.0;7.621289842063561e-05,3.999999975690116e-08;0.0;0.0;0.0;3.999999975690116e-08;0.0;0.0;0.0;3.999999975690116e-08
23,600000000,23.6,imu_link,-0.00013666666564571945,-0.003658770025490635,-0.0066331399793603,-0.000164655025149473,-0.00024514583629586567,9.800173488939514,-4.615570794279795e-10,5.330484785067921e-08,-4.98910556013833e-08,0.9999999999999973,0.0;0.0;0.0;0.0;0.0;0.0;0.0;0.0;0.0,7.621289842063561e-05;0.0;0.0;0.0;7.621289842063561e-05;0.0;0.0;0.0;7.621289842063561e-05,3.999999975690116e-08;0.0;0.0;0.0;3.999999975690116e-08;0.0;0.0;0.0;3.999999975690116e-08
23,620000000,23.62,imu_link,-0.004289643612475821,0.004329824775640229,0.0017424624419224088,9.157756497465409e-05,-0.00018992367842722118,9.800273458148457,-4.61557079463677e-10,5.330484785073682e-08,-4.989105560140148e-08,0.9999999999999973,0.0;0.0;0.0;0.0;0.0;0.0;0.0;0.0;0.0,7.621289842063561e-05;0.0;0.0;0.0;7.621289842063561e-05;0.0;0.0;0.0;7.621289842063561e-05,3.999999975690116e-08;0.0;0.0;0.0;3.999999975690116e-08;0.0;0.0;0.0;3.999999975690116e-08
23,640000000,23.64,imu_link,-0.009526543746051762,0.0005901111129974812,-0.019414759055106177,-0.00022416429656916967,0.0002745916957435609,9.800127273789412,-4.615570793745886e-10,5.330484785039663e-08,-4.989105560142065e-08,0.9999999999999973,0.0;0.0;0.0;0.0;0.0;0.0;0.0;0.0;0.0,7.621289842063561e-05;0.0;0.0;0.0;7.621289842063561e-05;0.0;0.0;0.0;7.621289842063561e-05,3.999999975690116e-08;0.0;0.0;0.0;3.999999975690116e-08;0.0;0.0;0.0;3.999999975690116e-08
23,660000000,23.66,imu_link,-0.0014557835821187707,0.0010633442189346598,-0.0052923516677603226,9.640655932651678e-05,-0.00022928524206359036,9.800371386563603,-4.6155707954935885e-10,5.3304847850443764e-08,-4.9891055601438094e-08,0.9999999999999973,0.0;0.0;0.0;0.0;0.0;0.0;0.0;0.0;0.0,7.621289842063561e-05;0.0;0.0;0.0;7.621289842063561e-05;0.0;0.0;0.0;7.621289842063561e-05,3.999999975690116e-08;0.0;0.0;0.0;3.999999975690116e-08;0.0;0.0;0.0;3.999999975690116e-08
23,680000000,23.68,imu_link,-0.0041308651644595745,-0.001996574344416368,-0.0030169955195353836,0.00013199158351541354,-0.0005031286319377918,9.799854623389303,-4.6155707943728364e-10,5.330484785076077e-08,-4.9891055601455736e-08,0.9999999999999973,0.0;0.0;0.0;0.0;0.0;0.0;0.0;0.0;0.0,7.621289842063561e-05;0.0;0.0;0.0;7.621289842063561e-05;0.0;0.0;0.0;7.621289842063561e-05,3.999999975690116e-08;0.0;0.0;0.0;3.999999975690116e-08;0.0;0.0;0.0;3.999999975690116e-08
23,700000000,23.7,imu_link,0.004459616993082147,-0.00042103118505905325,-0.01245669332628203,0.00030409468800592527,-0.00022668612492334218,9.800142958314513,-4.6155707960887745e-10,5.3304847850346415e-08,-4.9891055601473776e-08,0.9999999999999973,0.0;0.0;0.0;0.0;0.0;0.0;0.0;0.0;0.0,7.621289842063561e-05;0.0;0.0;0.0;7.621289842063561e-05;0.0;0.0;0.0;7.621289842063561e-05,3.999999975690116e-08;0.0;0.0;0.0;3.999999975690116e-08;0.0;0.0;0.0;3.999999975690116e-08
23,720000000,23.72,imu_link,0.002180509914076716,0.00855370429444505,-0.005783887250600544,0.0002624306816615086,0.00016069485381498455,9.800349658919174,-4.6155707953901367e-10,5.330484785048317e-08,-4.989105560149121e-08,0.9999999999999973,0.0;0.0;0.0;0.0;0.0;0.0;0.0;0.0;0.0,7.621289842063561e-05;0.0;0.0;0.0;7.621289842063561e-05;0.0;0.0;0.0;7.621289842063561e-05,3.999999975690116e-08;0.0;0.0;0.0;3.999999975690116e-08;0.0;0.0;0.0;3.999999975690116e-08
23,740000000,23.74,imu_link,0.0012548469731056716,0.0006378439382842833,0.014634049874667722,-0.0001203605180804304,-8.757462955781541e-05,9.800139739993098,-4.6155707944501266e-10,5.330484785067553e-08,-4.9891055601510046e-08,0.9999999999999973,0.0;0.0;0.0;0.0;0.0;0.0;0.0;0.0;0.0,7.621289842063561e-05;0.0;0.0;0.0;7.621289842063561e-05;0.0;0.0;0.0;7.621289842063561e-05,3.999999975690116e-08;0.0;0.0;0.0;3.999999975690116e-08;0.0;0.0;0.0;3.999999975690116e-08
23,760000000,23.76,imu_link,0.0055721591322390835,-0.010300061546191671,0.0035884441156527227,1.4420030978046992e-05,-0.00035483747987815614,9.799952464809857,-4.615570793670149e-10,5.3304847850789056e-08,-4.989105560153121e-08,0.9999999999999973,0.0;0.0;0.0;0.0;0.0;0.0;0.0;0.0;0.0,7.621289842063561e-05;0.0;0.0;0.0;7.621289842063561e-05;0.0;0.0;0.0;7.621289842063561e-05,3.999999975690116e-08;0.0;0.0;0.0;3.999999975690116e-08;0.0;0.0;0.0;3.999999975690116e-08
23,780000000,23.78,imu_link,-0.011156516811901556,-0.005324342941099108,0.017191902264441915,0.00011692645903386315,-0.00020011848442684746,9.799960573710083,-4.615570794472606e-10,5.330484785031803e-08,-4.9891055601551286e-08,0.9999999999999973,0.0;0.0;0.0;0.0;0.0;0.0;0.0;0.0;0.0,7.621289842063561e-05;0.0;0.0;0.0;7.621289842063561e-05;0.0;0.0;0.0;7.621289842063561e-05,3.999999975690116e-08;0.0;0.0;0.0;3.999999975690116e-08;0.0;0.0;0.0;3.999999975690116e-08
23,800000000,23.8,imu_link,-0.0011672299489495685,-0.0058658787475902585,-0.0070226692807263775,-0.00023298203105496097,0.00018992316037318873,9.800039299034134,-4.6155707947480326e-10,5.330484785049612e-08,-4.989105560157098e-08,0.9999999999999973,0.0;0.0;0.0;0.0;0.0;0.0;0.0;0.0;0.0,7.621289842063561e-05;0.0;0.0;0.0;7.621289842063561e-05;0.0;0.0;0.0;7.621289842063561e-05,3.999999975690116e-08;0.0;0.0;0.0;3.999999975690116e-08;0.0;0.0;0.0;3.999999975690116e-08
23,820000000,23.82,imu_link,0.00748483382803361,-0.0017207110310623478,0.002717779997797062,8.798651031738535e-06,-0.00021362875520897844,9.800091418247737,-4.6155707948194105e-10,5.3304847850864045e-08,-4.989105560158952e-08,0.9999999999999973,0.0;0.0;0.0;0.0;0.0;0.0;0.0;0.0;0.0,7.621289842063561e-05;0.0;0.0;0.0;7.621289842063561e-05;0.0;0.0;0.0;7.621289842063561e-05,3.999999975690116e-08;0.0;0.0;0.0;3.999999975690116e-08;0.0;0.0;0.0;3.999999975690116e-08
23,840000000,23.84,imu_link,-0.007495744581938651,-0.003936358783345583,0.0069956156601215244,9.893355553522126e-05,-0.0001373571894295229,9.800153087887507,-4.6155707955812164e-10,5.330484785039091e-08,-4.989105560161085e-08,0.9999999999999973,0.0;0.0;0.0;0.0;0.0;0.0;0.0;0.0;0.0,7.621289842063561e-05;0.0;0.0;0.0;7.621289842063561e-05;0.0;0.0;0.0;7.621289842063561e-05,3.999999975690116e-08;0.0;0.0;0.0;3.999999975690116e-08;0.0;0.0;0.0;3.999999975690116e-08
23,860000000,23.86,imu_link,-0.0008941946683700903,-0.00498053536822638,0.005017180027627838,-1.758314091133853e-05,5.404585198646951e-06,9.7998825746805,-4.6155707959745506e-10,5.330484785056599e-08,-4.9891055601630556e-08,0.9999999999999973,0.0;0.0;0.0;0.0;0.0;0.0;0.0;0.0;0.0,7.621289842063561e-05;0.0;0.0;0.0;7.621289842063561e-05;0.0;0.0;0.0;7.621289842063561e-05,3.999999975690116e-08;0.0;0.0;0.0;3.999999975690116e-08;0.0;0.0;0.0;3.999999975690116e-08
23,880000000,23.88,imu_link,0.015283804586159515,0.0007002478520144088,0.004693608341802636,0.0002577114257742837,-0.00013581265559751344,9.800053450201892,-4.6155707938600505e-10,5.330484785070582e-08,-4.9891055601648946e-08,0.9999999999999973,0.0;0.0;0.0;0.0;0.0;0.0;0.0;0.0;0.0,7.621289842063561e-05;0.0;0.0;0.0;7.621289842063561e-05;0.0;0.0;0.0;7.621289842063561e-05,3.999999975690116e-08;0.0;0.0;0.0;3.999999975690116e-08;0.0;0.0;0.0;3.999999975690116e-08
23,900000000,23.9,imu_link,0.011403556749383677,-0.000378944946812608,0.0027427391060770045,0.00021376754134404009,-0.0008671350821293473,9.799980652333815,-4.6155707943411057e-10,5.330484785087979e-08,-4.98910556016681e-08,0.9999999999999973,0.0;0.0;0.0;0.0;0.0;0.0;0.0;0.0;0.0,7.621289842063561e-05;0.0;0.0;0.0;7.621289842063561e-05;0.0;0.0;0.0;7.621289842063561e-05,3.999999975690116e-08;0.0;0.0;0.0;3.999999975690116e-08;0.0;0.0;0.0;3.999999975690116e-08
23,920000000,23.92,imu_link,-0.0032297616224047122,-0.013703306340322659,0.00022902823823368017,0.00024240317428357534,-0.0004574942520644477,9.799721016304396,-4.615570794983612e-10,5.330484785041156e-08,-4.989105560168588e-08,0.9999999999999973,0.0;0.0;0.0;0.0;0.0;0.0;0.0;0.0;0.0,7.621289842063561e-05;0.0;0.0;0.0;7.621289842063561e-05;0.0;0.0;0.0;7.621289842063561e-05,3.999999975690116e-08;0.0;0.0;0.0;3.999999975690116e-08;0.0;0.0;0.0;3.999999975690116e-08
23,940000000,23.94,imu_link,-0.003151928141874173,-0.013103129310891089,0.01851693219742768,0.00015402208066308553,0.00012846745854600905,9.800418944368626,-4.6155707954488257e-10,5.3304847850584617e-08,-4.9891055601706074e-08,0.9999999999999973,0.0;0.0;0.0;0.0;0.0;0.0;0.0;0.0;0.0,7.621289842063561e-05;0.0;0.0;0.0;7.621289842063561e-05;0.0;0.0;0.0;7.621289842063561e-05,3.999999975690116e-08;0.0;0.0;0.0;3.999999975690116e-08;0.0;0.0;0.0;3.999999975690116e-08
23,960000000,23.96,imu_link,0.0039316905690909764,0.0032195739678389933,-0.004094467040245049,0.00017912366817352817,-0.0002805537953139634,9.800308982534268,-4.6155707958832945e-10,5.330484785030175e-08,-4.989105560172255e-08,0.9999999999999973,0.0;0.0;0.0;0.0;0.0;0.0;0.0;0.0;0.0,7.621289842063561e-05;0.0;0.0;0.0;7.621289842063561e-05;0.0;0.0;0.0;7.621289842063561e-05,3.999999975690116e-08;0.0;0.0;0.0;3.999999975690116e-08;0.0;0.0;0.0;3.999999975690116e-08
23,980000000,23.98,imu_link,0.004516959674810036,4.557305627589805e-05,-0.0068338774381821975,0.0005088025395929491,0.00036919633263383803,9.800135231752568,-4.6155707952214384e-10,5.330484785042378e-08,-4.989105560174176e-08,0.9999999999999973,0.0;0.0;0.0;0.0;0.0;0.0;0.0;0.0;0.0,7.621289842063561e-05;0.0;0.0;0.0;7.621289842063561e-05;0.0;0.0;0.0;7.621289842063561e-05,3.999999975690116e-08;0.0;0.0;0.0;3.999999975690116e-08;0.0;0.0;0.0;3.999999975690116e-08
24,0,24.0,imu_link,-0.004087245495692905,0.005212434502266974,0.0128514103440628,0.00020995850276166184,-0.0003831883231053964,9.799840069196925,-4.615570795702412e-10,5.330484785060296e-08,-4.989105560175994e-08,0.9999999999999973,0.0;0.0;0.0;0.0;0.0;0.0;0.0;0.0;0.0,7.621289842063561e-05;0.0;0.0;0.0;7.621289842063561e-05;0.0;0.0;0.0;7.621289842063561e-05,3.999999975690116e-08;0.0;0.0;0.0;3.999999975690116e-08;0.0;0.0;0.0;3.999999975690116e-08
24,20000000,24.02,imu_link,-0.012124809276475294,0.00437731352813419,-0.012058562372125495,0.00010051166148364114,-0.0001144793986516492,9.800178278106795,-4.6155707934398945e-10,5.3304847850731246e-08,-4.9891055601777086e-08,0.9999999999999973,0.0;0.0;0.0;0.0;0.0;0.0;0.0;0.0;0.0,7.621289842063561e-05;0.0;0.0;0.0;7.621289842063561e-05;0.0;0.0;0.0;7.621289842063561e-05,3.999999975690116e-08;0.0;0.0;0.0;3.999999975690116e-08;0.0;0.0;0.0;3.999999975690116e-08
24,40000000,24.04,imu_link,0.003864992064167935,-0.009378963059725277,0.0021660182367711643,0.0004972666355933999,-1.2828482263098725e-05,9.79996212453942,-4.615570793897094e-10,5.330484785045525e-08,-4.989105560179439e-08,0.9999999999999973,0.0;0.0;0.0;0.0;0.0;0.0;0.0;0.0;0.0,7.621289842063561e-05;0.0;0.0;0.0;7.621289842063561e-05;0.0;0.0;0.0;7.621289842063561e-05,3.999999975690116e-08;0.0;0.0;0.0;3.999999975690116e-08;0.0;0.0;0.0;3.999999975690116e-08
24,60000000,24.06,imu_link,-0.002131283344400188,0.0029526316498329915,0.0032013748365425647,0.00017710018764372523,-3.96106245501949e-05,9.799536120021767,-4.615570794302169e-10,5.330484785063032e-08,-4.9891055601812284e-08,0.9999999999999973,0.0;0.0;0.0;0.0;0.0;0.0;0.0;0.0;0.0,7.621289842063561e-05;0.0;0.0;0.0;7.621289842063561e-05;0.0;0.0;0.0;7.621289842063561e-05,3.999999975690116e-08;0.0;0.0;0.0;3.999999975690116e-08;0.0;0.0;0.0;3.999999975690116e-08
24,80000000,24.08,imu_link,-0.008481525219504179,-0.009116554841514994,-0.014102743652470152,5.444295452956304e-05,-0.00021692942539765052,9.799980076496228,-4.615570796078247e-10,5.33048478506771e-08,-4.989105560183206e-08,0.9999999999999973,0.0;0.0;0.0;0.0;0.0;0.0;0.0;0.0;0.0,7.621289842063561e-05;0.0;0.0;0.0;7.621289842063561e-05;0.0;0.0;0.0;7.621289842063561e-05,3.999999975690116e-08;0.0;0.0;0.0;3.999999975690116e-08;0.0;0.0;0.0;3.999999975690116e-08
24,100000000,24.1,imu_link,0.006949358609862771,0.0031961283939405715,-0.010162944616721958,-0.00010397669009806513,-0.0001525345552877417,9.800046150824377,-4.615570794033844e-10,5.330484785035666e-08,-4.989105560184942e-08,0.9999999999999973,0.0;0.0;0.0;0.0;0.0;0.0;0.0;0.0;0.0,7.621289842063561e-05;0.0;0.0;0.0;7.621289842063561e-05;0.0;0.0;0.0;7.621289842063561e-05,3.999999975690116e-08;0.0;0.0;0.0;3.999999975690116e-08;0.0;0.0;0.0;3.999999975690116e-08
24,120000000,24.12,imu_link,-0.0020654075749650886,-0.0024279182148074,-0.003724988054077048,0.00010932904345638414,0.00021062162792932605,9.800189520213534,-4.615570795776959e-10,5.3304847850523346e-08,-4.989105560186797e-08,0.9999999999999973,0.0;0.0;0.0;0.0;0.0;0.0;0.0;0.0;0.0,7.621289842063561e-05;0.0;0.0;0.0;7.621289842063561e-05;0.0;0.0;0.0;7.621289842063561e-05,3.999999975690116e-08;0.0;0.0;0.0;3.999999975690116e-08;0.0;0.0;0.0;3.999999975690116e-08
24,140000000,24.14,imu_link,0.006431499589359669,0.0038963720687592604,0.002009738076266059,0.0002858257872889886,-0.0001859872276526472,9.79996638420278,-4.6155707936813035e-10,5.330484785053683e-08,-4.989105560188646e-08,0.9999999999999973,0.0;0.0;0.0;0.0;0.0;0.0;0.0;0.0;0.0,7.621289842063561e-05;0.0;0.0;0.0;7.621289842063561e-05;0.0;0.0;0.0;7.621289842063561e-05,3.999999975690116e-08;0.0;0.0;0.0;3.999999975690116e-08;0.0;0.0;0.0;3.999999975690116e-08
24,160000000,24.16,imu_link,-0.005027738631262218,-0.0022139246651806796,-0.004391945722052482,0.00018152883363940547,2.052259479582703e-05,9.800278080553266,-4.6155707940993425e-10,5.3304847850723656e-08,-4.9891055601907066e-08,0.9999999999999973,0.0;0.0;0.0;0.0;0.0;0.0;0.0;0.0;0.0,7.621289842063561e-05;0.0;0.0;0.0;7.621289842063561e-05;0.0;0.0;0.0;7.621289842063561e-05,3.999999975690116e-08;0.0;0.0;0.0;3.999999975690116e-08;0.0;0.0;0.0;3.999999975690116e-08
24,180000000,24.18,imu_link,-0.004036141784911295,0.016291696487978718,-0.007933663852395923,0.00020503396054538198,-6.11514670424965e-05,9.80011090695993,-4.615570794785085e-10,5.33048478503756e-08,-4.9891055601927944e-08,0.9999999999999973,0.0;0.0;0.0;0.0;0.0;0.0;0.0;0.0;0.0,7.621289842063561e-05;0.0;0.0;0.0;7.621289842063561e-05;0.0;0.0;0.0;7.621289842063561e-05,3.999999975690116e-08;0.0;0.0;0.0;3.999999975690116e-08;0.0;0.0;0.0;3.999999975690116e-08
24,200000000,24.2,imu_link,-0.003432260358446004,0.004670876637434435,0.026199172871668768,-3.518227886386287e-05,-0.0004934312300847981,9.80016595138444,-4.6155707952122613e-10,5.33048478505511e-08,-4.989105560194684e-08,0.9999999999999973,0.0;0.0;0.0;0.0;0.0;0.0;0.0;0.0;0.0,7.621289842063561e-05;0.0;0.0;0.0;7.621289842063561e-05;0.0;0.0;0.0;7.621289842063561e-05,3.999999975690116e-08;0.0;0.0;0.0;3.999999975690116e-08;0.0;0.0;0.0;3.999999975690116e-08
24,220000000,24.22,imu_link,-0.002878259489330699,0.010946486519202624,0.014981154473798865,0.0003030657349199961,-0.0001153979551674491,9.79997439484723,-4.6155707956429536e-10,5.330484785026975e-08,-4.989105560196592e-08,0.9999999999999973,0.0;0.0;0.0;0.0;0.0;0.0;0.0;0.0;0.0,7.621289842063561e-05;0.0;0.0;0.0;7.621289842063561e-05;0.0;0.0;0.0;7.621289842063561e-05,3.999999975690116e-08;0.0;0.0;0.0;3.999999975690116e-08;0.0;0.0;0.0;3.999999975690116e-08
24,240000000,24.24,imu_link,0.0006348689749422312,-0.0008222371888936711,-0.012760880106412504,-2.822353229397721e-05,-0.00022265590621510148,9.800463300688152,-4.615570795937595e-10,5.3304847850444545e-08,-4.98910556019855e-08,0.9999999999999973,0.0;0.0;0.0;0.0;0.0;0.0;0.0;0.0;0.0,7.621289842063561e-05;0.0;0.0;0.0;7.621289842063561e-05;0.0;0.0;0.0;7.621289842063561e-05,3.999999975690116e-08;0.0;0.0;0.0;3.999999975690116e-08;0.0;0.0;0.0;3.999999975690116e-08
24,260000000,24.26,imu_link,0.00893496258039246,-0.014383155120602849,-0.01006188857884022,0.0001922869353584979,7.150744638455321e-05,9.799988680050143,-4.6155707938066493e-10,5.3304847850579495e-08,-4.989105560200666e-08,0.9999999999999973,0.0;0.0;0.0;0.0;0.0;0.0;0.0;0.0;0.0,7.621289842063561e-05;0.0;0.0;0.0;7.621289842063561e-05;0.0;0.0;0.0;7.621289842063561e-05,3.999999975690116e-08;0.0;0.0;0.0;3.999999975690116e-08;0.0;0.0;0.0;3.999999975690116e-08
24,280000000,24.28,imu_link,0.004970238252577996,-0.0167403003729252,0.006116167930522749,0.00032168807250390906,4.446351628039963e-08,9.800117483969585,-4.615570794300673e-10,5.3304847850763135e-08,-4.9891055602026954e-08,0.9999999999999973,0.0;0.0;0.0;0.0;0.0;0.0;0.0;0.0;0.0,7.621289842063561e-05;0.0;0.0;0.0;7.621289842063561e-05;0.0;0.0;0.0;7.621289842063561e-05,3.999999975690116e-08;0.0;0.0;0.0;3.999999975690116e-08;0.0;0.0;0.0;3.999999975690116e-08
24,300000000,24.3,imu_link,0.013334238470452123,0.0033135835419078647,-0.00465077856937297,0.0001912088977872991,-7.605251019005116e-05,9.800219839679116,-4.6155707949253273e-10,5.3304847850288294e-08,-4.9891055602048256e-08,0.9999999999999973,0.0;0.0;0.0;0.0;0.0;0.0;0.0;0.0;0.0,7.621289842063561e-05;0.0;0.0;0.0;7.621289842063561e-05;0.0;0.0;0.0;7.621289842063561e-05,3.999999975690116e-08;0.0;0.0;0.0;3.999999975690116e-08;0.0;0.0;0.0;3.999999975690116e-08
24,320000000,24.32,imu_link,-0.00915370896910977,-0.004749534185536034,-0.013531337099080727,-5.5008729349051585e-06,-9.055545600377332e-05,9.799751086398862,-4.6155707953299066e-10,5.3304847850466456e-08,-4.989105560206954e-08,0.9999999999999973,0.0;0.0;0.0;0.0;0.0;0.0;0.0;0.0;0.0,7.621289842063561e-05;0.0;0.0;0.0;7.621289842063561e-05;0.0;0.0;0.0;7.621289842063561e-05,3.999999975690116e-08;0.0;0.0;0.0;3.999999975690116e-08;0.0;0.0;0.0;3.999999975690116e-08
24,340000000,24.34,imu_link,-0.0019741479900066525,-0.005738086900521137,0.004286363609745935,2.9604354178970437e-05,-9.699110921486792e-05,9.800172302597877,-4.6155707957118153e-10,5.3304847850641884e-08,-4.989105560209004e-08,0.9999999999999973,0.0;0.0;0.0;0.0;0.0;0.0;0.0;0.0;0.0,7.621289842063561e-05;0.0;0.0;0.0;7.621289842063561e-05;0.0;0.0;0.0;7.621289842063561e-05,3.999999975690116e-08;0.0;0.0;0.0;3.999999975690116e-08;0.0;0.0;0.0;3.999999975690116e-08
24,360000000,24.36,imu_link,-0.015712692220324623,0.0023542339353075283,-0.0019784205036838683,0.00023652906135162883,0.00018638248596468962,9.799899906654012,-4.6155707947871225e-10,5.330484785083476e-08,-4.989105560210966e-08,0.9999999999999973,0.0;0.0;0.0;0.0;0.0;0.0;0.0;0.0;0.0,7.621289842063561e-05;0.0;0.0;0.0;7.621289842063561e-05;0.0;0.0;0.0;7.621289842063561e-05,3.999999975690116e-08;0.0;0.0;0.0;3.999999975690116e-08;0.0;0.0;0.0;3.999999975690116e-08
24,380000000,24.38,imu_link,-0.007310909487939528,-0.002780432594221302,0.013319393856285862,0.0001558003529659998,-1.5398309805838336e-05,9.80009176932843,-4.615570793977992e-10,5.330484785048949e-08,-4.9891055602131285e-08,0.9999999999999973,0.0;0.0;0.0;0.0;0.0;0.0;0.0;0.0;0.0,7.621289842063561e-05;0.0;0.0;0.0;7.621289842063561e-05;0.0;0.0;0.0;7.621289842063561e-05,3.999999975690116e-08;0.0;0.0;0.0;3.999999975690116e-08;0.0;0.0;0.0;3.999999975690116e-08
24,400000000,24.4,imu_link,-0.008796381730582085,0.004782753538101341,-0.006771395673075284,-5.136183295160713e-05,-0.00019045791980348056,9.800377384515258,-4.61557079565161e-10,5.3304847850660625e-08,-4.989105560215405e-08,0.9999999999999973,0.0;0.0;0.0;0.0;0.0;0.0;0.0;0.0;0.0,7.621289842063561e-05;0.0;0.0;0.0;7.621289842063561e-05;0.0;0.0;0.0;7.621289842063561e-05,3.999999975690116e-08;0.0;0.0;0.0;3.999999975690116e-08;0.0;0.0;0.0;3.999999975690116e-08
24,420000000,24.42,imu_link,0.009599453364596128,0.013652996510724134,0.008783865229075118,-4.027659507722359e-05,-0.00020461552911777583,9.800066641189046,-4.6155707970272745e-10,5.3304847850895173e-08,-4.989105560217517e-08,0.9999999999999973,0.0;0.0;0.0;0.0;0.0;0.0;0.0;0.0;0.0,7.621289842063561e-05;0.0;0.0;0.0;7.621289842063561e-05;0.0;0.0;0.0;7.621289842063561e-05,3.999999975690116e-08;0.0;0.0;0.0;3.999999975690116e-08;0.0;0.0;0.0;3.999999975690116e-08
24,440000000,24.44,imu_link,0.016865840693751463,0.014050867056808018,0.0035603569275252356,4.814616011718618e-05,-0.00039218848598104124,9.799827069196388,-4.615570795306463e-10,5.3304847850378205e-08,-4.989105560219548e-08,0.9999999999999973,0.0;0.0;0.0;0.0;0.0;0.0;0.0;0.0;0.0,7.621289842063561e-05;0.0;0.0;0.0;7.621289842063561e-05;0.0;0.0;0.0;7.621289842063561e-05,3.999999975690116e-08;0.0;0.0;0.0;3.999999975690116e-08;0.0;0.0;0.0;3.999999975690116e-08
24,460000000,24.46,imu_link,0.0009723949961390632,0.009233046610010535,0.0016942813114572582,1.8279812793026994e-05,-0.00017003256273484437,9.799869216538443,-4.6155707956736823e-10,5.3304847850568014e-08,-4.98910556022173e-08,0.9999999999999973,0.0;0.0;0.0;0.0;0.0;0.0;0.0;0.0;0.0,7.621289842063561e-05;0.0;0.0;0.0;7.621289842063561e-05;0.0;0.0;0.0;7.621289842063561e-05,3.999999975690116e-08;0.0;0.0;0.0;3.999999975690116e-08;0.0;0.0;0.0;3.999999975690116e-08
24,480000000,24.48,imu_link,-0.0075162640485068235,-0.010763010430627593,0.010870533371657026,0.0001973701128501321,0.00044207477935716315,9.799950474569739,-4.615570796099492e-10,5.3304847850749484e-08,-4.989105560223784e-08,0.9999999999999973,0.0;0.0;0.0;0.0;0.0;0.0;0.0;0.0;0.0,7.621289842063561e-05;0.0;0.0;0.0;7.621289842063561e-05;0.0;0.0;0.0;7.621289842063561e-05,3.999999975690116e-08;0.0;0.0;0.0;3.999999975690116e-08;0.0;0.0;0.0;3.999999975690116e-08
24,500000000,24.5,imu_link,0.0028226997795215624,0.0011004131043809877,-0.0004940082414817845,0.0001922213410591197,-0.00021101707129926521,9.800243657498287,-4.6155707940823233e-10,5.330484785087748e-08,-4.989105560225934e-08,0.9999999999999973,0.0;0.0;0.0;0.0;0.0;0.0;0.0;0.0;0.0,7.621289842063561e-05;0.0;0.0;0.0;7.621289842063561e-05;0.0;0.0;0.0;7.621289842063561e-05,3.999999975690116e-08;0.0;0.0;0.0;3.999999975690116e-08;0.0;0.0;0.0;3.999999975690116e-08
24,520000000,24.52,imu_link,-0.003545401019118664,-0.002135494084271605,0.004581896993395902,0.00019648128062634167,-0.00037883655317126565,9.79989089367214,-4.615570794700766e-10,5.330484785039968e-08,-4.989105560227873e-08,0.9999999999999973,0.0;0.0;0.0;0.0;0.0;0.0;0.0;0.0;0.0,7.621289842063561e-05;0.0;0.0;0.0;7.621289842063561e-05;0.0;0.0;0.0;7.621289842063561e-05,3.999999975690116e-08;0.0;0.0;0.0;3.999999975690116e-08;0.0;0.0;0.0;3.999999975690116e-08
24,540000000,24.54,imu_link,-0.010798011575964515,0.021038553250658527,-0.012841004742923897,0.00019181741474673405,-0.00014669223026838853,9.799933868053827,-4.615570794798311e-10,5.330484785075273e-08,-4.9891055602299606e-08,0.9999999999999973,0.0;0.0;0.0;0.0;0.0;0.0;0.0;0.0;0.0,7.621289842063561e-05;0.0;0.0;0.0;7.621289842063561e-05;0.0;0.0;0.0;7.621289842063561e-05,3.999999975690116e-08;0.0;0.0;0.0;3.999999975690116e-08;0.0;0.0;0.0;3.999999975690116e-08
24,560000000,24.56,imu_link,-0.0050815454529429364,-0.0008856566471243018,0.008040930794314626,-6.359430284261153e-05,-7.974590525703667e-05,9.800064794502996,-4.6155707939917067e-10,5.330484785029833e-08,-4.989105560231812e-08,0.9999999999999973,0.0;0.0;0.0;0.0;0.0;0.0;0.0;0.0;0.0,7.621289842063561e-05;0.0;0.0;0.0;7.621289842063561e-05;0.0;0.0;0.0;7.621289842063561e-05,3.999999975690116e-08;0.0;0.0;0.0;3.999999975690116e-08;0.0;0.0;0.0;3.999999975690116e-08
24,580000000,24.58,imu_link,0.0033940785698039614,0.001967317076355606,0.006814487528091036,0.00015614227069308696,-0.0003412530239400935,9.800276170905706,-4.6155707957984387e-10,5.330484785045772e-08,-4.98910556023397e-08,0.9999999999999973,0.0;0.0;0.0;0.0;0.0;0.0;0.0;0.0;0.0,7.621289842063561e-05;0.0;0.0;0.0;7.621289842063561e-05;0.0;0.0;0.0;7.621289842063561e-05,3.999999975690116e-08;0.0;0.0;0.0;3.999999975690116e-08;0.0;0.0;0.0;3.999999975690116e-08
24,600000000,24.6,imu_link,0.0015453563595753412,0.010430525377891353,-0.008511507619264233,0.0004904475851192865,-5.616915207586423e-05,9.80019474126303,-4.615570793830507e-10,5.330484785058764e-08,-4.989105560235992e-08,0.9999999999999973,0.0;0.0;0.0;0.0;0.0;0.0;0.0;0.0;0.0,7.621289842063561e-05;0.0;0.0;0.0;7.621289842063561e-05;0.0;0.0;0.0;7.621289842063561e-05,3.999999975690116e-08;0.0;0.0;0.0;3.999999975690116e-08;0.0;0.0;0.0;3.999999975690116e-08
24,620000000,24.62,imu_link,0.012362851046771964,0.006459294230359711,-0.017946389375301516,0.00029423514187440844,-0.0002065641090450449,9.799986949788757,-4.6155707943112755e-10,5.330484785077969e-08,-4.989105560237986e-08,0.9999999999999973,0.0;0.0;0.0;0.0;0.0;0.0;0.0;0.0;0.0,7.621289842063561e-05;0.0;0.0;0.0;7.621289842063561e-05;0.0;0.0;0.0;7.621289842063561e-05,3.999999975690116e-08;0.0;0.0;0.0;3.999999975690116e-08;0.0;0.0;0.0;3.999999975690116e-08
24,640000000,24.64,imu_link,0.019177523293535805,0.0003206013786667434,-0.008173723975015404,0.0003433655873387966,-0.00025704450671001976,9.799916757449193,-4.615570793938502e-10,5.3304847850252567e-08,-4.989105560240296e-08,0.9999999999999973,0.0;0.0;0.0;0.0;0.0;0.0;0.0;0.0;0.0,7.621289842063561e-05;0.0;0.0;0.0;7.621289842063561e-05;0.0;0.0;0.0;7.621289842063561e-05,3.999999975690116e-08;0.0;0.0;0.0;3.999999975690116e-08;0.0;0.0;0.0;3.999999975690116e-08
24,660000000,24.66,imu_link,-0.005399804522222459,-0.008816856631291186,0.00554852442560562,-1.015890270086056e-05,0.00015645256589332473,9.800168927435157,-4.6155707965613495e-10,5.3304847850600234e-08,-4.98910556024228e-08,0.9999999999999973,0.0;0.0;0.0;0.0;0.0;0.0;0.0;0.0;0.0,7.621289842063561e-05;0.0;0.0;0.0;7.621289842063561e-05;0.0;0.0;0.0;7.621289842063561e-05,3.999999975690116e-08;0.0;0.0;0.0;3.999999975690116e-08;0.0;0.0;0.0;3.999999975690116e-08
24,680000000,24.68,imu_link,-0.0001222438835268381,-0.007152385112393262,-0.016218995615665043,0.0003372967321497812,5.673842845915735e-05,9.800247938236938,-4.61557079458019e-10,5.330484785074073e-08,-4.9891055602443225e-08,0.9999999999999973,0.0;0.0;0.0;0.0;0.0;0.0;0.0;0.0;0.0,7.621289842063561e-05;0.0;0.0;0.0;7.621289842063561e-05;0.0;0.0;0.0;7.621289842063561e-05,3.999999975690116e-08;0.0;0.0;0.0;3.999999975690116e-08;0.0;0.0;0.0;3.999999975690116e-08
24,700000000,24.7,imu_link,-0.013378451348364934,0.014704994236660393,-0.009683195854469584,0.0001572451887974201,0.00011905083277509759,9.800337772213402,-4.6155707939243835e-10,5.3304847850861127e-08,-4.989105560246497e-08,0.9999999999999973,0.0;0.0;0.0;0.0;0.0;0.0;0.0;0.0;0.0,7.621289842063561e-05;0.0;0.0;0.0;7.621289842063561e-05;0.0;0.0;0.0;7.621289842063561e-05,3.999999975690116e-08;0.0;0.0;0.0;3.999999975690116e-08;0.0;0.0;0.0;3.999999975690116e-08
24,720000000,24.72,imu_link,0.0033136603811294353,-0.010364433040480485,0.00784668587417341,0.0003027069495019863,-7.294376080321116e-05,9.80049492211656,-4.6155707946138706e-10,5.3304847850390295e-08,-4.989105560248286e-08,0.9999999999999973,0.0;0.0;0.0;0.0;0.0;0.0;0.0;0.0;0.0,7.621289842063561e-05;0.0;0.0;0.0;7.621289842063561e-05;0.0;0.0;0.0;7.621289842063561e-05,3.999999975690116e-08;0.0;0.0;0.0;3.999999975690116e-08;0.0;0.0;0.0;3.999999975690116e-08
24,740000000,24.74,imu_link,-0.008814810548421426,-0.009895502015901956,-0.00046555634260416775,0.00021870809127099594,0.00011315379942842109,9.799735179983427,-4.6155707950586694e-10,5.330484785057375e-08,-4.9891055602502265e-08,0.9999999999999973,0.0;0.0;0.0;0.0;0.0;0.0;0.0;0.0;0.0,7.621289842063561e-05;0.0;0.0;0.0;7.621289842063561e-05;0.0;0.0;0.0;7.621289842063561e-05,3.999999975690116e-08;0.0;0.0;0.0;3.999999975690116e-08;0.0;0.0;0.0;3.999999975690116e-08
24,760000000,24.76,imu_link,-0.010940152188113924,-0.010389810955359824,0.006357866186891379,0.00024680553643537464,-0.00016759751426949118,9.800109531783445,-4.6155707955345185e-10,5.330484785029455e-08,-4.9891055602521516e-08,0.9999999999999973,0.0;0.0;0.0;0.0;0.0;0.0;0.0;0.0;0.0,7.621289842063561e-05;0.0;0.0;0.0;7.621289842063561e-05;0.0;0.0;0.0;7.621289842063561e-05,3.999999975690116e-08;0.0;0.0;0.0;3.999999975690116e-08;0.0;0.0;0.0;3.999999975690116e-08
24,780000000,24.78,imu_link,0.010332263277635168,-0.0024943092160905236,0.009207913460178843,0.00011507195338405051,0.0001820914638967531,9.799934112330444,-4.6155707958186214e-10,5.330484785046085e-08,-4.9891055602541044e-08,0.9999999999999973,0.0;0.0;0.0;0.0;0.0;0.0;0.0;0.0;0.0,7.621289842063561e-05;0.0;0.0;0.0;7.621289842063561e-05;0.0;0.0;0.0;7.621289842063561e-05,3.999999975690116e-08;0.0;0.0;0.0;3.999999975690116e-08;0.0;0.0;0.0;3.999999975690116e-08
24,800000000,24.8,imu_link,0.0050195898317902275,-0.011581072381035921,-0.008360383937123354,0.0001321103540259536,-7.266458866291727e-05,9.79989143160009,-4.615570794637392e-10,5.330484785064415e-08,-4.989105560255972e-08,0.9999999999999973,0.0;0.0;0.0;0.0;0.0;0.0;0.0;0.0;0.0,7.621289842063561e-05;0.0;0.0;0.0;7.621289842063561e-05;0.0;0.0;0.0;7.621289842063561e-05,3.999999975690116e-08;0.0;0.0;0.0;3.999999975690116e-08;0.0;0.0;0.0;3.999999975690116e-08
24,820000000,24.82,imu_link,0.008374366447807924,0.02052106564164769,0.0015297769472966234,0.0004263599304537983,-0.00034922977720190445,9.800087533312457,-4.615570793940839e-10,5.3304847850764406e-08,-4.989105560258055e-08,0.9999999999999973,0.0;0.0;0.0;0.0;0.0;0.0;0.0;0.0;0.0,7.621289842063561e-05;0.0;0.0;0.0;7.621289842063561e-05;0.0;0.0;0.0;7.621289842063561e-05,3.999999975690116e-08;0.0;0.0;0.0;3.999999975690116e-08;0.0;0.0;0.0;3.999999975690116e-08
24,840000000,24.84,imu_link,-0.009158340005818732,0.006095647723876153,0.007283226936790549,0.00011158884772749947,-0.00012771306531545143,9.800060375976107,-4.6155707955376623e-10,5.33048478503379e-08,-4.989105560260079e-08,0.9999999999999973,0.0;0.0;0.0;0.0;0.0;0.0;0.0;0.0;0.0,7.621289842063561e-05;0.0;0.0;0.0;7.621289842063561e-05;0.0;0.0;0.0;7.621289842063561e-05,3.999999975690116e-08;0.0;0.0;0.0;3.999999975690116e-08;0.0;0.0;0.0;3.999999975690116e-08
24,860000000,24.86,imu_link,0.014890772029298466,0.013352301049059297,-0.004508819556067951,0.00032413132045826113,0.00014641936579829065,9.800175442179562,-4.615570794848323e-10,5.330484785045703e-08,-4.989105560262091e-08,0.9999999999999973,0.0;0.0;0.0;0.0;0.0;0.0;0.0;0.0;0.0,7.621289842063561e-05;0.0;0.0;0.0;7.621289842063561e-05;0.0;0.0;0.0;7.621289842063561e-05,3.999999975690116e-08;0.0;0.0;0.0;3.999999975690116e-08;0.0;0.0;0.0;3.999999975690116e-08
24,880000000,24.88,imu_link,-0.010626949792094558,0.00892271138879285,0.0016689842350170174,0.00046818867296560595,-0.0001586274048364166,9.799786440458453,-4.6155707963021555e-10,5.3304847850690125e-08,-4.989105560264087e-08,0.9999999999999973,0.0;0.0;0.0;0.0;0.0;0.0;0.0;0.0;0.0,7.621289842063561e-05;0.0;0.0;0.0;7.621289842063561e-05;0.0;0.0;0.0;7.621289842063561e-05,3.999999975690116e-08;0.0;0.0;0.0;3.999999975690116e-08;0.0;0.0;0.0;3.999999975690116e-08
24,900000000,24.9,imu_link,0.008990645605250445,-0.01158068071559106,-0.01085717763820868,-0.00024920400626424937,-0.00017494614681843104,9.800212163437859,-4.615570795771332e-10,5.330484785035691e-08,-4.9891055602662063e-08,0.9999999999999973,0.0;0.0;0.0;0.0;0.0;0.0;0.0;0.0;0.0,7.621289842063561e-05;0.0;0.0;0.0;7.621289842063561e-05;0.0;0.0;0.0;7.621289842063561e-05,3.999999975690116e-08;0.0;0.0;0.0;3.999999975690116e-08;0.0;0.0;0.0;3.999999975690116e-08
24,920000000,24.92,imu_link,-0.011001359581350175,0.0008305382219754915,-0.004361706655678481,-0.00016470089889785133,-0.0001714150331120031,9.80019642897433,-4.615570793705605e-10,5.3304847850357705e-08,-4.9891055602683716e-08,0.9999999999999973,0.0;0.0;0.0;0.0;0.0;0.0;0.0;0.0;0.0,7.621289842063561e-05;0.0;0.0;0.0;7.621289842063561e-05;0.0;0.0;0.0;7.621289842063561e-05,3.999999975690116e-08;0.0;0.0;0.0;3.999999975690116e-08;0.0;0.0;0.0;3.999999975690116e-08
24,940000000,24.94,imu_link,0.0077145295388522045,-0.011728400479237856,0.004372099394655591,-0.00011577613209670064,-0.000251622693750403,9.79997634044756,-4.615570796365201e-10,5.330484785071463e-08,-4.9891055602703925e-08,0.9999999999999973,0.0;0.0;0.0;0.0;0.0;0.0;0.0;0.0;0.0,7.621289842063561e-05;0.0;0.0;0.0;7.621289842063561e-05;0.0;0.0;0.0;7.621289842063561e-05,3.999999975690116e-08;0.0;0.0;0.0;3.999999975690116e-08;0.0;0.0;0.0;3.999999975690116e-08
24,960000000,24.96,imu_link,0.011173870011944668,-0.00518254620823432,-0.0011349661383053362,0.0002804345370578706,-5.314697831159594e-06,9.800180165424939,-4.615570794272816e-10,5.3304847850842876e-08,-4.98910556027253e-08,0.9999999999999973,0.0;0.0;0.0;0.0;0.0;0.0;0.0;0.0;0.0,7.621289842063561e-05;0.0;0.0;0.0;7.621289842063561e-05;0.0;0.0;0.0;7.621289842063561e-05,3.999999975690116e-08;0.0;0.0;0.0;3.999999975690116e-08;0.0;0.0;0.0;3.999999975690116e-08
24,980000000,24.98,imu_link,0.005114680576005262,-0.002829098517149185,-0.00807654082121453,0.00017506583704809963,0.00020623433457894465,9.800183394980857,-4.615570795026124e-10,5.330484785036018e-08,-4.989105560274657e-08,0.9999999999999973,0.0;0.0;0.0;0.0;0.0;0.0;0.0;0.0;0.0,7.621289842063561e-05;0.0;0.0;0.0;7.621289842063561e-05;0.0;0.0;0.0;7.621289842063561e-05,3.999999975690116e-08;0.0;0.0;0.0;3.999999975690116e-08;0.0;0.0;0.0;3.999999975690116e-08
25,0,25.0,imu_link,-0.010088743827038229,0.0030484750481153183,-0.0016691837177747963,0.0004233903955759409,-0.00017823891317530924,9.800126015616925,-4.615570795288285e-10,5.330484785053739e-08,-4.989105560276784e-08,0.9999999999999973,0.0;0.0;0.0;0.0;0.0;0.0;0.0;0.0;0.0,7.621289842063561e-05;0.0;0.0;0.0;7.621289842063561e-05;0.0;0.0;0.0;7.621289842063561e-05,3.999999975690116e-08;0.0;0.0;0.0;3.999999975690116e-08;0.0;0.0;0.0;3.999999975690116e-08
25,20000000,25.02,imu_link,0.007442350675071111,-0.0034807502185030376,0.024910470302388688,-0.00012804586339651961,-4.8756670588352546e-05,9.79970013281926,-4.615570795560635e-10,5.330484785071624e-08,-4.98910556027891e-08,0.9999999999999973,0.0;0.0;0.0;0.0;0.0;0.0;0.0;0.0;0.0,7.621289842063561e-05;0.0;0.0;0.0;7.621289842063561e-05;0.0;0.0;0.0;7.621289842063561e-05,3.999999975690116e-08;0.0;0.0;0.0;3.999999975690116e-08;0.0;0.0;0.0;3.999999975690116e-08
25,40000000,25.04,imu_link,0.0008549137717231583,-0.006543078214044027,-0.010284348461980437,0.00010249669614109803,-9.197730522598987e-05,9.800593172144078,-4.6155707959773796e-10,5.330484785043439e-08,-4.989105560280904e-08,0.9999999999999973,0.0;0.0;0.0;0.0;0.0;0.0;0.0;0.0;0.0,7.621289842063561e-05;0.0;0.0;0.0;7.621289842063561e-05;0.0;0.0;0.0;7.621289842063561e-05,3.999999975690116e-08;0.0;0.0;0.0;3.999999975690116e-08;0.0;0.0;0.0;3.999999975690116e-08
25,60000000,25.06,imu_link,-0.0034128736330819322,0.005901658124959821,-0.00038138221976009184,0.00014247567009545355,-5.4586607841840645e-05,9.799841227001275,-4.615570795125723e-10,5.330484785044489e-08,-4.989105560282978e-08,0.9999999999999973,0.0;0.0;0.0;0.0;0.0;0.0;0.0;0.0;0.0,7.621289842063561e-05;0.0;0.0;0.0;7.621289842063561e-05;0.0;0.0;0.0;7.621289842063561e-05,3.999999975690116e-08;0.0;0.0;0.0;3.999999975690116e-08;0.0;0.0;0.0;3.999999975690116e-08
25,80000000,25.08,imu_link,-0.015810709888891116,-0.0021777322790413976,-0.0006908313210686011,8.753573934994258e-05,-9.810330985732685e-05,9.799537320375814,-4.6155707954814383e-10,5.330484785061593e-08,-4.989105560285049e-08,0.9999999999999973,0.0;0.0;0.0;0.0;0.0;0.0;0.0;0.0;0.0,7.621289842063561e-05;0.0;0.0;0.0;7.621289842063561e-05;0.0;0.0;0.0;7.621289842063561e-05,3.999999975690116e-08;0.0;0.0;0.0;3.999999975690116e-08;0.0;0.0;0.0;3.999999975690116e-08
25,100000000,25.1,imu_link,-0.007052369475721009,0.006800001655629594,0.0029055139678079273,-0.00013900524045408849,-4.233847388587826e-05,9.800247401944189,-4.615570795850757e-10,5.3304847850336654e-08,-4.989105560287028e-08,0.9999999999999973,0.0;0.0;0.0;0.0;0.0;0.0;0.0;0.0;0.0,7.621289842063561e-05;0.0;0.0;0.0;7.621289842063561e-05;0.0;0.0;0.0;7.621289842063561e-05,3.999999975690116e-08;0.0;0.0;0.0;3.999999975690116e-08;0.0;0.0;0.0;3.999999975690116e-08
25,120000000,25.12,imu_link,-0.012163799657490149,0.0055048339636563715,0.011534253520837342,-9.461924373129748e-05,8.47512043764946e-05,9.80001408894842,-4.615570793658782e-10,5.3304847850467534e-08,-4.989105560289134e-08,0.9999999999999973,0.0;0.0;0.0;0.0;0.0;0.0;0.0;0.0;0.0,7.621289842063561e-05;0.0;0.0;0.0;7.621289842063561e-05;0.0;0.0;0.0;7.621289842063561e-05,3.999999975690116e-08;0.0;0.0;0.0;3.999999975690116e-08;0.0;0.0;0.0;3.999999975690116e-08
25,140000000,25.14,imu_link,-0.008624946353723281,0.0030479297040824005,0.0015067465632345456,0.0001337774493338618,-9.302051052921965e-05,9.800332757536598,-4.6155707941183677e-10,5.330484785065035e-08,-4.989105560291109e-08,0.9999999999999973,0.0;0.0;0.0;0.0;0.0;0.0;0.0;0.0;0.0,7.621289842063561e-05;0.0;0.0;0.0;7.621289842063561e-05;0.0;0.0;0.0;7.621289842063561e-05,3.999999975690116e-08;0.0;0.0;0.0;3.999999975690116e-08;0.0;0.0;0.0;3.999999975690116e-08
25,160000000,25.16,imu_link,-0.0010762008512981746,-0.002830282631456717,0.004214167666866581,9.284451389225253e-05,-0.00023239703508586967,9.800053639693713,-4.6155707943264553e-10,5.3304847850833254e-08,-4.989105560293246e-08,0.9999999999999973,0.0;0.0;0.0;0.0;0.0;0.0;0.0;0.0;0.0,7.621289842063561e-05;0.0;0.0;0.0;7.621289842063561e-05;0.0;0.0;0.0;7.621289842063561e-05,3.999999975690116e-08;0.0;0.0;0.0;3.999999975690116e-08;0.0;0.0;0.0;3.999999975690116e-08
25,180000000,25.18,imu_link,-0.0031395510491714924,-0.0005769858050419605,0.005376475097473561,3.1545384717892116e-05,5.467474469469008e-05,9.799966649185617,-4.6155707948260036e-10,5.33048478503579e-08,-4.9891055602952086e-08,0.9999999999999973,0.0;0.0;0.0;0.0;0.0;0.0;0.0;0.0;0.0,7.621289842063561e-05;0.0;0.0;0.0;7.621289842063561e-05;0.0;0.0;0.0;7.621289842063561e-05,3.999999975690116e-08;0.0;0.0;0.0;3.999999975690116e-08;0.0;0.0;0.0;3.999999975690116e-08
25,200000000,25.2,imu_link,0.0008402545149715068,0.001665915854266789,-0.004397262980837729,0.0002519605385090446,-8.356525834953146e-05,9.800108227381125,-4.6155707945996245e-10,5.330484785071251e-08,-4.989105560297074e-08,0.9999999999999973,0.0;0.0;0.0;0.0;0.0;0.0;0.0;0.0;0.0,7.621289842063561e-05;0.0;0.0;0.0;7.621289842063561e-05;0.0;0.0;0.0;7.621289842063561e-05,3.999999975690116e-08;0.0;0.0;0.0;3.999999975690116e-08;0.0;0.0;0.0;3.999999975690116e-08
25,220000000,25.22,imu_link,-0.007897190958116406,-0.001996576127109296,-0.012860800947714069,-0.000250020897457016,0.00011894267171114157,9.800034802148382,-4.6155707948797357e-10,5.3304847850884585e-08,-4.989105560299075e-08,0.9999999999999973,0.0;0.0;0.0;0.0;0.0;0.0;0.0;0.0;0.0,7.621289842063561e-05;0.0;0.0;0.0;7.621289842063561e-05;0.0;0.0;0.0;7.621289842063561e-05,3.999999975690116e-08;0.0;0.0;0.0;3.999999975690116e-08;0.0;0.0;0.0;3.999999975690116e-08
25,240000000,25.24,imu_link,-0.0033672315065385655,0.002587430033929797,-0.0023685360446816556,0.00016086974231200484,0.000246521657913764,9.799937628682308,-4.6155707956018117e-10,5.33048478504082e-08,-4.989105560300885e-08,0.9999999999999973,0.0;0.0;0.0;0.0;0.0;0.0;0.0;0.0;0.0,7.621289842063561e-05;0.0;0.0;0.0;7.621289842063561e-05;0.0;0.0;0.0;7.621289842063561e-05,3.999999975690116e-08;0.0;0.0;0.0;3.999999975690116e-08;0.0;0.0;0.0;3.999999975690116e-08
25,260000000,25.26,imu_link,-0.022839664620705108,-0.01734627913780306,-0.005468260390249213,-5.1086847367226386e-05,-1.683347061426935e-05,9.80011349101734,-4.615570795900748e-10,5.3304847850581334e-08,-4.989105560302819e-08,0.9999999999999973,0.0;0.0;0.0;0.0;0.0;0.0;0.0;0.0;0.0,7.621289842063561e-05;0.0;0.0;0.0;7.621289842063561e-05;0.0;0.0;0.0;7.621289842063561e-05,3.999999975690116e-08;0.0;0.0;0.0;3.999999975690116e-08;0.0;0.0;0.0;3.999999975690116e-08
25,280000000,25.28,imu_link,-0.008716070205613474,0.005451348095147789,0.01022657761156861,0.00034094069057913443,-0.00022323029117665377,9.799853265689267,-4.615570793743597e-10,5.330484785070468e-08,-4.989105560304727e-08,0.9999999999999973,0.0;0.0;0.0;0.0;0.0;0.0;0.0;0.0;0.0,7.621289842063561e-05;0.0;0.0;0.0;7.621289842063561e-05;0.0;0.0;0.0;7.621289842063561e-05,3.999999975690116e-08;0.0;0.0;0.0;3.999999975690116e-08;0.0;0.0;0.0;3.999999975690116e-08
25,300000000,25.3,imu_link,0.009452314577743018,0.0034314135348924683,-0.0035037829271854855,0.00035790645498279977,-2.4232791348279516e-05,9.800020206481522,-4.61557079417974e-10,5.330484785088819e-08,-4.9891055603066495e-08,0.9999999999999973,0.0;0.0;0.0;0.0;0.0;0.0;0.0;0.0;0.0,7.621289842063561e-05;0.0;0.0;0.0;7.621289842063561e-05;0.0;0.0;0.0;7.621289842063561e-05,3.999999975690116e-08;0.0;0.0;0.0;3.999999975690116e-08;0.0;0.0;0.0;3.999999975690116e-08
25,320000000,25.32,imu_link,-0.004077862521799258,-0.010406397828440066,0.016771386697772894,6.276339502031986e-05,9.713728559778906e-05,9.799996796965319,-4.615570794766297e-10,5.330484785040868e-08,-4.9891055603083906e-08,0.9999999999999973,0.0;0.0;0.0;0.0;0.0;0.0;0.0;0.0;0.0,7.621289842063561e-05;0.0;0.0;0.0;7.621289842063561e-05;0.0;0.0;0.0;7.621289842063561e-05,3.999999975690116e-08;0.0;0.0;0.0;3.999999975690116e-08;0.0;0.0;0.0;3.999999975690116e-08
25,340000000,25.34,imu_link,0.01179161495771689,-0.006361045464683747,-0.010729267366730404,0.00035378546456805423,3.543000645699807e-05,9.800346654836261,-4.6155707949754566e-10,5.3304847850587145e-08,-4.9891055603102256e-08,0.9999999999999973,0.0;0.0;0.0;0.0;0.0;0.0;0.0;0.0;0.0,7.621289842063561e-05;0.0;0.0;0.0;7.621289842063561e-05;0.0;0.0;0.0;7.621289842063561e-05,3.999999975690116e-08;0.0;0.0;0.0;3.999999975690116e-08;0.0;0.0;0.0;3.999999975690116e-08
25,360000000,25.36,imu_link,0.0265799179162363,-0.013674982192817238,-0.009383374305211469,1.8586064315954446e-05,0.00010840371277956553,9.800134981203874,-4.6155707955561487e-10,5.3304847850301476e-08,-4.9891055603120024e-08,0.9999999999999973,0.0;0.0;0.0;0.0;0.0;0.0;0.0;0.0;0.0,7.621289842063561e-05;0.0;0.0;0.0;7.621289842063561e-05;0.0;0.0;0.0;7.621289842063561e-05,3.999999975690116e-08;0.0;0.0;0.0;3.999999975690116e-08;0.0;0.0;0.0;3.999999975690116e-08
25,380000000,25.38,imu_link,-0.00454285390864093,0.004109515051994954,0.004982844598432558,7.010631410028087e-05,-4.766040738355599e-05,9.80067769532891,-4.6155707957846036e-10,5.3304847850480776e-08,-4.989105560313807e-08,0.9999999999999973,0.0;0.0;0.0;0.0;0.0;0.0;0.0;0.0;0.0,7.621289842063561e-05;0.0;0.0;0.0;7.621289842063561e-05;0.0;0.0;0.0;7.621289842063561e-05,3.999999975690116e-08;0.0;0.0;0.0;3.999999975690116e-08;0.0;0.0;0.0;3.999999975690116e-08
25,400000000,25.4,imu_link,0.0027350951659488847,-0.004369747935083408,0.008625421599854877,0.00045605332406994004,-8.453982652936502e-05,9.800322925037603,-4.615570794440543e-10,5.330484785066253e-08,-4.989105560315566e-08,0.9999999999999973,0.0;0.0;0.0;0.0;0.0;0.0;0.0;0.0;0.0,7.621289842063561e-05;0.0;0.0;0.0;7.621289842063561e-05;0.0;0.0;0.0;7.621289842063561e-05,3.999999975690116e-08;0.0;0.0;0.0;3.999999975690116e-08;0.0;0.0;0.0;3.999999975690116e-08
25,420000000,25.42,imu_link,-0.004027980872963448,0.008763418739672919,-0.010352706557674434,0.0002668419867747419,-0.00028025146609922836,9.799876710570258,-4.615570793647438e-10,5.330484785078062e-08,-4.989105560317599e-08,0.9999999999999973,0.0;0.0;0.0;0.0;0.0;0.0;0.0;0.0;0.0,7.621289842063561e-05;0.0;0.0;0.0;7.621289842063561e-05;0.0;0.0;0.0;7.621289842063561e-05,3.999999975690116e-08;0.0;0.0;0.0;3.999999975690116e-08;0.0;0.0;0.0;3.999999975690116e-08
25,440000000,25.44,imu_link,0.00024176675224174478,0.00781447531124577,0.00878059808922688,0.00023755920578141093,-0.000279993469172525,9.799907228050403,-4.6155707940217907e-10,5.330484785037689e-08,-4.989105560319329e-08,0.9999999999999973,0.0;0.0;0.0;0.0;0.0;0.0;0.0;0.0;0.0,7.621289842063561e-05;0.0;0.0;0.0;7.621289842063561e-05;0.0;0.0;0.0;7.621289842063561e-05,3.999999975690116e-08;0.0;0.0;0.0;3.999999975690116e-08;0.0;0.0;0.0;3.999999975690116e-08
25,460000000,25.46,imu_link,0.024534043334853317,-0.004748788997879365,-0.008196579959343342,0.00012375340692804044,-0.0003722787962792347,9.800319220426532,-4.6155707955886647e-10,5.330484785054088e-08,-4.989105560321225e-08,0.9999999999999973,0.0;0.0;0.0;0.0;0.0;0.0;0.0;0.0;0.0,7.621289842063561e-05;0.0;0.0;0.0;7.621289842063561e-05;0.0;0.0;0.0;7.621289842063561e-05,3.999999975690116e-08;0.0;0.0;0.0;3.999999975690116e-08;0.0;0.0;0.0;3.999999975690116e-08
25,480000000,25.48,imu_link,0.003793784253287809,0.002390984130176317,-0.005199258015597694,-9.003828855437131e-05,1.5004826803821948e-05,9.800242844330947,-4.6155707958186255e-10,5.3304847850715404e-08,-4.9891055603229774e-08,0.9999999999999973,0.0;0.0;0.0;0.0;0.0;0.0;0.0;0.0;0.0,7.621289842063561e-05;0.0;0.0;0.0;7.621289842063561e-05;0.0;0.0;0.0;7.621289842063561e-05,3.999999975690116e-08;0.0;0.0;0.0;3.999999975690116e-08;0.0;0.0;0.0;3.999999975690116e-08
25,500000000,25.5,imu_link,0.011775439639372207,-0.0023811805468031476,0.008860429435902668,-6.176053198159635e-05,-0.00010560376018454775,9.800017800493624,-4.6155707935459706e-10,5.330484785084859e-08,-4.989105560324965e-08,0.9999999999999973,0.0;0.0;0.0;0.0;0.0;0.0;0.0;0.0;0.0,7.621289842063561e-05;0.0;0.0;0.0;7.621289842063561e-05;0.0;0.0;0.0;7.621289842063561e-05,3.999999975690116e-08;0.0;0.0;0.0;3.999999975690116e-08;0.0;0.0;0.0;3.999999975690116e-08
25,520000000,25.52,imu_link,0.00641738186884137,0.004984705765900993,0.026301666149744406,0.00016610431780605088,-0.0005492162256175562,9.799991586955759,-4.6155707939184185e-10,5.330484785054907e-08,-4.989105560327012e-08,0.9999999999999973,0.0;0.0;0.0;0.0;0.0;0.0;0.0;0.0;0.0,7.621289842063561e-05;0.0;0.0;0.0;7.621289842063561e-05;0.0;0.0;0.0;7.621289842063561e-05,3.999999975690116e-08;0.0;0.0;0.0;3.999999975690116e-08;0.0;0.0;0.0;3.999999975690116e-08
25,540000000,25.54,imu_link,-0.0024394437911802644,0.001779051373386428,0.004549532859182869,0.00021458733883133877,-0.00028590724615762316,9.800102552393257,-4.615570794272321e-10,5.330484785072666e-08,-4.9891055603292024e-08,0.9999999999999973,0.0;0.0;0.0;0.0;0.0;0.0;0.0;0.0;0.0,7.621289842063561e-05;0.0;0.0;0.0;7.621289842063561e-05;0.0;0.0;0.0;7.621289842063561e-05,3.999999975690116e-08;0.0;0.0;0.0;3.999999975690116e-08;0.0;0.0;0.0;3.999999975690116e-08
25,560000000,25.56,imu_link,0.004299249431755223,-0.019685797558167555,0.012569880301173302,-0.0002480402128235619,-0.00031814086565271234,9.800203609888788,-4.6155707946030893e-10,5.330484785088221e-08,-4.989105560330901e-08,0.9999999999999973,0.0;0.0;0.0;0.0;0.0;0.0;0.0;0.0;0.0,7.621289842063561e-05;0.0;0.0;0.0;7.621289842063561e-05;0.0;0.0;0.0;7.621289842063561e-05,3.999999975690116e-08;0.0;0.0;0.0;3.999999975690116e-08;0.0;0.0;0.0;3.999999975690116e-08
25,580000000,25.58,imu_link,0.0031616175399447836,0.01373645124206571,0.005347424569220204,0.00015320700555632004,0.00019824644475266792,9.799786107793166,-4.615570795161646e-10,5.3304847850397747e-08,-4.989105560332549e-08,0.9999999999999973,0.0;0.0;0.0;0.0;0.0;0.0;0.0;0.0;0.0,7.621289842063561e-05;0.0;0.0;0.0;7.621289842063561e-05;0.0;0.0;0.0;7.621289842063561e-05,3.999999975690116e-08;0.0;0.0;0.0;3.999999975690116e-08;0.0;0.0;0.0;3.999999975690116e-08
25,600000000,25.6,imu_link,-0.0109021524097416,0.005590180426972867,0.009673810069290103,-0.00016083483655366344,0.00026301633993555646,9.799878774862192,-4.6155707954579055e-10,5.330484785057279e-08,-4.9891055603341735e-08,0.9999999999999973,0.0;0.0;0.0;0.0;0.0;0.0;0.0;0.0;0.0,7.621289842063561e-05;0.0;0.0;0.0;7.621289842063561e-05;0.0;0.0;0.0;7.621289842063561e-05,3.999999975690116e-08;0.0;0.0;0.0;3.999999975690116e-08;0.0;0.0;0.0;3.999999975690116e-08
25,620000000,25.62,imu_link,0.010040656132182168,-0.006195639406915963,0.002980004868695363,-1.8146948903999456e-05,-0.000375858978409817,9.800188484032892,-4.615570796707202e-10,5.330484785091857e-08,-4.989105560335936e-08,0.9999999999999973,0.0;0.0;0.0;0.0;0.0;0.0;0.0;0.0;0.0,7.621289842063561e-05;0.0;0.0;0.0;7.621289842063561e-05;0.0;0.0;0.0;7.621289842063561e-05,3.999999975690116e-08;0.0;0.0;0.0;3.999999975690116e-08;0.0;0.0;0.0;3.999999975690116e-08
25,640000000,25.64,imu_link,0.005962244297790888,4.956647754289888e-05,-0.0011822965229708554,-4.41465060620227e-07,9.735554928342902e-05,9.80017654286256,-4.6155707959185443e-10,5.330484785045933e-08,-4.9891055603374385e-08,0.9999999999999973,0.0;0.0;0.0;0.0;0.0;0.0;0.0;0.0;0.0,7.621289842063561e-05;0.0;0.0;0.0;7.621289842063561e-05;0.0;0.0;0.0;7.621289842063561e-05,3.999999975690116e-08;0.0;0.0;0.0;3.999999975690116e-08;0.0;0.0;0.0;3.999999975690116e-08
25,660000000,25.66,imu_link,-0.004950093258879718,-0.006363235257836109,0.004240926942405443,8.48130260101493e-05,2.0718074529732416e-05,9.800117396407208,-4.6155707949713114e-10,5.33048478504605e-08,-4.989105560339153e-08,0.9999999999999973,0.0;0.0;0.0;0.0;0.0;0.0;0.0;0.0;0.0,7.621289842063561e-05;0.0;0.0;0.0;7.621289842063561e-05;0.0;0.0;0.0;7.621289842063561e-05,3.999999975690116e-08;0.0;0.0;0.0;3.999999975690116e-08;0.0;0.0;0.0;3.999999975690116e-08
25,680000000,25.68,imu_link,-0.00860430574326777,0.00934552792734042,0.009327844999373067,0.0003739461652409357,-0.0002142570208356434,9.800183640714245,-4.6155707951681953e-10,5.3304847850635253e-08,-4.9891055603408233e-08,0.9999999999999973,0.0;0.0;0.0;0.0;0.0;0.0;0.0;0.0;0.0,7.621289842063561e-05;0.0;0.0;0.0;7.621289842063561e-05;0.0;0.0;0.0;7.621289842063561e-05,3.999999975690116e-08;0.0;0.0;0.0;3.999999975690116e-08;0.0;0.0;0.0;3.999999975690116e-08
25,700000000,25.7,imu_link,0.0083707182247566,0.003679124875426712,0.003629340534921976,-0.0002456736882218548,-5.629349945354564e-05,9.800075647484796,-4.61557079546521e-10,5.330484785035148e-08,-4.9891055603424817e-08,0.9999999999999973,0.0;0.0;0.0;0.0;0.0;0.0;0.0;0.0;0.0,7.621289842063561e-05;0.0;0.0;0.0;7.621289842063561e-05;0.0;0.0;0.0;7.621289842063561e-05,3.999999975690116e-08;0.0;0.0;0.0;3.999999975690116e-08;0.0;0.0;0.0;3.999999975690116e-08
25,720000000,25.72,imu_link,-0.004391542469637099,-0.008093868508612262,-0.0005099375278246276,1.619979779663832e-05,-0.00042105067315469135,9.800297374327235,-4.615570795774406e-10,5.330484785053746e-08,-4.989105560344082e-08,0.9999999999999973,0.0;0.0;0.0;0.0;0.0;0.0;0.0;0.0;0.0,7.621289842063561e-05;0.0;0.0;0.0;7.621289842063561e-05;0.0;0.0;0.0;7.621289842063561e-05,3.999999975690116e-08;0.0;0.0;0.0;3.999999975690116e-08;0.0;0.0;0.0;3.999999975690116e-08
25,740000000,25.74,imu_link,-0.001648699986914489,-0.015241864320729461,0.0009873519394023504,5.180153007760493e-05,-0.00014260580185415758,9.799956618560902,-4.6155707936433597e-10,5.330484785066283e-08,-4.989105560345784e-08,0.9999999999999973,0.0;0.0;0.0;0.0;0.0;0.0;0.0;0.0;0.0,7.621289842063561e-05;0.0;0.0;0.0;7.621289842063561e-05;0.0;0.0;0.0;7.621289842063561e-05,3.999999975690116e-08;0.0;0.0;0.0;3.999999975690116e-08;0.0;0.0;0.0;3.999999975690116e-08
25,760000000,25.76,imu_link,0.010540352032391054,0.0002607723001845133,-0.010444134060462603,0.0005271529291838943,-8.268154894287572e-05,9.799734841553914,-4.6155707940095417e-10,5.3304847850717555e-08,-4.989105560347394e-08,0.9999999999999973,0.0;0.0;0.0;0.0;0.0;0.0;0.0;0.0;0.0,7.621289842063561e-05;0.0;0.0;0.0;7.621289842063561e-05;0.0;0.0;0.0;7.621289842063561e-05,3.999999975690116e-08;0.0;0.0;0.0;3.999999975690116e-08;0.0;0.0;0.0;3.999999975690116e-08
25,780000000,25.78,imu_link,0.015421223236893515,0.009899916063451301,0.0013247685600083468,0.00022801015896460825,-0.00017418403067714921,9.800071341766898,-4.615570795748188e-10,5.330484785043347e-08,-4.989105560349072e-08,0.9999999999999973,0.0;0.0;0.0;0.0;0.0;0.0;0.0;0.0;0.0,7.621289842063561e-05;0.0;0.0;0.0;7.621289842063561e-05;0.0;0.0;0.0;7.621289842063561e-05,3.999999975690116e-08;0.0;0.0;0.0;3.999999975690116e-08;0.0;0.0;0.0;3.999999975690116e-08
25,800000000,25.8,imu_link,-0.005804857449738337,0.002832428645030057,0.0028478062716348774,0.0005584910906013171,-0.00022249659341641624,9.799980005439869,-4.6155707949828805e-10,5.3304847850432204e-08,-4.9891055603509414e-08,0.9999999999999973,0.0;0.0;0.0;0.0;0.0;0.0;0.0;0.0;0.0,7.621289842063561e-05;0.0;0.0;0.0;7.621289842063561e-05;0.0;0.0;0.0;7.621289842063561e-05,3.999999975690116e-08;0.0;0.0;0.0;3.999999975690116e-08;0.0;0.0;0.0;3.999999975690116e-08
25,820000000,25.82,imu_link,-0.004922955374530797,-0.009200493794455629,-0.018289263238258927,-2.1119126280816898e-05,-0.00021756465434169227,9.800156931668146,-4.615570793796214e-10,5.330484785073094e-08,-4.9891055603528406e-08,0.9999999999999973,0.0;0.0;0.0;0.0;0.0;0.0;0.0;0.0;0.0,7.621289842063561e-05;0.0;0.0;0.0;7.621289842063561e-05;0.0;0.0;0.0;7.621289842063561e-05,3.999999975690116e-08;0.0;0.0;0.0;3.999999975690116e-08;0.0;0.0;0.0;3.999999975690116e-08
25,840000000,25.84,imu_link,-0.005388412430784878,0.0058115585782197296,-0.01083332883494968,0.0003984398319715641,3.3031309386999556e-05,9.799761853236824,-4.6155707945734266e-10,5.3304847850257186e-08,-4.9891055603545975e-08,0.9999999999999973,0.0;0.0;0.0;0.0;0.0;0.0;0.0;0.0;0.0,7.621289842063561e-05;0.0;0.0;0.0;7.621289842063561e-05;0.0;0.0;0.0;7.621289842063561e-05,3.999999975690116e-08;0.0;0.0;0.0;3.999999975690116e-08;0.0;0.0;0.0;3.999999975690116e-08
25,860000000,25.86,imu_link,-0.008159863213927391,0.008233783220791118,-0.0029953220316648764,-5.661975614914447e-05,-0.00017627845953932771,9.800076405111684,-4.6155707945572997e-10,5.330484785061595e-08,-4.989105560356028e-08,0.9999999999999973,0.0;0.0;0.0;0.0;0.0;0.0;0.0;0.0;0.0,7.621289842063561e-05;0.0;0.0;0.0;7.621289842063561e-05;0.0;0.0;0.0;7.621289842063561e-05,3.999999975690116e-08;0.0;0.0;0.0;3.999999975690116e-08;0.0;0.0;0.0;3.999999975690116e-08
25,880000000,25.88,imu_link,0.009226043731449907,0.001747557431940567,-0.012224827691412692,-0.0003851432409055463,4.3819226208241925e-06,9.799952569268802,-4.6155707948872134e-10,5.330484785078291e-08,-4.989105560357609e-08,0.9999999999999973,0.0;0.0;0.0;0.0;0.0;0.0;0.0;0.0;0.0,7.621289842063561e-05;0.0;0.0;0.0;7.621289842063561e-05;0.0;0.0;0.0;7.621289842063561e-05,3.999999975690116e-08;0.0;0.0;0.0;3.999999975690116e-08;0.0;0.0;0.0;3.999999975690116e-08
25,900000000,25.9,imu_link,0.001802364034511615,0.00407516955207719,-0.012893732184785777,0.00030206325570849847,-0.00039733560338326785,9.800095611625924,-4.6155707955166043e-10,5.3304847850304626e-08,-4.989105560359018e-08,0.9999999999999973,0.0;0.0;0.0;0.0;0.0;0.0;0.0;0.0;0.0,7.621289842063561e-05;0.0;0.0;0.0;7.621289842063561e-05;0.0;0.0;0.0;7.621289842063561e-05,3.999999975690116e-08;0.0;0.0;0.0;3.999999975690116e-08;0.0;0.0;0.0;3.999999975690116e-08
25,920000000,25.92,imu_link,-0.0004654219362331742,0.000971395025345262,0.0039953094654196965,0.0004324292478096595,0.00021534042706371987,9.800165902403178,-4.6155707948088515e-10,5.3304847850310846e-08,-4.989105560360492e-08,0.9999999999999973,0.0;0.0;0.0;0.0;0.0;0.0;0.0;0.0;0.0,7.621289842063561e-05;0.0;0.0;0.0;7.621289842063561e-05;0.0;0.0;0.0;7.621289842063561e-05,3.999999975690116e-08;0.0;0.0;0.0;3.999999975690116e-08;0.0;0.0;0.0;3.999999975690116e-08
25,940000000,25.94,imu_link,0.003016570506955952,-0.006541282151058389,-0.013860984448550258,0.00015886277238146967,7.838365521334719e-05,9.800346148791746,-4.6155707960963194e-10,5.330484785067646e-08,-4.9891055603618205e-08,0.9999999999999973,0.0;0.0;0.0;0.0;0.0;0.0;0.0;0.0;0.0,7.621289842063561e-05;0.0;0.0;0.0;7.621289842063561e-05;0.0;0.0;0.0;7.621289842063561e-05,3.999999975690116e-08;0.0;0.0;0.0;3.999999975690116e-08;0.0;0.0;0.0;3.999999975690116e-08
25,960000000,25.96,imu_link,0.004684500168355654,0.002804014006399454,-0.006350567378354245,0.00019835754293039582,-9.193664378314085e-05,9.80003486467662,-4.6155707940704377e-10,5.330484785080297e-08,-4.989105560363168e-08,0.9999999999999973,0.0;0.0;0.0;0.0;0.0;0.0;0.0;0.0;0.0,7.621289842063561e-05;0.0;0.0;0.0;7.621289842063561e-05;0.0;0.0;0.0;7.621289842063561e-05,3.999999975690116e-08;0.0;0.0;0.0;3.999999975690116e-08;0.0;0.0;0.0;3.999999975690116e-08
25,980000000,25.98,imu_link,-0.0016028817781096926,0.0023589787746262575,-0.019869336141666888,0.0001162937821586776,-5.772310318855041e-05,9.800181853909658,-4.615570794757216e-10,5.330484785033067e-08,-4.9891055603645317e-08,0.9999999999999973,0.0;0.0;0.0;0.0;0.0;0.0;0.0;0.0;0.0,7.621289842063561e-05;0.0;0.0;0.0;7.621289842063561e-05;0.0;0.0;0.0;7.621289842063561e-05,3.999999975690116e-08;0.0;0.0;0.0;3.999999975690116e-08;0.0;0.0;0.0;3.999999975690116e-08
26,0,26.0,imu_link,-0.005025448173896646,-0.01609748708114565,0.003977322728703475,7.00474235261822e-05,0.00015565273257436244,9.800469078681008,-4.615570794718409e-10,5.330484785069046e-08,-4.9891055603659604e-08,0.9999999999999973,0.0;0.0;0.0;0.0;0.0;0.0;0.0;0.0;0.0,7.621289842063561e-05;0.0;0.0;0.0;7.621289842063561e-05;0.0;0.0;0.0;7.621289842063561e-05,3.999999975690116e-08;0.0;0.0;0.0;3.999999975690116e-08;0.0;0.0;0.0;3.999999975690116e-08
26,20000000,26.02,imu_link,-0.004606988454729595,-0.006392835945144456,0.003239965581771679,-0.0002355069910250096,-9.524349836848973e-05,9.799862852355702,-4.6155707951313113e-10,5.3304847850865593e-08,-4.9891055603675876e-08,0.9999999999999973,0.0;0.0;0.0;0.0;0.0;0.0;0.0;0.0;0.0,7.621289842063561e-05;0.0;0.0;0.0;7.621289842063561e-05;0.0;0.0;0.0;7.621289842063561e-05,3.999999975690116e-08;0.0;0.0;0.0;3.999999975690116e-08;0.0;0.0;0.0;3.999999975690116e-08
26,40000000,26.04,imu_link,-0.0064707929298709775,0.010664951715824971,-0.014126184750401618,4.0897872427538224e-05,-0.00010576994025958061,9.80031871572225,-4.6155707956286676e-10,5.330484785039094e-08,-4.989105560368859e-08,0.9999999999999973,0.0;0.0;0.0;0.0;0.0;0.0;0.0;0.0;0.0,7.621289842063561e-05;0.0;0.0;0.0;7.621289842063561e-05;0.0;0.0;0.0;7.621289842063561e-05,3.999999975690116e-08;0.0;0.0;0.0;3.999999975690116e-08;0.0;0.0;0.0;3.999999975690116e-08
26,60000000,26.06,imu_link,-0.0029401773304423015,0.008366582168090863,-0.0006788480964823215,0.00029815321953531544,-0.000471998744799386,9.80007240420088,-4.615570794963094e-10,5.3304847850513545e-08,-4.9891055603702935e-08,0.9999999999999973,0.0;0.0;0.0;0.0;0.0;0.0;0.0;0.0;0.0,7.621289842063561e-05;0.0;0.0;0.0;7.621289842063561e-05;0.0;0.0;0.0;7.621289842063561e-05,3.999999975690116e-08;0.0;0.0;0.0;3.999999975690116e-08;0.0;0.0;0.0;3.999999975690116e-08
26,80000000,26.08,imu_link,-0.002861150289853088,0.006919131959337653,0.016091796248801228,3.8613240471470676e-05,-0.000504513405770954,9.800057028750679,-4.615570794860931e-10,5.3304847850761594e-08,-4.989105560371638e-08,0.9999999999999973,0.0;0.0;0.0;0.0;0.0;0.0;0.0;0.0;0.0,7.621289842063561e-05;0.0;0.0;0.0;7.621289842063561e-05;0.0;0.0;0.0;7.621289842063561e-05,3.999999975690116e-08;0.0;0.0;0.0;3.999999975690116e-08;0.0;0.0;0.0;3.999999975690116e-08
26,100000000,26.1,imu_link,-0.012463939208552547,-0.003330935961475937,-0.003876103043943185,0.00045072082070687116,3.997365641245474e-05,9.800064304062426,-4.6155707941360476e-10,5.33048478508911e-08,-4.9891055603732276e-08,0.9999999999999973,0.0;0.0;0.0;0.0;0.0;0.0;0.0;0.0;0.0,7.621289842063561e-05;0.0;0.0;0.0;7.621289842063561e-05;0.0;0.0;0.0;7.621289842063561e-05,3.999999975690116e-08;0.0;0.0;0.0;3.999999975690116e-08;0.0;0.0;0.0;3.999999975690116e-08
26,120000000,26.12,imu_link,0.00042676114863280485,0.0020786469962379216,-0.009881129990371893,0.00044471843806546626,-3.1112215964046095e-05,9.800377484997819,-4.6155707948173844e-10,5.330484785040443e-08,-4.9891055603747695e-08,0.9999999999999973,0.0;0.0;0.0;0.0;0.0;0.0;0.0;0.0;0.0,7.621289842063561e-05;0.0;0.0;0.0;7.621289842063561e-05;0.0;0.0;0.0;7.621289842063561e-05,3.999999975690116e-08;0.0;0.0;0.0;3.999999975690116e-08;0.0;0.0;0.0;3.999999975690116e-08
26,140000000,26.14,imu_link,0.019327633783167014,-0.014512141285250703,-0.0075510693587182865,-6.503898630368867e-05,-0.0002515761398049618,9.799880603020336,-4.6155707951118964e-10,5.330484785058441e-08,-4.989105560376212e-08,0.9999999999999973,0.0;0.0;0.0;0.0;0.0;0.0;0.0;0.0;0.0,7.621289842063561e-05;0.0;0.0;0.0;7.621289842063561e-05;0.0;0.0;0.0;7.621289842063561e-05,3.999999975690116e-08;0.0;0.0;0.0;3.999999975690116e-08;0.0;0.0;0.0;3.999999975690116e-08
26,160000000,26.16,imu_link,0.005639523527371552,0.0050389051101827126,0.0006550220688414498,0.00013533684114156401,-0.00032627493764587505,9.79976174531513,-4.615570795299534e-10,5.3304847850290915e-08,-4.989105560377673e-08,0.9999999999999973,0.0;0.0;0.0;0.0;0.0;0.0;0.0;0.0;0.0,7.621289842063561e-05;0.0;0.0;0.0;7.621289842063561e-05;0.0;0.0;0.0;7.621289842063561e-05,3.999999975690116e-08;0.0;0.0;0.0;3.999999975690116e-08;0.0;0.0;0.0;3.999999975690116e-08
26,180000000,26.18,imu_link,0.006293058256270763,-0.0017861766633227429,0.004354286842364568,1.6453592715120785e-06,-1.612350505534162e-05,9.80015292961186,-4.6155707955597346e-10,5.3304847850459805e-08,-4.9891055603789855e-08,0.9999999999999973,0.0;0.0;0.0;0.0;0.0;0.0;0.0;0.0;0.0,7.621289842063561e-05;0.0;0.0;0.0;7.621289842063561e-05;0.0;0.0;0.0;7.621289842063561e-05,3.999999975690116e-08;0.0;0.0;0.0;3.999999975690116e-08;0.0;0.0;0.0;3.999999975690116e-08
26,200000000,26.2,imu_link,-0.0023045757967815545,0.0035753728364853726,0.005290346072530099,4.356370774185799e-05,0.00017117848434768302,9.800144837168546,-4.6155707944775316e-10,5.330484785064461e-08,-4.9891055603803745e-08,0.9999999999999973,0.0;0.0;0.0;0.0;0.0;0.0;0.0;0.0;0.0,7.621289842063561e-05;0.0;0.0;0.0;7.621289842063561e-05;0.0;0.0;0.0;7.621289842063561e-05,3.999999975690116e-08;0.0;0.0;0.0;3.999999975690116e-08;0.0;0.0;0.0;3.999999975690116e-08
26,220000000,26.22,imu_link,0.01427154711364409,-0.003932077562408137,0.003943078853246424,0.0006164673063346664,-0.0002587979358045066,9.799965592997832,-4.61557079378004e-10,5.330484785075861e-08,-4.9891055603820235e-08,0.9999999999999973,0.0;0.0;0.0;0.0;0.0;0.0;0.0;0.0;0.0,7.621289842063561e-05;0.0;0.0;0.0;7.621289842063561e-05;0.0;0.0;0.0;7.621289842063561e-05,3.999999975690116e-08;0.0;0.0;0.0;3.999999975690116e-08;0.0;0.0;0.0;3.999999975690116e-08
26,240000000,26.24,imu_link,0.001972118977915629,0.01025950311917597,-0.018581611209335783,0.0004149919827669401,1.3948327254807789e-05,9.799915676190526,-4.6155707944248583e-10,5.330484785028177e-08,-4.98910556038339e-08,0.9999999999999973,0.0;0.0;0.0;0.0;0.0;0.0;0.0;0.0;0.0,7.621289842063561e-05;0.0;0.0;0.0;7.621289842063561e-05;0.0;0.0;0.0;7.621289842063561e-05,3.999999975690116e-08;0.0;0.0;0.0;3.999999975690116e-08;0.0;0.0;0.0;3.999999975690116e-08
26,260000000,26.26,imu_link,-0.012507851739110558,-0.0015680386759013539,-0.0009220592463359178,-0.0002931068747313535,-0.00032082710092491213,9.800058693956624,-4.615570794389308e-10,5.3304847850531684e-08,-4.9891055603847843e-08,0.9999999999999973,0.0;0.0;0.0;0.0;0.0;0.0;0.0;0.0;0.0,7.621289842063561e-05;0.0;0.0;0.0;7.621289842063561e-05;0.0;0.0;0.0;7.621289842063561e-05,3.999999975690116e-08;0.0;0.0;0.0;3.999999975690116e-08;0.0;0.0;0.0;3.999999975690116e-08
26,280000000,26.28,imu_link,0.0010275106980475702,0.00047624935909516017,-0.016143931564073156,0.0003919884481965157,0.00021559401642599224,9.799919093334813,-4.615570793737525e-10,5.330484785066133e-08,-4.989105560386321e-08,0.9999999999999973,0.0;0.0;0.0;0.0;0.0;0.0;0.0;0.0;0.0,7.621289842063561e-05;0.0;0.0;0.0;7.621289842063561e-05;0.0;0.0;0.0;7.621289842063561e-05,3.999999975690116e-08;0.0;0.0;0.0;3.999999975690116e-08;0.0;0.0;0.0;3.999999975690116e-08
26,300000000,26.3,imu_link,-0.003124840099571081,-0.0034085300674703846,-0.0005399447139569655,0.00048826993589932884,5.632328219544848e-06,9.80034227459248,-4.6155707939378603e-10,5.330484785083725e-08,-4.9891055603876537e-08,0.9999999999999973,0.0;0.0;0.0;0.0;0.0;0.0;0.0;0.0;0.0,7.621289842063561e-05;0.0;0.0;0.0;7.621289842063561e-05;0.0;0.0;0.0;7.621289842063561e-05,3.999999975690116e-08;0.0;0.0;0.0;3.999999975690116e-08;0.0;0.0;0.0;3.999999975690116e-08
26,320000000,26.32,imu_link,0.014563088441648322,-0.00926095857711954,-0.01562689088763139,0.0003165754806371302,7.762120430225869e-05,9.79987676307875,-4.615570794612216e-10,5.3304847850363826e-08,-4.989105560389081e-08,0.9999999999999973,0.0;0.0;0.0;0.0;0.0;0.0;0.0;0.0;0.0,7.621289842063561e-05;0.0;0.0;0.0;7.621289842063561e-05;0.0;0.0;0.0;7.621289842063561e-05,3.999999975690116e-08;0.0;0.0;0.0;3.999999975690116e-08;0.0;0.0;0.0;3.999999975690116e-08
26,340000000,26.34,imu_link,0.001962214612336102,0.00881044610339538,0.0008144528253480706,-0.0002695535716062869,0.00023038729365090706,9.799874610175685,-4.615570794645978e-10,5.3304847850725105e-08,-4.989105560390481e-08,0.9999999999999973,0.0;0.0;0.0;0.0;0.0;0.0;0.0;0.0;0.0,7.621289842063561e-05;0.0;0.0;0.0;7.621289842063561e-05;0.0;0.0;0.0;7.621289842063561e-05,3.999999975690116e-08;0.0;0.0;0.0;3.999999975690116e-08;0.0;0.0;0.0;3.999999975690116e-08
26,360000000,26.36,imu_link,-0.022161657000269674,-0.007607364457453722,0.004428212295492337,0.00030477979055625645,-0.00014488310496108136,9.800312467583824,-4.6155707939361517e-10,5.330484785026698e-08,-4.9891055603918604e-08,0.9999999999999973,0.0;0.0;0.0;0.0;0.0;0.0;0.0;0.0;0.0,7.621289842063561e-05;0.0;0.0;0.0;7.621289842063561e-05;0.0;0.0;0.0;7.621289842063561e-05,3.999999975690116e-08;0.0;0.0;0.0;3.999999975690116e-08;0.0;0.0;0.0;3.999999975690116e-08
26,380000000,26.38,imu_link,0.007684506277330786,0.00691354056625479,0.014128757363191793,0.00013140727749092737,3.2178473867371235e-05,9.799924040213455,-4.6155707955466594e-10,5.330484785044064e-08,-4.989105560393235e-08,0.9999999999999973,0.0;0.0;0.0;0.0;0.0;0.0;0.0;0.0;0.0,7.621289842063561e-05;0.0;0.0;0.0;7.621289842063561e-05;0.0;0.0;0.0;7.621289842063561e-05,3.999999975690116e-08;0.0;0.0;0.0;3.999999975690116e-08;0.0;0.0;0.0;3.999999975690116e-08
26,400000000,26.4,imu_link,-0.023213923490801095,0.005398091596181369,0.0014791268941448008,0.00046820218412684737,-0.0002545201173592101,9.800055274961245,-4.6155707944070734e-10,5.33048478506298e-08,-4.989105560394487e-08,0.9999999999999973,0.0;0.0;0.0;0.0;0.0;0.0;0.0;0.0;0.0,7.621289842063561e-05;0.0;0.0;0.0;7.621289842063561e-05;0.0;0.0;0.0;7.621289842063561e-05,3.999999975690116e-08;0.0;0.0;0.0;3.999999975690116e-08;0.0;0.0;0.0;3.999999975690116e-08
26,420000000,26.42,imu_link,-0.005193244271900872,0.001225459176052326,0.004724746788534375,6.718982518805406e-05,-0.0003312890572840796,9.800016964950192,-4.615570793719196e-10,5.330484785075593e-08,-4.989105560395953e-08,0.9999999999999973,0.0;0.0;0.0;0.0;0.0;0.0;0.0;0.0;0.0,7.621289842063561e-05;0.0;0.0;0.0;7.621289842063561e-05;0.0;0.0;0.0;7.621289842063561e-05,3.999999975690116e-08;0.0;0.0;0.0;3.999999975690116e-08;0.0;0.0;0.0;3.999999975690116e-08
26,440000000,26.44,imu_link,0.005975637826724865,-0.007022799159959184,0.012301085016743325,-1.631560994115609e-05,0.00012282846351235524,9.800431481303644,-4.6155707940576914e-10,5.3304847850346766e-08,-4.9891055603974204e-08,0.9999999999999973,0.0;0.0;0.0;0.0;0.0;0.0;0.0;0.0;0.0,7.621289842063561e-05;0.0;0.0;0.0;7.621289842063561e-05;0.0;0.0;0.0;7.621289842063561e-05,3.999999975690116e-08;0.0;0.0;0.0;3.999999975690116e-08;0.0;0.0;0.0;3.999999975690116e-08
26,460000000,26.46,imu_link,-0.008838287947029965,-0.019967493697855124,-0.008325415445917764,0.00032342413256001044,-0.00032409445167663536,9.800247179267858,-4.6155707956292126e-10,5.330484785051989e-08,-4.9891055603988596e-08,0.9999999999999973,0.0;0.0;0.0;0.0;0.0;0.0;0.0;0.0;0.0,7.621289842063561e-05;0.0;0.0;0.0;7.621289842063561e-05;0.0;0.0;0.0;7.621289842063561e-05,3.999999975690116e-08;0.0;0.0;0.0;3.999999975690116e-08;0.0;0.0;0.0;3.999999975690116e-08
26,480000000,26.48,imu_link,0.010072848634425674,0.01019698204363395,-0.005582828550524636,0.00022554030647567257,-0.00034658723680095854,9.800252140565236,-4.615570795996385e-10,5.33048478506992e-08,-4.989105560400273e-08,0.9999999999999973,0.0;0.0;0.0;0.0;0.0;0.0;0.0;0.0;0.0,7.621289842063561e-05;0.0;0.0;0.0;7.621289842063561e-05;0.0;0.0;0.0;7.621289842063561e-05,3.999999975690116e-08;0.0;0.0;0.0;3.999999975690116e-08;0.0;0.0;0.0;3.999999975690116e-08
26,500000000,26.5,imu_link,0.00017648107812254815,-0.008578663965663069,0.006749565002660712,-2.082532554162044e-05,-3.614083989268581e-05,9.800166473138068,-4.615570793739163e-10,5.330484785036685e-08,-4.989105560401707e-08,0.9999999999999973,0.0;0.0;0.0;0.0;0.0;0.0;0.0;0.0;0.0,7.621289842063561e-05;0.0;0.0;0.0;7.621289842063561e-05;0.0;0.0;0.0;7.621289842063561e-05,3.999999975690116e-08;0.0;0.0;0.0;3.999999975690116e-08;0.0;0.0;0.0;3.999999975690116e-08
26,520000000,26.52,imu_link,0.01295064108536341,0.0003407620550006615,-0.0023995422028323574,9.058498606500299e-05,-0.000500643256502697,9.799945122860487,-4.6155707945638753e-10,5.330484785036092e-08,-4.989105560403166e-08,0.9999999999999973,0.0;0.0;0.0;0.0;0.0;0.0;0.0;0.0;0.0,7.621289842063561e-05;0.0;0.0;0.0;7.621289842063561e-05;0.0;0.0;0.0;7.621289842063561e-05,3.999999975690116e-08;0.0;0.0;0.0;3.999999975690116e-08;0.0;0.0;0.0;3.999999975690116e-08
26,540000000,26.54,imu_link,-0.0006632019626889707,3.582854010355821e-05,-0.010004488288029413,0.00010436734438208878,-0.0002170952835512857,9.800218380070667,-4.6155707948802615e-10,5.330484785054217e-08,-4.9891055604044004e-08,0.9999999999999973,0.0;0.0;0.0;0.0;0.0;0.0;0.0;0.0;0.0,7.621289842063561e-05;0.0;0.0;0.0;7.621289842063561e-05;0.0;0.0;0.0;7.621289842063561e-05,3.999999975690116e-08;0.0;0.0;0.0;3.999999975690116e-08;0.0;0.0;0.0;3.999999975690116e-08
26,560000000,26.56,imu_link,-0.006171050802300421,-0.0017804410400202853,0.009782778067730548,1.5866143362749135e-05,0.0001932749068653787,9.79981054681693,-4.615570794751404e-10,5.330484785089292e-08,-4.9891055604058596e-08,0.9999999999999973,0.0;0.0;0.0;0.0;0.0;0.0;0.0;0.0;0.0,7.621289842063561e-05;0.0;0.0;0.0;7.621289842063561e-05;0.0;0.0;0.0;7.621289842063561e-05,3.999999975690116e-08;0.0;0.0;0.0;3.999999975690116e-08;0.0;0.0;0.0;3.999999975690116e-08
26,580000000,26.58,imu_link,-0.0069416363366315076,-0.007857644540122166,0.0018021837632550073,0.0003965581049170333,0.00041643524743663384,9.800049712331601,-4.6155707952820206e-10,5.3304847850407825e-08,-4.989105560407261e-08,0.9999999999999973,0.0;0.0;0.0;0.0;0.0;0.0;0.0;0.0;0.0,7.621289842063561e-05;0.0;0.0;0.0;7.621289842063561e-05;0.0;0.0;0.0;7.621289842063561e-05,3.999999975690116e-08;0.0;0.0;0.0;3.999999975690116e-08;0.0;0.0;0.0;3.999999975690116e-08
26,600000000,26.6,imu_link,0.01540778234871593,0.017450937147821574,-0.007783026679440874,0.0001685241171209693,-1.9431837745201603e-05,9.800279533636155,-4.6155707957108367e-10,5.330484785059176e-08,-4.989105560408467e-08,0.9999999999999973,0.0;0.0;0.0;0.0;0.0;0.0;0.0;0.0;0.0,7.621289842063561e-05;0.0;0.0;0.0;7.621289842063561e-05;0.0;0.0;0.0;7.621289842063561e-05,3.999999975690116e-08;0.0;0.0;0.0;3.999999975690116e-08;0.0;0.0;0.0;3.999999975690116e-08
26,620000000,26.62,imu_link,0.009725808313733523,-0.0070352588981555,0.005599832758640955,0.0003331065703713319,2.2746045351448063e-05,9.800230944689307,-4.61557079362065e-10,5.330484785073004e-08,-4.9891055604095925e-08,0.9999999999999973,0.0;0.0;0.0;0.0;0.0;0.0;0.0;0.0;0.0,7.621289842063561e-05;0.0;0.0;0.0;7.621289842063561e-05;0.0;0.0;0.0;7.621289842063561e-05,3.999999975690116e-08;0.0;0.0;0.0;3.999999975690116e-08;0.0;0.0;0.0;3.999999975690116e-08
26,640000000,26.64,imu_link,0.0016024403444484592,0.0066661030236285996,-0.00929851048634241,0.00030766936772766304,-2.3517845944858256e-05,9.800101154196412,-4.615570794324999e-10,5.330484785024803e-08,-4.989105560410931e-08,0.9999999999999973,0.0;0.0;0.0;0.0;0.0;0.0;0.0;0.0;0.0,7.621289842063561e-05;0.0;0.0;0.0;7.621289842063561e-05;0.0;0.0;0.0;7.621289842063561e-05,3.999999975690116e-08;0.0;0.0;0.0;3.999999975690116e-08;0.0;0.0;0.0;3.999999975690116e-08
26,660000000,26.66,imu_link,0.002713146356723084,0.012612769835603065,-0.013285784597150106,-0.00011151077573568193,-0.0005967794959789761,9.800416062940457,-4.615570794529248e-10,5.3304847850427466e-08,-4.989105560412186e-08,0.9999999999999973,0.0;0.0;0.0;0.0;0.0;0.0;0.0;0.0;0.0,7.621289842063561e-05;0.0;0.0;0.0;7.621289842063561e-05;0.0;0.0;0.0;7.621289842063561e-05,3.999999975690116e-08;0.0;0.0;0.0;3.999999975690116e-08;0.0;0.0;0.0;3.999999975690116e-08
26,680000000,26.68,imu_link,-0.01484509406056118,0.0022818637561597215,0.00036291367697928255,-5.42973047796748e-06,-0.00016499728961006705,9.799903199443621,-4.6155707945322496e-10,5.330484785078717e-08,-4.989105560413369e-08,0.9999999999999973,0.0;0.0;0.0;0.0;0.0;0.0;0.0;0.0;0.0,7.621289842063561e-05;0.0;0.0;0.0;7.621289842063561e-05;0.0;0.0;0.0;7.621289842063561e-05,3.999999975690116e-08;0.0;0.0;0.0;3.999999975690116e-08;0.0;0.0;0.0;3.999999975690116e-08
26,700000000,26.7,imu_link,0.0031605661212544827,0.015384994900325629,0.010531739300042569,0.0001852867874436671,-7.041860931632622e-05,9.800232303229283,-4.6155707952219424e-10,5.330484785030478e-08,-4.9891055604148216e-08,0.9999999999999973,0.0;0.0;0.0;0.0;0.0;0.0;0.0;0.0;0.0,7.621289842063561e-05;0.0;0.0;0.0;7.621289842063561e-05;0.0;0.0;0.0;7.621289842063561e-05,3.999999975690116e-08;0.0;0.0;0.0;3.999999975690116e-08;0.0;0.0;0.0;3.999999975690116e-08
26,720000000,26.72,imu_link,0.0063708344591252315,-0.010325266594698842,0.005761805794270171,-1.3803368767814113e-05,-3.403102000825982e-05,9.79994224304954,-4.615570794408728e-10,5.330484785041836e-08,-4.989105560416257e-08,0.9999999999999973,0.0;0.0;0.0;0.0;0.0;0.0;0.0;0.0;0.0,7.621289842063561e-05;0.0;0.0;0.0;7.621289842063561e-05;0.0;0.0;0.0;7.621289842063561e-05,3.999999975690116e-08;0.0;0.0;0.0;3.999999975690116e-08;0.0;0.0;0.0;3.999999975690116e-08
26,740000000,26.74,imu_link,0.007046222246184341,0.006008928219133512,0.006480686629134235,-6.351530808293913e-05,-0.000324439165472982,9.80003390214298,-4.61557079481576e-10,5.3304847850599427e-08,-4.9891055604175883e-08,0.9999999999999973,0.0;0.0;0.0;0.0;0.0;0.0;0.0;0.0;0.0,7.621289842063561e-05;0.0;0.0;0.0;7.621289842063561e-05;0.0;0.0;0.0;7.621289842063561e-05,3.999999975690116e-08;0.0;0.0;0.0;3.999999975690116e-08;0.0;0.0;0.0;3.999999975690116e-08
26,760000000,26.76,imu_link,0.010021542031597705,0.009089673518013942,0.0005700846748169239,0.00010408464741995925,0.00012486047294551307,9.800121708709618,-4.6155707938404696e-10,5.330484785026256e-08,-4.9891055604191415e-08,0.9999999999999973,0.0;0.0;0.0;0.0;0.0;0.0;0.0;0.0;0.0,7.621289842063561e-05;0.0;0.0;0.0;7.621289842063561e-05;0.0;0.0;0.0;7.621289842063561e-05,3.999999975690116e-08;0.0;0.0;0.0;3.999999975690116e-08;0.0;0.0;0.0;3.999999975690116e-08
26,780000000,26.78,imu_link,-0.012094869872408024,0.008020480900545962,-0.011028114507359018,-0.000232551052528457,-0.00022810465967209069,9.800177027731442,-4.6155707941089533e-10,5.330484785043666e-08,-4.9891055604205556e-08,0.9999999999999973,0.0;0.0;0.0;0.0;0.0;0.0;0.0;0.0;0.0,7.621289842063561e-05;0.0;0.0;0.0;7.621289842063561e-05;0.0;0.0;0.0;7.621289842063561e-05,3.999999975690116e-08;0.0;0.0;0.0;3.999999975690116e-08;0.0;0.0;0.0;3.999999975690116e-08
26,800000000,26.8,imu_link,0.0048308507939703385,0.004310039652016131,-0.008289966945485762,-6.3513758864541e-05,0.00024404726121083075,9.800540571788778,-4.615570794483609e-10,5.330484785062061e-08,-4.989105560421999e-08,0.9999999999999973,0.0;0.0;0.0;0.0;0.0;0.0;0.0;0.0;0.0,7.621289842063561e-05;0.0;0.0;0.0;7.621289842063561e-05;0.0;0.0;0.0;7.621289842063561e-05,3.999999975690116e-08;0.0;0.0;0.0;3.999999975690116e-08;0.0;0.0;0.0;3.999999975690116e-08
26,820000000,26.82,imu_link,0.002573341834104791,-0.00036679507547346477,-0.00016530378081722097,-6.919426564145058e-05,9.396221330678416e-05,9.80059577900467,-4.6155707947633183e-10,5.3304847850799214e-08,-4.9891055604235136e-08,0.9999999999999973,0.0;0.0;0.0;0.0;0.0;0.0;0.0;0.0;0.0,7.621289842063561e-05;0.0;0.0;0.0;7.621289842063561e-05;0.0;0.0;0.0;7.621289842063561e-05,3.999999975690116e-08;0.0;0.0;0.0;3.999999975690116e-08;0.0;0.0;0.0;3.999999975690116e-08
26,840000000,26.84,imu_link,0.006164424227254208,0.006765338944024472,-0.011950583497270458,-0.00013078427311003125,2.1823818192220204e-05,9.8000118588827,-4.6155707955292447e-10,5.330484785031694e-08,-4.9891055604251706e-08,0.9999999999999973,0.0;0.0;0.0;0.0;0.0;0.0;0.0;0.0;0.0,7.621289842063561e-05;0.0;0.0;0.0;7.621289842063561e-05;0.0;0.0;0.0;7.621289842063561e-05,3.999999975690116e-08;0.0;0.0;0.0;3.999999975690116e-08;0.0;0.0;0.0;3.999999975690116e-08
26,860000000,26.86,imu_link,-0.0018827742230424817,-0.014960008474547936,-0.008834486410573248,-0.000434899064730352,7.233168495348096e-05,9.800249203748512,-4.615570794686251e-10,5.3304847850313785e-08,-4.989105560426676e-08,0.9999999999999973,0.0;0.0;0.0;0.0;0.0;0.0;0.0;0.0;0.0,7.621289842063561e-05;0.0;0.0;0.0;7.621289842063561e-05;0.0;0.0;0.0;7.621289842063561e-05,3.999999975690116e-08;0.0;0.0;0.0;3.999999975690116e-08;0.0;0.0;0.0;3.999999975690116e-08
26,880000000,26.88,imu_link,-0.008456539938410255,0.0017741659679726574,-0.0062301537378649805,-0.00013927866565871048,-7.076205731155349e-06,9.800312390770724,-4.6155707946738815e-10,5.330484785066915e-08,-4.9891055604283344e-08,0.9999999999999973,0.0;0.0;0.0;0.0;0.0;0.0;0.0;0.0;0.0,7.621289842063561e-05;0.0;0.0;0.0;7.621289842063561e-05;0.0;0.0;0.0;7.621289842063561e-05,3.999999975690116e-08;0.0;0.0;0.0;3.999999975690116e-08;0.0;0.0;0.0;3.999999975690116e-08
26,900000000,26.9,imu_link,-0.006942299674441659,0.014945074813709807,0.019068298642883178,0.00038819161984520833,-0.00015957990339630798,9.799962327487654,-4.6155707937883505e-10,5.3304847850329197e-08,-4.989105560429952e-08,0.9999999999999973,0.0;0.0;0.0;0.0;0.0;0.0;0.0;0.0;0.0,7.621289842063561e-05;0.0;0.0;0.0;7.621289842063561e-05;0.0;0.0;0.0;7.621289842063561e-05,3.999999975690116e-08;0.0;0.0;0.0;3.999999975690116e-08;0.0;0.0;0.0;3.999999975690116e-08
26,920000000,26.92,imu_link,-0.00214960061244969,0.01973776117783966,0.0031457211109755367,0.0002566264487291388,0.0001927062531763835,9.80001817475518,-4.615570794158636e-10,5.330484785050562e-08,-4.9891055604316484e-08,0.9999999999999973,0.0;0.0;0.0;0.0;0.0;0.0;0.0;0.0;0.0,7.621289842063561e-05;0.0;0.0;0.0;7.621289842063561e-05;0.0;0.0;0.0;7.621289842063561e-05,3.999999975690116e-08;0.0;0.0;0.0;3.999999975690116e-08;0.0;0.0;0.0;3.999999975690116e-08
26,940000000,26.94,imu_link,0.001731280331580672,-0.0201684517541556,0.02018910413797658,-0.00010352628540230614,-1.679774247651069e-05,9.799908960470518,-4.615570794568699e-10,5.330484785067478e-08,-4.989105560433352e-08,0.9999999999999973,0.0;0.0;0.0;0.0;0.0;0.0;0.0;0.0;0.0,7.621289842063561e-05;0.0;0.0;0.0;7.621289842063561e-05;0.0;0.0;0.0;7.621289842063561e-05,3.999999975690116e-08;0.0;0.0;0.0;3.999999975690116e-08;0.0;0.0;0.0;3.999999975690116e-08
26,960000000,26.96,imu_link,0.0038077959396332485,0.02670069900540696,0.007396439361689325,0.00043964857457682785,-7.39766658713076e-05,9.800155284265712,-4.6155707947088154e-10,5.33048478508425e-08,-4.9891055604351113e-08,0.9999999999999973,0.0;0.0;0.0;0.0;0.0;0.0;0.0;0.0;0.0,7.621289842063561e-05;0.0;0.0;0.0;7.621289842063561e-05;0.0;0.0;0.0;7.621289842063561e-05,3.999999975690116e-08;0.0;0.0;0.0;3.999999975690116e-08;0.0;0.0;0.0;3.999999975690116e-08
26,980000000,26.98,imu_link,-0.011706872586589206,0.0012282014470940072,-0.01364925678063554,9.794769601802951e-05,-0.00016170191957258815,9.800055218551352,-4.615570795541417e-10,5.330484785037085e-08,-4.9891055604368597e-08,0.9999999999999973,0.0;0.0;0.0;0.0;0.0;0.0;0.0;0.0;0.0,7.621289842063561e-05;0.0;0.0;0.0;7.621289842063561e-05;0.0;0.0;0.0;7.621289842063561e-05,3.999999975690116e-08;0.0;0.0;0.0;3.999999975690116e-08;0.0;0.0;0.0;3.999999975690116e-08
27,0,27.0,imu_link,-0.004850344228530369,0.003353831282404453,-0.007475450668478301,0.00013190346934114603,0.00018308520373561026,9.800198467393844,-4.6155707957589465e-10,5.3304847850551774e-08,-4.989105560438446e-08,0.9999999999999973,0.0;0.0;0.0;0.0;0.0;0.0;0.0;0.0;0.0,7.621289842063561e-05;0.0;0.0;0.0;7.621289842063561e-05;0.0;0.0;0.0;7.621289842063561e-05,3.999999975690116e-08;0.0;0.0;0.0;3.999999975690116e-08;0.0;0.0;0.0;3.999999975690116e-08
27,20000000,27.02,imu_link,-0.011058894759623326,-0.0022964754271628165,-0.004541115805305014,0.000266571454740517,-0.00023754647575018585,9.800201786204322,-4.6155707936984355e-10,5.3304847850558855e-08,-4.989105560440285e-08,0.9999999999999973,0.0;0.0;0.0;0.0;0.0;0.0;0.0;0.0;0.0,7.621289842063561e-05;0.0;0.0;0.0;7.621289842063561e-05;0.0;0.0;0.0;7.621289842063561e-05,3.999999975690116e-08;0.0;0.0;0.0;3.999999975690116e-08;0.0;0.0;0.0;3.999999975690116e-08
27,40000000,27.04,imu_link,-0.0011529680724167352,0.002440389164964621,6.375563192832571e-06,-2.5168876368766348e-05,7.201666136258421e-05,9.799680220798638,-4.615570793975666e-10,5.3304847850748187e-08,-4.989105560442061e-08,0.9999999999999973,0.0;0.0;0.0;0.0;0.0;0.0;0.0;0.0;0.0,7.621289842063561e-05;0.0;0.0;0.0;7.621289842063561e-05;0.0;0.0;0.0;7.621289842063561e-05,3.999999975690116e-08;0.0;0.0;0.0;3.999999975690116e-08;0.0;0.0;0.0;3.999999975690116e-08
27,60000000,27.06,imu_link,0.0013262760604170563,-0.0005298437647859167,0.00856310751041696,0.00014403916546047675,-0.00017509018319707993,9.800060091641871,-4.615570795721675e-10,5.330484785044622e-08,-4.9891055604439847e-08,0.9999999999999973,0.0;0.0;0.0;0.0;0.0;0.0;0.0;0.0;0.0,7.621289842063561e-05;0.0;0.0;0.0;7.621289842063561e-05;0.0;0.0;0.0;7.621289842063561e-05,3.999999975690116e-08;0.0;0.0;0.0;3.999999975690116e-08;0.0;0.0;0.0;3.999999975690116e-08
27,80000000,27.08,imu_link,-0.0039467801509627835,0.008893647608337218,0.0006871885310819057,0.00018024543404442382,4.7202918235801414e-05,9.799865714711046,-4.6155707950608774e-10,5.3304847850452486e-08,-4.9891055604459355e-08,0.9999999999999973,0.0;0.0;0.0;0.0;0.0;0.0;0.0;0.0;0.0,7.621289842063561e-05;0.0;0.0;0.0;7.621289842063561e-05;0.0;0.0;0.0;7.621289842063561e-05,3.999999975690116e-08;0.0;0.0;0.0;3.999999975690116e-08;0.0;0.0;0.0;3.999999975690116e-08
27,100000000,27.1,imu_link,-0.001310367702914889,-0.009564554384706759,0.009083258423062422,0.00022211910448736557,-0.00022217289292975924,9.800038453550432,-4.615570795094599e-10,5.330484785082985e-08,-4.989105560447582e-08,0.9999999999999973,0.0;0.0;0.0;0.0;0.0;0.0;0.0;0.0;0.0,7.621289842063561e-05;0.0;0.0;0.0;7.621289842063561e-05;0.0;0.0;0.0;7.621289842063561e-05,3.999999975690116e-08;0.0;0.0;0.0;3.999999975690116e-08;0.0;0.0;0.0;3.999999975690116e-08
27,120000000,27.12,imu_link,0.021255801959037732,-0.008491507258223393,-0.004844575202634971,4.6780615296234166e-05,-0.00014431728269275767,9.800354673419385,-4.6155707946540953e-10,5.330484785030524e-08,-4.989105560449414e-08,0.9999999999999973,0.0;0.0;0.0;0.0;0.0;0.0;0.0;0.0;0.0,7.621289842063561e-05;0.0;0.0;0.0;7.621289842063561e-05;0.0;0.0;0.0;7.621289842063561e-05,3.999999975690116e-08;0.0;0.0;0.0;3.999999975690116e-08;0.0;0.0;0.0;3.999999975690116e-08
27,140000000,27.14,imu_link,0.015825511708315754,0.010320178250596645,0.004286727798242253,2.0771958313158478e-05,1.4108659692559403e-05,9.800066842050397,-4.615570794642122e-10,5.330484785065851e-08,-4.989105560451182e-08,0.9999999999999973,0.0;0.0;0.0;0.0;0.0;0.0;0.0;0.0;0.0,7.621289842063561e-05;0.0;0.0;0.0;7.621289842063561e-05;0.0;0.0;0.0;7.621289842063561e-05,3.999999975690116e-08;0.0;0.0;0.0;3.999999975690116e-08;0.0;0.0;0.0;3.999999975690116e-08
27,160000000,27.16,imu_link,-0.02071220525773788,0.006522455018417771,-0.0010929109131427753,-5.755673263973359e-05,0.0001537180337323448,9.800006926088919,-4.6155707949242303e-10,5.33048478508223e-08,-4.989105560452971e-08,0.9999999999999973,0.0;0.0;0.0;0.0;0.0;0.0;0.0;0.0;0.0,7.621289842063561e-05;0.0;0.0;0.0;7.621289842063561e-05;0.0;0.0;0.0;7.621289842063561e-05,3.999999975690116e-08;0.0;0.0;0.0;3.999999975690116e-08;0.0;0.0;0.0;3.999999975690116e-08
27,180000000,27.18,imu_link,0.016714347737688005,-0.0026315255258758975,-0.0024329652418043904,0.0003480707467293811,1.8941394104911134e-05,9.799824185472273,-4.6155707955194653e-10,5.330484785035084e-08,-4.9891055604547215e-08,0.9999999999999973,0.0;0.0;0.0;0.0;0.0;0.0;0.0;0.0;0.0,7.621289842063561e-05;0.0;0.0;0.0;7.621289842063561e-05;0.0;0.0;0.0;7.621289842063561e-05,3.999999975690116e-08;0.0;0.0;0.0;3.999999975690116e-08;0.0;0.0;0.0;3.999999975690116e-08
27,200000000,27.2,imu_link,0.021088517880040708,-0.011433725168521806,0.009718145462447734,0.00012829778792310814,7.009044407990028e-05,9.800015331404763,-4.615570795843689e-10,5.3304847850518965e-08,-4.989105560456351e-08,0.9999999999999973,0.0;0.0;0.0;0.0;0.0;0.0;0.0;0.0;0.0,7.621289842063561e-05;0.0;0.0;0.0;7.621289842063561e-05;0.0;0.0;0.0;7.621289842063561e-05,3.999999975690116e-08;0.0;0.0;0.0;3.999999975690116e-08;0.0;0.0;0.0;3.999999975690116e-08
27,220000000,27.22,imu_link,-0.0028466806428660463,0.0007819385666266132,0.0014345238508486518,0.0002552598637727074,-0.00030401995486182767,9.799906272917376,-4.615570796147565e-10,5.33048478507006e-08,-4.9891055604581235e-08,0.9999999999999973,0.0;0.0;0.0;0.0;0.0;0.0;0.0;0.0;0.0,7.621289842063561e-05;0.0;0.0;0.0;7.621289842063561e-05;0.0;0.0;0.0;7.621289842063561e-05,3.999999975690116e-08;0.0;0.0;0.0;3.999999975690116e-08;0.0;0.0;0.0;3.999999975690116e-08
27,240000000,27.24,imu_link,0.021430897229230184,0.0039925712325948924,0.009611528371884616,0.0005501092611283051,-0.0004487279691617369,9.799769168626066,-4.615570793965362e-10,5.3304847850359326e-08,-4.989105560460016e-08,0.9999999999999973,0.0;0.0;0.0;0.0;0.0;0.0;0.0;0.0;0.0,7.621289842063561e-05;0.0;0.0;0.0;7.621289842063561e-05;0.0;0.0;0.0;7.621289842063561e-05,3.999999975690116e-08;0.0;0.0;0.0;3.999999975690116e-08;0.0;0.0;0.0;3.999999975690116e-08
27,260000000,27.26,imu_link,-0.004167618410976056,0.0031712825520057476,-0.011232036144644339,-6.309974541987108e-05,0.00015556751323252908,9.800270349526485,-4.615570794287828e-10,5.330484785053724e-08,-4.98910556046162e-08,0.9999999999999973,0.0;0.0;0.0;0.0;0.0;0.0;0.0;0.0;0.0,7.621289842063561e-05;0.0;0.0;0.0;7.621289842063561e-05;0.0;0.0;0.0;7.621289842063561e-05,3.999999975690116e-08;0.0;0.0;0.0;3.999999975690116e-08;0.0;0.0;0.0;3.999999975690116e-08
27,280000000,27.28,imu_link,0.007004091567626672,7.998848972719005e-07,-0.007807985685143739,-0.00015338509670294846,1.7880771878554737e-05,9.800458003452675,-4.6155707946824506e-10,5.330484785071524e-08,-4.9891055604633414e-08,0.9999999999999973,0.0;0.0;0.0;0.0;0.0;0.0;0.0;0.0;0.0,7.621289842063561e-05;0.0;0.0;0.0;7.621289842063561e-05;0.0;0.0;0.0;7.621289842063561e-05,3.999999975690116e-08;0.0;0.0;0.0;3.999999975690116e-08;0.0;0.0;0.0;3.999999975690116e-08
27,300000000,27.3,imu_link,-0.006471489885913075,0.00011238722590759593,-0.009481820975507725,-0.0002552611478297116,-4.3822479117754885e-05,9.800227076019482,-4.615570795121279e-10,5.330484785088138e-08,-4.989105560465263e-08,0.9999999999999973,0.0;0.0;0.0;0.0;0.0;0.0;0.0;0.0;0.0,7.621289842063561e-05;0.0;0.0;0.0;7.621289842063561e-05;0.0;0.0;0.0;7.621289842063561e-05,3.999999975690116e-08;0.0;0.0;0.0;3.999999975690116e-08;0.0;0.0;0.0;3.999999975690116e-08
27,320000000,27.32,imu_link,-0.007540854889973305,-0.005327888931632795,-0.006444666682602882,-0.00011831630952654618,-0.00019781037314414444,9.799566675054473,-4.6155707957682714e-10,5.330484785040577e-08,-4.989105560467007e-08,0.9999999999999973,0.0;0.0;0.0;0.0;0.0;0.0;0.0;0.0;0.0,7.621289842063561e-05;0.0;0.0;0.0;7.621289842063561e-05;0.0;0.0;0.0;7.621289842063561e-05,3.999999975690116e-08;0.0;0.0;0.0;3.999999975690116e-08;0.0;0.0;0.0;3.999999975690116e-08
27,340000000,27.34,imu_link,0.0073333068511444305,0.008167478833142464,-0.00096015925747842,0.0002644862413864293,2.9576520638889127e-05,9.800090250048722,-4.615570793637663e-10,5.330484785053677e-08,-4.98910556046881e-08,0.9999999999999973,0.0;0.0;0.0;0.0;0.0;0.0;0.0;0.0;0.0,7.621289842063561e-05;0.0;0.0;0.0;7.621289842063561e-05;0.0;0.0;0.0;7.621289842063561e-05,3.999999975690116e-08;0.0;0.0;0.0;3.999999975690116e-08;0.0;0.0;0.0;3.999999975690116e-08
27,360000000,27.36,imu_link,-0.006918779698154792,0.0072522503027377784,0.005517248938993729,7.158669422245947e-05,-6.0771609576130415e-05,9.799809405302971,-4.6155707940617596e-10,5.3304847850717277e-08,-4.9891055604705054e-08,0.9999999999999973,0.0;0.0;0.0;0.0;0.0;0.0;0.0;0.0;0.0,7.621289842063561e-05;0.0;0.0;0.0;7.621289842063561e-05;0.0;0.0;0.0;7.621289842063561e-05,3.999999975690116e-08;0.0;0.0;0.0;3.999999975690116e-08;0.0;0.0;0.0;3.999999975690116e-08
27,380000000,27.38,imu_link,-0.002653287507701333,-0.005148168470161916,-0.0065118093981251695,0.0004001929622964856,-0.00029512867334158537,9.799882000029687,-4.615570794413424e-10,5.330484785089029e-08,-4.989105560472142e-08,0.9999999999999973,0.0;0.0;0.0;0.0;0.0;0.0;0.0;0.0;0.0,7.621289842063561e-05;0.0;0.0;0.0;7.621289842063561e-05;0.0;0.0;0.0;7.621289842063561e-05,3.999999975690116e-08;0.0;0.0;0.0;3.999999975690116e-08;0.0;0.0;0.0;3.999999975690116e-08
27,400000000,27.4,imu_link,-0.006218178844126211,0.0109941861754648,0.003037505599522341,-3.5383236685140694e-05,-0.00031120718413770745,9.800294669362634,-4.6155707951839655e-10,5.330484785041198e-08,-4.9891055604738743e-08,0.9999999999999973,0.0;0.0;0.0;0.0;0.0;0.0;0.0;0.0;0.0,7.621289842063561e-05;0.0;0.0;0.0;7.621289842063561e-05;0.0;0.0;0.0;7.621289842063561e-05,3.999999975690116e-08;0.0;0.0;0.0;3.999999975690116e-08;0.0;0.0;0.0;3.999999975690116e-08
27,420000000,27.42,imu_link,-0.0032185052605094955,0.008463396697550907,0.006877635068309359,6.255744364267044e-05,-0.0003482493443297019,9.800665938465988,-4.615570794131719e-10,5.3304847850608155e-08,-4.989105560475415e-08,0.9999999999999973,0.0;0.0;0.0;0.0;0.0;0.0;0.0;0.0;0.0,7.621289842063561e-05;0.0;0.0;0.0;7.621289842063561e-05;0.0;0.0;0.0;7.621289842063561e-05,3.999999975690116e-08;0.0;0.0;0.0;3.999999975690116e-08;0.0;0.0;0.0;3.999999975690116e-08
27,440000000,27.44,imu_link,0.001156890766405822,0.001326944762330324,-0.017566226343302516,0.000372095297989818,5.335432797651936e-05,9.80005570075971,-4.6155707957625556e-10,5.330484785031498e-08,-4.9891055604771824e-08,0.9999999999999973,0.0;0.0;0.0;0.0;0.0;0.0;0.0;0.0;0.0,7.621289842063561e-05;0.0;0.0;0.0;7.621289842063561e-05;0.0;0.0;0.0;7.621289842063561e-05,3.999999975690116e-08;0.0;0.0;0.0;3.999999975690116e-08;0.0;0.0;0.0;3.999999975690116e-08
27,460000000,27.46,imu_link,0.014267461900030799,-0.010721753930495993,0.0055619083243677045,0.00014535593670603387,0.00012799572990038736,9.799992756796115,-4.6155707960387316e-10,5.3304847850481616e-08,-4.989105560478769e-08,0.9999999999999973,0.0;0.0;0.0;0.0;0.0;0.0;0.0;0.0;0.0,7.621289842063561e-05;0.0;0.0;0.0;7.621289842063561e-05;0.0;0.0;0.0;7.621289842063561e-05,3.999999975690116e-08;0.0;0.0;0.0;3.999999975690116e-08;0.0;0.0;0.0;3.999999975690116e-08
27,480000000,27.48,imu_link,-0.01745705598499869,0.023054117621614842,0.004195748400195127,0.00010831800891064273,-0.0003858535678619802,9.799833592486518,-4.615570794032076e-10,5.3304847850612556e-08,-4.989105560480245e-08,0.9999999999999973,0.0;0.0;0.0;0.0;0.0;0.0;0.0;0.0;0.0,7.621289842063561e-05;0.0;0.0;0.0;7.621289842063561e-05;0.0;0.0;0.0;7.621289842063561e-05,3.999999975690116e-08;0.0;0.0;0.0;3.999999975690116e-08;0.0;0.0;0.0;3.999999975690116e-08
27,500000000,27.5,imu_link,-0.004818285362387002,-0.003384889465286715,-0.00045616204539338905,-4.992404771513465e-05,-7.445440321004332e-05,9.800021992493242,-4.6155707944029437e-10,5.330484785078543e-08,-4.9891055604818e-08,0.9999999999999973,0.0;0.0;0.0;0.0;0.0;0.0;0.0;0.0;0.0,7.621289842063561e-05;0.0;0.0;0.0;7.621289842063561e-05;0.0;0.0;0.0;7.621289842063561e-05,3.999999975690116e-08;0.0;0.0;0.0;3.999999975690116e-08;0.0;0.0;0.0;3.999999975690116e-08
27,520000000,27.52,imu_link,-0.002099654020398159,-0.014957895337114039,0.017046439795907895,0.00021339817789526976,-0.0004169720624395965,9.799989369388927,-4.615570794991358e-10,5.330484785030506e-08,-4.9891055604835054e-08,0.9999999999999973,0.0;0.0;0.0;0.0;0.0;0.0;0.0;0.0;0.0,7.621289842063561e-05;0.0;0.0;0.0;7.621289842063561e-05;0.0;0.0;0.0;7.621289842063561e-05,3.999999975690116e-08;0.0;0.0;0.0;3.999999975690116e-08;0.0;0.0;0.0;3.999999975690116e-08
27,540000000,27.54,imu_link,-0.005345635911093807,-0.011041393535540168,-0.013434155345782585,-0.00011412321128915972,-0.00012900467440267167,9.80013677740478,-4.615570795242508e-10,5.3304847850485686e-08,-4.989105560485075e-08,0.9999999999999973,0.0;0.0;0.0;0.0;0.0;0.0;0.0;0.0;0.0,7.621289842063561e-05;0.0;0.0;0.0;7.621289842063561e-05;0.0;0.0;0.0;7.621289842063561e-05,3.999999975690116e-08;0.0;0.0;0.0;3.999999975690116e-08;0.0;0.0;0.0;3.999999975690116e-08
27,560000000,27.56,imu_link,-0.010677767505606804,0.009649029562098869,-0.010637088830249785,5.487142053637852e-05,-0.0003148445147764906,9.799907606726654,-4.615570795628869e-10,5.3304847850665535e-08,-4.989105560486608e-08,0.9999999999999973,0.0;0.0;0.0;0.0;0.0;0.0;0.0;0.0;0.0,7.621289842063561e-05;0.0;0.0;0.0;7.621289842063561e-05;0.0;0.0;0.0;7.621289842063561e-05,3.999999975690116e-08;0.0;0.0;0.0;3.999999975690116e-08;0.0;0.0;0.0;3.999999975690116e-08
27,580000000,27.58,imu_link,0.0011430161944593457,0.010738379804669424,0.01846068562020753,-4.6588724661364385e-05,-0.00010058228660447452,9.799844198178842,-4.6155707960504083e-10,5.330484785038448e-08,-4.989105560488335e-08,0.9999999999999973,0.0;0.0;0.0;0.0;0.0;0.0;0.0;0.0;0.0,7.621289842063561e-05;0.0;0.0;0.0;7.621289842063561e-05;0.0;0.0;0.0;7.621289842063561e-05,3.999999975690116e-08;0.0;0.0;0.0;3.999999975690116e-08;0.0;0.0;0.0;3.999999975690116e-08
27,600000000,27.6,imu_link,-0.009819398284811548,-0.0038075847177215265,-0.009310642610014245,0.00032011906347126546,-0.00011051636198464047,9.800209609821,-4.615570793773611e-10,5.3304847850390196e-08,-4.989105560489931e-08,0.9999999999999973,0.0;0.0;0.0;0.0;0.0;0.0;0.0;0.0;0.0,7.621289842063561e-05;0.0;0.0;0.0;7.621289842063561e-05;0.0;0.0;0.0;7.621289842063561e-05,3.999999975690116e-08;0.0;0.0;0.0;3.999999975690116e-08;0.0;0.0;0.0;3.999999975690116e-08
27,620000000,27.62,imu_link,-0.010190490942765537,0.0012219296722518233,-0.006308943339682736,5.8613539255960445e-05,-0.00010193885831199826,9.800421895837244,-4.6155707964523663e-10,5.33048478507386e-08,-4.9891055604917064e-08,0.9999999999999973,0.0;0.0;0.0;0.0;0.0;0.0;0.0;0.0;0.0,7.621289842063561e-05;0.0;0.0;0.0;7.621289842063561e-05;0.0;0.0;0.0;7.621289842063561e-05,3.999999975690116e-08;0.0;0.0;0.0;3.999999975690116e-08;0.0;0.0;0.0;3.999999975690116e-08
27,640000000,27.64,imu_link,0.0008860496188881032,0.00822824875790322,-0.0047466259526645575,0.00013506517176951844,0.00020456409912013605,9.800234862752353,-4.6155707942987267e-10,5.330484785075291e-08,-4.989105560493369e-08,0.9999999999999973,0.0;0.0;0.0;0.0;0.0;0.0;0.0;0.0;0.0,7.621289842063561e-05;0.0;0.0;0.0;7.621289842063561e-05;0.0;0.0;0.0;7.621289842063561e-05,3.999999975690116e-08;0.0;0.0;0.0;3.999999975690116e-08;0.0;0.0;0.0;3.999999975690116e-08
27,660000000,27.66,imu_link,0.006848953992820264,-0.006405967274152964,0.0010983556289459635,4.28564600670506e-05,-0.0001929078912396752,9.799880971300663,-4.6155707960980363e-10,5.3304847850466767e-08,-4.98910556049489e-08,0.9999999999999973,0.0;0.0;0.0;0.0;0.0;0.0;0.0;0.0;0.0,7.621289842063561e-05;0.0;0.0;0.0;7.621289842063561e-05;0.0;0.0;0.0;7.621289842063561e-05,3.999999975690116e-08;0.0;0.0;0.0;3.999999975690116e-08;0.0;0.0;0.0;3.999999975690116e-08
27,680000000,27.68,imu_link,0.0012566978457773511,0.012417908407803085,-0.009858127884330839,0.00012956831517193436,-0.00030111694279230184,9.800150842910709,-4.6155707943890336e-10,5.33048478506055e-08,-4.9891055604961956e-08,0.9999999999999973,0.0;0.0;0.0;0.0;0.0;0.0;0.0;0.0;0.0,7.621289842063561e-05;0.0;0.0;0.0;7.621289842063561e-05;0.0;0.0;0.0;7.621289842063561e-05,3.999999975690116e-08;0.0;0.0;0.0;3.999999975690116e-08;0.0;0.0;0.0;3.999999975690116e-08
27,700000000,27.7,imu_link,0.010941092459278275,-0.00176015842224825,0.01247530425717119,0.00015967018817230263,-9.78375470788126e-05,9.800142337194687,-4.615570793885703e-10,5.330484785061339e-08,-4.98910556049778e-08,0.9999999999999973,0.0;0.0;0.0;0.0;0.0;0.0;0.0;0.0;0.0,7.621289842063561e-05;0.0;0.0;0.0;7.621289842063561e-05;0.0;0.0;0.0;7.621289842063561e-05,3.999999975690116e-08;0.0;0.0;0.0;3.999999975690116e-08;0.0;0.0;0.0;3.999999975690116e-08
27,720000000,27.72,imu_link,0.003927369514068355,0.0010698250478475377,-0.0034450477762897522,7.05758227400581e-05,0.00012009349422269852,9.799798310369049,-4.6155707968446433e-10,5.330484785085639e-08,-4.98910556049936e-08,0.9999999999999973,0.0;0.0;0.0;0.0;0.0;0.0;0.0;0.0;0.0,7.621289842063561e-05;0.0;0.0;0.0;7.621289842063561e-05;0.0;0.0;0.0;7.621289842063561e-05,3.999999975690116e-08;0.0;0.0;0.0;3.999999975690116e-08;0.0;0.0;0.0;3.999999975690116e-08
27,740000000,27.74,imu_link,0.013004692612834056,0.0021784433942505263,0.0015527503198129035,0.00016940359902876544,0.0003704702676836832,9.800568943151552,-4.61557079384053e-10,5.33048478504791e-08,-4.989105560500738e-08,0.9999999999999973,0.0;0.0;0.0;0.0;0.0;0.0;0.0;0.0;0.0,7.621289842063561e-05;0.0;0.0;0.0;7.621289842063561e-05;0.0;0.0;0.0;7.621289842063561e-05,3.999999975690116e-08;0.0;0.0;0.0;3.999999975690116e-08;0.0;0.0;0.0;3.999999975690116e-08
27,760000000,27.76,imu_link,0.015145640330960608,-0.003924710966832421,-0.004290986459389327,0.0002759733684541292,-7.813810677652266e-05,9.799795791432532,-4.615570795922162e-10,5.330484785064854e-08,-4.989105560502326e-08,0.9999999999999973,0.0;0.0;0.0;0.0;0.0;0.0;0.0;0.0;0.0,7.621289842063561e-05;0.0;0.0;0.0;7.621289842063561e-05;0.0;0.0;0.0;7.621289842063561e-05,3.999999975690116e-08;0.0;0.0;0.0;3.999999975690116e-08;0.0;0.0;0.0;3.999999975690116e-08
27,780000000,27.78,imu_link,0.007919032671404473,-0.0071230551333892255,0.006979051821930249,1.7504392967126003e-05,0.00027833839519518424,9.800020849663808,-4.6155707941449067e-10,5.330484785078253e-08,-4.989105560503814e-08,0.9999999999999973,0.0;0.0;0.0;0.0;0.0;0.0;0.0;0.0;0.0,7.621289842063561e-05;0.0;0.0;0.0;7.621289842063561e-05;0.0;0.0;0.0;7.621289842063561e-05,3.999999975690116e-08;0.0;0.0;0.0;3.999999975690116e-08;0.0;0.0;0.0;3.999999975690116e-08
27,800000000,27.8,imu_link,-0.01281699804824181,-0.01118651658841619,0.00014410144814438252,-4.925261523773872e-05,-0.000259140143217013,9.800110510050589,-4.6155707937169483e-10,5.330484785043437e-08,-4.989105560505117e-08,0.9999999999999973,0.0;0.0;0.0;0.0;0.0;0.0;0.0;0.0;0.0,7.621289842063561e-05;0.0;0.0;0.0;7.621289842063561e-05;0.0;0.0;0.0;7.621289842063561e-05,3.999999975690116e-08;0.0;0.0;0.0;3.999999975690116e-08;0.0;0.0;0.0;3.999999975690116e-08
27,820000000,27.82,imu_link,-0.004425381417356783,0.004361498339983227,0.0019669222381984834,0.0001955235712784127,0.00021953256877427387,9.800111796875518,-4.6155707943390347e-10,5.330484785061207e-08,-4.989105560506293e-08,0.9999999999999973,0.0;0.0;0.0;0.0;0.0;0.0;0.0;0.0;0.0,7.621289842063561e-05;0.0;0.0;0.0;7.621289842063561e-05;0.0;0.0;0.0;7.621289842063561e-05,3.999999975690116e-08;0.0;0.0;0.0;3.999999975690116e-08;0.0;0.0;0.0;3.999999975690116e-08
27,840000000,27.84,imu_link,0.004633351316689739,-0.0092800935385896,-0.013808916404105533,0.00023970197450047068,0.0004462977620775477,9.800134145857799,-4.6155707938471744e-10,5.330484785073289e-08,-4.98910556050776e-08,0.9999999999999973,0.0;0.0;0.0;0.0;0.0;0.0;0.0;0.0;0.0,7.621289842063561e-05;0.0;0.0;0.0;7.621289842063561e-05;0.0;0.0;0.0;7.621289842063561e-05,3.999999975690116e-08;0.0;0.0;0.0;3.999999975690116e-08;0.0;0.0;0.0;3.999999975690116e-08
27,860000000,27.86,imu_link,0.008486921577403382,-0.0016415705043197955,0.018111547577743584,0.0003341095576309643,-3.447778562644548e-05,9.799837914072086,-4.6155707945656646e-10,5.3304847850259204e-08,-4.989105560508975e-08,0.9999999999999973,0.0;0.0;0.0;0.0;0.0;0.0;0.0;0.0;0.0,7.621289842063561e-05;0.0;0.0;0.0;7.621289842063561e-05;0.0;0.0;0.0;7.621289842063561e-05,3.999999975690116e-08;0.0;0.0;0.0;3.999999975690116e-08;0.0;0.0;0.0;3.999999975690116e-08
27,880000000,27.88,imu_link,0.008777107900856595,-0.0041687045810073755,0.011745431989793822,0.0005400933657522491,-0.000321608654075663,9.800085843501718,-4.615570795054404e-10,5.3304847850437015e-08,-4.989105560510255e-08,0.9999999999999973,0.0;0.0;0.0;0.0;0.0;0.0;0.0;0.0;0.0,7.621289842063561e-05;0.0;0.0;0.0;7.621289842063561e-05;0.0;0.0;0.0;7.621289842063561e-05,3.999999975690116e-08;0.0;0.0;0.0;3.999999975690116e-08;0.0;0.0;0.0;3.999999975690116e-08
27,900000000,27.9,imu_link,0.001641100603284612,0.00637280901332512,-0.0016077319874400315,0.00012930821387575263,1.5472481932984504e-05,9.800119723907658,-4.615570795535728e-10,5.330484785062249e-08,-4.989105560511431e-08,0.9999999999999973,0.0;0.0;0.0;0.0;0.0;0.0;0.0;0.0;0.0,7.621289842063561e-05;0.0;0.0;0.0;7.621289842063561e-05;0.0;0.0;0.0;7.621289842063561e-05,3.999999975690116e-08;0.0;0.0;0.0;3.999999975690116e-08;0.0;0.0;0.0;3.999999975690116e-08
27,920000000,27.92,imu_link,-0.0038496659177207713,-0.004634504477384517,-0.006490823098376286,1.649780571641328e-05,-0.0001741438533287997,9.800048173896583,-4.615570796076929e-10,5.330484785033553e-08,-4.9891055605124534e-08,0.9999999999999973,0.0;0.0;0.0;0.0;0.0;0.0;0.0;0.0;0.0,7.621289842063561e-05;0.0;0.0;0.0;7.621289842063561e-05;0.0;0.0;0.0;7.621289842063561e-05,3.999999975690116e-08;0.0;0.0;0.0;3.999999975690116e-08;0.0;0.0;0.0;3.999999975690116e-08
27,940000000,27.94,imu_link,0.003997528054987903,0.005923248089780576,-0.007936528706720248,-0.00010006210467562432,-0.00010511595051683382,9.799844709562288,-4.615570795520255e-10,5.330484785046714e-08,-4.98910556051367e-08,0.9999999999999973,0.0;0.0;0.0;0.0;0.0;0.0;0.0;0.0;0.0,7.621289842063561e-05;0.0;0.0;0.0;7.621289842063561e-05;0.0;0.0;0.0;7.621289842063561e-05,3.999999975690116e-08;0.0;0.0;0.0;3.999999975690116e-08;0.0;0.0;0.0;3.999999975690116e-08
27,960000000,27.96,imu_link,0.008187627526299176,-0.009688966576133008,0.01751380781188689,0.000108920074730758,-0.0002128487803364841,9.799999697451547,-4.615570793735377e-10,5.3304847850608837e-08,-4.989105560514661e-08,0.9999999999999973,0.0;0.0;0.0;0.0;0.0;0.0;0.0;0.0;0.0,7.621289842063561e-05;0.0;0.0;0.0;7.621289842063561e-05;0.0;0.0;0.0;7.621289842063561e-05,3.999999975690116e-08;0.0;0.0;0.0;3.999999975690116e-08;0.0;0.0;0.0;3.999999975690116e-08
27,980000000,27.98,imu_link,-0.001277895446453651,-0.009170003575773711,0.0031859737611933552,0.0003787599767425842,-0.00011349417977278068,9.800214447092234,-4.615570795646888e-10,5.3304847850328866e-08,-4.9891055605159454e-08,0.9999999999999973,0.0;0.0;0.0;0.0;0.0;0.0;0.0;0.0;0.0,7.621289842063561e-05;0.0;0.0;0.0;7.621289842063561e-05;0.0;0.0;0.0;7.621289842063561e-05,3.999999975690116e-08;0.0;0.0;0.0;3.999999975690116e-08;0.0;0.0;0.0;3.999999975690116e-08
28,0,28.0,imu_link,-0.0029020408593030075,-0.0068280020630605036,0.0014097749936421455,0.0002709042439271628,-0.00039563401087429155,9.800044867303896,-4.615570793760352e-10,5.330484785046832e-08,-4.989105560517178e-08,0.9999999999999973,0.0;0.0;0.0;0.0;0.0;0.0;0.0;0.0;0.0,7.621289842063561e-05;0.0;0.0;0.0;7.621289842063561e-05;0.0;0.0;0.0;7.621289842063561e-05,3.999999975690116e-08;0.0;0.0;0.0;3.999999975690116e-08;0.0;0.0;0.0;3.999999975690116e-08
28,20000000,28.02,imu_link,0.004562356078245003,-0.0034870763348881463,0.0014563211143577216,0.0002391013602298217,2.893026395786206e-05,9.800400086043904,-4.6155707956928584e-10,5.3304847850645636e-08,-4.989105560518568e-08,0.9999999999999973,0.0;0.0;0.0;0.0;0.0;0.0;0.0;0.0;0.0,7.621289842063561e-05;0.0;0.0;0.0;7.621289842063561e-05;0.0;0.0;0.0;7.621289842063561e-05,3.999999975690116e-08;0.0;0.0;0.0;3.999999975690116e-08;0.0;0.0;0.0;3.999999975690116e-08
28,40000000,28.04,imu_link,0.0011280317012715027,0.000778252043627808,0.0007376267347010967,-0.00011987538038817941,-0.0002944144790673891,9.800124836538025,-4.6155707949856795e-10,5.33048478508527e-08,-4.989105560519837e-08,0.9999999999999973,0.0;0.0;0.0;0.0;0.0;0.0;0.0;0.0;0.0,7.621289842063561e-05;0.0;0.0;0.0;7.621289842063561e-05;0.0;0.0;0.0;7.621289842063561e-05,3.999999975690116e-08;0.0;0.0;0.0;3.999999975690116e-08;0.0;0.0;0.0;3.999999975690116e-08
28,60000000,28.06,imu_link,-0.0036096753558603617,0.014363770898248397,0.0001988001656558165,0.00017811366398965534,-0.0003750219783342842,9.80001543366765,-4.615570794636883e-10,5.330484785040397e-08,-4.9891055605211646e-08,0.9999999999999973,0.0;0.0;0.0;0.0;0.0;0.0;0.0;0.0;0.0,7.621289842063561e-05;0.0;0.0;0.0;7.621289842063561e-05;0.0;0.0;0.0;7.621289842063561e-05,3.999999975690116e-08;0.0;0.0;0.0;3.999999975690116e-08;0.0;0.0;0.0;3.999999975690116e-08
28,80000000,28.08,imu_link,0.01012391701254274,-0.0057860495689934805,-0.01746809238848856,-0.00017341433055300033,6.108146805637287e-05,9.799819573708747,-4.6155707942909207e-10,5.330484785053492e-08,-4.989105560522501e-08,0.9999999999999973,0.0;0.0;0.0;0.0;0.0;0.0;0.0;0.0;0.0,7.621289842063561e-05;0.0;0.0;0.0;7.621289842063561e-05;0.0;0.0;0.0;7.621289842063561e-05,3.999999975690116e-08;0.0;0.0;0.0;3.999999975690116e-08;0.0;0.0;0.0;3.999999975690116e-08
28,100000000,28.1,imu_link,0.013068170044509227,-0.004175606206931758,-0.008137747446042213,0.00011072231376422507,-0.00016757092724481757,9.800111230573108,-4.61557079380919e-10,5.330484785065987e-08,-4.989105560523764e-08,0.9999999999999973,0.0;0.0;0.0;0.0;0.0;0.0;0.0;0.0;0.0,7.621289842063561e-05;0.0;0.0;0.0;7.621289842063561e-05;0.0;0.0;0.0;7.621289842063561e-05,3.999999975690116e-08;0.0;0.0;0.0;3.999999975690116e-08;0.0;0.0;0.0;3.999999975690116e-08
28,120000000,28.12,imu_link,0.0008285062533681494,0.0014400465894897933,0.008265550891057486,-0.00020126465318418555,-1.7262373783669027e-05,9.800166815820443,-4.615570795668102e-10,5.3304847850371614e-08,-4.9891055605250795e-08,0.9999999999999973,0.0;0.0;0.0;0.0;0.0;0.0;0.0;0.0;0.0,7.621289842063561e-05;0.0;0.0;0.0;7.621289842063561e-05;0.0;0.0;0.0;7.621289842063561e-05,3.999999975690116e-08;0.0;0.0;0.0;3.999999975690116e-08;0.0;0.0;0.0;3.999999975690116e-08
28,140000000,28.14,imu_link,0.004527547322932036,-0.0019059447525867938,-0.0011100643015160565,-0.00010567274056327855,-0.00018280815895422187,9.800033044634535,-4.615570793853537e-10,5.3304847850514306e-08,-4.9891055605265565e-08,0.9999999999999973,0.0;0.0;0.0;0.0;0.0;0.0;0.0;0.0;0.0,7.621289842063561e-05;0.0;0.0;0.0;7.621289842063561e-05;0.0;0.0;0.0;7.621289842063561e-05,3.999999975690116e-08;0.0;0.0;0.0;3.999999975690116e-08;0.0;0.0;0.0;3.999999975690116e-08
28,160000000,28.16,imu_link,-0.004475686467731077,0.0018414501173594777,0.014088628074649046,0.0002572546215089353,6.325735928636977e-06,9.800232394616968,-4.615570794378847e-10,5.3304847850698735e-08,-4.989105560527795e-08,0.9999999999999973,0.0;0.0;0.0;0.0;0.0;0.0;0.0;0.0;0.0,7.621289842063561e-05;0.0;0.0;0.0;7.621289842063561e-05;0.0;0.0;0.0;7.621289842063561e-05,3.999999975690116e-08;0.0;0.0;0.0;3.999999975690116e-08;0.0;0.0;0.0;3.999999975690116e-08
28,180000000,28.18,imu_link,-0.004603756663519522,-0.012525487890994638,-0.015555232604178095,-5.556980803766924e-06,-0.0006906155826549056,9.799940119040352,-4.6155707951528563e-10,5.3304847850884976e-08,-4.98910556052932e-08,0.9999999999999973,0.0;0.0;0.0;0.0;0.0;0.0;0.0;0.0;0.0,7.621289842063561e-05;0.0;0.0;0.0;7.621289842063561e-05;0.0;0.0;0.0;7.621289842063561e-05,3.999999975690116e-08;0.0;0.0;0.0;3.999999975690116e-08;0.0;0.0;0.0;3.999999975690116e-08
28,200000000,28.2,imu_link,-0.0008673471185183971,-0.004379442420641943,-0.0037748263606293304,8.343439138069685e-05,9.507689022562417e-05,9.80034468519849,-4.615570794934627e-10,5.3304847850252514e-08,-4.9891055605306864e-08,0.9999999999999973,0.0;0.0;0.0;0.0;0.0;0.0;0.0;0.0;0.0,7.621289842063561e-05;0.0;0.0;0.0;7.621289842063561e-05;0.0;0.0;0.0;7.621289842063561e-05,3.999999975690116e-08;0.0;0.0;0.0;3.999999975690116e-08;0.0;0.0;0.0;3.999999975690116e-08
28,220000000,28.22,imu_link,0.005528887296590667,-2.3828656387285118e-05,0.007004091007788155,0.00028011665688794694,-0.00019869703632022077,9.799998671731538,-4.615570795291259e-10,5.3304847850458435e-08,-4.989105560531974e-08,0.9999999999999973,0.0;0.0;0.0;0.0;0.0;0.0;0.0;0.0;0.0,7.621289842063561e-05;0.0;0.0;0.0;7.621289842063561e-05;0.0;0.0;0.0;7.621289842063561e-05,3.999999975690116e-08;0.0;0.0;0.0;3.999999975690116e-08;0.0;0.0;0.0;3.999999975690116e-08
28,240000000,28.24,imu_link,0.0035287513202561446,-0.012948329112738329,0.012488490643129901,0.00015791330071612922,-0.00012495762909875551,9.799853394719296,-4.615570795687978e-10,5.330484785064754e-08,-4.9891055605333586e-08,0.9999999999999973,0.0;0.0;0.0;0.0;0.0;0.0;0.0;0.0;0.0,7.621289842063561e-05;0.0;0.0;0.0;7.621289842063561e-05;0.0;0.0;0.0;7.621289842063561e-05,3.999999975690116e-08;0.0;0.0;0.0;3.999999975690116e-08;0.0;0.0;0.0;3.999999975690116e-08
28,260000000,28.26,imu_link,0.004379268462488215,-0.0014569610652591795,-0.0020730876225933145,0.00031510132768088804,-0.00026172984620993355,9.799917464163228,-4.6155707962163335e-10,5.330484785049369e-08,-4.989105560534912e-08,0.9999999999999973,0.0;0.0;0.0;0.0;0.0;0.0;0.0;0.0;0.0,7.621289842063561e-05;0.0;0.0;0.0;7.621289842063561e-05;0.0;0.0;0.0;7.621289842063561e-05,3.999999975690116e-08;0.0;0.0;0.0;3.999999975690116e-08;0.0;0.0;0.0;3.999999975690116e-08
28,280000000,28.28,imu_link,-0.010292842589271921,0.00033122799144404174,-0.005926097992206483,9.633633831701728e-05,-0.0004902219626560568,9.800267187287343,-4.615570794505748e-10,5.330484785051295e-08,-4.989105560536381e-08,0.9999999999999973,0.0;0.0;0.0;0.0;0.0;0.0;0.0;0.0;0.0,7.621289842063561e-05;0.0;0.0;0.0;7.621289842063561e-05;0.0;0.0;0.0;7.621289842063561e-05,3.999999975690116e-08;0.0;0.0;0.0;3.999999975690116e-08;0.0;0.0;0.0;3.999999975690116e-08
28,300000000,28.3,imu_link,-0.008526705990103892,-0.0017798933013486568,0.003485647865069549,0.0002377115279917877,-0.0002183420840901132,9.800023518634223,-4.6155707935747e-10,5.3304847850826114e-08,-4.9891055605379014e-08,0.9999999999999973,0.0;0.0;0.0;0.0;0.0;0.0;0.0;0.0;0.0,7.621289842063561e-05;0.0;0.0;0.0;7.621289842063561e-05;0.0;0.0;0.0;7.621289842063561e-05,3.999999975690116e-08;0.0;0.0;0.0;3.999999975690116e-08;0.0;0.0;0.0;3.999999975690116e-08
28,320000000,28.32,imu_link,-0.005289159446005091,-0.005040733319404218,-0.013449023808597705,-8.251951872232555e-05,-0.0004991363889800068,9.799763842568096,-4.6155707944332216e-10,5.3304847850895656e-08,-4.989105560539301e-08,0.9999999999999973,0.0;0.0;0.0;0.0;0.0;0.0;0.0;0.0;0.0,7.621289842063561e-05;0.0;0.0;0.0;7.621289842063561e-05;0.0;0.0;0.0;7.621289842063561e-05,3.999999975690116e-08;0.0;0.0;0.0;3.999999975690116e-08;0.0;0.0;0.0;3.999999975690116e-08
28,340000000,28.34,imu_link,-0.005460385955861075,-0.004578443577338257,0.00496445340144908,0.00018169410565949394,0.00021615114932052734,9.799867285076287,-4.6155707940375826e-10,5.330484785056304e-08,-4.989105560540837e-08,0.9999999999999973,0.0;0.0;0.0;0.0;0.0;0.0;0.0;0.0;0.0,7.621289842063561e-05;0.0;0.0;0.0;7.621289842063561e-05;0.0;0.0;0.0;7.621289842063561e-05,3.999999975690116e-08;0.0;0.0;0.0;3.999999975690116e-08;0.0;0.0;0.0;3.999999975690116e-08
28,360000000,28.36,imu_link,-0.013124361934879526,0.0009904424887614473,0.005923465013720217,0.00019425433714709915,-0.0001321832924503318,9.799716551881094,-4.6155707959015385e-10,5.3304847850624295e-08,-4.9891055605422584e-08,0.9999999999999973,0.0;0.0;0.0;0.0;0.0;0.0;0.0;0.0;0.0,7.621289842063561e-05;0.0;0.0;0.0;7.621289842063561e-05;0.0;0.0;0.0;7.621289842063561e-05,3.999999975690116e-08;0.0;0.0;0.0;3.999999975690116e-08;0.0;0.0;0.0;3.999999975690116e-08
28,380000000,28.38,imu_link,0.01026246981987884,-0.003995872503195954,-0.004490380034601769,0.00022657118023107953,3.481663751186059e-05,9.800365583191649,-4.6155707941967513e-10,5.3304847850288354e-08,-4.9891055605439524e-08,0.9999999999999973,0.0;0.0;0.0;0.0;0.0;0.0;0.0;0.0;0.0,7.621289842063561e-05;0.0;0.0;0.0;7.621289842063561e-05;0.0;0.0;0.0;7.621289842063561e-05,3.999999975690116e-08;0.0;0.0;0.0;3.999999975690116e-08;0.0;0.0;0.0;3.999999975690116e-08
28,400000000,28.4,imu_link,-0.019442013640397753,0.0030629461947387806,0.01381329975813932,-0.0001561815717591089,-4.1471597224785817e-05,9.799909124223465,-4.6155707938840284e-10,5.330484785041049e-08,-4.989105560545532e-08,0.9999999999999973,0.0;0.0;0.0;0.0;0.0;0.0;0.0;0.0;0.0,7.621289842063561e-05;0.0;0.0;0.0;7.621289842063561e-05;0.0;0.0;0.0;7.621289842063561e-05,3.999999975690116e-08;0.0;0.0;0.0;3.999999975690116e-08;0.0;0.0;0.0;3.999999975690116e-08
28,420000000,28.42,imu_link,-0.0002510511339674987,-0.006000611599801118,0.009634022491710713,0.0002133339013193166,-0.00017210048981600065,9.799709927044793,-4.615570795905932e-10,5.330484785058627e-08,-4.9891055605471824e-08,0.9999999999999973,0.0;0.0;0.0;0.0;0.0;0.0;0.0;0.0;0.0,7.621289842063561e-05;0.0;0.0;0.0;7.621289842063561e-05;0.0;0.0;0.0;7.621289842063561e-05,3.999999975690116e-08;0.0;0.0;0.0;3.999999975690116e-08;0.0;0.0;0.0;3.999999975690116e-08
28,440000000,28.44,imu_link,0.007937469341893488,0.0004776980088814785,0.0025990837399650995,0.0005960656687486788,0.0001927597815917629,9.800130590722897,-4.61557079416527e-10,5.330484785070382e-08,-4.989105560548868e-08,0.9999999999999973,0.0;0.0;0.0;0.0;0.0;0.0;0.0;0.0;0.0,7.621289842063561e-05;0.0;0.0;0.0;7.621289842063561e-05;0.0;0.0;0.0;7.621289842063561e-05,3.999999975690116e-08;0.0;0.0;0.0;3.999999975690116e-08;0.0;0.0;0.0;3.999999975690116e-08
28,460000000,28.46,imu_link,-0.002340339825873257,-0.00860578417096646,0.0016701765252203858,0.00016688293942238036,-0.0006376254577886229,9.800085526988987,-4.6155707959860877e-10,5.3304847850422694e-08,-4.9891055605505116e-08,0.9999999999999973,0.0;0.0;0.0;0.0;0.0;0.0;0.0;0.0;0.0,7.621289842063561e-05;0.0;0.0;0.0;7.621289842063561e-05;0.0;0.0;0.0;7.621289842063561e-05,3.999999975690116e-08;0.0;0.0;0.0;3.999999975690116e-08;0.0;0.0;0.0;3.999999975690116e-08
28,480000000,28.48,imu_link,-0.0036518678054558488,0.004770021146140523,-0.001440987706897797,1.4204798550353855e-05,6.273561951467918e-05,9.800237042639093,-4.615570794110587e-10,5.330484785055688e-08,-4.9891055605522547e-08,0.9999999999999973,0.0;0.0;0.0;0.0;0.0;0.0;0.0;0.0;0.0,7.621289842063561e-05;0.0;0.0;0.0;7.621289842063561e-05;0.0;0.0;0.0;7.621289842063561e-05,3.999999975690116e-08;0.0;0.0;0.0;3.999999975690116e-08;0.0;0.0;0.0;3.999999975690116e-08
28,500000000,28.5,imu_link,-0.008495852987424167,-0.01258549846577387,0.02069360146647753,-0.000244504708551809,7.351956351441113e-05,9.800255191680618,-4.615570796084215e-10,5.330484785061636e-08,-4.989105560553958e-08,0.9999999999999973,0.0;0.0;0.0;0.0;0.0;0.0;0.0;0.0;0.0,7.621289842063561e-05;0.0;0.0;0.0;7.621289842063561e-05;0.0;0.0;0.0;7.621289842063561e-05,3.999999975690116e-08;0.0;0.0;0.0;3.999999975690116e-08;0.0;0.0;0.0;3.999999975690116e-08
28,520000000,28.52,imu_link,0.0012483931149652467,-0.007193958418183547,0.0034850120444797255,-0.00014720410337192054,-0.00023478981962407743,9.800443931457952,-4.615570794140447e-10,5.330484785076896e-08,-4.989105560555464e-08,0.9999999999999973,0.0;0.0;0.0;0.0;0.0;0.0;0.0;0.0;0.0,7.621289842063561e-05;0.0;0.0;0.0;7.621289842063561e-05;0.0;0.0;0.0;7.621289842063561e-05,3.999999975690116e-08;0.0;0.0;0.0;3.999999975690116e-08;0.0;0.0;0.0;3.999999975690116e-08
28,540000000,28.54,imu_link,0.01775256872843098,0.012286224464842893,-0.0006414331946587874,-9.305377128267742e-05,0.00025153175407147246,9.799781734264098,-4.615570794932643e-10,5.330484785030622e-08,-4.9891055605570053e-08,0.9999999999999973,0.0;0.0;0.0;0.0;0.0;0.0;0.0;0.0;0.0,7.621289842063561e-05;0.0;0.0;0.0;7.621289842063561e-05;0.0;0.0;0.0;7.621289842063561e-05,3.999999975690116e-08;0.0;0.0;0.0;3.999999975690116e-08;0.0;0.0;0.0;3.999999975690116e-08
28,560000000,28.56,imu_link,0.002165322210742498,0.0009229674376981567,-0.004206717580958948,0.00032277661934297316,-0.00019570866110238063,9.800275947069728,-4.615570795519035e-10,5.330484785068365e-08,-4.9891055605586206e-08,0.9999999999999973,0.0;0.0;0.0;0.0;0.0;0.0;0.0;0.0;0.0,7.621289842063561e-05;0.0;0.0;0.0;7.621289842063561e-05;0.0;0.0;0.0;7.621289842063561e-05,3.999999975690116e-08;0.0;0.0;0.0;3.999999975690116e-08;0.0;0.0;0.0;3.999999975690116e-08
28,580000000,28.58,imu_link,-0.016321641453469274,-0.007086372265289149,-0.007030293673965598,-0.00013101859863192634,-0.00028199415317690067,9.799777919978162,-4.6155707935113267e-10,5.3304847850887874e-08,-4.989105560560141e-08,0.9999999999999973,0.0;0.0;0.0;0.0;0.0;0.0;0.0;0.0;0.0,7.621289842063561e-05;0.0;0.0;0.0;7.621289842063561e-05;0.0;0.0;0.0;7.621289842063561e-05,3.999999975690116e-08;0.0;0.0;0.0;3.999999975690116e-08;0.0;0.0;0.0;3.999999975690116e-08
28,600000000,28.6,imu_link,-0.005820563844886694,0.0030540949970377183,0.003745822691099214,0.0004951985279975772,-0.00011270314725370258,9.800439214361331,-4.615570796051599e-10,5.3304847850421086e-08,-4.989105560561769e-08,0.9999999999999973,0.0;0.0;0.0;0.0;0.0;0.0;0.0;0.0;0.0,7.621289842063561e-05;0.0;0.0;0.0;7.621289842063561e-05;0.0;0.0;0.0;7.621289842063561e-05,3.999999975690116e-08;0.0;0.0;0.0;3.999999975690116e-08;0.0;0.0;0.0;3.999999975690116e-08
28,620000000,28.62,imu_link,-0.00154322507073099,-0.01098005221171529,0.024459710679752663,-7.41346760651887e-05,-5.239989371322895e-05,9.800218531645948,-4.6155707956128494e-10,5.330484785043296e-08,-4.989105560563452e-08,0.9999999999999973,0.0;0.0;0.0;0.0;0.0;0.0;0.0;0.0;0.0,7.621289842063561e-05;0.0;0.0;0.0;7.621289842063561e-05;0.0;0.0;0.0;7.621289842063561e-05,3.999999975690116e-08;0.0;0.0;0.0;3.999999975690116e-08;0.0;0.0;0.0;3.999999975690116e-08
28,640000000,28.64,imu_link,-0.0006067731281575279,-0.007849631922571368,-0.008853987957123503,0.0003320733927701289,0.0001965221870325661,9.800354494702303,-4.6155707934851247e-10,5.330484785088856e-08,-4.989105560565098e-08,0.9999999999999973,0.0;0.0;0.0;0.0;0.0;0.0;0.0;0.0;0.0,7.621289842063561e-05;0.0;0.0;0.0;7.621289842063561e-05;0.0;0.0;0.0;7.621289842063561e-05,3.999999975690116e-08;0.0;0.0;0.0;3.999999975690116e-08;0.0;0.0;0.0;3.999999975690116e-08
28,660000000,28.66,imu_link,-0.0012729684949723586,0.016475133932471714,-0.004369853309719196,-7.287007912755383e-05,-2.4101052406794445e-05,9.800279836113654,-4.6155707943703383e-10,5.3304847850439145e-08,-4.989105560566568e-08,0.9999999999999973,0.0;0.0;0.0;0.0;0.0;0.0;0.0;0.0;0.0,7.621289842063561e-05;0.0;0.0;0.0;7.621289842063561e-05;0.0;0.0;0.0;7.621289842063561e-05,3.999999975690116e-08;0.0;0.0;0.0;3.999999975690116e-08;0.0;0.0;0.0;3.999999975690116e-08
28,680000000,28.68,imu_link,-0.00847978401629295,0.007885780495593716,-0.0021802634303707503,-0.0002609756765978125,-0.0003100475410190535,9.800189467084445,-4.6155707940673534e-10,5.330484785057185e-08,-4.989105560568095e-08,0.9999999999999973,0.0;0.0;0.0;0.0;0.0;0.0;0.0;0.0;0.0,7.621289842063561e-05;0.0;0.0;0.0;7.621289842063561e-05;0.0;0.0;0.0;7.621289842063561e-05,3.999999975690116e-08;0.0;0.0;0.0;3.999999975690116e-08;0.0;0.0;0.0;3.999999975690116e-08
28,700000000,28.7,imu_link,-0.002757313611654599,-0.013372287400559851,-0.006529371301325919,-8.796195491113817e-05,-0.0004177238026890854,9.800162599305427,-4.6155707938601627e-10,5.3304847850704426e-08,-4.989105560569802e-08,0.9999999999999973,0.0;0.0;0.0;0.0;0.0;0.0;0.0;0.0;0.0,7.621289842063561e-05;0.0;0.0;0.0;7.621289842063561e-05;0.0;0.0;0.0;7.621289842063561e-05,3.999999975690116e-08;0.0;0.0;0.0;3.999999975690116e-08;0.0;0.0;0.0;3.999999975690116e-08
28,720000000,28.72,imu_link,-0.006547796251094611,0.006026612975896503,-0.005418406987223264,9.221931553047801e-05,0.00011907210822837634,9.800113168855304,-4.6155707959359115e-10,5.33048478502982e-08,-4.9891055605714254e-08,0.9999999999999973,0.0;0.0;0.0;0.0;0.0;0.0;0.0;0.0;0.0,7.621289842063561e-05;0.0;0.0;0.0;7.621289842063561e-05;0.0;0.0;0.0;7.621289842063561e-05,3.999999975690116e-08;0.0;0.0;0.0;3.999999975690116e-08;0.0;0.0;0.0;3.999999975690116e-08
28,740000000,28.74,imu_link,-0.00290087332479227,-0.005036855978009546,0.0022456718690542256,0.0002229275065820749,-0.00013224541721561732,9.800034240604692,-4.6155707957732904e-10,5.330484785042249e-08,-4.98910556057301e-08,0.9999999999999973,0.0;0.0;0.0;0.0;0.0;0.0;0.0;0.0;0.0,7.621289842063561e-05;0.0;0.0;0.0;7.621289842063561e-05;0.0;0.0;0.0;7.621289842063561e-05,3.999999975690116e-08;0.0;0.0;0.0;3.999999975690116e-08;0.0;0.0;0.0;3.999999975690116e-08
28,760000000,28.76,imu_link,0.013361517176433647,-0.003091874688781127,7.541196506737416e-05,0.0004092463839314288,-0.00026854038452555246,9.800406273689356,-4.6155707953545777e-10,5.330484785054879e-08,-4.9891055605746494e-08,0.9999999999999973,0.0;0.0;0.0;0.0;0.0;0.0;0.0;0.0;0.0,7.621289842063561e-05;0.0;0.0;0.0;7.621289842063561e-05;0.0;0.0;0.0;7.621289842063561e-05,3.999999975690116e-08;0.0;0.0;0.0;3.999999975690116e-08;0.0;0.0;0.0;3.999999975690116e-08
28,780000000,28.78,imu_link,-0.010392945600130358,0.005214436457747155,-0.0069637197227247006,0.00014191818934962947,0.00016763023416068145,9.800166753705355,-4.6155707971023235e-10,5.3304847850900474e-08,-4.989105560576514e-08,0.9999999999999973,0.0;0.0;0.0;0.0;0.0;0.0;0.0;0.0;0.0,7.621289842063561e-05;0.0;0.0;0.0;7.621289842063561e-05;0.0;0.0;0.0;7.621289842063561e-05,3.999999975690116e-08;0.0;0.0;0.0;3.999999975690116e-08;0.0;0.0;0.0;3.999999975690116e-08
28,800000000,28.8,imu_link,-0.0016786422000125,-0.003722255520153491,-0.0004964194100792367,-4.893218899354988e-05,-0.0003535626121220778,9.799905277128785,-4.6155707947585403e-10,5.330484785032483e-08,-4.989105560578158e-08,0.9999999999999973,0.0;0.0;0.0;0.0;0.0;0.0;0.0;0.0;0.0,7.621289842063561e-05;0.0;0.0;0.0;7.621289842063561e-05;0.0;0.0;0.0;7.621289842063561e-05,3.999999975690116e-08;0.0;0.0;0.0;3.999999975690116e-08;0.0;0.0;0.0;3.999999975690116e-08
28,820000000,28.82,imu_link,0.011548150724809254,0.0054405933750959245,0.006890451080982751,0.0005420795030006843,-5.873685101888672e-05,9.799987350002622,-4.615570796443402e-10,5.3304847850682786e-08,-4.989105560579871e-08,0.9999999999999973,0.0;0.0;0.0;0.0;0.0;0.0;0.0;0.0;0.0,7.621289842063561e-05;0.0;0.0;0.0;7.621289842063561e-05;0.0;0.0;0.0;7.621289842063561e-05,3.999999975690116e-08;0.0;0.0;0.0;3.999999975690116e-08;0.0;0.0;0.0;3.999999975690116e-08
28,840000000,28.84,imu_link,0.017634794781025784,0.0051737992724091445,0.003117684911146157,-0.00039727354407778176,-0.0003418782081473736,9.800122149033147,-4.615570794611059e-10,5.330484785069601e-08,-4.9891055605816765e-08,0.9999999999999973,0.0;0.0;0.0;0.0;0.0;0.0;0.0;0.0;0.0,7.621289842063561e-05;0.0;0.0;0.0;7.621289842063561e-05;0.0;0.0;0.0;7.621289842063561e-05,3.999999975690116e-08;0.0;0.0;0.0;3.999999975690116e-08;0.0;0.0;0.0;3.999999975690116e-08
28,860000000,28.86,imu_link,0.0050383117578903566,0.007191782513192492,0.002817579781492225,7.657863533140664e-05,1.0485009314814957e-05,9.800148761815393,-4.61557079428161e-10,5.3304847850360206e-08,-4.989105560583196e-08,0.9999999999999973,0.0;0.0;0.0;0.0;0.0;0.0;0.0;0.0;0.0,7.621289842063561e-05;0.0;0.0;0.0;7.621289842063561e-05;0.0;0.0;0.0;7.621289842063561e-05,3.999999975690116e-08;0.0;0.0;0.0;3.999999975690116e-08;0.0;0.0;0.0;3.999999975690116e-08
28,880000000,28.88,imu_link,-0.0076885205546917005,-0.005758454017572284,-0.0031277857126906887,0.0002593064693318235,-0.00010151980855441923,9.800055925559242,-4.6155707949988715e-10,5.330484785042979e-08,-4.989105560584624e-08,0.9999999999999973,0.0;0.0;0.0;0.0;0.0;0.0;0.0;0.0;0.0,7.621289842063561e-05;0.0;0.0;0.0;7.621289842063561e-05;0.0;0.0;0.0;7.621289842063561e-05,3.999999975690116e-08;0.0;0.0;0.0;3.999999975690116e-08;0.0;0.0;0.0;3.999999975690116e-08
28,900000000,28.9,imu_link,-0.008874158589145023,-0.0007544263067780775,0.0005290159978536198,3.895176723333292e-05,-0.0002007916169541132,9.800161555830304,-4.615570795619405e-10,5.3304847850605455e-08,-4.9891055605863583e-08,0.9999999999999973,0.0;0.0;0.0;0.0;0.0;0.0;0.0;0.0;0.0,7.621289842063561e-05;0.0;0.0;0.0;7.621289842063561e-05;0.0;0.0;0.0;7.621289842063561e-05,3.999999975690116e-08;0.0;0.0;0.0;3.999999975690116e-08;0.0;0.0;0.0;3.999999975690116e-08
28,920000000,28.92,imu_link,0.011123795972923,0.0019666339151627552,-0.0031498788998685925,0.0004931529463457644,4.51669599184245e-05,9.800091448475017,-4.615570795211e-10,5.3304847850271214e-08,-4.989105560588116e-08,0.9999999999999973,0.0;0.0;0.0;0.0;0.0;0.0;0.0;0.0;0.0,7.621289842063561e-05;0.0;0.0;0.0;7.621289842063561e-05;0.0;0.0;0.0;7.621289842063561e-05,3.999999975690116e-08;0.0;0.0;0.0;3.999999975690116e-08;0.0;0.0;0.0;3.999999975690116e-08
28,940000000,28.94,imu_link,0.0015329957816730458,-0.015453278652423791,-0.007750030326041788,0.00034935705495420385,-0.00017817422493728453,9.800562239398957,-4.6155707960734856e-10,5.3304847850460745e-08,-4.989105560589685e-08,0.9999999999999973,0.0;0.0;0.0;0.0;0.0;0.0;0.0;0.0;0.0,7.621289842063561e-05;0.0;0.0;0.0;7.621289842063561e-05;0.0;0.0;0.0;7.621289842063561e-05,3.999999975690116e-08;0.0;0.0;0.0;3.999999975690116e-08;0.0;0.0;0.0;3.999999975690116e-08
28,960000000,28.96,imu_link,-0.008444832814389106,-0.00024623012170033157,0.001505429741654267,-4.376037000438771e-05,-0.0002693322757433319,9.79973328451579,-4.61557079673343e-10,5.3304847850650996e-08,-4.989105560591444e-08,0.9999999999999973,0.0;0.0;0.0;0.0;0.0;0.0;0.0;0.0;0.0,7.621289842063561e-05;0.0;0.0;0.0;7.621289842063561e-05;0.0;0.0;0.0;7.621289842063561e-05,3.999999975690116e-08;0.0;0.0;0.0;3.999999975690116e-08;0.0;0.0;0.0;3.999999975690116e-08
28,980000000,28.98,imu_link,0.0012228663510585893,-0.021255746420268503,0.007829274426309582,4.275341631511528e-06,0.00014199253598034297,9.800107404329268,-4.615570794713351e-10,5.3304847850865236e-08,-4.989105560592955e-08,0.9999999999999973,0.0;0.0;0.0;0.0;0.0;0.0;0.0;0.0;0.0,7.621289842063561e-05;0.0;0.0;0.0;7.621289842063561e-05;0.0;0.0;0.0;7.621289842063561e-05,3.999999975690116e-08;0.0;0.0;0.0;3.999999975690116e-08;0.0;0.0;0.0;3.999999975690116e-08
29,0,29.0,imu_link,0.009585436577815085,-0.011219558244545048,-0.0022855083993074147,-4.48556080141649e-05,-0.00018127250995601286,9.799762271654238,-4.615570795958253e-10,5.3304847850395616e-08,-4.989105560594621e-08,0.9999999999999973,0.0;0.0;0.0;0.0;0.0;0.0;0.0;0.0;0.0,7.621289842063561e-05;0.0;0.0;0.0;7.621289842063561e-05;0.0;0.0;0.0;7.621289842063561e-05,3.999999975690116e-08;0.0;0.0;0.0;3.999999975690116e-08;0.0;0.0;0.0;3.999999975690116e-08
29,20000000,29.02,imu_link,-0.006329670269702833,0.0048020811110938534,0.005366888187238245,0.00035208580319394655,-0.00011024000546068288,9.799862749827339,-4.615570796587363e-10,5.330484785058551e-08,-4.989105560596407e-08,0.9999999999999973,0.0;0.0;0.0;0.0;0.0;0.0;0.0;0.0;0.0,7.621289842063561e-05;0.0;0.0;0.0;7.621289842063561e-05;0.0;0.0;0.0;7.621289842063561e-05,3.999999975690116e-08;0.0;0.0;0.0;3.999999975690116e-08;0.0;0.0;0.0;3.999999975690116e-08
29,40000000,29.04,imu_link,-0.0036340325634614183,0.0074226613112739065,-0.013424071224965814,0.00013523676160036473,-0.00023285541203418782,9.799810294444745,-4.615570793676837e-10,5.330484785066356e-08,-4.989105560597996e-08,0.9999999999999973,0.0;0.0;0.0;0.0;0.0;0.0;0.0;0.0;0.0,7.621289842063561e-05;0.0;0.0;0.0;7.621289842063561e-05;0.0;0.0;0.0;7.621289842063561e-05,3.999999975690116e-08;0.0;0.0;0.0;3.999999975690116e-08;0.0;0.0;0.0;3.999999975690116e-08
29,60000000,29.06,imu_link,0.003508249789990138,-0.002794272948895822,-0.01867582094929776,-1.485639621287392e-05,0.0001463389541359618,9.800004310775456,-4.615570795807459e-10,5.3304847850386775e-08,-4.989105560599603e-08,0.9999999999999973,0.0;0.0;0.0;0.0;0.0;0.0;0.0;0.0;0.0,7.621289842063561e-05;0.0;0.0;0.0;7.621289842063561e-05;0.0;0.0;0.0;7.621289842063561e-05,3.999999975690116e-08;0.0;0.0;0.0;3.999999975690116e-08;0.0;0.0;0.0;3.999999975690116e-08
29,80000000,29.08,imu_link,-0.012482336667914637,-0.01654652753928564,0.0024429778913465736,0.0001911960276557085,-0.00014621393971797395,9.79984256676062,-4.6155707941584813e-10,5.330484785051641e-08,-4.9891055606013277e-08,0.9999999999999973,0.0;0.0;0.0;0.0;0.0;0.0;0.0;0.0;0.0,7.621289842063561e-05;0.0;0.0;0.0;7.621289842063561e-05;0.0;0.0;0.0;7.621289842063561e-05,3.999999975690116e-08;0.0;0.0;0.0;3.999999975690116e-08;0.0;0.0;0.0;3.999999975690116e-08
29,100000000,29.1,imu_link,0.0026185891327086485,0.010190234533325657,0.012395662828909236,6.227815107923975e-05,-0.00022850294829949812,9.799797695074716,-4.615570793889069e-10,5.330484785065158e-08,-4.989105560603282e-08,0.9999999999999973,0.0;0.0;0.0;0.0;0.0;0.0;0.0;0.0;0.0,7.621289842063561e-05;0.0;0.0;0.0;7.621289842063561e-05;0.0;0.0;0.0;7.621289842063561e-05,3.999999975690116e-08;0.0;0.0;0.0;3.999999975690116e-08;0.0;0.0;0.0;3.999999975690116e-08
29,120000000,29.12,imu_link,0.006769402646157808,-0.011858889316387209,0.015178954051273728,2.0734112955332447e-05,-3.375069377424856e-05,9.800577617238323,-4.6155707958281655e-10,5.33048478503694e-08,-4.9891055606049553e-08,0.9999999999999973,0.0;0.0;0.0;0.0;0.0;0.0;0.0;0.0;0.0,7.621289842063561e-05;0.0;0.0;0.0;7.621289842063561e-05;0.0;0.0;0.0;7.621289842063561e-05,3.999999975690116e-08;0.0;0.0;0.0;3.999999975690116e-08;0.0;0.0;0.0;3.999999975690116e-08
29,140000000,29.14,imu_link,-0.0026376483282299474,-0.006914296369488419,0.0087979103162009,0.00016208072563305497,-0.0004040898224445729,9.800047022410267,-4.6155707938147345e-10,5.330484785049909e-08,-4.989105560606664e-08,0.9999999999999973,0.0;0.0;0.0;0.0;0.0;0.0;0.0;0.0;0.0,7.621289842063561e-05;0.0;0.0;0.0;7.621289842063561e-05;0.0;0.0;0.0;7.621289842063561e-05,3.999999975690116e-08;0.0;0.0;0.0;3.999999975690116e-08;0.0;0.0;0.0;3.999999975690116e-08
29,160000000,29.16,imu_link,-0.004939805324238302,-0.004618179700906471,-0.0003931938663859684,0.00014738854339782693,-1.8051667498238317e-05,9.80016810424684,-4.61557079444671e-10,5.330484785056035e-08,-4.989105560608412e-08,0.9999999999999973,0.0;0.0;0.0;0.0;0.0;0.0;0.0;0.0;0.0,7.621289842063561e-05;0.0;0.0;0.0;7.621289842063561e-05;0.0;0.0;0.0;7.621289842063561e-05,3.999999975690116e-08;0.0;0.0;0.0;3.999999975690116e-08;0.0;0.0;0.0;3.999999975690116e-08
29,180000000,29.18,imu_link,0.005463177572532105,-0.0103722659652875,0.011489010919574737,0.0003820252351724346,-0.0002465798773131465,9.800344068705659,-4.615570794989463e-10,5.330484785086452e-08,-4.989105560610312e-08,0.9999999999999973,0.0;0.0;0.0;0.0;0.0;0.0;0.0;0.0;0.0,7.621289842063561e-05;0.0;0.0;0.0;7.621289842063561e-05;0.0;0.0;0.0;7.621289842063561e-05,3.999999975690116e-08;0.0;0.0;0.0;3.999999975690116e-08;0.0;0.0;0.0;3.999999975690116e-08
29,200000000,29.2,imu_link,-0.011097379629598727,-0.007477264285641787,-0.006579369287016529,0.0001536705860013361,0.0002867497161502466,9.799716147990173,-4.6155707960310786e-10,5.330484785039057e-08,-4.989105560612028e-08,0.9999999999999973,0.0;0.0;0.0;0.0;0.0;0.0;0.0;0.0;0.0,7.621289842063561e-05;0.0;0.0;0.0;7.621289842063561e-05;0.0;0.0;0.0;7.621289842063561e-05,3.999999975690116e-08;0.0;0.0;0.0;3.999999975690116e-08;0.0;0.0;0.0;3.999999975690116e-08
29,220000000,29.22,imu_link,0.010190600805473083,0.0026345280312474718,0.006687009812603803,0.00011970376222140244,-3.835911433394795e-05,9.800251729380717,-4.615570794431063e-10,5.330484785052367e-08,-4.989105560613977e-08,0.9999999999999973,0.0;0.0;0.0;0.0;0.0;0.0;0.0;0.0;0.0,7.621289842063561e-05;0.0;0.0;0.0;7.621289842063561e-05;0.0;0.0;0.0;7.621289842063561e-05,3.999999975690116e-08;0.0;0.0;0.0;3.999999975690116e-08;0.0;0.0;0.0;3.999999975690116e-08
29,240000000,29.24,imu_link,0.01265717094710779,-0.0022197830330977697,0.010384415607150142,0.0002496300278794634,0.0001097214563092189,9.800214523546181,-4.6155707953163274e-10,5.3304847850650745e-08,-4.989105560615553e-08,0.9999999999999973,0.0;0.0;0.0;0.0;0.0;0.0;0.0;0.0;0.0,7.621289842063561e-05;0.0;0.0;0.0;7.621289842063561e-05;0.0;0.0;0.0;7.621289842063561e-05,3.999999975690116e-08;0.0;0.0;0.0;3.999999975690116e-08;0.0;0.0;0.0;3.999999975690116e-08
29,260000000,29.26,imu_link,0.008538588986695333,-0.005630049285060063,-0.004221814311069481,0.00033998757845760515,0.00013552214302471778,9.799865475673522,-4.61557079703838e-10,5.330484785090193e-08,-4.989105560617209e-08,0.9999999999999973,0.0;0.0;0.0;0.0;0.0;0.0;0.0;0.0;0.0,7.621289842063561e-05;0.0;0.0;0.0;7.621289842063561e-05;0.0;0.0;0.0;7.621289842063561e-05,3.999999975690116e-08;0.0;0.0;0.0;3.999999975690116e-08;0.0;0.0;0.0;3.999999975690116e-08
29,280000000,29.28,imu_link,-0.010483289417407867,-0.0010832059530515607,-0.006951198663998046,9.840291426976346e-05,-2.2994714565411267e-05,9.800424199921514,-4.615570795552418e-10,5.3304847850398375e-08,-4.989105560618647e-08,0.9999999999999973,0.0;0.0;0.0;0.0;0.0;0.0;0.0;0.0;0.0,7.621289842063561e-05;0.0;0.0;0.0;7.621289842063561e-05;0.0;0.0;0.0;7.621289842063561e-05,3.999999975690116e-08;0.0;0.0;0.0;3.999999975690116e-08;0.0;0.0;0.0;3.999999975690116e-08
29,300000000,29.3,imu_link,-0.011795761072191924,-0.006507063940807654,-0.017253891359890527,3.641585515763024e-05,-9.999307527869112e-05,9.800040175268471,-4.615570795974302e-10,5.3304847850764664e-08,-4.989105560620295e-08,0.9999999999999973,0.0;0.0;0.0;0.0;0.0;0.0;0.0;0.0;0.0,7.621289842063561e-05;0.0;0.0;0.0;7.621289842063561e-05;0.0;0.0;0.0;7.621289842063561e-05,3.999999975690116e-08;0.0;0.0;0.0;3.999999975690116e-08;0.0;0.0;0.0;3.999999975690116e-08
29,320000000,29.32,imu_link,0.0008572209099041632,-0.0011126506778267708,-0.01699958195361583,-0.0001892605666760678,-0.0005312450994655084,9.800110979715754,-4.615570796818763e-10,5.3304847850881045e-08,-4.989105560621959e-08,0.9999999999999973,0.0;0.0;0.0;0.0;0.0;0.0;0.0;0.0;0.0,7.621289842063561e-05;0.0;0.0;0.0;7.621289842063561e-05;0.0;0.0;0.0;7.621289842063561e-05,3.999999975690116e-08;0.0;0.0;0.0;3.999999975690116e-08;0.0;0.0;0.0;3.999999975690116e-08
29,340000000,29.34,imu_link,-0.001881522255836669,-0.006563185357532421,0.005980982503302901,-6.954843425670306e-05,4.654345269786511e-05,9.799895645439772,-4.615570795393543e-10,5.330484785036908e-08,-4.989105560623512e-08,0.9999999999999973,0.0;0.0;0.0;0.0;0.0;0.0;0.0;0.0;0.0,7.621289842063561e-05;0.0;0.0;0.0;7.621289842063561e-05;0.0;0.0;0.0;7.621289842063561e-05,3.999999975690116e-08;0.0;0.0;0.0;3.999999975690116e-08;0.0;0.0;0.0;3.999999975690116e-08
29,360000000,29.36,imu_link,-0.003157711554975422,0.008071814313024252,0.001821795965770627,0.00020049208716504399,-0.00037629972797960994,9.800374421556503,-4.61557079479213e-10,5.3304847850506015e-08,-4.989105560624997e-08,0.9999999999999973,0.0;0.0;0.0;0.0;0.0;0.0;0.0;0.0;0.0,7.621289842063561e-05;0.0;0.0;0.0;7.621289842063561e-05;0.0;0.0;0.0;7.621289842063561e-05,3.999999975690116e-08;0.0;0.0;0.0;3.999999975690116e-08;0.0;0.0;0.0;3.999999975690116e-08
29,380000000,29.38,imu_link,-0.017522966078727914,0.012098350430583863,0.0036889398546638866,-4.471253333542133e-05,-0.00017244164531525816,9.800466967440737,-4.6155707953311416e-10,5.3304847850690966e-08,-4.989105560626483e-08,0.9999999999999973,0.0;0.0;0.0;0.0;0.0;0.0;0.0;0.0;0.0,7.621289842063561e-05;0.0;0.0;0.0;7.621289842063561e-05;0.0;0.0;0.0;7.621289842063561e-05,3.999999975690116e-08;0.0;0.0;0.0;3.999999975690116e-08;0.0;0.0;0.0;3.999999975690116e-08
29,400000000,29.4,imu_link,-0.003923462162005998,-0.008259727949837042,0.004932445773371122,0.00012259263068846386,-0.00041688799329773286,9.799894084877854,-4.61557079601939e-10,5.330484785041326e-08,-4.989105560628138e-08,0.9999999999999973,0.0;0.0;0.0;0.0;0.0;0.0;0.0;0.0;0.0,7.621289842063561e-05;0.0;0.0;0.0;7.621289842063561e-05;0.0;0.0;0.0;7.621289842063561e-05,3.999999975690116e-08;0.0;0.0;0.0;3.999999975690116e-08;0.0;0.0;0.0;3.999999975690116e-08
29,420000000,29.42,imu_link,0.007484634064615487,0.0015665507323696076,0.004108655560185698,7.354435063322374e-05,-0.00018630387884914027,9.800209171587106,-4.6155707942422e-10,5.3304847850544164e-08,-4.9891055606296616e-08,0.9999999999999973,0.0;0.0;0.0;0.0;0.0;0.0;0.0;0.0;0.0,7.621289842063561e-05;0.0;0.0;0.0;7.621289842063561e-05;0.0;0.0;0.0;7.621289842063561e-05,3.999999975690116e-08;0.0;0.0;0.0;3.999999975690116e-08;0.0;0.0;0.0;3.999999975690116e-08
29,440000000,29.44,imu_link,-0.003003541953518445,0.007011144129086119,-0.0027942294822003505,-0.0001715683096172222,0.00010332409360484763,9.799957806645812,-4.615570793731027e-10,5.3304847850551986e-08,-4.989105560631341e-08,0.9999999999999973,0.0;0.0;0.0;0.0;0.0;0.0;0.0;0.0;0.0,7.621289842063561e-05;0.0;0.0;0.0;7.621289842063561e-05;0.0;0.0;0.0;7.621289842063561e-05,3.999999975690116e-08;0.0;0.0;0.0;3.999999975690116e-08;0.0;0.0;0.0;3.999999975690116e-08
29,460000000,29.46,imu_link,0.006992940536915244,0.0007283926587540026,-0.012958949346891943,0.0006137514999665509,-0.00028591482784038073,9.800124557836892,-4.615570795735571e-10,5.3304847850263915e-08,-4.9891055606328565e-08,0.9999999999999973,0.0;0.0;0.0;0.0;0.0;0.0;0.0;0.0;0.0,7.621289842063561e-05;0.0;0.0;0.0;7.621289842063561e-05;0.0;0.0;0.0;7.621289842063561e-05,3.999999975690116e-08;0.0;0.0;0.0;3.999999975690116e-08;0.0;0.0;0.0;3.999999975690116e-08
29,480000000,29.48,imu_link,0.008118261762282152,0.007825133960103337,0.011905168124249625,-0.00012263313095973712,-6.492709396840274e-05,9.800209461277499,-4.61557079401555e-10,5.3304847850293826e-08,-4.98910556063441e-08,0.9999999999999973,0.0;0.0;0.0;0.0;0.0;0.0;0.0;0.0;0.0,7.621289842063561e-05;0.0;0.0;0.0;7.621289842063561e-05;0.0;0.0;0.0;7.621289842063561e-05,3.999999975690116e-08;0.0;0.0;0.0;3.999999975690116e-08;0.0;0.0;0.0;3.999999975690116e-08
29,500000000,29.5,imu_link,-0.004508679060998509,-0.0048331644913561355,-0.00949276060647101,5.8501291947942277e-05,-0.0003464873878336815,9.79987828726325,-4.6155707957364984e-10,5.330484785066901e-08,-4.989105560635916e-08,0.9999999999999973,0.0;0.0;0.0;0.0;0.0;0.0;0.0;0.0;0.0,7.621289842063561e-05;0.0;0.0;0.0;7.621289842063561e-05;0.0;0.0;0.0;7.621289842063561e-05,3.999999975690116e-08;0.0;0.0;0.0;3.999999975690116e-08;0.0;0.0;0.0;3.999999975690116e-08
29,520000000,29.52,imu_link,-0.005986624671852041,-0.0191377636914563,0.01297131399242621,-0.0001379899821443185,8.597390345689285e-05,9.799996583705004,-4.615570795021942e-10,5.3304847850860604e-08,-4.9891055606373914e-08,0.9999999999999973,0.0;0.0;0.0;0.0;0.0;0.0;0.0;0.0;0.0,7.621289842063561e-05;0.0;0.0;0.0;7.621289842063561e-05;0.0;0.0;0.0;7.621289842063561e-05,3.999999975690116e-08;0.0;0.0;0.0;3.999999975690116e-08;0.0;0.0;0.0;3.999999975690116e-08
29,540000000,29.54,imu_link,0.008292446016966673,0.0009913381262018845,-0.004703358341316019,0.0003231327323617104,-9.995509904383063e-05,9.79992524371734,-4.615570794672907e-10,5.330484785039313e-08,-4.9891055606385667e-08,0.9999999999999973,0.0;0.0;0.0;0.0;0.0;0.0;0.0;0.0;0.0,7.621289842063561e-05;0.0;0.0;0.0;7.621289842063561e-05;0.0;0.0;0.0;7.621289842063561e-05,3.999999975690116e-08;0.0;0.0;0.0;3.999999975690116e-08;0.0;0.0;0.0;3.999999975690116e-08
29,560000000,29.56,imu_link,-0.01355670310116186,-0.012285395066346547,0.014526542053882536,-0.00019675517442495555,-0.00025673041736476925,9.800204885954551,-4.615570794239902e-10,5.330484785052656e-08,-4.98910556064001e-08,0.9999999999999973,0.0;0.0;0.0;0.0;0.0;0.0;0.0;0.0;0.0,7.621289842063561e-05;0.0;0.0;0.0;7.621289842063561e-05;0.0;0.0;0.0;7.621289842063561e-05,3.999999975690116e-08;0.0;0.0;0.0;3.999999975690116e-08;0.0;0.0;0.0;3.999999975690116e-08
29,580000000,29.58,imu_link,-0.005035612533008337,0.0008131002886247786,0.007898244382412285,-3.395249126010027e-05,-2.7185445022617205e-05,9.800395469877495,-4.615570794907651e-10,5.330484785084094e-08,-4.989105560641358e-08,0.9999999999999973,0.0;0.0;0.0;0.0;0.0;0.0;0.0;0.0;0.0,7.621289842063561e-05;0.0;0.0;0.0;7.621289842063561e-05;0.0;0.0;0.0;7.621289842063561e-05,3.999999975690116e-08;0.0;0.0;0.0;3.999999975690116e-08;0.0;0.0;0.0;3.999999975690116e-08
29,600000000,29.6,imu_link,-0.0066664042799036895,-0.0033864141088188505,0.015154451630411776,-2.4557347226451763e-05,5.135903013145864e-06,9.800396048553434,-4.615570795948998e-10,5.330484785038281e-08,-4.989105560642746e-08,0.9999999999999973,0.0;0.0;0.0;0.0;0.0;0.0;0.0;0.0;0.0,7.621289842063561e-05;0.0;0.0;0.0;7.621289842063561e-05;0.0;0.0;0.0;7.621289842063561e-05,3.999999975690116e-08;0.0;0.0;0.0;3.999999975690116e-08;0.0;0.0;0.0;3.999999975690116e-08
29,620000000,29.62,imu_link,0.014999438914134681,4.474289587034773e-05,0.01387537513122278,0.0005364240385230419,-0.00018486958080456652,9.799989169425556,-4.6155707941849164e-10,5.3304847850520646e-08,-4.9891055606442914e-08,0.9999999999999973,0.0;0.0;0.0;0.0;0.0;0.0;0.0;0.0;0.0,7.621289842063561e-05;0.0;0.0;0.0;7.621289842063561e-05;0.0;0.0;0.0;7.621289842063561e-05,3.999999975690116e-08;0.0;0.0;0.0;3.999999975690116e-08;0.0;0.0;0.0;3.999999975690116e-08
29,640000000,29.64,imu_link,0.007402890439973669,0.005456643025896741,-0.00690353325394546,0.00040186980526221445,-0.00019657052653994448,9.800340266895343,-4.615570796112139e-10,5.3304847850696544e-08,-4.989105560645605e-08,0.9999999999999973,0.0;0.0;0.0;0.0;0.0;0.0;0.0;0.0;0.0,7.621289842063561e-05;0.0;0.0;0.0;7.621289842063561e-05;0.0;0.0;0.0;7.621289842063561e-05,3.999999975690116e-08;0.0;0.0;0.0;3.999999975690116e-08;0.0;0.0;0.0;3.999999975690116e-08
29,660000000,29.66,imu_link,-0.007023245358655368,0.0006994357759431192,-0.005795104344377335,8.017253767796315e-06,-0.0002545467912946056,9.800119556400261,-4.6155707956357333e-10,5.330484785037377e-08,-4.989105560647119e-08,0.9999999999999973,0.0;0.0;0.0;0.0;0.0;0.0;0.0;0.0;0.0,7.621289842063561e-05;0.0;0.0;0.0;7.621289842063561e-05;0.0;0.0;0.0;7.621289842063561e-05,3.999999975690116e-08;0.0;0.0;0.0;3.999999975690116e-08;0.0;0.0;0.0;3.999999975690116e-08
29,680000000,29.68,imu_link,-0.005456703828915425,0.004668568149259512,-0.000611404788843587,0.0001788083982861265,-0.00032805149353800397,9.800053401221934,-4.615570793937013e-10,5.330484785039174e-08,-4.989105560648483e-08,0.9999999999999973,0.0;0.0;0.0;0.0;0.0;0.0;0.0;0.0;0.0,7.621289842063561e-05;0.0;0.0;0.0;7.621289842063561e-05;0.0;0.0;0.0;7.621289842063561e-05,3.999999975690116e-08;0.0;0.0;0.0;3.999999975690116e-08;0.0;0.0;0.0;3.999999975690116e-08
29,700000000,29.7,imu_link,-0.0029743741687665616,0.005155488853002751,0.0065510960231551525,0.00011931057952043142,-0.0004586734144451562,9.800318879231558,-4.615570794614086e-10,5.330484785069975e-08,-4.9891055606498216e-08,0.9999999999999973,0.0;0.0;0.0;0.0;0.0;0.0;0.0;0.0;0.0,7.621289842063561e-05;0.0;0.0;0.0;7.621289842063561e-05;0.0;0.0;0.0;7.621289842063561e-05,3.999999975690116e-08;0.0;0.0;0.0;3.999999975690116e-08;0.0;0.0;0.0;3.999999975690116e-08
29,720000000,29.72,imu_link,-0.0007886877089060007,0.005499155938864989,-0.0033685343765719844,4.4747781924926754e-06,-0.0001705347278630285,9.800119917358883,-4.615570796751937e-10,5.3304847850878544e-08,-4.9891055606513754e-08,0.9999999999999973,0.0;0.0;0.0;0.0;0.0;0.0;0.0;0.0;0.0,7.621289842063561e-05;0.0;0.0;0.0;7.621289842063561e-05;0.0;0.0;0.0;7.621289842063561e-05,3.999999975690116e-08;0.0;0.0;0.0;3.999999975690116e-08;0.0;0.0;0.0;3.999999975690116e-08
29,740000000,29.74,imu_link,-0.0018988802174147,-0.0014198589008663372,0.007289858459594238,0.00010715778022487114,-0.00010006767109213073,9.80035967368906,-4.6155707953875006e-10,5.330484785036033e-08,-4.989105560652655e-08,0.9999999999999973,0.0;0.0;0.0;0.0;0.0;0.0;0.0;0.0;0.0,7.621289842063561e-05;0.0;0.0;0.0;7.621289842063561e-05;0.0;0.0;0.0;7.621289842063561e-05,3.999999975690116e-08;0.0;0.0;0.0;3.999999975690116e-08;0.0;0.0;0.0;3.999999975690116e-08
29,760000000,29.76,imu_link,0.0044641818042784566,0.005770611763136718,-0.0003515657427994219,0.00029035096807577957,-0.00012427610104017502,9.800095679858442,-4.6155707950732676e-10,5.3304847850485123e-08,-4.989105560653849e-08,0.9999999999999973,0.0;0.0;0.0;0.0;0.0;0.0;0.0;0.0;0.0,7.621289842063561e-05;0.0;0.0;0.0;7.621289842063561e-05;0.0;0.0;0.0;7.621289842063561e-05,3.999999975690116e-08;0.0;0.0;0.0;3.999999975690116e-08;0.0;0.0;0.0;3.999999975690116e-08
29,780000000,29.78,imu_link,-0.0006825796019867546,0.006299143264471591,0.006902658794061767,0.0005098339847126423,-0.00020919827819582668,9.800052343703726,-4.615570794332347e-10,5.330484785079605e-08,-4.989105560655398e-08,0.9999999999999973,0.0;0.0;0.0;0.0;0.0;0.0;0.0;0.0;0.0,7.621289842063561e-05;0.0;0.0;0.0;7.621289842063561e-05;0.0;0.0;0.0;7.621289842063561e-05,3.999999975690116e-08;0.0;0.0;0.0;3.999999975690116e-08;0.0;0.0;0.0;3.999999975690116e-08
29,800000000,29.8,imu_link,0.00040378114038103544,-0.004241906494499816,-0.00865748293760382,0.00022668505480640485,-0.00011022718525084944,9.799814359827486,-4.6155707955114024e-10,5.3304847850320594e-08,-4.989105560656658e-08,0.9999999999999973,0.0;0.0;0.0;0.0;0.0;0.0;0.0;0.0;0.0,7.621289842063561e-05;0.0;0.0;0.0;7.621289842063561e-05;0.0;0.0;0.0;7.621289842063561e-05,3.999999975690116e-08;0.0;0.0;0.0;3.999999975690116e-08;0.0;0.0;0.0;3.999999975690116e-08
29,820000000,29.82,imu_link,0.018586350101314947,-0.0029237646376376516,0.010054668331870065,0.00015297435971745895,-0.000513797680971493,9.800045326005977,-4.6155707952155757e-10,5.330484785033137e-08,-4.9891055606579975e-08,0.9999999999999973,0.0;0.0;0.0;0.0;0.0;0.0;0.0;0.0;0.0,7.621289842063561e-05;0.0;0.0;0.0;7.621289842063561e-05;0.0;0.0;0.0;7.621289842063561e-05,3.999999975690116e-08;0.0;0.0;0.0;3.999999975690116e-08;0.0;0.0;0.0;3.999999975690116e-08
29,840000000,29.84,imu_link,-0.008241968029321204,0.015253970231845158,-0.005652344301950739,0.00012452884448311633,-0.0002596838420077024,9.799740093407816,-4.6155707944436606e-10,5.3304847850528276e-08,-4.989105560659446e-08,0.9999999999999973,0.0;0.0;0.0;0.0;0.0;0.0;0.0;0.0;0.0,7.621289842063561e-05;0.0;0.0;0.0;7.621289842063561e-05;0.0;0.0;0.0;7.621289842063561e-05,3.999999975690116e-08;0.0;0.0;0.0;3.999999975690116e-08;0.0;0.0;0.0;3.999999975690116e-08
29,860000000,29.86,imu_link,-0.006061910310400358,-0.008612936742550927,-0.0022201320428265523,0.00010939691262355075,2.235983604103265e-05,9.80029640417712,-4.615570794957653e-10,5.3304847850824155e-08,-4.989105560660951e-08,0.9999999999999973,0.0;0.0;0.0;0.0;0.0;0.0;0.0;0.0;0.0,7.621289842063561e-05;0.0;0.0;0.0;7.621289842063561e-05;0.0;0.0;0.0;7.621289842063561e-05,3.999999975690116e-08;0.0;0.0;0.0;3.999999975690116e-08;0.0;0.0;0.0;3.999999975690116e-08
29,880000000,29.88,imu_link,0.012290344103094026,0.01308763265756016,0.014402200820419264,0.00043515568065592,-0.0001596947051395432,9.800214432265388,-4.6155707944488356e-10,5.3304847850478036e-08,-4.989105560662237e-08,0.9999999999999973,0.0;0.0;0.0;0.0;0.0;0.0;0.0;0.0;0.0,7.621289842063561e-05;0.0;0.0;0.0;7.621289842063561e-05;0.0;0.0;0.0;7.621289842063561e-05,3.999999975690116e-08;0.0;0.0;0.0;3.999999975690116e-08;0.0;0.0;0.0;3.999999975690116e-08
29,900000000,29.9,imu_link,-0.003822643344115255,0.00614061156469486,0.009826338754872543,7.287450095214989e-05,-0.000192446335286204,9.79993993449314,-4.6155707939945496e-10,5.330484785060691e-08,-4.989105560663511e-08,0.9999999999999973,0.0;0.0;0.0;0.0;0.0;0.0;0.0;0.0;0.0,7.621289842063561e-05;0.0;0.0;0.0;7.621289842063561e-05;0.0;0.0;0.0;7.621289842063561e-05,3.999999975690116e-08;0.0;0.0;0.0;3.999999975690116e-08;0.0;0.0;0.0;3.999999975690116e-08
29,920000000,29.92,imu_link,-0.013621792936101901,0.005866377312074922,0.017405180704439773,4.777568288172606e-05,-2.442608721808902e-05,9.800450701232666,-4.615570794737163e-10,5.3304847850783994e-08,-4.9891055606649855e-08,0.9999999999999973,0.0;0.0;0.0;0.0;0.0;0.0;0.0;0.0;0.0,7.621289842063561e-05;0.0;0.0;0.0;7.621289842063561e-05;0.0;0.0;0.0;7.621289842063561e-05,3.999999975690116e-08;0.0;0.0;0.0;3.999999975690116e-08;0.0;0.0;0.0;3.999999975690116e-08
29,940000000,29.94,imu_link,-0.005855381454550843,0.006012898785923989,0.011702600619950945,0.00028003824026997257,-0.00032834491242038946,9.800053443640321,-4.615570794638292e-10,5.3304847850262076e-08,-4.9891055606662494e-08,0.9999999999999973,0.0;0.0;0.0;0.0;0.0;0.0;0.0;0.0;0.0,7.621289842063561e-05;0.0;0.0;0.0;7.621289842063561e-05;0.0;0.0;0.0;7.621289842063561e-05,3.999999975690116e-08;0.0;0.0;0.0;3.999999975690116e-08;0.0;0.0;0.0;3.999999975690116e-08
29,960000000,29.96,imu_link,-0.004441337753047494,-0.0054227610066189405,-0.0003586376148351634,1.6775188743892194e-06,-0.0002840334523047384,9.800205605125015,-4.6155707938729204e-10,5.3304847850462075e-08,-4.989105560667586e-08,0.9999999999999973,0.0;0.0;0.0;0.0;0.0;0.0;0.0;0.0;0.0,7.621289842063561e-05;0.0;0.0;0.0;7.621289842063561e-05;0.0;0.0;0.0;7.621289842063561e-05,3.999999975690116e-08;0.0;0.0;0.0;3.999999975690116e-08;0.0;0.0;0.0;3.999999975690116e-08
29,980000000,29.98,imu_link,0.007198118365712567,0.017696645174441715,0.00615852693222333,0.0004585206677933213,2.6144927982768522e-05,9.800110888197866,-4.615570796017075e-10,5.330484785062729e-08,-4.9891055606690115e-08,0.9999999999999973,0.0;0.0;0.0;0.0;0.0;0.0;0.0;0.0;0.0,7.621289842063561e-05;0.0;0.0;0.0;7.621289842063561e-05;0.0;0.0;0.0;7.621289842063561e-05,3.999999975690116e-08;0.0;0.0;0.0;3.999999975690116e-08;0.0;0.0;0.0;3.999999975690116e-08
30,0,30.0,imu_link,-0.0027310968821774263,-0.00106415061744078,-0.0074262391450622516,1.8782490561405297e-05,-0.0003365940496101373,9.800052274142473,-4.615570795698319e-10,5.3304847850288645e-08,-4.989105560670369e-08,0.9999999999999973,0.0;0.0;0.0;0.0;0.0;0.0;0.0;0.0;0.0,7.621289842063561e-05;0.0;0.0;0.0;7.621289842063561e-05;0.0;0.0;0.0;7.621289842063561e-05,3.999999975690116e-08;0.0;0.0;0.0;3.999999975690116e-08;0.0;0.0;0.0;3.999999975690116e-08
30,20000000,30.02,imu_link,0.005163919098839951,0.0015703294191805129,-0.01494724820856177,0.00014423834864941122,-7.659476306384943e-05,9.799927939775602,-4.6155707960825344e-10,5.330484785046986e-08,-4.989105560671667e-08,0.9999999999999973,0.0;0.0;0.0;0.0;0.0;0.0;0.0;0.0;0.0,7.621289842063561e-05;0.0;0.0;0.0;7.621289842063561e-05;0.0;0.0;0.0;7.621289842063561e-05,3.999999975690116e-08;0.0;0.0;0.0;3.999999975690116e-08;0.0;0.0;0.0;3.999999975690116e-08
30,40000000,30.04,imu_link,0.010788708813167342,-0.017427067484428013,0.0013560560197666026,0.0002904170472959669,-2.3888216235916758e-05,9.79975407262447,-4.615570794303104e-10,5.330484785060995e-08,-4.989105560672929e-08,0.9999999999999973,0.0;0.0;0.0;0.0;0.0;0.0;0.0;0.0;0.0,7.621289842063561e-05;0.0;0.0;0.0;7.621289842063561e-05;0.0;0.0;0.0;7.621289842063561e-05,3.999999975690116e-08;0.0;0.0;0.0;3.999999975690116e-08;0.0;0.0;0.0;3.999999975690116e-08
30,60000000,30.06,imu_link,-0.0015592422633152398,-0.0024370893494181085,-8.709019549548703e-05,-0.00015223933995107297,-0.0006254606307657365,9.799805341676597,-4.615570794003313e-10,5.330484785073233e-08,-4.989105560674139e-08,0.9999999999999973,0.0;0.0;0.0;0.0;0.0;0.0;0.0;0.0;0.0,7.621289842063561e-05;0.0;0.0;0.0;7.621289842063561e-05;0.0;0.0;0.0;7.621289842063561e-05,3.999999975690116e-08;0.0;0.0;0.0;3.999999975690116e-08;0.0;0.0;0.0;3.999999975690116e-08
30,80000000,30.08,imu_link,-0.014719838543200874,0.007331240865185534,-0.0004339457581249171,-0.0001566724527247712,-3.9718091577088836e-05,9.80010564235363,-4.6155707937401683e-10,5.3304847850394246e-08,-4.989105560675461e-08,0.9999999999999973,0.0;0.0;0.0;0.0;0.0;0.0;0.0;0.0;0.0,7.621289842063561e-05;0.0;0.0;0.0;7.621289842063561e-05;0.0;0.0;0.0;7.621289842063561e-05,3.999999975690116e-08;0.0;0.0;0.0;3.999999975690116e-08;0.0;0.0;0.0;3.999999975690116e-08
30,100000000,30.1,imu_link,0.0034134972763824813,-0.005110663864333106,-0.001073175573269092,-1.783594319424674e-05,-4.608016092192026e-06,9.799951749626352,-4.6155707956853936e-10,5.3304847850444605e-08,-4.989105560676681e-08,0.9999999999999973,0.0;0.0;0.0;0.0;0.0;0.0;0.0;0.0;0.0,7.621289842063561e-05;0.0;0.0;0.0;7.621289842063561e-05;0.0;0.0;0.0;7.621289842063561e-05,3.999999975690116e-08;0.0;0.0;0.0;3.999999975690116e-08;0.0;0.0;0.0;3.999999975690116e-08
30,120000000,30.12,imu_link,0.001655069977849246,0.008937865553434576,0.01665812216503417,0.00027137481615791513,5.690637423781351e-05,9.80038727382541,-4.6155707937614563e-10,5.330484785058071e-08,-4.989105560677889e-08,0.9999999999999973,0.0;0.0;0.0;0.0;0.0;0.0;0.0;0.0;0.0,7.621289842063561e-05;0.0;0.0;0.0;7.621289842063561e-05;0.0;0.0;0.0;7.621289842063561e-05,3.999999975690116e-08;0.0;0.0;0.0;3.999999975690116e-08;0.0;0.0;0.0;3.999999975690116e-08
30,140000000,30.14,imu_link,0.0009510370880010165,0.015052572628681909,0.0047349493935278765,0.00026733338825886557,-0.00016786236870175336,9.800556989063717,-4.6155707942101413e-10,5.33048478507722e-08,-4.9891055606790886e-08,0.9999999999999973,0.0;0.0;0.0;0.0;0.0;0.0;0.0;0.0;0.0,7.621289842063561e-05;0.0;0.0;0.0;7.621289842063561e-05;0.0;0.0;0.0;7.621289842063561e-05,3.999999975690116e-08;0.0;0.0;0.0;3.999999975690116e-08;0.0;0.0;0.0;3.999999975690116e-08
30,160000000,30.16,imu_link,0.0034662066272081716,-0.021990513680205135,-0.011103045648900441,0.000521451287952209,-3.0314433919679872e-05,9.800060565975317,-4.6155707951073857e-10,5.330484785031521e-08,-4.9891055606802466e-08,0.9999999999999973,0.0;0.0;0.0;0.0;0.0;0.0;0.0;0.0;0.0,7.621289842063561e-05;0.0;0.0;0.0;7.621289842063561e-05;0.0;0.0;0.0;7.621289842063561e-05,3.999999975690116e-08;0.0;0.0;0.0;3.999999975690116e-08;0.0;0.0;0.0;3.999999975690116e-08
30,180000000,30.18,imu_link,0.011479826179928725,-0.003491860565889057,-0.006169747815030496,5.250728507548902e-06,-0.00010490670884393971,9.800640237748773,-4.615570795450409e-10,5.330484785067837e-08,-4.9891055606816125e-08,0.9999999999999973,0.0;0.0;0.0;0.0;0.0;0.0;0.0;0.0;0.0,7.621289842063561e-05;0.0;0.0;0.0;7.621289842063561e-05;0.0;0.0;0.0;7.621289842063561e-05,3.999999975690116e-08;0.0;0.0;0.0;3.999999975690116e-08;0.0;0.0;0.0;3.999999975690116e-08
30,200000000,30.2,imu_link,-0.00021255832918288083,-0.0012142188510362818,-0.003910579581394871,0.000114046674331817,0.00010921163822041591,9.800039943983041,-4.6155707934714783e-10,5.330484785088727e-08,-4.989105560682829e-08,0.9999999999999973,0.0;0.0;0.0;0.0;0.0;0.0;0.0;0.0;0.0,7.621289842063561e-05;0.0;0.0;0.0;7.621289842063561e-05;0.0;0.0;0.0;7.621289842063561e-05,3.999999975690116e-08;0.0;0.0;0.0;3.999999975690116e-08;0.0;0.0;0.0;3.999999975690116e-08
30,220000000,30.22,imu_link,0.012189850213757729,-0.011074410993478131,0.00168960125701218,0.0004631931900763458,0.0002416787465483689,9.800483569808632,-4.6155707958426e-10,5.330484785029089e-08,-4.9891055606841496e-08,0.9999999999999973,0.0;0.0;0.0;0.0;0.0;0.0;0.0;0.0;0.0,7.621289842063561e-05;0.0;0.0;0.0;7.621289842063561e-05;0.0;0.0;0.0;7.621289842063561e-05,3.999999975690116e-08;0.0;0.0;0.0;3.999999975690116e-08;0.0;0.0;0.0;3.999999975690116e-08
30,240000000,30.24,imu_link,0.008015324946670557,-0.010814168064310889,0.00042141136405675876,0.0002855794306795559,-8.938492188643359e-05,9.799919341543431,-4.61557079379318e-10,5.330484785060903e-08,-4.989105560685666e-08,0.9999999999999973,0.0;0.0;0.0;0.0;0.0;0.0;0.0;0.0;0.0,7.621289842063561e-05;0.0;0.0;0.0;7.621289842063561e-05;0.0;0.0;0.0;7.621289842063561e-05,3.999999975690116e-08;0.0;0.0;0.0;3.999999975690116e-08;0.0;0.0;0.0;3.999999975690116e-08
30,260000000,30.26,imu_link,-0.0069338553051997995,0.0032179692341031654,-0.002711276101687104,0.0004571818159777149,7.40792235682224e-05,9.800081306707344,-4.615570794548754e-10,5.33048478507889e-08,-4.989105560687035e-08,0.9999999999999973,0.0;0.0;0.0;0.0;0.0;0.0;0.0;0.0;0.0,7.621289842063561e-05;0.0;0.0;0.0;7.621289842063561e-05;0.0;0.0;0.0;7.621289842063561e-05,3.999999975690116e-08;0.0;0.0;0.0;3.999999975690116e-08;0.0;0.0;0.0;3.999999975690116e-08
30,280000000,30.28,imu_link,-0.0020460646252473715,-0.0004193399390720021,0.007802448355317643,-1.159974032261988e-05,3.089942676806692e-05,9.799828519838355,-4.6155707944786064e-10,5.3304847850263485e-08,-4.989105560688255e-08,0.9999999999999973,0.0;0.0;0.0;0.0;0.0;0.0;0.0;0.0;0.0,7.621289842063561e-05;0.0;0.0;0.0;7.621289842063561e-05;0.0;0.0;0.0;7.621289842063561e-05,3.999999975690116e-08;0.0;0.0;0.0;3.999999975690116e-08;0.0;0.0;0.0;3.999999975690116e-08
30,300000000,30.3,imu_link,0.014139362379799628,0.001093677674821592,-0.011396627422428347,0.00027764230556511594,-0.0005095314011653321,9.799973205727994,-4.615570795175294e-10,5.33048478504355e-08,-4.989105560689638e-08,0.9999999999999973,0.0;0.0;0.0;0.0;0.0;0.0;0.0;0.0;0.0,7.621289842063561e-05;0.0;0.0;0.0;7.621289842063561e-05;0.0;0.0;0.0;7.621289842063561e-05,3.999999975690116e-08;0.0;0.0;0.0;3.999999975690116e-08;0.0;0.0;0.0;3.999999975690116e-08
30,320000000,30.32,imu_link,-0.005745809346268388,-0.01085736423595363,0.011202780307231517,0.00034007476196578376,-0.00012555932484802955,9.800335386527257,-4.6155707944456174e-10,5.330484785062278e-08,-4.9891055606911085e-08,0.9999999999999973,0.0;0.0;0.0;0.0;0.0;0.0;0.0;0.0;0.0,7.621289842063561e-05;0.0;0.0;0.0;7.621289842063561e-05;0.0;0.0;0.0;7.621289842063561e-05,3.999999975690116e-08;0.0;0.0;0.0;3.999999975690116e-08;0.0;0.0;0.0;3.999999975690116e-08
30,340000000,30.34,imu_link,0.008978533602460186,-0.010453362409448478,-0.01018534533460082,4.606208330329743e-06,-0.00010413511012219595,9.799760223720302,-4.615570794159986e-10,5.330484785027931e-08,-4.989105560692488e-08,0.9999999999999973,0.0;0.0;0.0;0.0;0.0;0.0;0.0;0.0;0.0,7.621289842063561e-05;0.0;0.0;0.0;7.621289842063561e-05;0.0;0.0;0.0;7.621289842063561e-05,3.999999975690116e-08;0.0;0.0;0.0;3.999999975690116e-08;0.0;0.0;0.0;3.999999975690116e-08
30,360000000,30.36,imu_link,0.0036631328811821953,-0.0019392830141088248,0.009511686812537293,0.0002208469285504592,9.927681972167528e-05,9.799956709036598,-4.6155707938508296e-10,5.330484785040237e-08,-4.989105560694023e-08,0.9999999999999973,0.0;0.0;0.0;0.0;0.0;0.0;0.0;0.0;0.0,7.621289842063561e-05;0.0;0.0;0.0;7.621289842063561e-05;0.0;0.0;0.0;7.621289842063561e-05,3.999999975690116e-08;0.0;0.0;0.0;3.999999975690116e-08;0.0;0.0;0.0;3.999999975690116e-08
30,380000000,30.38,imu_link,-0.0063745187951133354,-0.002084885122970627,0.00015295609653337883,-9.160441386045461e-05,-7.734305791280573e-05,9.799981729420063,-4.6155707948334886e-10,5.330484785051641e-08,-4.9891055606954284e-08,0.9999999999999973,0.0;0.0;0.0;0.0;0.0;0.0;0.0;0.0;0.0,7.621289842063561e-05;0.0;0.0;0.0;7.621289842063561e-05;0.0;0.0;0.0;7.621289842063561e-05,3.999999975690116e-08;0.0;0.0;0.0;3.999999975690116e-08;0.0;0.0;0.0;3.999999975690116e-08
30,400000000,30.4,imu_link,-0.005718060022038268,-0.014131787960554974,-0.0008012204485686723,0.00035216960691700157,-9.343684661677463e-05,9.80024808403238,-4.6155707957057495e-10,5.3304847850697954e-08,-4.9891055606969597e-08,0.9999999999999973,0.0;0.0;0.0;0.0;0.0;0.0;0.0;0.0;0.0,7.621289842063561e-05;0.0;0.0;0.0;7.621289842063561e-05;0.0;0.0;0.0;7.621289842063561e-05,3.999999975690116e-08;0.0;0.0;0.0;3.999999975690116e-08;0.0;0.0;0.0;3.999999975690116e-08
30,420000000,30.42,imu_link,0.016312289194646973,-0.0027007154088210623,-0.002609821667361719,-0.00025571846201108715,-4.919758704502527e-05,9.800235645538946,-4.615570793894495e-10,5.330484785036611e-08,-4.9891055606984274e-08,0.9999999999999973,0.0;0.0;0.0;0.0;0.0;0.0;0.0;0.0;0.0,7.621289842063561e-05;0.0;0.0;0.0;7.621289842063561e-05;0.0;0.0;0.0;7.621289842063561e-05,3.999999975690116e-08;0.0;0.0;0.0;3.999999975690116e-08;0.0;0.0;0.0;3.999999975690116e-08
30,440000000,30.44,imu_link,0.004414129794156905,0.01022685814237563,0.005650393731899014,0.00019356774323095992,-3.941076452835775e-05,9.800273326927867,-4.6155707946612236e-10,5.330484785055003e-08,-4.98910556069996e-08,0.9999999999999973,0.0;0.0;0.0;0.0;0.0;0.0;0.0;0.0;0.0,7.621289842063561e-05;0.0;0.0;0.0;7.621289842063561e-05;0.0;0.0;0.0;7.621289842063561e-05,3.999999975690116e-08;0.0;0.0;0.0;3.999999975690116e-08;0.0;0.0;0.0;3.999999975690116e-08
30,460000000,30.46,imu_link,0.0009133180577888038,-0.009298613385269421,-0.007487937691270526,9.431191390476393e-05,-0.00010365264897478734,9.800234547940445,-4.6155707954972674e-10,5.330484785060542e-08,-4.989105560701428e-08,0.9999999999999973,0.0;0.0;0.0;0.0;0.0;0.0;0.0;0.0;0.0,7.621289842063561e-05;0.0;0.0;0.0;7.621289842063561e-05;0.0;0.0;0.0;7.621289842063561e-05,3.999999975690116e-08;0.0;0.0;0.0;3.999999975690116e-08;0.0;0.0;0.0;3.999999975690116e-08
30,480000000,30.48,imu_link,-0.01018449591076965,-0.0074106441627782346,0.0009725379887266295,0.000406166353688153,-0.00018970950758270718,9.799745668825063,-4.615570795120522e-10,5.3304847850267807e-08,-4.989105560703057e-08,0.9999999999999973,0.0;0.0;0.0;0.0;0.0;0.0;0.0;0.0;0.0,7.621289842063561e-05;0.0;0.0;0.0;7.621289842063561e-05;0.0;0.0;0.0;7.621289842063561e-05,3.999999975690116e-08;0.0;0.0;0.0;3.999999975690116e-08;0.0;0.0;0.0;3.999999975690116e-08
30,500000000,30.5,imu_link,-0.0053776608145515645,0.005459307413365093,-0.004611275180344732,-3.2563729296356954e-05,-0.000386308966221564,9.799840148018657,-4.615570795847527e-10,5.33048478504459e-08,-4.9891055607044546e-08,0.9999999999999973,0.0;0.0;0.0;0.0;0.0;0.0;0.0;0.0;0.0,7.621289842063561e-05;0.0;0.0;0.0;7.621289842063561e-05;0.0;0.0;0.0;7.621289842063561e-05,3.999999975690116e-08;0.0;0.0;0.0;3.999999975690116e-08;0.0;0.0;0.0;3.999999975690116e-08
30,520000000,30.52,imu_link,-0.014157298105734947,-0.00592431464189501,0.01073101126920721,6.42447993112325e-05,5.0525175531968485e-05,9.80006312607802,-4.615570796377904e-10,5.330484785074226e-08,-4.9891055607058145e-08,0.9999999999999973,0.0;0.0;0.0;0.0;0.0;0.0;0.0;0.0;0.0,7.621289842063561e-05;0.0;0.0;0.0;7.621289842063561e-05;0.0;0.0;0.0;7.621289842063561e-05,3.999999975690116e-08;0.0;0.0;0.0;3.999999975690116e-08;0.0;0.0;0.0;3.999999975690116e-08
30,540000000,30.54,imu_link,-0.007470816872637912,-0.019844012314037048,0.0025112368731344823,-0.0001795936862413055,0.0002808760008256084,9.800100368806477,-4.615570794672407e-10,5.3304847850752005e-08,-4.989105560707207e-08,0.9999999999999973,0.0;0.0;0.0;0.0;0.0;0.0;0.0;0.0;0.0,7.621289842063561e-05;0.0;0.0;0.0;7.621289842063561e-05;0.0;0.0;0.0;7.621289842063561e-05,3.999999975690116e-08;0.0;0.0;0.0;3.999999975690116e-08;0.0;0.0;0.0;3.999999975690116e-08
30,560000000,30.56,imu_link,0.014149605276437395,-0.0035122425983711934,-0.014890258556552667,-5.375146659607633e-05,-7.299061164638937e-05,9.800189511692086,-4.6155707943984893e-10,5.330484785088652e-08,-4.9891055607085984e-08,0.9999999999999973,0.0;0.0;0.0;0.0;0.0;0.0;0.0;0.0;0.0,7.621289842063561e-05;0.0;0.0;0.0;7.621289842063561e-05;0.0;0.0;0.0;7.621289842063561e-05,3.999999975690116e-08;0.0;0.0;0.0;3.999999975690116e-08;0.0;0.0;0.0;3.999999975690116e-08
30,580000000,30.58,imu_link,-0.007820371341780746,-0.0008117365522335836,-0.00753813006341768,-7.70656704874361e-05,0.00023019635462650766,9.800210585520874,-4.6155707938548714e-10,5.3304847850543675e-08,-4.989105560710028e-08,0.9999999999999973,0.0;0.0;0.0;0.0;0.0;0.0;0.0;0.0;0.0,7.621289842063561e-05;0.0;0.0;0.0;7.621289842063561e-05;0.0;0.0;0.0;7.621289842063561e-05,3.999999975690116e-08;0.0;0.0;0.0;3.999999975690116e-08;0.0;0.0;0.0;3.999999975690116e-08
30,600000000,30.6,imu_link,0.010220224441058065,0.000810099764808811,-0.005778920790235467,0.00014816663853583876,0.0001022540816670105,9.799684934950053,-4.615570794578371e-10,5.3304847850730234e-08,-4.989105560711398e-08,0.9999999999999973,0.0;0.0;0.0;0.0;0.0;0.0;0.0;0.0;0.0,7.621289842063561e-05;0.0;0.0;0.0;7.621289842063561e-05;0.0;0.0;0.0;7.621289842063561e-05,3.999999975690116e-08;0.0;0.0;0.0;3.999999975690116e-08;0.0;0.0;0.0;3.999999975690116e-08
30,620000000,30.62,imu_link,0.007275741810999394,0.010810595190163808,0.008446786059505716,0.00011967914014987568,-0.000402660363026927,9.800251913482086,-4.615570794298872e-10,5.3304847850864376e-08,-4.9891055607127906e-08,0.9999999999999973,0.0;0.0;0.0;0.0;0.0;0.0;0.0;0.0;0.0,7.621289842063561e-05;0.0;0.0;0.0;7.621289842063561e-05;0.0;0.0;0.0;7.621289842063561e-05,3.999999975690116e-08;0.0;0.0;0.0;3.999999975690116e-08;0.0;0.0;0.0;3.999999975690116e-08
30,640000000,30.64,imu_link,0.01766656345386605,0.0026743116101218454,0.004902550537277608,8.083733909564551e-05,1.916780575574605e-05,9.800078795049624,-4.6155707940308716e-10,5.3304847850405343e-08,-4.989105560714226e-08,0.9999999999999973,0.0;0.0;0.0;0.0;0.0;0.0;0.0;0.0;0.0,7.621289842063561e-05;0.0;0.0;0.0;7.621289842063561e-05;0.0;0.0;0.0;7.621289842063561e-05,3.999999975690116e-08;0.0;0.0;0.0;3.999999975690116e-08;0.0;0.0;0.0;3.999999975690116e-08
30,660000000,30.66,imu_link,0.009347045541287447,-0.007105909941366288,0.008663285320956109,2.468102987031979e-06,-7.790854564595945e-06,9.799842711011697,-4.615570795929122e-10,5.3304847850574796e-08,-4.989105560715633e-08,0.9999999999999973,0.0;0.0;0.0;0.0;0.0;0.0;0.0;0.0;0.0,7.621289842063561e-05;0.0;0.0;0.0;7.621289842063561e-05;0.0;0.0;0.0;7.621289842063561e-05,3.999999975690116e-08;0.0;0.0;0.0;3.999999975690116e-08;0.0;0.0;0.0;3.999999975690116e-08
30,680000000,30.68,imu_link,0.01653428171507177,0.0006587712814211148,-0.0020212806964381652,-2.5065942765305986e-05,-0.00017676029171586282,9.80006543217312,-4.615570795226853e-10,5.330484785076626e-08,-4.989105560717093e-08,0.9999999999999973,0.0;0.0;0.0;0.0;0.0;0.0;0.0;0.0;0.0,7.621289842063561e-05;0.0;0.0;0.0;7.621289842063561e-05;0.0;0.0;0.0;7.621289842063561e-05,3.999999975690116e-08;0.0;0.0;0.0;3.999999975690116e-08;0.0;0.0;0.0;3.999999975690116e-08
30,700000000,30.7,imu_link,0.01843083379053352,-0.00865638945966763,0.01312844090006242,0.00014932314012444892,1.334368265417254e-05,9.79985609335686,-4.6155707960756435e-10,5.3304847850476375e-08,-4.989105560718502e-08,0.9999999999999973,0.0;0.0;0.0;0.0;0.0;0.0;0.0;0.0;0.0,7.621289842063561e-05;0.0;0.0;0.0;7.621289842063561e-05;0.0;0.0;0.0;7.621289842063561e-05,3.999999975690116e-08;0.0;0.0;0.0;3.999999975690116e-08;0.0;0.0;0.0;3.999999975690116e-08
30,720000000,30.72,imu_link,0.009277243993835439,0.0030970001349005624,0.007317582554942246,-0.0001496320984713136,4.2329516304775715e-05,9.800067156361708,-4.6155707957175063e-10,5.330484785048563e-08,-4.9891055607198315e-08,0.9999999999999973,0.0;0.0;0.0;0.0;0.0;0.0;0.0;0.0;0.0,7.621289842063561e-05;0.0;0.0;0.0;7.621289842063561e-05;0.0;0.0;0.0;7.621289842063561e-05,3.999999975690116e-08;0.0;0.0;0.0;3.999999975690116e-08;0.0;0.0;0.0;3.999999975690116e-08
30,740000000,30.74,imu_link,0.010086480319706461,-0.007637105191799353,8.581216593309432e-05,-4.125405625443958e-05,-0.00022599986455818392,9.800305482673268,-4.6155707950907516e-10,5.3304847850790743e-08,-4.989105560721336e-08,0.9999999999999973,0.0;0.0;0.0;0.0;0.0;0.0;0.0;0.0;0.0,7.621289842063561e-05;0.0;0.0;0.0;7.621289842063561e-05;0.0;0.0;0.0;7.621289842063561e-05,3.999999975690116e-08;0.0;0.0;0.0;3.999999975690116e-08;0.0;0.0;0.0;3.999999975690116e-08
30,760000000,30.76,imu_link,0.01236451562521231,0.010989323583862063,0.003468980785447784,0.00018158889494107822,-0.00010484035295549039,9.800243345739784,-4.615570797129572e-10,5.330484785084226e-08,-4.989105560722757e-08,0.9999999999999973,0.0;0.0;0.0;0.0;0.0;0.0;0.0;0.0;0.0,7.621289842063561e-05;0.0;0.0;0.0;7.621289842063561e-05;0.0;0.0;0.0;7.621289842063561e-05,3.999999975690116e-08;0.0;0.0;0.0;3.999999975690116e-08;0.0;0.0;0.0;3.999999975690116e-08
30,780000000,30.78,imu_link,0.005266443062400221,-0.00878902692857839,0.008877952170296577,-0.0003034065994105968,-0.0002416560760416722,9.800498185241583,-4.6155707940633085e-10,5.3304847850459276e-08,-4.989105560724028e-08,0.9999999999999973,0.0;0.0;0.0;0.0;0.0;0.0;0.0;0.0;0.0,7.621289842063561e-05;0.0;0.0;0.0;7.621289842063561e-05;0.0;0.0;0.0;7.621289842063561e-05,3.999999975690116e-08;0.0;0.0;0.0;3.999999975690116e-08;0.0;0.0;0.0;3.999999975690116e-08
30,800000000,30.8,imu_link,0.0032846455670693395,0.009828621859394973,-0.005935434319603357,-3.660041987444993e-05,0.00047078608291842994,9.80059531733858,-4.615570793762738e-10,5.330484785058641e-08,-4.989105560725381e-08,0.9999999999999973,0.0;0.0;0.0;0.0;0.0;0.0;0.0;0.0;0.0,7.621289842063561e-05;0.0;0.0;0.0;7.621289842063561e-05;0.0;0.0;0.0;7.621289842063561e-05,3.999999975690116e-08;0.0;0.0;0.0;3.999999975690116e-08;0.0;0.0;0.0;3.999999975690116e-08
30,820000000,30.82,imu_link,0.007536292000706749,-0.011557342538032589,-0.012562812750443226,0.00026991881349731434,-0.0001668253562246199,9.800209823212338,-4.615570796924402e-10,5.330484785093436e-08,-4.9891055607267256e-08,0.9999999999999973,0.0;0.0;0.0;0.0;0.0;0.0;0.0;0.0;0.0,7.621289842063561e-05;0.0;0.0;0.0;7.621289842063561e-05;0.0;0.0;0.0;7.621289842063561e-05,3.999999975690116e-08;0.0;0.0;0.0;3.999999975690116e-08;0.0;0.0;0.0;3.999999975690116e-08
30,840000000,30.84,imu_link,0.011361006564207948,-0.004369813104322488,-0.013804904201251347,-0.0003702132849435305,-0.00019736663933217448,9.800294746132876,-4.6155707954915077e-10,5.330484785030275e-08,-4.989105560728045e-08,0.9999999999999973,0.0;0.0;0.0;0.0;0.0;0.0;0.0;0.0;0.0,7.621289842063561e-05;0.0;0.0;0.0;7.621289842063561e-05;0.0;0.0;0.0;7.621289842063561e-05,3.999999975690116e-08;0.0;0.0;0.0;3.999999975690116e-08;0.0;0.0;0.0;3.999999975690116e-08
30,860000000,30.86,imu_link,0.008647599292219444,0.001688142476960944,0.010583645473174584,0.0002726621220864989,-0.00033697659700024477,9.800170058102589,-4.615570794678834e-10,5.330484785061057e-08,-4.9891055607294255e-08,0.9999999999999973,0.0;0.0;0.0;0.0;0.0;0.0;0.0;0.0;0.0,7.621289842063561e-05;0.0;0.0;0.0;7.621289842063561e-05;0.0;0.0;0.0;7.621289842063561e-05,3.999999975690116e-08;0.0;0.0;0.0;3.999999975690116e-08;0.0;0.0;0.0;3.999999975690116e-08
30,880000000,30.88,imu_link,-0.0026097171097341277,4.419916451613776e-05,-0.005627565008276546,-0.000279789498621464,9.680120891686674e-05,9.800432779994415,-4.6155707942733405e-10,5.330484785074413e-08,-4.9891055607308536e-08,0.9999999999999973,0.0;0.0;0.0;0.0;0.0;0.0;0.0;0.0;0.0,7.621289842063561e-05;0.0;0.0;0.0;7.621289842063561e-05;0.0;0.0;0.0;7.621289842063561e-05,3.999999975690116e-08;0.0;0.0;0.0;3.999999975690116e-08;0.0;0.0;0.0;3.999999975690116e-08
30,900000000,30.9,imu_link,-0.012319772525606208,0.004806687857346881,-0.00749138721645488,0.00036590258140380377,-0.0003091526443430265,9.800153108296133,-4.6155707955281114e-10,5.3304847850274067e-08,-4.9891055607321353e-08,0.9999999999999973,0.0;0.0;0.0;0.0;0.0;0.0;0.0;0.0;0.0,7.621289842063561e-05;0.0;0.0;0.0;7.621289842063561e-05;0.0;0.0;0.0;7.621289842063561e-05,3.999999975690116e-08;0.0;0.0;0.0;3.999999975690116e-08;0.0;0.0;0.0;3.999999975690116e-08
30,920000000,30.92,imu_link,0.005838033964371515,0.002123641802622972,0.006537371754150071,0.00034161373017096823,-0.0001311970072759983,9.800012492859924,-4.6155707961689686e-10,5.3304847850578244e-08,-4.989105560733422e-08,0.9999999999999973,0.0;0.0;0.0;0.0;0.0;0.0;0.0;0.0;0.0,7.621289842063561e-05;0.0;0.0;0.0;7.621289842063561e-05;0.0;0.0;0.0;7.621289842063561e-05,3.999999975690116e-08;0.0;0.0;0.0;3.999999975690116e-08;0.0;0.0;0.0;3.999999975690116e-08
30,940000000,30.94,imu_link,0.00032123175796024546,0.0007353971846870659,-0.00679542272240772,-0.0001192991756367379,-0.0003999202074158755,9.800386658616851,-4.6155707943560136e-10,5.330484785071033e-08,-4.989105560734668e-08,0.9999999999999973,0.0;0.0;0.0;0.0;0.0;0.0;0.0;0.0;0.0,7.621289842063561e-05;0.0;0.0;0.0;7.621289842063561e-05;0.0;0.0;0.0;7.621289842063561e-05,3.999999975690116e-08;0.0;0.0;0.0;3.999999975690116e-08;0.0;0.0;0.0;3.999999975690116e-08
30,960000000,30.96,imu_link,0.010353057099073505,0.011701066839856857,0.006655765139117214,0.00023393594388792258,-0.00019424221483764855,9.799831000222316,-4.615570795230789e-10,5.33048478508802e-08,-4.98910556073617e-08,0.9999999999999973,0.0;0.0;0.0;0.0;0.0;0.0;0.0;0.0;0.0,7.621289842063561e-05;0.0;0.0;0.0;7.621289842063561e-05;0.0;0.0;0.0;7.621289842063561e-05,3.999999975690116e-08;0.0;0.0;0.0;3.999999975690116e-08;0.0;0.0;0.0;3.999999975690116e-08
30,980000000,30.98,imu_link,-0.0026787975209605673,-0.01662146341733878,0.0051128831727813235,-0.0001582673212435923,-0.00023381043403137932,9.800225565769873,-4.6155707959901295e-10,5.3304847850425686e-08,-4.9891055607373876e-08,0.9999999999999973,0.0;0.0;0.0;0.0;0.0;0.0;0.0;0.0;0.0,7.621289842063561e-05;0.0;0.0;0.0;7.621289842063561e-05;0.0;0.0;0.0;7.621289842063561e-05,3.999999975690116e-08;0.0;0.0;0.0;3.999999975690116e-08;0.0;0.0;0.0;3.999999975690116e-08
31,0,31.0,imu_link,-0.00016090492613671356,-0.008037685162279701,-0.003043771700103343,2.2932753882259736e-05,4.751799187478307e-05,9.800152404425164,-4.61557079433459e-10,5.330484785056149e-08,-4.989105560738597e-08,0.9999999999999973,0.0;0.0;0.0;0.0;0.0;0.0;0.0;0.0;0.0,7.621289842063561e-05;0.0;0.0;0.0;7.621289842063561e-05;0.0;0.0;0.0;7.621289842063561e-05,3.999999975690116e-08;0.0;0.0;0.0;3.999999975690116e-08;0.0;0.0;0.0;3.999999975690116e-08
31,20000000,31.02,imu_link,-0.0011066269822312155,0.008108943281131223,0.009484860321532949,0.00017568379725883202,-0.00025513267352352985,9.8000434667609,-4.615570795418279e-10,5.330484785068461e-08,-4.9891055607398903e-08,0.9999999999999973,0.0;0.0;0.0;0.0;0.0;0.0;0.0;0.0;0.0,7.621289842063561e-05;0.0;0.0;0.0;7.621289842063561e-05;0.0;0.0;0.0;7.621289842063561e-05,3.999999975690116e-08;0.0;0.0;0.0;3.999999975690116e-08;0.0;0.0;0.0;3.999999975690116e-08
31,40000000,31.04,imu_link,-0.008146130084641176,-0.0078051012992996485,-0.01866630139109186,0.00022573760154855375,0.00022879005365758693,9.800355554025968,-4.6155707937198517e-10,5.330484785036025e-08,-4.989105560741196e-08,0.9999999999999973,0.0;0.0;0.0;0.0;0.0;0.0;0.0;0.0;0.0,7.621289842063561e-05;0.0;0.0;0.0;7.621289842063561e-05;0.0;0.0;0.0;7.621289842063561e-05,3.999999975690116e-08;0.0;0.0;0.0;3.999999975690116e-08;0.0;0.0;0.0;3.999999975690116e-08
31,60000000,31.06,imu_link,-0.003896570074391175,0.009509332441402882,0.0007106867999902244,0.00031715692316863396,-0.00021134919884199517,9.799890927188907,-4.615570795937152e-10,5.3304847850410446e-08,-4.9891055607425744e-08,0.9999999999999973,0.0;0.0;0.0;0.0;0.0;0.0;0.0;0.0;0.0,7.621289842063561e-05;0.0;0.0;0.0;7.621289842063561e-05;0.0;0.0;0.0;7.621289842063561e-05,3.999999975690116e-08;0.0;0.0;0.0;3.999999975690116e-08;0.0;0.0;0.0;3.999999975690116e-08
31,80000000,31.08,imu_link,0.017145111711180046,-0.0011920152194013134,-0.002536370809953771,-7.974139046875266e-05,-0.0001045291638585082,9.799991645145427,-4.6155707965477723e-10,5.330484785060446e-08,-4.989105560743788e-08,0.9999999999999973,0.0;0.0;0.0;0.0;0.0;0.0;0.0;0.0;0.0,7.621289842063561e-05;0.0;0.0;0.0;7.621289842063561e-05;0.0;0.0;0.0;7.621289842063561e-05,3.999999975690116e-08;0.0;0.0;0.0;3.999999975690116e-08;0.0;0.0;0.0;3.999999975690116e-08
31,100000000,31.1,imu_link,0.006412557523690703,0.00861354827223744,-0.01648193122842912,0.0002886520137238899,6.60500337993022e-05,9.799897008559205,-4.6155707948435383e-10,5.330484785027705e-08,-4.9891055607449745e-08,0.9999999999999973,0.0;0.0;0.0;0.0;0.0;0.0;0.0;0.0;0.0,7.621289842063561e-05;0.0;0.0;0.0;7.621289842063561e-05;0.0;0.0;0.0;7.621289842063561e-05,3.999999975690116e-08;0.0;0.0;0.0;3.999999975690116e-08;0.0;0.0;0.0;3.999999975690116e-08
31,120000000,31.12,imu_link,0.01748483424346409,-0.0072653222063520685,-0.002795235356585822,-0.0001416139126616089,-0.00046324750124321855,9.799928446844646,-4.615570795540503e-10,5.3304847850461526e-08,-4.9891055607460386e-08,0.9999999999999973,0.0;0.0;0.0;0.0;0.0;0.0;0.0;0.0;0.0,7.621289842063561e-05;0.0;0.0;0.0;7.621289842063561e-05;0.0;0.0;0.0;7.621289842063561e-05,3.999999975690116e-08;0.0;0.0;0.0;3.999999975690116e-08;0.0;0.0;0.0;3.999999975690116e-08
31,140000000,31.14,imu_link,-0.0025498614316578237,0.0019491865948851996,0.0007844671475171517,4.203984300483229e-06,-0.00021859460343885147,9.800075043094456,-4.6155707937724573e-10,5.3304847850604886e-08,-4.9891055607471265e-08,0.9999999999999973,0.0;0.0;0.0;0.0;0.0;0.0;0.0;0.0;0.0,7.621289842063561e-05;0.0;0.0;0.0;7.621289842063561e-05;0.0;0.0;0.0;7.621289842063561e-05,3.999999975690116e-08;0.0;0.0;0.0;3.999999975690116e-08;0.0;0.0;0.0;3.999999975690116e-08
31,160000000,31.16,imu_link,0.004381323139511363,0.009404643319912651,-0.008752133359681096,5.2186127162734354e-05,0.00017279113457348863,9.8000785197931,-4.6155707958918827e-10,5.330484785030704e-08,-4.989105560748473e-08,0.9999999999999973,0.0;0.0;0.0;0.0;0.0;0.0;0.0;0.0;0.0,7.621289842063561e-05;0.0;0.0;0.0;7.621289842063561e-05;0.0;0.0;0.0;7.621289842063561e-05,3.999999975690116e-08;0.0;0.0;0.0;3.999999975690116e-08;0.0;0.0;0.0;3.999999975690116e-08
31,180000000,31.18,imu_link,-0.009056782410679663,-0.0035115219758086705,0.011348344614375925,9.686101134699585e-05,-0.0004854728707289124,9.799939667828719,-4.61557079553229e-10,5.330484785031699e-08,-4.989105560749821e-08,0.9999999999999973,0.0;0.0;0.0;0.0;0.0;0.0;0.0;0.0;0.0,7.621289842063561e-05;0.0;0.0;0.0;7.621289842063561e-05;0.0;0.0;0.0;7.621289842063561e-05,3.999999975690116e-08;0.0;0.0;0.0;3.999999975690116e-08;0.0;0.0;0.0;3.999999975690116e-08
31,200000000,31.2,imu_link,0.0114813983691935,0.0052595319529462475,-0.0051178678119512865,0.0003668147053017149,4.0751984826417644e-05,9.800239030319187,-4.615570796111466e-10,5.330484785068264e-08,-4.989105560751079e-08,0.9999999999999973,0.0;0.0;0.0;0.0;0.0;0.0;0.0;0.0;0.0,7.621289842063561e-05;0.0;0.0;0.0;7.621289842063561e-05;0.0;0.0;0.0;7.621289842063561e-05,3.999999975690116e-08;0.0;0.0;0.0;3.999999975690116e-08;0.0;0.0;0.0;3.999999975690116e-08
31,220000000,31.22,imu_link,0.0037172567803282625,0.005295616985646381,-0.00520025606546307,0.0002454297752619788,0.0003022367300776641,9.800384577249913,-4.6155707944715226e-10,5.330484785069795e-08,-4.9891055607522094e-08,0.9999999999999973,0.0;0.0;0.0;0.0;0.0;0.0;0.0;0.0;0.0,7.621289842063561e-05;0.0;0.0;0.0;7.621289842063561e-05;0.0;0.0;0.0;7.621289842063561e-05,3.999999975690116e-08;0.0;0.0;0.0;3.999999975690116e-08;0.0;0.0;0.0;3.999999975690116e-08
31,240000000,31.24,imu_link,-0.0019392523414328627,0.002461727697154311,0.009868481781860314,0.0004434590840891062,-0.00018430122943987568,9.80009307219895,-4.6155707941653727e-10,5.330484785035625e-08,-4.9891055607532794e-08,0.9999999999999973,0.0;0.0;0.0;0.0;0.0;0.0;0.0;0.0;0.0,7.621289842063561e-05;0.0;0.0;0.0;7.621289842063561e-05;0.0;0.0;0.0;7.621289842063561e-05,3.999999975690116e-08;0.0;0.0;0.0;3.999999975690116e-08;0.0;0.0;0.0;3.999999975690116e-08
31,260000000,31.26,imu_link,-0.008717827480796386,-0.012373572596207695,-0.008408062014347942,0.0002719250351567116,-0.00029996783190396406,9.799731597446677,-4.6155707962555863e-10,5.330484785052919e-08,-4.9891055607545705e-08,0.9999999999999973,0.0;0.0;0.0;0.0;0.0;0.0;0.0;0.0;0.0,7.621289842063561e-05;0.0;0.0;0.0;7.621289842063561e-05;0.0;0.0;0.0;7.621289842063561e-05,3.999999975690116e-08;0.0;0.0;0.0;3.999999975690116e-08;0.0;0.0;0.0;3.999999975690116e-08
31,280000000,31.28,imu_link,-0.0005154479797713047,-0.002436665014599039,-0.00850782489387336,-0.00034672004932536824,0.0002181579330904771,9.800467171534228,-4.6155707958170937e-10,5.330484785064191e-08,-4.989105560755695e-08,0.9999999999999973,0.0;0.0;0.0;0.0;0.0;0.0;0.0;0.0;0.0,7.621289842063561e-05;0.0;0.0;0.0;7.621289842063561e-05;0.0;0.0;0.0;7.621289842063561e-05,3.999999975690116e-08;0.0;0.0;0.0;3.999999975690116e-08;0.0;0.0;0.0;3.999999975690116e-08
31,300000000,31.3,imu_link,-0.010276959377219893,0.0032999495935548376,-0.0014035738959213599,-0.00021957345177738312,-0.000271788672719088,9.799925255590637,-4.6155707941217726e-10,5.3304847850772314e-08,-4.9891055607567675e-08,0.9999999999999973,0.0;0.0;0.0;0.0;0.0;0.0;0.0;0.0;0.0,7.621289842063561e-05;0.0;0.0;0.0;7.621289842063561e-05;0.0;0.0;0.0;7.621289842063561e-05,3.999999975690116e-08;0.0;0.0;0.0;3.999999975690116e-08;0.0;0.0;0.0;3.999999975690116e-08
31,320000000,31.32,imu_link,0.002202422744779921,-0.004060982186781878,0.0003436034103296709,0.00013709811240359657,2.0370878560857918e-05,9.799904388406665,-4.6155707937663243e-10,5.3304847850433765e-08,-4.9891055607578686e-08,0.9999999999999973,0.0;0.0;0.0;0.0;0.0;0.0;0.0;0.0;0.0,7.621289842063561e-05;0.0;0.0;0.0;7.621289842063561e-05;0.0;0.0;0.0;7.621289842063561e-05,3.999999975690116e-08;0.0;0.0;0.0;3.999999975690116e-08;0.0;0.0;0.0;3.999999975690116e-08
31,340000000,31.34,imu_link,0.015906404636663887,0.008859137839534566,0.0035324309040501555,3.9074855937834863e-05,0.00014088493557803952,9.800361184949704,-4.6155707958685516e-10,5.330484785059341e-08,-4.989105560759117e-08,0.9999999999999973,0.0;0.0;0.0;0.0;0.0;0.0;0.0;0.0;0.0,7.621289842063561e-05;0.0;0.0;0.0;7.621289842063561e-05;0.0;0.0;0.0;7.621289842063561e-05,3.999999975690116e-08;0.0;0.0;0.0;3.999999975690116e-08;0.0;0.0;0.0;3.999999975690116e-08
31,360000000,31.36,imu_link,0.015398157525650543,0.012767279100781678,-0.012654978124799526,3.416612178358792e-05,-0.00011684586400974629,9.800576553969501,-4.615570794102039e-10,5.3304847850733833e-08,-4.989105560760108e-08,0.9999999999999973,0.0;0.0;0.0;0.0;0.0;0.0;0.0;0.0;0.0,7.621289842063561e-05;0.0;0.0;0.0;7.621289842063561e-05;0.0;0.0;0.0;7.621289842063561e-05,3.999999975690116e-08;0.0;0.0;0.0;3.999999975690116e-08;0.0;0.0;0.0;3.999999975690116e-08
31,380000000,31.38,imu_link,-0.006259553522941137,-0.007871560304632135,-0.004211188708392174,7.055837912379922e-06,-0.0005035775222904686,9.800229661321948,-4.615570793556562e-10,5.330484785086154e-08,-4.9891055607610576e-08,0.9999999999999973,0.0;0.0;0.0;0.0;0.0;0.0;0.0;0.0;0.0,7.621289842063561e-05;0.0;0.0;0.0;7.621289842063561e-05;0.0;0.0;0.0;7.621289842063561e-05,3.999999975690116e-08;0.0;0.0;0.0;3.999999975690116e-08;0.0;0.0;0.0;3.999999975690116e-08
31,400000000,31.4,imu_link,0.0038470775265065614,-0.007211240927977285,0.0046964947631237,1.7696611740000955e-05,0.00025928848868460503,9.800487951797356,-4.6155707947456544e-10,5.330484785038196e-08,-4.9891055607621944e-08,0.9999999999999973,0.0;0.0;0.0;0.0;0.0;0.0;0.0;0.0;0.0,7.621289842063561e-05;0.0;0.0;0.0;7.621289842063561e-05;0.0;0.0;0.0;7.621289842063561e-05,3.999999975690116e-08;0.0;0.0;0.0;3.999999975690116e-08;0.0;0.0;0.0;3.999999975690116e-08
31,420000000,31.42,imu_link,-0.012037765727973597,0.01011970531986721,-0.012737647380804545,-7.976632121452465e-05,-7.24477993921007e-05,9.799921653245386,-4.615570796579532e-10,5.330484785073966e-08,-4.989105560763334e-08,0.9999999999999973,0.0;0.0;0.0;0.0;0.0;0.0;0.0;0.0;0.0,7.621289842063561e-05;0.0;0.0;0.0;7.621289842063561e-05;0.0;0.0;0.0;7.621289842063561e-05,3.999999975690116e-08;0.0;0.0;0.0;3.999999975690116e-08;0.0;0.0;0.0;3.999999975690116e-08
31,440000000,31.44,imu_link,-0.007712196621627184,0.004019657596082489,-0.005357081445742961,-0.0002586390302555408,2.220215117900546e-05,9.799880523371584,-4.615570794681651e-10,5.330484785086263e-08,-4.9891055607643345e-08,0.9999999999999973,0.0;0.0;0.0;0.0;0.0;0.0;0.0;0.0;0.0,7.621289842063561e-05;0.0;0.0;0.0;7.621289842063561e-05;0.0;0.0;0.0;7.621289842063561e-05,3.999999975690116e-08;0.0;0.0;0.0;3.999999975690116e-08;0.0;0.0;0.0;3.999999975690116e-08
31,460000000,31.46,imu_link,0.016098130363107335,0.01262379075104607,0.0043392158023975265,0.0002390594697156897,-0.00026362295530793403,9.79981532716441,-4.615570794287599e-10,5.330484785050669e-08,-4.9891055607657023e-08,0.9999999999999973,0.0;0.0;0.0;0.0;0.0;0.0;0.0;0.0;0.0,7.621289842063561e-05;0.0;0.0;0.0;7.621289842063561e-05;0.0;0.0;0.0;7.621289842063561e-05,3.999999975690116e-08;0.0;0.0;0.0;3.999999975690116e-08;0.0;0.0;0.0;3.999999975690116e-08
31,480000000,31.48,imu_link,0.007916556085489076,0.013375979107453204,0.008054109441411992,-0.00018797286167206184,-5.332570682463795e-05,9.799847181377151,-4.61557079478132e-10,5.330484785068123e-08,-4.9891055607668816e-08,0.9999999999999973,0.0;0.0;0.0;0.0;0.0;0.0;0.0;0.0;0.0,7.621289842063561e-05;0.0;0.0;0.0;7.621289842063561e-05;0.0;0.0;0.0;7.621289842063561e-05,3.999999975690116e-08;0.0;0.0;0.0;3.999999975690116e-08;0.0;0.0;0.0;3.999999975690116e-08
31,500000000,31.5,imu_link,0.000477318016647355,0.013079950238219637,-0.0022188213566471976,0.000387262173698802,-7.740499490717263e-05,9.800039334333784,-4.6155707968538953e-10,5.330484785084178e-08,-4.989105560768275e-08,0.9999999999999973,0.0;0.0;0.0;0.0;0.0;0.0;0.0;0.0;0.0,7.621289842063561e-05;0.0;0.0;0.0;7.621289842063561e-05;0.0;0.0;0.0;7.621289842063561e-05,3.999999975690116e-08;0.0;0.0;0.0;3.999999975690116e-08;0.0;0.0;0.0;3.999999975690116e-08
31,520000000,31.52,imu_link,0.021035184221545575,0.01657843855789393,0.018859702841079736,-2.4031205586959594e-05,-0.0002740177153878796,9.799993235365928,-4.615570795498623e-10,5.330484785031587e-08,-4.989105560769508e-08,0.9999999999999973,0.0;0.0;0.0;0.0;0.0;0.0;0.0;0.0;0.0,7.621289842063561e-05;0.0;0.0;0.0;7.621289842063561e-05;0.0;0.0;0.0;7.621289842063561e-05,3.999999975690116e-08;0.0;0.0;0.0;3.999999975690116e-08;0.0;0.0;0.0;3.999999975690116e-08
31,540000000,31.54,imu_link,-0.012617367196056932,0.013528982176837085,-0.008169764079845172,0.00011793945043480229,0.0001151306532369787,9.799773263756823,-4.6155707950204536e-10,5.330484785043537e-08,-4.9891055607708256e-08,0.9999999999999973,0.0;0.0;0.0;0.0;0.0;0.0;0.0;0.0;0.0,7.621289842063561e-05;0.0;0.0;0.0;7.621289842063561e-05;0.0;0.0;0.0;7.621289842063561e-05,3.999999975690116e-08;0.0;0.0;0.0;3.999999975690116e-08;0.0;0.0;0.0;3.999999975690116e-08
31,560000000,31.56,imu_link,-0.004258051808546151,-0.0005978684208393253,-0.005300890912960277,0.00014274646129369106,9.305471026750058e-05,9.800022964532406,-4.615570795584103e-10,5.330484785060049e-08,-4.989105560772053e-08,0.9999999999999973,0.0;0.0;0.0;0.0;0.0;0.0;0.0;0.0;0.0,7.621289842063561e-05;0.0;0.0;0.0;7.621289842063561e-05;0.0;0.0;0.0;7.621289842063561e-05,3.999999975690116e-08;0.0;0.0;0.0;3.999999975690116e-08;0.0;0.0;0.0;3.999999975690116e-08
31,580000000,31.58,imu_link,-0.00263270014944237,-0.014411950702482272,-0.0036101191896781787,-0.00011550480204462976,-9.457804279565068e-05,9.800106087969784,-4.615570794818109e-10,5.330484785078542e-08,-4.989105560773203e-08,0.9999999999999973,0.0;0.0;0.0;0.0;0.0;0.0;0.0;0.0;0.0,7.621289842063561e-05;0.0;0.0;0.0;7.621289842063561e-05;0.0;0.0;0.0;7.621289842063561e-05,3.999999975690116e-08;0.0;0.0;0.0;3.999999975690116e-08;0.0;0.0;0.0;3.999999975690116e-08
31,600000000,31.6,imu_link,0.0007900605555180267,-0.011601838331775508,-0.007920427752201697,0.00023786276021921726,-0.00018887879506795393,9.800255256257074,-4.615570794439702e-10,5.3304847850438556e-08,-4.989105560774475e-08,0.9999999999999973,0.0;0.0;0.0;0.0;0.0;0.0;0.0;0.0;0.0,7.621289842063561e-05;0.0;0.0;0.0;7.621289842063561e-05;0.0;0.0;0.0;7.621289842063561e-05,3.999999975690116e-08;0.0;0.0;0.0;3.999999975690116e-08;0.0;0.0;0.0;3.999999975690116e-08
31,620000000,31.62,imu_link,-0.0013312961507561994,0.0010179640172058354,-0.009493477981602218,-5.531913490548162e-05,-0.0003906750920213867,9.800150432221978,-4.6155707942255677e-10,5.330484785055383e-08,-4.989105560775859e-08,0.9999999999999973,0.0;0.0;0.0;0.0;0.0;0.0;0.0;0.0;0.0,7.621289842063561e-05;0.0;0.0;0.0;7.621289842063561e-05;0.0;0.0;0.0;7.621289842063561e-05,3.999999975690116e-08;0.0;0.0;0.0;3.999999975690116e-08;0.0;0.0;0.0;3.999999975690116e-08
31,640000000,31.64,imu_link,-0.015187797962336462,-0.010691584093955887,-0.014245896230219756,7.527818547711052e-05,3.820260637682779e-05,9.80046710614999,-4.6155707938892443e-10,5.330484785066356e-08,-4.989105560777219e-08,0.9999999999999973,0.0;0.0;0.0;0.0;0.0;0.0;0.0;0.0;0.0,7.621289842063561e-05;0.0;0.0;0.0;7.621289842063561e-05;0.0;0.0;0.0;7.621289842063561e-05,3.999999975690116e-08;0.0;0.0;0.0;3.999999975690116e-08;0.0;0.0;0.0;3.999999975690116e-08
31,660000000,31.66,imu_link,-0.005011969454964229,-0.008739457186320394,0.00031040207646412755,2.7733204396988023e-05,-5.040530918116457e-05,9.799990470377255,-4.6155707960678013e-10,5.330484785037375e-08,-4.9891055607785395e-08,0.9999999999999973,0.0;0.0;0.0;0.0;0.0;0.0;0.0;0.0;0.0,7.621289842063561e-05;0.0;0.0;0.0;7.621289842063561e-05;0.0;0.0;0.0;7.621289842063561e-05,3.999999975690116e-08;0.0;0.0;0.0;3.999999975690116e-08;0.0;0.0;0.0;3.999999975690116e-08
31,680000000,31.68,imu_link,-0.004004489983803207,0.0030902298994403016,-0.006337899724325777,-0.00013457520627167395,3.768196811846806e-05,9.800472302200054,-4.615570795908527e-10,5.3304847850491675e-08,-4.9891055607799e-08,0.9999999999999973,0.0;0.0;0.0;0.0;0.0;0.0;0.0;0.0;0.0,7.621289842063561e-05;0.0;0.0;0.0;7.621289842063561e-05;0.0;0.0;0.0;7.621289842063561e-05,3.999999975690116e-08;0.0;0.0;0.0;3.999999975690116e-08;0.0;0.0;0.0;3.999999975690116e-08
31,700000000,31.7,imu_link,0.005231701042888362,-0.0013633853056313713,0.007881680447923912,8.693169775794069e-05,-2.3693711056005558e-05,9.800205152439068,-4.615570795449718e-10,5.3304847850492396e-08,-4.989105560781105e-08,0.9999999999999973,0.0;0.0;0.0;0.0;0.0;0.0;0.0;0.0;0.0,7.621289842063561e-05;0.0;0.0;0.0;7.621289842063561e-05;0.0;0.0;0.0;7.621289842063561e-05,3.999999975690116e-08;0.0;0.0;0.0;3.999999975690116e-08;0.0;0.0;0.0;3.999999975690116e-08
31,720000000,31.72,imu_link,-0.005813803140090725,0.013924347731558135,-0.018182647711410784,0.0003803655055393449,-0.00024155504402429188,9.800036757758791,-4.6155707934176e-10,5.33048478507985e-08,-4.989105560782355e-08,0.9999999999999973,0.0;0.0;0.0;0.0;0.0;0.0;0.0;0.0;0.0,7.621289842063561e-05;0.0;0.0;0.0;7.621289842063561e-05;0.0;0.0;0.0;7.621289842063561e-05,3.999999975690116e-08;0.0;0.0;0.0;3.999999975690116e-08;0.0;0.0;0.0;3.999999975690116e-08
31,740000000,31.74,imu_link,-0.008483658045823968,0.012149807319857545,0.004405022158293662,0.0002138466187805202,0.00011211223971869197,9.800023276706531,-4.615570794051948e-10,5.3304847850382176e-08,-4.989105560783519e-08,0.9999999999999973,0.0;0.0;0.0;0.0;0.0;0.0;0.0;0.0;0.0,7.621289842063561e-05;0.0;0.0;0.0;7.621289842063561e-05;0.0;0.0;0.0;7.621289842063561e-05,3.999999975690116e-08;0.0;0.0;0.0;3.999999975690116e-08;0.0;0.0;0.0;3.999999975690116e-08
31,760000000,31.76,imu_link,-0.0004062213606037765,-0.01823435528687249,-0.0011271098411242025,0.0001282877832120872,-0.00015318181600153713,9.800022170937371,-4.615570794898582e-10,5.3304847850482893e-08,-4.9891055607848334e-08,0.9999999999999973,0.0;0.0;0.0;0.0;0.0;0.0;0.0;0.0;0.0,7.621289842063561e-05;0.0;0.0;0.0;7.621289842063561e-05;0.0;0.0;0.0;7.621289842063561e-05,3.999999975690116e-08;0.0;0.0;0.0;3.999999975690116e-08;0.0;0.0;0.0;3.999999975690116e-08
31,780000000,31.78,imu_link,0.006875514615865839,-0.00962253137031442,0.010155668606454938,0.00032412539490623036,-0.00013997425752619672,9.799603208152933,-4.6155707964212576e-10,5.330484785071683e-08,-4.989105560786043e-08,0.9999999999999973,0.0;0.0;0.0;0.0;0.0;0.0;0.0;0.0;0.0,7.621289842063561e-05;0.0;0.0;0.0;7.621289842063561e-05;0.0;0.0;0.0;7.621289842063561e-05,3.999999975690116e-08;0.0;0.0;0.0;3.999999975690116e-08;0.0;0.0;0.0;3.999999975690116e-08
31,800000000,31.8,imu_link,-0.0013982890071757297,-0.01736140824909606,-0.002732026315877457,0.00031158344440441896,-7.802567701319091e-06,9.799908221634698,-4.6155707959138955e-10,5.3304847850370575e-08,-4.989105560787286e-08,0.9999999999999973,0.0;0.0;0.0;0.0;0.0;0.0;0.0;0.0;0.0,7.621289842063561e-05;0.0;0.0;0.0;7.621289842063561e-05;0.0;0.0;0.0;7.621289842063561e-05,3.999999975690116e-08;0.0;0.0;0.0;3.999999975690116e-08;0.0;0.0;0.0;3.999999975690116e-08
31,820000000,31.82,imu_link,0.009384128594895203,-0.0029241828945775882,0.01086928059157428,0.00018800000309141367,-8.572613626469014e-05,9.80019679402352,-4.615570794130818e-10,5.3304847850490424e-08,-4.9891055607884174e-08,0.9999999999999973,0.0;0.0;0.0;0.0;0.0;0.0;0.0;0.0;0.0,7.621289842063561e-05;0.0;0.0;0.0;7.621289842063561e-05;0.0;0.0;0.0;7.621289842063561e-05,3.999999975690116e-08;0.0;0.0;0.0;3.999999975690116e-08;0.0;0.0;0.0;3.999999975690116e-08
31,840000000,31.84,imu_link,-0.007932496050266193,-0.010202520712365085,0.006767843525555442,5.602296826439983e-05,-0.00013131410576204132,9.799991946477414,-4.61557079498626e-10,5.330484785065675e-08,-4.989105560789624e-08,0.9999999999999973,0.0;0.0;0.0;0.0;0.0;0.0;0.0;0.0;0.0,7.621289842063561e-05;0.0;0.0;0.0;7.621289842063561e-05;0.0;0.0;0.0;7.621289842063561e-05,3.999999975690116e-08;0.0;0.0;0.0;3.999999975690116e-08;0.0;0.0;0.0;3.999999975690116e-08
31,860000000,31.86,imu_link,0.010945199056713827,0.0030496640489940624,-0.031055478064802775,0.000393034940684686,-1.6130982455969304e-05,9.799906377365314,-4.6155707945505944e-10,5.330484785077373e-08,-4.989105560790976e-08,0.9999999999999973,0.0;0.0;0.0;0.0;0.0;0.0;0.0;0.0;0.0,7.621289842063561e-05;0.0;0.0;0.0;7.621289842063561e-05;0.0;0.0;0.0;7.621289842063561e-05,3.999999975690116e-08;0.0;0.0;0.0;3.999999975690116e-08;0.0;0.0;0.0;3.999999975690116e-08
31,880000000,31.88,imu_link,-0.014324161077665067,0.0011383782423416717,-0.001728147384178619,5.8553499198667775e-05,-0.00023586550231376614,9.79980669282073,-4.6155707940873355e-10,5.330484785089125e-08,-4.989105560792213e-08,0.9999999999999973,0.0;0.0;0.0;0.0;0.0;0.0;0.0;0.0;0.0,7.621289842063561e-05;0.0;0.0;0.0;7.621289842063561e-05;0.0;0.0;0.0;7.621289842063561e-05,3.999999975690116e-08;0.0;0.0;0.0;3.999999975690116e-08;0.0;0.0;0.0;3.999999975690116e-08
31,900000000,31.9,imu_link,0.00424432104313488,-0.0036198228463372,-0.0022661668429070298,6.523046314413727e-05,0.0003144203945839076,9.800109167579247,-4.615570795194902e-10,5.330484785041122e-08,-4.989105560793431e-08,0.9999999999999973,0.0;0.0;0.0;0.0;0.0;0.0;0.0;0.0;0.0,7.621289842063561e-05;0.0;0.0;0.0;7.621289842063561e-05;0.0;0.0;0.0;7.621289842063561e-05,3.999999975690116e-08;0.0;0.0;0.0;3.999999975690116e-08;0.0;0.0;0.0;3.999999975690116e-08
31,920000000,31.92,imu_link,0.008031627826449506,0.00591020276884735,-0.01351204635985051,-0.00021126581977302456,-0.000588808766808572,9.800067036593457,-4.615570794475237e-10,5.330484785070368e-08,-4.989105560794671e-08,0.9999999999999973,0.0;0.0;0.0;0.0;0.0;0.0;0.0;0.0;0.0,7.621289842063561e-05;0.0;0.0;0.0;7.621289842063561e-05;0.0;0.0;0.0;7.621289842063561e-05,3.999999975690116e-08;0.0;0.0;0.0;3.999999975690116e-08;0.0;0.0;0.0;3.999999975690116e-08
31,940000000,31.94,imu_link,0.0037584232660004034,0.016664583815553743,-0.0157685247435352,-0.000200800176827044,2.981242520802022e-05,9.799842185459553,-4.615570793621923e-10,5.3304847850895154e-08,-4.989105560795833e-08,0.9999999999999973,0.0;0.0;0.0;0.0;0.0;0.0;0.0;0.0;0.0,7.621289842063561e-05;0.0;0.0;0.0;7.621289842063561e-05;0.0;0.0;0.0;7.621289842063561e-05,3.999999975690116e-08;0.0;0.0;0.0;3.999999975690116e-08;0.0;0.0;0.0;3.999999975690116e-08
31,960000000,31.96,imu_link,0.004242406493783003,0.015570466366753096,-0.0051927140355587055,0.00046773286768589286,0.0002677620728985029,9.800264597297922,-4.6155707957947836e-10,5.330484785040975e-08,-4.989105560797e-08,0.9999999999999973,0.0;0.0;0.0;0.0;0.0;0.0;0.0;0.0;0.0,7.621289842063561e-05;0.0;0.0;0.0;7.621289842063561e-05;0.0;0.0;0.0;7.621289842063561e-05,3.999999975690116e-08;0.0;0.0;0.0;3.999999975690116e-08;0.0;0.0;0.0;3.999999975690116e-08
31,980000000,31.98,imu_link,0.017197681794835933,0.006421667576790688,0.011919159460261656,-0.00011213911564370194,-5.475401249760574e-05,9.800182198099419,-4.615570796325184e-10,5.33048478507059e-08,-4.9891055607980716e-08,0.9999999999999973,0.0;0.0;0.0;0.0;0.0;0.0;0.0;0.0;0.0,7.621289842063561e-05;0.0;0.0;0.0;7.621289842063561e-05;0.0;0.0;0.0;7.621289842063561e-05,3.999999975690116e-08;0.0;0.0;0.0;3.999999975690116e-08;0.0;0.0;0.0;3.999999975690116e-08
32,0,32.0,imu_link,0.005584770189968469,-0.008384414750563103,-0.0016980440444370757,0.00016271310673251298,-1.4852996314860121e-05,9.799857283487636,-4.6155707945302447e-10,5.330484785072329e-08,-4.989105560799162e-08,0.9999999999999973,0.0;0.0;0.0;0.0;0.0;0.0;0.0;0.0;0.0,7.621289842063561e-05;0.0;0.0;0.0;7.621289842063561e-05;0.0;0.0;0.0;7.621289842063561e-05,3.999999975690116e-08;0.0;0.0;0.0;3.999999975690116e-08;0.0;0.0;0.0;3.999999975690116e-08
32,20000000,32.02,imu_link,-0.009957020480601042,0.0005528630352051235,-0.01919175556900473,0.00011791193778896938,-7.580158873479961e-05,9.800182102778773,-4.615570794068136e-10,5.3304847850839666e-08,-4.989105560800443e-08,0.9999999999999973,0.0;0.0;0.0;0.0;0.0;0.0;0.0;0.0;0.0,7.621289842063561e-05;0.0;0.0;0.0;7.621289842063561e-05;0.0;0.0;0.0;7.621289842063561e-05,3.999999975690116e-08;0.0;0.0;0.0;3.999999975690116e-08;0.0;0.0;0.0;3.999999975690116e-08
32,40000000,32.04,imu_link,0.014710473073840987,0.004396519067035138,-0.005080863610520758,0.00017356578477419917,0.00010341972442028505,9.799839853081378,-4.6155707959259553e-10,5.330484785053677e-08,-4.9891055608017495e-08,0.9999999999999973,0.0;0.0;0.0;0.0;0.0;0.0;0.0;0.0;0.0,7.621289842063561e-05;0.0;0.0;0.0;7.621289842063561e-05;0.0;0.0;0.0;7.621289842063561e-05,3.999999975690116e-08;0.0;0.0;0.0;3.999999975690116e-08;0.0;0.0;0.0;3.999999975690116e-08
32,60000000,32.06,imu_link,0.0010830428786722773,0.014971724991947714,-0.0003810447015429105,9.983752322455219e-05,0.0002745503315701862,9.800187113545793,-4.615570793888208e-10,5.330484785066332e-08,-4.989105560802817e-08,0.9999999999999973,0.0;0.0;0.0;0.0;0.0;0.0;0.0;0.0;0.0,7.621289842063561e-05;0.0;0.0;0.0;7.621289842063561e-05;0.0;0.0;0.0;7.621289842063561e-05,3.999999975690116e-08;0.0;0.0;0.0;3.999999975690116e-08;0.0;0.0;0.0;3.999999975690116e-08
32,80000000,32.08,imu_link,-0.00023637984247306743,0.009147838288988122,0.003987253660504831,0.0002941885507704102,-0.000405895886798678,9.800261807420512,-4.6155707944364207e-10,5.330484785082786e-08,-4.9891055608040365e-08,0.9999999999999973,0.0;0.0;0.0;0.0;0.0;0.0;0.0;0.0;0.0,7.621289842063561e-05;0.0;0.0;0.0;7.621289842063561e-05;0.0;0.0;0.0;7.621289842063561e-05,3.999999975690116e-08;0.0;0.0;0.0;3.999999975690116e-08;0.0;0.0;0.0;3.999999975690116e-08
32,100000000,32.1,imu_link,-0.0043066409963468865,0.0070353183894119094,0.007840801426141544,7.745588111284315e-05,1.545093140243376e-05,9.800460308638234,-4.615570795503845e-10,5.330484785035672e-08,-4.989105560805086e-08,0.9999999999999973,0.0;0.0;0.0;0.0;0.0;0.0;0.0;0.0;0.0,7.621289842063561e-05;0.0;0.0;0.0;7.621289842063561e-05;0.0;0.0;0.0;7.621289842063561e-05,3.999999975690116e-08;0.0;0.0;0.0;3.999999975690116e-08;0.0;0.0;0.0;3.999999975690116e-08
32,120000000,32.12,imu_link,-0.004022075456451743,0.004656900293868144,0.0021417378579064532,4.215211916727655e-06,-5.427768226580102e-06,9.80017590371501,-4.615570794668415e-10,5.330484785066044e-08,-4.9891055608060377e-08,0.9999999999999973,0.0;0.0;0.0;0.0;0.0;0.0;0.0;0.0;0.0,7.621289842063561e-05;0.0;0.0;0.0;7.621289842063561e-05;0.0;0.0;0.0;7.621289842063561e-05,3.999999975690116e-08;0.0;0.0;0.0;3.999999975690116e-08;0.0;0.0;0.0;3.999999975690116e-08
32,140000000,32.14,imu_link,0.0064797679979038516,0.0009207247956463264,-0.012047374610385849,0.0004128473194183777,-0.00012565149772573035,9.800001108350287,-4.6155707942512387e-10,5.3304847850775166e-08,-4.9891055608070726e-08,0.9999999999999973,0.0;0.0;0.0;0.0;0.0;0.0;0.0;0.0;0.0,7.621289842063561e-05;0.0;0.0;0.0;7.621289842063561e-05;0.0;0.0;0.0;7.621289842063561e-05,3.999999975690116e-08;0.0;0.0;0.0;3.999999975690116e-08;0.0;0.0;0.0;3.999999975690116e-08
32,160000000,32.16,imu_link,9.913455106558443e-05,0.008938323537772325,-0.0073346580012381025,0.0001548780797799476,-9.495825520687753e-05,9.800169703480073,-4.615570795353149e-10,5.330484785029428e-08,-4.9891055608081175e-08,0.9999999999999973,0.0;0.0;0.0;0.0;0.0;0.0;0.0;0.0;0.0,7.621289842063561e-05;0.0;0.0;0.0;7.621289842063561e-05;0.0;0.0;0.0;7.621289842063561e-05,3.999999975690116e-08;0.0;0.0;0.0;3.999999975690116e-08;0.0;0.0;0.0;3.999999975690116e-08
32,180000000,32.18,imu_link,0.0034577754848237547,0.00017621230070206668,-0.014259937539065634,0.00011983417237840173,-0.00022142149253143195,9.800376458172398,-4.6155707949834885e-10,5.33048478504029e-08,-4.989105560809275e-08,0.9999999999999973,0.0;0.0;0.0;0.0;0.0;0.0;0.0;0.0;0.0,7.621289842063561e-05;0.0;0.0;0.0;7.621289842063561e-05;0.0;0.0;0.0;7.621289842063561e-05,3.999999975690116e-08;0.0;0.0;0.0;3.999999975690116e-08;0.0;0.0;0.0;3.999999975690116e-08
32,200000000,32.2,imu_link,-0.0041837772278788534,0.010083867774549221,-0.0012476259243548958,0.0002170614593469337,-8.991557341370794e-05,9.799895471933443,-4.6155707964938164e-10,5.330484785074665e-08,-4.9891055608102966e-08,0.9999999999999973,0.0;0.0;0.0;0.0;0.0;0.0;0.0;0.0;0.0,7.621289842063561e-05;0.0;0.0;0.0;7.621289842063561e-05;0.0;0.0;0.0;7.621289842063561e-05,3.999999975690116e-08;0.0;0.0;0.0;3.999999975690116e-08;0.0;0.0;0.0;3.999999975690116e-08
32,220000000,32.22,imu_link,-0.006092656259809414,-0.013174875073400438,0.012638876224040326,-0.00010991334039665736,-0.0001721747414739822,9.800151499055083,-4.615570794760323e-10,5.330484785074509e-08,-4.9891055608114375e-08,0.9999999999999973,0.0;0.0;0.0;0.0;0.0;0.0;0.0;0.0;0.0,7.621289842063561e-05;0.0;0.0;0.0;7.621289842063561e-05;0.0;0.0;0.0;7.621289842063561e-05,3.999999975690116e-08;0.0;0.0;0.0;3.999999975690116e-08;0.0;0.0;0.0;3.999999975690116e-08
32,240000000,32.24,imu_link,0.00607831565463404,-0.005674428124376677,0.005476439224198204,-9.815724476964477e-05,2.331655100142197e-05,9.80003800390428,-4.6155707957227517e-10,5.3304847850280856e-08,-4.989105560812428e-08,0.9999999999999973,0.0;0.0;0.0;0.0;0.0;0.0;0.0;0.0;0.0,7.621289842063561e-05;0.0;0.0;0.0;7.621289842063561e-05;0.0;0.0;0.0;7.621289842063561e-05,3.999999975690116e-08;0.0;0.0;0.0;3.999999975690116e-08;0.0;0.0;0.0;3.999999975690116e-08
32,260000000,32.26,imu_link,-0.007705558881721046,-0.006055272217223188,-0.008009520711232176,0.00020969239606609337,-0.0003590464066086157,9.800232878631263,-4.615570796044696e-10,5.330484785062986e-08,-4.989105560813405e-08,0.9999999999999973,0.0;0.0;0.0;0.0;0.0;0.0;0.0;0.0;0.0,7.621289842063561e-05;0.0;0.0;0.0;7.621289842063561e-05;0.0;0.0;0.0;7.621289842063561e-05,3.999999975690116e-08;0.0;0.0;0.0;3.999999975690116e-08;0.0;0.0;0.0;3.999999975690116e-08
32,280000000,32.28,imu_link,-0.018998455559587728,0.0022514454614592752,-0.0010208848492049766,0.00022453673455179413,-7.391639890402882e-05,9.800130310746683,-4.615570795627079e-10,5.3304847850630674e-08,-4.9891055608144756e-08,0.9999999999999973,0.0;0.0;0.0;0.0;0.0;0.0;0.0;0.0;0.0,7.621289842063561e-05;0.0;0.0;0.0;7.621289842063561e-05;0.0;0.0;0.0;7.621289842063561e-05,3.999999975690116e-08;0.0;0.0;0.0;3.999999975690116e-08;0.0;0.0;0.0;3.999999975690116e-08
32,300000000,32.3,imu_link,-0.010393775147026885,0.017463165486059102,-0.0012437132133529204,0.0004042207413499506,0.00010968178878784524,9.800269083073074,-4.615570795254315e-10,5.3304847850269686e-08,-4.989105560815554e-08,0.9999999999999973,0.0;0.0;0.0;0.0;0.0;0.0;0.0;0.0;0.0,7.621289842063561e-05;0.0;0.0;0.0;7.621289842063561e-05;0.0;0.0;0.0;7.621289842063561e-05,3.999999975690116e-08;0.0;0.0;0.0;3.999999975690116e-08;0.0;0.0;0.0;3.999999975690116e-08
32,320000000,32.32,imu_link,-0.00436880474023949,-0.004614760810149585,-0.01059623916455121,-6.439189763074592e-05,-9.938099362465097e-05,9.799952461976547,-4.615570794616801e-10,5.3304847850466475e-08,-4.98910556081639e-08,0.9999999999999973,0.0;0.0;0.0;0.0;0.0;0.0;0.0;0.0;0.0,7.621289842063561e-05;0.0;0.0;0.0;7.621289842063561e-05;0.0;0.0;0.0;7.621289842063561e-05,3.999999975690116e-08;0.0;0.0;0.0;3.999999975690116e-08;0.0;0.0;0.0;3.999999975690116e-08
32,340000000,32.34,imu_link,0.00791182850164003,0.006752367050674279,0.002223179855566677,0.00029924289196672386,-0.0002976331863018885,9.80003685314579,-4.6155707937839567e-10,5.330484785066056e-08,-4.989105560817259e-08,0.9999999999999973,0.0;0.0;0.0;0.0;0.0;0.0;0.0;0.0;0.0,7.621289842063561e-05;0.0;0.0;0.0;7.621289842063561e-05;0.0;0.0;0.0;7.621289842063561e-05,3.999999975690116e-08;0.0;0.0;0.0;3.999999975690116e-08;0.0;0.0;0.0;3.999999975690116e-08
32,360000000,32.36,imu_link,0.005938330035838643,-0.002408788185229278,0.01158605082087467,0.000301072663600463,-0.0003427872303857867,9.800149629814108,-4.6155707942028125e-10,5.33048478507086e-08,-4.989105560818194e-08,0.9999999999999973,0.0;0.0;0.0;0.0;0.0;0.0;0.0;0.0;0.0,7.621289842063561e-05;0.0;0.0;0.0;7.621289842063561e-05;0.0;0.0;0.0;7.621289842063561e-05,3.999999975690116e-08;0.0;0.0;0.0;3.999999975690116e-08;0.0;0.0;0.0;3.999999975690116e-08
32,380000000,32.38,imu_link,0.0005715101409731896,-0.002735875032362032,0.0023156503590501796,5.640136653943298e-05,0.00010610744864468604,9.800432961776885,-4.615570793943329e-10,5.33048478503599e-08,-4.9891055608193017e-08,0.9999999999999973,0.0;0.0;0.0;0.0;0.0;0.0;0.0;0.0;0.0,7.621289842063561e-05;0.0;0.0;0.0;7.621289842063561e-05;0.0;0.0;0.0;7.621289842063561e-05,3.999999975690116e-08;0.0;0.0;0.0;3.999999975690116e-08;0.0;0.0;0.0;3.999999975690116e-08
32,400000000,32.4,imu_link,-0.004443717330091268,0.005578404904144976,-0.0034532498749633555,0.00010669558458997085,-0.0002661726163003495,9.799984296005698,-4.615570794863986e-10,5.33048478503513e-08,-4.989105560820486e-08,0.9999999999999973,0.0;0.0;0.0;0.0;0.0;0.0;0.0;0.0;0.0,7.621289842063561e-05;0.0;0.0;0.0;7.621289842063561e-05;0.0;0.0;0.0;7.621289842063561e-05,3.999999975690116e-08;0.0;0.0;0.0;3.999999975690116e-08;0.0;0.0;0.0;3.999999975690116e-08
32,420000000,32.42,imu_link,0.0022036694164380703,-0.00835748506406815,-0.0019691866649000894,1.5024789660215943e-05,-0.0004762791031071117,9.80010369767757,-4.615570796597428e-10,5.330484785069601e-08,-4.989105560821626e-08,0.9999999999999973,0.0;0.0;0.0;0.0;0.0;0.0;0.0;0.0;0.0,7.621289842063561e-05;0.0;0.0;0.0;7.621289842063561e-05;0.0;0.0;0.0;7.621289842063561e-05,3.999999975690116e-08;0.0;0.0;0.0;3.999999975690116e-08;0.0;0.0;0.0;3.999999975690116e-08
32,440000000,32.44,imu_link,0.0041276306074804646,-0.0028629964295391807,-0.007795392160403533,-2.3274457445093396e-05,-0.00039344572864968884,9.80046143162955,-4.6155707939305837e-10,5.33048478502983e-08,-4.9891055608228665e-08,0.9999999999999973,0.0;0.0;0.0;0.0;0.0;0.0;0.0;0.0;0.0,7.621289842063561e-05;0.0;0.0;0.0;7.621289842063561e-05;0.0;0.0;0.0;7.621289842063561e-05,3.999999975690116e-08;0.0;0.0;0.0;3.999999975690116e-08;0.0;0.0;0.0;3.999999975690116e-08
32,460000000,32.46,imu_link,0.00931551260973477,-0.008695660416332792,0.0013344921388223439,0.00026308246904388347,5.624351706370843e-05,9.800198168204155,-4.6155707945721765e-10,5.330484785047124e-08,-4.9891055608238505e-08,0.9999999999999973,0.0;0.0;0.0;0.0;0.0;0.0;0.0;0.0;0.0,7.621289842063561e-05;0.0;0.0;0.0;7.621289842063561e-05;0.0;0.0;0.0;7.621289842063561e-05,3.999999975690116e-08;0.0;0.0;0.0;3.999999975690116e-08;0.0;0.0;0.0;3.999999975690116e-08
32,480000000,32.48,imu_link,-0.003809561651441755,0.0064368864845129785,0.0038624031059588926,-7.069459070850977e-06,-0.00013674628067069606,9.800268667681676,-4.615570796679924e-10,5.33048478506332e-08,-4.989105560825184e-08,0.9999999999999973,0.0;0.0;0.0;0.0;0.0;0.0;0.0;0.0;0.0,7.621289842063561e-05;0.0;0.0;0.0;7.621289842063561e-05;0.0;0.0;0.0;7.621289842063561e-05,3.999999975690116e-08;0.0;0.0;0.0;3.999999975690116e-08;0.0;0.0;0.0;3.999999975690116e-08
32,500000000,32.5,imu_link,0.0003718550102661353,-0.007568993404227788,-0.005682460419612548,5.419252351358167e-05,-0.0003771337814343515,9.799877220272124,-4.615570793924507e-10,5.330484785069051e-08,-4.9891055608265286e-08,0.9999999999999973,0.0;0.0;0.0;0.0;0.0;0.0;0.0;0.0;0.0,7.621289842063561e-05;0.0;0.0;0.0;7.621289842063561e-05;0.0;0.0;0.0;7.621289842063561e-05,3.999999975690116e-08;0.0;0.0;0.0;3.999999975690116e-08;0.0;0.0;0.0;3.999999975690116e-08
32,520000000,32.52,imu_link,-0.004395553593363845,0.008902138078245843,-0.0208579460710656,3.095818803168958e-05,-0.00043252653186044883,9.800187466687122,-4.6155707958952183e-10,5.330484785039143e-08,-4.989105560827846e-08,0.9999999999999973,0.0;0.0;0.0;0.0;0.0;0.0;0.0;0.0;0.0,7.621289842063561e-05;0.0;0.0;0.0;7.621289842063561e-05;0.0;0.0;0.0;7.621289842063561e-05,3.999999975690116e-08;0.0;0.0;0.0;3.999999975690116e-08;0.0;0.0;0.0;3.999999975690116e-08
32,540000000,32.54,imu_link,-0.008342886071673872,-0.01636930896481323,-0.00748084665032342,-6.839613092858509e-05,0.0002833057646372012,9.800408166465367,-4.6155707939484575e-10,5.3304847850389065e-08,-4.989105560829191e-08,0.9999999999999973,0.0;0.0;0.0;0.0;0.0;0.0;0.0;0.0;0.0,7.621289842063561e-05;0.0;0.0;0.0;7.621289842063561e-05;0.0;0.0;0.0;7.621289842063561e-05,3.999999975690116e-08;0.0;0.0;0.0;3.999999975690116e-08;0.0;0.0;0.0;3.999999975690116e-08
32,560000000,32.56,imu_link,0.008098548579764253,-0.01574447484072926,-0.0035499008891818036,0.0006865729036352275,5.391843782617113e-05,9.800129105301632,-4.6155707945220173e-10,5.3304847850564804e-08,-4.9891055608303746e-08,0.9999999999999973,0.0;0.0;0.0;0.0;0.0;0.0;0.0;0.0;0.0,7.621289842063561e-05;0.0;0.0;0.0;7.621289842063561e-05;0.0;0.0;0.0;7.621289842063561e-05,3.999999975690116e-08;0.0;0.0;0.0;3.999999975690116e-08;0.0;0.0;0.0;3.999999975690116e-08
32,580000000,32.58,imu_link,-0.014938964161277551,-0.002546328196795183,-0.00492436958819233,0.00010984661542995287,-0.00017945160531932663,9.80011417741702,-4.6155707936133853e-10,5.330484785086877e-08,-4.989105560831584e-08,0.9999999999999973,0.0;0.0;0.0;0.0;0.0;0.0;0.0;0.0;0.0,7.621289842063561e-05;0.0;0.0;0.0;7.621289842063561e-05;0.0;0.0;0.0;7.621289842063561e-05,3.999999975690116e-08;0.0;0.0;0.0;3.999999975690116e-08;0.0;0.0;0.0;3.999999975690116e-08
32,600000000,32.6,imu_link,-0.011035990812001963,0.006950508609648415,0.0025621454525643723,-0.00016372603738942413,-0.00018947337554822057,9.799832734211616,-4.615570796913892e-10,5.3304847850912405e-08,-4.9891055608328204e-08,0.9999999999999973,0.0;0.0;0.0;0.0;0.0;0.0;0.0;0.0;0.0,7.621289842063561e-05;0.0;0.0;0.0;7.621289842063561e-05;0.0;0.0;0.0;7.621289842063561e-05,3.999999975690116e-08;0.0;0.0;0.0;3.999999975690116e-08;0.0;0.0;0.0;3.999999975690116e-08
32,620000000,32.62,imu_link,0.010403986360803261,0.01042642425272393,-0.007368026601134315,-3.448612771436512e-05,-7.650773553757168e-05,9.800268081104305,-4.6155707941272413e-10,5.3304847850519885e-08,-4.9891055608340804e-08,0.9999999999999973,0.0;0.0;0.0;0.0;0.0;0.0;0.0;0.0;0.0,7.621289842063561e-05;0.0;0.0;0.0;7.621289842063561e-05;0.0;0.0;0.0;7.621289842063561e-05,3.999999975690116e-08;0.0;0.0;0.0;3.999999975690116e-08;0.0;0.0;0.0;3.999999975690116e-08
32,640000000,32.64,imu_link,-0.002345318143867677,-0.008116027067954366,0.004137744051299345,2.5102691777844025e-05,-0.00010685166425627184,9.800222722682078,-4.6155707936639333e-10,5.3304847850626816e-08,-4.989105560835273e-08,0.9999999999999973,0.0;0.0;0.0;0.0;0.0;0.0;0.0;0.0;0.0,7.621289842063561e-05;0.0;0.0;0.0;7.621289842063561e-05;0.0;0.0;0.0;7.621289842063561e-05,3.999999975690116e-08;0.0;0.0;0.0;3.999999975690116e-08;0.0;0.0;0.0;3.999999975690116e-08
32,660000000,32.66,imu_link,0.006074771984389024,0.010973070079083163,-0.0017723006957461648,0.0003458011980485889,-8.241689793242601e-05,9.799899605990346,-4.6155707956328914e-10,5.33048478503253e-08,-4.9891055608363283e-08,0.9999999999999973,0.0;0.0;0.0;0.0;0.0;0.0;0.0;0.0;0.0,7.621289842063561e-05;0.0;0.0;0.0;7.621289842063561e-05;0.0;0.0;0.0;7.621289842063561e-05,3.999999975690116e-08;0.0;0.0;0.0;3.999999975690116e-08;0.0;0.0;0.0;3.999999975690116e-08
32,680000000,32.68,imu_link,0.0033884878061198366,0.015242436843679989,-0.00038620443614201846,9.40776713868404e-05,-0.000256799702406431,9.800091325442432,-4.6155707939001006e-10,5.3304847850438226e-08,-4.9891055608376326e-08,0.9999999999999973,0.0;0.0;0.0;0.0;0.0;0.0;0.0;0.0;0.0,7.621289842063561e-05;0.0;0.0;0.0;7.621289842063561e-05;0.0;0.0;0.0;7.621289842063561e-05,3.999999975690116e-08;0.0;0.0;0.0;3.999999975690116e-08;0.0;0.0;0.0;3.999999975690116e-08
32,700000000,32.7,imu_link,-0.006167879437329689,0.0050602458639356146,0.0130671846847793,0.0003061427338090566,-4.2848351073211674e-05,9.800086173526754,-4.615570795968928e-10,5.3304847850487526e-08,-4.9891055608388675e-08,0.9999999999999973,0.0;0.0;0.0;0.0;0.0;0.0;0.0;0.0;0.0,7.621289842063561e-05;0.0;0.0;0.0;7.621289842063561e-05;0.0;0.0;0.0;7.621289842063561e-05,3.999999975690116e-08;0.0;0.0;0.0;3.999999975690116e-08;0.0;0.0;0.0;3.999999975690116e-08
32,720000000,32.72,imu_link,0.010441833088175171,0.0025490312464803147,0.0022717917194217427,0.00027897124370510935,1.2839128194300908e-06,9.80000646175957,-4.615570795141103e-10,5.330484785079167e-08,-4.9891055608403015e-08,0.9999999999999973,0.0;0.0;0.0;0.0;0.0;0.0;0.0;0.0;0.0,7.621289842063561e-05;0.0;0.0;0.0;7.621289842063561e-05;0.0;0.0;0.0;7.621289842063561e-05,3.999999975690116e-08;0.0;0.0;0.0;3.999999975690116e-08;0.0;0.0;0.0;3.999999975690116e-08
32,740000000,32.74,imu_link,-0.01290110636411995,-0.009148093377787818,0.001308655467524235,-0.00015966734750416008,-0.0001362896611771866,9.799882101824252,-4.6155707952447085e-10,5.33048478502604e-08,-4.989105560841393e-08,0.9999999999999973,0.0;0.0;0.0;0.0;0.0;0.0;0.0;0.0;0.0,7.621289842063561e-05;0.0;0.0;0.0;7.621289842063561e-05;0.0;0.0;0.0;7.621289842063561e-05,3.999999975690116e-08;0.0;0.0;0.0;3.999999975690116e-08;0.0;0.0;0.0;3.999999975690116e-08
32,760000000,32.76,imu_link,-0.0009790280535076025,-0.007475647487959913,-0.013368838337114804,0.00015279677913048495,-0.00020793521779422078,9.800059517178324,-4.615570794889621e-10,5.3304847850371945e-08,-4.9891055608426665e-08,0.9999999999999973,0.0;0.0;0.0;0.0;0.0;0.0;0.0;0.0;0.0,7.621289842063561e-05;0.0;0.0;0.0;7.621289842063561e-05;0.0;0.0;0.0;7.621289842063561e-05,3.999999975690116e-08;0.0;0.0;0.0;3.999999975690116e-08;0.0;0.0;0.0;3.999999975690116e-08
32,780000000,32.78,imu_link,0.004776269601823722,0.011496512451258446,0.0030785052704294497,-9.557502503677371e-06,-0.00011357524425279427,9.800207117357392,-4.615570796468078e-10,5.330484785072689e-08,-4.9891055608439444e-08,0.9999999999999973,0.0;0.0;0.0;0.0;0.0;0.0;0.0;0.0;0.0,7.621289842063561e-05;0.0;0.0;0.0;7.621289842063561e-05;0.0;0.0;0.0;7.621289842063561e-05,3.999999975690116e-08;0.0;0.0;0.0;3.999999975690116e-08;0.0;0.0;0.0;3.999999975690116e-08
32,800000000,32.8,imu_link,0.013320790677239095,0.012915483024330252,-0.00034503681155448877,0.00010364375614647571,2.8677141457046987e-05,9.799755737092735,-4.615570794714319e-10,5.3304847850737354e-08,-4.989105560845249e-08,0.9999999999999973,0.0;0.0;0.0;0.0;0.0;0.0;0.0;0.0;0.0,7.621289842063561e-05;0.0;0.0;0.0;7.621289842063561e-05;0.0;0.0;0.0;7.621289842063561e-05,3.999999975690116e-08;0.0;0.0;0.0;3.999999975690116e-08;0.0;0.0;0.0;3.999999975690116e-08
32,820000000,32.82,imu_link,-0.005779166472809453,0.009049135328549864,-0.00910166079792403,-0.0001021249540425907,0.00024528234274551956,9.799825552239401,-4.61557079555236e-10,5.3304847850266106e-08,-4.989105560846691e-08,0.9999999999999973,0.0;0.0;0.0;0.0;0.0;0.0;0.0;0.0;0.0,7.621289842063561e-05;0.0;0.0;0.0;7.621289842063561e-05;0.0;0.0;0.0;7.621289842063561e-05,3.999999975690116e-08;0.0;0.0;0.0;3.999999975690116e-08;0.0;0.0;0.0;3.999999975690116e-08
32,840000000,32.84,imu_link,-0.011849166392300162,0.0022421209301056685,-0.007680800270126419,-3.4042425740408175e-05,0.00022974545353718207,9.79996834552184,-4.6155707959594246e-10,5.330484785056299e-08,-4.989105560848e-08,0.9999999999999973,0.0;0.0;0.0;0.0;0.0;0.0;0.0;0.0;0.0,7.621289842063561e-05;0.0;0.0;0.0;7.621289842063561e-05;0.0;0.0;0.0;7.621289842063561e-05,3.999999975690116e-08;0.0;0.0;0.0;3.999999975690116e-08;0.0;0.0;0.0;3.999999975690116e-08
32,860000000,32.86,imu_link,0.015410618011113344,0.004268510058631256,-0.01191938148572916,-0.00018926330915332716,-0.0004297191161621171,9.799928936262365,-4.615570795401883e-10,5.3304847850561806e-08,-4.989105560849386e-08,0.9999999999999973,0.0;0.0;0.0;0.0;0.0;0.0;0.0;0.0;0.0,7.621289842063561e-05;0.0;0.0;0.0;7.621289842063561e-05;0.0;0.0;0.0;7.621289842063561e-05,3.999999975690116e-08;0.0;0.0;0.0;3.999999975690116e-08;0.0;0.0;0.0;3.999999975690116e-08
32,880000000,32.88,imu_link,0.014456166771859182,0.011413252949162166,0.0010429321797791656,-2.4402771944479517e-05,4.79333305355077e-05,9.80020282932578,-4.615570797096196e-10,5.330484785090632e-08,-4.9891055608506915e-08,0.9999999999999973,0.0;0.0;0.0;0.0;0.0;0.0;0.0;0.0;0.0,7.621289842063561e-05;0.0;0.0;0.0;7.621289842063561e-05;0.0;0.0;0.0;7.621289842063561e-05,3.999999975690116e-08;0.0;0.0;0.0;3.999999975690116e-08;0.0;0.0;0.0;3.999999975690116e-08
32,900000000,32.9,imu_link,0.02327482394598215,0.002531877171520574,-0.012864689252164796,2.0093033008599975e-05,-0.00037998383778463103,9.80035639421095,-4.615570794537092e-10,5.330484785032654e-08,-4.989105560851969e-08,0.9999999999999973,0.0;0.0;0.0;0.0;0.0;0.0;0.0;0.0;0.0,7.621289842063561e-05;0.0;0.0;0.0;7.621289842063561e-05;0.0;0.0;0.0;7.621289842063561e-05,3.999999975690116e-08;0.0;0.0;0.0;3.999999975690116e-08;0.0;0.0;0.0;3.999999975690116e-08
32,920000000,32.92,imu_link,0.009236812563866064,-0.0027416378300703114,-0.004691678756193123,-0.00012821994563409468,-2.2130334456467722e-05,9.800063419274709,-4.615570796392709e-10,5.330484785067472e-08,-4.9891055608535416e-08,0.9999999999999973,0.0;0.0;0.0;0.0;0.0;0.0;0.0;0.0;0.0,7.621289842063561e-05;0.0;0.0;0.0;7.621289842063561e-05;0.0;0.0;0.0;7.621289842063561e-05,3.999999975690116e-08;0.0;0.0;0.0;3.999999975690116e-08;0.0;0.0;0.0;3.999999975690116e-08
32,940000000,32.94,imu_link,0.0012849363359073488,-0.01236644647210451,-0.00018228309156153956,0.00013200240898855308,-1.0396039373745068e-05,9.800395788699108,-4.615570794757033e-10,5.330484785079768e-08,-4.989105560855219e-08,0.9999999999999973,0.0;0.0;0.0;0.0;0.0;0.0;0.0;0.0;0.0,7.621289842063561e-05;0.0;0.0;0.0;7.621289842063561e-05;0.0;0.0;0.0;7.621289842063561e-05,3.999999975690116e-08;0.0;0.0;0.0;3.999999975690116e-08;0.0;0.0;0.0;3.999999975690116e-08
32,960000000,32.96,imu_link,0.01005502286400266,-0.009781695916008783,0.0028096763947340945,-0.00010225890355199281,-0.0002715856194911982,9.800231842861884,-4.615570795580459e-10,5.330484785031425e-08,-4.989105560856824e-08,0.9999999999999973,0.0;0.0;0.0;0.0;0.0;0.0;0.0;0.0;0.0,7.621289842063561e-05;0.0;0.0;0.0;7.621289842063561e-05;0.0;0.0;0.0;7.621289842063561e-05,3.999999975690116e-08;0.0;0.0;0.0;3.999999975690116e-08;0.0;0.0;0.0;3.999999975690116e-08
32,980000000,32.98,imu_link,0.006102812037773017,0.010285403621128253,0.009516590627880838,0.00012182494754315153,-0.0002201440784454284,9.799838447578924,-4.615570795322121e-10,5.330484785042697e-08,-4.989105560858228e-08,0.9999999999999973,0.0;0.0;0.0;0.0;0.0;0.0;0.0;0.0;0.0,7.621289842063561e-05;0.0;0.0;0.0;7.621289842063561e-05;0.0;0.0;0.0;7.621289842063561e-05,3.999999975690116e-08;0.0;0.0;0.0;3.999999975690116e-08;0.0;0.0;0.0;3.999999975690116e-08
33,0,33.0,imu_link,-0.0007112283969194402,0.015431146478777904,0.0012348687554794824,4.0988469878164936e-05,-0.00017329000466197316,9.800210565759318,-4.6155707944940984e-10,5.330484785061481e-08,-4.989105560859737e-08,0.9999999999999973,0.0;0.0;0.0;0.0;0.0;0.0;0.0;0.0;0.0,7.621289842063561e-05;0.0;0.0;0.0;7.621289842063561e-05;0.0;0.0;0.0;7.621289842063561e-05,3.999999975690116e-08;0.0;0.0;0.0;3.999999975690116e-08;0.0;0.0;0.0;3.999999975690116e-08
33,20000000,33.02,imu_link,-0.021299358376452446,0.006065338086369044,-0.006921124676528924,3.110135677906763e-05,0.00015927319799609384,9.799958932804001,-4.61557079506009e-10,5.330484785080275e-08,-4.98910556086133e-08,0.9999999999999973,0.0;0.0;0.0;0.0;0.0;0.0;0.0;0.0;0.0,7.621289842063561e-05;0.0;0.0;0.0;7.621289842063561e-05;0.0;0.0;0.0;7.621289842063561e-05,3.999999975690116e-08;0.0;0.0;0.0;3.999999975690116e-08;0.0;0.0;0.0;3.999999975690116e-08
33,40000000,33.04,imu_link,0.006081495388548761,0.002280392335713436,-0.009168481138265065,0.00030680977593631055,-0.0002883849637894125,9.800413971148,-4.6155707959266145e-10,5.330484785044931e-08,-4.989105560862726e-08,0.9999999999999973,0.0;0.0;0.0;0.0;0.0;0.0;0.0;0.0;0.0,7.621289842063561e-05;0.0;0.0;0.0;7.621289842063561e-05;0.0;0.0;0.0;7.621289842063561e-05,3.999999975690116e-08;0.0;0.0;0.0;3.999999975690116e-08;0.0;0.0;0.0;3.999999975690116e-08
33,60000000,33.06,imu_link,-0.012153577417053037,-0.011968014899809826,0.015474031122201842,0.0002815815065333447,8.73291221149877e-05,9.80017077916774,-4.615570794280399e-10,5.330484785057625e-08,-4.989105560864077e-08,0.9999999999999973,0.0;0.0;0.0;0.0;0.0;0.0;0.0;0.0;0.0,7.621289842063561e-05;0.0;0.0;0.0;7.621289842063561e-05;0.0;0.0;0.0;7.621289842063561e-05,3.999999975690116e-08;0.0;0.0;0.0;3.999999975690116e-08;0.0;0.0;0.0;3.999999975690116e-08
33,80000000,33.08,imu_link,0.015162634875096464,0.0025543782834237683,-0.012121695199585416,0.0003047017013111277,-0.0003649349334366307,9.80014903396721,-4.615570795391832e-10,5.330484785068247e-08,-4.989105560865563e-08,0.9999999999999973,0.0;0.0;0.0;0.0;0.0;0.0;0.0;0.0;0.0,7.621289842063561e-05;0.0;0.0;0.0;7.621289842063561e-05;0.0;0.0;0.0;7.621289842063561e-05,3.999999975690116e-08;0.0;0.0;0.0;3.999999975690116e-08;0.0;0.0;0.0;3.999999975690116e-08
33,100000000,33.1,imu_link,0.002897414624696103,-0.004454532410597771,-0.0033627821682343873,-9.11781373793444e-05,-0.00022638863115326545,9.800162236240434,-4.615570793712871e-10,5.3304847850344906e-08,-4.9891055608671974e-08,0.9999999999999973,0.0;0.0;0.0;0.0;0.0;0.0;0.0;0.0;0.0,7.621289842063561e-05;0.0;0.0;0.0;7.621289842063561e-05;0.0;0.0;0.0;7.621289842063561e-05,3.999999975690116e-08;0.0;0.0;0.0;3.999999975690116e-08;0.0;0.0;0.0;3.999999975690116e-08
33,120000000,33.12,imu_link,0.0014633586593331917,-0.0014827009929862206,0.00016092376313721257,0.00031970031620627977,-0.0002340561828877816,9.799981994632416,-4.615570795814215e-10,5.330484785050422e-08,-4.989105560868631e-08,0.9999999999999973,0.0;0.0;0.0;0.0;0.0;0.0;0.0;0.0;0.0,7.621289842063561e-05;0.0;0.0;0.0;7.621289842063561e-05;0.0;0.0;0.0;7.621289842063561e-05,3.999999975690116e-08;0.0;0.0;0.0;3.999999975690116e-08;0.0;0.0;0.0;3.999999975690116e-08
33,140000000,33.14,imu_link,-0.0008939296432041832,-0.0056113335055370936,0.020946630660307154,4.6838738641453314e-05,0.00024269843954771692,9.80009262657286,-4.615570795524628e-10,5.330484785051098e-08,-4.989105560870092e-08,0.9999999999999973,0.0;0.0;0.0;0.0;0.0;0.0;0.0;0.0;0.0,7.621289842063561e-05;0.0;0.0;0.0;7.621289842063561e-05;0.0;0.0;0.0;7.621289842063561e-05,3.999999975690116e-08;0.0;0.0;0.0;3.999999975690116e-08;0.0;0.0;0.0;3.999999975690116e-08
33,160000000,33.16,imu_link,0.014618209186436849,-0.012608447428381324,0.0024049816072323144,0.0004976011773856715,2.1477822854275763e-05,9.800018461499285,-4.615570794942198e-10,5.330484785081334e-08,-4.989105560871494e-08,0.9999999999999973,0.0;0.0;0.0;0.0;0.0;0.0;0.0;0.0;0.0,7.621289842063561e-05;0.0;0.0;0.0;7.621289842063561e-05;0.0;0.0;0.0;7.621289842063561e-05,3.999999975690116e-08;0.0;0.0;0.0;3.999999975690116e-08;0.0;0.0;0.0;3.999999975690116e-08
33,180000000,33.18,imu_link,0.0065345141997105675,0.00834131670050134,-0.012508793661543081,0.00046850924957814096,-0.0001304350483077478,9.799966264024615,-4.615570794539904e-10,5.330484785046439e-08,-4.98910556087295e-08,0.9999999999999973,0.0;0.0;0.0;0.0;0.0;0.0;0.0;0.0;0.0,7.621289842063561e-05;0.0;0.0;0.0;7.621289842063561e-05;0.0;0.0;0.0;7.621289842063561e-05,3.999999975690116e-08;0.0;0.0;0.0;3.999999975690116e-08;0.0;0.0;0.0;3.999999975690116e-08
33,200000000,33.2,imu_link,0.004833068532699263,-0.006216797737133881,0.001789020848340338,0.00020507345423591262,-0.00024315598282966552,9.799993825642765,-4.615570794129517e-10,5.3304847850572646e-08,-4.9891055608743906e-08,0.9999999999999973,0.0;0.0;0.0;0.0;0.0;0.0;0.0;0.0;0.0,7.621289842063561e-05;0.0;0.0;0.0;7.621289842063561e-05;0.0;0.0;0.0;7.621289842063561e-05,3.999999975690116e-08;0.0;0.0;0.0;3.999999975690116e-08;0.0;0.0;0.0;3.999999975690116e-08
33,220000000,33.22,imu_link,0.008079219602579298,-0.006722639282386589,0.01255447376390384,-7.048155249007751e-05,-0.0003751980218513937,9.800330460742396,-4.615570793775144e-10,5.33048478506862e-08,-4.989105560875733e-08,0.9999999999999973,0.0;0.0;0.0;0.0;0.0;0.0;0.0;0.0;0.0,7.621289842063561e-05;0.0;0.0;0.0;7.621289842063561e-05;0.0;0.0;0.0;7.621289842063561e-05,3.999999975690116e-08;0.0;0.0;0.0;3.999999975690116e-08;0.0;0.0;0.0;3.999999975690116e-08
33,240000000,33.24,imu_link,0.02029767700867437,-0.0038418499864839827,0.007673588962579709,0.0002907326392228775,-0.00040059290762633343,9.800408200579216,-4.615570795900457e-10,5.33048478503924e-08,-4.989105560876979e-08,0.9999999999999973,0.0;0.0;0.0;0.0;0.0;0.0;0.0;0.0;0.0,7.621289842063561e-05;0.0;0.0;0.0;7.621289842063561e-05;0.0;0.0;0.0;7.621289842063561e-05,3.999999975690116e-08;0.0;0.0;0.0;3.999999975690116e-08;0.0;0.0;0.0;3.999999975690116e-08
33,260000000,33.26,imu_link,0.0077800341545540014,-0.017538837827568522,0.000731846701194996,0.000386593143417127,-2.266116685051205e-05,9.799818917584815,-4.6155707955260616e-10,5.3304847850493554e-08,-4.9891055608782115e-08,0.9999999999999973,0.0;0.0;0.0;0.0;0.0;0.0;0.0;0.0;0.0,7.621289842063561e-05;0.0;0.0;0.0;7.621289842063561e-05;0.0;0.0;0.0;7.621289842063561e-05,3.999999975690116e-08;0.0;0.0;0.0;3.999999975690116e-08;0.0;0.0;0.0;3.999999975690116e-08
33,280000000,33.28,imu_link,-0.0031241220638218055,0.015924666460715303,-0.0016236741544393466,-8.576947089815651e-05,-0.00041176021843040067,9.800090165934668,-4.615570795885421e-10,5.3304847850733106e-08,-4.9891055608796786e-08,0.9999999999999973,0.0;0.0;0.0;0.0;0.0;0.0;0.0;0.0;0.0,7.621289842063561e-05;0.0;0.0;0.0;7.621289842063561e-05;0.0;0.0;0.0;7.621289842063561e-05,3.999999975690116e-08;0.0;0.0;0.0;3.999999975690116e-08;0.0;0.0;0.0;3.999999975690116e-08
33,300000000,33.3,imu_link,0.006791555832916134,0.0015148635858888368,-0.0017408753199577433,0.0001587667127922978,-4.697096808739322e-05,9.799839773028214,-4.6155707966870933e-10,5.330484785072254e-08,-4.989105560881083e-08,0.9999999999999973,0.0;0.0;0.0;0.0;0.0;0.0;0.0;0.0;0.0,7.621289842063561e-05;0.0;0.0;0.0;7.621289842063561e-05;0.0;0.0;0.0;7.621289842063561e-05,3.999999975690116e-08;0.0;0.0;0.0;3.999999975690116e-08;0.0;0.0;0.0;3.999999975690116e-08
33,320000000,33.32,imu_link,-0.0054127510363629295,0.005673263520810124,-0.0016878977038974829,0.00016486466773043092,0.00023682382624812904,9.800288011474793,-4.615570793924065e-10,5.3304847850322394e-08,-4.989105560882494e-08,0.9999999999999973,0.0;0.0;0.0;0.0;0.0;0.0;0.0;0.0;0.0,7.621289842063561e-05;0.0;0.0;0.0;7.621289842063561e-05;0.0;0.0;0.0;7.621289842063561e-05,3.999999975690116e-08;0.0;0.0;0.0;3.999999975690116e-08;0.0;0.0;0.0;3.999999975690116e-08
33,340000000,33.34,imu_link,-0.012568652291843658,0.012214858898870232,-0.009056156471643559,0.0003679484414702691,0.00016169038553431664,9.799626146598081,-4.615570795019814e-10,5.330484785043103e-08,-4.9891055608837556e-08,0.9999999999999973,0.0;0.0;0.0;0.0;0.0;0.0;0.0;0.0;0.0,7.621289842063561e-05;0.0;0.0;0.0;7.621289842063561e-05;0.0;0.0;0.0;7.621289842063561e-05,3.999999975690116e-08;0.0;0.0;0.0;3.999999975690116e-08;0.0;0.0;0.0;3.999999975690116e-08
33,360000000,33.36,imu_link,-0.009137190798429801,-0.004071980578395961,0.006978736925397936,-1.6243922613709308e-05,-0.00013009150470559262,9.800132264909386,-4.6155707941759214e-10,5.330484785073777e-08,-4.989105560885242e-08,0.9999999999999973,0.0;0.0;0.0;0.0;0.0;0.0;0.0;0.0;0.0,7.621289842063561e-05;0.0;0.0;0.0;7.621289842063561e-05;0.0;0.0;0.0;7.621289842063561e-05,3.999999975690116e-08;0.0;0.0;0.0;3.999999975690116e-08;0.0;0.0;0.0;3.999999975690116e-08
33,380000000,33.38,imu_link,0.003690544449565853,-0.005278022129757434,0.010539980610774604,7.439074249560905e-05,-0.0001418800450762744,9.800146917723655,-4.615570794681522e-10,5.330484785033315e-08,-4.989105560886645e-08,0.9999999999999973,0.0;0.0;0.0;0.0;0.0;0.0;0.0;0.0;0.0,7.621289842063561e-05;0.0;0.0;0.0;7.621289842063561e-05;0.0;0.0;0.0;7.621289842063561e-05,3.999999975690116e-08;0.0;0.0;0.0;3.999999975690116e-08;0.0;0.0;0.0;3.999999975690116e-08
33,400000000,33.4,imu_link,0.001398742376376281,-0.010824110931417366,2.328229412851504e-05,-3.1696107470627425e-05,3.926218181732902e-05,9.799841725373732,-4.615570794240945e-10,5.330484785044923e-08,-4.989105560888076e-08,0.9999999999999973,0.0;0.0;0.0;0.0;0.0;0.0;0.0;0.0;0.0,7.621289842063561e-05;0.0;0.0;0.0;7.621289842063561e-05;0.0;0.0;0.0;7.621289842063561e-05,3.999999975690116e-08;0.0;0.0;0.0;3.999999975690116e-08;0.0;0.0;0.0;3.999999975690116e-08
33,420000000,33.42,imu_link,0.0008954742413717834,0.013417859573726655,-0.022379968069325316,0.00012834987718815787,-6.482789292457146e-05,9.799597555721318,-4.6155707939327664e-10,5.330484785056582e-08,-4.989105560889582e-08,0.9999999999999973,0.0;0.0;0.0;0.0;0.0;0.0;0.0;0.0;0.0,7.621289842063561e-05;0.0;0.0;0.0;7.621289842063561e-05;0.0;0.0;0.0;7.621289842063561e-05,3.999999975690116e-08;0.0;0.0;0.0;3.999999975690116e-08;0.0;0.0;0.0;3.999999975690116e-08
33,440000000,33.44,imu_link,0.013856423528501523,0.010149306036476239,-0.019748380398007952,-0.00015943639423813107,-0.00025519804515758334,9.799936841164543,-4.6155707945567103e-10,5.330484785073126e-08,-4.9891055608911466e-08,0.9999999999999973,0.0;0.0;0.0;0.0;0.0;0.0;0.0;0.0;0.0,7.621289842063561e-05;0.0;0.0;0.0;7.621289842063561e-05;0.0;0.0;0.0;7.621289842063561e-05,3.999999975690116e-08;0.0;0.0;0.0;3.999999975690116e-08;0.0;0.0;0.0;3.999999975690116e-08
33,460000000,33.46,imu_link,-0.0051192368974060255,-0.007338543568506504,-0.004523380008200339,0.00031758839745675094,8.370778356690125e-05,9.800066105305419,-4.6155707941297497e-10,5.33048478508452e-08,-4.989105560892816e-08,0.9999999999999973,0.0;0.0;0.0;0.0;0.0;0.0;0.0;0.0;0.0,7.621289842063561e-05;0.0;0.0;0.0;7.621289842063561e-05;0.0;0.0;0.0;7.621289842063561e-05,3.999999975690116e-08;0.0;0.0;0.0;3.999999975690116e-08;0.0;0.0;0.0;3.999999975690116e-08
33,480000000,33.48,imu_link,0.002242462942931414,0.013576774620828623,-0.00014281613204614188,0.0004372829971956479,-3.1370526192638255e-05,9.799965956309151,-4.615570794901808e-10,5.3304847850547877e-08,-4.9891055608943455e-08,0.9999999999999973,0.0;0.0;0.0;0.0;0.0;0.0;0.0;0.0;0.0,7.621289842063561e-05;0.0;0.0;0.0;7.621289842063561e-05;0.0;0.0;0.0;7.621289842063561e-05,3.999999975690116e-08;0.0;0.0;0.0;3.999999975690116e-08;0.0;0.0;0.0;3.999999975690116e-08
33,500000000,33.5,imu_link,-0.01566088624106146,-0.016432013178815187,0.0028357292885102816,-7.789075692966236e-05,2.9845348442163018e-05,9.800213069979693,-4.615570794517056e-10,5.330484785065222e-08,-4.9891055608957636e-08,0.9999999999999973,0.0;0.0;0.0;0.0;0.0;0.0;0.0;0.0;0.0,7.621289842063561e-05;0.0;0.0;0.0;7.621289842063561e-05;0.0;0.0;0.0;7.621289842063561e-05,3.999999975690116e-08;0.0;0.0;0.0;3.999999975690116e-08;0.0;0.0;0.0;3.999999975690116e-08
33,520000000,33.52,imu_link,-0.003453362283556139,0.001632468075070095,0.0035272093976187664,2.35313157630825e-05,-1.2897191038531506e-05,9.800065134976979,-4.615570795623208e-10,5.330484785063831e-08,-4.9891055608971784e-08,0.9999999999999973,0.0;0.0;0.0;0.0;0.0;0.0;0.0;0.0;0.0,7.621289842063561e-05;0.0;0.0;0.0;7.621289842063561e-05;0.0;0.0;0.0;7.621289842063561e-05,3.999999975690116e-08;0.0;0.0;0.0;3.999999975690116e-08;0.0;0.0;0.0;3.999999975690116e-08
33,540000000,33.54,imu_link,0.001468890208133727,0.0031537685243887,-0.0009487308729900883,0.0002974315191431241,-0.0002442372559358785,9.800163676886788,-4.615570795282197e-10,5.330484785028966e-08,-4.989105560898645e-08,0.9999999999999973,0.0;0.0;0.0;0.0;0.0;0.0;0.0;0.0;0.0,7.621289842063561e-05;0.0;0.0;0.0;7.621289842063561e-05;0.0;0.0;0.0;7.621289842063561e-05,3.999999975690116e-08;0.0;0.0;0.0;3.999999975690116e-08;0.0;0.0;0.0;3.999999975690116e-08
33,560000000,33.56,imu_link,0.013252175347893752,0.0050510083669266116,0.0015531198071141344,0.00019945550285608307,-0.00014138122605591113,9.79982918428786,-4.6155707950374393e-10,5.330484785040987e-08,-4.989105560899976e-08,0.9999999999999973,0.0;0.0;0.0;0.0;0.0;0.0;0.0;0.0;0.0,7.621289842063561e-05;0.0;0.0;0.0;7.621289842063561e-05;0.0;0.0;0.0;7.621289842063561e-05,3.999999975690116e-08;0.0;0.0;0.0;3.999999975690116e-08;0.0;0.0;0.0;3.999999975690116e-08
33,580000000,33.58,imu_link,0.008060951762825053,-0.008530928043785144,-0.009407909282873536,0.0002307293459403513,-0.00019482481130206838,9.800152571195575,-4.615570794317387e-10,5.3304847850711275e-08,-4.989105560901316e-08,0.9999999999999973,0.0;0.0;0.0;0.0;0.0;0.0;0.0;0.0;0.0,7.621289842063561e-05;0.0;0.0;0.0;7.621289842063561e-05;0.0;0.0;0.0;7.621289842063561e-05,3.999999975690116e-08;0.0;0.0;0.0;3.999999975690116e-08;0.0;0.0;0.0;3.999999975690116e-08
33,600000000,33.6,imu_link,0.011025675026379304,-0.008448370641715006,0.006098727193150133,0.00045698901308677525,3.1988707116979926e-05,9.80007252527178,-4.615570795062497e-10,5.3304847850877644e-08,-4.989105560902712e-08,0.9999999999999973,0.0;0.0;0.0;0.0;0.0;0.0;0.0;0.0;0.0,7.621289842063561e-05;0.0;0.0;0.0;7.621289842063561e-05;0.0;0.0;0.0;7.621289842063561e-05,3.999999975690116e-08;0.0;0.0;0.0;3.999999975690116e-08;0.0;0.0;0.0;3.999999975690116e-08
33,620000000,33.62,imu_link,-0.00019527128246845624,-0.013630409198728584,-0.010190900483301566,0.00030144919490806307,5.565462389367807e-06,9.79986680475159,-4.615570795055885e-10,5.330484785033897e-08,-4.989105560904048e-08,0.9999999999999973,0.0;0.0;0.0;0.0;0.0;0.0;0.0;0.0;0.0,7.621289842063561e-05;0.0;0.0;0.0;7.621289842063561e-05;0.0;0.0;0.0;7.621289842063561e-05,3.999999975690116e-08;0.0;0.0;0.0;3.999999975690116e-08;0.0;0.0;0.0;3.999999975690116e-08
33,640000000,33.64,imu_link,-0.008845827918531573,0.005606270029299658,0.009036954803644567,8.762112671286039e-05,-1.5730928670116407e-05,9.800171694098173,-4.615570795905628e-10,5.3304847850502706e-08,-4.9891055609051696e-08,0.9999999999999973,0.0;0.0;0.0;0.0;0.0;0.0;0.0;0.0;0.0,7.621289842063561e-05;0.0;0.0;0.0;7.621289842063561e-05;0.0;0.0;0.0;7.621289842063561e-05,3.999999975690116e-08;0.0;0.0;0.0;3.999999975690116e-08;0.0;0.0;0.0;3.999999975690116e-08
33,660000000,33.66,imu_link,0.011349615333370392,-0.0013058331947746699,0.006574538865021544,0.000352989703178307,-0.00031436558431907255,9.800203228972757,-4.615570795609525e-10,5.330484785061665e-08,-4.989105560906575e-08,0.9999999999999973,0.0;0.0;0.0;0.0;0.0;0.0;0.0;0.0;0.0,7.621289842063561e-05;0.0;0.0;0.0;7.621289842063561e-05;0.0;0.0;0.0;7.621289842063561e-05,3.999999975690116e-08;0.0;0.0;0.0;3.999999975690116e-08;0.0;0.0;0.0;3.999999975690116e-08
33,680000000,33.68,imu_link,-0.012200994954520417,-0.010299149340558646,0.0019036212339156242,-8.225893889489538e-06,-0.0001877765253907296,9.80007890253573,-4.615570795216017e-10,5.3304847850275106e-08,-4.9891055609077994e-08,0.9999999999999973,0.0;0.0;0.0;0.0;0.0;0.0;0.0;0.0;0.0,7.621289842063561e-05;0.0;0.0;0.0;7.621289842063561e-05;0.0;0.0;0.0;7.621289842063561e-05,3.999999975690116e-08;0.0;0.0;0.0;3.999999975690116e-08;0.0;0.0;0.0;3.999999975690116e-08
33,700000000,33.7,imu_link,-0.010594303194228456,-0.011179672406467677,-0.00800087521781319,9.963578454261683e-05,-0.00019611497849981226,9.800388456135199,-4.6155707959311655e-10,5.3304847850432164e-08,-4.9891055609090944e-08,0.9999999999999973,0.0;0.0;0.0;0.0;0.0;0.0;0.0;0.0;0.0,7.621289842063561e-05;0.0;0.0;0.0;7.621289842063561e-05;0.0;0.0;0.0;7.621289842063561e-05,3.999999975690116e-08;0.0;0.0;0.0;3.999999975690116e-08;0.0;0.0;0.0;3.999999975690116e-08
33,720000000,33.72,imu_link,0.00459037712721206,0.0017464733466810126,0.0011380509615807795,0.00025736202915476993,0.0002151302427368038,9.799809242883043,-4.6155707966334646e-10,5.330484785072521e-08,-4.9891055609104404e-08,0.9999999999999973,0.0;0.0;0.0;0.0;0.0;0.0;0.0;0.0;0.0,7.621289842063561e-05;0.0;0.0;0.0;7.621289842063561e-05;0.0;0.0;0.0;7.621289842063561e-05,3.999999975690116e-08;0.0;0.0;0.0;3.999999975690116e-08;0.0;0.0;0.0;3.999999975690116e-08
33,740000000,33.74,imu_link,-0.000695687889560366,0.004309687714859933,0.00037362851181654854,0.0004758017231781159,8.925007675765418e-05,9.800207822116105,-4.615570794969416e-10,5.330484785084102e-08,-4.989105560911594e-08,0.9999999999999973,0.0;0.0;0.0;0.0;0.0;0.0;0.0;0.0;0.0,7.621289842063561e-05;0.0;0.0;0.0;7.621289842063561e-05;0.0;0.0;0.0;7.621289842063561e-05,3.999999975690116e-08;0.0;0.0;0.0;3.999999975690116e-08;0.0;0.0;0.0;3.999999975690116e-08
33,760000000,33.76,imu_link,-0.005663894132692297,0.005936732107462681,0.0037928630386087794,9.714907159597546e-05,0.00010594108987324815,9.800517359296528,-4.615570795157172e-10,5.330484785030466e-08,-4.989105560912706e-08,0.9999999999999973,0.0;0.0;0.0;0.0;0.0;0.0;0.0;0.0;0.0,7.621289842063561e-05;0.0;0.0;0.0;7.621289842063561e-05;0.0;0.0;0.0;7.621289842063561e-05,3.999999975690116e-08;0.0;0.0;0.0;3.999999975690116e-08;0.0;0.0;0.0;3.999999975690116e-08
33,780000000,33.78,imu_link,-0.007480356269666213,0.001118273345631586,-0.01626963140080335,-0.0001590807458298146,-0.0003901693157408005,9.80006856239655,-4.61557079599355e-10,5.330484785046707e-08,-4.989105560913785e-08,0.9999999999999973,0.0;0.0;0.0;0.0;0.0;0.0;0.0;0.0;0.0,7.621289842063561e-05;0.0;0.0;0.0;7.621289842063561e-05;0.0;0.0;0.0;7.621289842063561e-05,3.999999975690116e-08;0.0;0.0;0.0;3.999999975690116e-08;0.0;0.0;0.0;3.999999975690116e-08
33,800000000,33.8,imu_link,-0.0005387900620615827,-0.013030252215778805,0.020405369364810425,3.255094245722055e-05,-0.00016228691286122366,9.800080529389305,-4.6155707942026853e-10,5.330484785047253e-08,-4.989105560914853e-08,0.9999999999999973,0.0;0.0;0.0;0.0;0.0;0.0;0.0;0.0;0.0,7.621289842063561e-05;0.0;0.0;0.0;7.621289842063561e-05;0.0;0.0;0.0;7.621289842063561e-05,3.999999975690116e-08;0.0;0.0;0.0;3.999999975690116e-08;0.0;0.0;0.0;3.999999975690116e-08
33,820000000,33.82,imu_link,-0.011402851260100018,-0.006084587685273304,0.0044746802052513844,0.00023383892583440664,-6.975658982920525e-06,9.800036267327206,-4.615570793481536e-10,5.330484785077996e-08,-4.989105560916163e-08,0.9999999999999973,0.0;0.0;0.0;0.0;0.0;0.0;0.0;0.0;0.0,7.621289842063561e-05;0.0;0.0;0.0;7.621289842063561e-05;0.0;0.0;0.0;7.621289842063561e-05,3.999999975690116e-08;0.0;0.0;0.0;3.999999975690116e-08;0.0;0.0;0.0;3.999999975690116e-08
33,840000000,33.84,imu_link,0.009416250580576413,0.01910846920018904,-0.013373192589974516,-0.0002218660453212353,0.00010148799788720971,9.799954250981138,-4.615570794285688e-10,5.3304847850295315e-08,-4.9891055609173365e-08,0.9999999999999973,0.0;0.0;0.0;0.0;0.0;0.0;0.0;0.0;0.0,7.621289842063561e-05;0.0;0.0;0.0;7.621289842063561e-05;0.0;0.0;0.0;7.621289842063561e-05,3.999999975690116e-08;0.0;0.0;0.0;3.999999975690116e-08;0.0;0.0;0.0;3.999999975690116e-08
33,860000000,33.86,imu_link,0.002080012567084474,-0.002029492226857373,0.0017501483415831266,-0.00012478688477668545,3.036216727130948e-05,9.79985487364338,-4.6155707960221885e-10,5.3304847850532657e-08,-4.989105560918254e-08,0.9999999999999973,0.0;0.0;0.0;0.0;0.0;0.0;0.0;0.0;0.0,7.621289842063561e-05;0.0;0.0;0.0;7.621289842063561e-05;0.0;0.0;0.0;7.621289842063561e-05,3.999999975690116e-08;0.0;0.0;0.0;3.999999975690116e-08;0.0;0.0;0.0;3.999999975690116e-08
33,880000000,33.88,imu_link,-0.014896388183232016,0.0056024644095884635,-0.003952289433677145,0.00029256868928194624,-4.376437058238298e-05,9.800298380184547,-4.6155707966276413e-10,5.3304847850719546e-08,-4.989105560919123e-08,0.9999999999999973,0.0;0.0;0.0;0.0;0.0;0.0;0.0;0.0;0.0,7.621289842063561e-05;0.0;0.0;0.0;7.621289842063561e-05;0.0;0.0;0.0;7.621289842063561e-05,3.999999975690116e-08;0.0;0.0;0.0;3.999999975690116e-08;0.0;0.0;0.0;3.999999975690116e-08
33,900000000,33.9,imu_link,-0.015471537597776515,5.523864578349475e-05,-0.00017741718080729267,0.00029432572310621565,-1.1151955128328386e-05,9.79993474278748,-4.615570793963725e-10,5.330484785033079e-08,-4.9891055609202686e-08,0.9999999999999973,0.0;0.0;0.0;0.0;0.0;0.0;0.0;0.0;0.0,7.621289842063561e-05;0.0;0.0;0.0;7.621289842063561e-05;0.0;0.0;0.0;7.621289842063561e-05,3.999999975690116e-08;0.0;0.0;0.0;3.999999975690116e-08;0.0;0.0;0.0;3.999999975690116e-08
33,920000000,33.92,imu_link,-0.0020428006865717274,0.0028448569366228277,-0.008485783352703629,-8.207619881229525e-05,-0.0002813639741384083,9.799929304882697,-4.615570796024928e-10,5.3304847850494414e-08,-4.989105560921462e-08,0.9999999999999973,0.0;0.0;0.0;0.0;0.0;0.0;0.0;0.0;0.0,7.621289842063561e-05;0.0;0.0;0.0;7.621289842063561e-05;0.0;0.0;0.0;7.621289842063561e-05,3.999999975690116e-08;0.0;0.0;0.0;3.999999975690116e-08;0.0;0.0;0.0;3.999999975690116e-08
33,940000000,33.94,imu_link,-0.005769191054119147,-0.012256450664953095,-0.009032692442591814,6.487298558685348e-05,-5.221367394327135e-05,9.799931349253281,-4.6155707943105693e-10,5.330484785061153e-08,-4.989105560922603e-08,0.9999999999999973,0.0;0.0;0.0;0.0;0.0;0.0;0.0;0.0;0.0,7.621289842063561e-05;0.0;0.0;0.0;7.621289842063561e-05;0.0;0.0;0.0;7.621289842063561e-05,3.999999975690116e-08;0.0;0.0;0.0;3.999999975690116e-08;0.0;0.0;0.0;3.999999975690116e-08
33,960000000,33.96,imu_link,-0.006503088112501771,-0.010450585717568583,0.003428806390648428,8.337039621458256e-05,-0.00010013498009019444,9.800324687372763,-4.615570793930671e-10,5.330484785074696e-08,-4.989105560923739e-08,0.9999999999999973,0.0;0.0;0.0;0.0;0.0;0.0;0.0;0.0;0.0,7.621289842063561e-05;0.0;0.0;0.0;7.621289842063561e-05;0.0;0.0;0.0;7.621289842063561e-05,3.999999975690116e-08;0.0;0.0;0.0;3.999999975690116e-08;0.0;0.0;0.0;3.999999975690116e-08
33,980000000,33.98,imu_link,0.011924048803478148,-0.01277137033512901,0.007415735043847691,0.00035929959374400035,-0.00014040602214006057,9.799935119748108,-4.6155707960151543e-10,5.330484785032561e-08,-4.989105560924926e-08,0.9999999999999973,0.0;0.0;0.0;0.0;0.0;0.0;0.0;0.0;0.0,7.621289842063561e-05;0.0;0.0;0.0;7.621289842063561e-05;0.0;0.0;0.0;7.621289842063561e-05,3.999999975690116e-08;0.0;0.0;0.0;3.999999975690116e-08;0.0;0.0;0.0;3.999999975690116e-08
34,0,34.0,imu_link,-0.003598443052959527,-0.010028889862086793,-0.009567183659729547,0.0002664276121773164,-0.0002477532675096527,9.79986724672454,-4.6155707956763164e-10,5.330484785044993e-08,-4.9891055609261105e-08,0.9999999999999973,0.0;0.0;0.0;0.0;0.0;0.0;0.0;0.0;0.0,7.621289842063561e-05;0.0;0.0;0.0;7.621289842063561e-05;0.0;0.0;0.0;7.621289842063561e-05,3.999999975690116e-08;0.0;0.0;0.0;3.999999975690116e-08;0.0;0.0;0.0;3.999999975690116e-08
34,20000000,34.02,imu_link,-0.003121805137881018,0.014654508289679714,0.0057930449013447035,-0.00013823298604167871,-0.00015473969437120353,9.79976161998249,-4.6155707952196253e-10,5.330484785058085e-08,-4.989105560927316e-08,0.9999999999999973,0.0;0.0;0.0;0.0;0.0;0.0;0.0;0.0;0.0,7.621289842063561e-05;0.0;0.0;0.0;7.621289842063561e-05;0.0;0.0;0.0;7.621289842063561e-05,3.999999975690116e-08;0.0;0.0;0.0;3.999999975690116e-08;0.0;0.0;0.0;3.999999975690116e-08
34,40000000,34.04,imu_link,-0.005774051621465081,0.0013731384514274715,0.006127253630857765,1.5251404920744714e-05,-0.00019229235033476312,9.800296413455309,-4.6155707968823855e-10,5.330484785093041e-08,-4.989105560928705e-08,0.9999999999999973,0.0;0.0;0.0;0.0;0.0;0.0;0.0;0.0;0.0,7.621289842063561e-05;0.0;0.0;0.0;7.621289842063561e-05;0.0;0.0;0.0;7.621289842063561e-05,3.999999975690116e-08;0.0;0.0;0.0;3.999999975690116e-08;0.0;0.0;0.0;3.999999975690116e-08
34,60000000,34.06,imu_link,-0.01614458659940401,0.01105533802239947,-0.005106980361425058,0.00039217259622486813,-9.92598917891127e-05,9.800375166866285,-4.615570795619706e-10,5.3304847850399474e-08,-4.989105560929855e-08,0.9999999999999973,0.0;0.0;0.0;0.0;0.0;0.0;0.0;0.0;0.0,7.621289842063561e-05;0.0;0.0;0.0;7.621289842063561e-05;0.0;0.0;0.0;7.621289842063561e-05,3.999999975690116e-08;0.0;0.0;0.0;3.999999975690116e-08;0.0;0.0;0.0;3.999999975690116e-08
34,80000000,34.08,imu_link,-0.0045409860539696156,0.009106792994701528,0.009605318924486681,9.778771362021113e-05,-0.00027112427601173503,9.80011128864114,-4.6155707963016313e-10,5.330484785057922e-08,-4.989105560931162e-08,0.9999999999999973,0.0;0.0;0.0;0.0;0.0;0.0;0.0;0.0;0.0,7.621289842063561e-05;0.0;0.0;0.0;7.621289842063561e-05;0.0;0.0;0.0;7.621289842063561e-05,3.999999975690116e-08;0.0;0.0;0.0;3.999999975690116e-08;0.0;0.0;0.0;3.999999975690116e-08
34,100000000,34.1,imu_link,-0.017332851604885378,-0.0008034352296436105,0.002806315696350853,0.0003462496825307014,0.00010404658140460581,9.799935448166192,-4.6155707955918e-10,5.330484785076643e-08,-4.9891055609323885e-08,0.9999999999999973,0.0;0.0;0.0;0.0;0.0;0.0;0.0;0.0;0.0,7.621289842063561e-05;0.0;0.0;0.0;7.621289842063561e-05;0.0;0.0;0.0;7.621289842063561e-05,3.999999975690116e-08;0.0;0.0;0.0;3.999999975690116e-08;0.0;0.0;0.0;3.999999975690116e-08
34,120000000,34.12,imu_link,0.0005319723487307656,-0.0033972092310560554,-0.008505631185844126,-0.00014036378971843784,0.00010006649655634097,9.800441316444212,-4.615570793942953e-10,5.33048478507694e-08,-4.989105560933458e-08,0.9999999999999973,0.0;0.0;0.0;0.0;0.0;0.0;0.0;0.0;0.0,7.621289842063561e-05;0.0;0.0;0.0;7.621289842063561e-05;0.0;0.0;0.0;7.621289842063561e-05,3.999999975690116e-08;0.0;0.0;0.0;3.999999975690116e-08;0.0;0.0;0.0;3.999999975690116e-08
34,140000000,34.14,imu_link,0.00823019626207173,-0.0007511654894256168,0.0022406747147872596,3.362715823554863e-05,-0.00017346558389337154,9.799758124360032,-4.615570795994673e-10,5.330484785046801e-08,-4.989105560934772e-08,0.9999999999999973,0.0;0.0;0.0;0.0;0.0;0.0;0.0;0.0;0.0,7.621289842063561e-05;0.0;0.0;0.0;7.621289842063561e-05;0.0;0.0;0.0;7.621289842063561e-05,3.999999975690116e-08;0.0;0.0;0.0;3.999999975690116e-08;0.0;0.0;0.0;3.999999975690116e-08
34,160000000,34.16,imu_link,0.008893328728237884,-0.004013465422646373,-0.015044165936992752,-0.00030527362595557806,-5.796059284276389e-05,9.79981351912179,-4.615570795683717e-10,5.330484785057783e-08,-4.989105560936053e-08,0.9999999999999973,0.0;0.0;0.0;0.0;0.0;0.0;0.0;0.0;0.0,7.621289842063561e-05;0.0;0.0;0.0;7.621289842063561e-05;0.0;0.0;0.0;7.621289842063561e-05,3.999999975690116e-08;0.0;0.0;0.0;3.999999975690116e-08;0.0;0.0;0.0;3.999999975690116e-08
34,180000000,34.18,imu_link,0.00391272037383267,0.004064610845596258,-0.00383420043934715,7.629146953091463e-05,1.1316368940749816e-06,9.8005516148399,-4.6155707934889913e-10,5.330484785088376e-08,-4.9891055609374733e-08,0.9999999999999973,0.0;0.0;0.0;0.0;0.0;0.0;0.0;0.0;0.0,7.621289842063561e-05;0.0;0.0;0.0;7.621289842063561e-05;0.0;0.0;0.0;7.621289842063561e-05,3.999999975690116e-08;0.0;0.0;0.0;3.999999975690116e-08;0.0;0.0;0.0;3.999999975690116e-08
34,200000000,34.2,imu_link,0.0007695876612563629,0.014107868233655337,-0.00010307451484407041,-0.00013461905058402887,-1.8952869976541657e-06,9.800213974823807,-4.61557079446652e-10,5.3304847850416064e-08,-4.9891055609385725e-08,0.9999999999999973,0.0;0.0;0.0;0.0;0.0;0.0;0.0;0.0;0.0,7.621289842063561e-05;0.0;0.0;0.0;7.621289842063561e-05;0.0;0.0;0.0;7.621289842063561e-05,3.999999975690116e-08;0.0;0.0;0.0;3.999999975690116e-08;0.0;0.0;0.0;3.999999975690116e-08
34,220000000,34.22,imu_link,0.0017756671655005819,-0.007516817518191275,0.010183217105136344,0.0003444038245549599,-0.00010184244366128621,9.799641935597954,-4.6155707950478287e-10,5.330484785047346e-08,-4.989105560939867e-08,0.9999999999999973,0.0;0.0;0.0;0.0;0.0;0.0;0.0;0.0;0.0,7.621289842063561e-05;0.0;0.0;0.0;7.621289842063561e-05;0.0;0.0;0.0;7.621289842063561e-05,3.999999975690116e-08;0.0;0.0;0.0;3.999999975690116e-08;0.0;0.0;0.0;3.999999975690116e-08
34,240000000,34.24,imu_link,0.011878289448237619,0.00855276270093291,0.008889740340173247,7.484446208742589e-05,-0.00013605049941377347,9.799997293788435,-4.615570796603617e-10,5.3304847850704386e-08,-4.9891055609413e-08,0.9999999999999973,0.0;0.0;0.0;0.0;0.0;0.0;0.0;0.0;0.0,7.621289842063561e-05;0.0;0.0;0.0;7.621289842063561e-05;0.0;0.0;0.0;7.621289842063561e-05,3.999999975690116e-08;0.0;0.0;0.0;3.999999975690116e-08;0.0;0.0;0.0;3.999999975690116e-08
34,260000000,34.26,imu_link,-0.0058141985526204264,-0.002238115015520186,-0.011465915348640944,0.00020780734780825364,-9.522600600682217e-05,9.800246476011923,-4.615570796073774e-10,5.330484785036058e-08,-4.989105560942561e-08,0.9999999999999973,0.0;0.0;0.0;0.0;0.0;0.0;0.0;0.0;0.0,7.621289842063561e-05;0.0;0.0;0.0;7.621289842063561e-05;0.0;0.0;0.0;7.621289842063561e-05,3.999999975690116e-08;0.0;0.0;0.0;3.999999975690116e-08;0.0;0.0;0.0;3.999999975690116e-08
34,280000000,34.28,imu_link,0.0053310178016480435,0.009686816561885511,-0.00791042887616508,0.0005117600816329413,0.00011973397789196046,9.799867824477916,-4.615570795797877e-10,5.330484785036274e-08,-4.989105560944003e-08,0.9999999999999973,0.0;0.0;0.0;0.0;0.0;0.0;0.0;0.0;0.0,7.621289842063561e-05;0.0;0.0;0.0;7.621289842063561e-05;0.0;0.0;0.0;7.621289842063561e-05,3.999999975690116e-08;0.0;0.0;0.0;3.999999975690116e-08;0.0;0.0;0.0;3.999999975690116e-08
34,300000000,34.3,imu_link,0.0001548845573454148,0.003310440708452295,0.0034375975698315007,0.00030692877095691315,-8.811842764203233e-05,9.799958455169508,-4.615570794988976e-10,5.33048478506627e-08,-4.989105560945464e-08,0.9999999999999973,0.0;0.0;0.0;0.0;0.0;0.0;0.0;0.0;0.0,7.621289842063561e-05;0.0;0.0;0.0;7.621289842063561e-05;0.0;0.0;0.0;7.621289842063561e-05,3.999999975690116e-08;0.0;0.0;0.0;3.999999975690116e-08;0.0;0.0;0.0;3.999999975690116e-08
34,320000000,34.32,imu_link,-0.008022031094532686,-0.008738664683665178,-0.01784660802090557,0.00014642052630155266,-3.468121312008644e-05,9.80012435503307,-4.6155707946923194e-10,5.330484785077363e-08,-4.989105560946985e-08,0.9999999999999973,0.0;0.0;0.0;0.0;0.0;0.0;0.0;0.0;0.0,7.621289842063561e-05;0.0;0.0;0.0;7.621289842063561e-05;0.0;0.0;0.0;7.621289842063561e-05,3.999999975690116e-08;0.0;0.0;0.0;3.999999975690116e-08;0.0;0.0;0.0;3.999999975690116e-08
34,340000000,34.34,imu_link,0.0031454078608101964,0.001819029253821839,-0.005331109915960323,0.00030792279897941174,-0.00023741489595912197,9.799942686198575,-4.6155707942872407e-10,5.330484785088858e-08,-4.989105560948319e-08,0.9999999999999973,0.0;0.0;0.0;0.0;0.0;0.0;0.0;0.0;0.0,7.621289842063561e-05;0.0;0.0;0.0;7.621289842063561e-05;0.0;0.0;0.0;7.621289842063561e-05,3.999999975690116e-08;0.0;0.0;0.0;3.999999975690116e-08;0.0;0.0;0.0;3.999999975690116e-08
34,360000000,34.36,imu_link,-0.001714368930685504,0.00998427657955881,-0.014758523963894175,0.00027960274219196,0.00016141627783895714,9.800122989149743,-4.615570793948601e-10,5.330484785042984e-08,-4.98910556094954e-08,0.9999999999999973,0.0;0.0;0.0;0.0;0.0;0.0;0.0;0.0;0.0,7.621289842063561e-05;0.0;0.0;0.0;7.621289842063561e-05;0.0;0.0;0.0;7.621289842063561e-05,3.999999975690116e-08;0.0;0.0;0.0;3.999999975690116e-08;0.0;0.0;0.0;3.999999975690116e-08
34,380000000,34.38,imu_link,-0.006142565028233705,0.007797469171763001,0.009191597545171997,0.0002880051073174308,-8.187259478012423e-05,9.799812065001287,-4.6155707960675826e-10,5.330484785059417e-08,-4.9891055609509776e-08,0.9999999999999973,0.0;0.0;0.0;0.0;0.0;0.0;0.0;0.0;0.0,7.621289842063561e-05;0.0;0.0;0.0;7.621289842063561e-05;0.0;0.0;0.0;7.621289842063561e-05,3.999999975690116e-08;0.0;0.0;0.0;3.999999975690116e-08;0.0;0.0;0.0;3.999999975690116e-08
34,400000000,34.4,imu_link,-0.004339402182087739,-0.008408237139108354,-0.0020558837638971466,0.00018360287220279555,-7.687947512275152e-05,9.799919688063243,-4.6155707957520633e-10,5.330484785025226e-08,-4.989105560952266e-08,0.9999999999999973,0.0;0.0;0.0;0.0;0.0;0.0;0.0;0.0;0.0,7.621289842063561e-05;0.0;0.0;0.0;7.621289842063561e-05;0.0;0.0;0.0;7.621289842063561e-05,3.999999975690116e-08;0.0;0.0;0.0;3.999999975690116e-08;0.0;0.0;0.0;3.999999975690116e-08
34,420000000,34.42,imu_link,-0.004591458684096963,-0.005393940061230113,-0.0068990663801237065,0.000602279472268895,-0.00016604206329038322,9.799940559575509,-4.6155707939003735e-10,5.330484785036255e-08,-4.98910556095349e-08,0.9999999999999973,0.0;0.0;0.0;0.0;0.0;0.0;0.0;0.0;0.0,7.621289842063561e-05;0.0;0.0;0.0;7.621289842063561e-05;0.0;0.0;0.0;7.621289842063561e-05,3.999999975690116e-08;0.0;0.0;0.0;3.999999975690116e-08;0.0;0.0;0.0;3.999999975690116e-08
34,440000000,34.44,imu_link,0.00213595662875919,0.006188666866772736,0.01285918367690621,2.4816888473965773e-05,-0.0002597958746651753,9.799791341416594,-4.6155707950296085e-10,5.330484785045753e-08,-4.9891055609547905e-08,0.9999999999999973,0.0;0.0;0.0;0.0;0.0;0.0;0.0;0.0;0.0,7.621289842063561e-05;0.0;0.0;0.0;7.621289842063561e-05;0.0;0.0;0.0;7.621289842063561e-05,3.999999975690116e-08;0.0;0.0;0.0;3.999999975690116e-08;0.0;0.0;0.0;3.999999975690116e-08
34,460000000,34.46,imu_link,0.0013787469911395328,-0.015450082037392222,-0.005835212248543691,2.7825357151993634e-05,-0.00021929931304780334,9.80017142629807,-4.615570794419719e-10,5.330484785074516e-08,-4.9891055609560776e-08,0.9999999999999973,0.0;0.0;0.0;0.0;0.0;0.0;0.0;0.0;0.0,7.621289842063561e-05;0.0;0.0;0.0;7.621289842063561e-05;0.0;0.0;0.0;7.621289842063561e-05,3.999999975690116e-08;0.0;0.0;0.0;3.999999975690116e-08;0.0;0.0;0.0;3.999999975690116e-08
34,480000000,34.48,imu_link,-0.013138165089455577,0.00633822683906836,0.013320701870415341,0.0002778967844479649,-5.611806818859056e-05,9.799746413740042,-4.6155707955116293e-10,5.330484785025594e-08,-4.9891055609574024e-08,0.9999999999999973,0.0;0.0;0.0;0.0;0.0;0.0;0.0;0.0;0.0,7.621289842063561e-05;0.0;0.0;0.0;7.621289842063561e-05;0.0;0.0;0.0;7.621289842063561e-05,3.999999975690116e-08;0.0;0.0;0.0;3.999999975690116e-08;0.0;0.0;0.0;3.999999975690116e-08
34,500000000,34.5,imu_link,0.014367571188489985,-0.014618289209251838,-0.0032705308218618713,7.662489831939187e-05,7.985701689426534e-05,9.800069013544416,-4.6155707940886693e-10,5.3304847850377444e-08,-4.9891055609587974e-08,0.9999999999999973,0.0;0.0;0.0;0.0;0.0;0.0;0.0;0.0;0.0,7.621289842063561e-05;0.0;0.0;0.0;7.621289842063561e-05;0.0;0.0;0.0;7.621289842063561e-05,3.999999975690116e-08;0.0;0.0;0.0;3.999999975690116e-08;0.0;0.0;0.0;3.999999975690116e-08
34,520000000,34.52,imu_link,-0.011036991933986157,0.006366280541322205,0.0004508138600239254,0.00010299532348664391,0.0003157041298186696,9.800329624332653,-4.615570794815901e-10,5.3304847850523736e-08,-4.989105560959999e-08,0.9999999999999973,0.0;0.0;0.0;0.0;0.0;0.0;0.0;0.0;0.0,7.621289842063561e-05;0.0;0.0;0.0;7.621289842063561e-05;0.0;0.0;0.0;7.621289842063561e-05,3.999999975690116e-08;0.0;0.0;0.0;3.999999975690116e-08;0.0;0.0;0.0;3.999999975690116e-08
34,540000000,34.54,imu_link,0.004615022039245791,-0.010863173283089026,0.001543349813991734,0.0001327847550485206,-0.00020865354005138317,9.800137422437475,-4.6155707957160903e-10,5.3304847850682025e-08,-4.989105560961196e-08,0.9999999999999973,0.0;0.0;0.0;0.0;0.0;0.0;0.0;0.0;0.0,7.621289842063561e-05;0.0;0.0;0.0;7.621289842063561e-05;0.0;0.0;0.0;7.621289842063561e-05,3.999999975690116e-08;0.0;0.0;0.0;3.999999975690116e-08;0.0;0.0;0.0;3.999999975690116e-08
34,560000000,34.56,imu_link,-0.009026665813213392,0.005272317452111435,0.010806754082012236,0.00025995500928655045,-0.00042102268952004377,9.800219604294202,-4.6155707938037645e-10,5.330484785033085e-08,-4.989105560962391e-08,0.9999999999999973,0.0;0.0;0.0;0.0;0.0;0.0;0.0;0.0;0.0,7.621289842063561e-05;0.0;0.0;0.0;7.621289842063561e-05;0.0;0.0;0.0;7.621289842063561e-05,3.999999975690116e-08;0.0;0.0;0.0;3.999999975690116e-08;0.0;0.0;0.0;3.999999975690116e-08
34,580000000,34.58,imu_link,-0.00791187398537502,-0.0067633093957797236,0.011362979519367076,0.0004962980504775915,-0.0004652671889042604,9.799784202700726,-4.6155707942842825e-10,5.330484785050325e-08,-4.989105560963865e-08,0.9999999999999973,0.0;0.0;0.0;0.0;0.0;0.0;0.0;0.0;0.0,7.621289842063561e-05;0.0;0.0;0.0;7.621289842063561e-05;0.0;0.0;0.0;7.621289842063561e-05,3.999999975690116e-08;0.0;0.0;0.0;3.999999975690116e-08;0.0;0.0;0.0;3.999999975690116e-08
34,600000000,34.6,imu_link,-0.0034156405379463556,-0.0016313969452964696,0.005901699111686259,0.0003588984110998342,-7.415407834292348e-05,9.800072916248213,-4.615570794008032e-10,5.330484785062082e-08,-4.989105560964981e-08,0.9999999999999973,0.0;0.0;0.0;0.0;0.0;0.0;0.0;0.0;0.0,7.621289842063561e-05;0.0;0.0;0.0;7.621289842063561e-05;0.0;0.0;0.0;7.621289842063561e-05,3.999999975690116e-08;0.0;0.0;0.0;3.999999975690116e-08;0.0;0.0;0.0;3.999999975690116e-08
34,620000000,34.62,imu_link,-0.00868762322040847,0.006168808307080116,0.006140077594106661,0.00018055072114990083,-0.0002734367263103671,9.800011319683195,-4.6155707947857494e-10,5.3304847850790346e-08,-4.989105560966175e-08,0.9999999999999973,0.0;0.0;0.0;0.0;0.0;0.0;0.0;0.0;0.0,7.621289842063561e-05;0.0;0.0;0.0;7.621289842063561e-05;0.0;0.0;0.0;7.621289842063561e-05,3.999999975690116e-08;0.0;0.0;0.0;3.999999975690116e-08;0.0;0.0;0.0;3.999999975690116e-08
34,640000000,34.64,imu_link,0.0073630028387719195,-0.006272239846531117,-0.00010702163221009889,-0.00010877256029993172,0.00011906584974865191,9.80000319740368,-4.61557079598389e-10,5.3304847850297916e-08,-4.989105560967071e-08,0.9999999999999973,0.0;0.0;0.0;0.0;0.0;0.0;0.0;0.0;0.0,7.621289842063561e-05;0.0;0.0;0.0;7.621289842063561e-05;0.0;0.0;0.0;7.621289842063561e-05,3.999999975690116e-08;0.0;0.0;0.0;3.999999975690116e-08;0.0;0.0;0.0;3.999999975690116e-08
34,660000000,34.66,imu_link,-0.001169306044899764,0.012246630416607528,0.0028573095088971273,0.00011755257034781881,-0.00047391117513687054,9.80015393639898,-4.6155707937609264e-10,5.330484785048362e-08,-4.989105560967972e-08,0.9999999999999973,0.0;0.0;0.0;0.0;0.0;0.0;0.0;0.0;0.0,7.621289842063561e-05;0.0;0.0;0.0;7.621289842063561e-05;0.0;0.0;0.0;7.621289842063561e-05,3.999999975690116e-08;0.0;0.0;0.0;3.999999975690116e-08;0.0;0.0;0.0;3.999999975690116e-08
34,680000000,34.68,imu_link,-0.011707041927688944,0.0007865165702940759,-0.006738943071473644,0.00011838397313983206,0.00029759708892321436,9.799877361657805,-4.6155707943733487e-10,5.330484785053712e-08,-4.989105560968913e-08,0.9999999999999973,0.0;0.0;0.0;0.0;0.0;0.0;0.0;0.0;0.0,7.621289842063561e-05;0.0;0.0;0.0;7.621289842063561e-05;0.0;0.0;0.0;7.621289842063561e-05,3.999999975690116e-08;0.0;0.0;0.0;3.999999975690116e-08;0.0;0.0;0.0;3.999999975690116e-08
34,700000000,34.7,imu_link,0.010344754964556165,0.0003865415883033806,0.0011843012215419645,-0.0001535750166756045,0.00016932938949028824,9.799752016904213,-4.6155707949394525e-10,5.330484785070741e-08,-4.989105560969823e-08,0.9999999999999973,0.0;0.0;0.0;0.0;0.0;0.0;0.0;0.0;0.0,7.621289842063561e-05;0.0;0.0;0.0;7.621289842063561e-05;0.0;0.0;0.0;7.621289842063561e-05,3.999999975690116e-08;0.0;0.0;0.0;3.999999975690116e-08;0.0;0.0;0.0;3.999999975690116e-08
34,720000000,34.72,imu_link,0.011229491399352639,0.004554130210036237,0.008500485954781445,-3.3908809203855874e-05,-3.104526782881312e-05,9.800366042244178,-4.615570795618371e-10,5.330484785040333e-08,-4.9891055609706836e-08,0.9999999999999973,0.0;0.0;0.0;0.0;0.0;0.0;0.0;0.0;0.0,7.621289842063561e-05;0.0;0.0;0.0;7.621289842063561e-05;0.0;0.0;0.0;7.621289842063561e-05,3.999999975690116e-08;0.0;0.0;0.0;3.999999975690116e-08;0.0;0.0;0.0;3.999999975690116e-08
34,740000000,34.74,imu_link,0.0020861372025154238,-0.008138433451300296,0.002110493942266143,0.00020056940585708833,2.3636105732009914e-05,9.799963588598203,-4.6155707952835074e-10,5.330484785050702e-08,-4.9891055609716326e-08,0.9999999999999973,0.0;0.0;0.0;0.0;0.0;0.0;0.0;0.0;0.0,7.621289842063561e-05;0.0;0.0;0.0;7.621289842063561e-05;0.0;0.0;0.0;7.621289842063561e-05,3.999999975690116e-08;0.0;0.0;0.0;3.999999975690116e-08;0.0;0.0;0.0;3.999999975690116e-08
34,760000000,34.76,imu_link,0.007721047288594914,-0.0057915093520568214,-0.0021948948215197214,0.00021228918792021097,0.000100638113677796,9.799769914685692,-4.615570793326607e-10,5.330484785081593e-08,-4.9891055609725934e-08,0.9999999999999973,0.0;0.0;0.0;0.0;0.0;0.0;0.0;0.0;0.0,7.621289842063561e-05;0.0;0.0;0.0;7.621289842063561e-05;0.0;0.0;0.0;7.621289842063561e-05,3.999999975690116e-08;0.0;0.0;0.0;3.999999975690116e-08;0.0;0.0;0.0;3.999999975690116e-08
34,780000000,34.78,imu_link,0.01861183933574184,0.005874170810621296,0.010431088360654695,0.0005697296819179525,-7.548103018100727e-05,9.800165853073079,-4.61557079575067e-10,5.3304847850313043e-08,-4.9891055609735285e-08,0.9999999999999973,0.0;0.0;0.0;0.0;0.0;0.0;0.0;0.0;0.0,7.621289842063561e-05;0.0;0.0;0.0;7.621289842063561e-05;0.0;0.0;0.0;7.621289842063561e-05,3.999999975690116e-08;0.0;0.0;0.0;3.999999975690116e-08;0.0;0.0;0.0;3.999999975690116e-08
34,800000000,34.8,imu_link,-0.009614431474418334,-0.0012585310214222492,0.008588612279679256,-0.0001646471134789666,-0.00020303946785014176,9.799818491935573,-4.615570795383097e-10,5.3304847850419564e-08,-4.9891055609745396e-08,0.9999999999999973,0.0;0.0;0.0;0.0;0.0;0.0;0.0;0.0;0.0,7.621289842063561e-05;0.0;0.0;0.0;7.621289842063561e-05;0.0;0.0;0.0;7.621289842063561e-05,3.999999975690116e-08;0.0;0.0;0.0;3.999999975690116e-08;0.0;0.0;0.0;3.999999975690116e-08
34,820000000,34.82,imu_link,0.003947972002716954,0.0001352433691577252,0.005181300621648401,-0.00013927341594974528,-0.0003211913260680682,9.800109103426403,-4.61557079464106e-10,5.3304847850601226e-08,-4.9891055609756256e-08,0.9999999999999973,0.0;0.0;0.0;0.0;0.0;0.0;0.0;0.0;0.0,7.621289842063561e-05;0.0;0.0;0.0;7.621289842063561e-05;0.0;0.0;0.0;7.621289842063561e-05,3.999999975690116e-08;0.0;0.0;0.0;3.999999975690116e-08;0.0;0.0;0.0;3.999999975690116e-08
34,840000000,34.84,imu_link,0.007791576237229314,-0.013373085379561936,-0.0026482992766655275,9.958462166890216e-05,-5.8958179679088794e-05,9.80023271440497,-4.6155707939825053e-10,5.330484785078382e-08,-4.989105560976766e-08,0.9999999999999973,0.0;0.0;0.0;0.0;0.0;0.0;0.0;0.0;0.0,7.621289842063561e-05;0.0;0.0;0.0;7.621289842063561e-05;0.0;0.0;0.0;7.621289842063561e-05,3.999999975690116e-08;0.0;0.0;0.0;3.999999975690116e-08;0.0;0.0;0.0;3.999999975690116e-08
34,860000000,34.86,imu_link,0.013649179227024803,-0.016385687670765214,0.003544054825891979,0.00016793730714520922,-9.032604541922683e-05,9.800302426823322,-4.6155707961631933e-10,5.330484785047297e-08,-4.989105560977901e-08,0.9999999999999973,0.0;0.0;0.0;0.0;0.0;0.0;0.0;0.0;0.0,7.621289842063561e-05;0.0;0.0;0.0;7.621289842063561e-05;0.0;0.0;0.0;7.621289842063561e-05,3.999999975690116e-08;0.0;0.0;0.0;3.999999975690116e-08;0.0;0.0;0.0;3.999999975690116e-08
34,880000000,34.88,imu_link,0.014393060635444698,0.009124976309784438,0.008315014893894248,0.000119419864287925,2.055944220792306e-05,9.800175455878977,-4.615570795876996e-10,5.330484785058487e-08,-4.989105560979175e-08,0.9999999999999973,0.0;0.0;0.0;0.0;0.0;0.0;0.0;0.0;0.0,7.621289842063561e-05;0.0;0.0;0.0;7.621289842063561e-05;0.0;0.0;0.0;7.621289842063561e-05,3.999999975690116e-08;0.0;0.0;0.0;3.999999975690116e-08;0.0;0.0;0.0;3.999999975690116e-08
34,900000000,34.9,imu_link,-0.008602349629142532,0.01373071665053365,-0.0011080629214962918,0.00018548946587918197,-0.0001050545206223182,9.79994985169875,-4.615570794260562e-10,5.330484785069703e-08,-4.989105560980509e-08,0.9999999999999973,0.0;0.0;0.0;0.0;0.0;0.0;0.0;0.0;0.0,7.621289842063561e-05;0.0;0.0;0.0;7.621289842063561e-05;0.0;0.0;0.0;7.621289842063561e-05,3.999999975690116e-08;0.0;0.0;0.0;3.999999975690116e-08;0.0;0.0;0.0;3.999999975690116e-08
34,920000000,34.92,imu_link,0.010737726060626165,-0.016125161867256512,-0.009696769909132815,9.782885009713888e-05,0.0001333942006562908,9.79993347813139,-4.6155707936400195e-10,5.3304847850871986e-08,-4.989105560981735e-08,0.9999999999999973,0.0;0.0;0.0;0.0;0.0;0.0;0.0;0.0;0.0,7.621289842063561e-05;0.0;0.0;0.0;7.621289842063561e-05;0.0;0.0;0.0;7.621289842063561e-05,3.999999975690116e-08;0.0;0.0;0.0;3.999999975690116e-08;0.0;0.0;0.0;3.999999975690116e-08
34,940000000,34.94,imu_link,-0.002524243281589529,0.0028893026421111102,0.0013527848284069837,0.00019937078089408338,-0.0003822230339635753,9.800087857885789,-4.6155707947954424e-10,5.330484785037694e-08,-4.9891055609828326e-08,0.9999999999999973,0.0;0.0;0.0;0.0;0.0;0.0;0.0;0.0;0.0,7.621289842063561e-05;0.0;0.0;0.0;7.621289842063561e-05;0.0;0.0;0.0;7.621289842063561e-05,3.999999975690116e-08;0.0;0.0;0.0;3.999999975690116e-08;0.0;0.0;0.0;3.999999975690116e-08
34,960000000,34.96,imu_link,-0.00014635060259888407,0.006124216884953985,-0.004292582450469896,-3.9615354597081386e-05,-0.00011696009993465177,9.800107807460043,-4.6155707966038185e-10,5.330484785072742e-08,-4.98910556098412e-08,0.9999999999999973,0.0;0.0;0.0;0.0;0.0;0.0;0.0;0.0;0.0,7.621289842063561e-05;0.0;0.0;0.0;7.621289842063561e-05;0.0;0.0;0.0;7.621289842063561e-05,3.999999975690116e-08;0.0;0.0;0.0;3.999999975690116e-08;0.0;0.0;0.0;3.999999975690116e-08
34,980000000,34.98,imu_link,-0.0025068566336871084,-0.003444868840345286,-0.01297284910083699,0.00043976264708997623,-0.0004407907288966614,9.800042158346688,-4.6155707937402707e-10,5.330484785078031e-08,-4.9891055609854194e-08,0.9999999999999973,0.0;0.0;0.0;0.0;0.0;0.0;0.0;0.0;0.0,7.621289842063561e-05;0.0;0.0;0.0;7.621289842063561e-05;0.0;0.0;0.0;7.621289842063561e-05,3.999999975690116e-08;0.0;0.0;0.0;3.999999975690116e-08;0.0;0.0;0.0;3.999999975690116e-08
35,0,35.0,imu_link,-0.005705080322207474,-0.008629532650144506,0.009196578907042617,0.00024854442187507053,-0.0003153768170018689,9.800428207075846,-4.615570795791102e-10,5.3304847850352536e-08,-4.989105560986585e-08,0.9999999999999973,0.0;0.0;0.0;0.0;0.0;0.0;0.0;0.0;0.0,7.621289842063561e-05;0.0;0.0;0.0;7.621289842063561e-05;0.0;0.0;0.0;7.621289842063561e-05,3.999999975690116e-08;0.0;0.0;0.0;3.999999975690116e-08;0.0;0.0;0.0;3.999999975690116e-08
35,20000000,35.02,imu_link,0.013103701906096067,0.014688822790893171,0.004590250625660148,4.844639519916543e-05,-0.00017726723737682511,9.799920455363932,-4.6155707950000636e-10,5.330484785054134e-08,-4.9891055609878215e-08,0.9999999999999973,0.0;0.0;0.0;0.0;0.0;0.0;0.0;0.0;0.0,7.621289842063561e-05;0.0;0.0;0.0;7.621289842063561e-05;0.0;0.0;0.0;7.621289842063561e-05,3.999999975690116e-08;0.0;0.0;0.0;3.999999975690116e-08;0.0;0.0;0.0;3.999999975690116e-08
35,40000000,35.04,imu_link,-0.0007087211093752784,-0.0015856743508630342,-0.0009513441268396803,0.0001764752952054777,5.804073562340421e-05,9.800191215048203,-4.61557079580315e-10,5.3304847850678584e-08,-4.989105560988829e-08,0.9999999999999973,0.0;0.0;0.0;0.0;0.0;0.0;0.0;0.0;0.0,7.621289842063561e-05;0.0;0.0;0.0;7.621289842063561e-05;0.0;0.0;0.0;7.621289842063561e-05,3.999999975690116e-08;0.0;0.0;0.0;3.999999975690116e-08;0.0;0.0;0.0;3.999999975690116e-08
35,60000000,35.06,imu_link,-0.007183843691310149,0.008892385740959475,-0.011841237699624026,0.0002947129928135636,-1.1157643769870042e-05,9.800502320060868,-4.6155707941296013e-10,5.3304847850789274e-08,-4.989105560990116e-08,0.9999999999999973,0.0;0.0;0.0;0.0;0.0;0.0;0.0;0.0;0.0,7.621289842063561e-05;0.0;0.0;0.0;7.621289842063561e-05;0.0;0.0;0.0;7.621289842063561e-05,3.999999975690116e-08;0.0;0.0;0.0;3.999999975690116e-08;0.0;0.0;0.0;3.999999975690116e-08
35,80000000,35.08,imu_link,-0.004027628367324957,0.024532520096420058,0.0067596321022546976,8.293293074711569e-05,7.0410094614687475e-06,9.799891337322421,-4.6155707960850284e-10,5.330484785048761e-08,-4.989105560991379e-08,0.9999999999999973,0.0;0.0;0.0;0.0;0.0;0.0;0.0;0.0;0.0,7.621289842063561e-05;0.0;0.0;0.0;7.621289842063561e-05;0.0;0.0;0.0;7.621289842063561e-05,3.999999975690116e-08;0.0;0.0;0.0;3.999999975690116e-08;0.0;0.0;0.0;3.999999975690116e-08
35,100000000,35.1,imu_link,-0.008414332650485898,0.0009352888340056164,-0.0021783917275429486,0.00028507607782802695,0.00015966854981665742,9.799962034875476,-4.6155707958835437e-10,5.330484785048681e-08,-4.989105560992496e-08,0.9999999999999973,0.0;0.0;0.0;0.0;0.0;0.0;0.0;0.0;0.0,7.621289842063561e-05;0.0;0.0;0.0;7.621289842063561e-05;0.0;0.0;0.0;7.621289842063561e-05,3.999999975690116e-08;0.0;0.0;0.0;3.999999975690116e-08;0.0;0.0;0.0;3.999999975690116e-08
35,120000000,35.12,imu_link,-0.004659375305463463,-0.022091412712271337,-0.002098710517512959,5.788675651601245e-05,-2.4685112933267554e-05,9.800246301461632,-4.6155707952038194e-10,5.3304847850766894e-08,-4.9891055609938394e-08,0.9999999999999973,0.0;0.0;0.0;0.0;0.0;0.0;0.0;0.0;0.0,7.621289842063561e-05;0.0;0.0;0.0;7.621289842063561e-05;0.0;0.0;0.0;7.621289842063561e-05,3.999999975690116e-08;0.0;0.0;0.0;3.999999975690116e-08;0.0;0.0;0.0;3.999999975690116e-08
35,140000000,35.14,imu_link,0.006578429231080722,0.0031518042915678213,-0.012023204599019954,-0.00012362452446179105,-2.102789896202197e-05,9.799987737694908,-4.61557079502944e-10,5.330484785087857e-08,-4.989105560994949e-08,0.9999999999999973,0.0;0.0;0.0;0.0;0.0;0.0;0.0;0.0;0.0,7.621289842063561e-05;0.0;0.0;0.0;7.621289842063561e-05;0.0;0.0;0.0;7.621289842063561e-05,3.999999975690116e-08;0.0;0.0;0.0;3.999999975690116e-08;0.0;0.0;0.0;3.999999975690116e-08
35,160000000,35.16,imu_link,-0.008619136233862304,0.015880640847800317,-0.016727555982312427,0.00020504736598336547,0.00015255654057866883,9.7999945889095,-4.6155707960044527e-10,5.330484785051807e-08,-4.9891055609959345e-08,0.9999999999999973,0.0;0.0;0.0;0.0;0.0;0.0;0.0;0.0;0.0,7.621289842063561e-05;0.0;0.0;0.0;7.621289842063561e-05;0.0;0.0;0.0;7.621289842063561e-05,3.999999975690116e-08;0.0;0.0;0.0;3.999999975690116e-08;0.0;0.0;0.0;3.999999975690116e-08
35,180000000,35.18,imu_link,0.009774229222424163,0.0040670434879071845,0.011575709414049645,-0.0001349292058665331,-0.0002303335664682975,9.800086612074066,-4.6155707943636696e-10,5.33048478506293e-08,-4.9891055609970595e-08,0.9999999999999973,0.0;0.0;0.0;0.0;0.0;0.0;0.0;0.0;0.0,7.621289842063561e-05;0.0;0.0;0.0;7.621289842063561e-05;0.0;0.0;0.0;7.621289842063561e-05,3.999999975690116e-08;0.0;0.0;0.0;3.999999975690116e-08;0.0;0.0;0.0;3.999999975690116e-08
35,200000000,35.2,imu_link,0.0007276874339792646,-0.008283631991355721,0.00034021081715294657,0.0001796763826793431,-0.00015744663416394496,9.799902922039797,-4.6155707952931244e-10,5.330484785079872e-08,-4.9891055609980944e-08,0.9999999999999973,0.0;0.0;0.0;0.0;0.0;0.0;0.0;0.0;0.0,7.621289842063561e-05;0.0;0.0;0.0;7.621289842063561e-05;0.0;0.0;0.0;7.621289842063561e-05,3.999999975690116e-08;0.0;0.0;0.0;3.999999975690116e-08;0.0;0.0;0.0;3.999999975690116e-08
35,220000000,35.22,imu_link,0.002163483293971094,-0.01018743468280888,-0.009928234043064263,7.92204777099154e-05,0.0001627855383015704,9.799756744564492,-4.6155707960947214e-10,5.33048478504402e-08,-4.9891055609989554e-08,0.9999999999999973,0.0;0.0;0.0;0.0;0.0;0.0;0.0;0.0;0.0,7.621289842063561e-05;0.0;0.0;0.0;7.621289842063561e-05;0.0;0.0;0.0;7.621289842063561e-05,3.999999975690116e-08;0.0;0.0;0.0;3.999999975690116e-08;0.0;0.0;0.0;3.999999975690116e-08
35,240000000,35.24,imu_link,0.009144997862827572,0.004591720248464146,0.010169707402255392,-0.0001148684803876837,5.290207188435802e-05,9.800154042594533,-4.6155707966475944e-10,5.33048478506165e-08,-4.989105560999992e-08,0.9999999999999973,0.0;0.0;0.0;0.0;0.0;0.0;0.0;0.0;0.0,7.621289842063561e-05;0.0;0.0;0.0;7.621289842063561e-05;0.0;0.0;0.0;7.621289842063561e-05,3.999999975690116e-08;0.0;0.0;0.0;3.999999975690116e-08;0.0;0.0;0.0;3.999999975690116e-08
35,260000000,35.26,imu_link,0.008063002515435907,-0.004505861479806058,-0.00532420391401026,0.00015277019639273472,-0.0002500559532036389,9.800059176413175,-4.6155707938326207e-10,5.33048478505648e-08,-4.9891055610009935e-08,0.9999999999999973,0.0;0.0;0.0;0.0;0.0;0.0;0.0;0.0;0.0,7.621289842063561e-05;0.0;0.0;0.0;7.621289842063561e-05;0.0;0.0;0.0;7.621289842063561e-05,3.999999975690116e-08;0.0;0.0;0.0;3.999999975690116e-08;0.0;0.0;0.0;3.999999975690116e-08
35,280000000,35.28,imu_link,0.00725213874395355,0.0012936898408919917,-0.02574252505493442,9.785883163277049e-05,1.8653900903807134e-05,9.800203035741822,-4.6155707969391694e-10,5.330484785078446e-08,-4.989105561002043e-08,0.9999999999999973,0.0;0.0;0.0;0.0;0.0;0.0;0.0;0.0;0.0,7.621289842063561e-05;0.0;0.0;0.0;7.621289842063561e-05;0.0;0.0;0.0;7.621289842063561e-05,3.999999975690116e-08;0.0;0.0;0.0;3.999999975690116e-08;0.0;0.0;0.0;3.999999975690116e-08
35,300000000,35.3,imu_link,-0.009101943325633011,-0.02443606750768699,-0.0013163298857032976,0.00020450142598633152,-0.00032741611462387785,9.799947998149449,-4.6155707951170663e-10,5.330484785044213e-08,-4.989105561002865e-08,0.9999999999999973,0.0;0.0;0.0;0.0;0.0;0.0;0.0;0.0;0.0,7.621289842063561e-05;0.0;0.0;0.0;7.621289842063561e-05;0.0;0.0;0.0;7.621289842063561e-05,3.999999975690116e-08;0.0;0.0;0.0;3.999999975690116e-08;0.0;0.0;0.0;3.999999975690116e-08
35,320000000,35.32,imu_link,0.003813248012458851,0.004980576550997962,-0.0033569961112926774,-1.8612580744195535e-05,0.000328011505281095,9.799987532563573,-4.6155707958651146e-10,5.330484785060319e-08,-4.9891055610037775e-08,0.9999999999999973,0.0;0.0;0.0;0.0;0.0;0.0;0.0;0.0;0.0,7.621289842063561e-05;0.0;0.0;0.0;7.621289842063561e-05;0.0;0.0;0.0;7.621289842063561e-05,3.999999975690116e-08;0.0;0.0;0.0;3.999999975690116e-08;0.0;0.0;0.0;3.999999975690116e-08
35,340000000,35.34,imu_link,0.004594202142981389,-0.0004969928779144671,-0.0024578037396048393,3.5466472731971965e-05,2.754808915815334e-06,9.799908353263875,-4.615570794181926e-10,5.330484785026234e-08,-4.989105561004673e-08,0.9999999999999973,0.0;0.0;0.0;0.0;0.0;0.0;0.0;0.0;0.0,7.621289842063561e-05;0.0;0.0;0.0;7.621289842063561e-05;0.0;0.0;0.0;7.621289842063561e-05,3.999999975690116e-08;0.0;0.0;0.0;3.999999975690116e-08;0.0;0.0;0.0;3.999999975690116e-08
35,360000000,35.36,imu_link,-0.0070510322002105014,-0.02520548954433051,-0.017088019318741356,-3.8840332533975766e-05,0.0001169550792824852,9.800264886571215,-4.6155707938698873e-10,5.3304847850385174e-08,-4.989105561005575e-08,0.9999999999999973,0.0;0.0;0.0;0.0;0.0;0.0;0.0;0.0;0.0,7.621289842063561e-05;0.0;0.0;0.0;7.621289842063561e-05;0.0;0.0;0.0;7.621289842063561e-05,3.999999975690116e-08;0.0;0.0;0.0;3.999999975690116e-08;0.0;0.0;0.0;3.999999975690116e-08
35,380000000,35.38,imu_link,-0.0021995714028613927,-0.0005998133920555389,0.0037856440925796973,-3.1847249808659674e-05,-0.0001706845607320748,9.800236682293209,-4.6155707948460157e-10,5.330484785048014e-08,-4.989105561006719e-08,0.9999999999999973,0.0;0.0;0.0;0.0;0.0;0.0;0.0;0.0;0.0,7.621289842063561e-05;0.0;0.0;0.0;7.621289842063561e-05;0.0;0.0;0.0;7.621289842063561e-05,3.999999975690116e-08;0.0;0.0;0.0;3.999999975690116e-08;0.0;0.0;0.0;3.999999975690116e-08
35,400000000,35.4,imu_link,0.012696178053137759,0.003079533950209523,-0.0002541724874641805,5.3247442907682305e-05,-1.3926998688631185e-05,9.799682090291059,-4.6155707966512805e-10,5.330484785070401e-08,-4.989105561007919e-08,0.9999999999999973,0.0;0.0;0.0;0.0;0.0;0.0;0.0;0.0;0.0,7.621289842063561e-05;0.0;0.0;0.0;7.621289842063561e-05;0.0;0.0;0.0;7.621289842063561e-05,3.999999975690116e-08;0.0;0.0;0.0;3.999999975690116e-08;0.0;0.0;0.0;3.999999975690116e-08
35,420000000,35.42,imu_link,0.004667774437508989,0.007272961204793467,-0.004448225619449796,-5.0658066326691374e-05,-6.212392829010426e-05,9.800291242780343,-4.6155707935036613e-10,5.3304847850844874e-08,-4.989105561009053e-08,0.9999999999999973,0.0;0.0;0.0;0.0;0.0;0.0;0.0;0.0;0.0,7.621289842063561e-05;0.0;0.0;0.0;7.621289842063561e-05;0.0;0.0;0.0;7.621289842063561e-05,3.999999975690116e-08;0.0;0.0;0.0;3.999999975690116e-08;0.0;0.0;0.0;3.999999975690116e-08
35,440000000,35.44,imu_link,0.003578423379882516,0.010367438946867707,0.006209657180404879,-0.0002656706287868185,0.00026952982632733123,9.800203445567009,-4.61557079410968e-10,5.3304847850893036e-08,-4.989105561009961e-08,0.9999999999999973,0.0;0.0;0.0;0.0;0.0;0.0;0.0;0.0;0.0,7.621289842063561e-05;0.0;0.0;0.0;7.621289842063561e-05;0.0;0.0;0.0;7.621289842063561e-05,3.999999975690116e-08;0.0;0.0;0.0;3.999999975690116e-08;0.0;0.0;0.0;3.999999975690116e-08
35,460000000,35.46,imu_link,0.0023224584376346368,0.010067485647445482,0.014386515313977522,0.00029816984352980296,-0.0001366351730189748,9.799825795798851,-4.615570793712958e-10,5.330484785053749e-08,-4.9891055610111765e-08,0.9999999999999973,0.0;0.0;0.0;0.0;0.0;0.0;0.0;0.0;0.0,7.621289842063561e-05;0.0;0.0;0.0;7.621289842063561e-05;0.0;0.0;0.0;7.621289842063561e-05,3.999999975690116e-08;0.0;0.0;0.0;3.999999975690116e-08;0.0;0.0;0.0;3.999999975690116e-08
35,480000000,35.48,imu_link,0.0075192042709786334,-0.008429088293393987,0.004781646916384324,-0.0001624916881447712,-0.00010070545132082097,9.800348543501178,-4.6155707967349814e-10,5.3304847850868366e-08,-4.989105561012287e-08,0.9999999999999973,0.0;0.0;0.0;0.0;0.0;0.0;0.0;0.0;0.0,7.621289842063561e-05;0.0;0.0;0.0;7.621289842063561e-05;0.0;0.0;0.0;7.621289842063561e-05,3.999999975690116e-08;0.0;0.0;0.0;3.999999975690116e-08;0.0;0.0;0.0;3.999999975690116e-08
35,500000000,35.5,imu_link,0.01026841723179313,0.0020249702845723605,0.007617483693233194,0.0001880720412826532,-0.0004393284333755094,9.800133865502493,-4.6155707949870025e-10,5.3304847850403974e-08,-4.9891055610134165e-08,0.9999999999999973,0.0;0.0;0.0;0.0;0.0;0.0;0.0;0.0;0.0,7.621289842063561e-05;0.0;0.0;0.0;7.621289842063561e-05;0.0;0.0;0.0;7.621289842063561e-05,3.999999975690116e-08;0.0;0.0;0.0;3.999999975690116e-08;0.0;0.0;0.0;3.999999975690116e-08
35,520000000,35.52,imu_link,0.008052551182060757,-0.0036542064473931352,-0.003832710413609556,-0.00029744142569861944,-1.9599809007281535e-05,9.800072078670027,-4.615570794568383e-10,5.330484785051886e-08,-4.989105561014352e-08,0.9999999999999973,0.0;0.0;0.0;0.0;0.0;0.0;0.0;0.0;0.0,7.621289842063561e-05;0.0;0.0;0.0;7.621289842063561e-05;0.0;0.0;0.0;7.621289842063561e-05,3.999999975690116e-08;0.0;0.0;0.0;3.999999975690116e-08;0.0;0.0;0.0;3.999999975690116e-08
35,540000000,35.54,imu_link,0.010456501480835418,-0.0075370248657767305,-0.004194320782724371,-0.0001816932187638804,1.506706718681992e-05,9.800094251838477,-4.6155707936766636e-10,5.330484785069063e-08,-4.98910556101541e-08,0.9999999999999973,0.0;0.0;0.0;0.0;0.0;0.0;0.0;0.0;0.0,7.621289842063561e-05;0.0;0.0;0.0;7.621289842063561e-05;0.0;0.0;0.0;7.621289842063561e-05,3.999999975690116e-08;0.0;0.0;0.0;3.999999975690116e-08;0.0;0.0;0.0;3.999999975690116e-08
35,560000000,35.56,imu_link,-0.003482744094309409,0.006839149706067853,0.0046422756410590205,0.00022125761332910922,-0.00022844046678905798,9.799967878630612,-4.615570797041534e-10,5.330484785084382e-08,-4.9891055610165895e-08,0.9999999999999973,0.0;0.0;0.0;0.0;0.0;0.0;0.0;0.0;0.0,7.621289842063561e-05;0.0;0.0;0.0;7.621289842063561e-05;0.0;0.0;0.0;7.621289842063561e-05,3.999999975690116e-08;0.0;0.0;0.0;3.999999975690116e-08;0.0;0.0;0.0;3.999999975690116e-08
35,580000000,35.58,imu_link,-0.007730223655979896,0.0029079439682875175,-0.023921959355640034,-0.0002882622584670354,-0.0002558018419391415,9.800171132281504,-4.61557079469411e-10,5.330484785025831e-08,-4.9891055610177807e-08,0.9999999999999973,0.0;0.0;0.0;0.0;0.0;0.0;0.0;0.0;0.0,7.621289842063561e-05;0.0;0.0;0.0;7.621289842063561e-05;0.0;0.0;0.0;7.621289842063561e-05,3.999999975690116e-08;0.0;0.0;0.0;3.999999975690116e-08;0.0;0.0;0.0;3.999999975690116e-08
35,600000000,35.6,imu_link,0.013752128997271887,-0.0017849550523699226,0.0006038361739215653,4.877758448521988e-05,-0.00011902139930833462,9.79996235437706,-4.6155707963862607e-10,5.33048478505962e-08,-4.989105561019052e-08,0.9999999999999973,0.0;0.0;0.0;0.0;0.0;0.0;0.0;0.0;0.0,7.621289842063561e-05;0.0;0.0;0.0;7.621289842063561e-05;0.0;0.0;0.0;7.621289842063561e-05,3.999999975690116e-08;0.0;0.0;0.0;3.999999975690116e-08;0.0;0.0;0.0;3.999999975690116e-08
35,620000000,35.62,imu_link,-0.004896100863214925,0.002611413038519089,-0.020344624782022022,0.00031556996665187153,-0.00011947930747620609,9.79985021729187,-4.615570794744693e-10,5.330484785071299e-08,-4.989105561020392e-08,0.9999999999999973,0.0;0.0;0.0;0.0;0.0;0.0;0.0;0.0;0.0,7.621289842063561e-05;0.0;0.0;0.0;7.621289842063561e-05;0.0;0.0;0.0;7.621289842063561e-05,3.999999975690116e-08;0.0;0.0;0.0;3.999999975690116e-08;0.0;0.0;0.0;3.999999975690116e-08
35,640000000,35.64,imu_link,-0.013661486533747191,0.0008359889587245937,-0.01130579103659849,0.00020098616515432858,0.00019942598627832066,9.800490897842337,-4.6155707957713263e-10,5.330484785069826e-08,-4.989105561021586e-08,0.9999999999999973,0.0;0.0;0.0;0.0;0.0;0.0;0.0;0.0;0.0,7.621289842063561e-05;0.0;0.0;0.0;7.621289842063561e-05;0.0;0.0;0.0;7.621289842063561e-05,3.999999975690116e-08;0.0;0.0;0.0;3.999999975690116e-08;0.0;0.0;0.0;3.999999975690116e-08
35,660000000,35.66,imu_link,-0.0057157091974564065,0.001066783828505701,-0.008505290729059362,0.00027745018769101875,-0.00026320495742606184,9.80008964100981,-4.615570794071015e-10,5.330484785035376e-08,-4.9891055610226035e-08,0.9999999999999973,0.0;0.0;0.0;0.0;0.0;0.0;0.0;0.0;0.0,7.621289842063561e-05;0.0;0.0;0.0;7.621289842063561e-05;0.0;0.0;0.0;7.621289842063561e-05,3.999999975690116e-08;0.0;0.0;0.0;3.999999975690116e-08;0.0;0.0;0.0;3.999999975690116e-08
35,680000000,35.68,imu_link,-0.002760120852829489,0.004793150376421557,-0.0046960482955538,7.147510491260659e-05,-0.0001993110291542352,9.80024617680298,-4.615570794467953e-10,5.330484785057838e-08,-4.989105561023799e-08,0.9999999999999973,0.0;0.0;0.0;0.0;0.0;0.0;0.0;0.0;0.0,7.621289842063561e-05;0.0;0.0;0.0;7.621289842063561e-05;0.0;0.0;0.0;7.621289842063561e-05,3.999999975690116e-08;0.0;0.0;0.0;3.999999975690116e-08;0.0;0.0;0.0;3.999999975690116e-08
35,700000000,35.7,imu_link,-0.0037640368493036093,-0.004484802077384276,-0.011233293814707255,4.721799072990482e-05,-5.42779314817291e-05,9.799893224399131,-4.615570796661896e-10,5.330484785073544e-08,-4.989105561024984e-08,0.9999999999999973,0.0;0.0;0.0;0.0;0.0;0.0;0.0;0.0;0.0,7.621289842063561e-05;0.0;0.0;0.0;7.621289842063561e-05;0.0;0.0;0.0;7.621289842063561e-05,3.999999975690116e-08;0.0;0.0;0.0;3.999999975690116e-08;0.0;0.0;0.0;3.999999975690116e-08
35,720000000,35.72,imu_link,-0.005072638134471493,-0.009355293938932141,-8.908811478712751e-05,0.0003404330468064166,-0.0005939122843229825,9.800400038660898,-4.615570793405252e-10,5.3304847850870245e-08,-4.989105561026016e-08,0.9999999999999973,0.0;0.0;0.0;0.0;0.0;0.0;0.0;0.0;0.0,7.621289842063561e-05;0.0;0.0;0.0;7.621289842063561e-05;0.0;0.0;0.0;7.621289842063561e-05,3.999999975690116e-08;0.0;0.0;0.0;3.999999975690116e-08;0.0;0.0;0.0;3.999999975690116e-08
35,740000000,35.74,imu_link,0.01356316574238584,0.007389985064024718,-0.0022322051331190203,-0.00021637622222219795,-0.00040680768041491774,9.800215916757432,-4.615570794465915e-10,5.3304847850381064e-08,-4.9891055610271305e-08,0.9999999999999973,0.0;0.0;0.0;0.0;0.0;0.0;0.0;0.0;0.0,7.621289842063561e-05;0.0;0.0;0.0;7.621289842063561e-05;0.0;0.0;0.0;7.621289842063561e-05,3.999999975690116e-08;0.0;0.0;0.0;3.999999975690116e-08;0.0;0.0;0.0;3.999999975690116e-08
35,760000000,35.76,imu_link,-0.011484086234635501,-0.011339924646840778,-0.002980749670425765,0.00017845288263572997,2.0099391934290387e-05,9.80028200081597,-4.6155707952817145e-10,5.330484785054618e-08,-4.9891055610281926e-08,0.9999999999999973,0.0;0.0;0.0;0.0;0.0;0.0;0.0;0.0;0.0,7.621289842063561e-05;0.0;0.0;0.0;7.621289842063561e-05;0.0;0.0;0.0;7.621289842063561e-05,3.999999975690116e-08;0.0;0.0;0.0;3.999999975690116e-08;0.0;0.0;0.0;3.999999975690116e-08
35,780000000,35.78,imu_link,-0.006367592408257426,0.011536724546067205,-0.0037072221467643147,-1.2156470114701382e-06,-0.0002945230111645422,9.799949091271795,-4.615570796915032e-10,5.330484785089353e-08,-4.989105561029274e-08,0.9999999999999973,0.0;0.0;0.0;0.0;0.0;0.0;0.0;0.0;0.0,7.621289842063561e-05;0.0;0.0;0.0;7.621289842063561e-05;0.0;0.0;0.0;7.621289842063561e-05,3.999999975690116e-08;0.0;0.0;0.0;3.999999975690116e-08;0.0;0.0;0.0;3.999999975690116e-08
35,800000000,35.8,imu_link,0.015606039463381781,-0.008610875846634855,0.009869838105959067,0.00020914178563925746,-0.00034028922058136,9.800111820376175,-4.6155707945496576e-10,5.330484785030183e-08,-4.9891055610305126e-08,0.9999999999999973,0.0;0.0;0.0;0.0;0.0;0.0;0.0;0.0;0.0,7.621289842063561e-05;0.0;0.0;0.0;7.621289842063561e-05;0.0;0.0;0.0;7.621289842063561e-05,3.999999975690116e-08;0.0;0.0;0.0;3.999999975690116e-08;0.0;0.0;0.0;3.999999975690116e-08
35,820000000,35.82,imu_link,0.008287319966054259,-0.015804842460755305,0.0002775606430169825,-7.376038268826287e-05,2.209307131790634e-05,9.799844821661557,-4.6155707952648095e-10,5.330484785046941e-08,-4.9891055610314166e-08,0.9999999999999973,0.0;0.0;0.0;0.0;0.0;0.0;0.0;0.0;0.0,7.621289842063561e-05;0.0;0.0;0.0;7.621289842063561e-05;0.0;0.0;0.0;7.621289842063561e-05,3.999999975690116e-08;0.0;0.0;0.0;3.999999975690116e-08;0.0;0.0;0.0;3.999999975690116e-08
35,840000000,35.84,imu_link,-0.005776108957550505,-0.012681530775812808,-0.006387220221408739,-7.805056763317054e-05,-0.00011287598847143104,9.800183225144346,-4.615570794568759e-10,5.330484785076671e-08,-4.989105561032461e-08,0.9999999999999973,0.0;0.0;0.0;0.0;0.0;0.0;0.0;0.0;0.0,7.621289842063561e-05;0.0;0.0;0.0;7.621289842063561e-05;0.0;0.0;0.0;7.621289842063561e-05,3.999999975690116e-08;0.0;0.0;0.0;3.999999975690116e-08;0.0;0.0;0.0;3.999999975690116e-08
35,860000000,35.86,imu_link,0.011423569522800528,-0.01029828071906846,0.004152055974665168,0.00010838535953513068,0.0001494398188941625,9.800177361663183,-4.615570794097991e-10,5.330484785074835e-08,-4.989105561033432e-08,0.9999999999999973,0.0;0.0;0.0;0.0;0.0;0.0;0.0;0.0;0.0,7.621289842063561e-05;0.0;0.0;0.0;7.621289842063561e-05;0.0;0.0;0.0;7.621289842063561e-05,3.999999975690116e-08;0.0;0.0;0.0;3.999999975690116e-08;0.0;0.0;0.0;3.999999975690116e-08
35,880000000,35.88,imu_link,0.006228201288605859,-0.002930711485446047,0.0013812814261392578,0.0003190099157993437,6.129039688134894e-05,9.800127947628663,-4.6155707939238815e-10,5.3304847850397694e-08,-4.98910556103445e-08,0.9999999999999973,0.0;0.0;0.0;0.0;0.0;0.0;0.0;0.0;0.0,7.621289842063561e-05;0.0;0.0;0.0;7.621289842063561e-05;0.0;0.0;0.0;7.621289842063561e-05,3.999999975690116e-08;0.0;0.0;0.0;3.999999975690116e-08;0.0;0.0;0.0;3.999999975690116e-08
35,900000000,35.9,imu_link,-0.00026985728230394923,0.0012073324338832557,0.004844257489340238,1.3637750840743778e-05,-0.00014448117921996934,9.800244938716098,-4.6155707945273454e-10,5.3304847850688716e-08,-4.989105561035702e-08,0.9999999999999973,0.0;0.0;0.0;0.0;0.0;0.0;0.0;0.0;0.0,7.621289842063561e-05;0.0;0.0;0.0;7.621289842063561e-05;0.0;0.0;0.0;7.621289842063561e-05,3.999999975690116e-08;0.0;0.0;0.0;3.999999975690116e-08;0.0;0.0;0.0;3.999999975690116e-08
35,920000000,35.92,imu_link,-0.0026609440780363657,0.0009894758947567132,-0.008687623280577633,-7.755288158813891e-07,-5.964567001677998e-05,9.800341039440596,-4.61557079681502e-10,5.33048478508519e-08,-4.989105561036888e-08,0.9999999999999973,0.0;0.0;0.0;0.0;0.0;0.0;0.0;0.0;0.0,7.621289842063561e-05;0.0;0.0;0.0;7.621289842063561e-05;0.0;0.0;0.0;7.621289842063561e-05,3.999999975690116e-08;0.0;0.0;0.0;3.999999975690116e-08;0.0;0.0;0.0;3.999999975690116e-08
35,940000000,35.94,imu_link,0.005688034636442425,-0.005806118168356016,0.028749137104890226,0.00012561592516030352,-0.00023168464765970659,9.800172750692528,-4.61557079546188e-10,5.33048478503172e-08,-4.989105561037998e-08,0.9999999999999973,0.0;0.0;0.0;0.0;0.0;0.0;0.0;0.0;0.0,7.621289842063561e-05;0.0;0.0;0.0;7.621289842063561e-05;0.0;0.0;0.0;7.621289842063561e-05,3.999999975690116e-08;0.0;0.0;0.0;3.999999975690116e-08;0.0;0.0;0.0;3.999999975690116e-08
35,960000000,35.96,imu_link,-0.0021077724075562014,-0.0033733699906918282,-0.002592317939124348,0.00031666263312057485,-1.452712797437054e-06,9.79973201638471,-4.6155707938409427e-10,5.33048478504303e-08,-4.9891055610391994e-08,0.9999999999999973,0.0;0.0;0.0;0.0;0.0;0.0;0.0;0.0;0.0,7.621289842063561e-05;0.0;0.0;0.0;7.621289842063561e-05;0.0;0.0;0.0;7.621289842063561e-05,3.999999975690116e-08;0.0;0.0;0.0;3.999999975690116e-08;0.0;0.0;0.0;3.999999975690116e-08
35,980000000,35.98,imu_link,-0.0003458532575392331,-0.0014306967570908422,-0.005831232027147695,0.0001149615812470763,-0.0004291093989635486,9.800429802484244,-4.6155707941783476e-10,5.330484785065665e-08,-4.989105561040506e-08,0.9999999999999973,0.0;0.0;0.0;0.0;0.0;0.0;0.0;0.0;0.0,7.621289842063561e-05;0.0;0.0;0.0;7.621289842063561e-05;0.0;0.0;0.0;7.621289842063561e-05,3.999999975690116e-08;0.0;0.0;0.0;3.999999975690116e-08;0.0;0.0;0.0;3.999999975690116e-08
36,0,36.0,imu_link,-0.0082199173833171,-0.0007693020632343334,-0.00646416715660585,-9.287643291969182e-05,-0.0002996886546842106,9.799885172678882,-4.615570793885026e-10,5.33048478503024e-08,-4.9891055610417676e-08,0.9999999999999973,0.0;0.0;0.0;0.0;0.0;0.0;0.0;0.0;0.0,7.621289842063561e-05;0.0;0.0;0.0;7.621289842063561e-05;0.0;0.0;0.0;7.621289842063561e-05,3.999999975690116e-08;0.0;0.0;0.0;3.999999975690116e-08;0.0;0.0;0.0;3.999999975690116e-08
36,20000000,36.02,imu_link,-0.007506821925309588,-0.006705556712101989,-0.005094474344135525,9.706045574385416e-05,-0.00012111198285325958,9.799618639504928,-4.615570794673541e-10,5.330484785048206e-08,-4.9891055610430864e-08,0.9999999999999973,0.0;0.0;0.0;0.0;0.0;0.0;0.0;0.0;0.0,7.621289842063561e-05;0.0;0.0;0.0;7.621289842063561e-05;0.0;0.0;0.0;7.621289842063561e-05,3.999999975690116e-08;0.0;0.0;0.0;3.999999975690116e-08;0.0;0.0;0.0;3.999999975690116e-08
36,40000000,36.04,imu_link,0.005584918476263772,0.0055282124578526215,-0.0033346285710852287,0.00012093483102940296,0.00020618631981286306,9.799819408669755,-4.6155707952395335e-10,5.330484785052391e-08,-4.989105561044188e-08,0.9999999999999973,0.0;0.0;0.0;0.0;0.0;0.0;0.0;0.0;0.0,7.621289842063561e-05;0.0;0.0;0.0;7.621289842063561e-05;0.0;0.0;0.0;7.621289842063561e-05,3.999999975690116e-08;0.0;0.0;0.0;3.999999975690116e-08;0.0;0.0;0.0;3.999999975690116e-08
36,60000000,36.06,imu_link,0.007580233206478756,0.00597217095653215,0.007422399898688082,-4.5619693065795047e-05,-0.0002593216857487714,9.80047021056709,-4.6155707970066983e-10,5.330484785086705e-08,-4.989105561045326e-08,0.9999999999999973,0.0;0.0;0.0;0.0;0.0;0.0;0.0;0.0;0.0,7.621289842063561e-05;0.0;0.0;0.0;7.621289842063561e-05;0.0;0.0;0.0;7.621289842063561e-05,3.999999975690116e-08;0.0;0.0;0.0;3.999999975690116e-08;0.0;0.0;0.0;3.999999975690116e-08
36,80000000,36.08,imu_link,0.001816212032018022,-0.002388762215569905,-0.02063906450808143,-3.920125451492523e-05,-0.00022168189931971374,9.799934989027179,-4.615570794075651e-10,5.330484785035919e-08,-4.9891055610463204e-08,0.9999999999999973,0.0;0.0;0.0;0.0;0.0;0.0;0.0;0.0;0.0,7.621289842063561e-05;0.0;0.0;0.0;7.621289842063561e-05;0.0;0.0;0.0;7.621289842063561e-05,3.999999975690116e-08;0.0;0.0;0.0;3.999999975690116e-08;0.0;0.0;0.0;3.999999975690116e-08
36,100000000,36.1,imu_link,-0.004760129426559004,0.021864134253679994,0.0008513007700061776,7.275220498114432e-05,-0.00024353119416372314,9.800167425404812,-4.6155707945927516e-10,5.330484785054355e-08,-4.989105561047524e-08,0.9999999999999973,0.0;0.0;0.0;0.0;0.0;0.0;0.0;0.0;0.0,7.621289842063561e-05;0.0;0.0;0.0;7.621289842063561e-05;0.0;0.0;0.0;7.621289842063561e-05,3.999999975690116e-08;0.0;0.0;0.0;3.999999975690116e-08;0.0;0.0;0.0;3.999999975690116e-08
36,120000000,36.12,imu_link,-0.007360769546870401,0.0066415237165330255,0.0009897681358967856,7.018154490861355e-05,0.00023661350736759075,9.799921343774956,-4.6155707954630614e-10,5.330484785053655e-08,-4.989105561048689e-08,0.9999999999999973,0.0;0.0;0.0;0.0;0.0;0.0;0.0;0.0;0.0,7.621289842063561e-05;0.0;0.0;0.0;7.621289842063561e-05;0.0;0.0;0.0;7.621289842063561e-05,3.999999975690116e-08;0.0;0.0;0.0;3.999999975690116e-08;0.0;0.0;0.0;3.999999975690116e-08
36,140000000,36.14,imu_link,-0.0009176147281422112,0.004286923614193349,-0.004468007060409686,0.0004023655219579863,-0.0006930385516112019,9.799879399936588,-4.615570797019619e-10,5.330484785088632e-08,-4.9891055610499156e-08,0.9999999999999973,0.0;0.0;0.0;0.0;0.0;0.0;0.0;0.0;0.0,7.621289842063561e-05;0.0;0.0;0.0;7.621289842063561e-05;0.0;0.0;0.0;7.621289842063561e-05,3.999999975690116e-08;0.0;0.0;0.0;3.999999975690116e-08;0.0;0.0;0.0;3.999999975690116e-08
36,160000000,36.16,imu_link,0.01026633668044614,0.001355701082499937,0.000946903914321295,0.00010809417833044588,-3.7698886114862575e-05,9.799822270539739,-4.615570795592088e-10,5.330484785035994e-08,-4.9891055610511246e-08,0.9999999999999973,0.0;0.0;0.0;0.0;0.0;0.0;0.0;0.0;0.0,7.621289842063561e-05;0.0;0.0;0.0;7.621289842063561e-05;0.0;0.0;0.0;7.621289842063561e-05,3.999999975690116e-08;0.0;0.0;0.0;3.999999975690116e-08;0.0;0.0;0.0;3.999999975690116e-08
36,180000000,36.18,imu_link,0.02098221755402982,0.020857374333112123,-0.0034527727478325635,0.00034763249191063913,0.0002767565142686927,9.800235267545798,-4.6155707951297966e-10,5.3304847850470704e-08,-4.989105561052451e-08,0.9999999999999973,0.0;0.0;0.0;0.0;0.0;0.0;0.0;0.0;0.0,7.621289842063561e-05;0.0;0.0;0.0;7.621289842063561e-05;0.0;0.0;0.0;7.621289842063561e-05,3.999999975690116e-08;0.0;0.0;0.0;3.999999975690116e-08;0.0;0.0;0.0;3.999999975690116e-08
36,200000000,36.2,imu_link,-0.003750534346499993,0.0009845815916149259,-9.756748650370823e-05,0.00017907730716310927,-0.0003368692043200179,9.800208418970454,-4.6155707941726607e-10,5.33048478507791e-08,-4.9891055610536816e-08,0.9999999999999973,0.0;0.0;0.0;0.0;0.0;0.0;0.0;0.0;0.0,7.621289842063561e-05;0.0;0.0;0.0;7.621289842063561e-05;0.0;0.0;0.0;7.621289842063561e-05,3.999999975690116e-08;0.0;0.0;0.0;3.999999975690116e-08;0.0;0.0;0.0;3.999999975690116e-08
36,220000000,36.22,imu_link,-0.009956612880466741,0.005309693210740741,-0.005013462846998521,0.00014113117628340705,-0.00024215484936000752,9.800370526399345,-4.615570795242315e-10,5.330484785028637e-08,-4.9891055610549595e-08,0.9999999999999973,0.0;0.0;0.0;0.0;0.0;0.0;0.0;0.0;0.0,7.621289842063561e-05;0.0;0.0;0.0;7.621289842063561e-05;0.0;0.0;0.0;7.621289842063561e-05,3.999999975690116e-08;0.0;0.0;0.0;3.999999975690116e-08;0.0;0.0;0.0;3.999999975690116e-08
36,240000000,36.24,imu_link,-0.00497493346606383,-0.00459917538934872,0.01028465984461618,-0.0001655773361195184,0.0001426222382182713,9.800023176517318,-4.6155707948059895e-10,5.33048478502905e-08,-4.9891055610561585e-08,0.9999999999999973,0.0;0.0;0.0;0.0;0.0;0.0;0.0;0.0;0.0,7.621289842063561e-05;0.0;0.0;0.0;7.621289842063561e-05;0.0;0.0;0.0;7.621289842063561e-05,3.999999975690116e-08;0.0;0.0;0.0;3.999999975690116e-08;0.0;0.0;0.0;3.999999975690116e-08
36,260000000,36.26,imu_link,-0.0026958004111272476,0.00019216385158213285,0.00834827682379619,0.00042660271380188554,-0.0003365618056527397,9.800109332569733,-4.6155707953550254e-10,5.330484785047299e-08,-4.989105561057507e-08,0.9999999999999973,0.0;0.0;0.0;0.0;0.0;0.0;0.0;0.0;0.0,7.621289842063561e-05;0.0;0.0;0.0;7.621289842063561e-05;0.0;0.0;0.0;7.621289842063561e-05,3.999999975690116e-08;0.0;0.0;0.0;3.999999975690116e-08;0.0;0.0;0.0;3.999999975690116e-08
36,280000000,36.28,imu_link,-0.010213445883490827,-0.001757504160893707,-0.002063493799338796,0.00011139001642772431,-0.00016244216367197658,9.800385897082482,-4.615570795861474e-10,5.330484785065075e-08,-4.989105561058864e-08,0.9999999999999973,0.0;0.0;0.0;0.0;0.0;0.0;0.0;0.0;0.0,7.621289842063561e-05;0.0;0.0;0.0;7.621289842063561e-05;0.0;0.0;0.0;7.621289842063561e-05,3.999999975690116e-08;0.0;0.0;0.0;3.999999975690116e-08;0.0;0.0;0.0;3.999999975690116e-08
36,300000000,36.3,imu_link,-0.004923905388537994,0.00016949867060860488,-0.011014325983336905,0.00024351799246409748,-0.00012256765967398882,9.800048120632248,-4.6155707940345386e-10,5.330484785031014e-08,-4.989105561060271e-08,0.9999999999999973,0.0;0.0;0.0;0.0;0.0;0.0;0.0;0.0;0.0,7.621289842063561e-05;0.0;0.0;0.0;7.621289842063561e-05;0.0;0.0;0.0;7.621289842063561e-05,3.999999975690116e-08;0.0;0.0;0.0;3.999999975690116e-08;0.0;0.0;0.0;3.999999975690116e-08
36,320000000,36.32,imu_link,-0.00018943912584698275,0.006289340072201018,0.008615566231451165,0.0004559292440639109,-0.0002641366090348974,9.800319210719218,-4.615570794494767e-10,5.330484785060349e-08,-4.989105561061728e-08,0.9999999999999973,0.0;0.0;0.0;0.0;0.0;0.0;0.0;0.0;0.0,7.621289842063561e-05;0.0;0.0;0.0;7.621289842063561e-05;0.0;0.0;0.0;7.621289842063561e-05,3.999999975690116e-08;0.0;0.0;0.0;3.999999975690116e-08;0.0;0.0;0.0;3.999999975690116e-08
36,340000000,36.34,imu_link,-0.010874938990801015,0.012006598956889703,0.0008105841946465391,0.0001338408995582324,0.00013870745532432876,9.800075592341049,-4.615570796548729e-10,5.330484785064949e-08,-4.9891055610632e-08,0.9999999999999973,0.0;0.0;0.0;0.0;0.0;0.0;0.0;0.0;0.0,7.621289842063561e-05;0.0;0.0;0.0;7.621289842063561e-05;0.0;0.0;0.0;7.621289842063561e-05,3.999999975690116e-08;0.0;0.0;0.0;3.999999975690116e-08;0.0;0.0;0.0;3.999999975690116e-08
36,360000000,36.36,imu_link,-0.012410399075594313,0.005092050338841766,-0.007119449001978347,0.0001618024211023198,-8.968817382200018e-05,9.800489974690873,-4.6155707948281e-10,5.330484785030115e-08,-4.9891055610648644e-08,0.9999999999999973,0.0;0.0;0.0;0.0;0.0;0.0;0.0;0.0;0.0,7.621289842063561e-05;0.0;0.0;0.0;7.621289842063561e-05;0.0;0.0;0.0;7.621289842063561e-05,3.999999975690116e-08;0.0;0.0;0.0;3.999999975690116e-08;0.0;0.0;0.0;3.999999975690116e-08
36,380000000,36.38,imu_link,-0.004200252786872272,-0.008351357743297986,-0.0033532774616075083,0.00012592576870220637,-8.528665234532702e-05,9.800127302064343,-4.6155707940544556e-10,5.3304847850489775e-08,-4.9891055610664745e-08,0.9999999999999973,0.0;0.0;0.0;0.0;0.0;0.0;0.0;0.0;0.0,7.621289842063561e-05;0.0;0.0;0.0;7.621289842063561e-05;0.0;0.0;0.0;7.621289842063561e-05,3.999999975690116e-08;0.0;0.0;0.0;3.999999975690116e-08;0.0;0.0;0.0;3.999999975690116e-08
36,400000000,36.4,imu_link,-0.00032964167580159577,-0.013004814933795327,-0.002045034879691402,0.00013450566463058222,-0.0005173962281672025,9.800204874775442,-4.615570794890795e-10,5.3304847850666336e-08,-4.9891055610681527e-08,0.9999999999999973,0.0;0.0;0.0;0.0;0.0;0.0;0.0;0.0;0.0,7.621289842063561e-05;0.0;0.0;0.0;7.621289842063561e-05;0.0;0.0;0.0;7.621289842063561e-05,3.999999975690116e-08;0.0;0.0;0.0;3.999999975690116e-08;0.0;0.0;0.0;3.999999975690116e-08
36,420000000,36.42,imu_link,-0.0012964305673686277,0.0017453801314174986,0.012996120829798275,0.0002703383061829994,3.9224194048457765e-05,9.800313620783598,-4.6155707944355067e-10,5.330484785076946e-08,-4.989105561069939e-08,0.9999999999999973,0.0;0.0;0.0;0.0;0.0;0.0;0.0;0.0;0.0,7.621289842063561e-05;0.0;0.0;0.0;7.621289842063561e-05;0.0;0.0;0.0;7.621289842063561e-05,3.999999975690116e-08;0.0;0.0;0.0;3.999999975690116e-08;0.0;0.0;0.0;3.999999975690116e-08
36,440000000,36.44,imu_link,-0.017403998674700286,-0.00331886551508781,-0.003387899345650796,-0.00019821812544121086,-0.00019192281245539018,9.800159685136009,-4.6155707941379874e-10,5.330484785088635e-08,-4.989105561071622e-08,0.9999999999999973,0.0;0.0;0.0;0.0;0.0;0.0;0.0;0.0;0.0,7.621289842063561e-05;0.0;0.0;0.0;7.621289842063561e-05;0.0;0.0;0.0;7.621289842063561e-05,3.999999975690116e-08;0.0;0.0;0.0;3.999999975690116e-08;0.0;0.0;0.0;3.999999975690116e-08
36,460000000,36.46,imu_link,-0.00032388846711073246,-0.010361919236243737,-0.005542538270741998,8.697699694286934e-05,9.864743766086848e-05,9.800257831063089,-4.615570795326647e-10,5.330484785041745e-08,-4.989105561073238e-08,0.9999999999999973,0.0;0.0;0.0;0.0;0.0;0.0;0.0;0.0;0.0,7.621289842063561e-05;0.0;0.0;0.0;7.621289842063561e-05;0.0;0.0;0.0;7.621289842063561e-05,3.999999975690116e-08;0.0;0.0;0.0;3.999999975690116e-08;0.0;0.0;0.0;3.999999975690116e-08
36,480000000,36.48,imu_link,0.0010873089208068368,-0.011410178679585601,0.006807189184238116,0.0004957258932319338,-0.000295848409884415,9.800151895711746,-4.6155707937554194e-10,5.330484785053863e-08,-4.98910556107498e-08,0.9999999999999973,0.0;0.0;0.0;0.0;0.0;0.0;0.0;0.0;0.0,7.621289842063561e-05;0.0;0.0;0.0;7.621289842063561e-05;0.0;0.0;0.0;7.621289842063561e-05,3.999999975690116e-08;0.0;0.0;0.0;3.999999975690116e-08;0.0;0.0;0.0;3.999999975690116e-08
36,500000000,36.5,imu_link,-0.018440294082101346,0.001974152869177304,-0.007166040249764695,0.00023630696706493078,3.700115809425987e-05,9.800283032992814,-4.6155707968341857e-10,5.3304847850878934e-08,-4.9891055610766634e-08,0.9999999999999973,0.0;0.0;0.0;0.0;0.0;0.0;0.0;0.0;0.0,7.621289842063561e-05;0.0;0.0;0.0;7.621289842063561e-05;0.0;0.0;0.0;7.621289842063561e-05,3.999999975690116e-08;0.0;0.0;0.0;3.999999975690116e-08;0.0;0.0;0.0;3.999999975690116e-08
36,520000000,36.52,imu_link,-0.001638118775214177,0.0030957101460504176,0.01284912889642308,0.00019490052440551242,-0.00026090893512089675,9.800198785972379,-4.6155707954368145e-10,5.3304847850346104e-08,-4.9891055610782436e-08,0.9999999999999973,0.0;0.0;0.0;0.0;0.0;0.0;0.0;0.0;0.0,7.621289842063561e-05;0.0;0.0;0.0;7.621289842063561e-05;0.0;0.0;0.0;7.621289842063561e-05,3.999999975690116e-08;0.0;0.0;0.0;3.999999975690116e-08;0.0;0.0;0.0;3.999999975690116e-08
36,540000000,36.54,imu_link,0.01753388016025312,0.006550293704029627,0.00808905885433148,-0.00012123869296128099,-0.00033001170928553185,9.800408820974768,-4.615570795048217e-10,5.330484785045651e-08,-4.989105561080023e-08,0.9999999999999973,0.0;0.0;0.0;0.0;0.0;0.0;0.0;0.0;0.0,7.621289842063561e-05;0.0;0.0;0.0;7.621289842063561e-05;0.0;0.0;0.0;7.621289842063561e-05,3.999999975690116e-08;0.0;0.0;0.0;3.999999975690116e-08;0.0;0.0;0.0;3.999999975690116e-08
36,560000000,36.56,imu_link,-0.009864236476475285,-0.002424028903290278,0.016986565629514127,8.9287209935855e-05,1.3648826128496167e-05,9.799945706831227,-4.615570794159773e-10,5.330484785074828e-08,-4.989105561081844e-08,0.9999999999999973,0.0;0.0;0.0;0.0;0.0;0.0;0.0;0.0;0.0,7.621289842063561e-05;0.0;0.0;0.0;7.621289842063561e-05;0.0;0.0;0.0;7.621289842063561e-05,3.999999975690116e-08;0.0;0.0;0.0;3.999999975690116e-08;0.0;0.0;0.0;3.999999975690116e-08
36,580000000,36.58,imu_link,0.004573242480875638,0.00245660986065638,0.010065940139093489,-1.0452110416976534e-05,-2.9644804972808465e-05,9.800061777000513,-4.615570795167568e-10,5.3304847850273795e-08,-4.9891055610834886e-08,0.9999999999999973,0.0;0.0;0.0;0.0;0.0;0.0;0.0;0.0;0.0,7.621289842063561e-05;0.0;0.0;0.0;7.621289842063561e-05;0.0;0.0;0.0;7.621289842063561e-05,3.999999975690116e-08;0.0;0.0;0.0;3.999999975690116e-08;0.0;0.0;0.0;3.999999975690116e-08
36,600000000,36.6,imu_link,0.010654075196392316,0.01090611622729977,-0.013188811631453204,0.00028516893620824567,9.768833461425247e-06,9.8001691519853,-4.6155707958535274e-10,5.330484785044968e-08,-4.989105561085192e-08,0.9999999999999973,0.0;0.0;0.0;0.0;0.0;0.0;0.0;0.0;0.0,7.621289842063561e-05;0.0;0.0;0.0;7.621289842063561e-05;0.0;0.0;0.0;7.621289842063561e-05,3.999999975690116e-08;0.0;0.0;0.0;3.999999975690116e-08;0.0;0.0;0.0;3.999999975690116e-08
36,620000000,36.62,imu_link,-0.003098448081365839,-0.006426102320324704,-0.0023610962638675984,-5.780537774584828e-05,-0.0003248563401956387,9.799693149970157,-4.615570796332486e-10,5.3304847850740835e-08,-4.989105561086827e-08,0.9999999999999973,0.0;0.0;0.0;0.0;0.0;0.0;0.0;0.0;0.0,7.621289842063561e-05;0.0;0.0;0.0;7.621289842063561e-05;0.0;0.0;0.0;7.621289842063561e-05,3.999999975690116e-08;0.0;0.0;0.0;3.999999975690116e-08;0.0;0.0;0.0;3.999999975690116e-08
36,640000000,36.64,imu_link,0.015490889736497286,-0.0027185576763114052,0.006583630062097486,0.00010253371789102668,-0.0005540141413130764,9.79973211595743,-4.6155707943257967e-10,5.3304847850740206e-08,-4.989105561088353e-08,0.9999999999999973,0.0;0.0;0.0;0.0;0.0;0.0;0.0;0.0;0.0,7.621289842063561e-05;0.0;0.0;0.0;7.621289842063561e-05;0.0;0.0;0.0;7.621289842063561e-05,3.999999975690116e-08;0.0;0.0;0.0;3.999999975690116e-08;0.0;0.0;0.0;3.999999975690116e-08
36,660000000,36.66,imu_link,0.009049397345527042,0.00166295704799814,-0.0006325605637117251,0.0002201272462213156,7.455234952835935e-05,9.800242130870314,-4.6155707937330184e-10,5.330484785039247e-08,-4.989105561089891e-08,0.9999999999999973,0.0;0.0;0.0;0.0;0.0;0.0;0.0;0.0;0.0,7.621289842063561e-05;0.0;0.0;0.0;7.621289842063561e-05;0.0;0.0;0.0;7.621289842063561e-05,3.999999975690116e-08;0.0;0.0;0.0;3.999999975690116e-08;0.0;0.0;0.0;3.999999975690116e-08
36,680000000,36.68,imu_link,-0.011642259134978353,-0.002769039709118802,-0.007928778754240742,6.932885702366022e-05,0.00013766331394155822,9.800262963889054,-4.6155707956253114e-10,5.3304847850421517e-08,-4.9891055610916155e-08,0.9999999999999973,0.0;0.0;0.0;0.0;0.0;0.0;0.0;0.0;0.0,7.621289842063561e-05;0.0;0.0;0.0;7.621289842063561e-05;0.0;0.0;0.0;7.621289842063561e-05,3.999999975690116e-08;0.0;0.0;0.0;3.999999975690116e-08;0.0;0.0;0.0;3.999999975690116e-08
36,700000000,36.7,imu_link,0.003932433227033159,-0.004624055169611471,-0.015311352629279653,0.0004952237498217312,0.00028165002174947634,9.800230116877291,-4.6155707948901163e-10,5.330484785070997e-08,-4.989105561093403e-08,0.9999999999999973,0.0;0.0;0.0;0.0;0.0;0.0;0.0;0.0;0.0,7.621289842063561e-05;0.0;0.0;0.0;7.621289842063561e-05;0.0;0.0;0.0;7.621289842063561e-05,3.999999975690116e-08;0.0;0.0;0.0;3.999999975690116e-08;0.0;0.0;0.0;3.999999975690116e-08
36,720000000,36.72,imu_link,0.0027268081252504353,0.00892408433798797,-0.007554092015658231,0.0001396206825578518,-0.0004381754127739211,9.800139192109082,-4.6155707954000706e-10,5.330484785087231e-08,-4.989105561095061e-08,0.9999999999999973,0.0;0.0;0.0;0.0;0.0;0.0;0.0;0.0;0.0,7.621289842063561e-05;0.0;0.0;0.0;7.621289842063561e-05;0.0;0.0;0.0;7.621289842063561e-05,3.999999975690116e-08;0.0;0.0;0.0;3.999999975690116e-08;0.0;0.0;0.0;3.999999975690116e-08
36,740000000,36.74,imu_link,-0.00725745639478403,-0.003790507076446456,-0.004528637395722243,-0.00024001931141987769,-0.0003566467735970446,9.800212136694075,-4.6155707949370774e-10,5.3304847850402425e-08,-4.989105561096833e-08,0.9999999999999973,0.0;0.0;0.0;0.0;0.0;0.0;0.0;0.0;0.0,7.621289842063561e-05;0.0;0.0;0.0;7.621289842063561e-05;0.0;0.0;0.0;7.621289842063561e-05,3.999999975690116e-08;0.0;0.0;0.0;3.999999975690116e-08;0.0;0.0;0.0;3.999999975690116e-08
36,760000000,36.76,imu_link,0.0036774003322638535,0.00824571106460171,-0.0034677000443733715,4.6576303479796004e-05,-7.845118435047031e-05,9.79990977588506,-4.6155707956542777e-10,5.3304847850562336e-08,-4.9891055610986604e-08,0.9999999999999973,0.0;0.0;0.0;0.0;0.0;0.0;0.0;0.0;0.0,7.621289842063561e-05;0.0;0.0;0.0;7.621289842063561e-05;0.0;0.0;0.0;7.621289842063561e-05,3.999999975690116e-08;0.0;0.0;0.0;3.999999975690116e-08;0.0;0.0;0.0;3.999999975690116e-08
36,780000000,36.78,imu_link,-0.0025737940402467854,-0.014846606116691927,0.008195928993981253,0.0002977856516234831,0.00019304737639088857,9.79997286065907,-4.6155707955589306e-10,5.330484785067614e-08,-4.9891055611006364e-08,0.9999999999999973,0.0;0.0;0.0;0.0;0.0;0.0;0.0;0.0;0.0,7.621289842063561e-05;0.0;0.0;0.0;7.621289842063561e-05;0.0;0.0;0.0;7.621289842063561e-05,3.999999975690116e-08;0.0;0.0;0.0;3.999999975690116e-08;0.0;0.0;0.0;3.999999975690116e-08
36,800000000,36.8,imu_link,-0.010921439636742487,-0.0037681066020901098,0.007144140539599017,0.00016097653032953263,-2.865787192914612e-05,9.800140816636771,-4.6155707940997783e-10,5.33048478503418e-08,-4.989105561102472e-08,0.9999999999999973,0.0;0.0;0.0;0.0;0.0;0.0;0.0;0.0;0.0,7.621289842063561e-05;0.0;0.0;0.0;7.621289842063561e-05;0.0;0.0;0.0;7.621289842063561e-05,3.999999975690116e-08;0.0;0.0;0.0;3.999999975690116e-08;0.0;0.0;0.0;3.999999975690116e-08
36,820000000,36.82,imu_link,0.010579534576296335,0.007071617163289999,0.013264262938175717,7.820270830256215e-06,-0.00023431604198930733,9.800062951689029,-4.615570796153422e-10,5.330484785049484e-08,-4.989105561104143e-08,0.9999999999999973,0.0;0.0;0.0;0.0;0.0;0.0;0.0;0.0;0.0,7.621289842063561e-05;0.0;0.0;0.0;7.621289842063561e-05;0.0;0.0;0.0;7.621289842063561e-05,3.999999975690116e-08;0.0;0.0;0.0;3.999999975690116e-08;0.0;0.0;0.0;3.999999975690116e-08
36,840000000,36.84,imu_link,-0.00023273376158415245,0.0036298136647658842,-0.004291403464966464,0.00026656318616474864,0.00024855536755791365,9.80033879039315,-4.615570794234868e-10,5.3304847850611503e-08,-4.989105561105959e-08,0.9999999999999973,0.0;0.0;0.0;0.0;0.0;0.0;0.0;0.0;0.0,7.621289842063561e-05;0.0;0.0;0.0;7.621289842063561e-05;0.0;0.0;0.0;7.621289842063561e-05,3.999999975690116e-08;0.0;0.0;0.0;3.999999975690116e-08;0.0;0.0;0.0;3.999999975690116e-08
36,860000000,36.86,imu_link,-0.0007830392010342176,-0.004601558147116627,0.0009820978805946397,-1.5905947875879015e-05,8.543590580083273e-05,9.799763193487593,-4.6155707940026627e-10,5.3304847850726065e-08,-4.9891055611076495e-08,0.9999999999999973,0.0;0.0;0.0;0.0;0.0;0.0;0.0;0.0;0.0,7.621289842063561e-05;0.0;0.0;0.0;7.621289842063561e-05;0.0;0.0;0.0;7.621289842063561e-05,3.999999975690116e-08;0.0;0.0;0.0;3.999999975690116e-08;0.0;0.0;0.0;3.999999975690116e-08
36,880000000,36.88,imu_link,0.003527639831004772,0.006383286626426504,-0.0071813138185473305,0.00017923631827386033,-0.00020301162717634055,9.800397090531222,-4.6155707960680034e-10,5.330484785041921e-08,-4.9891055611094634e-08,0.9999999999999973,0.0;0.0;0.0;0.0;0.0;0.0;0.0;0.0;0.0,7.621289842063561e-05;0.0;0.0;0.0;7.621289842063561e-05;0.0;0.0;0.0;7.621289842063561e-05,3.999999975690116e-08;0.0;0.0;0.0;3.999999975690116e-08;0.0;0.0;0.0;3.999999975690116e-08
36,900000000,36.9,imu_link,0.004748197814087168,0.006866663921040111,-0.006982800883014661,-8.607873187215801e-05,0.000126111363352614,9.800265878001618,-4.61557079448601e-10,5.330484785055564e-08,-4.989105561111225e-08,0.9999999999999973,0.0;0.0;0.0;0.0;0.0;0.0;0.0;0.0;0.0,7.621289842063561e-05;0.0;0.0;0.0;7.621289842063561e-05;0.0;0.0;0.0;7.621289842063561e-05,3.999999975690116e-08;0.0;0.0;0.0;3.999999975690116e-08;0.0;0.0;0.0;3.999999975690116e-08
36,920000000,36.92,imu_link,-0.0016882067533730005,0.0007403415053486528,0.0037129302138166585,-0.00023143258565827736,-0.00035025278871704904,9.799833119262049,-4.6155707964862394e-10,5.330484785070885e-08,-4.98910556111284e-08,0.9999999999999973,0.0;0.0;0.0;0.0;0.0;0.0;0.0;0.0;0.0,7.621289842063561e-05;0.0;0.0;0.0;7.621289842063561e-05;0.0;0.0;0.0;7.621289842063561e-05,3.999999975690116e-08;0.0;0.0;0.0;3.999999975690116e-08;0.0;0.0;0.0;3.999999975690116e-08
36,940000000,36.94,imu_link,-0.0023096797377656847,-0.005725089554685187,-0.001993628917772105,-4.9097149809999835e-05,-4.845834127349316e-05,9.800661313377061,-4.615570793791275e-10,5.330484785030556e-08,-4.989105561114467e-08,0.9999999999999973,0.0;0.0;0.0;0.0;0.0;0.0;0.0;0.0;0.0,7.621289842063561e-05;0.0;0.0;0.0;7.621289842063561e-05;0.0;0.0;0.0;7.621289842063561e-05,3.999999975690116e-08;0.0;0.0;0.0;3.999999975690116e-08;0.0;0.0;0.0;3.999999975690116e-08
36,960000000,36.96,imu_link,-0.0031336127803626252,0.009613401274855233,0.0013240530437589168,5.248763175577343e-05,-7.090768545731485e-05,9.800046060203941,-4.6155707960537563e-10,5.3304847850458984e-08,-4.98910556111625e-08,0.9999999999999973,0.0;0.0;0.0;0.0;0.0;0.0;0.0;0.0;0.0,7.621289842063561e-05;0.0;0.0;0.0;7.621289842063561e-05;0.0;0.0;0.0;7.621289842063561e-05,3.999999975690116e-08;0.0;0.0;0.0;3.999999975690116e-08;0.0;0.0;0.0;3.999999975690116e-08
36,980000000,36.98,imu_link,0.0005586273332378491,-0.0020723163360781274,-0.004321944264099965,0.00017251158311113715,-0.0001355086541400737,9.800287772945453,-4.6155707946074496e-10,5.330484785058495e-08,-4.989105561117869e-08,0.9999999999999973,0.0;0.0;0.0;0.0;0.0;0.0;0.0;0.0;0.0,7.621289842063561e-05;0.0;0.0;0.0;7.621289842063561e-05;0.0;0.0;0.0;7.621289842063561e-05,3.999999975690116e-08;0.0;0.0;0.0;3.999999975690116e-08;0.0;0.0;0.0;3.999999975690116e-08
37,0,37.0,imu_link,-0.0012692820404854154,-0.002164637907030233,0.01107582059678335,-1.938405449430267e-05,2.4038959899781056e-05,9.799843342591808,-4.6155707941160045e-10,5.330484785068974e-08,-4.989105561119415e-08,0.9999999999999973,0.0;0.0;0.0;0.0;0.0;0.0;0.0;0.0;0.0,7.621289842063561e-05;0.0;0.0;0.0;7.621289842063561e-05;0.0;0.0;0.0;7.621289842063561e-05,3.999999975690116e-08;0.0;0.0;0.0;3.999999975690116e-08;0.0;0.0;0.0;3.999999975690116e-08
37,20000000,37.02,imu_link,0.002698589190536497,-0.004629061929990614,-0.0127966809939315,0.00013267256795542094,-0.0001777083567373266,9.79994500388388,-4.6155707934423564e-10,5.330484785087422e-08,-4.989105561121046e-08,0.9999999999999973,0.0;0.0;0.0;0.0;0.0;0.0;0.0;0.0;0.0,7.621289842063561e-05;0.0;0.0;0.0;7.621289842063561e-05;0.0;0.0;0.0;7.621289842063561e-05,3.999999975690116e-08;0.0;0.0;0.0;3.999999975690116e-08;0.0;0.0;0.0;3.999999975690116e-08
37,40000000,37.04,imu_link,-0.009679467761822049,0.006460869156673607,0.00019480117319224113,-0.00022163343219398353,-8.866308143088764e-05,9.8000749462868,-4.615570794392453e-10,5.330484785027942e-08,-4.989105561122439e-08,0.9999999999999973,0.0;0.0;0.0;0.0;0.0;0.0;0.0;0.0;0.0,7.621289842063561e-05;0.0;0.0;0.0;7.621289842063561e-05;0.0;0.0;0.0;7.621289842063561e-05,3.999999975690116e-08;0.0;0.0;0.0;3.999999975690116e-08;0.0;0.0;0.0;3.999999975690116e-08
37,60000000,37.06,imu_link,0.006488689669795869,-0.006330447810515113,0.007868751110224918,-0.00011635955696098115,7.21120529333352e-05,9.800047697982487,-4.6155707949283926e-10,5.330484785063492e-08,-4.9891055611240906e-08,0.9999999999999973,0.0;0.0;0.0;0.0;0.0;0.0;0.0;0.0;0.0,7.621289842063561e-05;0.0;0.0;0.0;7.621289842063561e-05;0.0;0.0;0.0;7.621289842063561e-05,3.999999975690116e-08;0.0;0.0;0.0;3.999999975690116e-08;0.0;0.0;0.0;3.999999975690116e-08
37,80000000,37.08,imu_link,-0.006351932918119725,0.004089244258779091,0.006933903547330093,3.234605823004515e-05,-0.00025740973743108907,9.80021595651353,-4.615570794516776e-10,5.330484785062863e-08,-4.989105561125644e-08,0.9999999999999973,0.0;0.0;0.0;0.0;0.0;0.0;0.0;0.0;0.0,7.621289842063561e-05;0.0;0.0;0.0;7.621289842063561e-05;0.0;0.0;0.0;7.621289842063561e-05,3.999999975690116e-08;0.0;0.0;0.0;3.999999975690116e-08;0.0;0.0;0.0;3.999999975690116e-08
37,100000000,37.1,imu_link,-0.009981561331870442,0.005049647766096275,-0.005426396962292256,0.00011787070879459407,7.988173193626456e-05,9.800285507926285,-4.615570794091538e-10,5.3304847850273325e-08,-4.9891055611272034e-08,0.9999999999999973,0.0;0.0;0.0;0.0;0.0;0.0;0.0;0.0;0.0,7.621289842063561e-05;0.0;0.0;0.0;7.621289842063561e-05;0.0;0.0;0.0;7.621289842063561e-05,3.999999975690116e-08;0.0;0.0;0.0;3.999999975690116e-08;0.0;0.0;0.0;3.999999975690116e-08
37,120000000,37.12,imu_link,-0.0015184660285380196,0.00466739919818959,0.009832641904578727,-0.0001076945038468463,-0.0007029539521091462,9.800071947454043,-4.615570794347136e-10,5.330484785050503e-08,-4.9891055611286295e-08,0.9999999999999973,0.0;0.0;0.0;0.0;0.0;0.0;0.0;0.0;0.0,7.621289842063561e-05;0.0;0.0;0.0;7.621289842063561e-05;0.0;0.0;0.0;7.621289842063561e-05,3.999999975690116e-08;0.0;0.0;0.0;3.999999975690116e-08;0.0;0.0;0.0;3.999999975690116e-08
37,140000000,37.14,imu_link,0.007471603594608326,0.004388935095261708,-0.01133367068786451,-0.0004036431420598279,3.544253599154766e-05,9.799693986395313,-4.6155707952696956e-10,5.33048478505957e-08,-4.989105561130261e-08,0.9999999999999973,0.0;0.0;0.0;0.0;0.0;0.0;0.0;0.0;0.0,7.621289842063561e-05;0.0;0.0;0.0;7.621289842063561e-05;0.0;0.0;0.0;7.621289842063561e-05,3.999999975690116e-08;0.0;0.0;0.0;3.999999975690116e-08;0.0;0.0;0.0;3.999999975690116e-08
37,160000000,37.16,imu_link,-0.006983427207980012,0.013204502428399349,-0.0023312556884352346,2.899964690337692e-05,-0.00023295957947488765,9.800245751836464,-4.6155707960713566e-10,5.3304847850313474e-08,-4.9891055611317516e-08,0.9999999999999973,0.0;0.0;0.0;0.0;0.0;0.0;0.0;0.0;0.0,7.621289842063561e-05;0.0;0.0;0.0;7.621289842063561e-05;0.0;0.0;0.0;7.621289842063561e-05,3.999999975690116e-08;0.0;0.0;0.0;3.999999975690116e-08;0.0;0.0;0.0;3.999999975690116e-08
37,180000000,37.18,imu_link,-0.005845811636541871,0.00873002972720096,0.017715920066820438,-4.057472566084457e-05,-0.00021613805093986755,9.799987182924427,-4.6155707956003703e-10,5.3304847850414906e-08,-4.989105561133161e-08,0.9999999999999973,0.0;0.0;0.0;0.0;0.0;0.0;0.0;0.0;0.0,7.621289842063561e-05;0.0;0.0;0.0;7.621289842063561e-05;0.0;0.0;0.0;7.621289842063561e-05,3.999999975690116e-08;0.0;0.0;0.0;3.999999975690116e-08;0.0;0.0;0.0;3.999999975690116e-08
37,200000000,37.2,imu_link,-0.013753955740921246,-0.0045552282226716595,-0.025673301219934212,-9.834697963746313e-05,-8.808396069822459e-05,9.800120894389536,-4.615570793842998e-10,5.33048478505492e-08,-4.9891055611346725e-08,0.9999999999999973,0.0;0.0;0.0;0.0;0.0;0.0;0.0;0.0;0.0,7.621289842063561e-05;0.0;0.0;0.0;7.621289842063561e-05;0.0;0.0;0.0;7.621289842063561e-05,3.999999975690116e-08;0.0;0.0;0.0;3.999999975690116e-08;0.0;0.0;0.0;3.999999975690116e-08
37,220000000,37.22,imu_link,0.00501892200798659,-0.0137755034621758,-0.002018268624452949,0.0001768734154325919,-0.00012874731797731152,9.80014801027574,-4.615570795462749e-10,5.330484785078179e-08,-4.9891055611360907e-08,0.9999999999999973,0.0;0.0;0.0;0.0;0.0;0.0;0.0;0.0;0.0,7.621289842063561e-05;0.0;0.0;0.0;7.621289842063561e-05;0.0;0.0;0.0;7.621289842063561e-05,3.999999975690116e-08;0.0;0.0;0.0;3.999999975690116e-08;0.0;0.0;0.0;3.999999975690116e-08
37,240000000,37.24,imu_link,0.009662763411140259,-0.005628323025035868,-0.0016105311673833098,0.00011744617357607024,-7.107588951456324e-05,9.799856351027266,-4.6155707951145485e-10,5.330484785088437e-08,-4.989105561137642e-08,0.9999999999999973,0.0;0.0;0.0;0.0;0.0;0.0;0.0;0.0;0.0,7.621289842063561e-05;0.0;0.0;0.0;7.621289842063561e-05;0.0;0.0;0.0;7.621289842063561e-05,3.999999975690116e-08;0.0;0.0;0.0;3.999999975690116e-08;0.0;0.0;0.0;3.999999975690116e-08
37,260000000,37.26,imu_link,0.0002938017451422165,-0.0022186982509978808,0.023831849940970175,0.00019162410145751033,-2.66363505162344e-05,9.800030084825758,-4.615570796089198e-10,5.330484785052605e-08,-4.989105561139016e-08,0.9999999999999973,0.0;0.0;0.0;0.0;0.0;0.0;0.0;0.0;0.0,7.621289842063561e-05;0.0;0.0;0.0;7.621289842063561e-05;0.0;0.0;0.0;7.621289842063561e-05,3.999999975690116e-08;0.0;0.0;0.0;3.999999975690116e-08;0.0;0.0;0.0;3.999999975690116e-08
37,280000000,37.28,imu_link,0.008976367090268368,0.0076122437935026675,0.010101068500028761,0.000128071430299423,-3.648853320378666e-05,9.79982854628278,-4.6155707943921407e-10,5.3304847850647654e-08,-4.989105561140579e-08,0.9999999999999973,0.0;0.0;0.0;0.0;0.0;0.0;0.0;0.0;0.0,7.621289842063561e-05;0.0;0.0;0.0;7.621289842063561e-05;0.0;0.0;0.0;7.621289842063561e-05,3.999999975690116e-08;0.0;0.0;0.0;3.999999975690116e-08;0.0;0.0;0.0;3.999999975690116e-08
37,300000000,37.3,imu_link,-0.00833575027884326,-0.007713495605677416,0.007306510296775659,9.316625272493e-05,9.166578650555603e-05,9.800407382154638,-4.615570795363658e-10,5.330484785082312e-08,-4.98910556114195e-08,0.9999999999999973,0.0;0.0;0.0;0.0;0.0;0.0;0.0;0.0;0.0,7.621289842063561e-05;0.0;0.0;0.0;7.621289842063561e-05;0.0;0.0;0.0;7.621289842063561e-05,3.999999975690116e-08;0.0;0.0;0.0;3.999999975690116e-08;0.0;0.0;0.0;3.999999975690116e-08
37,320000000,37.32,imu_link,0.009620536318255489,0.017841888034231576,0.007742947846134018,0.0001281170979161837,-0.00021289571912056648,9.799905789805583,-4.6155707950174267e-10,5.3304847850351405e-08,-4.989105561143288e-08,0.9999999999999973,0.0;0.0;0.0;0.0;0.0;0.0;0.0;0.0;0.0,7.621289842063561e-05;0.0;0.0;0.0;7.621289842063561e-05;0.0;0.0;0.0;7.621289842063561e-05,3.999999975690116e-08;0.0;0.0;0.0;3.999999975690116e-08;0.0;0.0;0.0;3.999999975690116e-08
37,340000000,37.34,imu_link,-0.0015336006797030107,0.007077592223375854,0.01362644796363502,-0.0001520024116974791,-0.0001416074275441957,9.79986778264038,-4.6155707957922276e-10,5.330484785051341e-08,-4.989105561144706e-08,0.9999999999999973,0.0;0.0;0.0;0.0;0.0;0.0;0.0;0.0;0.0,7.621289842063561e-05;0.0;0.0;0.0;7.621289842063561e-05;0.0;0.0;0.0;7.621289842063561e-05,3.999999975690116e-08;0.0;0.0;0.0;3.999999975690116e-08;0.0;0.0;0.0;3.999999975690116e-08
37,360000000,37.36,imu_link,0.002736525169693011,-0.013300255496337576,-0.006575180183757297,0.00043459027574772776,-0.00027189896061823255,9.80028433877588,-4.615570795579875e-10,5.330484785050225e-08,-4.9891055611464264e-08,0.9999999999999973,0.0;0.0;0.0;0.0;0.0;0.0;0.0;0.0;0.0,7.621289842063561e-05;0.0;0.0;0.0;7.621289842063561e-05;0.0;0.0;0.0;7.621289842063561e-05,3.999999975690116e-08;0.0;0.0;0.0;3.999999975690116e-08;0.0;0.0;0.0;3.999999975690116e-08
37,380000000,37.38,imu_link,0.005665076826842659,-0.009226367514903135,-0.012721970706171988,0.00010737012319738537,-0.00010764228277327013,9.79997865872655,-4.615570794866177e-10,5.330484785067677e-08,-4.989105561147922e-08,0.9999999999999973,0.0;0.0;0.0;0.0;0.0;0.0;0.0;0.0;0.0,7.621289842063561e-05;0.0;0.0;0.0;7.621289842063561e-05;0.0;0.0;0.0;7.621289842063561e-05,3.999999975690116e-08;0.0;0.0;0.0;3.999999975690116e-08;0.0;0.0;0.0;3.999999975690116e-08
37,400000000,37.4,imu_link,-0.00043418944004041944,-0.0037653384669518067,-0.0036098219146369166,0.00032299711823818877,9.85699593120655e-05,9.799939171485274,-4.615570794521352e-10,5.3304847850322725e-08,-4.989105561149334e-08,0.9999999999999973,0.0;0.0;0.0;0.0;0.0;0.0;0.0;0.0;0.0,7.621289842063561e-05;0.0;0.0;0.0;7.621289842063561e-05;0.0;0.0;0.0;7.621289842063561e-05,3.999999975690116e-08;0.0;0.0;0.0;3.999999975690116e-08;0.0;0.0;0.0;3.999999975690116e-08
37,420000000,37.42,imu_link,0.013617914415895944,0.0023687586430277915,-0.003854353785951176,8.33163376116183e-05,3.0638654301176675e-05,9.799876315321363,-4.6155707950550825e-10,5.3304847850557935e-08,-4.989105561150694e-08,0.9999999999999973,0.0;0.0;0.0;0.0;0.0;0.0;0.0;0.0;0.0,7.621289842063561e-05;0.0;0.0;0.0;7.621289842063561e-05;0.0;0.0;0.0;7.621289842063561e-05,3.999999975690116e-08;0.0;0.0;0.0;3.999999975690116e-08;0.0;0.0;0.0;3.999999975690116e-08
37,440000000,37.44,imu_link,0.004781589832459804,0.011829764963115726,0.013072320902588622,0.00010531023906780003,-0.00023137727002724536,9.800221427786218,-4.615570794645558e-10,5.330484785066012e-08,-4.9891055611522134e-08,0.9999999999999973,0.0;0.0;0.0;0.0;0.0;0.0;0.0;0.0;0.0,7.621289842063561e-05;0.0;0.0;0.0;7.621289842063561e-05;0.0;0.0;0.0;7.621289842063561e-05,3.999999975690116e-08;0.0;0.0;0.0;3.999999975690116e-08;0.0;0.0;0.0;3.999999975690116e-08
37,460000000,37.46,imu_link,0.003300337420911761,-0.0018474893570946326,-0.001158334005670283,0.00016582025123048854,-0.00029512088121874707,9.799896686363393,-4.615570793882548e-10,5.330484785084237e-08,-4.989105561153516e-08,0.9999999999999973,0.0;0.0;0.0;0.0;0.0;0.0;0.0;0.0;0.0,7.621289842063561e-05;0.0;0.0;0.0;7.621289842063561e-05;0.0;0.0;0.0;7.621289842063561e-05,3.999999975690116e-08;0.0;0.0;0.0;3.999999975690116e-08;0.0;0.0;0.0;3.999999975690116e-08
37,480000000,37.48,imu_link,-0.0012231329112093823,-0.004360211267768861,0.008000750092311189,0.00048402754266663075,-0.00031010335006458197,9.8003707248958,-4.6155707949165913e-10,5.330484785024882e-08,-4.98910556115497e-08,0.9999999999999973,0.0;0.0;0.0;0.0;0.0;0.0;0.0;0.0;0.0,7.621289842063561e-05;0.0;0.0;0.0;7.621289842063561e-05;0.0;0.0;0.0;7.621289842063561e-05,3.999999975690116e-08;0.0;0.0;0.0;3.999999975690116e-08;0.0;0.0;0.0;3.999999975690116e-08
37,500000000,37.5,imu_link,-0.00046527698132557764,0.010469538260522887,0.005419245897064152,7.890708809179381e-06,-0.0001594032914344855,9.800089676134768,-4.615570795447984e-10,5.330484785042753e-08,-4.9891055611563744e-08,0.9999999999999973,0.0;0.0;0.0;0.0;0.0;0.0;0.0;0.0;0.0,7.621289842063561e-05;0.0;0.0;0.0;7.621289842063561e-05;0.0;0.0;0.0;7.621289842063561e-05,3.999999975690116e-08;0.0;0.0;0.0;3.999999975690116e-08;0.0;0.0;0.0;3.999999975690116e-08
37,520000000,37.52,imu_link,0.0038835115161063526,-0.00039160257570841704,-0.009029968446625552,-0.00027736327858402866,0.0002822065256842018,9.800341949261492,-4.615570793364491e-10,5.330484785073603e-08,-4.9891055611577436e-08,0.9999999999999973,0.0;0.0;0.0;0.0;0.0;0.0;0.0;0.0;0.0,7.621289842063561e-05;0.0;0.0;0.0;7.621289842063561e-05;0.0;0.0;0.0;7.621289842063561e-05,3.999999975690116e-08;0.0;0.0;0.0;3.999999975690116e-08;0.0;0.0;0.0;3.999999975690116e-08
37,540000000,37.54,imu_link,0.0029286701257811945,-0.010835929447826064,0.004944550304791351,6.14484641026969e-05,-8.915396615299511e-05,9.799923350144548,-4.6155707945964543e-10,5.330484785025164e-08,-4.9891055611591035e-08,0.9999999999999973,0.0;0.0;0.0;0.0;0.0;0.0;0.0;0.0;0.0,7.621289842063561e-05;0.0;0.0;0.0;7.621289842063561e-05;0.0;0.0;0.0;7.621289842063561e-05,3.999999975690116e-08;0.0;0.0;0.0;3.999999975690116e-08;0.0;0.0;0.0;3.999999975690116e-08
37,560000000,37.56,imu_link,0.003092141826380747,-0.0037473765014207953,-0.016329840302927855,0.00023803608892231887,0.0001779821232369672,9.79990894422892,-4.6155707963282365e-10,5.330484785058914e-08,-4.989105561160263e-08,0.9999999999999973,0.0;0.0;0.0;0.0;0.0;0.0;0.0;0.0;0.0,7.621289842063561e-05;0.0;0.0;0.0;7.621289842063561e-05;0.0;0.0;0.0;7.621289842063561e-05,3.999999975690116e-08;0.0;0.0;0.0;3.999999975690116e-08;0.0;0.0;0.0;3.999999975690116e-08
37,580000000,37.58,imu_link,0.003085198370876383,-0.0041979404400077054,-0.00731823374108196,0.00013936224110219634,-1.4861227686745995e-05,9.799718911709656,-4.6155707946837456e-10,5.330484785071013e-08,-4.989105561161539e-08,0.9999999999999973,0.0;0.0;0.0;0.0;0.0;0.0;0.0;0.0;0.0,7.621289842063561e-05;0.0;0.0;0.0;7.621289842063561e-05;0.0;0.0;0.0;7.621289842063561e-05,3.999999975690116e-08;0.0;0.0;0.0;3.999999975690116e-08;0.0;0.0;0.0;3.999999975690116e-08
37,600000000,37.6,imu_link,0.006670116494213926,0.007709778284600321,0.0025260263111958102,0.0003097198147728502,3.1067161685027406e-05,9.800203075942344,-4.615570795563435e-10,5.330484785034893e-08,-4.98910556116266e-08,0.9999999999999973,0.0;0.0;0.0;0.0;0.0;0.0;0.0;0.0;0.0,7.621289842063561e-05;0.0;0.0;0.0;7.621289842063561e-05;0.0;0.0;0.0;7.621289842063561e-05,3.999999975690116e-08;0.0;0.0;0.0;3.999999975690116e-08;0.0;0.0;0.0;3.999999975690116e-08
37,620000000,37.62,imu_link,-0.007210979894829804,-0.007976845005550072,-0.0017453071816903038,6.881343207965558e-05,-8.003308260609728e-05,9.799948421783856,-4.615570793872676e-10,5.3304847850460956e-08,-4.9891055611639163e-08,0.9999999999999973,0.0;0.0;0.0;0.0;0.0;0.0;0.0;0.0;0.0,7.621289842063561e-05;0.0;0.0;0.0;7.621289842063561e-05;0.0;0.0;0.0;7.621289842063561e-05,3.999999975690116e-08;0.0;0.0;0.0;3.999999975690116e-08;0.0;0.0;0.0;3.999999975690116e-08
37,640000000,37.64,imu_link,-0.007091724846090711,0.00058588217428721,0.0055278694857839525,0.000404472258191583,-0.0003393193684712999,9.799702206003657,-4.6155707937458453e-10,5.3304847850452506e-08,-4.9891055611650896e-08,0.9999999999999973,0.0;0.0;0.0;0.0;0.0;0.0;0.0;0.0;0.0,7.621289842063561e-05;0.0;0.0;0.0;7.621289842063561e-05;0.0;0.0;0.0;7.621289842063561e-05,3.999999975690116e-08;0.0;0.0;0.0;3.999999975690116e-08;0.0;0.0;0.0;3.999999975690116e-08
37,660000000,37.66,imu_link,-0.010250183466278961,-0.0015719640452174037,-0.00660282632517396,6.77608855258253e-05,0.0004377042118312721,9.800219424688782,-4.615570796925866e-10,5.330484785077419e-08,-4.989105561166105e-08,0.9999999999999973,0.0;0.0;0.0;0.0;0.0;0.0;0.0;0.0;0.0,7.621289842063561e-05;0.0;0.0;0.0;7.621289842063561e-05;0.0;0.0;0.0;7.621289842063561e-05,3.999999975690116e-08;0.0;0.0;0.0;3.999999975690116e-08;0.0;0.0;0.0;3.999999975690116e-08
37,680000000,37.68,imu_link,-0.025222851386993306,-0.010936201605055458,0.000365536843813071,1.413475725827541e-05,-0.0001525494764729841,9.800452516728047,-4.615570794234207e-10,5.330484785082967e-08,-4.989105561167078e-08,0.9999999999999973,0.0;0.0;0.0;0.0;0.0;0.0;0.0;0.0;0.0,7.621289842063561e-05;0.0;0.0;0.0;7.621289842063561e-05;0.0;0.0;0.0;7.621289842063561e-05,3.999999975690116e-08;0.0;0.0;0.0;3.999999975690116e-08;0.0;0.0;0.0;3.999999975690116e-08
37,700000000,37.7,imu_link,0.004773733771156963,0.006558481613905796,0.013767823968218471,8.321685648571976e-05,-2.8059179873312002e-05,9.800101362190118,-4.615570793985191e-10,5.330484785048279e-08,-4.989105561168044e-08,0.9999999999999973,0.0;0.0;0.0;0.0;0.0;0.0;0.0;0.0;0.0,7.621289842063561e-05;0.0;0.0;0.0;7.621289842063561e-05;0.0;0.0;0.0;7.621289842063561e-05,3.999999975690116e-08;0.0;0.0;0.0;3.999999975690116e-08;0.0;0.0;0.0;3.999999975690116e-08
37,720000000,37.72,imu_link,-0.008789182474267857,0.005375768352161035,-0.003913878079783327,0.00032466379510204957,0.00016038023768471642,9.800112337981277,-4.61557079374199e-10,5.330484785058788e-08,-4.98910556116895e-08,0.9999999999999973,0.0;0.0;0.0;0.0;0.0;0.0;0.0;0.0;0.0,7.621289842063561e-05;0.0;0.0;0.0;7.621289842063561e-05;0.0;0.0;0.0;7.621289842063561e-05,3.999999975690116e-08;0.0;0.0;0.0;3.999999975690116e-08;0.0;0.0;0.0;3.999999975690116e-08
37,740000000,37.74,imu_link,0.015124379292522689,-0.016390890995554155,-0.001622452514338516,0.00017698796128805489,-0.0005730375372500587,9.800391175985547,-4.615570795967881e-10,5.33048478507475e-08,-4.989105561169728e-08,0.9999999999999973,0.0;0.0;0.0;0.0;0.0;0.0;0.0;0.0;0.0,7.621289842063561e-05;0.0;0.0;0.0;7.621289842063561e-05;0.0;0.0;0.0;7.621289842063561e-05,3.999999975690116e-08;0.0;0.0;0.0;3.999999975690116e-08;0.0;0.0;0.0;3.999999975690116e-08
37,760000000,37.76,imu_link,0.017502813761989523,0.0002307290941804291,-0.012981829354232722,0.0003627376150287982,9.891680357351617e-05,9.80014265898739,-4.6155707942283114e-10,5.330484785042039e-08,-4.989105561170596e-08,0.9999999999999973,0.0;0.0;0.0;0.0;0.0;0.0;0.0;0.0;0.0,7.621289842063561e-05;0.0;0.0;0.0;7.621289842063561e-05;0.0;0.0;0.0;7.621289842063561e-05,3.999999975690116e-08;0.0;0.0;0.0;3.999999975690116e-08;0.0;0.0;0.0;3.999999975690116e-08
37,780000000,37.78,imu_link,0.007601916245067331,0.005351836131370581,0.008429223687546844,-0.0003160679906046399,-0.0003626042150410568,9.800470014576819,-4.615570794741971e-10,5.3304847850606825e-08,-4.989105561171294e-08,0.9999999999999973,0.0;0.0;0.0;0.0;0.0;0.0;0.0;0.0;0.0,7.621289842063561e-05;0.0;0.0;0.0;7.621289842063561e-05;0.0;0.0;0.0;7.621289842063561e-05,3.999999975690116e-08;0.0;0.0;0.0;3.999999975690116e-08;0.0;0.0;0.0;3.999999975690116e-08
37,800000000,37.8,imu_link,-0.0012827067371142516,0.012048512163008293,0.0037941400205421818,0.00013344962459934054,3.0472060023551588e-05,9.799945672780177,-4.615570794468039e-10,5.330484785071446e-08,-4.989105561172073e-08,0.9999999999999973,0.0;0.0;0.0;0.0;0.0;0.0;0.0;0.0;0.0,7.621289842063561e-05;0.0;0.0;0.0;7.621289842063561e-05;0.0;0.0;0.0;7.621289842063561e-05,3.999999975690116e-08;0.0;0.0;0.0;3.999999975690116e-08;0.0;0.0;0.0;3.999999975690116e-08
37,820000000,37.82,imu_link,-0.004859032965508821,0.0021652237640252692,-0.013818036584811951,0.00017561162601500258,-0.0001671655242191616,9.80000530323058,-4.615570794220621e-10,5.33048478503466e-08,-4.989105561172876e-08,0.9999999999999973,0.0;0.0;0.0;0.0;0.0;0.0;0.0;0.0;0.0,7.621289842063561e-05;0.0;0.0;0.0;7.621289842063561e-05;0.0;0.0;0.0;7.621289842063561e-05,3.999999975690116e-08;0.0;0.0;0.0;3.999999975690116e-08;0.0;0.0;0.0;3.999999975690116e-08
37,840000000,37.84,imu_link,0.008908972984267228,-0.00304384036919095,0.005575835714310402,-0.00010309970592156834,6.167649446999427e-05,9.799906208049546,-4.6155707963747106e-10,5.3304847850511395e-08,-4.9891055611736877e-08,0.9999999999999973,0.0;0.0;0.0;0.0;0.0;0.0;0.0;0.0;0.0,7.621289842063561e-05;0.0;0.0;0.0;7.621289842063561e-05;0.0;0.0;0.0;7.621289842063561e-05,3.999999975690116e-08;0.0;0.0;0.0;3.999999975690116e-08;0.0;0.0;0.0;3.999999975690116e-08
37,860000000,37.86,imu_link,0.00621604109566201,-0.0011630728475107183,-0.00449670899498755,0.0001575336351916699,-5.3410757201708045e-05,9.800036758792261,-4.6155707937634793e-10,5.3304847850568516e-08,-4.989105561174295e-08,0.9999999999999973,0.0;0.0;0.0;0.0;0.0;0.0;0.0;0.0;0.0,7.621289842063561e-05;0.0;0.0;0.0;7.621289842063561e-05;0.0;0.0;0.0;7.621289842063561e-05,3.999999975690116e-08;0.0;0.0;0.0;3.999999975690116e-08;0.0;0.0;0.0;3.999999975690116e-08
37,880000000,37.88,imu_link,0.0027742273138143076,0.002748778272124224,-0.006140752941943985,0.00019767329375986972,0.00033734256458387224,9.800107358310079,-4.61557079706959e-10,5.3304847850903055e-08,-4.9891055611751e-08,0.9999999999999973,0.0;0.0;0.0;0.0;0.0;0.0;0.0;0.0;0.0,7.621289842063561e-05;0.0;0.0;0.0;7.621289842063561e-05;0.0;0.0;0.0;7.621289842063561e-05,3.999999975690116e-08;0.0;0.0;0.0;3.999999975690116e-08;0.0;0.0;0.0;3.999999975690116e-08
37,900000000,37.9,imu_link,-0.004121959265956961,-0.007426479899748395,-0.003879008166703182,0.00011381916252472702,3.348115058402157e-05,9.800166702671007,-4.6155707957702355e-10,5.33048478503623e-08,-4.989105561175858e-08,0.9999999999999973,0.0;0.0;0.0;0.0;0.0;0.0;0.0;0.0;0.0,7.621289842063561e-05;0.0;0.0;0.0;7.621289842063561e-05;0.0;0.0;0.0;7.621289842063561e-05,3.999999975690116e-08;0.0;0.0;0.0;3.999999975690116e-08;0.0;0.0;0.0;3.999999975690116e-08
37,920000000,37.92,imu_link,-0.016868711379327838,0.006639372363456847,0.006106987540784603,0.0003289415882759065,3.313257270438997e-05,9.799988506742608,-4.615570795462112e-10,5.3304847850475224e-08,-4.98910556117658e-08,0.9999999999999973,0.0;0.0;0.0;0.0;0.0;0.0;0.0;0.0;0.0,7.621289842063561e-05;0.0;0.0;0.0;7.621289842063561e-05;0.0;0.0;0.0;7.621289842063561e-05,3.999999975690116e-08;0.0;0.0;0.0;3.999999975690116e-08;0.0;0.0;0.0;3.999999975690116e-08
37,940000000,37.94,imu_link,0.008801728383247701,-0.0064247708595744045,0.004353391143022331,0.00032013042543345806,0.0001482205586110982,9.800115667013973,-4.615570793917798e-10,5.330484785060162e-08,-4.989105561177449e-08,0.9999999999999973,0.0;0.0;0.0;0.0;0.0;0.0;0.0;0.0;0.0,7.621289842063561e-05;0.0;0.0;0.0;7.621289842063561e-05;0.0;0.0;0.0;7.621289842063561e-05,3.999999975690116e-08;0.0;0.0;0.0;3.999999975690116e-08;0.0;0.0;0.0;3.999999975690116e-08
37,960000000,37.96,imu_link,0.0068239736133434755,0.004159109795751849,-0.0027867321656884782,-2.69763244392647e-05,4.249798822781369e-05,9.799900492920838,-4.615570794861634e-10,5.330484785064769e-08,-4.989105561178327e-08,0.9999999999999973,0.0;0.0;0.0;0.0;0.0;0.0;0.0;0.0;0.0,7.621289842063561e-05;0.0;0.0;0.0;7.621289842063561e-05;0.0;0.0;0.0;7.621289842063561e-05,3.999999975690116e-08;0.0;0.0;0.0;3.999999975690116e-08;0.0;0.0;0.0;3.999999975690116e-08
37,980000000,37.98,imu_link,-0.0027413689438900426,-0.0032422619686280287,-0.0047595465360311656,0.00031249020073517285,-1.7757994413279855e-06,9.800179132632294,-4.6155707944262376e-10,5.330484785029164e-08,-4.989105561179097e-08,0.9999999999999973,0.0;0.0;0.0;0.0;0.0;0.0;0.0;0.0;0.0,7.621289842063561e-05;0.0;0.0;0.0;7.621289842063561e-05;0.0;0.0;0.0;7.621289842063561e-05,3.999999975690116e-08;0.0;0.0;0.0;3.999999975690116e-08;0.0;0.0;0.0;3.999999975690116e-08
38,0,38.0,imu_link,-0.0019101595810349374,0.0027699161747991256,-0.003088739617510819,0.0003837718487314011,-0.00017966107228384147,9.799897254083918,-4.615570795297266e-10,5.330484785046193e-08,-4.9891055611799306e-08,0.9999999999999973,0.0;0.0;0.0;0.0;0.0;0.0;0.0;0.0;0.0,7.621289842063561e-05;0.0;0.0;0.0;7.621289842063561e-05;0.0;0.0;0.0;7.621289842063561e-05,3.999999975690116e-08;0.0;0.0;0.0;3.999999975690116e-08;0.0;0.0;0.0;3.999999975690116e-08
38,20000000,38.02,imu_link,-0.00900738162978447,0.003252836023621985,0.0034020997925171617,0.00019242741628621053,-0.00020591508985477763,9.800342681570742,-4.6155707946348e-10,5.330484785075933e-08,-4.989105561180963e-08,0.9999999999999973,0.0;0.0;0.0;0.0;0.0;0.0;0.0;0.0;0.0,7.621289842063561e-05;0.0;0.0;0.0;7.621289842063561e-05;0.0;0.0;0.0;7.621289842063561e-05,3.999999975690116e-08;0.0;0.0;0.0;3.999999975690116e-08;0.0;0.0;0.0;3.999999975690116e-08
38,40000000,38.04,imu_link,0.007097749348128647,-0.001658410411082966,-0.007741819618741633,-2.6035638029108527e-05,8.745873895062527e-06,9.800004716572124,-4.6155707942952613e-10,5.330484785074741e-08,-4.9891055611819886e-08,0.9999999999999973,0.0;0.0;0.0;0.0;0.0;0.0;0.0;0.0;0.0,7.621289842063561e-05;0.0;0.0;0.0;7.621289842063561e-05;0.0;0.0;0.0;7.621289842063561e-05,3.999999975690116e-08;0.0;0.0;0.0;3.999999975690116e-08;0.0;0.0;0.0;3.999999975690116e-08
38,60000000,38.06,imu_link,0.005651456077650601,0.01114046569832539,-3.3861915313560293e-06,-7.289024276458674e-05,5.184203173750955e-05,9.800045221260127,-4.615570794980575e-10,5.330484785044937e-08,-4.989105561182891e-08,0.9999999999999973,0.0;0.0;0.0;0.0;0.0;0.0;0.0;0.0;0.0,7.621289842063561e-05;0.0;0.0;0.0;7.621289842063561e-05;0.0;0.0;0.0;7.621289842063561e-05,3.999999975690116e-08;0.0;0.0;0.0;3.999999975690116e-08;0.0;0.0;0.0;3.999999975690116e-08
38,80000000,38.08,imu_link,0.008764209365626201,-0.004103701694493763,0.01408727867735131,1.7857131968310278e-05,-0.0003215506125032609,9.800269180970844,-4.615570796647654e-10,5.3304847850672715e-08,-4.9891055611837396e-08,0.9999999999999973,0.0;0.0;0.0;0.0;0.0;0.0;0.0;0.0;0.0,7.621289842063561e-05;0.0;0.0;0.0;7.621289842063561e-05;0.0;0.0;0.0;7.621289842063561e-05,3.999999975690116e-08;0.0;0.0;0.0;3.999999975690116e-08;0.0;0.0;0.0;3.999999975690116e-08
38,100000000,38.1,imu_link,-0.015914026148931306,0.010353827841734555,0.01098470448832332,0.00018029900818164146,-0.00019742588343009892,9.800060626932494,-4.615570793828622e-10,5.3304847850725264e-08,-4.989105561184696e-08,0.9999999999999973,0.0;0.0;0.0;0.0;0.0;0.0;0.0;0.0;0.0,7.621289842063561e-05;0.0;0.0;0.0;7.621289842063561e-05;0.0;0.0;0.0;7.621289842063561e-05,3.999999975690116e-08;0.0;0.0;0.0;3.999999975690116e-08;0.0;0.0;0.0;3.999999975690116e-08
38,120000000,38.12,imu_link,0.002016130843118116,-0.0019797828716687444,-0.007648313272619858,-0.00022501360050280312,-6.986761051758211e-06,9.800106654902645,-4.6155707946725084e-10,5.330484785089238e-08,-4.989105561185631e-08,0.9999999999999973,0.0;0.0;0.0;0.0;0.0;0.0;0.0;0.0;0.0,7.621289842063561e-05;0.0;0.0;0.0;7.621289842063561e-05;0.0;0.0;0.0;7.621289842063561e-05,3.999999975690116e-08;0.0;0.0;0.0;3.999999975690116e-08;0.0;0.0;0.0;3.999999975690116e-08
38,140000000,38.14,imu_link,-0.004399993818973716,0.006258605644963034,-0.00520838058351394,-0.00018248999950456484,-0.00015851285157093863,9.800427358715671,-4.6155707944203853e-10,5.3304847850414906e-08,-4.9891055611865804e-08,0.9999999999999973,0.0;0.0;0.0;0.0;0.0;0.0;0.0;0.0;0.0,7.621289842063561e-05;0.0;0.0;0.0;7.621289842063561e-05;0.0;0.0;0.0;7.621289842063561e-05,3.999999975690116e-08;0.0;0.0;0.0;3.999999975690116e-08;0.0;0.0;0.0;3.999999975690116e-08
38,160000000,38.16,imu_link,0.009020679502424231,0.006775001405670681,0.008168124544619399,-0.00021611233568758476,0.00030637230816630824,9.800001217617273,-4.6155707952625663e-10,5.3304847850467276e-08,-4.989105561187455e-08,0.9999999999999973,0.0;0.0;0.0;0.0;0.0;0.0;0.0;0.0;0.0,7.621289842063561e-05;0.0;0.0;0.0;7.621289842063561e-05;0.0;0.0;0.0;7.621289842063561e-05,3.999999975690116e-08;0.0;0.0;0.0;3.999999975690116e-08;0.0;0.0;0.0;3.999999975690116e-08
38,180000000,38.18,imu_link,0.0020336427852730215,-0.0009883245033106749,-0.003483533163708094,0.0002885535967904804,0.00016629554172429504,9.799863559719475,-4.615570795962217e-10,5.3304847850638774e-08,-4.989105561188416e-08,0.9999999999999973,0.0;0.0;0.0;0.0;0.0;0.0;0.0;0.0;0.0,7.621289842063561e-05;0.0;0.0;0.0;7.621289842063561e-05;0.0;0.0;0.0;7.621289842063561e-05,3.999999975690116e-08;0.0;0.0;0.0;3.999999975690116e-08;0.0;0.0;0.0;3.999999975690116e-08
38,200000000,38.2,imu_link,-0.011137196821259993,-0.0067329888288903935,0.005931497691570047,-9.327534054099898e-05,0.00015110614826884357,9.80010083962699,-4.6155707942351253e-10,5.330484785087912e-08,-4.989105561189244e-08,0.9999999999999973,0.0;0.0;0.0;0.0;0.0;0.0;0.0;0.0;0.0,7.621289842063561e-05;0.0;0.0;0.0;7.621289842063561e-05;0.0;0.0;0.0;7.621289842063561e-05,3.999999975690116e-08;0.0;0.0;0.0;3.999999975690116e-08;0.0;0.0;0.0;3.999999975690116e-08
38,220000000,38.22,imu_link,-3.156315154622873e-05,0.021766109123618038,0.0024194009573429483,-0.00031816621627152433,-0.00017537315064391552,9.79982158734685,-4.615570795052572e-10,5.330484785058045e-08,-4.989105561190091e-08,0.9999999999999973,0.0;0.0;0.0;0.0;0.0;0.0;0.0;0.0;0.0,7.621289842063561e-05;0.0;0.0;0.0;7.621289842063561e-05;0.0;0.0;0.0;7.621289842063561e-05,3.999999975690116e-08;0.0;0.0;0.0;3.999999975690116e-08;0.0;0.0;0.0;3.999999975690116e-08
38,240000000,38.24,imu_link,0.008609150362824442,-0.006163528942692018,0.010736350480159675,4.1141861860042716e-05,-0.00027860912866250424,9.80015726639432,-4.615570795799948e-10,5.330484785062446e-08,-4.989105561191023e-08,0.9999999999999973,0.0;0.0;0.0;0.0;0.0;0.0;0.0;0.0;0.0,7.621289842063561e-05;0.0;0.0;0.0;7.621289842063561e-05;0.0;0.0;0.0;7.621289842063561e-05,3.999999975690116e-08;0.0;0.0;0.0;3.999999975690116e-08;0.0;0.0;0.0;3.999999975690116e-08
38,260000000,38.26,imu_link,-0.007493313499602225,0.01861927187230265,0.007657301946778467,-7.173291047626926e-05,8.300855876271939e-06,9.800174203037628,-4.615570795067275e-10,5.330484785080044e-08,-4.989105561192112e-08,0.9999999999999973,0.0;0.0;0.0;0.0;0.0;0.0;0.0;0.0;0.0,7.621289842063561e-05;0.0;0.0;0.0;7.621289842063561e-05;0.0;0.0;0.0;7.621289842063561e-05,3.999999975690116e-08;0.0;0.0;0.0;3.999999975690116e-08;0.0;0.0;0.0;3.999999975690116e-08
38,280000000,38.28,imu_link,-0.00253685747216898,0.004745229037850099,0.002036096781657761,0.0004727835400776429,-2.8913829678691783e-06,9.800255642471491,-4.6155707960406765e-10,5.3304847850435056e-08,-4.989105561193027e-08,0.9999999999999973,0.0;0.0;0.0;0.0;0.0;0.0;0.0;0.0;0.0,7.621289842063561e-05;0.0;0.0;0.0;7.621289842063561e-05;0.0;0.0;0.0;7.621289842063561e-05,3.999999975690116e-08;0.0;0.0;0.0;3.999999975690116e-08;0.0;0.0;0.0;3.999999975690116e-08
38,300000000,38.3,imu_link,-0.00492810511496635,0.0009347220027196059,-0.00041971409209430333,4.2674365830752103e-05,-0.00036645288665068556,9.80008899205726,-4.615570794384631e-10,5.330484785055028e-08,-4.989105561194018e-08,0.9999999999999973,0.0;0.0;0.0;0.0;0.0;0.0;0.0;0.0;0.0,7.621289842063561e-05;0.0;0.0;0.0;7.621289842063561e-05;0.0;0.0;0.0;7.621289842063561e-05,3.999999975690116e-08;0.0;0.0;0.0;3.999999975690116e-08;0.0;0.0;0.0;3.999999975690116e-08
38,320000000,38.32,imu_link,0.0037892661409620523,-0.0013526733908425198,0.00010406849625770915,8.259030981538241e-05,-0.0001119164630249671,9.79988121596844,-4.6155707953118606e-10,5.330484785064691e-08,-4.989105561195053e-08,0.9999999999999973,0.0;0.0;0.0;0.0;0.0;0.0;0.0;0.0;0.0,7.621289842063561e-05;0.0;0.0;0.0;7.621289842063561e-05;0.0;0.0;0.0;7.621289842063561e-05,3.999999975690116e-08;0.0;0.0;0.0;3.999999975690116e-08;0.0;0.0;0.0;3.999999975690116e-08
38,340000000,38.34,imu_link,-0.0019367949758372317,-0.00627585666139839,0.008680189543625065,0.00022574337428611614,-0.00028734562747380793,9.800107852592708,-4.6155707968867597e-10,5.3304847850876744e-08,-4.989105561196033e-08,0.9999999999999973,0.0;0.0;0.0;0.0;0.0;0.0;0.0;0.0;0.0,7.621289842063561e-05;0.0;0.0;0.0;7.621289842063561e-05;0.0;0.0;0.0;7.621289842063561e-05,3.999999975690116e-08;0.0;0.0;0.0;3.999999975690116e-08;0.0;0.0;0.0;3.999999975690116e-08
38,360000000,38.36,imu_link,0.010807292398914472,0.010357377199038,-0.0035217514573524285,0.0001580836369190655,-8.452983333177218e-05,9.800148915899982,-4.615570794086166e-10,5.33048478503471e-08,-4.9891055611968514e-08,0.9999999999999973,0.0;0.0;0.0;0.0;0.0;0.0;0.0;0.0;0.0,7.621289842063561e-05;0.0;0.0;0.0;7.621289842063561e-05;0.0;0.0;0.0;7.621289842063561e-05,3.999999975690116e-08;0.0;0.0;0.0;3.999999975690116e-08;0.0;0.0;0.0;3.999999975690116e-08
38,380000000,38.38,imu_link,0.0035142302953869403,-0.005706546558598902,0.0007959396662238338,2.1353999867145917e-05,-0.00038275771516809885,9.799918544854568,-4.615570794491722e-10,5.3304847850710514e-08,-4.989105561197721e-08,0.9999999999999973,0.0;0.0;0.0;0.0;0.0;0.0;0.0;0.0;0.0,7.621289842063561e-05;0.0;0.0;0.0;7.621289842063561e-05;0.0;0.0;0.0;7.621289842063561e-05,3.999999975690116e-08;0.0;0.0;0.0;3.999999975690116e-08;0.0;0.0;0.0;3.999999975690116e-08
38,400000000,38.4,imu_link,-0.01299739521432983,0.011593979748275583,-0.006474882323504115,0.00016663329784535926,-0.00012148924074900614,9.80021139949569,-4.615570795174868e-10,5.33048478508799e-08,-4.9891055611985666e-08,0.9999999999999973,0.0;0.0;0.0;0.0;0.0;0.0;0.0;0.0;0.0,7.621289842063561e-05;0.0;0.0;0.0;7.621289842063561e-05;0.0;0.0;0.0;7.621289842063561e-05,3.999999975690116e-08;0.0;0.0;0.0;3.999999975690116e-08;0.0;0.0;0.0;3.999999975690116e-08
38,420000000,38.42,imu_link,-0.011776662414967035,0.006183076795546532,-0.00932202945321702,0.00044154677434679997,-0.0001278874320232542,9.799766153639995,-4.615570793775451e-10,5.330484785034899e-08,-4.989105561199329e-08,0.9999999999999973,0.0;0.0;0.0;0.0;0.0;0.0;0.0;0.0;0.0,7.621289842063561e-05;0.0;0.0;0.0;7.621289842063561e-05;0.0;0.0;0.0;7.621289842063561e-05,3.999999975690116e-08;0.0;0.0;0.0;3.999999975690116e-08;0.0;0.0;0.0;3.999999975690116e-08
38,440000000,38.44,imu_link,-0.010752129978675853,0.0050155304987976245,0.0031379066237828897,9.808064743112755e-05,-0.00011014821241806243,9.80004578578056,-4.615570795816408e-10,5.3304847850495804e-08,-4.9891055612003606e-08,0.9999999999999973,0.0;0.0;0.0;0.0;0.0;0.0;0.0;0.0;0.0,7.621289842063561e-05;0.0;0.0;0.0;7.621289842063561e-05;0.0;0.0;0.0;7.621289842063561e-05,3.999999975690116e-08;0.0;0.0;0.0;3.999999975690116e-08;0.0;0.0;0.0;3.999999975690116e-08
38,460000000,38.46,imu_link,-0.012028048532240078,-0.008661942640059178,0.00812065373455511,5.457122765277573e-05,-0.00018304893720050595,9.800154982398052,-4.6155707955247867e-10,5.3304847850598666e-08,-4.989105561201258e-08,0.9999999999999973,0.0;0.0;0.0;0.0;0.0;0.0;0.0;0.0;0.0,7.621289842063561e-05;0.0;0.0;0.0;7.621289842063561e-05;0.0;0.0;0.0;7.621289842063561e-05,3.999999975690116e-08;0.0;0.0;0.0;3.999999975690116e-08;0.0;0.0;0.0;3.999999975690116e-08
38,480000000,38.48,imu_link,-0.0025979379649319436,0.0017045509377018244,0.00468808748490663,0.00023655769440361884,-0.00022769699957027293,9.80012538415014,-4.615570794799871e-10,5.33048478508959e-08,-4.989105561202074e-08,0.9999999999999973,0.0;0.0;0.0;0.0;0.0;0.0;0.0;0.0;0.0,7.621289842063561e-05;0.0;0.0;0.0;7.621289842063561e-05;0.0;0.0;0.0;7.621289842063561e-05,3.999999975690116e-08;0.0;0.0;0.0;3.999999975690116e-08;0.0;0.0;0.0;3.999999975690116e-08
38,500000000,38.5,imu_link,-0.0046189445674938035,0.00035725109935641535,0.010577544429726072,3.0186644171863568e-05,-0.00027398939373376004,9.80029417898539,-4.615570794570471e-10,5.330484785041784e-08,-4.9891055612029943e-08,0.9999999999999973,0.0;0.0;0.0;0.0;0.0;0.0;0.0;0.0;0.0,7.621289842063561e-05;0.0;0.0;0.0;7.621289842063561e-05;0.0;0.0;0.0;7.621289842063561e-05,3.999999975690116e-08;0.0;0.0;0.0;3.999999975690116e-08;0.0;0.0;0.0;3.999999975690116e-08
38,520000000,38.52,imu_link,-0.012000078254487486,0.0029657929920266102,-0.007493700135385942,-0.0001237695075879939,-6.765791033723275e-05,9.800392198946609,-4.6155707942087206e-10,5.33048478505279e-08,-4.9891055612040134e-08,0.9999999999999973,0.0;0.0;0.0;0.0;0.0;0.0;0.0;0.0;0.0,7.621289842063561e-05;0.0;0.0;0.0;7.621289842063561e-05;0.0;0.0;0.0;7.621289842063561e-05,3.999999975690116e-08;0.0;0.0;0.0;3.999999975690116e-08;0.0;0.0;0.0;3.999999975690116e-08
38,540000000,38.54,imu_link,0.0011044891768181395,-0.011167845449744676,-0.007664075827515138,0.00017749733700080138,-0.00040340905458830065,9.799764047216298,-4.61557079386166e-10,5.3304847850638496e-08,-4.989105561205048e-08,0.9999999999999973,0.0;0.0;0.0;0.0;0.0;0.0;0.0;0.0;0.0,7.621289842063561e-05;0.0;0.0;0.0;7.621289842063561e-05;0.0;0.0;0.0;7.621289842063561e-05,3.999999975690116e-08;0.0;0.0;0.0;3.999999975690116e-08;0.0;0.0;0.0;3.999999975690116e-08
38,560000000,38.56,imu_link,0.006322727658277224,0.005599861067461922,0.0018327979484858603,-1.2890367873651538e-05,-0.0003886650246633559,9.799935407877618,-4.615570794737372e-10,5.3304847850341115e-08,-4.989105561206008e-08,0.9999999999999973,0.0;0.0;0.0;0.0;0.0;0.0;0.0;0.0;0.0,7.621289842063561e-05;0.0;0.0;0.0;7.621289842063561e-05;0.0;0.0;0.0;7.621289842063561e-05,3.999999975690116e-08;0.0;0.0;0.0;3.999999975690116e-08;0.0;0.0;0.0;3.999999975690116e-08
38,580000000,38.58,imu_link,0.009575146748964465,0.007662236834071969,-0.007122970791223045,0.00013626807793455555,-0.0002749979043404722,9.800007174217864,-4.6155707956135163e-10,5.330484785038899e-08,-4.989105561207112e-08,0.9999999999999973,0.0;0.0;0.0;0.0;0.0;0.0;0.0;0.0;0.0,7.621289842063561e-05;0.0;0.0;0.0;7.621289842063561e-05;0.0;0.0;0.0;7.621289842063561e-05,3.999999975690116e-08;0.0;0.0;0.0;3.999999975690116e-08;0.0;0.0;0.0;3.999999975690116e-08
38,600000000,38.6,imu_link,-0.00982405864268682,-0.01403942123134843,0.002429055508694418,0.0003686152006796403,8.339621154624592e-06,9.800172907831382,-4.615570796185652e-10,5.3304847850551893e-08,-4.989105561208025e-08,0.9999999999999973,0.0;0.0;0.0;0.0;0.0;0.0;0.0;0.0;0.0,7.621289842063561e-05;0.0;0.0;0.0;7.621289842063561e-05;0.0;0.0;0.0;7.621289842063561e-05,3.999999975690116e-08;0.0;0.0;0.0;3.999999975690116e-08;0.0;0.0;0.0;3.999999975690116e-08
38,620000000,38.62,imu_link,0.011641643267246527,-0.013176069169552359,-0.00561137634940856,0.00011008638301283715,-0.00021683846089862576,9.799920937889507,-4.6155707968649966e-10,5.330484785082938e-08,-4.989105561209082e-08,0.9999999999999973,0.0;0.0;0.0;0.0;0.0;0.0;0.0;0.0;0.0,7.621289842063561e-05;0.0;0.0;0.0;7.621289842063561e-05;0.0;0.0;0.0;7.621289842063561e-05,3.999999975690116e-08;0.0;0.0;0.0;3.999999975690116e-08;0.0;0.0;0.0;3.999999975690116e-08
38,640000000,38.64,imu_link,-0.0016711514527734193,0.003339985017982672,0.014259358118661797,-0.0002480214175503917,-0.00024834779803808906,9.800016116149047,-4.6155707942389044e-10,5.33048478508821e-08,-4.989105561210041e-08,0.9999999999999973,0.0;0.0;0.0;0.0;0.0;0.0;0.0;0.0;0.0,7.621289842063561e-05;0.0;0.0;0.0;7.621289842063561e-05;0.0;0.0;0.0;7.621289842063561e-05,3.999999975690116e-08;0.0;0.0;0.0;3.999999975690116e-08;0.0;0.0;0.0;3.999999975690116e-08
38,660000000,38.66,imu_link,0.01744092761390099,0.0013920638631403682,0.011652473134255346,0.00014352605841874916,-0.00019306920186684814,9.799667127903097,-4.615570794006698e-10,5.330484785041406e-08,-4.989105561211114e-08,0.9999999999999973,0.0;0.0;0.0;0.0;0.0;0.0;0.0;0.0;0.0,7.621289842063561e-05;0.0;0.0;0.0;7.621289842063561e-05;0.0;0.0;0.0;7.621289842063561e-05,3.999999975690116e-08;0.0;0.0;0.0;3.999999975690116e-08;0.0;0.0;0.0;3.999999975690116e-08
38,680000000,38.68,imu_link,0.003550848529025705,-0.016153603994455073,0.010533403441987652,0.00014317083889729964,-0.00044678672571737466,9.800152754195162,-4.615570794498631e-10,5.330484785058596e-08,-4.989105561212141e-08,0.9999999999999973,0.0;0.0;0.0;0.0;0.0;0.0;0.0;0.0;0.0,7.621289842063561e-05;0.0;0.0;0.0;7.621289842063561e-05;0.0;0.0;0.0;7.621289842063561e-05,3.999999975690116e-08;0.0;0.0;0.0;3.999999975690116e-08;0.0;0.0;0.0;3.999999975690116e-08
38,700000000,38.7,imu_link,-0.0030755507910303053,-0.0029937164733963356,0.017514605653020023,0.0001404350280949314,8.256480591888166e-05,9.800421414156846,-4.6155707955282433e-10,5.3304847850288936e-08,-4.98910556121295e-08,0.9999999999999973,0.0;0.0;0.0;0.0;0.0;0.0;0.0;0.0;0.0,7.621289842063561e-05;0.0;0.0;0.0;7.621289842063561e-05;0.0;0.0;0.0;7.621289842063561e-05,3.999999975690116e-08;0.0;0.0;0.0;3.999999975690116e-08;0.0;0.0;0.0;3.999999975690116e-08
38,720000000,38.72,imu_link,-0.004705199678677492,0.009528406153197352,-0.011909405750911513,-0.00034609010125374753,0.00012690043647913354,9.800325597906214,-4.615570794000003e-10,5.3304847850399474e-08,-4.989105561214057e-08,0.9999999999999973,0.0;0.0;0.0;0.0;0.0;0.0;0.0;0.0;0.0,7.621289842063561e-05;0.0;0.0;0.0;7.621289842063561e-05;0.0;0.0;0.0;7.621289842063561e-05,3.999999975690116e-08;0.0;0.0;0.0;3.999999975690116e-08;0.0;0.0;0.0;3.999999975690116e-08
38,740000000,38.74,imu_link,0.028999177972643047,0.010056677176903336,-0.006780771289516149,-0.00010780922630460733,-0.000128583855058486,9.80017361659643,-4.6155707937796377e-10,5.330484785050117e-08,-4.989105561215176e-08,0.9999999999999973,0.0;0.0;0.0;0.0;0.0;0.0;0.0;0.0;0.0,7.621289842063561e-05;0.0;0.0;0.0;7.621289842063561e-05;0.0;0.0;0.0;7.621289842063561e-05,3.999999975690116e-08;0.0;0.0;0.0;3.999999975690116e-08;0.0;0.0;0.0;3.999999975690116e-08
38,760000000,38.76,imu_link,0.008990088805557917,-0.0026653348388002815,0.020760441431873458,3.764240026967879e-05,0.00014701156536553727,9.79983764212431,-4.615570796023641e-10,5.3304847850659136e-08,-4.989105561216088e-08,0.9999999999999973,0.0;0.0;0.0;0.0;0.0;0.0;0.0;0.0;0.0,7.621289842063561e-05;0.0;0.0;0.0;7.621289842063561e-05;0.0;0.0;0.0;7.621289842063561e-05,3.999999975690116e-08;0.0;0.0;0.0;3.999999975690116e-08;0.0;0.0;0.0;3.999999975690116e-08
38,780000000,38.78,imu_link,0.011828495280490433,0.0020991401593028055,0.007105594854280999,0.0002668366260551709,-0.00031626497975734884,9.80006479858093,-4.6155707956895776e-10,5.3304847850296334e-08,-4.989105561217109e-08,0.9999999999999973,0.0;0.0;0.0;0.0;0.0;0.0;0.0;0.0;0.0,7.621289842063561e-05;0.0;0.0;0.0;7.621289842063561e-05;0.0;0.0;0.0;7.621289842063561e-05,3.999999975690116e-08;0.0;0.0;0.0;3.999999975690116e-08;0.0;0.0;0.0;3.999999975690116e-08
38,800000000,38.8,imu_link,-0.0037678063497895015,0.0003767410431639288,-0.013500291781529337,-0.00024220816715142022,5.932744605095299e-05,9.800019024767497,-4.615570795447944e-10,5.3304847850406574e-08,-4.989105561218031e-08,0.9999999999999973,0.0;0.0;0.0;0.0;0.0;0.0;0.0;0.0;0.0,7.621289842063561e-05;0.0;0.0;0.0;7.621289842063561e-05;0.0;0.0;0.0;7.621289842063561e-05,3.999999975690116e-08;0.0;0.0;0.0;3.999999975690116e-08;0.0;0.0;0.0;3.999999975690116e-08
38,820000000,38.82,imu_link,-0.0017508578621739871,-0.004010945966620174,0.006159643636848119,0.00022108184541255635,-0.0002485504943581719,9.800252786246704,-4.6155707951987043e-10,5.3304847850506246e-08,-4.98910556121904e-08,0.9999999999999973,0.0;0.0;0.0;0.0;0.0;0.0;0.0;0.0;0.0,7.621289842063561e-05;0.0;0.0;0.0;7.621289842063561e-05;0.0;0.0;0.0;7.621289842063561e-05,3.999999975690116e-08;0.0;0.0;0.0;3.999999975690116e-08;0.0;0.0;0.0;3.999999975690116e-08
38,840000000,38.84,imu_link,0.006546576935479748,0.008232341162097966,0.013948664761415486,3.8945262154036015e-05,0.00045783909687283195,9.799875839681707,-4.6155707969095935e-10,5.3304847850852584e-08,-4.989105561220007e-08,0.9999999999999973,0.0;0.0;0.0;0.0;0.0;0.0;0.0;0.0;0.0,7.621289842063561e-05;0.0;0.0;0.0;7.621289842063561e-05;0.0;0.0;0.0;7.621289842063561e-05,3.999999975690116e-08;0.0;0.0;0.0;3.999999975690116e-08;0.0;0.0;0.0;3.999999975690116e-08
38,860000000,38.86,imu_link,0.007269516330113923,0.018719309715743943,-0.005535045943357793,0.00011732497367061099,-0.0002154092278649289,9.800019449463612,-4.615570795201741e-10,5.3304847850387986e-08,-4.98910556122095e-08,0.9999999999999973,0.0;0.0;0.0;0.0;0.0;0.0;0.0;0.0;0.0,7.621289842063561e-05;0.0;0.0;0.0;7.621289842063561e-05;0.0;0.0;0.0;7.621289842063561e-05,3.999999975690116e-08;0.0;0.0;0.0;3.999999975690116e-08;0.0;0.0;0.0;3.999999975690116e-08
38,880000000,38.88,imu_link,-0.0015850600444287473,-0.00639859069478607,-0.0016376248774010217,0.00013075722840309243,-0.0005187883407219518,9.79997051774594,-4.6155707960141105e-10,5.33048478505495e-08,-4.9891055612218885e-08,0.9999999999999973,0.0;0.0;0.0;0.0;0.0;0.0;0.0;0.0;0.0,7.621289842063561e-05;0.0;0.0;0.0;7.621289842063561e-05;0.0;0.0;0.0;7.621289842063561e-05,3.999999975690116e-08;0.0;0.0;0.0;3.999999975690116e-08;0.0;0.0;0.0;3.999999975690116e-08
38,900000000,38.9,imu_link,0.009783330775523312,0.003499882761990991,-0.010591592255875111,0.0002591157404169924,5.37607198698412e-06,9.80022408937494,-4.615570794418808e-10,5.330484785066337e-08,-4.989105561222861e-08,0.9999999999999973,0.0;0.0;0.0;0.0;0.0;0.0;0.0;0.0;0.0,7.621289842063561e-05;0.0;0.0;0.0;7.621289842063561e-05;0.0;0.0;0.0;7.621289842063561e-05,3.999999975690116e-08;0.0;0.0;0.0;3.999999975690116e-08;0.0;0.0;0.0;3.999999975690116e-08
38,920000000,38.92,imu_link,-0.007894655755581823,-0.001154018594430181,0.007993436013552008,0.00015157931727529338,0.0002633710841319612,9.799911565577482,-4.6155707940201245e-10,5.330484785077175e-08,-4.989105561223836e-08,0.9999999999999973,0.0;0.0;0.0;0.0;0.0;0.0;0.0;0.0;0.0,7.621289842063561e-05;0.0;0.0;0.0;7.621289842063561e-05;0.0;0.0;0.0;7.621289842063561e-05,3.999999975690116e-08;0.0;0.0;0.0;3.999999975690116e-08;0.0;0.0;0.0;3.999999975690116e-08
38,940000000,38.94,imu_link,-0.010045697806175164,0.00793876920274592,0.010337689004722735,0.00025900302382377395,0.00014648567016160746,9.799750052285264,-4.6155707961522833e-10,5.330484785046621e-08,-4.9891055612246255e-08,0.9999999999999973,0.0;0.0;0.0;0.0;0.0;0.0;0.0;0.0;0.0,7.621289842063561e-05;0.0;0.0;0.0;7.621289842063561e-05;0.0;0.0;0.0;7.621289842063561e-05,3.999999975690116e-08;0.0;0.0;0.0;3.999999975690116e-08;0.0;0.0;0.0;3.999999975690116e-08
38,960000000,38.96,imu_link,-0.0024459842104642446,0.000793171440598421,-0.015263725345362798,-2.4915114223491195e-05,-8.29754458420119e-05,9.80044134245478,-4.6155707944736593e-10,5.330484785046847e-08,-4.989105561225371e-08,0.9999999999999973,0.0;0.0;0.0;0.0;0.0;0.0;0.0;0.0;0.0,7.621289842063561e-05;0.0;0.0;0.0;7.621289842063561e-05;0.0;0.0;0.0;7.621289842063561e-05,3.999999975690116e-08;0.0;0.0;0.0;3.999999975690116e-08;0.0;0.0;0.0;3.999999975690116e-08
38,980000000,38.98,imu_link,-0.015510934345812221,0.008835135469734405,-0.00046377126704403736,0.0003551565360048179,-2.5742531653689902e-05,9.800345422976134,-4.615570795160495e-10,5.330484785075532e-08,-4.9891055612263136e-08,0.9999999999999973,0.0;0.0;0.0;0.0;0.0;0.0;0.0;0.0;0.0,7.621289842063561e-05;0.0;0.0;0.0;7.621289842063561e-05;0.0;0.0;0.0;7.621289842063561e-05,3.999999975690116e-08;0.0;0.0;0.0;3.999999975690116e-08;0.0;0.0;0.0;3.999999975690116e-08
39,0,39.0,imu_link,-0.008593523946567233,-0.0065108786451076725,0.005615205637255714,1.5615254395119355e-06,-4.715764089036556e-05,9.799888162922922,-4.6155707946890747e-10,5.330484785073651e-08,-4.98910556122717e-08,0.9999999999999973,0.0;0.0;0.0;0.0;0.0;0.0;0.0;0.0;0.0,7.621289842063561e-05;0.0;0.0;0.0;7.621289842063561e-05;0.0;0.0;0.0;7.621289842063561e-05,3.999999975690116e-08;0.0;0.0;0.0;3.999999975690116e-08;0.0;0.0;0.0;3.999999975690116e-08
39,20000000,39.02,imu_link,0.0012847111235440999,-0.0035907404836733486,0.00022103505535977383,-0.00015627527924136925,-0.0005609975314870255,9.800150054642227,-4.6155707956797135e-10,5.3304847850376465e-08,-4.9891055612280976e-08,0.9999999999999973,0.0;0.0;0.0;0.0;0.0;0.0;0.0;0.0;0.0,7.621289842063561e-05;0.0;0.0;0.0;7.621289842063561e-05;0.0;0.0;0.0;7.621289842063561e-05,3.999999975690116e-08;0.0;0.0;0.0;3.999999975690116e-08;0.0;0.0;0.0;3.999999975690116e-08
39,40000000,39.04,imu_link,0.004190562386674531,0.009741032364228071,-0.010728533901197617,-0.000100293600961231,-0.0003622906738413211,9.80017722528452,-4.615570795049527e-10,5.330484785067485e-08,-4.98910556122908e-08,0.9999999999999973,0.0;0.0;0.0;0.0;0.0;0.0;0.0;0.0;0.0,7.621289842063561e-05;0.0;0.0;0.0;7.621289842063561e-05;0.0;0.0;0.0;7.621289842063561e-05,3.999999975690116e-08;0.0;0.0;0.0;3.999999975690116e-08;0.0;0.0;0.0;3.999999975690116e-08
39,60000000,39.06,imu_link,0.01787489326638825,-0.009022897030892062,-0.011467688258698575,-0.0001505291893291468,-6.370072327974396e-05,9.799896105534662,-4.615570793337746e-10,5.33048478507877e-08,-4.989105561229918e-08,0.9999999999999973,0.0;0.0;0.0;0.0;0.0;0.0;0.0;0.0;0.0,7.621289842063561e-05;0.0;0.0;0.0;7.621289842063561e-05;0.0;0.0;0.0;7.621289842063561e-05,3.999999975690116e-08;0.0;0.0;0.0;3.999999975690116e-08;0.0;0.0;0.0;3.999999975690116e-08
39,80000000,39.08,imu_link,-0.01117466250916441,-0.007634339308183088,-0.01226300930375622,-0.00012168101733967523,-0.00025608631174918223,9.800391122396004,-4.615570794371275e-10,5.33048478507777e-08,-4.989105561230808e-08,0.9999999999999973,0.0;0.0;0.0;0.0;0.0;0.0;0.0;0.0;0.0,7.621289842063561e-05;0.0;0.0;0.0;7.621289842063561e-05;0.0;0.0;0.0;7.621289842063561e-05,3.999999975690116e-08;0.0;0.0;0.0;3.999999975690116e-08;0.0;0.0;0.0;3.999999975690116e-08
39,100000000,39.1,imu_link,0.012842729399541071,-0.008000692824957566,-0.009859603983425497,0.00018425016111532248,-0.00019281663175605223,9.80007490526908,-4.615570795045603e-10,5.3304847850477844e-08,-4.9891055612316214e-08,0.9999999999999973,0.0;0.0;0.0;0.0;0.0;0.0;0.0;0.0;0.0,7.621289842063561e-05;0.0;0.0;0.0;7.621289842063561e-05;0.0;0.0;0.0;7.621289842063561e-05,3.999999975690116e-08;0.0;0.0;0.0;3.999999975690116e-08;0.0;0.0;0.0;3.999999975690116e-08
39,120000000,39.12,imu_link,-0.0036790719789819956,0.011482210926658484,0.0013583303963562898,-2.708334474850989e-06,-0.0002752711035253346,9.800102214376045,-4.615570795919534e-10,5.330484785064124e-08,-4.989105561232389e-08,0.9999999999999973,0.0;0.0;0.0;0.0;0.0;0.0;0.0;0.0;0.0,7.621289842063561e-05;0.0;0.0;0.0;7.621289842063561e-05;0.0;0.0;0.0;7.621289842063561e-05,3.999999975690116e-08;0.0;0.0;0.0;3.999999975690116e-08;0.0;0.0;0.0;3.999999975690116e-08
39,140000000,39.14,imu_link,0.00030435512692283126,-0.0012863015757504218,0.0012703324957079145,-8.068937898275136e-05,-4.181910352819723e-05,9.800258717175693,-4.61557079567472e-10,5.330484785063408e-08,-4.989105561233343e-08,0.9999999999999973,0.0;0.0;0.0;0.0;0.0;0.0;0.0;0.0;0.0,7.621289842063561e-05;0.0;0.0;0.0;7.621289842063561e-05;0.0;0.0;0.0;7.621289842063561e-05,3.999999975690116e-08;0.0;0.0;0.0;3.999999975690116e-08;0.0;0.0;0.0;3.999999975690116e-08
39,160000000,39.16,imu_link,0.005097918428478796,0.007776686577575893,0.002535191122313142,-0.00026310226007278593,4.98286964862364e-05,9.799905565467046,-4.6155707953172755e-10,5.330484785028162e-08,-4.989105561234229e-08,0.9999999999999973,0.0;0.0;0.0;0.0;0.0;0.0;0.0;0.0;0.0,7.621289842063561e-05;0.0;0.0;0.0;7.621289842063561e-05;0.0;0.0;0.0;7.621289842063561e-05,3.999999975690116e-08;0.0;0.0;0.0;3.999999975690116e-08;0.0;0.0;0.0;3.999999975690116e-08
39,180000000,39.18,imu_link,-0.004299618597877538,0.008772083414058574,-0.0012415340020699933,0.0003895499481334667,9.235816607452991e-05,9.800141418890108,-4.615570794654233e-10,5.3304847850581685e-08,-4.989105561235245e-08,0.9999999999999973,0.0;0.0;0.0;0.0;0.0;0.0;0.0;0.0;0.0,7.621289842063561e-05;0.0;0.0;0.0;7.621289842063561e-05;0.0;0.0;0.0;7.621289842063561e-05,3.999999975690116e-08;0.0;0.0;0.0;3.999999975690116e-08;0.0;0.0;0.0;3.999999975690116e-08
39,200000000,39.2,imu_link,0.010202444894752678,-0.0011123795813234513,0.0020914300277834626,-0.00012173591358844174,0.00034911045109281867,9.799915884482074,-4.6155707955306866e-10,5.330484785055983e-08,-4.989105561236095e-08,0.9999999999999973,0.0;0.0;0.0;0.0;0.0;0.0;0.0;0.0;0.0,7.621289842063561e-05;0.0;0.0;0.0;7.621289842063561e-05;0.0;0.0;0.0;7.621289842063561e-05,3.999999975690116e-08;0.0;0.0;0.0;3.999999975690116e-08;0.0;0.0;0.0;3.999999975690116e-08
39,220000000,39.22,imu_link,-0.010151546479115202,0.0068005160532122275,0.003648633835060054,0.00012549588295206838,-6.803840871084834e-05,9.800164518872808,-4.6155707949705483e-10,5.330484785085704e-08,-4.989105561237062e-08,0.9999999999999973,0.0;0.0;0.0;0.0;0.0;0.0;0.0;0.0;0.0,7.621289842063561e-05;0.0;0.0;0.0;7.621289842063561e-05;0.0;0.0;0.0;7.621289842063561e-05,3.999999975690116e-08;0.0;0.0;0.0;3.999999975690116e-08;0.0;0.0;0.0;3.999999975690116e-08
39,240000000,39.24,imu_link,-0.004020585649372799,-0.00033926288952987685,0.002525830829041395,0.00029717497803808155,-0.0002007746312911789,9.79986423163067,-4.6155707950363577e-10,5.3304847850316034e-08,-4.9891055612379034e-08,0.9999999999999973,0.0;0.0;0.0;0.0;0.0;0.0;0.0;0.0;0.0,7.621289842063561e-05;0.0;0.0;0.0;7.621289842063561e-05;0.0;0.0;0.0;7.621289842063561e-05,3.999999975690116e-08;0.0;0.0;0.0;3.999999975690116e-08;0.0;0.0;0.0;3.999999975690116e-08
39,260000000,39.26,imu_link,0.005406268404242569,-0.0007492903343737677,-0.022188203756163496,0.000383853132402945,-0.000368714739748469,9.800232579752057,-4.6155707955218094e-10,5.3304847850660896e-08,-4.9891055612389046e-08,0.9999999999999973,0.0;0.0;0.0;0.0;0.0;0.0;0.0;0.0;0.0,7.621289842063561e-05;0.0;0.0;0.0;7.621289842063561e-05;0.0;0.0;0.0;7.621289842063561e-05,3.999999975690116e-08;0.0;0.0;0.0;3.999999975690116e-08;0.0;0.0;0.0;3.999999975690116e-08
39,280000000,39.28,imu_link,0.0051784876157137255,-0.011263517030445102,-0.013366948716876345,-0.00020697726039609993,-0.00048036083350230156,9.799969117401353,-4.6155707952810533e-10,5.3304847850648277e-08,-4.9891055612398165e-08,0.9999999999999973,0.0;0.0;0.0;0.0;0.0;0.0;0.0;0.0;0.0,7.621289842063561e-05;0.0;0.0;0.0;7.621289842063561e-05;0.0;0.0;0.0;7.621289842063561e-05,3.999999975690116e-08;0.0;0.0;0.0;3.999999975690116e-08;0.0;0.0;0.0;3.999999975690116e-08
39,300000000,39.3,imu_link,-0.009434221903014357,-0.0009169185607028904,-0.009312483936763316,0.00029384962396958666,0.0001500728289863043,9.800212241538713,-4.615570796069156e-10,5.330484785035193e-08,-4.98910556124088e-08,0.9999999999999973,0.0;0.0;0.0;0.0;0.0;0.0;0.0;0.0;0.0,7.621289842063561e-05;0.0;0.0;0.0;7.621289842063561e-05;0.0;0.0;0.0;7.621289842063561e-05,3.999999975690116e-08;0.0;0.0;0.0;3.999999975690116e-08;0.0;0.0;0.0;3.999999975690116e-08
39,320000000,39.32,imu_link,0.0007128750698335973,0.0036977567513131566,0.011907721020246913,-0.00013026253253346895,0.00028284101038591574,9.80015058865088,-4.6155707959003313e-10,5.3304847850455504e-08,-4.989105561241887e-08,0.9999999999999973,0.0;0.0;0.0;0.0;0.0;0.0;0.0;0.0;0.0,7.621289842063561e-05;0.0;0.0;0.0;7.621289842063561e-05;0.0;0.0;0.0;7.621289842063561e-05,3.999999975690116e-08;0.0;0.0;0.0;3.999999975690116e-08;0.0;0.0;0.0;3.999999975690116e-08
39,340000000,39.34,imu_link,-0.005773503507499543,0.008763620914151955,-0.01567320116808245,-4.4949488778920623e-05,-0.00018887821532477707,9.799840147430052,-4.615570796487594e-10,5.330484785074002e-08,-4.9891055612428506e-08,0.9999999999999973,0.0;0.0;0.0;0.0;0.0;0.0;0.0;0.0;0.0,7.621289842063561e-05;0.0;0.0;0.0;7.621289842063561e-05;0.0;0.0;0.0;7.621289842063561e-05,3.999999975690116e-08;0.0;0.0;0.0;3.999999975690116e-08;0.0;0.0;0.0;3.999999975690116e-08
39,360000000,39.36,imu_link,0.0028019889165092067,0.007358235014163041,0.0025181195685861123,7.323343338424675e-05,6.192007840001782e-05,9.800223944254768,-4.615570794874515e-10,5.33048478507399e-08,-4.9891055612438e-08,0.9999999999999973,0.0;0.0;0.0;0.0;0.0;0.0;0.0;0.0;0.0,7.621289842063561e-05;0.0;0.0;0.0;7.621289842063561e-05;0.0;0.0;0.0;7.621289842063561e-05,3.999999975690116e-08;0.0;0.0;0.0;3.999999975690116e-08;0.0;0.0;0.0;3.999999975690116e-08
39,380000000,39.38,imu_link,0.004988709027059416,-0.010933790510396528,0.0090764846482423,0.000526678226766627,-0.00020135008650806437,9.79987658149616,-4.615570795735145e-10,5.330484785031982e-08,-4.9891055612448034e-08,0.9999999999999973,0.0;0.0;0.0;0.0;0.0;0.0;0.0;0.0;0.0,7.621289842063561e-05;0.0;0.0;0.0;7.621289842063561e-05;0.0;0.0;0.0;7.621289842063561e-05,3.999999975690116e-08;0.0;0.0;0.0;3.999999975690116e-08;0.0;0.0;0.0;3.999999975690116e-08
39,400000000,39.4,imu_link,0.0036666107718928286,0.010438648084693705,0.00014453095640652283,0.00017780356628748815,-0.00019531772202125027,9.799823687341107,-4.615570795461929e-10,5.3304847850429365e-08,-4.989105561245881e-08,0.9999999999999973,0.0;0.0;0.0;0.0;0.0;0.0;0.0;0.0;0.0,7.621289842063561e-05;0.0;0.0;0.0;7.621289842063561e-05;0.0;0.0;0.0;7.621289842063561e-05,3.999999975690116e-08;0.0;0.0;0.0;3.999999975690116e-08;0.0;0.0;0.0;3.999999975690116e-08
39,420000000,39.42,imu_link,0.01784071109623344,0.005476195422283171,-0.005308434132774998,-5.3267912624631347e-05,0.00010712190438190868,9.800201029190937,-4.6155707960052416e-10,5.3304847850668036e-08,-4.989105561246885e-08,0.9999999999999973,0.0;0.0;0.0;0.0;0.0;0.0;0.0;0.0;0.0,7.621289842063561e-05;0.0;0.0;0.0;7.621289842063561e-05;0.0;0.0;0.0;7.621289842063561e-05,3.999999975690116e-08;0.0;0.0;0.0;3.999999975690116e-08;0.0;0.0;0.0;3.999999975690116e-08
39,440000000,39.44,imu_link,0.0018769011833881938,0.0025557684541734284,-0.0004994838869924552,-2.6381168789179916e-05,-6.912183283834529e-05,9.79995911817118,-4.615570795691644e-10,5.330484785066413e-08,-4.989105561248085e-08,0.9999999999999973,0.0;0.0;0.0;0.0;0.0;0.0;0.0;0.0;0.0,7.621289842063561e-05;0.0;0.0;0.0;7.621289842063561e-05;0.0;0.0;0.0;7.621289842063561e-05,3.999999975690116e-08;0.0;0.0;0.0;3.999999975690116e-08;0.0;0.0;0.0;3.999999975690116e-08
39,460000000,39.46,imu_link,0.01239521700969989,0.009160208847325255,-0.0030967767399302454,2.1309048374175795e-05,-0.0002907282132087406,9.800211328810114,-4.6155707963164125e-10,5.330484785049448e-08,-4.989105561249227e-08,0.9999999999999973,0.0;0.0;0.0;0.0;0.0;0.0;0.0;0.0;0.0,7.621289842063561e-05;0.0;0.0;0.0;7.621289842063561e-05;0.0;0.0;0.0;7.621289842063561e-05,3.999999975690116e-08;0.0;0.0;0.0;3.999999975690116e-08;0.0;0.0;0.0;3.999999975690116e-08
39,480000000,39.48,imu_link,-0.008628284939596217,-0.010961374913589656,-0.005710486449644315,6.265209111488252e-06,-0.00010350574849498455,9.799988997310292,-4.6155707945853044e-10,5.330484785049834e-08,-4.989105561250438e-08,0.9999999999999973,0.0;0.0;0.0;0.0;0.0;0.0;0.0;0.0;0.0,7.621289842063561e-05;0.0;0.0;0.0;7.621289842063561e-05;0.0;0.0;0.0;7.621289842063561e-05,3.999999975690116e-08;0.0;0.0;0.0;3.999999975690116e-08;0.0;0.0;0.0;3.999999975690116e-08
39,500000000,39.5,imu_link,0.003229519722289155,0.004414001139833055,0.0074130665083020205,0.00025442426224462977,0.00038373760201015634,9.799808234847017,-4.6155707948940915e-10,5.3304847850726726e-08,-4.9891055612516895e-08,0.9999999999999973,0.0;0.0;0.0;0.0;0.0;0.0;0.0;0.0;0.0,7.621289842063561e-05;0.0;0.0;0.0;7.621289842063561e-05;0.0;0.0;0.0;7.621289842063561e-05,3.999999975690116e-08;0.0;0.0;0.0;3.999999975690116e-08;0.0;0.0;0.0;3.999999975690116e-08
39,520000000,39.52,imu_link,-0.009389392501979238,0.005985370981698033,-0.003984870416448104,-0.00013992156542046882,-0.0002967694522877455,9.799979440308356,-4.615570796982471e-10,5.3304847850887974e-08,-4.9891055612529375e-08,0.9999999999999973,0.0;0.0;0.0;0.0;0.0;0.0;0.0;0.0;0.0,7.621289842063561e-05;0.0;0.0;0.0;7.621289842063561e-05;0.0;0.0;0.0;7.621289842063561e-05,3.999999975690116e-08;0.0;0.0;0.0;3.999999975690116e-08;0.0;0.0;0.0;3.999999975690116e-08
39,540000000,39.54,imu_link,0.013421184453410168,-0.00251792845662065,-0.010490100490308598,0.00010901937322247247,-0.00023914646204771482,9.799804691609323,-4.615570793896798e-10,5.330484785037019e-08,-4.9891055612539473e-08,0.9999999999999973,0.0;0.0;0.0;0.0;0.0;0.0;0.0;0.0;0.0,7.621289842063561e-05;0.0;0.0;0.0;7.621289842063561e-05;0.0;0.0;0.0;7.621289842063561e-05,3.999999975690116e-08;0.0;0.0;0.0;3.999999975690116e-08;0.0;0.0;0.0;3.999999975690116e-08
39,560000000,39.56,imu_link,-0.00997358452115391,-0.006286394190169819,0.010226553862361841,0.00012278756605130518,0.00021217791429380971,9.80024685543574,-4.615570794520795e-10,5.330484785054834e-08,-4.989105561255162e-08,0.9999999999999973,0.0;0.0;0.0;0.0;0.0;0.0;0.0;0.0;0.0,7.621289842063561e-05;0.0;0.0;0.0;7.621289842063561e-05;0.0;0.0;0.0;7.621289842063561e-05,3.999999975690116e-08;0.0;0.0;0.0;3.999999975690116e-08;0.0;0.0;0.0;3.999999975690116e-08
39,580000000,39.58,imu_link,-0.010438721441857486,0.014491353195186737,-0.011334985651393754,0.00018473192961185382,0.0002833501228418371,9.799965109227546,-4.6155707952565175e-10,5.33048478507051e-08,-4.9891055612564765e-08,0.9999999999999973,0.0;0.0;0.0;0.0;0.0;0.0;0.0;0.0;0.0,7.621289842063561e-05;0.0;0.0;0.0;7.621289842063561e-05;0.0;0.0;0.0;7.621289842063561e-05,3.999999975690116e-08;0.0;0.0;0.0;3.999999975690116e-08;0.0;0.0;0.0;3.999999975690116e-08
39,600000000,39.6,imu_link,0.0035126698949208644,-0.007815883883031172,0.013764047669026173,0.00011407856736756904,-0.00034968305161003834,9.80012124764571,-4.615570796079198e-10,5.3304847850412854e-08,-4.9891055612576266e-08,0.9999999999999973,0.0;0.0;0.0;0.0;0.0;0.0;0.0;0.0;0.0,7.621289842063561e-05;0.0;0.0;0.0;7.621289842063561e-05;0.0;0.0;0.0;7.621289842063561e-05,3.999999975690116e-08;0.0;0.0;0.0;3.999999975690116e-08;0.0;0.0;0.0;3.999999975690116e-08
39,620000000,39.62,imu_link,0.003088920369268474,0.01499076124316521,-0.005463295936824385,-0.00022091345319331517,-0.0001581462420863314,9.800457076302493,-4.615570794495497e-10,5.330484785053184e-08,-4.98910556125903e-08,0.9999999999999973,0.0;0.0;0.0;0.0;0.0;0.0;0.0;0.0;0.0,7.621289842063561e-05;0.0;0.0;0.0;7.621289842063561e-05;0.0;0.0;0.0;7.621289842063561e-05,3.999999975690116e-08;0.0;0.0;0.0;3.999999975690116e-08;0.0;0.0;0.0;3.999999975690116e-08
39,640000000,39.64,imu_link,0.01814047727024644,0.003346138533866629,-0.002771122083102522,1.0777429055257125e-05,7.845282062860579e-05,9.799970023036561,-4.6155707954953964e-10,5.3304847850688616e-08,-4.989105561260189e-08,0.9999999999999973,0.0;0.0;0.0;0.0;0.0;0.0;0.0;0.0;0.0,7.621289842063561e-05;0.0;0.0;0.0;7.621289842063561e-05;0.0;0.0;0.0;7.621289842063561e-05,3.999999975690116e-08;0.0;0.0;0.0;3.999999975690116e-08;0.0;0.0;0.0;3.999999975690116e-08
39,660000000,39.66,imu_link,0.0025611000103056302,-0.006007185594202731,-0.002566613090832773,1.5659037116018653e-05,-0.0003637042701505254,9.800133884770839,-4.6155707940049426e-10,5.3304847850804296e-08,-4.989105561261149e-08,0.9999999999999973,0.0;0.0;0.0;0.0;0.0;0.0;0.0;0.0;0.0,7.621289842063561e-05;0.0;0.0;0.0;7.621289842063561e-05;0.0;0.0;0.0;7.621289842063561e-05,3.999999975690116e-08;0.0;0.0;0.0;3.999999975690116e-08;0.0;0.0;0.0;3.999999975690116e-08
39,680000000,39.68,imu_link,0.006249039322653538,-0.017525206927151187,-0.0037897899774518135,0.0004065660874936493,0.00016953353082516264,9.800111109382089,-4.615570796097892e-10,5.330484785048663e-08,-4.98910556126229e-08,0.9999999999999973,0.0;0.0;0.0;0.0;0.0;0.0;0.0;0.0;0.0,7.621289842063561e-05;0.0;0.0;0.0;7.621289842063561e-05;0.0;0.0;0.0;7.621289842063561e-05,3.999999975690116e-08;0.0;0.0;0.0;3.999999975690116e-08;0.0;0.0;0.0;3.999999975690116e-08
39,700000000,39.7,imu_link,-0.009012000902359542,0.005112962958928397,-0.0050415485303188685,-0.00030972676861976215,-0.00010157940081266046,9.799951519072394,-4.615570795874658e-10,5.330484785047411e-08,-4.9891055612633706e-08,0.9999999999999973,0.0;0.0;0.0;0.0;0.0;0.0;0.0;0.0;0.0,7.621289842063561e-05;0.0;0.0;0.0;7.621289842063561e-05;0.0;0.0;0.0;7.621289842063561e-05,3.999999975690116e-08;0.0;0.0;0.0;3.999999975690116e-08;0.0;0.0;0.0;3.999999975690116e-08
39,720000000,39.72,imu_link,-0.003696839231215282,0.0010522460579149512,-0.0025988986444571674,2.250531734248583e-05,-0.0001355512684503366,9.799946131485463,-4.6155707965787466e-10,5.330484785075703e-08,-4.989105561264555e-08,0.9999999999999973,0.0;0.0;0.0;0.0;0.0;0.0;0.0;0.0;0.0,7.621289842063561e-05;0.0;0.0;0.0;7.621289842063561e-05;0.0;0.0;0.0;7.621289842063561e-05,3.999999975690116e-08;0.0;0.0;0.0;3.999999975690116e-08;0.0;0.0;0.0;3.999999975690116e-08
39,740000000,39.74,imu_link,-0.00039118344794509635,0.0016961063925632872,0.016791837513566735,-0.00016252566319861861,-0.00017234097839561132,9.800293795522691,-4.6155707950339377e-10,5.3304847850865885e-08,-4.9891055612657264e-08,0.9999999999999973,0.0;0.0;0.0;0.0;0.0;0.0;0.0;0.0;0.0,7.621289842063561e-05;0.0;0.0;0.0;7.621289842063561e-05;0.0;0.0;0.0;7.621289842063561e-05,3.999999975690116e-08;0.0;0.0;0.0;3.999999975690116e-08;0.0;0.0;0.0;3.999999975690116e-08
39,760000000,39.76,imu_link,0.017566069125078312,0.004139136492874766,0.0013195488581373431,0.00020195788980662498,-9.112558490370761e-06,9.80049385010404,-4.615570796228086e-10,5.3304847850489134e-08,-4.989105561266875e-08,0.9999999999999973,0.0;0.0;0.0;0.0;0.0;0.0;0.0;0.0;0.0,7.621289842063561e-05;0.0;0.0;0.0;7.621289842063561e-05;0.0;0.0;0.0;7.621289842063561e-05,3.999999975690116e-08;0.0;0.0;0.0;3.999999975690116e-08;0.0;0.0;0.0;3.999999975690116e-08
39,780000000,39.78,imu_link,0.008365832556684407,0.00040788646264431293,-0.007538238948652622,0.0002779241067706632,-0.00023281187210190998,9.800180228992653,-4.6155707959196646e-10,5.330484785048409e-08,-4.989105561268097e-08,0.9999999999999973,0.0;0.0;0.0;0.0;0.0;0.0;0.0;0.0;0.0,7.621289842063561e-05;0.0;0.0;0.0;7.621289842063561e-05;0.0;0.0;0.0;7.621289842063561e-05,3.999999975690116e-08;0.0;0.0;0.0;3.999999975690116e-08;0.0;0.0;0.0;3.999999975690116e-08
39,800000000,39.8,imu_link,-0.013631097241316682,-0.01729492493611201,0.0009006122325225711,4.138744219769479e-05,4.944491420139904e-06,9.800054330395751,-4.61557079395741e-10,5.330484785078859e-08,-4.98910556126932e-08,0.9999999999999973,0.0;0.0;0.0;0.0;0.0;0.0;0.0;0.0;0.0,7.621289842063561e-05;0.0;0.0;0.0;7.621289842063561e-05;0.0;0.0;0.0;7.621289842063561e-05,3.999999975690116e-08;0.0;0.0;0.0;3.999999975690116e-08;0.0;0.0;0.0;3.999999975690116e-08
39,820000000,39.82,imu_link,-0.010432559354471582,-0.005180320918440188,0.005626462157716789,0.00034447420986437994,-0.0003199044059430343,9.800078021822257,-4.615570795136127e-10,5.330484785029412e-08,-4.989105561270367e-08,0.9999999999999973,0.0;0.0;0.0;0.0;0.0;0.0;0.0;0.0;0.0,7.621289842063561e-05;0.0;0.0;0.0;7.621289842063561e-05;0.0;0.0;0.0;7.621289842063561e-05,3.999999975690116e-08;0.0;0.0;0.0;3.999999975690116e-08;0.0;0.0;0.0;3.999999975690116e-08
39,840000000,39.84,imu_link,-0.015525243477083783,-0.0020009329154499684,-0.015064112242066711,0.0004062084296950328,-9.259399486256527e-05,9.799831719093318,-4.6155707950345e-10,5.330484785039411e-08,-4.989105561271578e-08,0.9999999999999973,0.0;0.0;0.0;0.0;0.0;0.0;0.0;0.0;0.0,7.621289842063561e-05;0.0;0.0;0.0;7.621289842063561e-05;0.0;0.0;0.0;7.621289842063561e-05,3.999999975690116e-08;0.0;0.0;0.0;3.999999975690116e-08;0.0;0.0;0.0;3.999999975690116e-08
39,860000000,39.86,imu_link,0.005743670644531022,0.00537409117216792,0.0007325088015322496,9.315690219758174e-05,-0.00041530390934875553,9.799979726175339,-4.615570794491006e-10,5.330484785068651e-08,-4.989105561272866e-08,0.9999999999999973,0.0;0.0;0.0;0.0;0.0;0.0;0.0;0.0;0.0,7.621289842063561e-05;0.0;0.0;0.0;7.621289842063561e-05;0.0;0.0;0.0;7.621289842063561e-05,3.999999975690116e-08;0.0;0.0;0.0;3.999999975690116e-08;0.0;0.0;0.0;3.999999975690116e-08
39,880000000,39.88,imu_link,-0.013402438235618,0.014914494572611302,4.792444680592582e-05,0.00022556359516605622,-9.725150350580165e-05,9.800125626118728,-4.6155707951292894e-10,5.3304847850855184e-08,-4.989105561274265e-08,0.9999999999999973,0.0;0.0;0.0;0.0;0.0;0.0;0.0;0.0;0.0,7.621289842063561e-05;0.0;0.0;0.0;7.621289842063561e-05;0.0;0.0;0.0;7.621289842063561e-05,3.999999975690116e-08;0.0;0.0;0.0;3.999999975690116e-08;0.0;0.0;0.0;3.999999975690116e-08
39,900000000,39.9,imu_link,-3.839598583578147e-05,-0.0035817933960563407,-0.005345926482795873,0.0001241173732137538,-6.527308826890317e-05,9.80029978737917,-4.615570793744653e-10,5.330484785032744e-08,-4.989105561275494e-08,0.9999999999999973,0.0;0.0;0.0;0.0;0.0;0.0;0.0;0.0;0.0,7.621289842063561e-05;0.0;0.0;0.0;7.621289842063561e-05;0.0;0.0;0.0;7.621289842063561e-05,3.999999975690116e-08;0.0;0.0;0.0;3.999999975690116e-08;0.0;0.0;0.0;3.999999975690116e-08
39,920000000,39.92,imu_link,-0.002007177294775542,0.0021365225139098483,-0.00501138429306593,0.00037931007133984587,-0.00040757349494732964,9.799829759656273,-4.615570795904021e-10,5.330484785048219e-08,-4.989105561276808e-08,0.9999999999999973,0.0;0.0;0.0;0.0;0.0;0.0;0.0;0.0;0.0,7.621289842063561e-05;0.0;0.0;0.0;7.621289842063561e-05;0.0;0.0;0.0;7.621289842063561e-05,3.999999975690116e-08;0.0;0.0;0.0;3.999999975690116e-08;0.0;0.0;0.0;3.999999975690116e-08
39,940000000,39.94,imu_link,-0.013366795027253806,0.004005031237039114,-0.018098384794880726,3.463198437223058e-05,-0.00016054552226133604,9.800187806753938,-4.6155707938418014e-10,5.3304847850668255e-08,-4.989105561278067e-08,0.9999999999999973,0.0;0.0;0.0;0.0;0.0;0.0;0.0;0.0;0.0,7.621289842063561e-05;0.0;0.0;0.0;7.621289842063561e-05;0.0;0.0;0.0;7.621289842063561e-05,3.999999975690116e-08;0.0;0.0;0.0;3.999999975690116e-08;0.0;0.0;0.0;3.999999975690116e-08
39,960000000,39.96,imu_link,-0.0022488825202472036,0.00016947282569942907,-0.0021473898348783414,-0.00019279378160221285,0.0001309338431136862,9.799681768645787,-4.6155707947238313e-10,5.330484785037346e-08,-4.989105561279495e-08,0.9999999999999973,0.0;0.0;0.0;0.0;0.0;0.0;0.0;0.0;0.0,7.621289842063561e-05;0.0;0.0;0.0;7.621289842063561e-05;0.0;0.0;0.0;7.621289842063561e-05,3.999999975690116e-08;0.0;0.0;0.0;3.999999975690116e-08;0.0;0.0;0.0;3.999999975690116e-08
39,980000000,39.98,imu_link,0.014865521654810865,-0.0033214290880598523,-0.008631759396962391,0.00030296907576083504,-0.00012980064272470816,9.800047195335393,-4.6155707945594535e-10,5.3304847850360636e-08,-4.989105561280945e-08,0.9999999999999973,0.0;0.0;0.0;0.0;0.0;0.0;0.0;0.0;0.0,7.621289842063561e-05;0.0;0.0;0.0;7.621289842063561e-05;0.0;0.0;0.0;7.621289842063561e-05,3.999999975690116e-08;0.0;0.0;0.0;3.999999975690116e-08;0.0;0.0;0.0;3.999999975690116e-08
40,0,40.0,imu_link,0.006709464886389309,-0.006863469320666202,-0.0028367227158994,0.00039981779012539877,-0.0001373941066993072,9.80003607308396,-4.6155707949801213e-10,5.3304847850712856e-08,-4.9891055612822296e-08,0.9999999999999973,0.0;0.0;0.0;0.0;0.0;0.0;0.0;0.0;0.0,7.621289842063561e-05;0.0;0.0;0.0;7.621289842063561e-05;0.0;0.0;0.0;7.621289842063561e-05,3.999999975690116e-08;0.0;0.0;0.0;3.999999975690116e-08;0.0;0.0;0.0;3.999999975690116e-08
40,20000000,40.02,imu_link,0.006650689501004205,0.0061582781116807225,-0.007578128857022064,0.000255809553285413,0.00010222997392113981,9.800251341562506,-4.6155707948114665e-10,5.3304847850812085e-08,-4.989105561283628e-08,0.9999999999999973,0.0;0.0;0.0;0.0;0.0;0.0;0.0;0.0;0.0,7.621289842063561e-05;0.0;0.0;0.0;7.621289842063561e-05;0.0;0.0;0.0;7.621289842063561e-05,3.999999975690116e-08;0.0;0.0;0.0;3.999999975690116e-08;0.0;0.0;0.0;3.999999975690116e-08
40,40000000,40.04,imu_link,-0.019710956434926825,-0.0030064126537147507,0.020249613318808334,3.1907207880825785e-05,-0.0003815619631863151,9.799973839243329,-4.6155707960837473e-10,5.330484785033029e-08,-4.9891055612850526e-08,0.9999999999999973,0.0;0.0;0.0;0.0;0.0;0.0;0.0;0.0;0.0,7.621289842063561e-05;0.0;0.0;0.0;7.621289842063561e-05;0.0;0.0;0.0;7.621289842063561e-05,3.999999975690116e-08;0.0;0.0;0.0;3.999999975690116e-08;0.0;0.0;0.0;3.999999975690116e-08
40,60000000,40.06,imu_link,-0.0013161274907117094,-0.0003091168073314839,-0.0022568508397011336,8.72135491369141e-05,-0.00039140077095263493,9.800145113478466,-4.615570796661772e-10,5.3304847850622455e-08,-4.9891055612864264e-08,0.9999999999999973,0.0;0.0;0.0;0.0;0.0;0.0;0.0;0.0;0.0,7.621289842063561e-05;0.0;0.0;0.0;7.621289842063561e-05;0.0;0.0;0.0;7.621289842063561e-05,3.999999975690116e-08;0.0;0.0;0.0;3.999999975690116e-08;0.0;0.0;0.0;3.999999975690116e-08
40,80000000,40.08,imu_link,0.0034507279944960027,0.012738613397408142,-0.0051601526371808995,-2.1679651257368462e-05,0.0001973406024689158,9.799871907952005,-4.6155707955306535e-10,5.330484785054328e-08,-4.989105561287885e-08,0.9999999999999973,0.0;0.0;0.0;0.0;0.0;0.0;0.0;0.0;0.0,7.621289842063561e-05;0.0;0.0;0.0;7.621289842063561e-05;0.0;0.0;0.0;7.621289842063561e-05,3.999999975690116e-08;0.0;0.0;0.0;3.999999975690116e-08;0.0;0.0;0.0;3.999999975690116e-08
40,100000000,40.1,imu_link,-0.00779986648941244,0.006351497621356754,0.0004026996129703247,4.152149891271988e-05,-0.000352893498817596,9.799825108594348,-4.615570794868994e-10,5.330484785083697e-08,-4.989105561289419e-08,0.9999999999999973,0.0;0.0;0.0;0.0;0.0;0.0;0.0;0.0;0.0,7.621289842063561e-05;0.0;0.0;0.0;7.621289842063561e-05;0.0;0.0;0.0;7.621289842063561e-05,3.999999975690116e-08;0.0;0.0;0.0;3.999999975690116e-08;0.0;0.0;0.0;3.999999975690116e-08
40,120000000,40.12,imu_link,-0.0005779089372633867,-0.0004439747717346196,0.00032531769220451136,0.00015187129064735057,-0.00029745349476715665,9.800047811344493,-4.615570794840289e-10,5.330484785029461e-08,-4.989105561290851e-08,0.9999999999999973,0.0;0.0;0.0;0.0;0.0;0.0;0.0;0.0;0.0,7.621289842063561e-05;0.0;0.0;0.0;7.621289842063561e-05;0.0;0.0;0.0;7.621289842063561e-05,3.999999975690116e-08;0.0;0.0;0.0;3.999999975690116e-08;0.0;0.0;0.0;3.999999975690116e-08
40,140000000,40.14,imu_link,-0.00508610953456811,-0.010192280941692567,0.00910725982025275,0.00041801665644680404,0.00027145095086743244,9.800090491611664,-4.6155707941887184e-10,5.330484785059428e-08,-4.989105561292227e-08,0.9999999999999973,0.0;0.0;0.0;0.0;0.0;0.0;0.0;0.0;0.0,7.621289842063561e-05;0.0;0.0;0.0;7.621289842063561e-05;0.0;0.0;0.0;7.621289842063561e-05,3.999999975690116e-08;0.0;0.0;0.0;3.999999975690116e-08;0.0;0.0;0.0;3.999999975690116e-08
40,160000000,40.16,imu_link,-0.01176579456908425,0.007447430140297037,0.0006347867165584188,-1.1691453792283732e-05,-0.00026477645247587696,9.79976930184002,-4.615570793700811e-10,5.330484785058289e-08,-4.9891055612934925e-08,0.9999999999999973,0.0;0.0;0.0;0.0;0.0;0.0;0.0;0.0;0.0,7.621289842063561e-05;0.0;0.0;0.0;7.621289842063561e-05;0.0;0.0;0.0;7.621289842063561e-05,3.999999975690116e-08;0.0;0.0;0.0;3.999999975690116e-08;0.0;0.0;0.0;3.999999975690116e-08
40,180000000,40.18,imu_link,-0.002825289232735776,-0.00995588873684921,-0.012540178708517931,0.0003199458216864806,-2.2366362514346147e-05,9.800220187128787,-4.615570794480012e-10,5.330484785074987e-08,-4.98910556129493e-08,0.9999999999999973,0.0;0.0;0.0;0.0;0.0;0.0;0.0;0.0;0.0,7.621289842063561e-05;0.0;0.0;0.0;7.621289842063561e-05;0.0;0.0;0.0;7.621289842063561e-05,3.999999975690116e-08;0.0;0.0;0.0;3.999999975690116e-08;0.0;0.0;0.0;3.999999975690116e-08
40,200000000,40.2,imu_link,0.0030069864618694608,0.002141524918368729,0.014669334815082515,0.0002031872009102836,0.0004303687423838839,9.800145889761012,-4.6155707951448833e-10,5.3304847850575815e-08,-4.989105561296182e-08,0.9999999999999973,0.0;0.0;0.0;0.0;0.0;0.0;0.0;0.0;0.0,7.621289842063561e-05;0.0;0.0;0.0;7.621289842063561e-05;0.0;0.0;0.0;7.621289842063561e-05,3.999999975690116e-08;0.0;0.0;0.0;3.999999975690116e-08;0.0;0.0;0.0;3.999999975690116e-08
40,220000000,40.22,imu_link,-0.004719434272140729,-0.0046274880136786605,-0.0006885392449331257,0.00034406253214356913,-0.00014437349925661792,9.799567261310424,-4.6155707964097226e-10,5.330484785068199e-08,-4.989105561297681e-08,0.9999999999999973,0.0;0.0;0.0;0.0;0.0;0.0;0.0;0.0;0.0,7.621289842063561e-05;0.0;0.0;0.0;7.621289842063561e-05;0.0;0.0;0.0;7.621289842063561e-05,3.999999975690116e-08;0.0;0.0;0.0;3.999999975690116e-08;0.0;0.0;0.0;3.999999975690116e-08
40,240000000,40.24,imu_link,-0.0032968081173616183,-0.005990394670451054,0.0005853144640939439,9.644026753133338e-05,-7.4580611718091e-05,9.800268963769375,-4.6155707947946933e-10,5.330484785079412e-08,-4.989105561298982e-08,0.9999999999999973,0.0;0.0;0.0;0.0;0.0;0.0;0.0;0.0;0.0,7.621289842063561e-05;0.0;0.0;0.0;7.621289842063561e-05;0.0;0.0;0.0;7.621289842063561e-05,3.999999975690116e-08;0.0;0.0;0.0;3.999999975690116e-08;0.0;0.0;0.0;3.999999975690116e-08
40,260000000,40.26,imu_link,-0.002677688731623922,0.016656440568093202,-0.00204202958672249,0.00017903257958555967,-9.768626768977083e-06,9.79998194356064,-4.615570795984056e-10,5.330484785029917e-08,-4.9891055613003767e-08,0.9999999999999973,0.0;0.0;0.0;0.0;0.0;0.0;0.0;0.0;0.0,7.621289842063561e-05;0.0;0.0;0.0;7.621289842063561e-05;0.0;0.0;0.0;7.621289842063561e-05,3.999999975690116e-08;0.0;0.0;0.0;3.999999975690116e-08;0.0;0.0;0.0;3.999999975690116e-08
40,280000000,40.28,imu_link,-0.010948545878756873,-0.0029348612292086737,0.0051562218195737594,0.0002639607989240602,-0.00037899589780576585,9.799900783990946,-4.6155707965436245e-10,5.3304847850579746e-08,-4.989105561301748e-08,0.9999999999999973,0.0;0.0;0.0;0.0;0.0;0.0;0.0;0.0;0.0,7.621289842063561e-05;0.0;0.0;0.0;7.621289842063561e-05;0.0;0.0;0.0;7.621289842063561e-05,3.999999975690116e-08;0.0;0.0;0.0;3.999999975690116e-08;0.0;0.0;0.0;3.999999975690116e-08
40,300000000,40.3,imu_link,-0.009976118352001434,0.015026943316366963,0.004963982924021003,0.00021459757951368074,0.00018906964148166996,9.800476228618933,-4.6155707964383286e-10,5.330484785067544e-08,-4.989105561303274e-08,0.9999999999999973,0.0;0.0;0.0;0.0;0.0;0.0;0.0;0.0;0.0,7.621289842063561e-05;0.0;0.0;0.0;7.621289842063561e-05;0.0;0.0;0.0;7.621289842063561e-05,3.999999975690116e-08;0.0;0.0;0.0;3.999999975690116e-08;0.0;0.0;0.0;3.999999975690116e-08
40,320000000,40.32,imu_link,0.010724367606207964,0.001634776961339622,0.011191762903041039,1.0542018302475036e-05,0.0003188519009467494,9.800187291619181,-4.615570794749461e-10,5.330484785078963e-08,-4.989105561304792e-08,0.9999999999999973,0.0;0.0;0.0;0.0;0.0;0.0;0.0;0.0;0.0,7.621289842063561e-05;0.0;0.0;0.0;7.621289842063561e-05;0.0;0.0;0.0;7.621289842063561e-05,3.999999975690116e-08;0.0;0.0;0.0;3.999999975690116e-08;0.0;0.0;0.0;3.999999975690116e-08
40,340000000,40.34,imu_link,-0.0009389417620731661,0.009610354506588176,0.0020615738968032715,3.223292673724482e-06,-1.972927398522062e-05,9.80031769414855,-4.615570796110673e-10,5.330484785029677e-08,-4.98910556130626e-08,0.9999999999999973,0.0;0.0;0.0;0.0;0.0;0.0;0.0;0.0;0.0,7.621289842063561e-05;0.0;0.0;0.0;7.621289842063561e-05;0.0;0.0;0.0;7.621289842063561e-05,3.999999975690116e-08;0.0;0.0;0.0;3.999999975690116e-08;0.0;0.0;0.0;3.999999975690116e-08
40,360000000,40.36,imu_link,-0.015661622571898834,-0.007329907466891546,-0.004639201247015894,0.0003327787513914695,0.00018048127199983425,9.800040814699596,-4.61557079406416e-10,5.330484785047837e-08,-4.989105561307902e-08,0.9999999999999973,0.0;0.0;0.0;0.0;0.0;0.0;0.0;0.0;0.0,7.621289842063561e-05;0.0;0.0;0.0;7.621289842063561e-05;0.0;0.0;0.0;7.621289842063561e-05,3.999999975690116e-08;0.0;0.0;0.0;3.999999975690116e-08;0.0;0.0;0.0;3.999999975690116e-08
40,380000000,40.38,imu_link,-0.0034823372296416905,-0.014308253187571852,0.012231514986576902,0.0002601483912839236,-0.00012174008803463915,9.799817701251238,-4.6155707948716356e-10,5.330484785063663e-08,-4.989105561309538e-08,0.9999999999999973,0.0;0.0;0.0;0.0;0.0;0.0;0.0;0.0;0.0,7.621289842063561e-05;0.0;0.0;0.0;7.621289842063561e-05;0.0;0.0;0.0;7.621289842063561e-05,3.999999975690116e-08;0.0;0.0;0.0;3.999999975690116e-08;0.0;0.0;0.0;3.999999975690116e-08
40,400000000,40.4,imu_link,-0.0014711911974689723,0.0010815697823320343,-0.0020880035040715,0.0003160838728180908,-0.00023035508771901737,9.800100275401594,-4.615570795852579e-10,5.330484785025571e-08,-4.9891055613113874e-08,0.9999999999999973,0.0;0.0;0.0;0.0;0.0;0.0;0.0;0.0;0.0,7.621289842063561e-05;0.0;0.0;0.0;7.621289842063561e-05;0.0;0.0;0.0;7.621289842063561e-05,3.999999975690116e-08;0.0;0.0;0.0;3.999999975690116e-08;0.0;0.0;0.0;3.999999975690116e-08
40,420000000,40.42,imu_link,-0.00890864186332678,-0.014444242926175131,-0.01460720316347813,0.000441164480764768,-8.320617833806372e-05,9.800130741476826,-4.6155707955764405e-10,5.330484785036212e-08,-4.9891055613131146e-08,0.9999999999999973,0.0;0.0;0.0;0.0;0.0;0.0;0.0;0.0;0.0,7.621289842063561e-05;0.0;0.0;0.0;7.621289842063561e-05;0.0;0.0;0.0;7.621289842063561e-05,3.999999975690116e-08;0.0;0.0;0.0;3.999999975690116e-08;0.0;0.0;0.0;3.999999975690116e-08
40,440000000,40.44,imu_link,-0.0010343465102902322,0.0009604132098375772,0.0008960372181962326,5.19400335211899e-05,8.613907875003381e-05,9.799605663241321,-4.6155707953294635e-10,5.3304847850471836e-08,-4.989105561314776e-08,0.9999999999999973,0.0;0.0;0.0;0.0;0.0;0.0;0.0;0.0;0.0,7.621289842063561e-05;0.0;0.0;0.0;7.621289842063561e-05;0.0;0.0;0.0;7.621289842063561e-05,3.999999975690116e-08;0.0;0.0;0.0;3.999999975690116e-08;0.0;0.0;0.0;3.999999975690116e-08
40,460000000,40.46,imu_link,-0.0003877122421151245,0.00035612989943591334,-0.0008468428826997184,0.0002611131804320542,-0.00014129801935466944,9.800133092345849,-4.6155707945029426e-10,5.3304847850762474e-08,-4.9891055613162605e-08,0.9999999999999973,0.0;0.0;0.0;0.0;0.0;0.0;0.0;0.0;0.0,7.621289842063561e-05;0.0;0.0;0.0;7.621289842063561e-05;0.0;0.0;0.0;7.621289842063561e-05,3.999999975690116e-08;0.0;0.0;0.0;3.999999975690116e-08;0.0;0.0;0.0;3.999999975690116e-08
40,480000000,40.48,imu_link,0.006762141660496248,0.015370943643491976,0.004794277888642521,-0.00013546788226821352,-0.00014328639186628967,9.80006440203171,-4.615570794104537e-10,5.330484785086766e-08,-4.989105561317813e-08,0.9999999999999973,0.0;0.0;0.0;0.0;0.0;0.0;0.0;0.0;0.0,7.621289842063561e-05;0.0;0.0;0.0;7.621289842063561e-05;0.0;0.0;0.0;7.621289842063561e-05,3.999999975690116e-08;0.0;0.0;0.0;3.999999975690116e-08;0.0;0.0;0.0;3.999999975690116e-08
40,500000000,40.5,imu_link,0.0009698522423030322,0.006742536273630513,-0.00641754942442319,-0.00012817546675830606,-0.000271239174265063,9.800277592967099,-4.615570796211001e-10,5.330484785057415e-08,-4.9891055613193224e-08,0.9999999999999973,0.0;0.0;0.0;0.0;0.0;0.0;0.0;0.0;0.0,7.621289842063561e-05;0.0;0.0;0.0;7.621289842063561e-05;0.0;0.0;0.0;7.621289842063561e-05,3.999999975690116e-08;0.0;0.0;0.0;3.999999975690116e-08;0.0;0.0;0.0;3.999999975690116e-08
40,520000000,40.52,imu_link,-0.01991744542002295,0.006968709318393144,0.0018060287837567217,-5.978074009610959e-05,0.0002781951005745083,9.80023854360052,-4.6155707945084697e-10,5.330484785069443e-08,-4.9891055613208835e-08,0.9999999999999973,0.0;0.0;0.0;0.0;0.0;0.0;0.0;0.0;0.0,7.621289842063561e-05;0.0;0.0;0.0;7.621289842063561e-05;0.0;0.0;0.0;7.621289842063561e-05,3.999999975690116e-08;0.0;0.0;0.0;3.999999975690116e-08;0.0;0.0;0.0;3.999999975690116e-08
40,540000000,40.54,imu_link,-6.358908638777198e-05,0.010388187652337484,-0.0030601564219678713,3.0562711289655955e-05,-0.00012610815441074295,9.800415571435463,-4.615570796637985e-10,5.330484785073217e-08,-4.989105561322581e-08,0.9999999999999973,0.0;0.0;0.0;0.0;0.0;0.0;0.0;0.0;0.0,7.621289842063561e-05;0.0;0.0;0.0;7.621289842063561e-05;0.0;0.0;0.0;7.621289842063561e-05,3.999999975690116e-08;0.0;0.0;0.0;3.999999975690116e-08;0.0;0.0;0.0;3.999999975690116e-08
40,560000000,40.56,imu_link,-0.005513069214744459,0.007049426790841432,-0.0070629225355066235,-6.157327126313628e-05,5.761292011588427e-06,9.800081372531473,-4.6155707936128073e-10,5.330484785086388e-08,-4.9891055613239923e-08,0.9999999999999973,0.0;0.0;0.0;0.0;0.0;0.0;0.0;0.0;0.0,7.621289842063561e-05;0.0;0.0;0.0;7.621289842063561e-05;0.0;0.0;0.0;7.621289842063561e-05,3.999999975690116e-08;0.0;0.0;0.0;3.999999975690116e-08;0.0;0.0;0.0;3.999999975690116e-08
40,580000000,40.58,imu_link,0.014323488204034417,-0.005243076468148645,-0.0077511145880078324,0.0002352937160343197,-0.00018671021724914866,9.799649933719449,-4.615570794575759e-10,5.3304847850575015e-08,-4.9891055613254905e-08,0.9999999999999973,0.0;0.0;0.0;0.0;0.0;0.0;0.0;0.0;0.0,7.621289842063561e-05;0.0;0.0;0.0;7.621289842063561e-05;0.0;0.0;0.0;7.621289842063561e-05,3.999999975690116e-08;0.0;0.0;0.0;3.999999975690116e-08;0.0;0.0;0.0;3.999999975690116e-08
40,600000000,40.6,imu_link,-0.014201602557347561,0.0041270621029100675,0.010566233088307519,0.0004402845780950787,6.193842690627753e-05,9.80031276853823,-4.615570795635476e-10,5.330484785055425e-08,-4.989105561326934e-08,0.9999999999999973,0.0;0.0;0.0;0.0;0.0;0.0;0.0;0.0;0.0,7.621289842063561e-05;0.0;0.0;0.0;7.621289842063561e-05;0.0;0.0;0.0;7.621289842063561e-05,3.999999975690116e-08;0.0;0.0;0.0;3.999999975690116e-08;0.0;0.0;0.0;3.999999975690116e-08
40,620000000,40.62,imu_link,-0.002250540569626037,-0.002439314524432221,-0.00034612383891694003,0.00022992730145869578,0.000371890184041487,9.799914869509,-4.6155707950545976e-10,5.330484785084711e-08,-4.989105561328327e-08,0.9999999999999973,0.0;0.0;0.0;0.0;0.0;0.0;0.0;0.0;0.0,7.621289842063561e-05;0.0;0.0;0.0;7.621289842063561e-05;0.0;0.0;0.0;7.621289842063561e-05,3.999999975690116e-08;0.0;0.0;0.0;3.999999975690116e-08;0.0;0.0;0.0;3.999999975690116e-08
40,640000000,40.64,imu_link,-0.005046016297780753,-0.010961015434845966,0.008474356492582762,1.949933059208177e-05,-0.00031388251570975564,9.80006960684188,-4.61557079610101e-10,5.330484785048305e-08,-4.98910556132993e-08,0.9999999999999973,0.0;0.0;0.0;0.0;0.0;0.0;0.0;0.0;0.0,7.621289842063561e-05;0.0;0.0;0.0;7.621289842063561e-05;0.0;0.0;0.0;7.621289842063561e-05,3.999999975690116e-08;0.0;0.0;0.0;3.999999975690116e-08;0.0;0.0;0.0;3.999999975690116e-08
40,660000000,40.66,imu_link,0.01872332784474907,0.003140888606655241,-0.001447081508994734,-5.332987521584742e-05,-1.688974300842675e-05,9.800373365656348,-4.615570795999843e-10,5.3304847850592697e-08,-4.989105561331568e-08,0.9999999999999973,0.0;0.0;0.0;0.0;0.0;0.0;0.0;0.0;0.0,7.621289842063561e-05;0.0;0.0;0.0;7.621289842063561e-05;0.0;0.0;0.0;7.621289842063561e-05,3.999999975690116e-08;0.0;0.0;0.0;3.999999975690116e-08;0.0;0.0;0.0;3.999999975690116e-08
40,680000000,40.68,imu_link,0.01840106220538699,-0.01010085768741448,0.0031510465342672856,7.398983549194654e-05,-0.00017332184097958625,9.799987213542762,-4.615570795745413e-10,5.3304847850698265e-08,-4.989105561333086e-08,0.9999999999999973,0.0;0.0;0.0;0.0;0.0;0.0;0.0;0.0;0.0,7.621289842063561e-05;0.0;0.0;0.0;7.621289842063561e-05;0.0;0.0;0.0;7.621289842063561e-05,3.999999975690116e-08;0.0;0.0;0.0;3.999999975690116e-08;0.0;0.0;0.0;3.999999975690116e-08
40,700000000,40.7,imu_link,-0.014314338041971936,-0.005965890282772778,0.004069023466879071,0.0005633046578926778,-0.00018669919228576757,9.800477241425693,-4.6155707941383513e-10,5.330484785035205e-08,-4.989105561334556e-08,0.9999999999999973,0.0;0.0;0.0;0.0;0.0;0.0;0.0;0.0;0.0,7.621289842063561e-05;0.0;0.0;0.0;7.621289842063561e-05;0.0;0.0;0.0;7.621289842063561e-05,3.999999975690116e-08;0.0;0.0;0.0;3.999999975690116e-08;0.0;0.0;0.0;3.999999975690116e-08
40,720000000,40.72,imu_link,-0.002351447828079527,-0.010082375800006281,0.00977208831608888,-8.150810330052714e-06,-0.00038695116904621747,9.799839845306884,-4.6155707947875485e-10,5.330484785051679e-08,-4.9891055613361155e-08,0.9999999999999973,0.0;0.0;0.0;0.0;0.0;0.0;0.0;0.0;0.0,7.621289842063561e-05;0.0;0.0;0.0;7.621289842063561e-05;0.0;0.0;0.0;7.621289842063561e-05,3.999999975690116e-08;0.0;0.0;0.0;3.999999975690116e-08;0.0;0.0;0.0;3.999999975690116e-08
40,740000000,40.74,imu_link,-0.007565306393662056,-0.0004899179181841654,0.00730342413674437,1.8310890217894686e-06,-0.00011100744658263127,9.800280416190871,-4.615570796634593e-10,5.33048478507408e-08,-4.98910556133763e-08,0.9999999999999973,0.0;0.0;0.0;0.0;0.0;0.0;0.0;0.0;0.0,7.621289842063561e-05;0.0;0.0;0.0;7.621289842063561e-05;0.0;0.0;0.0;7.621289842063561e-05,3.999999975690116e-08;0.0;0.0;0.0;3.999999975690116e-08;0.0;0.0;0.0;3.999999975690116e-08
40,760000000,40.76,imu_link,-0.0031995096249156866,-0.00769160259229337,-0.005599062441905576,0.00010814061492042107,-0.0002626120780677893,9.800359394152341,-4.615570794842612e-10,5.330484785073745e-08,-4.989105561339191e-08,0.9999999999999973,0.0;0.0;0.0;0.0;0.0;0.0;0.0;0.0;0.0,7.621289842063561e-05;0.0;0.0;0.0;7.621289842063561e-05;0.0;0.0;0.0;7.621289842063561e-05,3.999999975690116e-08;0.0;0.0;0.0;3.999999975690116e-08;0.0;0.0;0.0;3.999999975690116e-08
40,780000000,40.78,imu_link,-0.01452870580020663,-0.016604168518034212,-0.001832917468816461,-1.541684602716086e-05,0.0002794934940883812,9.800498083826543,-4.615570794556565e-10,5.330484785036772e-08,-4.9891055613407715e-08,0.9999999999999973,0.0;0.0;0.0;0.0;0.0;0.0;0.0;0.0;0.0,7.621289842063561e-05;0.0;0.0;0.0;7.621289842063561e-05;0.0;0.0;0.0;7.621289842063561e-05,3.999999975690116e-08;0.0;0.0;0.0;3.999999975690116e-08;0.0;0.0;0.0;3.999999975690116e-08
40,800000000,40.8,imu_link,0.0020393033417240446,-0.00453245113702868,0.002707796375734674,0.00036220233433016875,-0.00032439749807077785,9.800011453858904,-4.615570794124913e-10,5.330484785036496e-08,-4.9891055613422935e-08,0.9999999999999973,0.0;0.0;0.0;0.0;0.0;0.0;0.0;0.0;0.0,7.621289842063561e-05;0.0;0.0;0.0;7.621289842063561e-05;0.0;0.0;0.0;7.621289842063561e-05,3.999999975690116e-08;0.0;0.0;0.0;3.999999975690116e-08;0.0;0.0;0.0;3.999999975690116e-08
40,820000000,40.82,imu_link,-0.0012438003933579378,-0.012101180567402357,-0.004319849266227073,-0.00015611736765658692,0.00010408126249965329,9.800212039807372,-4.615570794582927e-10,5.3304847850709455e-08,-4.989105561343793e-08,0.9999999999999973,0.0;0.0;0.0;0.0;0.0;0.0;0.0;0.0;0.0,7.621289842063561e-05;0.0;0.0;0.0;7.621289842063561e-05;0.0;0.0;0.0;7.621289842063561e-05,3.999999975690116e-08;0.0;0.0;0.0;3.999999975690116e-08;0.0;0.0;0.0;3.999999975690116e-08
40,840000000,40.84,imu_link,0.01004648805906467,0.009607808768804729,0.00790904463877944,-0.0002258487444891491,0.0002211667762262162,9.800472783385047,-4.6155707941760997e-10,5.3304847850817895e-08,-4.989105561345183e-08,0.9999999999999973,0.0;0.0;0.0;0.0;0.0;0.0;0.0;0.0;0.0,7.621289842063561e-05;0.0;0.0;0.0;7.621289842063561e-05;0.0;0.0;0.0;7.621289842063561e-05,3.999999975690116e-08;0.0;0.0;0.0;3.999999975690116e-08;0.0;0.0;0.0;3.999999975690116e-08
40,860000000,40.86,imu_link,-0.0027181067327566068,0.007013124246559239,-6.458622146818313e-05,0.00011881538140229606,0.00027073911922567836,9.800011901341334,-4.6155707962787525e-10,5.33048478505138e-08,-4.989105561346633e-08,0.9999999999999973,0.0;0.0;0.0;0.0;0.0;0.0;0.0;0.0;0.0,7.621289842063561e-05;0.0;0.0;0.0;7.621289842063561e-05;0.0;0.0;0.0;7.621289842063561e-05,3.999999975690116e-08;0.0;0.0;0.0;3.999999975690116e-08;0.0;0.0;0.0;3.999999975690116e-08
40,880000000,40.88,imu_link,0.003725704338817934,0.004765557186433927,-0.011275717500835615,9.69385401120375e-05,-0.00034290936804444363,9.799869781958705,-4.6155707947131715e-10,5.3304847850506815e-08,-4.989105561347973e-08,0.9999999999999973,0.0;0.0;0.0;0.0;0.0;0.0;0.0;0.0;0.0,7.621289842063561e-05;0.0;0.0;0.0;7.621289842063561e-05;0.0;0.0;0.0;7.621289842063561e-05,3.999999975690116e-08;0.0;0.0;0.0;3.999999975690116e-08;0.0;0.0;0.0;3.999999975690116e-08
40,900000000,40.9,imu_link,-0.008041676029520134,0.0063782020826564185,-0.012094010534303546,7.329171915602641e-06,-0.00012379364360209997,9.800301285514964,-4.6155707956168255e-10,5.3304847850671676e-08,-4.989105561349283e-08,0.9999999999999973,0.0;0.0;0.0;0.0;0.0;0.0;0.0;0.0;0.0,7.621289842063561e-05;0.0;0.0;0.0;7.621289842063561e-05;0.0;0.0;0.0;7.621289842063561e-05,3.999999975690116e-08;0.0;0.0;0.0;3.999999975690116e-08;0.0;0.0;0.0;3.999999975690116e-08
40,920000000,40.92,imu_link,-0.009043567166193558,-0.0035449147821561794,-0.016141787569523714,0.00017822029816860497,-0.00014328932945935135,9.800133633515271,-4.615570794117246e-10,5.3304847850327476e-08,-4.989105561350718e-08,0.9999999999999973,0.0;0.0;0.0;0.0;0.0;0.0;0.0;0.0;0.0,7.621289842063561e-05;0.0;0.0;0.0;7.621289842063561e-05;0.0;0.0;0.0;7.621289842063561e-05,3.999999975690116e-08;0.0;0.0;0.0;3.999999975690116e-08;0.0;0.0;0.0;3.999999975690116e-08
40,940000000,40.94,imu_link,0.01720988943530513,0.0004375773627640461,-0.009456858477082351,0.00019463395132101477,-0.0002067067685104933,9.800194779422823,-4.615570795919116e-10,5.3304847850559523e-08,-4.9891055613518875e-08,0.9999999999999973,0.0;0.0;0.0;0.0;0.0;0.0;0.0;0.0;0.0,7.621289842063561e-05;0.0;0.0;0.0;7.621289842063561e-05;0.0;0.0;0.0;7.621289842063561e-05,3.999999975690116e-08;0.0;0.0;0.0;3.999999975690116e-08;0.0;0.0;0.0;3.999999975690116e-08
40,960000000,40.96,imu_link,-0.010300038158454265,0.0120169872528312,0.012167966783655242,0.00016010432421319378,-0.00042063046585563463,9.800141677047494,-4.615570794396987e-10,5.330484785056593e-08,-4.989105561353229e-08,0.9999999999999973,0.0;0.0;0.0;0.0;0.0;0.0;0.0;0.0;0.0,7.621289842063561e-05;0.0;0.0;0.0;7.621289842063561e-05;0.0;0.0;0.0;7.621289842063561e-05,3.999999975690116e-08;0.0;0.0;0.0;3.999999975690116e-08;0.0;0.0;0.0;3.999999975690116e-08
40,980000000,40.98,imu_link,-0.0057175863345750545,-0.0008058855187626132,0.013784540138425295,4.868168485711976e-06,-0.00030193842549989906,9.799969331434964,-4.6155707949714277e-10,5.330484785071856e-08,-4.989105561354545e-08,0.9999999999999973,0.0;0.0;0.0;0.0;0.0;0.0;0.0;0.0;0.0,7.621289842063561e-05;0.0;0.0;0.0;7.621289842063561e-05;0.0;0.0;0.0;7.621289842063561e-05,3.999999975690116e-08;0.0;0.0;0.0;3.999999975690116e-08;0.0;0.0;0.0;3.999999975690116e-08
41,0,41.0,imu_link,-0.010238790995701207,0.002648846594240877,0.020366747853824734,-0.0002123224073451797,8.296158250665783e-05,9.799955433264989,-4.615570795691485e-10,5.3304847850422416e-08,-4.9891055613558646e-08,0.9999999999999973,0.0;0.0;0.0;0.0;0.0;0.0;0.0;0.0;0.0,7.621289842063561e-05;0.0;0.0;0.0;7.621289842063561e-05;0.0;0.0;0.0;7.621289842063561e-05,3.999999975690116e-08;0.0;0.0;0.0;3.999999975690116e-08;0.0;0.0;0.0;3.999999975690116e-08
41,20000000,41.02,imu_link,0.005980820568370732,-0.012083248528511266,0.003349010469304735,0.00022340805440748402,-0.0003151425882547137,9.800292095336347,-4.615570794017249e-10,5.3304847850526456e-08,-4.9891055613572794e-08,0.9999999999999973,0.0;0.0;0.0;0.0;0.0;0.0;0.0;0.0;0.0,7.621289842063561e-05;0.0;0.0;0.0;7.621289842063561e-05;0.0;0.0;0.0;7.621289842063561e-05,3.999999975690116e-08;0.0;0.0;0.0;3.999999975690116e-08;0.0;0.0;0.0;3.999999975690116e-08
41,40000000,41.04,imu_link,-0.009379963865873546,0.012736196071012328,-0.0072787726245683955,-0.00014083526347734673,-0.00021248192058597506,9.799984788498358,-4.615570794763259e-10,5.33048478507032e-08,-4.989105561358535e-08,0.9999999999999973,0.0;0.0;0.0;0.0;0.0;0.0;0.0;0.0;0.0,7.621289842063561e-05;0.0;0.0;0.0;7.621289842063561e-05;0.0;0.0;0.0;7.621289842063561e-05,3.999999975690116e-08;0.0;0.0;0.0;3.999999975690116e-08;0.0;0.0;0.0;3.999999975690116e-08
41,60000000,41.06,imu_link,-0.004446742862480508,-0.01080536251657825,-0.003851044309050371,-8.56745888767744e-05,-6.017448059185582e-05,9.7999761180028,-4.61557079569089e-10,5.3304847850329044e-08,-4.9891055613598165e-08,0.9999999999999973,0.0;0.0;0.0;0.0;0.0;0.0;0.0;0.0;0.0,7.621289842063561e-05;0.0;0.0;0.0;7.621289842063561e-05;0.0;0.0;0.0;7.621289842063561e-05,3.999999975690116e-08;0.0;0.0;0.0;3.999999975690116e-08;0.0;0.0;0.0;3.999999975690116e-08
41,80000000,41.08,imu_link,-0.0033708079466015493,-0.008290182790509566,0.0020477442112800713,4.9387953415408065e-05,-0.00032000159105274715,9.800226155157796,-4.6155707954956337e-10,5.330484785031167e-08,-4.9891055613611804e-08,0.9999999999999973,0.0;0.0;0.0;0.0;0.0;0.0;0.0;0.0;0.0,7.621289842063561e-05;0.0;0.0;0.0;7.621289842063561e-05;0.0;0.0;0.0;7.621289842063561e-05,3.999999975690116e-08;0.0;0.0;0.0;3.999999975690116e-08;0.0;0.0;0.0;3.999999975690116e-08
41,100000000,41.1,imu_link,-0.012463893356505338,0.0017422108666586336,0.002110954828405852,-6.481584681486096e-06,-4.153293552459601e-05,9.800143682836842,-4.615570794617024e-10,5.3304847850602305e-08,-4.989105561362471e-08,0.9999999999999973,0.0;0.0;0.0;0.0;0.0;0.0;0.0;0.0;0.0,7.621289842063561e-05;0.0;0.0;0.0;7.621289842063561e-05;0.0;0.0;0.0;7.621289842063561e-05,3.999999975690116e-08;0.0;0.0;0.0;3.999999975690116e-08;0.0;0.0;0.0;3.999999975690116e-08
41,120000000,41.12,imu_link,-0.0055120568672553565,0.008864085514057663,-0.0014399405570872201,-6.272764598169607e-05,-0.00017779241667112249,9.799998393582062,-4.6155707943088426e-10,5.330484785070916e-08,-4.989105561363902e-08,0.9999999999999973,0.0;0.0;0.0;0.0;0.0;0.0;0.0;0.0;0.0,7.621289842063561e-05;0.0;0.0;0.0;7.621289842063561e-05;0.0;0.0;0.0;7.621289842063561e-05,3.999999975690116e-08;0.0;0.0;0.0;3.999999975690116e-08;0.0;0.0;0.0;3.999999975690116e-08
41,140000000,41.14,imu_link,0.010815908986190838,0.009197317589024655,0.006044930454381485,6.029667469175924e-06,0.00012471009744011955,9.79994288886983,-4.6155707950596904e-10,5.33048478504056e-08,-4.989105561365358e-08,0.9999999999999973,0.0;0.0;0.0;0.0;0.0;0.0;0.0;0.0;0.0,7.621289842063561e-05;0.0;0.0;0.0;7.621289842063561e-05;0.0;0.0;0.0;7.621289842063561e-05,3.999999975690116e-08;0.0;0.0;0.0;3.999999975690116e-08;0.0;0.0;0.0;3.999999975690116e-08
41,160000000,41.16,imu_link,-0.007033730439542977,0.008972678143115377,-0.017843082219254663,-0.00011638638767499204,-4.739043296380902e-05,9.800204120217286,-4.615570796000382e-10,5.330484785049569e-08,-4.989105561366608e-08,0.9999999999999973,0.0;0.0;0.0;0.0;0.0;0.0;0.0;0.0;0.0,7.621289842063561e-05;0.0;0.0;0.0;7.621289842063561e-05;0.0;0.0;0.0;7.621289842063561e-05,3.999999975690116e-08;0.0;0.0;0.0;3.999999975690116e-08;0.0;0.0;0.0;3.999999975690116e-08
41,180000000,41.18,imu_link,0.0027997382160213245,0.002483936571150099,0.0025065401546927697,-0.00018439078436470122,-0.00018216472020983831,9.80035011606371,-4.6155707944274634e-10,5.3304847850613634e-08,-4.989105561368096e-08,0.9999999999999973,0.0;0.0;0.0;0.0;0.0;0.0;0.0;0.0;0.0,7.621289842063561e-05;0.0;0.0;0.0;7.621289842063561e-05;0.0;0.0;0.0;7.621289842063561e-05,3.999999975690116e-08;0.0;0.0;0.0;3.999999975690116e-08;0.0;0.0;0.0;3.999999975690116e-08
41,200000000,41.2,imu_link,-0.008395701566175673,0.0025755307347352166,-0.02001287311268086,9.317419890406405e-05,-4.5520489206967814e-05,9.800432474539944,-4.615570794841085e-10,5.330484785084634e-08,-4.9891055613695806e-08,0.9999999999999973,0.0;0.0;0.0;0.0;0.0;0.0;0.0;0.0;0.0,7.621289842063561e-05;0.0;0.0;0.0;7.621289842063561e-05;0.0;0.0;0.0;7.621289842063561e-05,3.999999975690116e-08;0.0;0.0;0.0;3.999999975690116e-08;0.0;0.0;0.0;3.999999975690116e-08
41,220000000,41.22,imu_link,0.008930356361739835,0.015937725017702707,0.0016485026473951412,-0.00010615122959336192,-0.0001959812425152675,9.799919908798294,-4.615570796992419e-10,5.3304847850884877e-08,-4.989105561370968e-08,0.9999999999999973,0.0;0.0;0.0;0.0;0.0;0.0;0.0;0.0;0.0,7.621289842063561e-05;0.0;0.0;0.0;7.621289842063561e-05;0.0;0.0;0.0;7.621289842063561e-05,3.999999975690116e-08;0.0;0.0;0.0;3.999999975690116e-08;0.0;0.0;0.0;3.999999975690116e-08
41,240000000,41.24,imu_link,-0.019762055449413403,-0.007235283625366289,0.004530519081698591,0.00036606529301321525,1.0149251202246708e-05,9.800020220358528,-4.615570794203095e-10,5.33048478503593e-08,-4.9891055613723903e-08,0.9999999999999973,0.0;0.0;0.0;0.0;0.0;0.0;0.0;0.0;0.0,7.621289842063561e-05;0.0;0.0;0.0;7.621289842063561e-05;0.0;0.0;0.0;7.621289842063561e-05,3.999999975690116e-08;0.0;0.0;0.0;3.999999975690116e-08;0.0;0.0;0.0;3.999999975690116e-08
41,260000000,41.26,imu_link,-0.001922502199852146,-0.0067068917037239485,0.0063252948477457265,0.00014081329476674974,-6.855965037344685e-05,9.800326939366288,-4.6155707946021194e-10,5.330484785070333e-08,-4.989105561373955e-08,0.9999999999999973,0.0;0.0;0.0;0.0;0.0;0.0;0.0;0.0;0.0,7.621289842063561e-05;0.0;0.0;0.0;7.621289842063561e-05;0.0;0.0;0.0;7.621289842063561e-05,3.999999975690116e-08;0.0;0.0;0.0;3.999999975690116e-08;0.0;0.0;0.0;3.999999975690116e-08
41,280000000,41.28,imu_link,0.007610720959779673,-0.0014031161848673617,0.0005147835550648234,0.0004050273694634495,5.654884102719178e-05,9.800340635786421,-4.615570795621263e-10,5.330484785068684e-08,-4.9891055613753735e-08,0.9999999999999973,0.0;0.0;0.0;0.0;0.0;0.0;0.0;0.0;0.0,7.621289842063561e-05;0.0;0.0;0.0;7.621289842063561e-05;0.0;0.0;0.0;7.621289842063561e-05,3.999999975690116e-08;0.0;0.0;0.0;3.999999975690116e-08;0.0;0.0;0.0;3.999999975690116e-08
41,300000000,41.3,imu_link,0.006758072278331129,0.0008063706459016022,0.001940550260750823,0.0001340589218122605,-6.514015121902507e-05,9.800390901569607,-4.615570794093703e-10,5.3304847850337124e-08,-4.9891055613767506e-08,0.9999999999999973,0.0;0.0;0.0;0.0;0.0;0.0;0.0;0.0;0.0,7.621289842063561e-05;0.0;0.0;0.0;7.621289842063561e-05;0.0;0.0;0.0;7.621289842063561e-05,3.999999975690116e-08;0.0;0.0;0.0;3.999999975690116e-08;0.0;0.0;0.0;3.999999975690116e-08
41,320000000,41.32,imu_link,-0.0003488581187647971,0.007463216992399062,-0.00576089237501477,5.397623527744845,0.0003575262200265719,9.800319443176301,-4.77187183665377e-10,5.236186121991916e-08,-4.987119046945788e-08,0.9999999999999973,0.0;0.0;0.0;0.0;0.0;0.0;0.0;0.0;0.0,7.621289842063561e-05;0.0;0.0;0.0;7.621289842063561e-05;0.0;0.0;0.0;7.621289842063561e-05,3.999999975690116e-08;0.0;0.0;0.0;3.999999975690116e-08;0.0;0.0;0.0;3.999999975690116e-08
41,340000000,41.34,imu_link,0.004592613214047088,-0.009651970356760893,-0.00542966555434053,5.397491073181726,-0.00011814859238282516,9.80015512647249,-4.961571327950353e-10,5.1232031697826656e-08,-4.978004712501708e-08,0.9999999999999974,0.0;0.0;0.0;0.0;0.0;0.0;0.0;0.0;0.0,7.621289842063561e-05;0.0;0.0;0.0;7.621289842063561e-05;0.0;0.0;0.0;7.621289842063561e-05,3.999999975690116e-08;0.0;0.0;0.0;3.999999975690116e-08;0.0;0.0;0.0;3.999999975690116e-08
41,360000000,41.36,imu_link,-0.009006195454107468,0.005322758910620266,0.005195070072428988,5.285593849601108,0.0003492196995007065,9.80022291921538,-5.121755196567428e-10,5.011436031602127e-08,-4.963202511985761e-08,0.9999999999999976,0.0;0.0;0.0;0.0;0.0;0.0;0.0;0.0;0.0,7.621289842063561e-05;0.0;0.0;0.0;7.621289842063561e-05;0.0;0.0;0.0;7.621289842063561e-05,3.999999975690116e-08;0.0;0.0;0.0;3.999999975690116e-08;0.0;0.0;0.0;3.999999975690116e-08
41,380000000,41.38,imu_link,0.0008178875552056358,0.013583796101061441,0.0011899970297797283,5.28538702027855,0.00012695236342187723,9.800249462472156,-5.244956895361865e-10,4.8949389523197665e-08,-4.967415633341788e-08,0.9999999999999976,0.0;0.0;0.0;0.0;0.0;0.0;0.0;0.0;0.0,7.621289842063561e-05;0.0;0.0;0.0;7.621289842063561e-05;0.0;0.0;0.0;7.621289842063561e-05,3.999999975690116e-08;0.0;0.0;0.0;3.999999975690116e-08;0.0;0.0;0.0;3.999999975690116e-08
41,400000000,41.4,imu_link,0.0277062594995557,-0.001588356264321983,-0.00860050388236461,0.0006239000782004789,-0.00017182474619273445,9.800045958100036,-5.327586908827762e-10,4.775992426658787e-08,-5.008041500141626e-08,0.9999999999999976,0.0;0.0;0.0;0.0;0.0;0.0;0.0;0.0;0.0,7.621289842063561e-05;0.0;0.0;0.0;7.621289842063561e-05;0.0;0.0;0.0;7.621289842063561e-05,3.999999975690116e-08;0.0;0.0;0.0;3.999999975690116e-08;0.0;0.0;0.0;3.999999975690116e-08
41,420000000,41.42,imu_link,-0.012885166658674972,0.006950013957374473,-0.0022024818594521445,0.00012453717459932396,-0.00041417182263962815,9.800210072206735,-5.197957642762815e-10,4.752151582941049e-08,-5.008041402536501e-08,0.9999999999999976,0.0;0.0;0.0;0.0;0.0;0.0;0.0;0.0;0.0,7.621289842063561e-05;0.0;0.0;0.0;7.621289842063561e-05;0.0;0.0;0.0;7.621289842063561e-05,3.999999975690116e-08;0.0;0.0;0.0;3.999999975690116e-08;0.0;0.0;0.0;3.999999975690116e-08
41,440000000,41.44,imu_link,-0.001122925122179218,-0.01189884678515001,0.0017967001042531237,0.0002870307030379114,9.562905048162863e-05,9.800210003099954,-5.084989769568317e-10,4.6923129174859146e-08,-5.010123605169597e-08,0.9999999999999977,0.0;0.0;0.0;0.0;0.0;0.0;0.0;0.0;0.0,7.621289842063561e-05;0.0;0.0;0.0;7.621289842063561e-05;0.0;0.0;0.0;7.621289842063561e-05,3.999999975690116e-08;0.0;0.0;0.0;3.999999975690116e-08;0.0;0.0;0.0;3.999999975690116e-08
41,460000000,41.46,imu_link,-0.007852638435669978,0.002516878973497215,0.0013434192991090767,0.0002878976534412322,3.0186924130426343e-05,9.799627310265747,-4.970144179112588e-10,4.60238792550401e-08,-5.009523892980644e-08,0.9999999999999977,0.0;0.0;0.0;0.0;0.0;0.0;0.0;0.0;0.0,7.621289842063561e-05;0.0;0.0;0.0;7.621289842063561e-05;0.0;0.0;0.0;7.621289842063561e-05,3.999999975690116e-08;0.0;0.0;0.0;3.999999975690116e-08;0.0;0.0;0.0;3.999999975690116e-08
41,480000000,41.48,imu_link,0.0018768576347905634,0.0020226547359176498,0.0028091724023081173,0.0005608189653124043,-0.00020537773981986647,9.800208992197572,-4.853046029512545e-10,4.484598310253081e-08,-5.00866088029835e-08,0.9999999999999978,0.0;0.0;0.0;0.0;0.0;0.0;0.0;0.0;0.0,7.621289842063561e-05;0.0;0.0;0.0;7.621289842063561e-05;0.0;0.0;0.0;7.621289842063561e-05,3.999999975690116e-08;0.0;0.0;0.0;3.999999975690116e-08;0.0;0.0;0.0;3.999999975690116e-08
41,500000000,41.5,imu_link,0.012218141042080312,-0.0007556914830398129,0.008547829478936926,0.00025083980695442016,-7.903108879686599e-05,9.80033216014763,-4.7335990115529e-10,4.3407446242696674e-08,-5.0078279715481544e-08,0.9999999999999978,0.0;0.0;0.0;0.0;0.0;0.0;0.0;0.0;0.0,7.621289842063561e-05;0.0;0.0;0.0;7.621289842063561e-05;0.0;0.0;0.0;7.621289842063561e-05,3.999999975690116e-08;0.0;0.0;0.0;3.999999975690116e-08;0.0;0.0;0.0;3.999999975690116e-08
41,520000000,41.52,imu_link,0.006766276335874493,-0.0011836934699857545,-0.006218805225114301,0.00011474986182905037,-2.6926186534274998e-05,9.800152741800268,-4.6115263132148755e-10,4.172564762993242e-08,-5.0070296951900225e-08,0.9999999999999979,0.0;0.0;0.0;0.0;0.0;0.0;0.0;0.0;0.0,7.621289842063561e-05;0.0;0.0;0.0;7.621289842063561e-05;0.0;0.0;0.0;7.621289842063561e-05,3.999999975690116e-08;0.0;0.0;0.0;3.999999975690116e-08;0.0;0.0;0.0;3.999999975690116e-08
41,540000000,41.54,imu_link,-0.0018349889821904484,-0.008771576494193037,-0.011001862449731161,5.407340834972803e-05,-0.0003234441462206643,9.800565949886671,-4.486349907221315e-10,3.9817667688889655e-08,-5.006270824158048e-08,0.9999999999999979,0.0;0.0;0.0;0.0;0.0;0.0;0.0;0.0;0.0,7.621289842063561e-05;0.0;0.0;0.0;7.621289842063561e-05;0.0;0.0;0.0;7.621289842063561e-05,3.999999975690116e-08;0.0;0.0;0.0;3.999999975690116e-08;0.0;0.0;0.0;3.999999975690116e-08
41,560000000,41.56,imu_link,0.002065519679097916,0.00018871113291413436,0.0021695250640566604,-2.720165353697352e-05,-0.0001662062581381759,9.800364762389473,-4.357356151083084e-10,3.770057176849292e-08,-5.005556537932185e-08,0.999999999999998,0.0;0.0;0.0;0.0;0.0;0.0;0.0;0.0;0.0,7.621289842063561e-05;0.0;0.0;0.0;7.621289842063561e-05;0.0;0.0;0.0;7.621289842063561e-05,3.999999975690116e-08;0.0;0.0;0.0;3.999999975690116e-08;0.0;0.0;0.0;3.999999975690116e-08
41,580000000,41.58,imu_link,-0.014242089214117182,-0.008444346060976429,-0.0136882119207489,0.00039571073002964277,-0.0002598078064472666,9.800137224955346,-4.2235411939506875e-10,3.539166916748891e-08,-5.004892622078366e-08,0.9999999999999981,0.0;0.0;0.0;0.0;0.0;0.0;0.0;0.0;0.0,7.621289842063561e-05;0.0;0.0;0.0;7.621289842063561e-05;0.0;0.0;0.0;7.621289842063561e-05,3.999999975690116e-08;0.0;0.0;0.0;3.999999975690116e-08;0.0;0.0;0.0;3.999999975690116e-08
41,600000000,41.6,imu_link,0.004637450255600191,0.005982467121410648,0.0010221551395628611,-0.00029386390746275615,0.0002451498188993316,9.800075038606119,-4.083525580686641e-10,3.2908771785690586e-08,-5.004285726964119e-08,0.9999999999999982,0.0;0.0;0.0;0.0;0.0;0.0;0.0;0.0;0.0,7.621289842063561e-05;0.0;0.0;0.0;7.621289842063561e-05;0.0;0.0;0.0;7.621289842063561e-05,3.999999975690116e-08;0.0;0.0;0.0;3.999999975690116e-08;0.0;0.0;0.0;3.999999975690116e-08
41,620000000,41.62,imu_link,0.0006134725076044024,0.01209831881044901,0.0005620433844566352,0.0003248622310289544,-7.451099807673121e-05,9.800374286695064,-3.935419491129645e-10,3.027048546238386e-08,-5.003743714569036e-08,0.9999999999999982,0.0;0.0;0.0;0.0;0.0;0.0;0.0;0.0;0.0,7.621289842063561e-05;0.0;0.0;0.0;7.621289842063561e-05;0.0;0.0;0.0;7.621289842063561e-05,3.999999975690116e-08;0.0;0.0;0.0;3.999999975690116e-08;0.0;0.0;0.0;3.999999975690116e-08
41,640000000,41.64,imu_link,0.0009970860022976127,-0.005681158243490898,-0.012450263778245903,-9.612741423806004e-05,-0.0001040117648686719,9.80048843236495,-3.776605442499728e-10,2.749658583740966e-08,-5.003276147201184e-08,0.9999999999999983,0.0;0.0;0.0;0.0;0.0;0.0;0.0;0.0;0.0,7.621289842063561e-05;0.0;0.0;0.0;7.621289842063561e-05;0.0;0.0;0.0;7.621289842063561e-05,3.999999975690116e-08;0.0;0.0;0.0;3.999999975690116e-08;0.0;0.0;0.0;3.999999975690116e-08
41,660000000,41.66,imu_link,-0.006162527116611124,0.0022942287299584046,-0.00482491709371081,0.00019070071257774011,-0.00025656851791881795,9.800293338747595,-3.6033745756517694e-10,2.4608570095241795e-08,-5.002895005957188e-08,0.9999999999999984,0.0;0.0;0.0;0.0;0.0;0.0;0.0;0.0;0.0,7.621289842063561e-05;0.0;0.0;0.0;7.621289842063561e-05;0.0;0.0;0.0;7.621289842063561e-05,3.999999975690116e-08;0.0;0.0;0.0;3.999999975690116e-08;0.0;0.0;0.0;3.999999975690116e-08
41,680000000,41.68,imu_link,0.00552339792678091,0.009309305015077943,-0.00402196589909207,0.00010283078164740597,-0.0005453006918264904,9.800206699091738,-3.4102859733123563e-10,2.1630562775285302e-08,-5.002615803756692e-08,0.9999999999999986,0.0;0.0;0.0;0.0;0.0;0.0;0.0;0.0;0.0,7.621289842063561e-05;0.0;0.0;0.0;7.621289842063561e-05;0.0;0.0;0.0;7.621289842063561e-05,3.999999975690116e-08;0.0;0.0;0.0;3.999999975690116e-08;0.0;0.0;0.0;3.999999975690116e-08
41,700000000,41.7,imu_link,-0.015157024836190375,-0.0021440039002081396,-0.010862363261432266,7.830938267946456e-05,-0.00014831663830041573,9.800297117827805,-3.1889574997904394e-10,1.8590961303260008e-08,-5.002459416655234e-08,0.9999999999999986,0.0;0.0;0.0;0.0;0.0;0.0;0.0;0.0;0.0,7.621289842063561e-05;0.0;0.0;0.0;7.621289842063561e-05;0.0;0.0;0.0;7.621289842063561e-05,3.999999975690116e-08;0.0;0.0;0.0;3.999999975690116e-08;0.0;0.0;0.0;3.999999975690116e-08
41,720000000,41.72,imu_link,-0.00801147644300521,0.015860562365671786,-0.009387274940553202,0.00024970579009125796,-3.225614296895697e-06,9.800126951144414,-2.925560021414787e-10,1.5525761583880466e-08,-5.0024553352507775e-08,0.9999999999999987,0.0;0.0;0.0;0.0;0.0;0.0;0.0;0.0;0.0,7.621289842063561e-05;0.0;0.0;0.0;7.621289842063561e-05;0.0;0.0;0.0;7.621289842063561e-05,3.999999975690116e-08;0.0;0.0;0.0;3.999999975690116e-08;0.0;0.0;0.0;3.999999975690116e-08
41,740000000,41.74,imu_link,0.005967365250556502,0.0034669041244751557,-0.002853202149812506,8.444014488960525e-05,0.00011456045105798626,9.80009920378275,-2.5948873864998036e-10,1.248624480570649e-08,-5.002648065928403e-08,0.9999999999999987,0.0;0.0;0.0;0.0;0.0;0.0;0.0;0.0;0.0,7.621289842063561e-05;0.0;0.0;0.0;7.621289842063561e-05;0.0;0.0;0.0;7.621289842063561e-05,3.999999975690116e-08;0.0;0.0;0.0;3.999999975690116e-08;0.0;0.0;0.0;3.999999975690116e-08
41,760000000,41.76,imu_link,0.003928864473208448,-0.004034239204180885,0.0019038851176457882,0.00035671261238999616,7.180120599297619e-05,9.800102393735004,-2.143159550554081e-10,9.560640783290917e-09,-5.003111800007406e-08,0.9999999999999987,0.0;0.0;0.0;0.0;0.0;0.0;0.0;0.0;0.0,7.621289842063561e-05;0.0;0.0;0.0;7.621289842063561e-05;0.0;0.0;0.0;7.621289842063561e-05,3.999999975690116e-08;0.0;0.0;0.0;3.999999975690116e-08;0.0;0.0;0.0;3.999999975690116e-08
41,780000000,41.78,imu_link,0.005202332367132793,0.01579557492784482,0.008532537463524706,0.00035463741589807427,1.899795566100226e-05,9.800107535192868,-1.2481460316227635e-10,7.102427831489832e-09,-5.0019429120185955e-08,0.9999999999999987,0.0;0.0;0.0;0.0;0.0;0.0;0.0;0.0;0.0,7.621289842063561e-05;0.0;0.0;0.0;7.621289842063561e-05;0.0;0.0;0.0;7.621289842063561e-05,3.999999975690116e-08;0.0;0.0;0.0;3.999999975690116e-08;0.0;0.0;0.0;3.999999975690116e-08
41,800000000,41.8,imu_link,-0.004656762569509475,0.003661079558917496,0.003461735867325597,7.343486917224358e-05,0.00011653350023345374,9.800065691656705,7.928683463563502e-12,6.829000124826384e-09,-5.001535774254712e-08,0.9999999999999987,0.0;0.0;0.0;0.0;0.0;0.0;0.0;0.0;0.0,7.621289842063561e-05;0.0;0.0;0.0;7.621289842063561e-05;0.0;0.0;0.0;7.621289842063561e-05,3.999999975690116e-08;0.0;0.0;0.0;3.999999975690116e-08;0.0;0.0;0.0;3.999999975690116e-08
41,820000000,41.82,imu_link,-0.0016074387811554614,0.008120320945693907,-0.004453883854074907,9.172761530232387e-05,9.659442117821769e-05,9.800039955336805,9.053622603220257e-11,8.883524246730612e-09,-5.001535837936082e-08,0.9999999999999987,0.0;0.0;0.0;0.0;0.0;0.0;0.0;0.0;0.0,7.621289842063561e-05;0.0;0.0;0.0;7.621289842063561e-05;0.0;0.0;0.0;7.621289842063561e-05,3.999999975690116e-08;0.0;0.0;0.0;3.999999975690116e-08;0.0;0.0;0.0;3.999999975690116e-08
41,840000000,41.84,imu_link,0.010131317883135956,0.0017552501534976105,-0.007356675164196419,0.00023035523673596716,-0.0003848047441264134,9.799931216320312,1.5810140778427612e-10,1.1219220304007857e-08,-5.0015359086333165e-08,0.9999999999999987,0.0;0.0;0.0;0.0;0.0;0.0;0.0;0.0;0.0,7.621289842063561e-05;0.0;0.0;0.0;7.621289842063561e-05;0.0;0.0;0.0;7.621289842063561e-05,3.999999975690116e-08;0.0;0.0;0.0;3.999999975690116e-08;0.0;0.0;0.0;3.999999975690116e-08
41,860000000,41.86,imu_link,0.02490011063205396,-0.0022862173862190564,0.007295207044396933,-0.0002541897215761743,-0.0001226314356815097,9.800105529164863,2.1336332226883478e-10,1.3765724499797899e-08,-5.0015359850244135e-08,0.9999999999999987,0.0;0.0;0.0;0.0;0.0;0.0;0.0;0.0;0.0,7.621289842063561e-05;0.0;0.0;0.0;7.621289842063561e-05;0.0;0.0;0.0;7.621289842063561e-05,3.999999975690116e-08;0.0;0.0;0.0;3.999999975690116e-08;0.0;0.0;0.0;3.999999975690116e-08
41,880000000,41.88,imu_link,0.002394226319905192,0.008972505517074106,-0.0020055029343798965,0.00035172610565404054,6.547471238000053e-05,9.800121522927173,2.585622914498935e-10,1.6462659652225597e-08,-5.001536065771548e-08,0.9999999999999986,0.0;0.0;0.0;0.0;0.0;0.0;0.0;0.0;0.0,7.621289842063561e-05;0.0;0.0;0.0;7.621289842063561e-05;0.0;0.0;0.0;7.621289842063561e-05,3.999999975690116e-08;0.0;0.0;0.0;3.999999975690116e-08;0.0;0.0;0.0;3.999999975690116e-08
41,900000000,41.9,imu_link,0.00011458909817902118,0.018091264512169532,0.009243782663218058,-0.000218933077906658,-1.9880186068230965e-05,9.800451633686471,2.9553069181605015e-10,1.9257914402213372e-08,-5.001536150021753e-08,0.9999999999999986,0.0;0.0;0.0;0.0;0.0;0.0;0.0;0.0;0.0,7.621289842063561e-05;0.0;0.0;0.0;7.621289842063561e-05;0.0;0.0;0.0;7.621289842063561e-05,3.999999975690116e-08;0.0;0.0;0.0;3.999999975690116e-08;0.0;0.0;0.0;3.999999975690116e-08
41,920000000,41.92,imu_link,0.01047966346094651,0.0015513907490661155,-0.005869194679394192,0.00026391439698511006,-0.0001557848864056034,9.800474350833158,3.2576723689883615e-10,2.210624787933309e-08,-5.001536236585041e-08,0.9999999999999984,0.0;0.0;0.0;0.0;0.0;0.0;0.0;0.0;0.0,7.621289842063561e-05;0.0;0.0;0.0;7.621289842063561e-05;0.0;0.0;0.0;7.621289842063561e-05,3.999999975690116e-08;0.0;0.0;0.0;3.999999975690116e-08;0.0;0.0;0.0;3.999999975690116e-08
41,940000000,41.94,imu_link,-0.0010736206855490383,0.0037994683035679384,-0.010464017832519039,0.0003262282093851233,-0.00018588215984576147,9.800104477763796,3.504977364066058e-10,2.4968160102036633e-08,-5.0015363247053975e-08,0.9999999999999984,0.0;0.0;0.0;0.0;0.0;0.0;0.0;0.0;0.0,7.621289842063561e-05;0.0;0.0;0.0;7.621289842063561e-05;0.0;0.0;0.0;7.621289842063561e-05,3.999999975690116e-08;0.0;0.0;0.0;3.999999975690116e-08;0.0;0.0;0.0;3.999999975690116e-08
41,960000000,41.96,imu_link,-0.002014188896674102,0.001082779149459522,-0.00335351760505833,-0.0004864201756710572,-0.00025026671825764826,9.799969681280416,3.707247861270106e-10,2.7808979142727395e-08,-5.0015364135507754e-08,0.9999999999999983,0.0;0.0;0.0;0.0;0.0;0.0;0.0;0.0;0.0,7.621289842063561e-05;0.0;0.0;0.0;7.621289842063561e-05;0.0;0.0;0.0;7.621289842063561e-05,3.999999975690116e-08;0.0;0.0;0.0;3.999999975690116e-08;0.0;0.0;0.0;3.999999975690116e-08
41,980000000,41.98,imu_link,-0.011174875749798661,0.017627259452244484,0.0013774320092369194,-9.920504558635446e-06,-0.00015454174199563964,9.800227698394725,3.8726842061042154e-10,3.0598125030292556e-08,-5.001536502478989e-08,0.9999999999999982,0.0;0.0;0.0;0.0;0.0;0.0;0.0;0.0;0.0,7.621289842063561e-05;0.0;0.0;0.0;7.621289842063561e-05;0.0;0.0;0.0;7.621289842063561e-05,3.999999975690116e-08;0.0;0.0;0.0;3.999999975690116e-08;0.0;0.0;0.0;3.999999975690116e-08
42,0,42.0,imu_link,0.004973915588675732,-0.003669229016726583,0.004831464149102321,0.000285982629588495,0.00030800857994042557,9.800185730684449,4.007993512889642e-10,3.330851756441739e-08,-5.001536590747113e-08,0.9999999999999982,0.0;0.0;0.0;0.0;0.0;0.0;0.0;0.0;0.0,7.621289842063561e-05;0.0;0.0;0.0;7.621289842063561e-05;0.0;0.0;0.0;7.621289842063561e-05,3.999999975690116e-08;0.0;0.0;0.0;3.999999975690116e-08;0.0;0.0;0.0;3.999999975690116e-08
42,20000000,42.02,imu_link,0.015146518498302284,0.0027523318552036043,-0.009612134728558656,0.00011048876861974559,-0.00010079582842258745,9.799874349129293,4.1186615995417264e-10,3.5916101133959635e-08,-5.001536677770302e-08,0.9999999999999981,0.0;0.0;0.0;0.0;0.0;0.0;0.0;0.0;0.0,7.621289842063561e-05;0.0;0.0;0.0;7.621289842063561e-05;0.0;0.0;0.0;7.621289842063561e-05,3.999999975690116e-08;0.0;0.0;0.0;3.999999975690116e-08;0.0;0.0;0.0;3.999999975690116e-08
42,40000000,42.04,imu_link,0.0034227888590603983,-0.00557406162907618,-0.000839704036556947,0.00025143953096613424,-0.0001421735980320114,9.79994436783692,4.2091753579404325e-10,3.8399464556119985e-08,-5.001536763032807e-08,0.999999999999998,0.0;0.0;0.0;0.0;0.0;0.0;0.0;0.0;0.0,7.621289842063561e-05;0.0;0.0;0.0;7.621289842063561e-05;0.0;0.0;0.0;7.621289842063561e-05,3.999999975690116e-08;0.0;0.0;0.0;3.999999975690116e-08;0.0;0.0;0.0;3.999999975690116e-08
42,60000000,42.06,imu_link,0.0021305186040144466,-0.00371434365855373,0.011571713117310067,0.00044509646358786706,-5.977637836566329e-05,9.799833047993541,4.283204641124858e-10,4.0739537839949695e-08,-5.001536845969455e-08,0.9999999999999979,0.0;0.0;0.0;0.0;0.0;0.0;0.0;0.0;0.0,7.621289842063561e-05;0.0;0.0;0.0;7.621289842063561e-05;0.0;0.0;0.0;7.621289842063561e-05,3.999999975690116e-08;0.0;0.0;0.0;3.999999975690116e-08;0.0;0.0;0.0;3.999999975690116e-08
42,80000000,42.08,imu_link,-0.0011416151417260518,0.007865151371100318,0.006455767120517444,6.701660332269487e-05,0.00014678461930202555,9.800039140042632,4.343751068171195e-10,4.291935108300869e-08,-5.0015369261309323e-08,0.9999999999999978,0.0;0.0;0.0;0.0;0.0;0.0;0.0;0.0;0.0,7.621289842063561e-05;0.0;0.0;0.0;7.621289842063561e-05;0.0;0.0;0.0;7.621289842063561e-05,3.999999975690116e-08;0.0;0.0;0.0;3.999999975690116e-08;0.0;0.0;0.0;3.999999975690116e-08
42,100000000,42.1,imu_link,0.008917629333469514,0.004321236931283218,0.0021968711127847906,0.0003711578286830744,-6.683294199518022e-05,9.800307936431238,4.3932696968017115e-10,4.4923843384456726e-08,-5.00153700302858e-08,0.9999999999999978,0.0;0.0;0.0;0.0;0.0;0.0;0.0;0.0;0.0,7.621289842063561e-05;0.0;0.0;0.0;7.621289842063561e-05;0.0;0.0;0.0;7.621289842063561e-05,3.999999975690116e-08;0.0;0.0;0.0;3.999999975690116e-08;0.0;0.0;0.0;3.999999975690116e-08
42,120000000,42.12,imu_link,0.005949647639221975,0.0036445055186844597,0.0068473633080740285,-9.327192538341155e-05,-0.00033616437197872724,9.799854528638027,4.433768555065685e-10,4.67397117811124e-08,-5.001537076188466e-08,0.9999999999999977,0.0;0.0;0.0;0.0;0.0;0.0;0.0;0.0;0.0,7.621289842063561e-05;0.0;0.0;0.0;7.621289842063561e-05;0.0;0.0;0.0;7.621289842063561e-05,3.999999975690116e-08;0.0;0.0;0.0;3.999999975690116e-08;0.0;0.0;0.0;3.999999975690116e-08
42,140000000,42.14,imu_link,0.007862248957863853,-0.0017577748161291473,0.004403802607562183,-7.29007670153865e-05,-0.00017147964661171184,9.800293120398987,4.4668900213721496e-10,4.835529207493373e-08,-5.001537145326679e-08,0.9999999999999976,0.0;0.0;0.0;0.0;0.0;0.0;0.0;0.0;0.0,7.621289842063561e-05;0.0;0.0;0.0;7.621289842063561e-05;0.0;0.0;0.0;7.621289842063561e-05,3.999999975690116e-08;0.0;0.0;0.0;3.999999975690116e-08;0.0;0.0;0.0;3.999999975690116e-08
42,160000000,42.16,imu_link,0.012358943142580512,-0.009178589173592683,0.010250980712449512,0.000154807121744066,-3.748122135030072e-05,9.800262166603021,4.4939774391570663e-10,4.976046484889858e-08,-5.00153721000189e-08,0.9999999999999974,0.0;0.0;0.0;0.0;0.0;0.0;0.0;0.0;0.0,7.621289842063561e-05;0.0;0.0;0.0;7.621289842063561e-05;0.0;0.0;0.0;7.621289842063561e-05,3.999999975690116e-08;0.0;0.0;0.0;3.999999975690116e-08;0.0;0.0;0.0;3.999999975690116e-08
42,180000000,42.18,imu_link,0.010364510059705598,-0.0031016199611808423,-0.00037080988572354154,-6.677555156302936e-05,-0.00011893860770808206,9.800372610912351,4.5161295376086404e-10,5.09465811563055e-08,-5.001537269923317e-08,0.9999999999999974,0.0;0.0;0.0;0.0;0.0;0.0;0.0;0.0;0.0,7.621289842063561e-05;0.0;0.0;0.0;7.621289842063561e-05;0.0;0.0;0.0;7.621289842063561e-05,3.999999975690116e-08;0.0;0.0;0.0;3.999999975690116e-08;0.0;0.0;0.0;3.999999975690116e-08
42,200000000,42.2,imu_link,-0.008492999159497788,0.020917120458905748,-0.0019218523971966293,0.0001848398754767964,-0.0001339125403982662,9.800095282383623,4.5342449869409467e-10,5.1906403403203506e-08,-5.0015373247822773e-08,0.9999999999999973,0.0;0.0;0.0;0.0;0.0;0.0;0.0;0.0;0.0,7.621289842063561e-05;0.0;0.0;0.0;7.621289842063561e-05;0.0;0.0;0.0;7.621289842063561e-05,3.999999975690116e-08;0.0;0.0;0.0;3.999999975690116e-08;0.0;0.0;0.0;3.999999975690116e-08
42,220000000,42.22,imu_link,-0.0019834073573800483,0.009062049451766235,0.014048741013591999,4.3848672805600896e-06,-0.00013124703348105208,9.80010445053418,4.549058839727102e-10,5.2634057722219435e-08,-5.001537374256378e-08,0.9999999999999973,0.0;0.0;0.0;0.0;0.0;0.0;0.0;0.0;0.0,7.621289842063561e-05;0.0;0.0;0.0;7.621289842063561e-05;0.0;0.0;0.0;7.621289842063561e-05,3.999999975690116e-08;0.0;0.0;0.0;3.999999975690116e-08;0.0;0.0;0.0;3.999999975690116e-08
42,240000000,42.24,imu_link,-0.019961720351038215,0.0013144708414692219,-0.009303125058748508,-3.715098764455575e-05,-0.0004086112517185534,9.80048607431679,4.5611722809913817e-10,5.312499480925772e-08,-5.0015374181225685e-08,0.9999999999999973,0.0;0.0;0.0;0.0;0.0;0.0;0.0;0.0;0.0,7.621289842063561e-05;0.0;0.0;0.0;7.621289842063561e-05;0.0;0.0;0.0;7.621289842063561e-05,3.999999975690116e-08;0.0;0.0;0.0;3.999999975690116e-08;0.0;0.0;0.0;3.999999975690116e-08
42,260000000,42.26,imu_link,-0.00170123142804144,-0.009408294203738739,-0.008764989164281074,1.4733794578234504e-05,0.00039029985143330243,9.800166919158231,4.571077102462245e-10,5.337595676955084e-08,-5.0015374562843634e-08,0.9999999999999973,0.0;0.0;0.0;0.0;0.0;0.0;0.0;0.0;0.0,7.621289842063561e-05;0.0;0.0;0.0;7.621289842063561e-05;0.0;0.0;0.0;7.621289842063561e-05,3.999999975690116e-08;0.0;0.0;0.0;3.999999975690116e-08;0.0;0.0;0.0;3.999999975690116e-08
42,280000000,42.28,imu_link,0.015176394588471474,-0.005195471296987315,-0.0020511865984888457,0.00023421802666982012,-3.486496702503184e-05,9.80017320310975,4.576048645249232e-10,5.339300914255737e-08,-4.99921424962507e-08,0.9999999999999973,0.0;0.0;0.0;0.0;0.0;0.0;0.0;0.0;0.0,7.621289842063561e-05;0.0;0.0;0.0;7.621289842063561e-05;0.0;0.0;0.0;7.621289842063561e-05,3.999999975690116e-08;0.0;0.0;0.0;3.999999975690116e-08;0.0;0.0;0.0;3.999999975690116e-08
42,300000000,42.3,imu_link,0.00812090784674872,-0.023722206574031762,0.011009606099505015,-3.033569545728753e-05,-0.0003499860487969018,9.800209030568,4.570164496703846e-10,5.318452431612646e-08,-4.997121168146381e-08,0.9999999999999973,0.0;0.0;0.0;0.0;0.0;0.0;0.0;0.0;0.0,7.621289842063561e-05;0.0;0.0;0.0;7.621289842063561e-05;0.0;0.0;0.0;7.621289842063561e-05,3.999999975690116e-08;0.0;0.0;0.0;3.999999975690116e-08;0.0;0.0;0.0;3.999999975690116e-08
42,320000000,42.32,imu_link,0.02315102216323111,0.0011496326893028171,0.0021447362566768594,-0.0002132839094586032,0.00026033323367497007,9.799786431801941,4.55427263672563e-10,5.274964289066432e-08,-4.998051485786881e-08,0.9999999999999973,0.0;0.0;0.0;0.0;0.0;0.0;0.0;0.0;0.0,7.621289842063561e-05;0.0;0.0;0.0;7.621289842063561e-05;0.0;0.0;0.0;7.621289842063561e-05,3.999999975690116e-08;0.0;0.0;0.0;3.999999975690116e-08;0.0;0.0;0.0;3.999999975690116e-08
42,340000000,42.34,imu_link,-0.009395852635505885,-0.0072709044178540395,0.003401897257464226,-0.00016969122939290075,3.910643702516252e-06,9.800006471415449,4.5291845968899414e-10,5.208880543134355e-08,-4.998973768230013e-08,0.9999999999999973,0.0;0.0;0.0;0.0;0.0;0.0;0.0;0.0;0.0,7.621289842063561e-05;0.0;0.0;0.0;7.621289842063561e-05;0.0;0.0;0.0;7.621289842063561e-05,3.999999975690116e-08;0.0;0.0;0.0;3.999999975690116e-08;0.0;0.0;0.0;3.999999975690116e-08
42,360000000,42.36,imu_link,0.015833376136846433,-0.0026226979074620224,-0.00788339417481511,0.00017456958615446726,9.478910897331868e-05,9.8002016502592,4.4955914496858297e-10,5.120376872233595e-08,-4.9998844284894396e-08,0.9999999999999974,0.0;0.0;0.0;0.0;0.0;0.0;0.0;0.0;0.0,7.621289842063561e-05;0.0;0.0;0.0;7.621289842063561e-05;0.0;0.0;0.0;7.621289842063561e-05,3.999999975690116e-08;0.0;0.0;0.0;3.999999975690116e-08;0.0;0.0;0.0;3.999999975690116e-08
42,380000000,42.38,imu_link,0.0003185064428497217,0.008074179501107117,0.0016312903686034276,0.000136357541136055,1.4124954656709725e-05,9.800315100108298,4.454060880024133e-10,5.0097590007895027e-08,-5.000779866606411e-08,0.9999999999999974,0.0;0.0;0.0;0.0;0.0;0.0;0.0;0.0;0.0,7.621289842063561e-05;0.0;0.0;0.0;7.621289842063561e-05;0.0;0.0;0.0;7.621289842063561e-05,3.999999975690116e-08;0.0;0.0;0.0;3.999999975690116e-08;0.0;0.0;0.0;3.999999975690116e-08
42,400000000,42.4,imu_link,0.002427886767543152,-0.0026013925120155585,-0.0009042499291682885,-2.5192996383489698e-05,-0.00010305449879311588,9.799998441730358,4.405032717943408e-10,4.877460972539661e-08,-5.001656427798921e-08,0.9999999999999976,0.0;0.0;0.0;0.0;0.0;0.0;0.0;0.0;0.0,7.621289842063561e-05;0.0;0.0;0.0;7.621289842063561e-05;0.0;0.0;0.0;7.621289842063561e-05,3.999999975690116e-08;0.0;0.0;0.0;3.999999975690116e-08;0.0;0.0;0.0;3.999999975690116e-08
42,420000000,42.42,imu_link,-0.014238904265482445,0.0038209903634548134,-0.01468003365427695,6.58543685440128e-05,-0.0005428341973414259,9.799897379906142,4.348811790006791e-10,4.7240434183841186e-08,-5.002510351043174e-08,0.9999999999999977,0.0;0.0;0.0;0.0;0.0;0.0;0.0;0.0;0.0,7.621289842063561e-05;0.0;0.0;0.0;7.621289842063561e-05;0.0;0.0;0.0;7.621289842063561e-05,3.999999975690116e-08;0.0;0.0;0.0;3.999999975690116e-08;0.0;0.0;0.0;3.999999975690116e-08
42,440000000,42.44,imu_link,0.005363793270289405,1.561534333391847e-05,0.008780286509754959,0.00016826479264897055,-0.00016887846881207018,9.799872538450206,4.285556905528725e-10,4.550192004103447e-08,-5.0033377045754423e-08,0.9999999999999977,0.0;0.0;0.0;0.0;0.0;0.0;0.0;0.0;0.0,7.621289842063561e-05;0.0;0.0;0.0;7.621289842063561e-05;0.0;0.0;0.0;7.621289842063561e-05,3.999999975690116e-08;0.0;0.0;0.0;3.999999975690116e-08;0.0;0.0;0.0;3.999999975690116e-08
42,460000000,42.46,imu_link,0.0056343161034834765,-0.002664158996189467,0.0048403262045620035,-0.00034612958185462165,5.820243952498948e-05,9.800135232395021,4.2152642121399303e-10,4.3567163112847134e-08,-5.004134306022791e-08,0.9999999999999978,0.0;0.0;0.0;0.0;0.0;0.0;0.0;0.0;0.0,7.621289842063561e-05;0.0;0.0;0.0;7.621289842063561e-05;0.0;0.0;0.0;7.621289842063561e-05,3.999999975690116e-08;0.0;0.0;0.0;3.999999975690116e-08;0.0;0.0;0.0;3.999999975690116e-08
42,480000000,42.48,imu_link,-0.0005471654520619285,-0.01037431840895374,0.0003674631183159523,-5.758469848964608e-05,-0.0001381554091073185,9.800120938768515,4.137742505680698e-10,4.1445495263413635e-08,-5.0048956217847325e-08,0.9999999999999979,0.0;0.0;0.0;0.0;0.0;0.0;0.0;0.0;0.0,7.621289842063561e-05;0.0;0.0;0.0;7.621289842063561e-05;0.0;0.0;0.0;7.621289842063561e-05,3.999999975690116e-08;0.0;0.0;0.0;3.999999975690116e-08;0.0;0.0;0.0;3.999999975690116e-08
42,500000000,42.5,imu_link,-0.003525010614066932,-0.005490432292259125,-0.007385848689237521,4.34149428108496e-05,0.00037294104489566553,9.799927583090408,4.052576516340249e-10,3.9147494963802254e-08,-5.005616637703244e-08,0.999999999999998,0.0;0.0;0.0;0.0;0.0;0.0;0.0;0.0;0.0,7.621289842063561e-05;0.0;0.0;0.0;7.621289842063561e-05;0.0;0.0;0.0;7.621289842063561e-05,3.999999975690116e-08;0.0;0.0;0.0;3.999999975690116e-08;0.0;0.0;0.0;3.999999975690116e-08
42,520000000,42.52,imu_link,0.0023756251751690773,-0.007105007570466907,0.00972152980956528,8.709519311731686e-05,-2.015085818681476e-05,9.79978678594407,3.959072208026264e-10,3.6685020259345514e-08,-5.0062916894333354e-08,0.9999999999999981,0.0;0.0;0.0;0.0;0.0;0.0;0.0;0.0;0.0,7.621289842063561e-05;0.0;0.0;0.0;7.621289842063561e-05;0.0;0.0;0.0;7.621289842063561e-05,3.999999975690116e-08;0.0;0.0;0.0;3.999999975690116e-08;0.0;0.0;0.0;3.999999975690116e-08
42,540000000,42.54,imu_link,0.013716551940491426,-0.004712307690559408,0.008417868679318546,0.00032482749443853945,-0.00042347292019541736,9.799948874010374,3.8561741541163927e-10,3.407127829930803e-08,-5.006914235152734e-08,0.9999999999999981,0.0;0.0;0.0;0.0;0.0;0.0;0.0;0.0;0.0,7.621289842063561e-05;0.0;0.0;0.0;7.621289842063561e-05;0.0;0.0;0.0;7.621289842063561e-05,3.999999975690116e-08;0.0;0.0;0.0;3.999999975690116e-08;0.0;0.0;0.0;3.999999975690116e-08
42,560000000,42.56,imu_link,0.006532405603125703,0.0013109017182185694,0.001479415613703527,0.00017233905812996328,-6.640395660863655e-05,9.800231472022451,3.742337865886054e-10,3.132095531102406e-08,-5.0074765410455415e-08,0.9999999999999982,0.0;0.0;0.0;0.0;0.0;0.0;0.0;0.0;0.0,7.621289842063561e-05;0.0;0.0;0.0;7.621289842063561e-05;0.0;0.0;0.0;7.621289842063561e-05,3.999999975690116e-08;0.0;0.0;0.0;3.999999975690116e-08;0.0;0.0;0.0;3.999999975690116e-08
42,580000000,42.58,imu_link,-0.007875303692255791,-0.013169617014470388,0.015591229142440271,0.0001607751801102312,-0.00015938075005505827,9.800254259350796,3.6153265120467364e-10,2.8450449221960753e-08,-5.007969232918826e-08,0.9999999999999983,0.0;0.0;0.0;0.0;0.0;0.0;0.0;0.0;0.0,7.621289842063561e-05;0.0;0.0;0.0;7.621289842063561e-05;0.0;0.0;0.0;7.621289842063561e-05,3.999999975690116e-08;0.0;0.0;0.0;3.999999975690116e-08;0.0;0.0;0.0;3.999999975690116e-08
42,600000000,42.6,imu_link,-0.0015048178584043874,-0.014181820778603096,-0.00819957480069139,-0.0004698350363210203,0.00029413803043001083,9.799806764521284,3.471874383351457e-10,2.5478283782739675e-08,-5.008380632125464e-08,0.9999999999999984,0.0;0.0;0.0;0.0;0.0;0.0;0.0;0.0;0.0,7.621289842063561e-05;0.0;0.0;0.0;7.621289842063561e-05;0.0;0.0;0.0;7.621289842063561e-05,3.999999975690116e-08;0.0;0.0;0.0;3.999999975690116e-08;0.0;0.0;0.0;3.999999975690116e-08
42,620000000,42.62,imu_link,-0.0075041893770010715,0.0019302513994655607,0.011030030279875447,-2.2078748588272128e-05,6.925888939153719e-05,9.800005789802773,3.3070994174441455e-10,2.242586151562882e-08,-5.008695725883091e-08,0.9999999999999984,0.0;0.0;0.0;0.0;0.0;0.0;0.0;0.0;0.0,7.621289842063561e-05;0.0;0.0;0.0;7.621289842063561e-05;0.0;0.0;0.0;7.621289842063561e-05,3.999999975690116e-08;0.0;0.0;0.0;3.999999975690116e-08;0.0;0.0;0.0;3.999999975690116e-08
42,640000000,42.64,imu_link,0.00086028497221683,-0.0052252736267778665,0.006080342621962193,-0.0001684537669230202,0.00025748970950859387,9.799780986594337,3.1134066535727006e-10,1.9318896748748067e-08,-5.008894480751031e-08,0.9999999999999986,0.0;0.0;0.0;0.0;0.0;0.0;0.0;0.0;0.0,7.621289842063561e-05;0.0;0.0;0.0;7.621289842063561e-05;0.0;0.0;0.0;7.621289842063561e-05,3.999999975690116e-08;0.0;0.0;0.0;3.999999975690116e-08;0.0;0.0;0.0;3.999999975690116e-08
42,660000000,42.66,imu_link,-0.0017082446269628677,0.015691657415963293,-0.002977825352950909,0.00044448488072836815,-0.00022926895431866535,9.800012042950605,2.8782465996855677e-10,1.619035246685284e-08,-5.008948871897183e-08,0.9999999999999986,0.0;0.0;0.0;0.0;0.0;0.0;0.0;0.0;0.0,7.621289842063561e-05;0.0;0.0;0.0;7.621289842063561e-05;0.0;0.0;0.0;7.621289842063561e-05,3.999999975690116e-08;0.0;0.0;0.0;3.999999975690116e-08;0.0;0.0;0.0;3.999999975690116e-08
42,680000000,42.68,imu_link,-0.005726208749148294,-0.0043425471123212595,-0.005219454706093657,-0.00027784904797401185,-0.000149473686184366,9.799809217907445,2.578912665937211e-10,1.3087182960325723e-08,-5.0088171150923864e-08,0.9999999999999987,0.0;0.0;0.0;0.0;0.0;0.0;0.0;0.0;0.0,7.621289842063561e-05;0.0;0.0;0.0;7.621289842063561e-05;0.0;0.0;0.0;7.621289842063561e-05,3.999999975690116e-08;0.0;0.0;0.0;3.999999975690116e-08;0.0;0.0;0.0;3.999999975690116e-08
42,700000000,42.7,imu_link,0.007392198816043861,0.0020062230664021677,-0.012353807817566086,0.00041477449026578475,5.7132451765987244e-05,9.800134514252308,2.1679140561274173e-10,1.0088862403215313e-08,-5.008430738353239e-08,0.9999999999999987,0.0;0.0;0.0;0.0;0.0;0.0;0.0;0.0;0.0,7.621289842063561e-05;0.0;0.0;0.0;7.621289842063561e-05;0.0;0.0;0.0;7.621289842063561e-05,3.999999975690116e-08;0.0;0.0;0.0;3.999999975690116e-08;0.0;0.0;0.0;3.999999975690116e-08
42,720000000,42.72,imu_link,0.008849121756867803,0.007488264177589837,0.004461263458289037,0.00013616361372155276,0.0001353862856156811,9.80006810775888,1.3850743682117222e-10,7.459052281984856e-09,-5.009325187023029e-08,0.9999999999999987,0.0;0.0;0.0;0.0;0.0;0.0;0.0;0.0;0.0,7.621289842063561e-05;0.0;0.0;0.0;7.621289842063561e-05;0.0;0.0;0.0;7.621289842063561e-05,3.999999975690116e-08;0.0;0.0;0.0;3.999999975690116e-08;0.0;0.0;0.0;3.999999975690116e-08
42,740000000,42.74,imu_link,-0.006933727913736286,-0.020194090136133068,0.008650245969622645,0.00023649771367412033,-0.0002737831873423829,9.800226716916297,4.652161329594376e-12,6.653110439665459e-09,-5.009841973483274e-08,0.9999999999999987,0.0;0.0;0.0;0.0;0.0;0.0;0.0;0.0;0.0,7.621289842063561e-05;0.0;0.0;0.0;7.621289842063561e-05;0.0;0.0;0.0;7.621289842063561e-05,3.999999975690116e-08;0.0;0.0;0.0;3.999999975690116e-08;0.0;0.0;0.0;3.999999975690116e-08
42,760000000,42.76,imu_link,0.006683627423595607,0.00838047227402271,-0.0011754971845663622,0.0002728667776984474,0.00011329913167470433,9.80021362291358,-8.023803559475698e-11,8.657286878966833e-09,-5.009842233708102e-08,0.9999999999999987,0.0;0.0;0.0;0.0;0.0;0.0;0.0;0.0;0.0,7.621289842063561e-05;0.0;0.0;0.0;7.621289842063561e-05;0.0;0.0;0.0;7.621289842063561e-05,3.999999975690116e-08;0.0;0.0;0.0;3.999999975690116e-08;0.0;0.0;0.0;3.999999975690116e-08
42,780000000,42.78,imu_link,0.020416743058149195,0.025854310764363824,0.011865962971468094,-9.623511405789715e-05,0.0001577740588889415,9.799728208112725,-1.496703076054644e-10,1.0953976857194255e-08,-5.009842457011999e-08,0.9999999999999987,0.0;0.0;0.0;0.0;0.0;0.0;0.0;0.0;0.0,7.621289842063561e-05;0.0;0.0;0.0;7.621289842063561e-05;0.0;0.0;0.0;7.621289842063561e-05,3.999999975690116e-08;0.0;0.0;0.0;3.999999975690116e-08;0.0;0.0;0.0;3.999999975690116e-08
42,800000000,42.8,imu_link,0.008033578914710704,-0.013542114650791729,-0.019576752985697953,-4.834425194680703e-05,-0.000717079109665046,9.800015624418931,-2.0645950893630908e-10,1.3471107225020326e-08,-5.0098426720517995e-08,0.9999999999999987,0.0;0.0;0.0;0.0;0.0;0.0;0.0;0.0;0.0,7.621289842063561e-05;0.0;0.0;0.0;7.621289842063561e-05;0.0;0.0;0.0;7.621289842063561e-05,3.999999975690116e-08;0.0;0.0;0.0;3.999999975690116e-08;0.0;0.0;0.0;3.999999975690116e-08
42,820000000,42.82,imu_link,-0.008407622086302182,0.00674132609949301,-0.005402073594258158,-1.3209272567250998e-05,-0.00022055657092523933,9.800130464815732,-2.529078702486791e-10,1.614689191933441e-08,-5.009842878895849e-08,0.9999999999999986,0.0;0.0;0.0;0.0;0.0;0.0;0.0;0.0;0.0,7.621289842063561e-05;0.0;0.0;0.0;7.621289842063561e-05;0.0;0.0;0.0;7.621289842063561e-05,3.999999975690116e-08;0.0;0.0;0.0;3.999999975690116e-08;0.0;0.0;0.0;3.999999975690116e-08
42,840000000,42.84,imu_link,0.011697182049650688,0.007912293614277633,0.007966783776048671,0.000181826194873897,-6.10215490243587e-05,9.799934686684926,-2.9089840758123124e-10,1.892805446958763e-08,-5.0098430772761936e-08,0.9999999999999986,0.0;0.0;0.0;0.0;0.0;0.0;0.0;0.0;0.0,7.621289842063561e-05;0.0;0.0;0.0;7.621289842063561e-05;0.0;0.0;0.0;7.621289842063561e-05,3.999999975690116e-08;0.0;0.0;0.0;3.999999975690116e-08;0.0;0.0;0.0;3.999999975690116e-08
42,860000000,42.86,imu_link,-0.004121524456670284,0.012786314332081883,-0.010547603260155882,0.0005837998180670019,-0.0002774679156390507,9.800195712220129,-3.2197124986039865e-10,2.1768386814891264e-08,-5.0098432669904794e-08,0.9999999999999984,0.0;0.0;0.0;0.0;0.0;0.0;0.0;0.0;0.0,7.621289842063561e-05;0.0;0.0;0.0;7.621289842063561e-05;0.0;0.0;0.0;7.621289842063561e-05,3.999999975690116e-08;0.0;0.0;0.0;3.999999975690116e-08;0.0;0.0;0.0;3.999999975690116e-08
42,880000000,42.88,imu_link,0.007725866258852565,-0.009900357446346587,-0.006947142161568018,-0.00012167453228349034,-8.693923949363802e-06,9.799961984011713,-3.4738607932768206e-10,2.4627582228997465e-08,-5.0098434475763526e-08,0.9999999999999984,0.0;0.0;0.0;0.0;0.0;0.0;0.0;0.0;0.0,7.621289842063561e-05;0.0;0.0;0.0;7.621289842063561e-05;0.0;0.0;0.0;7.621289842063561e-05,3.999999975690116e-08;0.0;0.0;0.0;3.999999975690116e-08;0.0;0.0;0.0;3.999999975690116e-08
42,900000000,42.9,imu_link,0.004474040079779727,0.013895384578566938,-0.003893113311728422,0.0002689924728989725,-0.0003592405703235828,9.800063538045617,-3.6817319611374456e-10,2.7470291948020418e-08,-5.009843618810754e-08,0.9999999999999983,0.0;0.0;0.0;0.0;0.0;0.0;0.0;0.0;0.0,7.621289842063561e-05;0.0;0.0;0.0;7.621289842063561e-05;0.0;0.0;0.0;7.621289842063561e-05,3.999999975690116e-08;0.0;0.0;0.0;3.999999975690116e-08;0.0;0.0;0.0;3.999999975690116e-08
42,920000000,42.92,imu_link,-0.000460990097291004,-0.0038909256647766057,-0.003996977994121339,4.179509016759662e-05,-0.0004024175212992367,9.80020332205643,-3.85175287583805e-10,3.026536413247269e-08,-5.009843780034169e-08,0.9999999999999982,0.0;0.0;0.0;0.0;0.0;0.0;0.0;0.0;0.0,7.621289842063561e-05;0.0;0.0;0.0;7.621289842063561e-05;0.0;0.0;0.0;7.621289842063561e-05,3.999999975690116e-08;0.0;0.0;0.0;3.999999975690116e-08;0.0;0.0;0.0;3.999999975690116e-08
42,940000000,42.94,imu_link,0.001385924926929334,-0.0052816085706022635,-0.009315801277136089,-0.0002703226816678756,-6.730661229203817e-05,9.799849600155255,-3.990815999319953e-10,3.2985231389948774e-08,-5.0098439308430756e-08,0.9999999999999982,0.0;0.0;0.0;0.0;0.0;0.0;0.0;0.0;0.0,7.621289842063561e-05;0.0;0.0;0.0;7.621289842063561e-05;0.0;0.0;0.0;7.621289842063561e-05,3.999999975690116e-08;0.0;0.0;0.0;3.999999975690116e-08;0.0;0.0;0.0;3.999999975690116e-08
42,960000000,42.96,imu_link,-0.011746469638906482,0.006782753592118706,0.009781754472717494,0.0003246056598055321,-0.0001503088052496766,9.79988716382676,-4.104558641482975e-10,3.560541907505015e-08,-5.009844071118076e-08,0.9999999999999981,0.0;0.0;0.0;0.0;0.0;0.0;0.0;0.0;0.0,7.621289842063561e-05;0.0;0.0;0.0;7.621289842063561e-05;0.0;0.0;0.0;7.621289842063561e-05,3.999999975690116e-08;0.0;0.0;0.0;3.999999975690116e-08;0.0;0.0;0.0;3.999999975690116e-08
42,980000000,42.98,imu_link,0.011483288408994189,0.015171728724951821,-0.0006854906760922261,0.00040663954176628237,-0.0003227502053112989,9.800495583615055,-4.197591629993948e-10,3.8104151701066486e-08,-5.0098442000049834e-08,0.999999999999998,0.0;0.0;0.0;0.0;0.0;0.0;0.0;0.0;0.0,7.621289842063561e-05;0.0;0.0;0.0;7.621289842063561e-05;0.0;0.0;0.0;7.621289842063561e-05,3.999999975690116e-08;0.0;0.0;0.0;3.999999975690116e-08;0.0;0.0;0.0;3.999999975690116e-08
43,0,43.0,imu_link,0.009393886806176739,-0.004835014045616614,0.0033422483161774166,0.00016257005336304118,-0.000132287816760617,9.799842508051748,-4.2736861363886244e-10,4.046203883286643e-08,-5.0098443172248135e-08,0.9999999999999979,0.0;0.0;0.0;0.0;0.0;0.0;0.0;0.0;0.0,7.621289842063561e-05;0.0;0.0;0.0;7.621289842063561e-05;0.0;0.0;0.0;7.621289842063561e-05,3.999999975690116e-08;0.0;0.0;0.0;3.999999975690116e-08;0.0;0.0;0.0;3.999999975690116e-08
43,20000000,43.02,imu_link,0.006951618361525274,-0.005330901886531577,0.010730407625810585,0.00022546612457146833,-1.9584027095647023e-05,9.79968481143026,-4.3359266988860964e-10,4.2661825182780785e-08,-5.00984442249966e-08,0.9999999999999978,0.0;0.0;0.0;0.0;0.0;0.0;0.0;0.0;0.0,7.621289842063561e-05;0.0;0.0;0.0;7.621289842063561e-05;0.0;0.0;0.0;7.621289842063561e-05,3.999999975690116e-08;0.0;0.0;0.0;3.999999975690116e-08;0.0;0.0;0.0;3.999999975690116e-08
43,40000000,43.04,imu_link,0.01540716656563899,0.00528425518449222,0.015176647685243792,-0.0002446729507384642,-4.884591737798267e-05,9.800111582023218,-4.3868361128041157e-10,4.4688192418878245e-08,-5.009844515341019e-08,0.9999999999999978,0.0;0.0;0.0;0.0;0.0;0.0;0.0;0.0;0.0,7.621289842063561e-05;0.0;0.0;0.0;7.621289842063561e-05;0.0;0.0;0.0;7.621289842063561e-05,3.999999975690116e-08;0.0;0.0;0.0;3.999999975690116e-08;0.0;0.0;0.0;3.999999975690116e-08
43,60000000,43.06,imu_link,-0.002353129657670154,-0.007121396994860608,0.005872580807598594,0.0001401507459127606,-0.00026136504605663746,9.79962044804961,-4.428477790771618e-10,4.652760241859287e-08,-5.0098445954807245e-08,0.9999999999999977,0.0;0.0;0.0;0.0;0.0;0.0;0.0;0.0;0.0,7.621289842063561e-05;0.0;0.0;0.0;7.621289842063561e-05;0.0;0.0;0.0;7.621289842063561e-05,3.999999975690116e-08;0.0;0.0;0.0;3.999999975690116e-08;0.0;0.0;0.0;3.999999975690116e-08
43,80000000,43.08,imu_link,0.010513346935240258,-0.0017229225986478604,0.011129897704438058,0.0004740283560992877,-0.00035712111185371933,9.800142928725974,-4.462539368924228e-10,4.816817354884123e-08,-5.009844662569423e-08,0.9999999999999976,0.0;0.0;0.0;0.0;0.0;0.0;0.0;0.0;0.0,7.621289842063561e-05;0.0;0.0;0.0;7.621289842063561e-05;0.0;0.0;0.0;7.621289842063561e-05,3.999999975690116e-08;0.0;0.0;0.0;3.999999975690116e-08;0.0;0.0;0.0;3.999999975690116e-08
43,100000000,43.1,imu_link,-0.007326981732543957,0.012887457527333604,-0.015982748724593904,-2.4873448760165656e-05,-0.00033559816473476353,9.800310474447693,-4.4904012249596135e-10,4.9599583061328934e-08,-5.009844716293518e-08,0.9999999999999976,0.0;0.0;0.0;0.0;0.0;0.0;0.0;0.0;0.0,7.621289842063561e-05;0.0;0.0;0.0;7.621289842063561e-05;0.0;0.0;0.0;7.621289842063561e-05,3.999999975690116e-08;0.0;0.0;0.0;3.999999975690116e-08;0.0;0.0;0.0;3.999999975690116e-08
43,120000000,43.12,imu_link,0.0038596008580631786,-0.001785599526179263,0.015588263001776488,0.00010262721341715938,-0.0003863017941230125,9.799786085354732,-4.5131923615013633e-10,5.081298995640951e-08,-5.009844756630591e-08,0.9999999999999974,0.0;0.0;0.0;0.0;0.0;0.0;0.0;0.0;0.0,7.621289842063561e-05;0.0;0.0;0.0;7.621289842063561e-05;0.0;0.0;0.0;7.621289842063561e-05,3.999999975690116e-08;0.0;0.0;0.0;3.999999975690116e-08;0.0;0.0;0.0;3.999999975690116e-08
43,140000000,43.14,imu_link,0.0013929763570427883,0.013369761013856365,0.001861377803920277,0.00019798151625200356,-9.331242170561752e-05,9.800275876625369,-4.531836113372955e-10,5.1800973647944507e-08,-5.009844783252474e-08,0.9999999999999974,0.0;0.0;0.0;0.0;0.0;0.0;0.0;0.0;0.0,7.621289842063561e-05;0.0;0.0;0.0;7.621289842063561e-05;0.0;0.0;0.0;7.621289842063561e-05,3.999999975690116e-08;0.0;0.0;0.0;3.999999975690116e-08;0.0;0.0;0.0;3.999999975690116e-08
43,160000000,43.16,imu_link,0.0053168644043981765,0.014079899581038082,-0.000389273643628049,-0.00016549102924200837,-0.00046153502046060826,9.79986056739349,-4.5470877383897446e-10,5.255748465125566e-08,-5.009844796299876e-08,0.9999999999999973,0.0;0.0;0.0;0.0;0.0;0.0;0.0;0.0;0.0,7.621289842063561e-05;0.0;0.0;0.0;7.621289842063561e-05;0.0;0.0;0.0;7.621289842063561e-05,3.999999975690116e-08;0.0;0.0;0.0;3.999999975690116e-08;0.0;0.0;0.0;3.999999975690116e-08
43,180000000,43.18,imu_link,-0.018490957480856433,-0.007027442101432221,0.015474486557342992,-0.0002859128769539519,-8.310260885147612e-05,9.799974303882372,-4.559564968390523e-10,5.3077804151031756e-08,-5.009844795633951e-08,0.9999999999999973,0.0;0.0;0.0;0.0;0.0;0.0;0.0;0.0;0.0,7.621289842063561e-05;0.0;0.0;0.0;7.621289842063561e-05;0.0;0.0;0.0;7.621289842063561e-05,3.999999975690116e-08;0.0;0.0;0.0;3.999999975690116e-08;0.0;0.0;0.0;3.999999975690116e-08
43,200000000,43.2,imu_link,-0.0010259540222470396,0.006976022694474889,0.010315263361649327,0.0004988503661815387,1.5523572051842236e-05,9.799969392259465,-4.5697729258927263e-10,5.335850992861656e-08,-5.0098447811880435e-08,0.9999999999999973,0.0;0.0;0.0;0.0;0.0;0.0;0.0;0.0;0.0,7.621289842063561e-05;0.0;0.0;0.0;7.621289842063561e-05;0.0;0.0;0.0;7.621289842063561e-05,3.999999975690116e-08;0.0;0.0;0.0;3.999999975690116e-08;0.0;0.0;0.0;3.999999975690116e-08
43,220000000,43.22,imu_link,0.005368351614638821,-0.008277570156851589,0.0025100897110304416,-6.251774003984124e-05,-2.7696237395558588e-05,9.800213612387834,-4.575862239247539e-10,5.340355279816845e-08,-5.011602371726218e-08,0.9999999999999973,0.0;0.0;0.0;0.0;0.0;0.0;0.0;0.0;0.0,7.621289842063561e-05;0.0;0.0;0.0;7.621289842063561e-05;0.0;0.0;0.0;7.621289842063561e-05,3.999999975690116e-08;0.0;0.0;0.0;3.999999975690116e-08;0.0;0.0;0.0;3.999999975690116e-08
43,240000000,43.24,imu_link,-0.0010315568794321617,-0.0036751582693245605,0.003833846126925424,0.0004809614478448173,-0.0004782555621873117,9.80066020267146,-4.57131982194001e-10,5.322300702817297e-08,-5.014371995204732e-08,0.9999999999999973,0.0;0.0;0.0;0.0;0.0;0.0;0.0;0.0;0.0,7.621289842063561e-05;0.0;0.0;0.0;7.621289842063561e-05;0.0;0.0;0.0;7.621289842063561e-05,3.999999975690116e-08;0.0;0.0;0.0;3.999999975690116e-08;0.0;0.0;0.0;3.999999975690116e-08
43,260000000,43.26,imu_link,0.0005816585144423987,-0.005784756606600952,0.0075055520412148575,6.893593484096514e-05,0.00018936456616847175,9.800122580533474,-4.5566601706122037e-10,5.281611519988944e-08,-5.0134409274698064e-08,0.9999999999999973,0.0;0.0;0.0;0.0;0.0;0.0;0.0;0.0;0.0,7.621289842063561e-05;0.0;0.0;0.0;7.621289842063561e-05;0.0;0.0;0.0;7.621289842063561e-05,3.999999975690116e-08;0.0;0.0;0.0;3.999999975690116e-08;0.0;0.0;0.0;3.999999975690116e-08
43,280000000,43.28,imu_link,-0.001365823523154934,0.004038181981786169,-0.015145269287900475,0.0001314804280422547,0.0001535366358225473,9.800535724862938,-4.5327095136666504e-10,5.218315158009337e-08,-5.0125174281548084e-08,0.9999999999999973,0.0;0.0;0.0;0.0;0.0;0.0;0.0;0.0;0.0,7.621289842063561e-05;0.0;0.0;0.0;7.621289842063561e-05;0.0;0.0;0.0;7.621289842063561e-05,3.999999975690116e-08;0.0;0.0;0.0;3.999999975690116e-08;0.0;0.0;0.0;3.999999975690116e-08
43,300000000,43.3,imu_link,0.0021570892617669576,0.005573964464213487,0.013251587244157467,-0.00018494423395637547,-0.00047143375399236523,9.800168739270237,-4.500173888365199e-10,5.132570884511509e-08,-5.0116050857617543e-08,0.9999999999999974,0.0;0.0;0.0;0.0;0.0;0.0;0.0;0.0;0.0,7.621289842063561e-05;0.0;0.0;0.0;7.621289842063561e-05;0.0;0.0;0.0;7.621289842063561e-05,3.999999975690116e-08;0.0;0.0;0.0;3.999999975690116e-08;0.0;0.0;0.0;3.999999975690116e-08
43,320000000,43.32,imu_link,0.004040818785990856,-0.009323135008303361,0.00655566711654557,-7.355084740978123e-06,-7.361358319535445e-05,9.800127605878089,-4.4596363798929093e-10,5.024668252238048e-08,-5.010707496767049e-08,0.9999999999999974,0.0;0.0;0.0;0.0;0.0;0.0;0.0;0.0;0.0,7.621289842063561e-05;0.0;0.0;0.0;7.621289842063561e-05;0.0;0.0;0.0;7.621289842063561e-05,3.999999975690116e-08;0.0;0.0;0.0;3.999999975690116e-08;0.0;0.0;0.0;3.999999975690116e-08
43,340000000,43.34,imu_link,-0.00036163065980166306,0.008958192411520335,0.0008918646951648206,-0.00013982863132979234,9.775333507944969e-06,9.800162610365787,-4.4115528125715444e-10,4.8950253777533295e-08,-5.009828307162537e-08,0.9999999999999976,0.0;0.0;0.0;0.0;0.0;0.0;0.0;0.0;0.0,7.621289842063561e-05;0.0;0.0;0.0;7.621289842063561e-05;0.0;0.0;0.0;7.621289842063561e-05,3.999999975690116e-08;0.0;0.0;0.0;3.999999975690116e-08;0.0;0.0;0.0;3.999999975690116e-08
43,360000000,43.36,imu_link,-0.0010380574251229427,0.00909682351894535,-0.014605551949286491,-5.783428249060932e-05,6.941988669860582e-05,9.8003335150623,-4.356245179392019e-10,4.7441871967946316e-08,-5.008971262245134e-08,0.9999999999999976,0.0;0.0;0.0;0.0;0.0;0.0;0.0;0.0;0.0,7.621289842063561e-05;0.0;0.0;0.0;7.621289842063561e-05;0.0;0.0;0.0;7.621289842063561e-05,3.999999975690116e-08;0.0;0.0;0.0;3.999999975690116e-08;0.0;0.0;0.0;3.999999975690116e-08
43,380000000,43.38,imu_link,-0.005528984620263244,-0.0024565771583389827,-0.014231410610090214,5.3870537174521184e-05,0.00010045065756720028,9.799940005670852,-4.2938910225685635e-10,4.572823872086221e-08,-5.008140269418966e-08,0.9999999999999977,0.0;0.0;0.0;0.0;0.0;0.0;0.0;0.0;0.0,7.621289842063561e-05;0.0;0.0;0.0;7.621289842063561e-05;0.0;0.0;0.0;7.621289842063561e-05,3.999999975690116e-08;0.0;0.0;0.0;3.999999975690116e-08;0.0;0.0;0.0;3.999999975690116e-08
43,400000000,43.4,imu_link,0.02022332780546092,-0.006942258867101319,-0.009846160896016662,-0.00011958583691806758,-0.00044129933191488157,9.800498142496908,-4.2245077020844656e-10,4.381729601067725e-08,-5.007339475760878e-08,0.9999999999999978,0.0;0.0;0.0;0.0;0.0;0.0;0.0;0.0;0.0,7.621289842063561e-05;0.0;0.0;0.0;7.621289842063561e-05;0.0;0.0;0.0;7.621289842063561e-05,3.999999975690116e-08;0.0;0.0;0.0;3.999999975690116e-08;0.0;0.0;0.0;3.999999975690116e-08
43,420000000,43.42,imu_link,0.005431957022080687,-0.0022356228752307195,0.00814475672604848,0.00014189221182529156,-1.5179309163842054e-05,9.800218682721793,-4.1479287800489695e-10,4.1718221770217625e-08,-5.006573365790378e-08,0.9999999999999979,0.0;0.0;0.0;0.0;0.0;0.0;0.0;0.0;0.0,7.621289842063561e-05;0.0;0.0;0.0;7.621289842063561e-05;0.0;0.0;0.0;7.621289842063561e-05,3.999999975690116e-08;0.0;0.0;0.0;3.999999975690116e-08;0.0;0.0;0.0;3.999999975690116e-08
43,440000000,43.44,imu_link,0.019769115389489056,0.006626025384918567,0.01157583226795693,-0.00018005634047822629,0.0001724367910651919,9.800061006765402,-4.0637691656047825e-10,3.944143832561199e-08,-5.005846886947676e-08,0.999999999999998,0.0;0.0;0.0;0.0;0.0;0.0;0.0;0.0;0.0,7.621289842063561e-05;0.0;0.0;0.0;7.621289842063561e-05;0.0;0.0;0.0;7.621289842063561e-05,3.999999975690116e-08;0.0;0.0;0.0;3.999999975690116e-08;0.0;0.0;0.0;3.999999975690116e-08
43,460000000,43.46,imu_link,0.00024350553626969484,-0.01084369047298104,0.018521209980319555,-0.00010413913862705587,-0.00035570796590490383,9.800167170864974,-3.9713730212827673e-10,3.699864195404721e-08,-5.005165613419865e-08,0.999999999999998,0.0;0.0;0.0;0.0;0.0;0.0;0.0;0.0;0.0,7.621289842063561e-05;0.0;0.0;0.0;7.621289842063561e-05;0.0;0.0;0.0;7.621289842063561e-05,3.999999975690116e-08;0.0;0.0;0.0;3.999999975690116e-08;0.0;0.0;0.0;3.999999975690116e-08
43,480000000,43.48,imu_link,-0.002948197849218238,-0.007672717248480897,0.004345982250409986,0.00025815877731222433,-0.00019597448998794582,9.800446531995343,-3.8697353487536765e-10,3.4402866815499675e-08,-5.00453596396035e-08,0.9999999999999981,0.0;0.0;0.0;0.0;0.0;0.0;0.0;0.0;0.0,7.621289842063561e-05;0.0;0.0;0.0;7.621289842063561e-05;0.0;0.0;0.0;7.621289842063561e-05,3.999999975690116e-08;0.0;0.0;0.0;3.999999975690116e-08;0.0;0.0;0.0;3.999999975690116e-08
43,500000000,43.5,imu_link,0.006002820612774722,-0.0036078103048897375,0.002864366448923271,0.0002007688348774219,-3.192558682148247e-05,9.800272715146932,-3.757381149323388e-10,3.166860564134202e-08,-5.0039655050062846e-08,0.9999999999999982,0.0;0.0;0.0;0.0;0.0;0.0;0.0;0.0;0.0,7.621289842063561e-05;0.0;0.0;0.0;7.621289842063561e-05;0.0;0.0;0.0;7.621289842063561e-05,3.999999975690116e-08;0.0;0.0;0.0;3.999999975690116e-08;0.0;0.0;0.0;3.999999975690116e-08
43,520000000,43.52,imu_link,-0.00685707269329452,-0.015167427431212903,0.009611972911586773,-0.00010410594337830276,5.2846142013101354e-05,9.800049659936954,-3.6321739997637403e-10,2.881202635041311e-08,-5.0034633781953404e-08,0.9999999999999983,0.0;0.0;0.0;0.0;0.0;0.0;0.0;0.0;0.0,7.621289842063561e-05;0.0;0.0;0.0;7.621289842063561e-05;0.0;0.0;0.0;7.621289842063561e-05,3.999999975690116e-08;0.0;0.0;0.0;3.999999975690116e-08;0.0;0.0;0.0;3.999999975690116e-08
43,540000000,43.54,imu_link,0.008881512319183648,0.003883011143034883,-0.0034397213129534663,0.00018125386731317214,-4.3369192519809554e-05,9.800361662589143,-3.491000496278551e-10,2.585135735018438e-08,-5.003040931928251e-08,0.9999999999999984,0.0;0.0;0.0;0.0;0.0;0.0;0.0;0.0;0.0,7.621289842063561e-05;0.0;0.0;0.0;7.621289842063561e-05;0.0;0.0;0.0;7.621289842063561e-05,3.999999975690116e-08;0.0;0.0;0.0;3.999999975690116e-08;0.0;0.0;0.0;3.999999975690116e-08
43,560000000,43.56,imu_link,0.007214122037276321,0.007032548436181744,0.01644610950723956,6.777235237477496e-05,-5.187406268979304e-05,9.80016174810565,-3.329223798360134e-10,2.2807585360810662e-08,-5.002712692829325e-08,0.9999999999999984,0.0;0.0;0.0;0.0;0.0;0.0;0.0;0.0;0.0,7.621289842063561e-05;0.0;0.0;0.0;7.621289842063561e-05;0.0;0.0;0.0;7.621289842063561e-05,3.999999975690116e-08;0.0;0.0;0.0;3.999999975690116e-08;0.0;0.0;0.0;3.999999975690116e-08
43,580000000,43.58,imu_link,0.0032106792062740284,-0.013576743484021483,-0.012470514236021947,0.00014918169902094954,8.533257194450408e-05,9.799794047213684,-3.1396730696910354e-10,1.9705774158976023e-08,-5.002497948102426e-08,0.9999999999999986,0.0;0.0;0.0;0.0;0.0;0.0;0.0;0.0;0.0,7.621289842063561e-05;0.0;0.0;0.0;7.621289842063561e-05;0.0;0.0;0.0;7.621289842063561e-05,3.999999975690116e-08;0.0;0.0;0.0;3.999999975690116e-08;0.0;0.0;0.0;3.999999975690116e-08
43,600000000,43.6,imu_link,-0.0007065978768899039,0.0003673030514572047,0.006645360030567235,0.0001530571993811018,-0.00012944975102624753,9.80018475669165,-2.910603692119506e-10,1.657773770149952e-08,-5.002423501476018e-08,0.9999999999999986,0.0;0.0;0.0;0.0;0.0;0.0;0.0;0.0;0.0,7.621289842063561e-05;0.0;0.0;0.0;7.621289842063561e-05;0.0;0.0;0.0;7.621289842063561e-05,3.999999975690116e-08;0.0;0.0;0.0;3.999999975690116e-08;0.0;0.0;0.0;3.999999975690116e-08
43,620000000,43.62,imu_link,-0.003806964146246972,0.0051427347361489625,-0.0019736009086511,3.5508242703241185e-05,-8.167430039725455e-05,9.800034740333691,-2.621049930314135e-10,1.3468074522206237e-08,-5.002528951707515e-08,0.9999999999999987,0.0;0.0;0.0;0.0;0.0;0.0;0.0;0.0;0.0,7.621289842063561e-05;0.0;0.0;0.0;7.621289842063561e-05;0.0;0.0;0.0;7.621289842063561e-05,3.999999975690116e-08;0.0;0.0;0.0;3.999999975690116e-08;0.0;0.0;0.0;3.999999975690116e-08
43,640000000,43.64,imu_link,0.006657203435650832,-0.0011643393167168645,0.009262624813540362,-6.76666387568409e-07,0.0002737923270031151,9.799846993840157,-2.2281323004256464e-10,1.0450299442140361e-08,-5.002878272271184e-08,0.9999999999999987,0.0;0.0;0.0;0.0;0.0;0.0;0.0;0.0;0.0,7.621289842063561e-05;0.0;0.0;0.0;7.621289842063561e-05;0.0;0.0;0.0;7.621289842063561e-05,3.999999975690116e-08;0.0;0.0;0.0;3.999999975690116e-08;0.0;0.0;0.0;3.999999975690116e-08
43,660000000,43.66,imu_link,-0.0019344291179718895,-0.01223600969274804,-0.009745740481348972,-0.00019957250576127728,0.00013810637927836477,9.799906612740555,-1.5224412138952339e-10,7.72893973316771e-09,-5.002159859061873e-08,0.9999999999999987,0.0;0.0;0.0;0.0;0.0;0.0;0.0;0.0;0.0,7.621289842063561e-05;0.0;0.0;0.0;7.621289842063561e-05;0.0;0.0;0.0;7.621289842063561e-05,3.999999975690116e-08;0.0;0.0;0.0;3.999999975690116e-08;0.0;0.0;0.0;3.999999975690116e-08
43,680000000,43.68,imu_link,-0.0033703034014390273,0.0044408403485842185,0.00630936452067887,6.161483647487904e-05,-1.7710084001633914e-05,9.800294834057434,-2.1881057570106458e-11,6.525293524621537e-09,-5.001534273106229e-08,0.9999999999999987,0.0;0.0;0.0;0.0;0.0;0.0;0.0;0.0;0.0,7.621289842063561e-05;0.0;0.0;0.0;7.621289842063561e-05;0.0;0.0;0.0;7.621289842063561e-05,3.999999975690116e-08;0.0;0.0;0.0;3.999999975690116e-08;0.0;0.0;0.0;3.999999975690116e-08
43,700000000,43.7,imu_link,-0.005417607871708387,-0.012413079125851547,0.002229900427491518,6.354587520096232e-05,-0.00013934554882993536,9.799767395283205,7.137860803219359e-11,8.390081641212268e-09,-5.00151939725517e-08,0.9999999999999987,0.0;0.0;0.0;0.0;0.0;0.0;0.0;0.0;0.0,7.621289842063561e-05;0.0;0.0;0.0;7.621289842063561e-05;0.0;0.0;0.0;7.621289842063561e-05,3.999999975690116e-08;0.0;0.0;0.0;3.999999975690116e-08;0.0;0.0;0.0;3.999999975690116e-08
43,720000000,43.72,imu_link,-0.00751738820515798,0.009734397356345731,0.004786384638900195,4.872996852623365e-05,-0.00028330690870652007,9.800247246713313,1.424322863454261e-10,1.0654938004169856e-08,-5.0015194661546116e-08,0.9999999999999987,0.0;0.0;0.0;0.0;0.0;0.0;0.0;0.0;0.0,7.621289842063561e-05;0.0;0.0;0.0;7.621289842063561e-05;0.0;0.0;0.0;7.621289842063561e-05,3.999999975690116e-08;0.0;0.0;0.0;3.999999975690116e-08;0.0;0.0;0.0;3.999999975690116e-08
43,740000000,43.74,imu_link,-0.0021028450340617537,0.016574127545677417,-0.0028613536675140684,0.00014788036599345286,-1.618940690654374e-05,9.799865663626246,2.0054746825440685e-10,1.3148517346580702e-08,-5.001519541015544e-08,0.9999999999999987,0.0;0.0;0.0;0.0;0.0;0.0;0.0;0.0;0.0,7.621289842063561e-05;0.0;0.0;0.0;7.621289842063561e-05;0.0;0.0;0.0;7.621289842063561e-05,3.999999975690116e-08;0.0;0.0;0.0;3.999999975690116e-08;0.0;0.0;0.0;3.999999975690116e-08
43,760000000,43.76,imu_link,0.0003383381818721717,-0.006260581836261589,-0.004756858080932416,-1.327763682237374e-05,-7.965290108585157e-05,9.800201618230478,2.4808014822822864e-10,1.5807871955754493e-08,-5.001519620791225e-08,0.9999999999999986,0.0;0.0;0.0;0.0;0.0;0.0;0.0;0.0;0.0,7.621289842063561e-05;0.0;0.0;0.0;7.621289842063561e-05;0.0;0.0;0.0;7.621289842063561e-05,3.999999975690116e-08;0.0;0.0;0.0;3.999999975690116e-08;0.0;0.0;0.0;3.999999975690116e-08
43,780000000,43.78,imu_link,0.0015503168995647375,0.00677115487882934,-0.008003663798262853,-2.3738931577309023e-05,6.633259246459209e-06,9.79954473887465,2.869573139093242e-10,1.857876265976933e-08,-5.0015197041312114e-08,0.9999999999999986,0.0;0.0;0.0;0.0;0.0;0.0;0.0;0.0;0.0,7.621289842063561e-05;0.0;0.0;0.0;7.621289842063561e-05;0.0;0.0;0.0;7.621289842063561e-05,3.999999975690116e-08;0.0;0.0;0.0;3.999999975690116e-08;0.0;0.0;0.0;3.999999975690116e-08
43,800000000,43.8,imu_link,0.017328589074644858,-7.287151401214882e-05,0.0056842363833447245,0.00020924963262666227,-0.0003412283391109718,9.800148462782703,3.1875505449624384e-10,2.1414179919718012e-08,-5.001519790036143e-08,0.9999999999999986,0.0;0.0;0.0;0.0;0.0;0.0;0.0;0.0;0.0,7.621289842063561e-05;0.0;0.0;0.0;7.621289842063561e-05;0.0;0.0;0.0;7.621289842063561e-05,3.999999975690116e-08;0.0;0.0;0.0;3.999999975690116e-08;0.0;0.0;0.0;3.999999975690116e-08
43,820000000,43.82,imu_link,0.0003053834568750512,-0.002379570840965586,-0.005152961047137661,4.784876534937102e-05,9.35498786096613e-05,9.799986223458005,3.447624706505939e-10,2.4273145998764998e-08,-5.0015198777797114e-08,0.9999999999999984,0.0;0.0;0.0;0.0;0.0;0.0;0.0;0.0;0.0,7.621289842063561e-05;0.0;0.0;0.0;7.621289842063561e-05;0.0;0.0;0.0;7.621289842063561e-05,3.999999975690116e-08;0.0;0.0;0.0;3.999999975690116e-08;0.0;0.0;0.0;3.999999975690116e-08
43,840000000,43.84,imu_link,0.0015702082137799818,0.019747260031848766,0.009847631766075586,0.00029163139423719886,-0.00019460173020145825,9.800328219283392,3.660339204556747e-10,2.711974645796469e-08,-5.001519966489674e-08,0.9999999999999983,0.0;0.0;0.0;0.0;0.0;0.0;0.0;0.0;0.0,7.621289842063561e-05;0.0;0.0;0.0;7.621289842063561e-05;0.0;0.0;0.0;7.621289842063561e-05,3.999999975690116e-08;0.0;0.0;0.0;3.999999975690116e-08;0.0;0.0;0.0;3.999999975690116e-08
43,860000000,43.86,imu_link,0.008332674338354135,0.003712754038942283,-0.008871147372415667,0.0004118778440489635,-9.39770826265594e-06,9.800213559452514,3.8343178214578587e-10,2.9922348674851246e-08,-5.0015200553367146e-08,0.9999999999999983,0.0;0.0;0.0;0.0;0.0;0.0;0.0;0.0;0.0,7.621289842063561e-05;0.0;0.0;0.0;7.621289842063561e-05;0.0;0.0;0.0;7.621289842063561e-05,3.999999975690116e-08;0.0;0.0;0.0;3.999999975690116e-08;0.0;0.0;0.0;3.999999975690116e-08
43,880000000,43.88,imu_link,0.007038271260023877,-0.016520436004848153,0.0076852791681276365,0.00032042810248462147,0.00031900713445718015,9.800413217660408,3.9766139723355925e-10,3.265297269779208e-08,-5.001520143686744e-08,0.9999999999999982,0.0;0.0;0.0;0.0;0.0;0.0;0.0;0.0;0.0,7.621289842063561e-05;0.0;0.0;0.0;7.621289842063561e-05;0.0;0.0;0.0;7.621289842063561e-05,3.999999975690116e-08;0.0;0.0;0.0;3.999999975690116e-08;0.0;0.0;0.0;3.999999975690116e-08
43,900000000,43.9,imu_link,0.007245443203531805,-0.005449642304404984,-0.0027180023106258733,-0.0001487503437931508,-2.3996546117030198e-05,9.799787013383549,4.092996669041086e-10,3.528678602392517e-08,-5.0015202314052506e-08,0.9999999999999981,0.0;0.0;0.0;0.0;0.0;0.0;0.0;0.0;0.0,7.621289842063561e-05;0.0;0.0;0.0;7.621289842063561e-05;0.0;0.0;0.0;7.621289842063561e-05,3.999999975690116e-08;0.0;0.0;0.0;3.999999975690116e-08;0.0;0.0;0.0;3.999999975690116e-08
43,920000000,43.92,imu_link,-0.01371597518459224,-0.009152066835497151,-0.00832475342287794,0.0001637111859731926,-5.8895097838581296e-05,9.800141594253944,4.1881844400017574e-10,3.780169902883009e-08,-5.001520317095728e-08,0.999999999999998,0.0;0.0;0.0;0.0;0.0;0.0;0.0;0.0;0.0,7.621289842063561e-05;0.0;0.0;0.0;7.621289842063561e-05;0.0;0.0;0.0;7.621289842063561e-05,3.999999975690116e-08;0.0;0.0;0.0;3.999999975690116e-08;0.0;0.0;0.0;3.999999975690116e-08
43,940000000,43.94,imu_link,0.006177209537806314,-0.0059722194055362695,0.003054287806721009,-0.00022810906379377234,0.00013494301726700423,9.799756264750856,4.26603664146926e-10,4.0178041962241803e-08,-5.001520400640783e-08,0.9999999999999979,0.0;0.0;0.0;0.0;0.0;0.0;0.0;0.0;0.0,7.621289842063561e-05;0.0;0.0;0.0;7.621289842063561e-05;0.0;0.0;0.0;7.621289842063561e-05,3.999999975690116e-08;0.0;0.0;0.0;3.999999975690116e-08;0.0;0.0;0.0;3.999999975690116e-08
43,960000000,43.96,imu_link,-0.008100558699211054,-0.00350951997105408,-0.007829818249766082,0.00035236146103394196,-0.0004389637751758279,9.799952198082657,4.329709883603086e-10,4.2398307879240524e-08,-5.0015204814596364e-08,0.9999999999999979,0.0;0.0;0.0;0.0;0.0;0.0;0.0;0.0;0.0,7.621289842063561e-05;0.0;0.0;0.0;7.621289842063561e-05;0.0;0.0;0.0;7.621289842063561e-05,3.999999975690116e-08;0.0;0.0;0.0;3.999999975690116e-08;0.0;0.0;0.0;3.999999975690116e-08
43,980000000,43.98,imu_link,-0.0017096889174099735,0.023863075681110395,0.006703091709569144,0.00037569282712201254,-0.000428247851521885,9.800037385707116,4.381786003240275e-10,4.4446948705002023e-08,-5.001520559079802e-08,0.9999999999999978,0.0;0.0;0.0;0.0;0.0;0.0;0.0;0.0;0.0,7.621289842063561e-05;0.0;0.0;0.0;7.621289842063561e-05;0.0;0.0;0.0;7.621289842063561e-05,3.999999975690116e-08;0.0;0.0;0.0;3.999999975690116e-08;0.0;0.0;0.0;3.999999975690116e-08
44,0,44.0,imu_link,0.005658786519483997,-0.008385710010182398,-0.0008736564454720743,0.00016416192607077252,-0.0004678871209265024,9.799900102014535,4.4243766378125733e-10,4.631021386438753e-08,-5.0015206333964155e-08,0.9999999999999977,0.0;0.0;0.0;0.0;0.0;0.0;0.0;0.0;0.0,7.621289842063561e-05;0.0;0.0;0.0;7.621289842063561e-05;0.0;0.0;0.0;7.621289842063561e-05,3.999999975690116e-08;0.0;0.0;0.0;3.999999975690116e-08;0.0;0.0;0.0;3.999999975690116e-08
44,20000000,44.02,imu_link,0.004805979614537285,0.001292591818973109,0.00042540446121604625,3.6189623208203103e-05,-0.000142674516302674,9.800067935478914,4.45920900948582e-10,4.797602291449372e-08,-5.0015207034590514e-08,0.9999999999999976,0.0;0.0;0.0;0.0;0.0;0.0;0.0;0.0;0.0,7.621289842063561e-05;0.0;0.0;0.0;7.621289842063561e-05;0.0;0.0;0.0;7.621289842063561e-05,3.999999975690116e-08;0.0;0.0;0.0;3.999999975690116e-08;0.0;0.0;0.0;3.999999975690116e-08
44,40000000,44.04,imu_link,0.0061388475046698365,0.004746089882249057,0.022511625333031655,0.00013236139659814875,-0.0003160626335486492,9.800406605815606,4.4876958066632224e-10,4.943386505505945e-08,-5.001520769242935e-08,0.9999999999999976,0.0;0.0;0.0;0.0;0.0;0.0;0.0;0.0;0.0,7.621289842063561e-05;0.0;0.0;0.0;7.621289842063561e-05;0.0;0.0;0.0;7.621289842063561e-05,3.999999975690116e-08;0.0;0.0;0.0;3.999999975690116e-08;0.0;0.0;0.0;3.999999975690116e-08
44,60000000,44.06,imu_link,-0.006383027312594567,0.0008839078129974956,0.007062112254926742,0.00012903192402556818,-0.0001785262217762299,9.799893867711571,4.510992436781323e-10,5.067471975057495e-08,-5.001520830430099e-08,0.9999999999999974,0.0;0.0;0.0;0.0;0.0;0.0;0.0;0.0;0.0,7.621289842063561e-05;0.0;0.0;0.0;7.621289842063561e-05;0.0;0.0;0.0;7.621289842063561e-05,3.999999975690116e-08;0.0;0.0;0.0;3.999999975690116e-08;0.0;0.0;0.0;3.999999975690116e-08
44,80000000,44.08,imu_link,0.010093911102415429,0.003935558716782983,-0.0028884580750452396,6.95263124910377e-05,-6.759400266284334e-05,9.800278640426567,4.5300440283511393e-10,5.169099368261986e-08,-5.0015208864993085e-08,0.9999999999999974,0.0;0.0;0.0;0.0;0.0;0.0;0.0;0.0;0.0,7.621289842063561e-05;0.0;0.0;0.0;7.621289842063561e-05;0.0;0.0;0.0;7.621289842063561e-05,3.999999975690116e-08;0.0;0.0;0.0;3.999999975690116e-08;0.0;0.0;0.0;3.999999975690116e-08
44,100000000,44.1,imu_link,-0.002200069486791838,0.009031989532763615,0.017610465688060097,0.00010805130471547152,-0.00011532174651305262,9.800290675684737,4.5456235814582254e-10,5.247647013199965e-08,-5.001520937365e-08,0.9999999999999973,0.0;0.0;0.0;0.0;0.0;0.0;0.0;0.0;0.0,7.621289842063561e-05;0.0;0.0;0.0;7.621289842063561e-05;0.0;0.0;0.0;7.621289842063561e-05,3.999999975690116e-08;0.0;0.0;0.0;3.999999975690116e-08;0.0;0.0;0.0;3.999999975690116e-08
44,120000000,44.12,imu_link,-0.0054306345694516206,0.0037640975540602153,-0.0011931716594734698,-0.00010732107877353006,-1.996930951460062e-05,9.800424689149082,4.5583632739226653e-10,5.302626762821134e-08,-5.00152098267594e-08,0.9999999999999973,0.0;0.0;0.0;0.0;0.0;0.0;0.0;0.0;0.0,7.621289842063561e-05;0.0;0.0;0.0;7.621289842063561e-05;0.0;0.0;0.0;7.621289842063561e-05,3.999999975690116e-08;0.0;0.0;0.0;3.999999975690116e-08;0.0;0.0;0.0;3.999999975690116e-08
44,140000000,44.14,imu_link,0.00316851735907501,0.01300097939480035,-0.014801580842761765,0.0003851270765329675,-0.00011576682137943573,9.800361364557519,4.5687803106188654e-10,5.333680519504957e-08,-5.0015210222815784e-08,0.9999999999999973,0.0;0.0;0.0;0.0;0.0;0.0;0.0;0.0;0.0,7.621289842063561e-05;0.0;0.0;0.0;7.621289842063561e-05;0.0;0.0;0.0;7.621289842063561e-05,3.999999975690116e-08;0.0;0.0;0.0;3.999999975690116e-08;0.0;0.0;0.0;3.999999975690116e-08
44,160000000,44.16,imu_link,0.014905766529580148,0.006745887531874707,0.0061388818616031,0.00042491772611284533,-0.0003213492625971598,9.8000721650224,4.575829029240934e-10,5.341018811938468e-08,-5.0002406318572556e-08,0.9999999999999973,0.0;0.0;0.0;0.0;0.0;0.0;0.0;0.0;0.0,7.621289842063561e-05;0.0;0.0;0.0;7.621289842063561e-05;0.0;0.0;0.0;7.621289842063561e-05,3.999999975690116e-08;0.0;0.0;0.0;3.999999975690116e-08;0.0;0.0;0.0;3.999999975690116e-08
44,180000000,44.18,imu_link,-0.01866230676867175,-0.0068737617452001515,0.013689912021364072,-0.0002519506053197111,-0.00028415843553514664,9.800331428232237,4.572566237414657e-10,5.325763885410003e-08,-4.99687359376582e-08,0.9999999999999973,0.0;0.0;0.0;0.0;0.0;0.0;0.0;0.0;0.0,7.621289842063561e-05;0.0;0.0;0.0;7.621289842063561e-05;0.0;0.0;0.0;7.621289842063561e-05,3.999999975690116e-08;0.0;0.0;0.0;3.999999975690116e-08;0.0;0.0;0.0;3.999999975690116e-08
44,200000000,44.2,imu_link,-0.001241619492095208,0.020381601752125087,0.011408859568482739,0.00014428378590319578,0.0002556882267076173,9.800230166292723,4.5590758966050553e-10,5.2878801919182154e-08,-4.99780534624876e-08,0.9999999999999973,0.0;0.0;0.0;0.0;0.0;0.0;0.0;0.0;0.0,7.621289842063561e-05;0.0;0.0;0.0;7.621289842063561e-05;0.0;0.0;0.0;7.621289842063561e-05,3.999999975690116e-08;0.0;0.0;0.0;3.999999975690116e-08;0.0;0.0;0.0;3.999999975690116e-08
44,220000000,44.22,imu_link,0.0027487042675681988,-0.0055943860570501856,-0.01054420704957277,-2.7736195845255655e-05,-3.8329039360132116e-05,9.800051747827997,4.536199320706647e-10,5.227378729272339e-08,-4.9987299543660833e-08,0.9999999999999973,0.0;0.0;0.0;0.0;0.0;0.0;0.0;0.0;0.0,7.621289842063561e-05;0.0;0.0;0.0;7.621289842063561e-05;0.0;0.0;0.0;7.621289842063561e-05,3.999999975690116e-08;0.0;0.0;0.0;3.999999975690116e-08;0.0;0.0;0.0;3.999999975690116e-08
44,240000000,44.24,imu_link,0.017997051940139022,-8.338596154970391e-06,0.013653275653543226,-0.0001550246867814573,-0.0003339276909089984,9.800347903325873,4.504657617094886e-10,5.144402510914397e-08,-4.999643828744755e-08,0.9999999999999974,0.0;0.0;0.0;0.0;0.0;0.0;0.0;0.0;0.0,7.621289842063561e-05;0.0;0.0;0.0;7.621289842063561e-05;0.0;0.0;0.0;7.621289842063561e-05,3.999999975690116e-08;0.0;0.0;0.0;3.999999975690116e-08;0.0;0.0;0.0;3.999999975690116e-08
44,260000000,44.26,imu_link,0.0010011333676120961,0.00522178743676326,-0.005172194386778414,0.0004763493344225808,0.000263070390985587,9.800323730497128,4.465049464615583e-10,5.039225040668783e-08,-5.0005433765858053e-08,0.9999999999999974,0.0;0.0;0.0;0.0;0.0;0.0;0.0;0.0;0.0,7.621289842063561e-05;0.0;0.0;0.0;7.621289842063561e-05;0.0;0.0;0.0;7.621289842063561e-05,3.999999975690116e-08;0.0;0.0;0.0;3.999999975690116e-08;0.0;0.0;0.0;3.999999975690116e-08
44,280000000,44.28,imu_link,-0.013661843706569516,0.011309706690872733,-0.014097882853271715,3.159482312025918e-05,-0.00022487858946278368,9.800366577973117,4.417846789798152e-10,4.9122486039313404e-08,-5.001424960568073e-08,0.9999999999999976,0.0;0.0;0.0;0.0;0.0;0.0;0.0;0.0;0.0,7.621289842063561e-05;0.0;0.0;0.0;7.621289842063561e-05;0.0;0.0;0.0;7.621289842063561e-05,3.999999975690116e-08;0.0;0.0;0.0;3.999999975690116e-08;0.0;0.0;0.0;3.999999975690116e-08
44,300000000,44.3,imu_link,0.014335343061680963,0.008449164399169097,0.00825194204453147,4.323614126411136e-05,0.00024356567646191172,9.800225131927036,4.3633887984733357e-10,4.764002516516366e-08,-5.0022848516393254e-08,0.9999999999999976,0.0;0.0;0.0;0.0;0.0;0.0;0.0;0.0;0.0,7.621289842063561e-05;0.0;0.0;0.0;7.621289842063561e-05;0.0;0.0;0.0;7.621289842063561e-05,3.999999975690116e-08;0.0;0.0;0.0;3.999999975690116e-08;0.0;0.0;0.0;3.999999975690116e-08
44,320000000,44.32,imu_link,-0.0073424111086059715,-0.021575007969272305,-0.006414049396343745,-5.096034353778508e-05,-0.0001049567834488681,9.799652399221205,4.301871815561885e-10,4.59514150342701e-08,-5.0031191671672826e-08,0.9999999999999977,0.0;0.0;0.0;0.0;0.0;0.0;0.0;0.0;0.0,7.621289842063561e-05;0.0;0.0;0.0;7.621289842063561e-05;0.0;0.0;0.0;7.621289842063561e-05,3.999999975690116e-08;0.0;0.0;0.0;3.999999975690116e-08;0.0;0.0;0.0;3.999999975690116e-08
44,340000000,44.34,imu_link,0.00672807400504543,-3.775846920675295e-05,0.001437721906270901,0.0002423264816349566,-0.00021025543022448165,9.800232746830313,4.233334192974505e-10,4.406444439428505e-08,-5.003923795450122e-08,0.9999999999999978,0.0;0.0;0.0;0.0;0.0;0.0;0.0;0.0;0.0,7.621289842063561e-05;0.0;0.0;0.0;7.621289842063561e-05;0.0;0.0;0.0;7.621289842063561e-05,3.999999975690116e-08;0.0;0.0;0.0;3.999999975690116e-08;0.0;0.0;0.0;3.999999975690116e-08
44,360000000,44.36,imu_link,0.0001238832100482112,0.01053941539836163,0.0013004927243980826,-1.4101133326917221e-05,-9.326004998007208e-05,9.800014307644489,4.1576340788142896e-10,4.1988137925899e-08,-5.004694300533571e-08,0.9999999999999979,0.0;0.0;0.0;0.0;0.0;0.0;0.0;0.0;0.0,7.621289842063561e-05;0.0;0.0;0.0;7.621289842063561e-05;0.0;0.0;0.0;7.621289842063561e-05,3.999999975690116e-08;0.0;0.0;0.0;3.999999975690116e-08;0.0;0.0;0.0;3.999999975690116e-08
44,380000000,44.38,imu_link,0.009866756452177099,-0.0028564446480458497,0.014685306931062216,9.228959488885456e-05,0.0004252967727427778,9.80001656855654,4.0744159718349586e-10,3.9732762720982506e-08,-5.0054258016867605e-08,0.999999999999998,0.0;0.0;0.0;0.0;0.0;0.0;0.0;0.0;0.0,7.621289842063561e-05;0.0;0.0;0.0;7.621289842063561e-05;0.0;0.0;0.0;7.621289842063561e-05,3.999999975690116e-08;0.0;0.0;0.0;3.999999975690116e-08;0.0;0.0;0.0;3.999999975690116e-08
44,400000000,44.4,imu_link,-0.003813653443798747,0.0029929263996367273,0.005485910679206811,-0.00010928697148045254,-0.0002524789742222316,9.800248682682698,3.9830613000034645e-10,3.730985462331768e-08,-5.006112813875457e-08,0.999999999999998,0.0;0.0;0.0;0.0;0.0;0.0;0.0;0.0;0.0,7.621289842063561e-05;0.0;0.0;0.0;7.621289842063561e-05;0.0;0.0;0.0;7.621289842063561e-05,3.999999975690116e-08;0.0;0.0;0.0;3.999999975690116e-08;0.0;0.0;0.0;3.999999975690116e-08
44,420000000,44.42,imu_link,0.005452037295830189,0.000610963193717359,-0.003381622599798726,-0.00031941342210955884,-0.00017143827350807968,9.799977637693207,3.8826139146138883e-10,3.473227694244305e-08,-5.006749038274072e-08,0.9999999999999981,0.0;0.0;0.0;0.0;0.0;0.0;0.0;0.0;0.0,7.621289842063561e-05;0.0;0.0;0.0;7.621289842063561e-05;0.0;0.0;0.0;7.621289842063561e-05,3.999999975690116e-08;0.0;0.0;0.0;3.999999975690116e-08;0.0;0.0;0.0;3.999999975690116e-08
44,440000000,44.44,imu_link,-0.013722040693955825,0.006904617820968547,-0.009951396015853552,-0.00013887701736132107,-0.00012062516615269358,9.800112246763073,3.77166588093096e-10,3.20143324146855e-08,-5.0073270715921393e-08,0.9999999999999982,0.0;0.0;0.0;0.0;0.0;0.0;0.0;0.0;0.0,7.621289842063561e-05;0.0;0.0;0.0;7.621289842063561e-05;0.0;0.0;0.0;7.621289842063561e-05,3.999999975690116e-08;0.0;0.0;0.0;3.999999975690116e-08;0.0;0.0;0.0;3.999999975690116e-08
44,460000000,44.46,imu_link,-0.004667890260967181,0.0013683067511786188,0.011358365770525602,0.00023252140643107203,-0.00024792755022081753,9.800133484029187,3.648176749894401e-10,2.9171964913549068e-08,-5.007837998308228e-08,0.9999999999999983,0.0;0.0;0.0;0.0;0.0;0.0;0.0;0.0;0.0,7.621289842063561e-05;0.0;0.0;0.0;7.621289842063561e-05;0.0;0.0;0.0;7.621289842063561e-05,3.999999975690116e-08;0.0;0.0;0.0;3.999999975690116e-08;0.0;0.0;0.0;3.999999975690116e-08
44,480000000,44.48,imu_link,-0.001192702144817992,0.0031773425676410003,-0.0063383109349480935,-3.6006615010322624e-05,-7.079100171307172e-05,9.800119104161674,3.509177919187327e-10,2.622311805944699e-08,-5.008270788676784e-08,0.9999999999999984,0.0;0.0;0.0;0.0;0.0;0.0;0.0;0.0;0.0,7.621289842063561e-05;0.0;0.0;0.0;7.621289842063561e-05;0.0;0.0;0.0;7.621289842063561e-05,3.999999975690116e-08;0.0;0.0;0.0;3.999999975690116e-08;0.0;0.0;0.0;3.999999975690116e-08
44,500000000,44.5,imu_link,0.0002446487406104099,2.4147286674915585e-05,-0.003970534756939334,0.0002909684591036434,-0.00013488543498854096,9.800185911836978,3.350263652086494e-10,2.3188382351145782e-08,-5.008611380679002e-08,0.9999999999999984,0.0;0.0;0.0;0.0;0.0;0.0;0.0;0.0;0.0,7.621289842063561e-05;0.0;0.0;0.0;7.621289842063561e-05;0.0;0.0;0.0;7.621289842063561e-05,3.999999975690116e-08;0.0;0.0;0.0;3.999999975690116e-08;0.0;0.0;0.0;3.999999975690116e-08
44,520000000,44.52,imu_link,0.0026417477778901428,-0.010459940893240491,-0.013864791425718826,0.0003348893941558564,-0.00022193982713611485,9.800200072142196,3.164658765316664e-10,2.0092210059900393e-08,-5.0088411962030515e-08,0.9999999999999986,0.0;0.0;0.0;0.0;0.0;0.0;0.0;0.0;0.0,7.621289842063561e-05;0.0;0.0;0.0;7.621289842063561e-05;0.0;0.0;0.0;7.621289842063561e-05,3.999999975690116e-08;0.0;0.0;0.0;3.999999975690116e-08;0.0;0.0;0.0;3.999999975690116e-08
44,540000000,44.54,imu_link,-0.0070553238214801535,-0.009068178758166325,0.0054201445814706225,-0.00020869679138685977,-0.00013476440506189418,9.800233337101316,2.9413596554202167e-10,1.696535224712362e-08,-5.008934579502567e-08,0.9999999999999986,0.0;0.0;0.0;0.0;0.0;0.0;0.0;0.0;0.0,7.621289842063561e-05;0.0;0.0;0.0;7.621289842063561e-05;0.0;0.0;0.0;7.621289842063561e-05,3.999999975690116e-08;0.0;0.0;0.0;3.999999975690116e-08;0.0;0.0;0.0;3.999999975690116e-08
44,560000000,44.56,imu_link,-0.0003629588055256186,0.001753404553931142,-0.012526612505988518,0.00010848547093550965,-9.166573713927004e-05,9.799960198619981,2.6609727859413306e-10,1.38502729958069e-08,-5.008853957197702e-08,0.9999999999999987,0.0;0.0;0.0;0.0;0.0;0.0;0.0;0.0;0.0,7.621289842063561e-05;0.0;0.0;0.0;7.621289842063561e-05;0.0;0.0;0.0;7.621289842063561e-05,3.999999975690116e-08;0.0;0.0;0.0;3.999999975690116e-08;0.0;0.0;0.0;3.999999975690116e-08
44,580000000,44.58,imu_link,0.01035172404415251,-0.00014350127801112956,-0.00305714622973564,0.00025462015661020717,9.895313100833393e-05,9.800521492607121,2.284654624617177e-10,1.0815255001537727e-08,-5.008539434030535e-08,0.9999999999999987,0.0;0.0;0.0;0.0;0.0;0.0;0.0;0.0;0.0,7.621289842063561e-05;0.0;0.0;0.0;7.621289842063561e-05;0.0;0.0;0.0;7.621289842063561e-05,3.999999975690116e-08;0.0;0.0;0.0;3.999999975690116e-08;0.0;0.0;0.0;3.999999975690116e-08
44,600000000,44.6,imu_link,0.004664931344003817,-0.00957775825878106,0.005373882876480043,0.000258157027060572,-0.0001323028406254383,9.800354847787592,1.6511611575519662e-10,8.021211753953662e-09,-5.009042737438057e-08,0.9999999999999987,0.0;0.0;0.0;0.0;0.0;0.0;0.0;0.0;0.0,7.621289842063561e-05;0.0;0.0;0.0;7.621289842063561e-05;0.0;0.0;0.0;7.621289842063561e-05,3.999999975690116e-08;0.0;0.0;0.0;3.999999975690116e-08;0.0;0.0;0.0;3.999999975690116e-08
44,620000000,44.62,imu_link,-0.0015393853602586054,-0.0015483809390493893,0.006425909344376422,0.0003093934559564848,-0.00036266922003833297,9.80008124490376,3.990044063625558e-11,6.501593780755761e-09,-5.009772729317051e-08,0.9999999999999987,0.0;0.0;0.0;0.0;0.0;0.0;0.0;0.0;0.0,7.621289842063561e-05;0.0;0.0;0.0;7.621289842063561e-05;0.0;0.0;0.0;7.621289842063561e-05,3.999999975690116e-08;0.0;0.0;0.0;3.999999975690116e-08;0.0;0.0;0.0;3.999999975690116e-08
44,640000000,44.64,imu_link,0.008371434749927707,0.0055538097579104955,-0.004786982446529212,0.0002895194289063037,-3.640954731144887e-05,9.799964421477132,-6.083582426750815e-11,8.129993597648744e-09,-5.009815425016921e-08,0.9999999999999987,0.0;0.0;0.0;0.0;0.0;0.0;0.0;0.0;0.0,7.621289842063561e-05;0.0;0.0;0.0;7.621289842063561e-05;0.0;0.0;0.0;7.621289842063561e-05,3.999999975690116e-08;0.0;0.0;0.0;3.999999975690116e-08;0.0;0.0;0.0;3.999999975690116e-08
44,660000000,44.66,imu_link,0.007319275916682264,0.003026613371981705,0.011488124870843988,0.00023978635129339658,4.898405446454135e-05,9.80005946582273,-1.3380109289415117e-10,1.0361435775907548e-08,-5.009815650320792e-08,0.9999999999999987,0.0;0.0;0.0;0.0;0.0;0.0;0.0;0.0;0.0,7.621289842063561e-05;0.0;0.0;0.0;7.621289842063561e-05;0.0;0.0;0.0;7.621289842063561e-05,3.999999975690116e-08;0.0;0.0;0.0;3.999999975690116e-08;0.0;0.0;0.0;3.999999975690116e-08
44,680000000,44.68,imu_link,-0.001320469410574765,0.0014483584310221343,-0.0005986523599383468,6.889420178489703e-05,-1.646954603803069e-05,9.800233610869924,-1.9347994888882341e-10,1.283012763736926e-08,-5.009815867364479e-08,0.9999999999999987,0.0;0.0;0.0;0.0;0.0;0.0;0.0;0.0;0.0,7.621289842063561e-05;0.0;0.0;0.0;7.621289842063561e-05;0.0;0.0;0.0;7.621289842063561e-05,3.999999975690116e-08;0.0;0.0;0.0;3.999999975690116e-08;0.0;0.0;0.0;3.999999975690116e-08
44,700000000,44.7,imu_link,-0.009167091466071657,0.01421064099975083,-0.0011465330508755556,0.0002783982384960629,2.14987560581771e-05,9.800158431649812,-2.422917798942064e-10,1.5471916831058032e-08,-5.009816076173849e-08,0.9999999999999987,0.0;0.0;0.0;0.0;0.0;0.0;0.0;0.0;0.0,7.621289842063561e-05;0.0;0.0;0.0;7.621289842063561e-05;0.0;0.0;0.0;7.621289842063561e-05,3.999999975690116e-08;0.0;0.0;0.0;3.999999975690116e-08;0.0;0.0;0.0;3.999999975690116e-08
44,720000000,44.72,imu_link,-0.0021342649190651125,-0.09422692496767526,-0.0022406942288826586,0.8302451294973534,9.712935284188331e-05,9.010275972454766,-3.3076603429586003e-10,-0.0009462052772822579,-5.0579493629034567e-08,0.9999995523476852,0.0;0.0;0.0;0.0;0.0;0.0;0.0;0.0;0.0,7.621289842063561e-05;0.0;0.0;0.0;7.621289842063561e-05;0.0;0.0;0.0;7.621289842063561e-05,3.999999975690116e-08;0.0;0.0;0.0;3.999999975690116e-08;0.0;0.0;0.0;3.999999975690116e-08
44,740000000,44.74,imu_link,0.010320431067117311,-0.037538490748763115,-0.012833284839443779,0.8702146674374867,6.538942616294632e-05,8.985405375031313,-4.041261649781585e-10,-0.001555306422343078,-5.148715643130192e-08,0.9999987905102335,0.0;0.0;0.0;0.0;0.0;0.0;0.0;0.0;0.0,7.621289842063561e-05;0.0;0.0;0.0;7.621289842063561e-05;0.0;0.0;0.0;7.621289842063561e-05,3.999999975690116e-08;0.0;0.0;0.0;3.999999975690116e-08;0.0;0.0;0.0;3.999999975690116e-08
44,760000000,44.76,imu_link,-0.007862170531751329,0.00101005865579809,0.0241768775924389,0.03295059283221546,-0.0001317984643684311,9.799602128954126,-4.406706598813201e-10,-0.0016616053987854576,-5.198260462709662e-08,0.9999986195327952,0.0;0.0;0.0;0.0;0.0;0.0;0.0;0.0;0.0,7.621289842063561e-05;0.0;0.0;0.0;7.621289842063561e-05;0.0;0.0;0.0;7.621289842063561e-05,3.999999975690116e-08;0.0;0.0;0.0;3.999999975690116e-08;0.0;0.0;0.0;3.999999975690116e-08
44,780000000,44.78,imu_link,0.0003848488897374484,-0.02262616021985177,0.00201660046808482,0.03307259153899729,0.0001506019789759025,9.799426287990403,-4.6052995120142085e-10,-0.0016625202632466664,-5.198281352704052e-08,0.9999986180122309,0.0;0.0;0.0;0.0;0.0;0.0;0.0;0.0;0.0,7.621289842063561e-05;0.0;0.0;0.0;7.621289842063561e-05;0.0;0.0;0.0;7.621289842063561e-05,3.999999975690116e-08;0.0;0.0;0.0;3.999999975690116e-08;0.0;0.0;0.0;3.999999975690116e-08
44,800000000,44.8,imu_link,-0.012906607079546434,0.001654882583762062,-0.010473819834826153,0.032904451069889984,-2.8102953006718933e-05,9.79986349416627,-4.767729689872781e-10,-0.001663268056810329,-5.1982984578851706e-08,0.9999986167687276,0.0;0.0;0.0;0.0;0.0;0.0;0.0;0.0;0.0,7.621289842063561e-05;0.0;0.0;0.0;7.621289842063561e-05;0.0;0.0;0.0;7.621289842063561e-05,3.999999975690116e-08;0.0;0.0;0.0;3.999999975690116e-08;0.0;0.0;0.0;3.999999975690116e-08
44,820000000,44.82,imu_link,0.0015036931264529178,-0.015955866331332072,-0.020820050710266786,0.03318987224724648,0.00017681597796764725,9.800298891459612,-4.900582593444804e-10,-0.001663879237568827,-5.1983124662468375e-08,0.9999986157519819,0.0;0.0;0.0;0.0;0.0;0.0;0.0;0.0;0.0,7.621289842063561e-05;0.0;0.0;0.0;7.621289842063561e-05;0.0;0.0;0.0;7.621289842063561e-05,3.999999975690116e-08;0.0;0.0;0.0;3.999999975690116e-08;0.0;0.0;0.0;3.999999975690116e-08
44,840000000,44.84,imu_link,0.002331918127456634,-0.007963902361864034,0.0033730203173405254,0.03287093911195718,0.0001347413212069261,9.79968318958839,-5.009244523362176e-10,-0.0016643787193826101,-5.1983239400853984e-08,0.9999986149207787,0.0;0.0;0.0;0.0;0.0;0.0;0.0;0.0;0.0,7.621289842063561e-05;0.0;0.0;0.0;7.621289842063561e-05;0.0;0.0;0.0;7.621289842063561e-05,3.999999975690116e-08;0.0;0.0;0.0;3.999999975690116e-08;0.0;0.0;0.0;3.999999975690116e-08
44,860000000,44.86,imu_link,0.006206885547341831,0.007076057453119975,-0.0017962058682517048,-5.259478272082108,-0.00037681614251290445,9.817448633111889,-4.6376049174108457e-10,-0.0016704922900502813,-5.251859949428756e-08,0.9999986047267796,0.0;0.0;0.0;0.0;0.0;0.0;0.0;0.0;0.0,7.621289842063561e-05;0.0;0.0;0.0;7.621289842063561e-05;0.0;0.0;0.0;7.621289842063561e-05,3.999999975690116e-08;0.0;0.0;0.0;3.999999975690116e-08;0.0;0.0;0.0;3.999999975690116e-08
44,880000000,44.88,imu_link,-0.00550243369537004,0.001933250745141803,0.00984462856262801,-5.259612646895946,-7.14687425919239e-05,9.817137981385564,-4.4108144452029477e-10,-0.0016697882290233068,-5.351840672832888e-08,0.9999986059026619,0.0;0.0;0.0;0.0;0.0;0.0;0.0;0.0;0.0,7.621289842063561e-05;0.0;0.0;0.0;7.621289842063561e-05;0.0;0.0;0.0;7.621289842063561e-05,3.999999975690116e-08;0.0;0.0;0.0;3.999999975690116e-08;0.0;0.0;0.0;3.999999975690116e-08
44,900000000,44.9,imu_link,0.0028353197606898984,0.004343683646068099,0.012287796051301394,-5.2595665704700965,-6.273692555401627e-05,9.817092747472502,-4.2293862380301585e-10,-0.0016692123726266645,-5.457998263152566e-08,0.9999986068640556,0.0;0.0;0.0;0.0;0.0;0.0;0.0;0.0;0.0,7.621289842063561e-05;0.0;0.0;0.0;7.621289842063561e-05;0.0;0.0;0.0;7.621289842063561e-05,3.999999975690116e-08;0.0;0.0;0.0;3.999999975690116e-08;0.0;0.0;0.0;3.999999975690116e-08
44,920000000,44.92,imu_link,-0.010124058328948039,0.01851299216510854,2.74948605571107e-06,-5.259338157148259,-3.801789565342618e-05,9.817438501901956,-4.085179572776559e-10,-0.0016687413756859943,-5.569928520682929e-08,0.9999986076501397,0.0;0.0;0.0;0.0;0.0;0.0;0.0;0.0;0.0,7.621289842063561e-05;0.0;0.0;0.0;7.621289842063561e-05;0.0;0.0;0.0;7.621289842063561e-05,3.999999975690116e-08;0.0;0.0;0.0;3.999999975690116e-08;0.0;0.0;0.0;3.999999975690116e-08
44,940000000,44.94,imu_link,-0.006321930865607948,-1.6256282061099007e-05,-0.0042862238337685,-5.259572897339613,-0.00020009563919902996,9.817583801525394,-3.971522561881989e-10,-0.0016683561440214297,-5.68721848282629e-08,0.9999986082929183,0.0;0.0;0.0;0.0;0.0;0.0;0.0;0.0;0.0,7.621289842063561e-05;0.0;0.0;0.0;7.621289842063561e-05;0.0;0.0;0.0;7.621289842063561e-05,3.999999975690116e-08;0.0;0.0;0.0;3.999999975690116e-08;0.0;0.0;0.0;3.999999975690116e-08
44,960000000,44.96,imu_link,-0.014511773347534436,0.0008278828683133577,-0.004340539732876035,0.03256178149403651,-9.392646497980816e-05,9.799591698180093,-4.21768674317832e-10,-0.0016680424236279279,-5.6866354915351225e-08,0.9999986088162672,0.0;0.0;0.0;0.0;0.0;0.0;0.0;0.0;0.0,7.621289842063561e-05;0.0;0.0;0.0;7.621289842063561e-05;0.0;0.0;0.0;7.621289842063561e-05,3.999999975690116e-08;0.0;0.0;0.0;3.999999975690116e-08;0.0;0.0;0.0;3.999999975690116e-08
44,980000000,44.98,imu_link,0.005054756176270563,-0.0016532461646568413,-0.0009594971090957658,0.03296221231257091,-0.0002809447463390655,9.799884557943201,-4.465477838952814e-10,-0.0016677860074685038,-5.686624643867788e-08,0.9999986092439479,0.0;0.0;0.0;0.0;0.0;0.0;0.0;0.0;0.0,7.621289842063561e-05;0.0;0.0;0.0;7.621289842063561e-05;0.0;0.0;0.0;7.621289842063561e-05,3.999999975690116e-08;0.0;0.0;0.0;3.999999975690116e-08;0.0;0.0;0.0;3.999999975690116e-08
45,0,45.0,imu_link,-0.022486391081440373,0.00032189345967153956,-0.008238671399903067,0.03277724848043025,-0.00024009507338616757,9.799698721731708,-4.668152587969712e-10,-0.0016675762829233155,-5.6866157723641854e-08,0.9999986095937021,0.0;0.0;0.0;0.0;0.0;0.0;0.0;0.0;0.0,7.621289842063561e-05;0.0;0.0;0.0;7.621289842063561e-05;0.0;0.0;0.0;7.621289842063561e-05,3.999999975690116e-08;0.0;0.0;0.0;3.999999975690116e-08;0.0;0.0;0.0;3.999999975690116e-08
45,20000000,45.02,imu_link,0.008077054014521454,-0.01755294760699003,-0.00407544619368075,0.03293623616148239,-9.035662174762802e-05,9.79989970199431,-4.833925509935418e-10,-0.0016674047477713862,-5.6866085168761374e-08,0.9999986098797358,0.0;0.0;0.0;0.0;0.0;0.0;0.0;0.0;0.0,7.621289842063561e-05;0.0;0.0;0.0;7.621289842063561e-05;0.0;0.0;0.0;7.621289842063561e-05,3.999999975690116e-08;0.0;0.0;0.0;3.999999975690116e-08;0.0;0.0;0.0;3.999999975690116e-08
45,40000000,45.04,imu_link,0.013559518040260534,0.010974892158087815,-0.0009389092616460982,0.03246379448010224,8.69245817968032e-05,9.799653936073401,-4.969515472391061e-10,-0.0016672644479875604,-5.6866025829395834e-08,0.9999986101136628,0.0;0.0;0.0;0.0;0.0;0.0;0.0;0.0;0.0,7.621289842063561e-05;0.0;0.0;0.0;7.621289842063561e-05;0.0;0.0;0.0;7.621289842063561e-05,3.999999975690116e-08;0.0;0.0;0.0;3.999999975690116e-08;0.0;0.0;0.0;3.999999975690116e-08
45,60000000,45.06,imu_link,0.008074920461570165,0.020796216420938887,-0.010395439002483513,0.03271486842256372,-0.0004475335354031886,9.800040022937642,-5.080418014110045e-10,-0.0016671496958267187,-5.686597729775437e-08,0.9999986103049786,0.0;0.0;0.0;0.0;0.0;0.0;0.0;0.0;0.0,7.621289842063561e-05;0.0;0.0;0.0;7.621289842063561e-05;0.0;0.0;0.0;7.621289842063561e-05,3.999999975690116e-08;0.0;0.0;0.0;3.999999975690116e-08;0.0;0.0;0.0;3.999999975690116e-08
45,80000000,45.08,imu_link,-0.00723878160096754,-0.00019058433428446292,-0.0065371540283766585,0.03289158680691979,9.1524388612198e-05,9.799622646499683,-5.171128081474062e-10,-0.001667055839242911,-5.686593760496239e-08,0.9999986104614473,0.0;0.0;0.0;0.0;0.0;0.0;0.0;0.0;0.0,7.621289842063561e-05;0.0;0.0;0.0;7.621289842063561e-05;0.0;0.0;0.0;7.621289842063561e-05,3.999999975690116e-08;0.0;0.0;0.0;3.999999975690116e-08;0.0;0.0;0.0;3.999999975690116e-08
45,100000000,45.1,imu_link,-0.005271186291729408,-0.023527809328545583,0.0033242476412849342,0.032852181933007873,-0.00015381503068264739,9.799806726913546,-5.245322183205839e-10,-0.0016669790732956663,-5.686590514096602e-08,0.9999986105894177,0.0;0.0;0.0;0.0;0.0;0.0;0.0;0.0;0.0,7.621289842063561e-05;0.0;0.0;0.0;7.621289842063561e-05;0.0;0.0;0.0;7.621289842063561e-05,3.999999975690116e-08;0.0;0.0;0.0;3.999999975690116e-08;0.0;0.0;0.0;3.999999975690116e-08
45,120000000,45.12,imu_link,-0.0002667616413202285,0.003392845611028316,0.0018885842816067232,0.03269249204610991,-1.3591255611708069e-05,9.800038774821441,-5.306007469509399e-10,-0.001666916285897942,-5.6865878589079124e-08,0.9999986106940811,0.0;0.0;0.0;0.0;0.0;0.0;0.0;0.0;0.0,7.621289842063561e-05;0.0;0.0;0.0;7.621289842063561e-05;0.0;0.0;0.0;7.621289842063561e-05,3.999999975690116e-08;0.0;0.0;0.0;3.999999975690116e-08;0.0;0.0;0.0;3.999999975690116e-08
45,140000000,45.14,imu_link,-0.011933230957515625,0.004087735210943626,-0.002486581343782559,0.03259761719700909,-3.083103321668669e-06,9.800138548186599,-5.355643531146309e-10,-0.0016668649316522808,-5.6865856872498e-08,0.9999986107796832,0.0;0.0;0.0;0.0;0.0;0.0;0.0;0.0;0.0,7.621289842063561e-05;0.0;0.0;0.0;7.621289842063561e-05;0.0;0.0;0.0;7.621289842063561e-05,3.999999975690116e-08;0.0;0.0;0.0;3.999999975690116e-08;0.0;0.0;0.0;3.999999975690116e-08
45,160000000,45.16,imu_link,-0.00651111680833842,-0.019282229643270702,0.0021411579905590947,0.032976704782248484,-0.00016403644418430295,9.799523467835686,-5.396242149021053e-10,-0.0016668229286605446,-5.6865839110602054e-08,0.9999986108496958,0.0;0.0;0.0;0.0;0.0;0.0;0.0;0.0;0.0,7.621289842063561e-05;0.0;0.0;0.0;7.621289842063561e-05;0.0;0.0;0.0;7.621289842063561e-05,3.999999975690116e-08;0.0;0.0;0.0;3.999999975690116e-08;0.0;0.0;0.0;3.999999975690116e-08
45,180000000,45.18,imu_link,-0.006906460511268016,0.011626718263331793,0.01153565217241045,0.03304360252819524,-0.0003198554010061927,9.800280347875107,-5.429448817004175e-10,-0.0016667885741238925,-5.6865824583169695e-08,0.9999986109069582,0.0;0.0;0.0;0.0;0.0;0.0;0.0;0.0;0.0,7.621289842063561e-05;0.0;0.0;0.0;7.621289842063561e-05;0.0;0.0;0.0;7.621289842063561e-05,3.999999975690116e-08;0.0;0.0;0.0;3.999999975690116e-08;0.0;0.0;0.0;3.999999975690116e-08
45,200000000,45.2,imu_link,0.006272938243565738,0.010948329606439213,-0.007301095826064486,0.03275431299830471,-0.0001567783176077809,9.800177598196727,-5.456609405084737e-10,-0.0016667604753114065,-5.686581270115664e-08,0.9999986109537927,0.0;0.0;0.0;0.0;0.0;0.0;0.0;0.0;0.0,7.621289842063561e-05;0.0;0.0;0.0;7.621289842063561e-05;0.0;0.0;0.0;7.621289842063561e-05,3.999999975690116e-08;0.0;0.0;0.0;3.999999975690116e-08;0.0;0.0;0.0;3.999999975690116e-08
45,220000000,45.22,imu_link,-0.0006088822369500422,0.004862341196024644,0.012039636776689813,0.03231725533885767,-0.00045040623383942307,9.800186890767725,-5.478824759903095e-10,-0.0016667374930988633,-5.686580298282787e-08,0.9999986109920983,0.0;0.0;0.0;0.0;0.0;0.0;0.0;0.0;0.0,7.621289842063561e-05;0.0;0.0;0.0;7.621289842063561e-05;0.0;0.0;0.0;7.621289842063561e-05,3.999999975690116e-08;0.0;0.0;0.0;3.999999975690116e-08;0.0;0.0;0.0;3.999999975690116e-08
45,240000000,45.24,imu_link,-0.0005402923150271549,0.012319597776595055,-0.007666516650250708,0.03305660265551958,-0.00017426217928002434,9.800079286058548,-5.49699525620887e-10,-0.001666718695788707,-5.686579503415346e-08,0.9999986110234282,0.0;0.0;0.0;0.0;0.0;0.0;0.0;0.0;0.0,7.621289842063561e-05;0.0;0.0;0.0;7.621289842063561e-05;0.0;0.0;0.0;7.621289842063561e-05,3.999999975690116e-08;0.0;0.0;0.0;3.999999975690116e-08;0.0;0.0;0.0;3.999999975690116e-08
45,260000000,45.26,imu_link,-0.0007915427955103687,-0.0009584212621285475,0.004887775592688328,0.032838811774682085,-0.0001541503732066809,9.80018076675793,-5.511857388457616e-10,-0.0016667033213390737,-5.686578853288939e-08,0.9999986110490531,0.0;0.0;0.0;0.0;0.0;0.0;0.0;0.0;0.0,7.621289842063561e-05;0.0;0.0;0.0;7.621289842063561e-05;0.0;0.0;0.0;7.621289842063561e-05,3.999999975690116e-08;0.0;0.0;0.0;3.999999975690116e-08;0.0;0.0;0.0;3.999999975690116e-08
45,280000000,45.28,imu_link,-0.010814529666031575,0.004949421613158284,-0.0027713059862047454,0.03250788251733816,8.74323077860186e-05,9.79971889225328,-5.524013509352939e-10,-0.0016666907464706778,-5.686578321545699e-08,0.9999986110700116,0.0;0.0;0.0;0.0;0.0;0.0;0.0;0.0;0.0,7.621289842063561e-05;0.0;0.0;0.0;7.621289842063561e-05;0.0;0.0;0.0;7.621289842063561e-05,3.999999975690116e-08;0.0;0.0;0.0;3.999999975690116e-08;0.0;0.0;0.0;3.999999975690116e-08
45,300000000,45.3,imu_link,-0.004964977043544717,0.009187358940612289,-0.006071453401822525,0.03261918142965843,0.00021601587533470761,9.799819459389866,-5.533956315504784e-10,-0.0016666804613990763,-5.6865778866305074e-08,0.9999986110871536,0.0;0.0;0.0;0.0;0.0;0.0;0.0;0.0;0.0,7.621289842063561e-05;0.0;0.0;0.0;7.621289842063561e-05;0.0;0.0;0.0;7.621289842063561e-05,3.999999975690116e-08;0.0;0.0;0.0;3.999999975690116e-08;0.0;0.0;0.0;3.999999975690116e-08
45,320000000,45.32,imu_link,-0.007924355527738689,0.004153189964865915,0.007695088253858491,0.03285338383030389,-3.1138946095527536e-05,9.800117008281681,-5.542088779834868e-10,-0.0016666720491680736,-5.686577530908929e-08,0.999998611101174,0.0;0.0;0.0;0.0;0.0;0.0;0.0;0.0;0.0,7.621289842063561e-05;0.0;0.0;0.0;7.621289842063561e-05;0.0;0.0;0.0;7.621289842063561e-05,3.999999975690116e-08;0.0;0.0;0.0;3.999999975690116e-08;0.0;0.0;0.0;3.999999975690116e-08
45,340000000,45.34,imu_link,-0.0038691363877183965,-0.002573167673906257,0.01238038238450549,0.03279861709573027,1.5441152422946325e-05,9.799695697532169,-5.548740548331741e-10,-0.0016666651687463165,-5.6865772399624256e-08,0.9999986111126415,0.0;0.0;0.0;0.0;0.0;0.0;0.0;0.0;0.0,7.621289842063561e-05;0.0;0.0;0.0;7.621289842063561e-05;0.0;0.0;0.0;7.621289842063561e-05,3.999999975690116e-08;0.0;0.0;0.0;3.999999975690116e-08;0.0;0.0;0.0;3.999999975690116e-08
45,360000000,45.36,imu_link,-0.020852082520723472,0.009869628786502105,0.010865254751665655,0.03277693257967587,-2.7097162927543976e-05,9.799697301929571,-5.55418120684641e-10,-0.0016666595412018993,-5.686577001994406e-08,0.9999986111220208,0.0;0.0;0.0;0.0;0.0;0.0;0.0;0.0;0.0,7.621289842063561e-05;0.0;0.0;0.0;7.621289842063561e-05;0.0;0.0;0.0;7.621289842063561e-05,3.999999975690116e-08;0.0;0.0;0.0;3.999999975690116e-08;0.0;0.0;0.0;3.999999975690116e-08
45,380000000,45.38,imu_link,0.011080245293015815,0.007945117736514785,0.0012194006743677535,0.03243106174667031,-0.0007067601808737578,9.800079032949474,-5.558631257415253e-10,-0.0016666549383945032,-5.6865768073596635e-08,0.9999986111296921,0.0;0.0;0.0;0.0;0.0;0.0;0.0;0.0;0.0,7.621289842063561e-05;0.0;0.0;0.0;7.621289842063561e-05;0.0;0.0;0.0;7.621289842063561e-05,3.999999975690116e-08;0.0;0.0;0.0;3.999999975690116e-08;0.0;0.0;0.0;3.999999975690116e-08
45,400000000,45.4,imu_link,-0.0180898773669862,-0.01298071465048207,-0.010243392269118808,0.033056268570296345,0.00025703982288331187,9.800237674783265,-5.562271064628529e-10,-0.0016666511737265875,-5.686576648167622e-08,0.9999986111359664,0.0;0.0;0.0;0.0;0.0;0.0;0.0;0.0;0.0,7.621289842063561e-05;0.0;0.0;0.0;7.621289842063561e-05;0.0;0.0;0.0;7.621289842063561e-05,3.999999975690116e-08;0.0;0.0;0.0;3.999999975690116e-08;0.0;0.0;0.0;3.999999975690116e-08
45,420000000,45.42,imu_link,-0.005394589752426219,0.007045319593724798,0.008846640476678602,0.03286331704873181,-4.491815360185653e-05,9.799913111440478,-5.565248159486189e-10,-0.0016666480945787333,-5.686576517963659e-08,0.9999986111410983,0.0;0.0;0.0;0.0;0.0;0.0;0.0;0.0;0.0,7.621289842063561e-05;0.0;0.0;0.0;7.621289842063561e-05;0.0;0.0;0.0;7.621289842063561e-05,3.999999975690116e-08;0.0;0.0;0.0;3.999999975690116e-08;0.0;0.0;0.0;3.999999975690116e-08
45,440000000,45.44,imu_link,-0.0011960023631270727,-0.006963392898806471,-0.005994682009107735,0.03306283734065565,-0.0001613066554654249,9.800084598284403,-5.567683203021457e-10,-0.0016666455761224662,-5.686576411469642e-08,0.9999986111452958,0.0;0.0;0.0;0.0;0.0;0.0;0.0;0.0;0.0,7.621289842063561e-05;0.0;0.0;0.0;7.621289842063561e-05;0.0;0.0;0.0;7.621289842063561e-05,3.999999975690116e-08;0.0;0.0;0.0;3.999999975690116e-08;0.0;0.0;0.0;3.999999975690116e-08
45,460000000,45.46,imu_link,0.0017455162625523233,0.007606288402022771,-0.0073617644197903325,0.03277670674732716,5.780531124084589e-05,9.800054857643355,-5.569674885522104e-10,-0.0016666435162597149,-5.686576324368686e-08,0.9999986111487288,0.0;0.0;0.0;0.0;0.0;0.0;0.0;0.0;0.0,7.621289842063561e-05;0.0;0.0;0.0;7.621289842063561e-05;0.0;0.0;0.0;7.621289842063561e-05,3.999999975690116e-08;0.0;0.0;0.0;3.999999975690116e-08;0.0;0.0;0.0;3.999999975690116e-08
45,480000000,45.48,imu_link,0.005182661427312057,0.003611225244076853,-0.004395660752399612,0.03271241288276999,-0.00023298348480275022,9.80028050916296,-5.571303934055335e-10,-0.0016666418314837611,-5.6865762531288285e-08,0.9999986111515368,0.0;0.0;0.0;0.0;0.0;0.0;0.0;0.0;0.0,7.621289842063561e-05;0.0;0.0;0.0;7.621289842063561e-05;0.0;0.0;0.0;7.621289842063561e-05,3.999999975690116e-08;0.0;0.0;0.0;3.999999975690116e-08;0.0;0.0;0.0;3.999999975690116e-08
45,500000000,45.5,imu_link,0.0014981329594392254,-0.011354954957645784,-0.005200462768261794,0.032666504142172696,-0.00014770167731314326,9.800085768175727,-5.57263636009525e-10,-0.001666640453493885,-5.686576194862808e-08,0.9999986111538334,0.0;0.0;0.0;0.0;0.0;0.0;0.0;0.0;0.0,7.621289842063561e-05;0.0;0.0;0.0;7.621289842063561e-05;0.0;0.0;0.0;7.621289842063561e-05,3.999999975690116e-08;0.0;0.0;0.0;3.999999975690116e-08;0.0;0.0;0.0;3.999999975690116e-08
45,520000000,45.52,imu_link,0.0009338931859412419,0.0013076362015399133,0.0012628000696819147,0.03269171744652022,-0.00012475226232139196,9.800077653540674,-5.573726197000584e-10,-0.0016666393264264609,-5.686576147206948e-08,0.9999986111557118,0.0;0.0;0.0;0.0;0.0;0.0;0.0;0.0;0.0,7.621289842063561e-05;0.0;0.0;0.0;7.621289842063561e-05;0.0;0.0;0.0;7.621289842063561e-05,3.999999975690116e-08;0.0;0.0;0.0;3.999999975690116e-08;0.0;0.0;0.0;3.999999975690116e-08
45,540000000,45.54,imu_link,-0.005184815514733787,-0.016598346072624264,-0.002198630621687162,0.033177853232666955,-2.4915955248561446e-05,9.799992298181436,-5.574617609585766e-10,-0.0016666384045902409,-5.686576108229832e-08,0.9999986111572481,0.0;0.0;0.0;0.0;0.0;0.0;0.0;0.0;0.0,7.621289842063561e-05;0.0;0.0;0.0;7.621289842063561e-05;0.0;0.0;0.0;7.621289842063561e-05,3.999999975690116e-08;0.0;0.0;0.0;3.999999975690116e-08;0.0;0.0;0.0;3.999999975690116e-08
45,560000000,45.56,imu_link,-0.012072709351342203,0.00802226876028858,-0.0274351651247227,0.03292032263748657,-0.0003487398773000923,9.80008780777165,-5.575346722391468e-10,-0.0016666376506140378,-5.686576076351549e-08,0.9999986111585047,0.0;0.0;0.0;0.0;0.0;0.0;0.0;0.0;0.0,7.621289842063561e-05;0.0;0.0;0.0;7.621289842063561e-05;0.0;0.0;0.0;7.621289842063561e-05,3.999999975690116e-08;0.0;0.0;0.0;3.999999975690116e-08;0.0;0.0;0.0;3.999999975690116e-08
45,580000000,45.58,imu_link,0.005110232124800144,-0.0031309603705765017,-0.0023869692800858916,0.03279328890800636,-0.00047282354471585747,9.800261952323961,-5.575943069332468e-10,-0.0016666370339317033,-5.686576050279842e-08,0.9999986111595325,0.0;0.0;0.0;0.0;0.0;0.0;0.0;0.0;0.0,7.621289842063561e-05;0.0;0.0;0.0;7.621289842063561e-05;0.0;0.0;0.0;7.621289842063561e-05,3.999999975690116e-08;0.0;0.0;0.0;3.999999975690116e-08;0.0;0.0;0.0;3.999999975690116e-08
45,600000000,45.6,imu_link,0.012218532411625314,0.007501776074062214,0.01154836942436785,0.03299470089118588,-0.00031348777837509446,9.79986134292516,-5.576430845903857e-10,-0.0016666365295429674,-5.6865760289562975e-08,0.9999986111603731,0.0;0.0;0.0;0.0;0.0;0.0;0.0;0.0;0.0,7.621289842063561e-05;0.0;0.0;0.0;7.621289842063561e-05;0.0;0.0;0.0;7.621289842063561e-05,3.999999975690116e-08;0.0;0.0;0.0;3.999999975690116e-08;0.0;0.0;0.0;3.999999975690116e-08
45,620000000,45.62,imu_link,-0.025268678013935758,-0.0024451434907872944,0.0027274564666861737,0.03297395372371807,-9.969616847742644e-05,9.80000660956066,-5.576829807354221e-10,-0.0016666361169999416,-5.6865760115169426e-08,0.9999986111610607,0.0;0.0;0.0;0.0;0.0;0.0;0.0;0.0;0.0,7.621289842063561e-05;0.0;0.0;0.0;7.621289842063561e-05;0.0;0.0;0.0;7.621289842063561e-05,3.999999975690116e-08;0.0;0.0;0.0;3.999999975690116e-08;0.0;0.0;0.0;3.999999975690116e-08
45,640000000,45.64,imu_link,-0.0010663696802983094,0.0066012266097010205,0.003388227071662279,0.032680620484991395,-0.00018662088313175845,9.800015820391906,-5.577156128557108e-10,-0.0016666357795781558,-5.686575997255391e-08,0.999998611161623,0.0;0.0;0.0;0.0;0.0;0.0;0.0;0.0;0.0,7.621289842063561e-05;0.0;0.0;0.0;7.621289842063561e-05;0.0;0.0;0.0;7.621289842063561e-05,3.999999975690116e-08;0.0;0.0;0.0;3.999999975690116e-08;0.0;0.0;0.0;3.999999975690116e-08
45,660000000,45.66,imu_link,0.006739504104030827,0.007153844084269702,-0.0011001579092438398,0.03261516222455422,-8.211620178938728e-05,9.80018308532581,-5.577423040703604e-10,-0.0016666355035985477,-5.68657598559249e-08,0.999998611162083,0.0;0.0;0.0;0.0;0.0;0.0;0.0;0.0;0.0,7.621289842063561e-05;0.0;0.0;0.0;7.621289842063561e-05;0.0;0.0;0.0;7.621289842063561e-05,3.999999975690116e-08;0.0;0.0;0.0;3.999999975690116e-08;0.0;0.0;0.0;3.999999975690116e-08
45,680000000,45.68,imu_link,-0.009596869952118255,-0.004746990917835221,-0.000999051066738331,0.032557683929675355,5.595589238117632e-05,9.800012786889276,-5.577641354666821e-10,-0.001666635277872924,-5.68657597605407e-08,0.9999986111624592,0.0;0.0;0.0;0.0;0.0;0.0;0.0;0.0;0.0,7.621289842063561e-05;0.0;0.0;0.0;7.621289842063561e-05;0.0;0.0;0.0;7.621289842063561e-05,3.999999975690116e-08;0.0;0.0;0.0;3.999999975690116e-08;0.0;0.0;0.0;3.999999975690116e-08
45,700000000,45.7,imu_link,-0.0034746853550455493,-0.010412565352359179,0.005886562005790387,0.03283156455554277,6.49049432117283e-05,9.799875123108109,-5.577819919552128e-10,-0.001666635093250379,-5.6865759682536436e-08,0.9999986111627669,0.0;0.0;0.0;0.0;0.0;0.0;0.0;0.0;0.0,7.621289842063561e-05;0.0;0.0;0.0;7.621289842063561e-05;0.0;0.0;0.0;7.621289842063561e-05,3.999999975690116e-08;0.0;0.0;0.0;3.999999975690116e-08;0.0;0.0;0.0;3.999999975690116e-08
45,720000000,45.72,imu_link,0.0006750772647041305,0.007393538233384535,-0.0081305275258552,0.032526285103937756,-7.349543422050875e-05,9.799997239889052,-5.577965965031196e-10,-0.001666634942246328,-5.686575961875546e-08,0.9999986111630186,0.0;0.0;0.0;0.0;0.0;0.0;0.0;0.0;0.0,7.621289842063561e-05;0.0;0.0;0.0;7.621289842063561e-05;0.0;0.0;0.0;7.621289842063561e-05,3.999999975690116e-08;0.0;0.0;0.0;3.999999975690116e-08;0.0;0.0;0.0;3.999999975690116e-08
45,740000000,45.74,imu_link,0.012394286576780204,0.006383629789226082,0.002920729129661505,0.03296983375898161,-0.00014798941270019074,9.800388831800008,-5.578085419342921e-10,-0.0016666348187390724,-5.686575956660561e-08,0.9999986111632244,0.0;0.0;0.0;0.0;0.0;0.0;0.0;0.0;0.0,7.621289842063561e-05;0.0;0.0;0.0;7.621289842063561e-05;0.0;0.0;0.0;7.621289842063561e-05,3.999999975690116e-08;0.0;0.0;0.0;3.999999975690116e-08;0.0;0.0;0.0;3.999999975690116e-08
45,760000000,45.76,imu_link,0.000875141212672841,-0.000522507697180603,-0.007652742974989074,0.032757885897517436,0.0001580386315623014,9.799827252601766,-5.578183132013806e-10,-0.0016666347177216351,-5.6865759523964186e-08,0.9999986111633928,0.0;0.0;0.0;0.0;0.0;0.0;0.0;0.0;0.0,7.621289842063561e-05;0.0;0.0;0.0;7.621289842063561e-05;0.0;0.0;0.0;7.621289842063561e-05,3.999999975690116e-08;0.0;0.0;0.0;3.999999975690116e-08;0.0;0.0;0.0;3.999999975690116e-08
45,780000000,45.78,imu_link,0.012305947209388676,-0.005834588208619418,0.013209047523890901,0.03310728167043939,-5.585872314411573e-05,9.800124307882289,-5.578263049776275e-10,-0.0016666346350987763,-5.686575948910836e-08,0.9999986111635305,0.0;0.0;0.0;0.0;0.0;0.0;0.0;0.0;0.0,7.621289842063561e-05;0.0;0.0;0.0;7.621289842063561e-05;0.0;0.0;0.0;7.621289842063561e-05,3.999999975690116e-08;0.0;0.0;0.0;3.999999975690116e-08;0.0;0.0;0.0;3.999999975690116e-08
45,800000000,45.8,imu_link,0.0027063607313522237,0.006373255311293624,-0.006763294789768944,0.03269567189134034,-0.0003359501369188215,9.799870390324076,-5.578328423735563e-10,-0.0016666345675209685,-5.686575946060413e-08,0.9999986111636431,0.0;0.0;0.0;0.0;0.0;0.0;0.0;0.0;0.0,7.621289842063561e-05;0.0;0.0;0.0;7.621289842063561e-05;0.0;0.0;0.0;7.621289842063561e-05,3.999999975690116e-08;0.0;0.0;0.0;3.999999975690116e-08;0.0;0.0;0.0;3.999999975690116e-08
45,820000000,45.82,imu_link,0.015369169749103028,0.019915698131341687,-0.005110466551836518,0.0328387564335121,-0.0002955086367106792,9.799773884434458,-5.578381884540798e-10,-0.0016666345122486128,-5.686575943731862e-08,0.9999986111637352,0.0;0.0;0.0;0.0;0.0;0.0;0.0;0.0;0.0,7.621289842063561e-05;0.0;0.0;0.0;7.621289842063561e-05;0.0;0.0;0.0;7.621289842063561e-05,3.999999975690116e-08;0.0;0.0;0.0;3.999999975690116e-08;0.0;0.0;0.0;3.999999975690116e-08
45,840000000,45.84,imu_link,-0.009627624135138077,-0.0026608483116154786,-0.004081866540918814,0.03279932694589478,-0.00013959759001640494,9.80015955035184,-5.578425618852291e-10,-0.0016666344670409731,-5.686575941827913e-08,0.9999986111638106,0.0;0.0;0.0;0.0;0.0;0.0;0.0;0.0;0.0,7.621289842063561e-05;0.0;0.0;0.0;7.621289842063561e-05;0.0;0.0;0.0;7.621289842063561e-05,3.999999975690116e-08;0.0;0.0;0.0;3.999999975690116e-08;0.0;0.0;0.0;3.999999975690116e-08
45,860000000,45.86,imu_link,-0.003877506005219427,-0.000665556430953346,-0.007082683234322636,0.03269740530643906,-0.0007447334478881181,9.800006505753046,-5.578461390469464e-10,-0.0016666344300653336,-5.686575940272095e-08,0.9999986111638722,0.0;0.0;0.0;0.0;0.0;0.0;0.0;0.0;0.0,7.621289842063561e-05;0.0;0.0;0.0;7.621289842063561e-05;0.0;0.0;0.0;7.621289842063561e-05,3.999999975690116e-08;0.0;0.0;0.0;3.999999975690116e-08;0.0;0.0;0.0;3.999999975690116e-08
45,880000000,45.88,imu_link,0.004797119594710829,0.00022404140601388608,0.017233070234101693,0.03294187223357613,6.186146004565333e-05,9.800239937277938,-5.578490644181542e-10,-0.0016666343998227014,-5.686575939001243e-08,0.9999986111639226,0.0;0.0;0.0;0.0;0.0;0.0;0.0;0.0;0.0,7.621289842063561e-05;0.0;0.0;0.0;7.621289842063561e-05;0.0;0.0;0.0;7.621289842063561e-05,3.999999975690116e-08;0.0;0.0;0.0;3.999999975690116e-08;0.0;0.0;0.0;3.999999975690116e-08
45,900000000,45.9,imu_link,-0.005021404484086511,-0.006468028238264319,-0.0074623003088446025,0.03273148786967874,7.323071918290107e-05,9.80017837178584,-5.578514577718005e-10,-0.0016666343750870477,-5.686575937963464e-08,0.9999986111639638,0.0;0.0;0.0;0.0;0.0;0.0;0.0;0.0;0.0,7.621289842063561e-05;0.0;0.0;0.0;7.621289842063561e-05;0.0;0.0;0.0;7.621289842063561e-05,3.999999975690116e-08;0.0;0.0;0.0;3.999999975690116e-08;0.0;0.0;0.0;3.999999975690116e-08
45,920000000,45.92,imu_link,0.000916459289051576,0.0074232990139496665,0.003694552274214395,0.033198379650777626,0.00022239447053320005,9.80015021780015,-5.57853414739767e-10,-0.001666634354855584,-5.686575937116182e-08,0.9999986111639976,0.0;0.0;0.0;0.0;0.0;0.0;0.0;0.0;0.0,7.621289842063561e-05;0.0;0.0;0.0;7.621289842063561e-05;0.0;0.0;0.0;7.621289842063561e-05,3.999999975690116e-08;0.0;0.0;0.0;3.999999975690116e-08;0.0;0.0;0.0;3.999999975690116e-08
45,940000000,45.94,imu_link,0.00150637171711443,0.0046648148466225964,-0.0066546356791561245,0.03281780136296088,-9.574219787737115e-05,9.799778678387817,-5.578550143657865e-10,-0.0016666343383081302,-5.686575936424058e-08,0.9999986111640251,0.0;0.0;0.0;0.0;0.0;0.0;0.0;0.0;0.0,7.621289842063561e-05;0.0;0.0;0.0;7.621289842063561e-05;0.0;0.0;0.0;7.621289842063561e-05,3.999999975690116e-08;0.0;0.0;0.0;3.999999975690116e-08;0.0;0.0;0.0;3.999999975690116e-08
45,960000000,45.96,imu_link,0.0077045951583755165,0.008552399370695617,0.0006631192971444172,0.0329306065656961,5.716846542667922e-05,9.800450675255293,-5.578563240531025e-10,-0.0016666343247738555,-5.686575935859583e-08,0.9999986111640476,0.0;0.0;0.0;0.0;0.0;0.0;0.0;0.0;0.0,7.621289842063561e-05;0.0;0.0;0.0;7.621289842063561e-05;0.0;0.0;0.0;7.621289842063561e-05,3.999999975690116e-08;0.0;0.0;0.0;3.999999975690116e-08;0.0;0.0;0.0;3.999999975690116e-08
45,980000000,45.98,imu_link,0.008709243658515352,0.0010728810970320143,-0.0026759065435844947,0.032498729923343884,-8.79019788622248e-06,9.799898944619091,-5.578573947949222e-10,-0.0016666343137040753,-5.6865759353995127e-08,0.9999986111640662,0.0;0.0;0.0;0.0;0.0;0.0;0.0;0.0;0.0,7.621289842063561e-05;0.0;0.0;0.0;7.621289842063561e-05;0.0;0.0;0.0;7.621289842063561e-05,3.999999975690116e-08;0.0;0.0;0.0;3.999999975690116e-08;0.0;0.0;0.0;3.999999975690116e-08
46,0,46.0,imu_link,-0.002857792347686005,-0.0033702627435497623,0.002343278127127319,0.032572113574346105,0.00010183317283879909,9.799955466658647,-5.578582715741453e-10,-0.0016666343046500246,-5.68657593502466e-08,0.9999986111640812,0.0;0.0;0.0;0.0;0.0;0.0;0.0;0.0;0.0,7.621289842063561e-05;0.0;0.0;0.0;7.621289842063561e-05;0.0;0.0;0.0;7.621289842063561e-05,3.999999975690116e-08;0.0;0.0;0.0;3.999999975690116e-08;0.0;0.0;0.0;3.999999975690116e-08
46,20000000,46.02,imu_link,0.004961682047432818,0.009974273570756692,0.0007048267266496137,0.03265972982201555,3.3607860064135815e-05,9.800079516197338,-5.578589885285424e-10,-0.0016666342972446568,-5.6865759347194756e-08,0.9999986111640936,0.0;0.0;0.0;0.0;0.0;0.0;0.0;0.0;0.0,7.621289842063561e-05;0.0;0.0;0.0;7.621289842063561e-05;0.0;0.0;0.0;7.621289842063561e-05,3.999999975690116e-08;0.0;0.0;0.0;3.999999975690116e-08;0.0;0.0;0.0;3.999999975690116e-08
46,40000000,46.04,imu_link,0.011232609485562648,-0.005297467318102391,-0.0014939658530519731,0.03280350995452476,-8.020741467365178e-05,9.800000536710852,-5.578595746059095e-10,-0.0016666342911877553,-5.686575934471712e-08,0.9999986111641037,0.0;0.0;0.0;0.0;0.0;0.0;0.0;0.0;0.0,7.621289842063561e-05;0.0;0.0;0.0;7.621289842063561e-05;0.0;0.0;0.0;7.621289842063561e-05,3.999999975690116e-08;0.0;0.0;0.0;3.999999975690116e-08;0.0;0.0;0.0;3.999999975690116e-08
46,60000000,46.06,imu_link,0.002976950559683297,-0.013916994516745666,0.009191716620855104,0.03264961722761466,3.365637965921317e-05,9.80036297208881,-5.578600545172764e-10,-0.0016666342862337723,-5.686575934270327e-08,0.9999986111641119,0.0;0.0;0.0;0.0;0.0;0.0;0.0;0.0;0.0,7.621289842063561e-05;0.0;0.0;0.0;7.621289842063561e-05;0.0;0.0;0.0;7.621289842063561e-05,3.999999975690116e-08;0.0;0.0;0.0;3.999999975690116e-08;0.0;0.0;0.0;3.999999975690116e-08
46,80000000,46.08,imu_link,-0.006607335857824554,-0.005065949002397296,-0.008848284084698618,0.032659973637965196,-0.00043701120403143287,9.800000164350825,-5.578604469986038e-10,-0.001666634282181876,-5.6865759341074155e-08,0.9999986111641187,0.0;0.0;0.0;0.0;0.0;0.0;0.0;0.0;0.0,7.621289842063561e-05;0.0;0.0;0.0;7.621289842063561e-05;0.0;0.0;0.0;7.621289842063561e-05,3.999999975690116e-08;0.0;0.0;0.0;3.999999975690116e-08;0.0;0.0;0.0;3.999999975690116e-08
46,100000000,46.1,imu_link,-0.0013315185121135368,0.0010622432709026072,-0.003622393771040465,0.03282535452506428,0.00014504088048446063,9.80028795813282,-5.578607679492732e-10,-0.0016666342788678042,-5.686575933974867e-08,0.9999986111641243,0.0;0.0;0.0;0.0;0.0;0.0;0.0;0.0;0.0,7.621289842063561e-05;0.0;0.0;0.0;7.621289842063561e-05;0.0;0.0;0.0;7.621289842063561e-05,3.999999975690116e-08;0.0;0.0;0.0;3.999999975690116e-08;0.0;0.0;0.0;3.999999975690116e-08
46,120000000,46.12,imu_link,0.00698232818094304,0.003396834227474108,0.00115678635195862,0.03269225109721657,-0.00028925947949642855,9.800173126269685,-5.578610299583169e-10,-0.0016666342761572,-5.686575933869382e-08,0.9999986111641287,0.0;0.0;0.0;0.0;0.0;0.0;0.0;0.0;0.0,7.621289842063561e-05;0.0;0.0;0.0;7.621289842063561e-05;0.0;0.0;0.0;7.621289842063561e-05,3.999999975690116e-08;0.0;0.0;0.0;3.999999975690116e-08;0.0;0.0;0.0;3.999999975690116e-08
46,140000000,46.14,imu_link,0.008146143436953824,-0.003137627156898005,0.0020579209076004583,0.03267350642318048,-0.00045774372926969903,9.800247255518029,-5.578612436422098e-10,-0.0016666342739401787,-5.6865759337833017e-08,0.9999986111641324,0.0;0.0;0.0;0.0;0.0;0.0;0.0;0.0;0.0,7.621289842063561e-05;0.0;0.0;0.0;7.621289842063561e-05;0.0;0.0;0.0;7.621289842063561e-05,3.999999975690116e-08;0.0;0.0;0.0;3.999999975690116e-08;0.0;0.0;0.0;3.999999975690116e-08
46,160000000,46.16,imu_link,-0.006183722352262517,0.00356620973152497,-0.004820731120647273,0.03298593131141207,-0.00037462645018231913,9.799832003281796,-5.57861418933701e-10,-0.001666634272126861,-5.6865759337146404e-08,0.9999986111641355,0.0;0.0;0.0;0.0;0.0;0.0;0.0;0.0;0.0,7.621289842063561e-05;0.0;0.0;0.0;7.621289842063561e-05;0.0;0.0;0.0;7.621289842063561e-05,3.999999975690116e-08;0.0;0.0;0.0;3.999999975690116e-08;0.0;0.0;0.0;3.999999975690116e-08
46,180000000,46.18,imu_link,-0.0007097485069132631,0.007970733360270696,0.0030892834131261877,0.03275840303589175,-8.45710803308949e-06,9.799934645730637,-5.578615626731219e-10,-0.001666634270643737,-5.68657593365956e-08,0.9999986111641379,0.0;0.0;0.0;0.0;0.0;0.0;0.0;0.0;0.0,7.621289842063561e-05;0.0;0.0;0.0;7.621289842063561e-05;0.0;0.0;0.0;7.621289842063561e-05,3.999999975690116e-08;0.0;0.0;0.0;3.999999975690116e-08;0.0;0.0;0.0;3.999999975690116e-08
46,200000000,46.2,imu_link,-0.018276319714641918,-0.008560981356987732,0.0033119395277112123,0.03283897445926223,0.00016721822059063296,9.800053749578197,-5.578616792832134e-10,-0.0016666342694306778,-5.686575933616269e-08,0.9999986111641399,0.0;0.0;0.0;0.0;0.0;0.0;0.0;0.0;0.0,7.621289842063561e-05;0.0;0.0;0.0;7.621289842063561e-05;0.0;0.0;0.0;7.621289842063561e-05,3.999999975690116e-08;0.0;0.0;0.0;3.999999975690116e-08;0.0;0.0;0.0;3.999999975690116e-08
46,220000000,46.22,imu_link,-0.003711219359691486,0.006283370407193132,-0.0014145287401608991,0.03311351777747705,-0.0004846720211717304,9.800024397931953,-5.578617756428765e-10,-0.0016666342684385086,-5.686575933582675e-08,0.9999986111641416,0.0;0.0;0.0;0.0;0.0;0.0;0.0;0.0;0.0,7.621289842063561e-05;0.0;0.0;0.0;7.621289842063561e-05;0.0;0.0;0.0;7.621289842063561e-05,3.999999975690116e-08;0.0;0.0;0.0;3.999999975690116e-08;0.0;0.0;0.0;3.999999975690116e-08
46,240000000,46.24,imu_link,-0.005117672189154492,0.005570100886885621,-0.008800328602364871,0.0328194309545168,-0.00020739185035696764,9.800260712111468,-5.578618540630561e-10,-0.0016666342676270095,-5.686575933557315e-08,0.9999986111641429,0.0;0.0;0.0;0.0;0.0;0.0;0.0;0.0;0.0,7.621289842063561e-05;0.0;0.0;0.0;7.621289842063561e-05;0.0;0.0;0.0;7.621289842063561e-05,3.999999975690116e-08;0.0;0.0;0.0;3.999999975690116e-08;0.0;0.0;0.0;3.999999975690116e-08
46,260000000,46.26,imu_link,0.013900209871610942,-0.001629295810464477,0.002344187935534695,0.03269394421462697,4.884536756445062e-05,9.80008911789971,-5.578619174264237e-10,-0.001666634266963279,-5.6865759335378256e-08,0.999998611164144,0.0;0.0;0.0;0.0;0.0;0.0;0.0;0.0;0.0,7.621289842063561e-05;0.0;0.0;0.0;7.621289842063561e-05;0.0;0.0;0.0;7.621289842063561e-05,3.999999975690116e-08;0.0;0.0;0.0;3.999999975690116e-08;0.0;0.0;0.0;3.999999975690116e-08
46,280000000,46.28,imu_link,0.012757474605778469,-0.012409094728967087,0.0136636393721383,0.03252550292480282,-2.928242785234235e-05,9.800019173346,-5.578619704565583e-10,-0.0016666342664204063,-5.686575933523291e-08,0.9999986111641449,0.0;0.0;0.0;0.0;0.0;0.0;0.0;0.0;0.0,7.621289842063561e-05;0.0;0.0;0.0;7.621289842063561e-05;0.0;0.0;0.0;7.621289842063561e-05,3.999999975690116e-08;0.0;0.0;0.0;3.999999975690116e-08;0.0;0.0;0.0;3.999999975690116e-08
46,300000000,46.3,imu_link,0.003363950667924412,-0.001658280489286216,0.01323155941995016,0.0327649354371551,-0.00042234879116710017,9.799981125839093,-5.578620134675741e-10,-0.0016666342659763895,-5.6865759335136216e-08,0.9999986111641457,0.0;0.0;0.0;0.0;0.0;0.0;0.0;0.0;0.0,7.621289842063561e-05;0.0;0.0;0.0;7.621289842063561e-05;0.0;0.0;0.0;7.621289842063561e-05,3.999999975690116e-08;0.0;0.0;0.0;3.999999975690116e-08;0.0;0.0;0.0;3.999999975690116e-08
46,320000000,46.32,imu_link,0.00020549043747309826,0.009251100592317261,-0.0077577063663280856,0.03263255126281957,0.00012704155850910644,9.800141030672904,-5.578620487571247e-10,-0.0016666342656132239,-5.686575933506771e-08,0.9999986111641462,0.0;0.0;0.0;0.0;0.0;0.0;0.0;0.0;0.0,7.621289842063561e-05;0.0;0.0;0.0;7.621289842063561e-05;0.0;0.0;0.0;7.621289842063561e-05,3.999999975690116e-08;0.0;0.0;0.0;3.999999975690116e-08;0.0;0.0;0.0;3.999999975690116e-08
46,340000000,46.34,imu_link,0.005281704367632439,0.003639713242604098,-0.007491552945023228,0.032580859570675205,-0.00017780632563783795,9.800112155116762,-5.578620764802452e-10,-0.0016666342653161878,-5.686575933502415e-08,0.9999986111641468,0.0;0.0;0.0;0.0;0.0;0.0;0.0;0.0;0.0,7.621289842063561e-05;0.0;0.0;0.0;7.621289842063561e-05;0.0;0.0;0.0;7.621289842063561e-05,3.999999975690116e-08;0.0;0.0;0.0;3.999999975690116e-08;0.0;0.0;0.0;3.999999975690116e-08
46,360000000,46.36,imu_link,-0.009504171495670153,-0.007623356066925627,-0.0030317406458505395,0.032771587284542505,-0.0001644655059776193,9.799779158019938,-5.578621000524707e-10,-0.0016666342650732409,-5.6865759335008155e-08,0.9999986111641472,0.0;0.0;0.0;0.0;0.0;0.0;0.0;0.0;0.0,7.621289842063561e-05;0.0;0.0;0.0;7.621289842063561e-05;0.0;0.0;0.0;7.621289842063561e-05,3.999999975690116e-08;0.0;0.0;0.0;3.999999975690116e-08;0.0;0.0;0.0;3.999999975690116e-08
46,380000000,46.38,imu_link,0.0017367312806478422,-0.001843374504140535,0.008466392521648932,0.032934816540643785,-4.0914435850681516e-05,9.800137997206479,-5.578621206290107e-10,-0.0016666342648745305,-5.6865759335012086e-08,0.9999986111641476,0.0;0.0;0.0;0.0;0.0;0.0;0.0;0.0;0.0,7.621289842063561e-05;0.0;0.0;0.0;7.621289842063561e-05;0.0;0.0;0.0;7.621289842063561e-05,3.999999975690116e-08;0.0;0.0;0.0;3.999999975690116e-08;0.0;0.0;0.0;3.999999975690116e-08
46,400000000,46.4,imu_link,0.008195291640329852,-0.013580502388351002,-0.003930490350629908,0.03289441555043378,-0.00033312819121445624,9.800171137381536,-5.578621353258591e-10,-0.0016666342647120057,-5.6865759335025374e-08,0.9999986111641478,0.0;0.0;0.0;0.0;0.0;0.0;0.0;0.0;0.0,7.621289842063561e-05;0.0;0.0;0.0;7.621289842063561e-05;0.0;0.0;0.0;7.621289842063561e-05,3.999999975690116e-08;0.0;0.0;0.0;3.999999975690116e-08;0.0;0.0;0.0;3.999999975690116e-08
46,420000000,46.42,imu_link,0.016829689646341846,-0.010083523998180464,-0.0020320708991851746,0.032852300162588444,-0.0004328830348967354,9.799856769931672,-5.578621468720414e-10,-0.0016666342645790765,-5.686575933505348e-08,0.999998611164148,0.0;0.0;0.0;0.0;0.0;0.0;0.0;0.0;0.0,7.621289842063561e-05;0.0;0.0;0.0;7.621289842063561e-05;0.0;0.0;0.0;7.621289842063561e-05,3.999999975690116e-08;0.0;0.0;0.0;3.999999975690116e-08;0.0;0.0;0.0;3.999999975690116e-08
46,440000000,46.44,imu_link,-0.008741060584736969,-0.007035801900774738,0.007575599897220573,0.0327006089030862,-0.00010896088596131247,9.79966196203133,-5.578621584420652e-10,-0.0016666342644703525,-5.6865759335079875e-08,0.9999986111641482,0.0;0.0;0.0;0.0;0.0;0.0;0.0;0.0;0.0,7.621289842063561e-05;0.0;0.0;0.0;7.621289842063561e-05;0.0;0.0;0.0;7.621289842063561e-05,3.999999975690116e-08;0.0;0.0;0.0;3.999999975690116e-08;0.0;0.0;0.0;3.999999975690116e-08
46,460000000,46.46,imu_link,-0.0010943881661741863,-0.0010990978446709448,0.015563640737649872,0.032882941423217175,-0.00041826512780062633,9.799489790852029,-5.578621683495186e-10,-0.0016666342643814253,-5.686575933512414e-08,0.9999986111641483,0.0;0.0;0.0;0.0;0.0;0.0;0.0;0.0;0.0,7.621289842063561e-05;0.0;0.0;0.0;7.621289842063561e-05;0.0;0.0;0.0;7.621289842063561e-05,3.999999975690116e-08;0.0;0.0;0.0;3.999999975690116e-08;0.0;0.0;0.0;3.999999975690116e-08
46,480000000,46.48,imu_link,-0.0073875134955498755,-0.004222948276011544,-0.0003967449386183704,0.032730771038658964,-6.272131215209078e-05,9.80007513937855,-5.578621719406547e-10,-0.0016666342643086914,-5.686575933519077e-08,0.9999986111641485,0.0;0.0;0.0;0.0;0.0;0.0;0.0;0.0;0.0,7.621289842063561e-05;0.0;0.0;0.0;7.621289842063561e-05;0.0;0.0;0.0;7.621289842063561e-05,3.999999975690116e-08;0.0;0.0;0.0;3.999999975690116e-08;0.0;0.0;0.0;3.999999975690116e-08
46,500000000,46.5,imu_link,-0.0009853530937698096,-0.005402991288481157,0.022921246113428953,0.03257156535707781,-0.0003384147363954481,9.799769753606759,-5.578621759537708e-10,-0.0016666342642492013,-5.686575933525601e-08,0.9999986111641486,0.0;0.0;0.0;0.0;0.0;0.0;0.0;0.0;0.0,7.621289842063561e-05;0.0;0.0;0.0;7.621289842063561e-05;0.0;0.0;0.0;7.621289842063561e-05,3.999999975690116e-08;0.0;0.0;0.0;3.999999975690116e-08;0.0;0.0;0.0;3.999999975690116e-08
46,520000000,46.52,imu_link,-0.01510192942750847,-0.0031661523757595994,0.004521771502811319,0.033039417404287195,8.665305923798649e-06,9.799833422063044,-5.578621798516434e-10,-0.0016666342642005468,-5.686575933532824e-08,0.9999986111641487,0.0;0.0;0.0;0.0;0.0;0.0;0.0;0.0;0.0,7.621289842063561e-05;0.0;0.0;0.0;7.621289842063561e-05;0.0;0.0;0.0;7.621289842063561e-05,3.999999975690116e-08;0.0;0.0;0.0;3.999999975690116e-08;0.0;0.0;0.0;3.999999975690116e-08
46,540000000,46.54,imu_link,0.002135970343309138,0.0031876202618274854,-0.006263583767285613,0.032974656428087466,-0.00015325840310803583,9.80031914335944,-5.578621839416652e-10,-0.0016666342641607507,-5.686575933539553e-08,0.9999986111641487,0.0;0.0;0.0;0.0;0.0;0.0;0.0;0.0;0.0,7.621289842063561e-05;0.0;0.0;0.0;7.621289842063561e-05;0.0;0.0;0.0;7.621289842063561e-05,3.999999975690116e-08;0.0;0.0;0.0;3.999999975690116e-08;0.0;0.0;0.0;3.999999975690116e-08
46,560000000,46.56,imu_link,0.007266681354738592,-0.0011273785942363089,0.008711916669700807,0.033073053836121837,-0.00012394936668226386,9.800202044787703,-5.578621877728559e-10,-0.0016666342641282008,-5.686575933546828e-08,0.9999986111641488,0.0;0.0;0.0;0.0;0.0;0.0;0.0;0.0;0.0,7.621289842063561e-05;0.0;0.0;0.0;7.621289842063561e-05;0.0;0.0;0.0;7.621289842063561e-05,3.999999975690116e-08;0.0;0.0;0.0;3.999999975690116e-08;0.0;0.0;0.0;3.999999975690116e-08
46,580000000,46.58,imu_link,0.004412189988698863,-0.018200065269919144,0.010222802389281378,0.032797026319820476,-0.00018476023286917816,9.79961522712219,-5.578621920279495e-10,-0.001666634264101577,-5.686575933553675e-08,0.9999986111641488,0.0;0.0;0.0;0.0;0.0;0.0;0.0;0.0;0.0,7.621289842063561e-05;0.0;0.0;0.0;7.621289842063561e-05;0.0;0.0;0.0;7.621289842063561e-05,3.999999975690116e-08;0.0;0.0;0.0;3.999999975690116e-08;0.0;0.0;0.0;3.999999975690116e-08
46,600000000,46.6,imu_link,-0.007309607198854625,-0.017896302067822077,-0.011514728419732308,0.032863135546456694,0.00010637439272924791,9.79996165762288,-5.578621965041893e-10,-0.0016666342640798014,-5.686575933560418e-08,0.9999986111641489,0.0;0.0;0.0;0.0;0.0;0.0;0.0;0.0;0.0,7.621289842063561e-05;0.0;0.0;0.0;7.621289842063561e-05;0.0;0.0;0.0;7.621289842063561e-05,3.999999975690116e-08;0.0;0.0;0.0;3.999999975690116e-08;0.0;0.0;0.0;3.999999975690116e-08
46,620000000,46.62,imu_link,0.012067002926535772,0.011851613937147712,0.0019311184022774031,0.03264678517488181,-7.726177799709431e-06,9.800296712141112,-5.578622002283702e-10,-0.0016666342640619877,-5.6865759335679614e-08,0.9999986111641489,0.0;0.0;0.0;0.0;0.0;0.0;0.0;0.0;0.0,7.621289842063561e-05;0.0;0.0;0.0;7.621289842063561e-05;0.0;0.0;0.0;7.621289842063561e-05,3.999999975690116e-08;0.0;0.0;0.0;3.999999975690116e-08;0.0;0.0;0.0;3.999999975690116e-08
46,640000000,46.64,imu_link,0.001656380982285208,-0.01696360485469142,0.003264362368064154,0.0326718397923083,-0.0002595683791117326,9.800137172839657,-5.578622037125947e-10,-0.001666634264047418,-5.686575933575589e-08,0.9999986111641489,0.0;0.0;0.0;0.0;0.0;0.0;0.0;0.0;0.0,7.621289842063561e-05;0.0;0.0;0.0;7.621289842063561e-05;0.0;0.0;0.0;7.621289842063561e-05,3.999999975690116e-08;0.0;0.0;0.0;3.999999975690116e-08;0.0;0.0;0.0;3.999999975690116e-08
46,660000000,46.66,imu_link,-0.019340439342941,-0.002104618096377576,0.004314054033981596,0.03271591870893602,0.0002668958852966874,9.800021568783999,-5.578622070321557e-10,-0.0016666342640355048,-5.686575933582067e-08,0.9999986111641489,0.0;0.0;0.0;0.0;0.0;0.0;0.0;0.0;0.0,7.621289842063561e-05;0.0;0.0;0.0;7.621289842063561e-05;0.0;0.0;0.0;7.621289842063561e-05,3.999999975690116e-08;0.0;0.0;0.0;3.999999975690116e-08;0.0;0.0;0.0;3.999999975690116e-08
46,680000000,46.68,imu_link,-0.008220205423066927,-0.0010251452432970146,-0.0006308438439527568,0.032257823751562734,-0.00043494535499386325,9.79978225343031,-5.578622069799192e-10,-0.001666634264025763,-5.686575933589836e-08,0.9999986111641489,0.0;0.0;0.0;0.0;0.0;0.0;0.0;0.0;0.0,7.621289842063561e-05;0.0;0.0;0.0;7.621289842063561e-05;0.0;0.0;0.0;7.621289842063561e-05,3.999999975690116e-08;0.0;0.0;0.0;3.999999975690116e-08;0.0;0.0;0.0;3.999999975690116e-08
46,700000000,46.7,imu_link,-0.010664202465601947,-0.008128052638181312,-0.009854358160665223,0.032293063039007544,-0.0002670367767060687,9.800210700290004,-5.578622071998296e-10,-0.0016666342640177976,-5.6865759335975784e-08,0.9999986111641489,0.0;0.0;0.0;0.0;0.0;0.0;0.0;0.0;0.0,7.621289842063561e-05;0.0;0.0;0.0;7.621289842063561e-05;0.0;0.0;0.0;7.621289842063561e-05,3.999999975690116e-08;0.0;0.0;0.0;3.999999975690116e-08;0.0;0.0;0.0;3.999999975690116e-08
46,720000000,46.72,imu_link,0.00355509122443441,0.005939438154998973,0.010601128472269758,0.03273029041133267,0.00021318366881250032,9.8001799073808,-5.578622070241659e-10,-0.0016666342640112802,-5.686575933605829e-08,0.999998611164149,0.0;0.0;0.0;0.0;0.0;0.0;0.0;0.0;0.0,7.621289842063561e-05;0.0;0.0;0.0;7.621289842063561e-05;0.0;0.0;0.0;7.621289842063561e-05,3.999999975690116e-08;0.0;0.0;0.0;3.999999975690116e-08;0.0;0.0;0.0;3.999999975690116e-08
46,740000000,46.74,imu_link,-0.000816775012506775,0.006759776776321058,-0.016798476690507335,5.43794513808103,7.275019133576583e-05,9.782058019169611,-5.678919744249387e-10,-0.0016666347375717007,-5.686222047137793e-08,0.9999986111633598,0.0;0.0;0.0;0.0;0.0;0.0;0.0;0.0;0.0,7.621289842063561e-05;0.0;0.0;0.0;7.621289842063561e-05;0.0;0.0;0.0;7.621289842063561e-05,3.999999975690116e-08;0.0;0.0;0.0;3.999999975690116e-08;0.0;0.0;0.0;3.999999975690116e-08
46,760000000,46.76,imu_link,-0.005712841611192267,-0.0035494818216863003,0.009002454763086429,5.4378584406662585,-3.1504884637242165e-05,9.782050204274782,-5.943416384521435e-10,-0.0016666349581351627,-5.683873415968904e-08,0.9999986111629922,0.0;0.0;0.0;0.0;0.0;0.0;0.0;0.0;0.0,7.621289842063561e-05;0.0;0.0;0.0;7.621289842063561e-05;0.0;0.0;0.0;7.621289842063561e-05,3.999999975690116e-08;0.0;0.0;0.0;3.999999975690116e-08;0.0;0.0;0.0;3.999999975690116e-08
46,780000000,46.78,imu_link,0.003850222947384743,0.005705954210275662,-0.003246017030488259,5.437617504603069,-8.880668581913448e-05,9.782016039718483,-6.259261319568231e-10,-0.001666634114414743,-5.683655357530454e-08,0.9999986111643983,0.0;0.0;0.0;0.0;0.0;0.0;0.0;0.0;0.0,7.621289842063561e-05;0.0;0.0;0.0;7.621289842063561e-05;0.0;0.0;0.0;7.621289842063561e-05,3.999999975690116e-08;0.0;0.0;0.0;3.999999975690116e-08;0.0;0.0;0.0;3.999999975690116e-08
46,800000000,46.8,imu_link,0.0031205748273553133,-0.004618369703262953,0.010625352493493749,5.325672809641632,7.2082168727585105e-06,9.782564576817903,-6.541727811817448e-10,-0.0016666326349571612,-5.7056314537043524e-08,0.999998611166864,0.0;0.0;0.0;0.0;0.0;0.0;0.0;0.0;0.0,7.621289842063561e-05;0.0;0.0;0.0;7.621289842063561e-05;0.0;0.0;0.0;7.621289842063561e-05,3.999999975690116e-08;0.0;0.0;0.0;3.999999975690116e-08;0.0;0.0;0.0;3.999999975690116e-08
46,820000000,46.82,imu_link,0.0035204536385484973,-0.002085066996552821,0.000832822334091099,5.325537320591603,-0.00022740841169753583,9.782367388812398,-6.778984943552089e-10,-0.001666631161156735,-5.7681435494745395e-08,0.9999986111693202,0.0;0.0;0.0;0.0;0.0;0.0;0.0;0.0;0.0,7.621289842063561e-05;0.0;0.0;0.0;7.621289842063561e-05;0.0;0.0;0.0;7.621289842063561e-05,3.999999975690116e-08;0.0;0.0;0.0;3.999999975690116e-08;0.0;0.0;0.0;3.999999975690116e-08
46,840000000,46.84,imu_link,-0.0035319577395921137,-0.0013743698123439689,0.010353095382849828,0.03293410659092682,-0.00025430608221534915,9.799900207807624,-6.649139897422393e-10,-0.001666628513363561,-5.79526669473257e-08,0.9999986111737331,0.0;0.0;0.0;0.0;0.0;0.0;0.0;0.0;0.0,7.621289842063561e-05;0.0;0.0;0.0;7.621289842063561e-05;0.0;0.0;0.0;7.621289842063561e-05,3.999999975690116e-08;0.0;0.0;0.0;3.999999975690116e-08;0.0;0.0;0.0;3.999999975690116e-08
46,860000000,46.86,imu_link,-0.002086931297379721,0.008886752788709242,0.006391472050603159,0.03287403569154717,-6.184894659145434e-05,9.79986765340831,-6.457523428455631e-10,-0.0016666258647110711,-5.7952699460148064e-08,0.9999986111781474,0.0;0.0;0.0;0.0;0.0;0.0;0.0;0.0;0.0,7.621289842063561e-05;0.0;0.0;0.0;7.621289842063561e-05;0.0;0.0;0.0;7.621289842063561e-05,3.999999975690116e-08;0.0;0.0;0.0;3.999999975690116e-08;0.0;0.0;0.0;3.999999975690116e-08
46,880000000,46.88,imu_link,-0.009534294922188193,0.0026385672264000923,0.006550225116945338,0.03262582176823746,-0.00040814073431121034,9.799898982407964,-6.300801594755868e-10,-0.0016666235751016502,-5.79527260565367e-08,0.9999986111819633,0.0;0.0;0.0;0.0;0.0;0.0;0.0;0.0;0.0,7.621289842063561e-05;0.0;0.0;0.0;7.621289842063561e-05;0.0;0.0;0.0;7.621289842063561e-05,3.999999975690116e-08;0.0;0.0;0.0;3.999999975690116e-08;0.0;0.0;0.0;3.999999975690116e-08
46,900000000,46.9,imu_link,0.00463972235448339,0.00043062750009557053,0.0037365765585242725,0.03277996156677628,-0.00010806707969482518,9.800147564088237,-6.172620403055823e-10,-0.0016666216258172846,-5.795274779521365e-08,0.999998611185212,0.0;0.0;0.0;0.0;0.0;0.0;0.0;0.0;0.0,7.621289842063561e-05;0.0;0.0;0.0;7.621289842063561e-05;0.0;0.0;0.0;7.621289842063561e-05,3.999999975690116e-08;0.0;0.0;0.0;3.999999975690116e-08;0.0;0.0;0.0;3.999999975690116e-08
46,920000000,46.92,imu_link,-0.0016361778253413067,0.0005706705600764731,-0.0007750753821628726,0.03281629033485958,-0.0004321555151491813,9.799857455492669,-6.067782819214475e-10,-0.0016666200018886825,-5.7952765526669023e-08,0.9999986111879186,0.0;0.0;0.0;0.0;0.0;0.0;0.0;0.0;0.0,7.621289842063561e-05;0.0;0.0;0.0;7.621289842063561e-05;0.0;0.0;0.0;7.621289842063561e-05,3.999999975690116e-08;0.0;0.0;0.0;3.999999975690116e-08;0.0;0.0;0.0;3.999999975690116e-08
46,940000000,46.94,imu_link,0.005981241568243622,0.0006415613471670182,0.0059152615079415116,0.032868018122707184,1.3119177642262222e-05,9.799964327442101,-5.98203826762341e-10,-0.0016666186912038352,-5.7952779962245107e-08,0.9999986111901029,0.0;0.0;0.0;0.0;0.0;0.0;0.0;0.0;0.0,7.621289842063561e-05;0.0;0.0;0.0;7.621289842063561e-05;0.0;0.0;0.0;7.621289842063561e-05,3.999999975690116e-08;0.0;0.0;0.0;3.999999975690116e-08;0.0;0.0;0.0;3.999999975690116e-08
46,960000000,46.96,imu_link,-0.011592079761052329,-0.007297208098911586,0.0025296697785097385,0.032788354202878324,-0.00022550140021572392,9.800112757916418,-5.911909961532018e-10,-0.0016666176837783278,-5.795279167186009e-08,0.999998611191782,0.0;0.0;0.0;0.0;0.0;0.0;0.0;0.0;0.0,7.621289842063561e-05;0.0;0.0;0.0;7.621289842063561e-05;0.0;0.0;0.0;7.621289842063561e-05,3.999999975690116e-08;0.0;0.0;0.0;3.999999975690116e-08;0.0;0.0;0.0;3.999999975690116e-08
46,980000000,46.98,imu_link,0.004937910638812144,-0.009726864107342208,-1.1439896901595928e-05,0.03256582909540046,-0.0002776410478668229,9.800054670278636,-5.854554346227821e-10,-0.0016666169711588722,-5.7952801127586577e-08,0.9999986111929697,0.0;0.0;0.0;0.0;0.0;0.0;0.0;0.0;0.0,7.621289842063561e-05;0.0;0.0;0.0;7.621289842063561e-05;0.0;0.0;0.0;7.621289842063561e-05,3.999999975690116e-08;0.0;0.0;0.0;3.999999975690116e-08;0.0;0.0;0.0;3.999999975690116e-08
47,0,47.0,imu_link,-0.008113402233494315,-0.019149195370320837,0.01175796589052215,0.03299358317531775,-0.00014143787362824324,9.799988239632688,-5.807645585043004e-10,-0.0016666165459367167,-5.79528087164791e-08,0.9999986111936784,0.0;0.0;0.0;0.0;0.0;0.0;0.0;0.0;0.0,7.621289842063561e-05;0.0;0.0;0.0;7.621289842063561e-05;0.0;0.0;0.0;7.621289842063561e-05,3.999999975690116e-08;0.0;0.0;0.0;3.999999975690116e-08;0.0;0.0;0.0;3.999999975690116e-08
47,20000000,47.02,imu_link,-0.0013299290017265816,0.005623644980623664,0.005485495358189913,0.03260235701715141,-0.0001905445234259017,9.800328747227526,-5.769281426605494e-10,-0.0016666164013518637,-5.79528147540082e-08,0.9999986111939193,0.0;0.0;0.0;0.0;0.0;0.0;0.0;0.0;0.0,7.621289842063561e-05;0.0;0.0;0.0;7.621289842063561e-05;0.0;0.0;0.0;7.621289842063561e-05,3.999999975690116e-08;0.0;0.0;0.0;3.999999975690116e-08;0.0;0.0;0.0;3.999999975690116e-08
47,40000000,47.04,imu_link,0.0005112863172094728,-0.002917983190626846,-0.021203049560082867,0.033115107015615826,-0.0003095335312419834,9.800179239609667,-5.737809043339774e-10,-0.001666616530214357,-5.795508380238889e-08,0.9999986111937046,0.0;0.0;0.0;0.0;0.0;0.0;0.0;0.0;0.0,7.621289842063561e-05;0.0;0.0;0.0;7.621289842063561e-05;0.0;0.0;0.0;7.621289842063561e-05,3.999999975690116e-08;0.0;0.0;0.0;3.999999975690116e-08;0.0;0.0;0.0;3.999999975690116e-08
47,60000000,47.06,imu_link,-0.0009909426930690434,0.008850883940143798,-0.017477272310227675,0.03299703875888307,-0.00037428476007672146,9.800016768517132,-5.703493130368228e-10,-0.0016666169087636387,-5.7988973217824785e-08,0.9999986111930736,0.0;0.0;0.0;0.0;0.0;0.0;0.0;0.0;0.0,7.621289842063561e-05;0.0;0.0;0.0;7.621289842063561e-05;0.0;0.0;0.0;7.621289842063561e-05,3.999999975690116e-08;0.0;0.0;0.0;3.999999975690116e-08;0.0;0.0;0.0;3.999999975690116e-08
47,80000000,47.08,imu_link,0.006576129704683712,-0.0007159982792511485,-0.009813875592543878,0.032764682415591224,-0.00013433728846929646,9.800031497586538,-5.660546273584095e-10,-0.0016666175258008892,-5.797962292665873e-08,0.9999986111920454,0.0;0.0;0.0;0.0;0.0;0.0;0.0;0.0;0.0,7.621289842063561e-05;0.0;0.0;0.0;7.621289842063561e-05;0.0;0.0;0.0;7.621289842063561e-05,3.999999975690116e-08;0.0;0.0;0.0;3.999999975690116e-08;0.0;0.0;0.0;3.999999975690116e-08
47,100000000,47.1,imu_link,-0.009881987380410922,-0.006198709839192797,-0.00468033989967699,0.032473974390489935,-0.00010958732190327637,9.800098546456343,-5.610326842968876e-10,-0.0016666183774344929,-5.797040661590037e-08,0.9999986111906258,0.0;0.0;0.0;0.0;0.0;0.0;0.0;0.0;0.0,7.621289842063561e-05;0.0;0.0;0.0;7.621289842063561e-05;0.0;0.0;0.0;7.621289842063561e-05,3.999999975690116e-08;0.0;0.0;0.0;3.999999975690116e-08;0.0;0.0;0.0;3.999999975690116e-08
47,120000000,47.12,imu_link,-0.0016137378295441795,0.0019144137512594507,-0.001027613847564295,0.03277462264100315,-0.0002782973654577511,9.800291408290862,-5.553339993556259e-10,-0.001666619458793603,-5.7961360847862134e-08,0.9999986111888237,0.0;0.0;0.0;0.0;0.0;0.0;0.0;0.0;0.0,7.621289842063561e-05;0.0;0.0;0.0;7.621289842063561e-05;0.0;0.0;0.0;7.621289842063561e-05,3.999999975690116e-08;0.0;0.0;0.0;3.999999975690116e-08;0.0;0.0;0.0;3.999999975690116e-08
47,140000000,47.14,imu_link,-0.0006037012485847517,0.020434241161612132,-0.0056949999669047785,0.03281387346692471,-0.00022721714911716972,9.80038448381477,-5.489956894371522e-10,-0.0016666207639896974,-5.795252256698851e-08,0.9999986111866485,0.0;0.0;0.0;0.0;0.0;0.0;0.0;0.0;0.0,7.621289842063561e-05;0.0;0.0;0.0;7.621289842063561e-05;0.0;0.0;0.0;7.621289842063561e-05,3.999999975690116e-08;0.0;0.0;0.0;3.999999975690116e-08;0.0;0.0;0.0;3.999999975690116e-08
47,160000000,47.16,imu_link,-0.018530471566045495,-0.005324797414615684,-0.002161010193650223,0.032713072592903514,-0.0001476237200392307,9.800163036131957,-5.420408378404069e-10,-0.00166662228608809,-5.794392968252484e-08,0.9999986111841116,0.0;0.0;0.0;0.0;0.0;0.0;0.0;0.0;0.0,7.621289842063561e-05;0.0;0.0;0.0;7.621289842063561e-05;0.0;0.0;0.0;7.621289842063561e-05,3.999999975690116e-08;0.0;0.0;0.0;3.999999975690116e-08;0.0;0.0;0.0;3.999999975690116e-08
47,180000000,47.18,imu_link,0.013596239837490105,-0.008579112000764114,-0.02046861989870244,0.0328279896524358,-0.0002506099297161626,9.800224653058121,-5.344774379262122e-10,-0.0016666240170854858,-5.793562179013358e-08,0.9999986111812267,0.0;0.0;0.0;0.0;0.0;0.0;0.0;0.0;0.0,7.621289842063561e-05;0.0;0.0;0.0;7.621289842063561e-05;0.0;0.0;0.0;7.621289842063561e-05,3.999999975690116e-08;0.0;0.0;0.0;3.999999975690116e-08;0.0;0.0;0.0;3.999999975690116e-08
47,200000000,47.2,imu_link,0.0021695592168924013,-0.0008595048177363451,0.0018273407651150082,0.03267435760408596,0.00026134371590697577,9.800503050278023,-5.26296717766642e-10,-0.0016666259478893871,-5.792764103101111e-08,0.9999986111780088,0.0;0.0;0.0;0.0;0.0;0.0;0.0;0.0;0.0,7.621289842063561e-05;0.0;0.0;0.0;7.621289842063561e-05;0.0;0.0;0.0;7.621289842063561e-05,3.999999975690116e-08;0.0;0.0;0.0;3.999999975690116e-08;0.0;0.0;0.0;3.999999975690116e-08
47,220000000,47.22,imu_link,0.00906010193680459,0.009613919035006007,0.0016143696039955958,0.03329824736069083,3.7993186701711315e-05,9.799781210898919,-5.174705959041773e-10,-0.001666628068294141,-5.79200331899496e-08,0.9999986111744749,0.0;0.0;0.0;0.0;0.0;0.0;0.0;0.0;0.0,7.621289842063561e-05;0.0;0.0;0.0;7.621289842063561e-05;0.0;0.0;0.0;7.621289842063561e-05,3.999999975690116e-08;0.0;0.0;0.0;3.999999975690116e-08;0.0;0.0;0.0;3.999999975690116e-08
47,240000000,47.24,imu_link,0.015143648364391058,0.0057102947194458496,0.0012716669852720853,0.03300339371545805,-0.0004215124712714618,9.79990970284959,-5.07947807629127e-10,-0.0016666303669466774,-5.791284906737368e-08,0.9999986111706439,0.0;0.0;0.0;0.0;0.0;0.0;0.0;0.0;0.0,7.621289842063561e-05;0.0;0.0;0.0;7.621289842063561e-05;0.0;0.0;0.0;7.621289842063561e-05,3.999999975690116e-08;0.0;0.0;0.0;3.999999975690116e-08;0.0;0.0;0.0;3.999999975690116e-08
47,260000000,47.26,imu_link,-0.01002463841966982,-0.0017954935378639183,-0.017834629912182813,0.03263702767061922,-3.710159861254214e-05,9.799994013921143,-4.976481117770576e-10,-0.001666632831291679,-5.7906146301422567e-08,0.9999986111665368,0.0;0.0;0.0;0.0;0.0;0.0;0.0;0.0;0.0,7.621289842063561e-05;0.0;0.0;0.0;7.621289842063561e-05;0.0;0.0;0.0;7.621289842063561e-05,3.999999975690116e-08;0.0;0.0;0.0;3.999999975690116e-08;0.0;0.0;0.0;3.999999975690116e-08
47,280000000,47.28,imu_link,0.0032701454701410324,0.0059917103876305205,0.004414782501893058,0.032903217827625786,-0.00018541231797348563,9.799996232786048,-4.864534517329452e-10,-0.0016666354474801776,-5.789999180733821e-08,0.9999986111621765,0.0;0.0;0.0;0.0;0.0;0.0;0.0;0.0;0.0,7.621289842063561e-05;0.0;0.0;0.0;7.621289842063561e-05;0.0;0.0;0.0;7.621289842063561e-05,3.999999975690116e-08;0.0;0.0;0.0;3.999999975690116e-08;0.0;0.0;0.0;3.999999975690116e-08
47,300000000,47.3,imu_link,-0.003766892323306322,0.010695718320376406,0.006312212545642032,0.03247306545700952,2.9238136056664504e-05,9.800076467179247,-4.741942426172402e-10,-0.001666638200215017,-5.7894465122378025e-08,0.9999986111575887,0.0;0.0;0.0;0.0;0.0;0.0;0.0;0.0;0.0,7.621289842063561e-05;0.0;0.0;0.0;7.621289842063561e-05;0.0;0.0;0.0;7.621289842063561e-05,3.999999975690116e-08;0.0;0.0;0.0;3.999999975690116e-08;0.0;0.0;0.0;3.999999975690116e-08
47,320000000,47.32,imu_link,-0.020910136212324654,-0.0026336672792702147,0.007435614656781124,0.032677971821233165,-1.724890707851032e-05,9.79975097302047,-4.6062733749131013e-10,-0.0016666410724863413,-5.78896632448289e-08,0.9999986111528016,0.0;0.0;0.0;0.0;0.0;0.0;0.0;0.0;0.0,7.621289842063561e-05;0.0;0.0;0.0;7.621289842063561e-05;0.0;0.0;0.0;7.621289842063561e-05,3.999999975690116e-08;0.0;0.0;0.0;3.999999975690116e-08;0.0;0.0;0.0;3.999999975690116e-08
47,340000000,47.34,imu_link,0.0015654068023406814,0.002402599715226037,-0.011815667723587978,0.03259082636233124,7.021474967769921e-05,9.799982294495624,-4.4539930487295854e-10,-0.0016666440451091845,-5.7885707813620444e-08,0.9999986111478473,0.0;0.0;0.0;0.0;0.0;0.0;0.0;0.0;0.0,7.621289842063561e-05;0.0;0.0;0.0;7.621289842063561e-05;0.0;0.0;0.0;7.621289842063561e-05,3.999999975690116e-08;0.0;0.0;0.0;3.999999975690116e-08;0.0;0.0;0.0;3.999999975690116e-08
47,360000000,47.36,imu_link,-0.002378292579876039,0.0027583155209570105,-0.007179901556603651,0.03296069615317092,0.00011292353873968316,9.800093034265302,-4.2798172341863316e-10,-0.0016666470958863375,-5.7882756345089956e-08,0.9999986111427628,0.0;0.0;0.0;0.0;0.0;0.0;0.0;0.0;0.0,7.621289842063561e-05;0.0;0.0;0.0;7.621289842063561e-05;0.0;0.0;0.0;7.621289842063561e-05,3.999999975690116e-08;0.0;0.0;0.0;3.999999975690116e-08;0.0;0.0;0.0;3.999999975690116e-08
47,380000000,47.38,imu_link,-0.012627249767522638,0.0012726273345785798,0.01075335830705628,0.03319078921242279,0.00012894690874284338,9.800231187478218,-4.075488322701817e-10,-0.0016666501980075092,-5.7881020819651847e-08,0.9999986111375926,0.0;0.0;0.0;0.0;0.0;0.0;0.0;0.0;0.0,7.621289842063561e-05;0.0;0.0;0.0;7.621289842063561e-05;0.0;0.0;0.0;7.621289842063561e-05,3.999999975690116e-08;0.0;0.0;0.0;3.999999975690116e-08;0.0;0.0;0.0;3.999999975690116e-08
47,400000000,47.4,imu_link,0.0009611723001411522,-0.000978236402272809,0.001130406014084128,0.032674699887107125,0.0001946540568789377,9.799907304282215,-3.8272328803267455e-10,-0.0016666533167278832,-5.788080092274116e-08,0.9999986111323947,0.0;0.0;0.0;0.0;0.0;0.0;0.0;0.0;0.0,7.621289842063561e-05;0.0;0.0;0.0;7.621289842063561e-05;0.0;0.0;0.0;7.621289842063561e-05,3.999999975690116e-08;0.0;0.0;0.0;3.999999975690116e-08;0.0;0.0;0.0;3.999999975690116e-08
47,420000000,47.42,imu_link,-0.009216663906393523,-0.0011619036974956282,0.008752356159417761,0.032864188020495205,-0.00020222784510519218,9.800041814508868,-3.5097161218268987e-10,-0.0016666564015780862,-5.7882549927778515e-08,0.9999986111272534,0.0;0.0;0.0;0.0;0.0;0.0;0.0;0.0;0.0,7.621289842063561e-05;0.0;0.0;0.0;7.621289842063561e-05;0.0;0.0;0.0;7.621289842063561e-05,3.999999975690116e-08;0.0;0.0;0.0;3.999999975690116e-08;0.0;0.0;0.0;3.999999975690116e-08
47,440000000,47.44,imu_link,-0.0011041296118558174,-0.02017859695243007,0.0034733274945807696,0.032917920829125216,1.3045779767180928e-05,9.79973845346137,-3.0683728085639826e-10,-0.001666659364161068,-5.788702724845529e-08,0.9999986111223158,0.0;0.0;0.0;0.0;0.0;0.0;0.0;0.0;0.0,7.621289842063561e-05;0.0;0.0;0.0;7.621289842063561e-05;0.0;0.0;0.0;7.621289842063561e-05,3.999999975690116e-08;0.0;0.0;0.0;3.999999975690116e-08;0.0;0.0;0.0;3.999999975690116e-08
47,460000000,47.46,imu_link,-0.0020329940596130113,0.004419265830074984,-0.006965940701107605,0.032648843131051604,-0.00022814838178535505,9.799972919364256,-2.1751965791207144e-10,-0.0016666618413172867,-5.787611934977794e-08,0.9999986111181872,0.0;0.0;0.0;0.0;0.0;0.0;0.0;0.0;0.0,7.621289842063561e-05;0.0;0.0;0.0;7.621289842063561e-05;0.0;0.0;0.0;7.621289842063561e-05,3.999999975690116e-08;0.0;0.0;0.0;3.999999975690116e-08;0.0;0.0;0.0;3.999999975690116e-08
47,480000000,47.48,imu_link,-0.0032137004173512507,0.011003648649384976,-0.013665158667188914,0.032919481382099804,-0.00024757741430895386,9.800078787598183,-8.669463993164517e-11,-0.0016666620520732743,-5.7872511574963216e-08,0.999998611117836,0.0;0.0;0.0;0.0;0.0;0.0;0.0;0.0;0.0,7.621289842063561e-05;0.0;0.0;0.0;7.621289842063561e-05;0.0;0.0;0.0;7.621289842063561e-05,3.999999975690116e-08;0.0;0.0;0.0;3.999999975690116e-08;0.0;0.0;0.0;3.999999975690116e-08
47,500000000,47.5,imu_link,0.004473839513780007,0.025487325049523883,0.008659025764520769,0.03270112386898314,-0.0001523195177545819,9.800030202246472,-4.139619511522445e-12,-0.0016666599978875493,-5.787264980276038e-08,0.9999986111212595,0.0;0.0;0.0;0.0;0.0;0.0;0.0;0.0;0.0,7.621289842063561e-05;0.0;0.0;0.0;7.621289842063561e-05;0.0;0.0;0.0;7.621289842063561e-05,3.999999975690116e-08;0.0;0.0;0.0;3.999999975690116e-08;0.0;0.0;0.0;3.999999975690116e-08
47,520000000,47.52,imu_link,0.006180696620374323,-0.01283612452471009,0.0077618825375341,0.032890775212319756,-0.00023715226615222813,9.800134183932585,6.338260911830736e-11,-0.0016666576629885488,-5.787276304691874e-08,0.9999986111251511,0.0;0.0;0.0;0.0;0.0;0.0;0.0;0.0;0.0,7.621289842063561e-05;0.0;0.0;0.0;7.621289842063561e-05;0.0;0.0;0.0;7.621289842063561e-05,3.999999975690116e-08;0.0;0.0;0.0;3.999999975690116e-08;0.0;0.0;0.0;3.999999975690116e-08
47,540000000,47.54,imu_link,-0.023377459997232446,-0.01682355198030984,0.024833882589507455,0.032978244760217205,-0.00026748109257913703,9.800326934816342,1.1860939383582312e-10,-0.001666655117741109,-5.787285585452268e-08,0.9999986111293931,0.0;0.0;0.0;0.0;0.0;0.0;0.0;0.0;0.0,7.621289842063561e-05;0.0;0.0;0.0;7.621289842063561e-05;0.0;0.0;0.0;7.621289842063561e-05,3.999999975690116e-08;0.0;0.0;0.0;3.999999975690116e-08;0.0;0.0;0.0;3.999999975690116e-08
47,560000000,47.56,imu_link,0.004613957920986394,0.008352030969898182,-0.020235176860229763,0.032811796029630934,-0.0001323948671863957,9.79974863694324,1.6377963768094627e-10,-0.0016666524225205823,-5.787293194564985e-08,0.9999986111338851,0.0;0.0;0.0;0.0;0.0;0.0;0.0;0.0;0.0,7.621289842063561e-05;0.0;0.0;0.0;7.621289842063561e-05;0.0;0.0;0.0;7.621289842063561e-05,3.999999975690116e-08;0.0;0.0;0.0;3.999999975690116e-08;0.0;0.0;0.0;3.999999975690116e-08
47,580000000,47.58,imu_link,0.005872542601438514,0.004324445009628314,0.011169294123833285,0.032796295500840074,-0.0001177302655357132,9.80000805063525,2.0072454245377115e-10,-0.0016666496294337743,-5.7872994362410626e-08,0.9999986111385402,0.0;0.0;0.0;0.0;0.0;0.0;0.0;0.0;0.0,7.621289842063561e-05;0.0;0.0;0.0;7.621289842063561e-05;0.0;0.0;0.0;7.621289842063561e-05,3.999999975690116e-08;0.0;0.0;0.0;3.999999975690116e-08;0.0;0.0;0.0;3.999999975690116e-08
47,600000000,47.6,imu_link,0.016879394754675387,-0.010945587692674286,-0.0020683047745577833,0.032681747210674184,-0.00016500062836539528,9.800284350514598,2.309418769768689e-10,-0.0016666467837144342,-5.787304559033554e-08,0.999998611143283,0.0;0.0;0.0;0.0;0.0;0.0;0.0;0.0;0.0,7.621289842063561e-05;0.0;0.0;0.0;7.621289842063561e-05;0.0;0.0;0.0;7.621289842063561e-05,3.999999975690116e-08;0.0;0.0;0.0;3.999999975690116e-08;0.0;0.0;0.0;3.999999975690116e-08
47,620000000,47.62,imu_link,0.019875294068982738,0.006158493284452506,-0.007552234989476673,0.03313333269252515,-0.0004081008848620826,9.79994894042389,2.556566676866189e-10,-0.0016666439248529848,-5.787308766498146e-08,0.9999986111480478,0.0;0.0;0.0;0.0;0.0;0.0;0.0;0.0;0.0,7.621289842063561e-05;0.0;0.0;0.0;7.621289842063561e-05;0.0;0.0;0.0;7.621289842063561e-05,3.999999975690116e-08;0.0;0.0;0.0;3.999999975690116e-08;0.0;0.0;0.0;3.999999975690116e-08
47,640000000,47.64,imu_link,0.002584644983044029,0.008462396285839436,-0.002456172180916131,0.03309243480486176,-0.00014802382261356237,9.799964427694507,2.7587087096678564e-10,-0.0016666410875094692,-5.787312224498016e-08,0.9999986111527766,0.0;0.0;0.0;0.0;0.0;0.0;0.0;0.0;0.0,7.621289842063561e-05;0.0;0.0;0.0;7.621289842063561e-05;0.0;0.0;0.0;7.621289842063561e-05,3.999999975690116e-08;0.0;0.0;0.0;3.999999975690116e-08;0.0;0.0;0.0;3.999999975690116e-08
47,660000000,47.66,imu_link,0.010105307869467948,0.005607043721361135,0.006662793817518116,0.032971183395932906,0.0001347380327114391,9.799525377833248,2.9240400051243625e-10,-0.0016666383022497973,-5.787315069225546e-08,0.9999986111574186,0.0;0.0;0.0;0.0;0.0;0.0;0.0;0.0;0.0,7.621289842063561e-05;0.0;0.0;0.0;7.621289842063561e-05;0.0;0.0;0.0;7.621289842063561e-05,3.999999975690116e-08;0.0;0.0;0.0;3.999999975690116e-08;0.0;0.0;0.0;3.999999975690116e-08
47,680000000,47.68,imu_link,0.0007150141695769737,-0.010444377897371796,0.007243295652695432,0.03235207651018276,-2.399467214661258e-05,9.799895352426061,3.0592634114981986e-10,-0.0016666355961380253,-5.787317411249733e-08,0.9999986111619288,0.0;0.0;0.0;0.0;0.0;0.0;0.0;0.0;0.0,7.621289842063561e-05;0.0;0.0;0.0;7.621289842063561e-05;0.0;0.0;0.0;7.621289842063561e-05,3.999999975690116e-08;0.0;0.0;0.0;3.999999975690116e-08;0.0;0.0;0.0;3.999999975690116e-08
47,700000000,47.7,imu_link,-0.011970791327939727,-0.003108976477409278,-0.005531828217066136,0.032658010497128506,-0.0006670847524585428,9.800280420419686,3.1698612531054667e-10,-0.00166663299321167,-5.7873193416283563e-08,0.9999986111662669,0.0;0.0;0.0;0.0;0.0;0.0;0.0;0.0;0.0,7.621289842063561e-05;0.0;0.0;0.0;7.621289842063561e-05;0.0;0.0;0.0;7.621289842063561e-05,3.999999975690116e-08;0.0;0.0;0.0;3.999999975690116e-08;0.0;0.0;0.0;3.999999975690116e-08
47,720000000,47.72,imu_link,0.0023992266574281687,0.008526576539753581,0.01787809160372785,0.03260706635854095,-0.0004428895178642152,9.800210534193237,3.26031755927889e-10,-0.0016666305148619696,-5.787320933847048e-08,0.9999986111703973,0.0;0.0;0.0;0.0;0.0;0.0;0.0;0.0;0.0,7.621289842063561e-05;0.0;0.0;0.0;7.621289842063561e-05;0.0;0.0;0.0;7.621289842063561e-05,3.999999975690116e-08;0.0;0.0;0.0;3.999999975690116e-08;0.0;0.0;0.0;3.999999975690116e-08
47,740000000,47.74,imu_link,-0.006226829300368744,0.004934868608235778,0.013721287510982977,0.03293394131895315,0.0002429442870876251,9.799880381752686,3.334299915503591e-10,-0.001666628180137256,-5.7873222494868983e-08,0.9999986111742885,0.0;0.0;0.0;0.0;0.0;0.0;0.0;0.0;0.0,7.621289842063561e-05;0.0;0.0;0.0;7.621289842063561e-05;0.0;0.0;0.0;7.621289842063561e-05,3.999999975690116e-08;0.0;0.0;0.0;3.999999975690116e-08;0.0;0.0;0.0;3.999999975690116e-08
47,760000000,47.76,imu_link,-0.007053816284003547,0.0005051531565991382,-0.008094086094266482,0.032518317722761064,-0.00044483404880145264,9.799891174680633,3.394807937437606e-10,-0.0016666260059841652,-5.787323338153673e-08,0.999998611177912,0.0;0.0;0.0;0.0;0.0;0.0;0.0;0.0;0.0,7.621289842063561e-05;0.0;0.0;0.0;7.621289842063561e-05;0.0;0.0;0.0;7.621289842063561e-05,3.999999975690116e-08;0.0;0.0;0.0;3.999999975690116e-08;0.0;0.0;0.0;3.999999975690116e-08
47,780000000,47.78,imu_link,-0.004114273376378955,-0.0020026704236531406,0.0028250506646510056,0.032525044911230344,-0.00027679328903334316,9.800258470941493,3.4442951605711535e-10,-0.001666624007438871,-5.7873242395872166e-08,0.9999986111812428,0.0;0.0;0.0;0.0;0.0;0.0;0.0;0.0;0.0,7.621289842063561e-05;0.0;0.0;0.0;7.621289842063561e-05;0.0;0.0;0.0;7.621289842063561e-05,3.999999975690116e-08;0.0;0.0;0.0;3.999999975690116e-08;0.0;0.0;0.0;3.999999975690116e-08
47,800000000,47.8,imu_link,-0.0032652088141874995,0.095627819649665,-0.0023691340964631445,-0.15192103941127527,-0.0001504165994350649,9.018257623843231,-8.708732982581015e-10,-0.0008696399484709632,-5.876371431095093e-08,0.9999996218631068,0.0;0.0;0.0;0.0;0.0;0.0;0.0;0.0;0.0,7.621289842063561e-05;0.0;0.0;0.0;7.621289842063561e-05;0.0;0.0;0.0;7.621289842063561e-05,3.999999975690116e-08;0.0;0.0;0.0;3.999999975690116e-08;0.0;0.0;0.0;3.999999975690116e-08
47,820000000,47.82,imu_link,-0.00022580791197284876,0.05068813900371732,-0.004756836151307846,0.12307940495380211,0.00024886619013783076,9.008994447806568,-3.0814371549603817e-09,-0.00017821063004867292,-6.062657975051435e-08,0.9999999841204842,0.0;0.0;0.0;0.0;0.0;0.0;0.0;0.0;0.0,7.621289842063561e-05;0.0;0.0;0.0;7.621289842063561e-05;0.0;0.0;0.0;7.621289842063561e-05,3.999999975690116e-08;0.0;0.0;0.0;3.999999975690116e-08;0.0;0.0;0.0;3.999999975690116e-08
47,840000000,47.84,imu_link,-0.004144390316221177,0.003428499605630516,0.00525781567815649,-0.00013650002277864218,0.0001066403283951998,9.79947243469809,-5.06893586737138e-09,-5.491522783893199e-06,-6.26367929704977e-08,0.9999999999849196,0.0;0.0;0.0;0.0;0.0;0.0;0.0;0.0;0.0,7.621289842063561e-05;0.0;0.0;0.0;7.621289842063561e-05;0.0;0.0;0.0;7.621289842063561e-05,3.999999975690116e-08;0.0;0.0;0.0;3.999999975690116e-08;0.0;0.0;0.0;3.999999975690116e-08
47,860000000,47.86,imu_link,0.0006504207046497412,-0.0007800121449457708,0.0048834079310261895,-3.46796620662043e-05,-0.00017559635690904082,9.799435280548503,-4.061879147387231e-09,-4.481306279267087e-06,-6.263706844680225e-08,0.9999999999899569,0.0;0.0;0.0;0.0;0.0;0.0;0.0;0.0;0.0,7.621289842063561e-05;0.0;0.0;0.0;7.621289842063561e-05;0.0;0.0;0.0;7.621289842063561e-05,3.999999975690116e-08;0.0;0.0;0.0;3.999999975690116e-08;0.0;0.0;0.0;3.999999975690116e-08
47,880000000,47.88,imu_link,0.005119021760752671,-0.0002986982628070542,-0.010419000873710942,-1.5572058974367178e-05,-0.00014506214961298045,9.799783554147018,-3.2381991458679247e-09,-3.655057290761258e-06,-6.263729229340976e-08,0.9999999999933182,0.0;0.0;0.0;0.0;0.0;0.0;0.0;0.0;0.0,7.621289842063561e-05;0.0;0.0;0.0;7.621289842063561e-05;0.0;0.0;0.0;7.621289842063561e-05,3.999999975690116e-08;0.0;0.0;0.0;3.999999975690116e-08;0.0;0.0;0.0;3.999999975690116e-08
47,900000000,47.9,imu_link,0.007162089411959958,-0.0068986603530384475,0.001036668832898719,6.0186209107591265e-05,-8.443052348146475e-06,9.79972598448188,-2.5645045225144254e-09,-2.9793236701665065e-06,-6.263747440446545e-08,0.9999999999955598,0.0;0.0;0.0;0.0;0.0;0.0;0.0;0.0;0.0,7.621289842063561e-05;0.0;0.0;0.0;7.621289842063561e-05;0.0;0.0;0.0;7.621289842063561e-05,3.999999975690116e-08;0.0;0.0;0.0;3.999999975690116e-08;0.0;0.0;0.0;3.999999975690116e-08
47,920000000,47.92,imu_link,0.006768781047975932,0.003162274230149448,-0.004738242380028686,-7.900135006744253e-05,-0.0003175235112665962,9.800074574741934,-2.0134842314983707e-09,-2.4267444030993115e-06,-6.263762270635441e-08,0.9999999999970535,0.0;0.0;0.0;0.0;0.0;0.0;0.0;0.0;0.0,7.621289842063561e-05;0.0;0.0;0.0;7.621289842063561e-05;0.0;0.0;0.0;7.621289842063561e-05,3.999999975690116e-08;0.0;0.0;0.0;3.999999975690116e-08;0.0;0.0;0.0;3.999999975690116e-08
47,940000000,47.94,imu_link,-0.011570933532511972,-0.008732097298299686,-0.012430067516077925,-0.00010736147403071612,0.0004107070514036086,9.79974238971917,-1.5628003152988848e-09,-1.9749402476606018e-06,-6.263774356796364e-08,0.9999999999980478,0.0;0.0;0.0;0.0;0.0;0.0;0.0;0.0;0.0,7.621289842063561e-05;0.0;0.0;0.0;7.621289842063561e-05;0.0;0.0;0.0;7.621289842063561e-05,3.999999975690116e-08;0.0;0.0;0.0;3.999999975690116e-08;0.0;0.0;0.0;3.999999975690116e-08
47,960000000,47.96,imu_link,-0.003354481249346806,0.004094643244662136,-0.013343728482982334,-0.00015171126421383008,-0.00029942345692383346,9.800173808871865,-1.1941823835254441e-09,-1.605606382368148e-06,-6.263784212450089e-08,0.999999999998709,0.0;0.0;0.0;0.0;0.0;0.0;0.0;0.0;0.0,7.621289842063561e-05;0.0;0.0;0.0;7.621289842063561e-05;0.0;0.0;0.0;7.621289842063561e-05,3.999999975690116e-08;0.0;0.0;0.0;3.999999975690116e-08;0.0;0.0;0.0;3.999999975690116e-08
47,980000000,47.98,imu_link,0.007753724907696254,-0.0055662105832137015,0.005977928239229749,0.0002139337784753756,-0.0004709776905145538,9.79993086487643,-8.926869046614453e-10,-1.3037702795038071e-06,-6.263792252669966e-08,0.9999999999991481,0.0;0.0;0.0;0.0;0.0;0.0;0.0;0.0;0.0,7.621289842063561e-05;0.0;0.0;0.0;7.621289842063561e-05;0.0;0.0;0.0;7.621289842063561e-05,3.999999975690116e-08;0.0;0.0;0.0;3.999999975690116e-08;0.0;0.0;0.0;3.999999975690116e-08
48,0,48.0,imu_link,-0.0162202567294299,0.009998493188366596,0.004741218725447671,3.762422294197707e-05,-0.00014248644496994556,9.800035648677863,-6.460914512310811e-10,-1.057184718691516e-06,-6.263798813566424e-08,0.9999999999994392,0.0;0.0;0.0;0.0;0.0;0.0;0.0;0.0;0.0,7.621289842063561e-05;0.0;0.0;0.0;7.621289842063561e-05;0.0;0.0;0.0;7.621289842063561e-05,3.999999975690116e-08;0.0;0.0;0.0;3.999999975690116e-08;0.0;0.0;0.0;3.999999975690116e-08
48,20000000,48.02,imu_link,0.005306620832786408,-0.013915299953980538,0.014027137727654213,-8.173197318532435e-05,-0.0003792070488561412,9.799662938291975,-4.4439919251977397e-10,-8.55831333231143e-07,-6.26380416774889e-08,0.9999999999996317,0.0;0.0;0.0;0.0;0.0;0.0;0.0;0.0;0.0,7.621289842063561e-05;0.0;0.0;0.0;7.621289842063561e-05;0.0;0.0;0.0;7.621289842063561e-05,3.999999975690116e-08;0.0;0.0;0.0;3.999999975690116e-08;0.0;0.0;0.0;3.999999975690116e-08
48,40000000,48.04,imu_link,-0.006103614855028647,0.0009580322667525883,0.001596433671448507,-4.646578779731731e-05,-0.00010565730206999778,9.80015651573133,-2.794336292631058e-10,-6.915145629673135e-07,-6.263808536876076e-08,0.999999999999759,0.0;0.0;0.0;0.0;0.0;0.0;0.0;0.0;0.0,7.621289842063561e-05;0.0;0.0;0.0;7.621289842063561e-05;0.0;0.0;0.0;7.621289842063561e-05,3.999999975690116e-08;0.0;0.0;0.0;3.999999975690116e-08;0.0;0.0;0.0;3.999999975690116e-08
48,60000000,48.06,imu_link,-0.004437480853675803,0.011329276699450495,0.010526009349271892,4.727934276960571e-05,-5.26139961404458e-05,9.799858314476845,-1.4450714495225831e-10,-5.575295520455577e-07,-6.26381210097012e-08,0.9999999999998426,0.0;0.0;0.0;0.0;0.0;0.0;0.0;0.0;0.0,7.621289842063561e-05;0.0;0.0;0.0;7.621289842063561e-05;0.0;0.0;0.0;7.621289842063561e-05,3.999999975690116e-08;0.0;0.0;0.0;3.999999975690116e-08;0.0;0.0;0.0;3.999999975690116e-08
48,80000000,48.08,imu_link,0.004912870935889058,0.01660236641288436,0.00880040092045918,-7.651092531591034e-05,-0.00019170431051585316,9.80032616887114,-3.414985783530434e-11,-4.4839052752376284e-07,-6.263815006775275e-08,0.9999999999998975,0.0;0.0;0.0;0.0;0.0;0.0;0.0;0.0;0.0,7.621289842063561e-05;0.0;0.0;0.0;7.621289842063561e-05;0.0;0.0;0.0;7.621289842063561e-05,3.999999975690116e-08;0.0;0.0;0.0;3.999999975690116e-08;0.0;0.0;0.0;3.999999975690116e-08
48,100000000,48.1,imu_link,0.0022546862482158165,-0.0027554970587098356,0.008952108974533995,1.1156255891450973e-05,-0.00035282969245100515,9.800293752782975,5.6112080308864174e-11,-3.5960864648866875e-07,-6.263817373883043e-08,0.9999999999999334,0.0;0.0;0.0;0.0;0.0;0.0;0.0;0.0;0.0,7.621289842063561e-05;0.0;0.0;0.0;7.621289842063561e-05;0.0;0.0;0.0;7.621289842063561e-05,3.999999975690116e-08;0.0;0.0;0.0;3.999999975690116e-08;0.0;0.0;0.0;3.999999975690116e-08
48,120000000,48.12,imu_link,-0.006508997239293615,-0.000143492151905691,0.007697495111406401,-9.608342082654843e-05,-0.00039814044119267013,9.800186985376174,1.299378760514421e-10,-2.8751030451353056e-07,-6.26381929986129e-08,0.9999999999999567,0.0;0.0;0.0;0.0;0.0;0.0;0.0;0.0;0.0,7.621289842063561e-05;0.0;0.0;0.0;7.621289842063561e-05;0.0;0.0;0.0;7.621289842063561e-05,3.999999975690116e-08;0.0;0.0;0.0;3.999999975690116e-08;0.0;0.0;0.0;3.999999975690116e-08
48,140000000,48.14,imu_link,-0.008375192378479307,-0.004076721093562182,0.0007155774973742845,8.505718969688532e-05,0.00017900743177353144,9.800300379355013,1.9032041894435945e-10,-2.29088538437865e-07,-6.263820864566446e-08,0.9999999999999718,0.0;0.0;0.0;0.0;0.0;0.0;0.0;0.0;0.0,7.621289842063561e-05;0.0;0.0;0.0;7.621289842063561e-05;0.0;0.0;0.0;7.621289842063561e-05,3.999999975690116e-08;0.0;0.0;0.0;3.999999975690116e-08;0.0;0.0;0.0;3.999999975690116e-08
48,160000000,48.16,imu_link,-0.011160371687106206,-0.017800650071147044,0.0018542672957878753,0.00017066477745968707,-0.00020277513582959628,9.799887626952977,2.3970762966659145e-10,-1.818814978913575e-07,-6.263822132696311e-08,0.9999999999999815,0.0;0.0;0.0;0.0;0.0;0.0;0.0;0.0;0.0,7.621289842063561e-05;0.0;0.0;0.0;7.621289842063561e-05;0.0;0.0;0.0;7.621289842063561e-05,3.999999975690116e-08;0.0;0.0;0.0;3.999999975690116e-08;0.0;0.0;0.0;3.999999975690116e-08
48,180000000,48.18,imu_link,-0.004974328590402418,-0.007957831325783765,-0.00685617195518578,0.00018301864122857064,-0.00018191428548237372,9.79993346757463,2.801016821542021e-10,-1.4387305714178493e-07,-6.263823157873538e-08,0.9999999999999877,0.0;0.0;0.0;0.0;0.0;0.0;0.0;0.0;0.0,7.621289842063561e-05;0.0;0.0;0.0;7.621289842063561e-05;0.0;0.0;0.0;7.621289842063561e-05,3.999999975690116e-08;0.0;0.0;0.0;3.999999975690116e-08;0.0;0.0;0.0;3.999999975690116e-08
48,200000000,48.2,imu_link,0.0009102015504016523,-0.004400487947895753,-0.0007743368545448554,-0.00012748736930376944,-2.1057996390743037e-05,9.800065386215467,3.1314016506128894e-10,-1.134115361766548e-07,-6.263823983670019e-08,0.9999999999999916,0.0;0.0;0.0;0.0;0.0;0.0;0.0;0.0;0.0,7.621289842063561e-05;0.0;0.0;0.0;7.621289842063561e-05;0.0;0.0;0.0;7.621289842063561e-05,3.999999975690116e-08;0.0;0.0;0.0;3.999999975690116e-08;0.0;0.0;0.0;3.999999975690116e-08
48,220000000,48.22,imu_link,-0.001452729756561332,-0.0033583313705621235,0.013340307645485855,-9.369773750325338e-05,0.0001955852543619893,9.80018447384932,3.4016248143916303e-10,-8.914323405526545e-08,-6.263824645367852e-08,0.999999999999994,0.0;0.0;0.0;0.0;0.0;0.0;0.0;0.0;0.0,7.621289842063561e-05;0.0;0.0;0.0;7.621289842063561e-05;0.0;0.0;0.0;7.621289842063561e-05,3.999999975690116e-08;0.0;0.0;0.0;3.999999975690116e-08;0.0;0.0;0.0;3.999999975690116e-08
48,240000000,48.24,imu_link,0.006983029773905912,0.018563976574791374,0.0005928293358216688,0.00013124347764080122,-0.00015765142669150155,9.800224357995347,3.6226413941051044e-10,-6.995807770372382e-08,-6.263825171823453e-08,0.9999999999999956,0.0;0.0;0.0;0.0;0.0;0.0;0.0;0.0;0.0,7.621289842063561e-05;0.0;0.0;0.0;7.621289842063561e-05;0.0;0.0;0.0;7.621289842063561e-05,3.999999975690116e-08;0.0;0.0;0.0;3.999999975690116e-08;0.0;0.0;0.0;3.999999975690116e-08
48,260000000,48.26,imu_link,0.008925408429266412,0.015520475590032326,0.013917469371700906,0.00015190355561016345,3.552000619689383e-05,9.799990704174984,3.803411706962899e-10,-5.494518045011804e-08,-6.26382558706877e-08,0.9999999999999966,0.0;0.0;0.0;0.0;0.0;0.0;0.0;0.0;0.0,7.621289842063561e-05;0.0;0.0;0.0;7.621289842063561e-05;0.0;0.0;0.0;7.621289842063561e-05,3.999999975690116e-08;0.0;0.0;0.0;3.999999975690116e-08;0.0;0.0;0.0;3.999999975690116e-08
48,280000000,48.28,imu_link,-0.004235079825295979,0.005773484298101452,-0.012066384660976173,-0.00028167143157940166,3.832881827114597e-05,9.800158440756476,3.951264497381783e-10,-4.335650616627936e-08,-6.263825910594526e-08,0.9999999999999971,0.0;0.0;0.0;0.0;0.0;0.0;0.0;0.0;0.0,7.621289842063561e-05;0.0;0.0;0.0;7.621289842063561e-05;0.0;0.0;0.0;7.621289842063561e-05,3.999999975690116e-08;0.0;0.0;0.0;3.999999975690116e-08;0.0;0.0;0.0;3.999999975690116e-08
48,300000000,48.3,imu_link,-0.01588487591748076,0.007266197932616004,0.011581482773775267,0.0002035894958487116,-0.00015466079456212986,9.799566448647981,4.072193911389897e-10,-3.457716331331861e-08,-6.26382615877275e-08,0.9999999999999974,0.0;0.0;0.0;0.0;0.0;0.0;0.0;0.0;0.0,7.621289842063561e-05;0.0;0.0;0.0;7.621289842063561e-05;0.0;0.0;0.0;7.621289842063561e-05,3.999999975690116e-08;0.0;0.0;0.0;3.999999975690116e-08;0.0;0.0;0.0;3.999999975690116e-08
48,320000000,48.32,imu_link,-0.016584066738371702,-0.00993034672991471,0.015202838052855676,3.618930000224905e-05,-0.00011279996497821486,9.800324250441838,3.6343940132306474e-10,-2.779628330297729e-08,-6.260026024809407e-08,0.9999999999999977,0.0;0.0;0.0;0.0;0.0;0.0;0.0;0.0;0.0,7.621289842063561e-05;0.0;0.0;0.0;7.621289842063561e-05;0.0;0.0;0.0;7.621289842063561e-05,3.999999975690116e-08;0.0;0.0;0.0;3.999999975690116e-08;0.0;0.0;0.0;3.999999975690116e-08
48,340000000,48.34,imu_link,-0.008029085884507016,-0.016770445570301926,-0.001854537029183633,0.00026611971557088054,-0.0005691145849847559,9.799691167694528,2.8891484178116345e-10,-2.225299391939851e-08,-6.248331436283098e-08,0.9999999999999978,0.0;0.0;0.0;0.0;0.0;0.0;0.0;0.0;0.0,7.621289842063561e-05;0.0;0.0;0.0;7.621289842063561e-05;0.0;0.0;0.0;7.621289842063561e-05,3.999999975690116e-08;0.0;0.0;0.0;3.999999975690116e-08;0.0;0.0;0.0;3.999999975690116e-08
48,360000000,48.36,imu_link,-0.0016264462658257938,-0.0001520181594197879,-0.010163039021134074,8.159629918199398e-05,-5.590317568356794e-05,9.79973686478038,1.7457099906173966e-10,-1.76140908508991e-08,-6.248436747646028e-08,0.9999999999999979,0.0;0.0;0.0;0.0;0.0;0.0;0.0;0.0;0.0,7.621289842063561e-05;0.0;0.0;0.0;7.621289842063561e-05;0.0;0.0;0.0;7.621289842063561e-05,3.999999975690116e-08;0.0;0.0;0.0;3.999999975690116e-08;0.0;0.0;0.0;3.999999975690116e-08
48,380000000,48.38,imu_link,-0.0007852625768422731,0.002654105128727114,0.004236634978866089,-0.0003157733752320426,-0.00015111960940314664,9.800254178851706,5.873987981504547e-11,-1.319111659481701e-08,-6.248436912778757e-08,0.999999999999998,0.0;0.0;0.0;0.0;0.0;0.0;0.0;0.0;0.0,7.621289842063561e-05;0.0;0.0;0.0;7.621289842063561e-05;0.0;0.0;0.0;7.621289842063561e-05,3.999999975690116e-08;0.0;0.0;0.0;3.999999975690116e-08;0.0;0.0;0.0;3.999999975690116e-08
48,400000000,48.4,imu_link,-0.002573257008733968,-0.0004690089552585772,0.0038209559651048207,-7.555448835399016e-05,-3.691338252048617e-05,9.799586243961045,-3.599917379004274e-11,-8.87811600042617e-09,-6.248437084900126e-08,0.999999999999998,0.0;0.0;0.0;0.0;0.0;0.0;0.0;0.0;0.0,7.621289842063561e-05;0.0;0.0;0.0;7.621289842063561e-05;0.0;0.0;0.0;7.621289842063561e-05,3.999999975690116e-08;0.0;0.0;0.0;3.999999975690116e-08;0.0;0.0;0.0;3.999999975690116e-08
48,420000000,48.42,imu_link,-0.005957466326449376,-0.0026437938358316116,0.0016649170971341249,0.00016342198550393043,-0.0003944795157005571,9.799856150682938,-1.134869060682429e-10,-4.665154293752027e-09,-6.248437261733501e-08,0.999999999999998,0.0;0.0;0.0;0.0;0.0;0.0;0.0;0.0;0.0,7.621289842063561e-05;0.0;0.0;0.0;7.621289842063561e-05;0.0;0.0;0.0;7.621289842063561e-05,3.999999975690116e-08;0.0;0.0;0.0;3.999999975690116e-08;0.0;0.0;0.0;3.999999975690116e-08
48,440000000,48.44,imu_link,0.004059457030619005,0.004019398715546735,0.013160584075624475,0.00039176870846486275,0.0005172729110012927,9.800102561966352,-1.7686468095199789e-10,-5.471505398358468e-10,-6.248437441372898e-08,0.999999999999998,0.0;0.0;0.0;0.0;0.0;0.0;0.0;0.0;0.0,7.621289842063561e-05;0.0;0.0;0.0;7.621289842063561e-05;0.0;0.0;0.0;7.621289842063561e-05,3.999999975690116e-08;0.0;0.0;0.0;3.999999975690116e-08;0.0;0.0;0.0;3.999999975690116e-08
48,460000000,48.46,imu_link,-0.0009974001630653985,0.0028258371961921917,0.013405322379526413,-0.00016297573853217546,0.00017680953810822085,9.80027200676802,-2.28701846215306e-10,3.4770646021525616e-09,-6.248437621988948e-08,0.999999999999998,0.0;0.0;0.0;0.0;0.0;0.0;0.0;0.0;0.0,7.621289842063561e-05;0.0;0.0;0.0;7.621289842063561e-05;0.0;0.0;0.0;7.621289842063561e-05,3.999999975690116e-08;0.0;0.0;0.0;3.999999975690116e-08;0.0;0.0;0.0;3.999999975690116e-08
48,480000000,48.48,imu_link,0.008125372799973022,-0.016269104742606514,0.006772958348884375,8.320606771784975e-05,-0.0003530895771338526,9.799879887040156,-2.7109986907294355e-10,7.405532753799774e-09,-6.248437802330315e-08,0.999999999999998,0.0;0.0;0.0;0.0;0.0;0.0;0.0;0.0;0.0,7.621289842063561e-05;0.0;0.0;0.0;7.621289842063561e-05;0.0;0.0;0.0;7.621289842063561e-05,3.999999975690116e-08;0.0;0.0;0.0;3.999999975690116e-08;0.0;0.0;0.0;3.999999975690116e-08
48,500000000,48.5,imu_link,0.002289112563902653,0.011852109150824247,0.000591164723324691,1.0454736923633842e-05,7.281148752445573e-05,9.800038123704038,-3.0577759282718786e-10,1.123382195065796e-08,-6.248437980422835e-08,0.999999999999998,0.0;0.0;0.0;0.0;0.0;0.0;0.0;0.0;0.0,7.621289842063561e-05;0.0;0.0;0.0;7.621289842063561e-05;0.0;0.0;0.0;7.621289842063561e-05,3.999999975690116e-08;0.0;0.0;0.0;3.999999975690116e-08;0.0;0.0;0.0;3.999999975690116e-08
48,520000000,48.52,imu_link,-0.003633989524955613,-0.006877963326805126,0.009792616071856766,0.0005190458799845231,-0.0001596928233462483,9.800031961695076,-3.341408510595646e-10,1.4955574202968462e-08,-6.248438155099287e-08,0.9999999999999979,0.0;0.0;0.0;0.0;0.0;0.0;0.0;0.0;0.0,7.621289842063561e-05;0.0;0.0;0.0;7.621289842063561e-05;0.0;0.0;0.0;7.621289842063561e-05,3.999999975690116e-08;0.0;0.0;0.0;3.999999975690116e-08;0.0;0.0;0.0;3.999999975690116e-08
48,540000000,48.54,imu_link,-0.009379674071723243,-0.0014785275381493596,0.00946024557812923,-7.751799919019092e-05,-0.0002386902035377272,9.80004971524703,-3.5733947598261464e-10,1.856296550294413e-08,-6.248438324888396e-08,0.9999999999999979,0.0;0.0;0.0;0.0;0.0;0.0;0.0;0.0;0.0,7.621289842063561e-05;0.0;0.0;0.0;7.621289842063561e-05;0.0;0.0;0.0;7.621289842063561e-05,3.999999975690116e-08;0.0;0.0;0.0;3.999999975690116e-08;0.0;0.0;0.0;3.999999975690116e-08
48,560000000,48.56,imu_link,0.0047221943817940615,0.009399334046932505,0.013079924987555912,0.00034476567667910394,-0.00017598423913593757,9.800535299622963,-3.763139205141106e-10,2.2047093745249506e-08,-6.24843848957346e-08,0.9999999999999978,0.0;0.0;0.0;0.0;0.0;0.0;0.0;0.0;0.0,7.621289842063561e-05;0.0;0.0;0.0;7.621289842063561e-05;0.0;0.0;0.0;7.621289842063561e-05,3.999999975690116e-08;0.0;0.0;0.0;3.999999975690116e-08;0.0;0.0;0.0;3.999999975690116e-08
48,580000000,48.58,imu_link,-0.004058274224382643,0.014876788455925865,-0.005206091206822009,0.00026467767832652565,-6.724167715996786e-05,9.799686619571473,-3.9183339588233315e-10,2.5398307096026758e-08,-6.248438647315916e-08,0.9999999999999977,0.0;0.0;0.0;0.0;0.0;0.0;0.0;0.0;0.0,7.621289842063561e-05;0.0;0.0;0.0;7.621289842063561e-05;0.0;0.0;0.0;7.621289842063561e-05,3.999999975690116e-08;0.0;0.0;0.0;3.999999975690116e-08;0.0;0.0;0.0;3.999999975690116e-08
48,600000000,48.6,imu_link,0.004278326422185047,0.009378299133225326,-0.004445219840097715,0.00019129535779706023,-0.0001605906998673597,9.800389780878383,-4.0452704991004415e-10,2.8606483117484208e-08,-6.248438797151322e-08,0.9999999999999977,0.0;0.0;0.0;0.0;0.0;0.0;0.0;0.0;0.0,7.621289842063561e-05;0.0;0.0;0.0;7.621289842063561e-05;0.0;0.0;0.0;7.621289842063561e-05,3.999999975690116e-08;0.0;0.0;0.0;3.999999975690116e-08;0.0;0.0;0.0;3.999999975690116e-08
48,620000000,48.62,imu_link,-0.002510721793088413,0.0062375857778116444,0.006158840456468447,0.00018270168279951746,-3.6864210836674106e-06,9.799951276130107,-4.1490944927575395e-10,3.166126696599072e-08,-6.248438938534583e-08,0.9999999999999976,0.0;0.0;0.0;0.0;0.0;0.0;0.0;0.0;0.0,7.621289842063561e-05;0.0;0.0;0.0;7.621289842063561e-05;0.0;0.0;0.0;7.621289842063561e-05,3.999999975690116e-08;0.0;0.0;0.0;3.999999975690116e-08;0.0;0.0;0.0;3.999999975690116e-08
48,640000000,48.64,imu_link,-0.009108989013640363,0.001583726266422521,0.004235632984462287,-0.00018771363560805897,-0.0002492505230398348,9.800155122462922,-4.234014823508112e-10,3.455227542769485e-08,-6.248439070376175e-08,0.9999999999999974,0.0;0.0;0.0;0.0;0.0;0.0;0.0;0.0;0.0,7.621289842063561e-05;0.0;0.0;0.0;7.621289842063561e-05;0.0;0.0;0.0;7.621289842063561e-05,3.999999975690116e-08;0.0;0.0;0.0;3.999999975690116e-08;0.0;0.0;0.0;3.999999975690116e-08
48,660000000,48.66,imu_link,0.0006650023148497353,0.016691120518840766,-0.011655859685749148,-4.157909080942411e-05,-0.0001367154365535806,9.799725043177029,-4.3034737458572345e-10,3.726927232156138e-08,-6.248439192741088e-08,0.9999999999999973,0.0;0.0;0.0;0.0;0.0;0.0;0.0;0.0;0.0,7.621289842063561e-05;0.0;0.0;0.0;7.621289842063561e-05;0.0;0.0;0.0;7.621289842063561e-05,3.999999975690116e-08;0.0;0.0;0.0;3.999999975690116e-08;0.0;0.0;0.0;3.999999975690116e-08
48,680000000,48.68,imu_link,0.008227599924816668,0.007751109150046081,-0.0004105044180943418,-8.456805471503495e-05,5.794685591473059e-05,9.800037078844218,-4.3602868765920537e-10,3.980231966765035e-08,-6.248439304334415e-08,0.9999999999999972,0.0;0.0;0.0;0.0;0.0;0.0;0.0;0.0;0.0,7.621289842063561e-05;0.0;0.0;0.0;7.621289842063561e-05;0.0;0.0;0.0;7.621289842063561e-05,3.999999975690116e-08;0.0;0.0;0.0;3.999999975690116e-08;0.0;0.0;0.0;3.999999975690116e-08
48,700000000,48.7,imu_link,-0.029076523742220653,-0.009712181718628877,0.004891812664620868,8.654135105782023e-05,-0.00027437104155045175,9.800118932286061,-4.406756992007176e-10,4.2141908360028e-08,-6.248439405109792e-08,0.9999999999999971,0.0;0.0;0.0;0.0;0.0;0.0;0.0;0.0;0.0,7.621289842063561e-05;0.0;0.0;0.0;7.621289842063561e-05;0.0;0.0;0.0;7.621289842063561e-05,3.999999975690116e-08;0.0;0.0;0.0;3.999999975690116e-08;0.0;0.0;0.0;3.999999975690116e-08
48,720000000,48.72,imu_link,0.002139916935814588,-0.008487953493913781,0.0025687033491185456,0.00027528322840502853,-0.00022323510167941517,9.799863511013491,-4.4447676508427085e-10,4.4279071092200756e-08,-6.248439493742202e-08,0.9999999999999971,0.0;0.0;0.0;0.0;0.0;0.0;0.0;0.0;0.0,7.621289842063561e-05;0.0;0.0;0.0;7.621289842063561e-05;0.0;0.0;0.0;7.621289842063561e-05,3.999999975690116e-08;0.0;0.0;0.0;3.999999975690116e-08;0.0;0.0;0.0;3.999999975690116e-08
48,740000000,48.74,imu_link,0.0033556455622863147,-0.01929756910042679,-0.0009652741067293966,4.260377095040887e-05,-0.00015934028251375626,9.800262367045958,-4.475859479905027e-10,4.6205480064910606e-08,-6.248439571283517e-08,0.999999999999997,0.0;0.0;0.0;0.0;0.0;0.0;0.0;0.0;0.0,7.621289842063561e-05;0.0;0.0;0.0;7.621289842063561e-05;0.0;0.0;0.0;7.621289842063561e-05,3.999999975690116e-08;0.0;0.0;0.0;3.999999975690116e-08;0.0;0.0;0.0;3.999999975690116e-08
48,760000000,48.76,imu_link,0.013250360386508415,0.009354731228513671,-0.016975640385422146,2.7987595977092114e-05,0.0002787381657863141,9.800125348969052,-4.501292189335622e-10,4.7913531283922e-08,-6.248439635876275e-08,0.9999999999999969,0.0;0.0;0.0;0.0;0.0;0.0;0.0;0.0;0.0,7.621289842063561e-05;0.0;0.0;0.0;7.621289842063561e-05;0.0;0.0;0.0;7.621289842063561e-05,3.999999975690116e-08;0.0;0.0;0.0;3.999999975690116e-08;0.0;0.0;0.0;3.999999975690116e-08
48,780000000,48.78,imu_link,-0.013237022860508343,-0.005358544967624971,-0.008155581926885798,0.00016393131880098238,0.00020911555562345226,9.79999693620401,-4.5220963753715206e-10,4.9396417052052185e-08,-6.248439686911147e-08,0.9999999999999968,0.0;0.0;0.0;0.0;0.0;0.0;0.0;0.0;0.0,7.621289842063561e-05;0.0;0.0;0.0;7.621289842063561e-05;0.0;0.0;0.0;7.621289842063561e-05,3.999999975690116e-08;0.0;0.0;0.0;3.999999975690116e-08;0.0;0.0;0.0;3.999999975690116e-08
48,800000000,48.8,imu_link,0.0069328080584338024,-0.0032028228056090436,0.008084513757860502,0.0001671253651589054,-0.0003948060992507222,9.799992172467988,-4.5391149523496823e-10,5.064818786581951e-08,-6.248439724792702e-08,0.9999999999999968,0.0;0.0;0.0;0.0;0.0;0.0;0.0;0.0;0.0,7.621289842063561e-05;0.0;0.0;0.0;7.621289842063561e-05;0.0;0.0;0.0;7.621289842063561e-05,3.999999975690116e-08;0.0;0.0;0.0;3.999999975690116e-08;0.0;0.0;0.0;3.999999975690116e-08
48,820000000,48.82,imu_link,0.0019381972641000314,-0.006705990262714579,-0.006020390296294079,0.00020249946225621088,-0.0003315871171008018,9.800298852394782,-4.5530372808750056e-10,5.166380473206976e-08,-6.24843974895278e-08,0.9999999999999967,0.0;0.0;0.0;0.0;0.0;0.0;0.0;0.0;0.0,7.621289842063561e-05;0.0;0.0;0.0;7.621289842063561e-05;0.0;0.0;0.0;7.621289842063561e-05,3.999999975690116e-08;0.0;0.0;0.0;3.999999975690116e-08;0.0;0.0;0.0;3.999999975690116e-08
48,840000000,48.84,imu_link,0.006512341415630596,0.003268102462945363,0.00919573858634549,0.00029292560189430423,-0.0002543006490462921,9.800095084319034,-4.5644273386105084e-10,5.243918270991631e-08,-6.248439759832694e-08,0.9999999999999967,0.0;0.0;0.0;0.0;0.0;0.0;0.0;0.0;0.0,7.621289842063561e-05;0.0;0.0;0.0;7.621289842063561e-05;0.0;0.0;0.0;7.621289842063561e-05,3.999999975690116e-08;0.0;0.0;0.0;3.999999975690116e-08;0.0;0.0;0.0;3.999999975690116e-08
48,860000000,48.86,imu_link,0.0076138555748946355,-0.009590951378982323,0.006115544259170114,0.0002828655891060907,-0.000233114493415098,9.800036501114107,-4.5737460890437116e-10,5.297122639985545e-08,-6.24843975726125e-08,0.9999999999999967,0.0;0.0;0.0;0.0;0.0;0.0;0.0;0.0;0.0,7.621289842063561e-05;0.0;0.0;0.0;7.621289842063561e-05;0.0;0.0;0.0;7.621289842063561e-05,3.999999975690116e-08;0.0;0.0;0.0;3.999999975690116e-08;0.0;0.0;0.0;3.999999975690116e-08
48,880000000,48.88,imu_link,-0.004903690399443442,0.0015450062619557549,-0.0012602055076909153,0.0004122956379356547,-0.0001714210526277579,9.799827182687402,-4.58137082827035e-10,5.3257857850316064e-08,-6.248439741201634e-08,0.9999999999999967,0.0;0.0;0.0;0.0;0.0;0.0;0.0;0.0;0.0,7.621289842063561e-05;0.0;0.0;0.0;7.621289842063561e-05;0.0;0.0;0.0;7.621289842063561e-05,3.999999975690116e-08;0.0;0.0;0.0;3.999999975690116e-08;0.0;0.0;0.0;3.999999975690116e-08
48,900000000,48.9,imu_link,0.0014454966357019055,0.017078498289977328,0.0016355883290960866,-7.922419555600706e-05,-6.280488574658905e-05,9.800490328507417,-4.5867845062087653e-10,5.32982454500481e-08,-6.248437189148888e-08,0.9999999999999967,0.0;0.0;0.0;0.0;0.0;0.0;0.0;0.0;0.0,7.621289842063561e-05;0.0;0.0;0.0;7.621289842063561e-05;0.0;0.0;0.0;7.621289842063561e-05,3.999999975690116e-08;0.0;0.0;0.0;3.999999975690116e-08;0.0;0.0;0.0;3.999999975690116e-08
48,920000000,48.92,imu_link,-0.003946462082085167,-0.0021519186330448727,-0.014479217372089265,0.00046514399154723446,0.00017380977699547507,9.800183465604157,-4.5808249794876476e-10,5.310546007954759e-08,-6.248758942668516e-08,0.9999999999999967,0.0;0.0;0.0;0.0;0.0;0.0;0.0;0.0;0.0,7.621289842063561e-05;0.0;0.0;0.0;7.621289842063561e-05;0.0;0.0;0.0;7.621289842063561e-05,3.999999975690116e-08;0.0;0.0;0.0;3.999999975690116e-08;0.0;0.0;0.0;3.999999975690116e-08
48,940000000,48.94,imu_link,0.014326458708019164,0.0026290065108180004,0.003404130515877848,5.180037946397603e-05,-0.00019962065653524768,9.800177592272517,-4.564785586207859e-10,5.268672698843386e-08,-6.249700787323144e-08,0.9999999999999967,0.0;0.0;0.0;0.0;0.0;0.0;0.0;0.0;0.0,7.621289842063561e-05;0.0;0.0;0.0;7.621289842063561e-05;0.0;0.0;0.0;7.621289842063561e-05,3.999999975690116e-08;0.0;0.0;0.0;3.999999975690116e-08;0.0;0.0;0.0;3.999999975690116e-08
48,960000000,48.96,imu_link,-0.01049106144922887,-0.009266066278217432,0.006887509433676634,5.333026947082203e-05,0.00015767817505472548,9.800146376406456,-4.539496371680379e-10,5.204220464269332e-08,-6.251304533739141e-08,0.9999999999999967,0.0;0.0;0.0;0.0;0.0;0.0;0.0;0.0;0.0,7.621289842063561e-05;0.0;0.0;0.0;7.621289842063561e-05;0.0;0.0;0.0;7.621289842063561e-05,3.999999975690116e-08;0.0;0.0;0.0;3.999999975690116e-08;0.0;0.0;0.0;3.999999975690116e-08
48,980000000,48.98,imu_link,-0.016214516586223176,0.0023168798876429184,4.342859087084056e-05,0.000288320725929722,-1.1377495477977979e-06,9.799901450498469,-4.50566465074687e-10,5.117342145714928e-08,-6.253610689257478e-08,0.9999999999999968,0.0;0.0;0.0;0.0;0.0;0.0;0.0;0.0;0.0,7.621289842063561e-05;0.0;0.0;0.0;7.621289842063561e-05;0.0;0.0;0.0;7.621289842063561e-05,3.999999975690116e-08;0.0;0.0;0.0;3.999999975690116e-08;0.0;0.0;0.0;3.999999975690116e-08
49,0,49.0,imu_link,-0.008457712217948915,0.0047362871680723395,-0.00022298298059047526,0.00023563351738506593,-0.00021199781865035642,9.799937884033085,-4.4638725469607613e-10,5.0083249578498134e-08,-6.256659559684633e-08,0.9999999999999968,0.0;0.0;0.0;0.0;0.0;0.0;0.0;0.0;0.0,7.621289842063561e-05;0.0;0.0;0.0;7.621289842063561e-05;0.0;0.0;0.0;7.621289842063561e-05,3.999999975690116e-08;0.0;0.0;0.0;3.999999975690116e-08;0.0;0.0;0.0;3.999999975690116e-08
49,20000000,49.02,imu_link,-0.008747756489550012,-0.0050057165758213935,0.0011799246013212614,2.9881467162178998e-05,-0.00021003670726431437,9.799754414357963,-4.414572825546882e-10,4.877587907845467e-08,-6.260492429522597e-08,0.9999999999999968,0.0;0.0;0.0;0.0;0.0;0.0;0.0;0.0;0.0,7.621289842063561e-05;0.0;0.0;0.0;7.621289842063561e-05;0.0;0.0;0.0;7.621289842063561e-05,3.999999975690116e-08;0.0;0.0;0.0;3.999999975690116e-08;0.0;0.0;0.0;3.999999975690116e-08
49,40000000,49.04,imu_link,-0.013629781434600495,0.006305319147376789,0.0037572177973933837,0.0001570188080615094,-0.00010864312683223312,9.799814540817787,-4.358082185560085e-10,4.725679366893306e-08,-6.265152858997431e-08,0.9999999999999969,0.0;0.0;0.0;0.0;0.0;0.0;0.0;0.0;0.0,7.621289842063561e-05;0.0;0.0;0.0;7.621289842063561e-05;0.0;0.0;0.0;7.621289842063561e-05,3.999999975690116e-08;0.0;0.0;0.0;3.999999975690116e-08;0.0;0.0;0.0;3.999999975690116e-08
49,60000000,49.06,imu_link,0.009385634481785114,-0.00750199964081442,0.0028829597259557136,0.00013595548890203295,7.053444049176256e-06,9.800400333565685,-4.2945706003502274e-10,4.553274941084527e-08,-6.270510965454076e-08,0.999999999999997,0.0;0.0;0.0;0.0;0.0;0.0;0.0;0.0;0.0,7.621289842063561e-05;0.0;0.0;0.0;7.621289842063561e-05;0.0;0.0;0.0;7.621289842063561e-05,3.999999975690116e-08;0.0;0.0;0.0;3.999999975690116e-08;0.0;0.0;0.0;3.999999975690116e-08
49,80000000,49.08,imu_link,-0.005733639010273751,0.008703527230954123,-0.018947543374250437,0.0003435381729413148,-0.00017453155420650592,9.799994728721725,-4.2240449165072546e-10,4.3611758702774166e-08,-6.273528917068126e-08,0.9999999999999971,0.0;0.0;0.0;0.0;0.0;0.0;0.0;0.0;0.0,7.621289842063561e-05;0.0;0.0;0.0;7.621289842063561e-05;0.0;0.0;0.0;7.621289842063561e-05,3.999999975690116e-08;0.0;0.0;0.0;3.999999975690116e-08;0.0;0.0;0.0;3.999999975690116e-08
49,100000000,49.1,imu_link,-0.000844563672253848,-0.0027135019821431473,0.006449775507342159,0.00012665787901870843,-0.0002912689798486576,9.799781910081007,-4.146325263411493e-10,4.15030830455357e-08,-6.273318578747105e-08,0.9999999999999971,0.0;0.0;0.0;0.0;0.0;0.0;0.0;0.0;0.0,7.621289842063561e-05;0.0;0.0;0.0;7.621289842063561e-05;0.0;0.0;0.0;7.621289842063561e-05,3.999999975690116e-08;0.0;0.0;0.0;3.999999975690116e-08;0.0;0.0;0.0;3.999999975690116e-08
49,120000000,49.12,imu_link,-0.006757592745852198,-0.00294508302314738,0.0018906719542473823,0.00026960859691038214,-0.0001326942157210078,9.800342112832757,-4.061008568584531e-10,3.92172398891528e-08,-6.27260081238927e-08,0.9999999999999972,0.0;0.0;0.0;0.0;0.0;0.0;0.0;0.0;0.0,7.621289842063561e-05;0.0;0.0;0.0;7.621289842063561e-05;0.0;0.0;0.0;7.621289842063561e-05,3.999999975690116e-08;0.0;0.0;0.0;3.999999975690116e-08;0.0;0.0;0.0;3.999999975690116e-08
49,140000000,49.14,imu_link,-0.0073411614740792564,-0.003883040492322695,0.012312941902544632,0.00016140514249598684,1.7987410363899507e-06,9.800277838707538,-3.967415052569224e-10,3.676603198499711e-08,-6.271928320680607e-08,0.9999999999999973,0.0;0.0;0.0;0.0;0.0;0.0;0.0;0.0;0.0,7.621289842063561e-05;0.0;0.0;0.0;7.621289842063561e-05;0.0;0.0;0.0;7.621289842063561e-05,3.999999975690116e-08;0.0;0.0;0.0;3.999999975690116e-08;0.0;0.0;0.0;3.999999975690116e-08
49,160000000,49.16,imu_link,-0.022940257171079684,-0.0005889527101249875,0.0008056717463506963,0.0001533462549191304,-8.096773644219152e-05,9.799924758209219,-3.8645073179724803e-10,3.4162613050333165e-08,-6.271307655193962e-08,0.9999999999999974,0.0;0.0;0.0;0.0;0.0;0.0;0.0;0.0;0.0,7.621289842063561e-05;0.0;0.0;0.0;7.621289842063561e-05;0.0;0.0;0.0;7.621289842063561e-05,3.999999975690116e-08;0.0;0.0;0.0;3.999999975690116e-08;0.0;0.0;0.0;3.999999975690116e-08
49,180000000,49.18,imu_link,0.008452066244798632,-0.014372698886661922,0.008779711092762002,-0.0002378858611418274,0.0003304535466749012,9.800076230145395,-3.7507651807316896e-10,3.142161290617882e-08,-6.270746538532986e-08,0.9999999999999976,0.0;0.0;0.0;0.0;0.0;0.0;0.0;0.0;0.0,7.621289842063561e-05;0.0;0.0;0.0;7.621289842063561e-05;0.0;0.0;0.0;7.621289842063561e-05,3.999999975690116e-08;0.0;0.0;0.0;3.999999975690116e-08;0.0;0.0;0.0;3.999999975690116e-08
49,200000000,49.2,imu_link,0.021777233742287724,0.0210152427160463,0.02462840433996669,3.741909380234823e-05,-3.7448568543936415e-05,9.800097032855064,-3.623986686260858e-10,2.8559363221202824e-08,-6.270254304945665e-08,0.9999999999999976,0.0;0.0;0.0;0.0;0.0;0.0;0.0;0.0;0.0,7.621289842063561e-05;0.0;0.0;0.0;7.621289842063561e-05;0.0;0.0;0.0;7.621289842063561e-05,3.999999975690116e-08;0.0;0.0;0.0;3.999999975690116e-08;0.0;0.0;0.0;3.999999975690116e-08
49,220000000,49.22,imu_link,-0.0030735706888141796,0.013529772862734447,0.004244388426410846,0.0006627131597520275,5.3798463573582775e-05,9.80004673930737,-3.480959015861192e-10,2.5594300391190084e-08,-6.269842553945525e-08,0.9999999999999977,0.0;0.0;0.0;0.0;0.0;0.0;0.0;0.0;0.0,7.621289842063561e-05;0.0;0.0;0.0;7.621289842063561e-05;0.0;0.0;0.0;7.621289842063561e-05,3.999999975690116e-08;0.0;0.0;0.0;3.999999975690116e-08;0.0;0.0;0.0;3.999999975690116e-08
49,240000000,49.24,imu_link,-0.02419141049176831,-0.004545488617418259,0.009736634671722021,-6.621350680636246e-05,-3.832536797135137e-05,9.800338835912306,-3.31688609620216e-10,2.2547697949238673e-08,-6.269526160671588e-08,0.9999999999999978,0.0;0.0;0.0;0.0;0.0;0.0;0.0;0.0;0.0,7.621289842063561e-05;0.0;0.0;0.0;7.621289842063561e-05;0.0;0.0;0.0;7.621289842063561e-05,3.999999975690116e-08;0.0;0.0;0.0;3.999999975690116e-08;0.0;0.0;0.0;3.999999975690116e-08
49,260000000,49.26,imu_link,0.004953199784897846,0.0066125783295504425,0.0012222958606948814,0.00019008029244115205,0.00013522497208551539,9.80012842721934,-3.124323167113257e-10,1.9445057756674594e-08,-6.269324924770856e-08,0.9999999999999978,0.0;0.0;0.0;0.0;0.0;0.0;0.0;0.0;0.0,7.621289842063561e-05;0.0;0.0;0.0;7.621289842063561e-05;0.0;0.0;0.0;7.621289842063561e-05,3.999999975690116e-08;0.0;0.0;0.0;3.999999975690116e-08;0.0;0.0;0.0;3.999999975690116e-08
49,280000000,49.28,imu_link,-0.0019882566567995213,0.007348299759928191,-9.122254031933652e-05,0.00037238601142410905,0.0002666395200101048,9.79994963898158,-2.891008670493727e-10,1.6318950359504205e-08,-6.269266464185942e-08,0.9999999999999979,0.0;0.0;0.0;0.0;0.0;0.0;0.0;0.0;0.0,7.621289842063561e-05;0.0;0.0;0.0;7.621289842063561e-05;0.0;0.0;0.0;7.621289842063561e-05,3.999999975690116e-08;0.0;0.0;0.0;3.999999975690116e-08;0.0;0.0;0.0;3.999999975690116e-08
49,300000000,49.3,imu_link,0.006853738117152189,-0.006783424304542381,-0.0029412642067978105,5.813802701700403e-05,-0.0005326024019396758,9.800426678096022,-2.594866713084815e-10,1.3215496712798528e-08,-6.269391805772446e-08,0.9999999999999979,0.0;0.0;0.0;0.0;0.0;0.0;0.0;0.0;0.0,7.621289842063561e-05;0.0;0.0;0.0;7.621289842063561e-05;0.0;0.0;0.0;7.621289842063561e-05,3.999999975690116e-08;0.0;0.0;0.0;3.999999975690116e-08;0.0;0.0;0.0;3.999999975690116e-08
49,320000000,49.32,imu_link,-0.00829062975443102,0.013512391947406485,-0.00891420286364631,-4.3614838131075914e-05,4.977129234859701e-05,9.799998303960738,-2.1901034034092607e-10,1.021200136985735e-08,-6.269767816766409e-08,0.999999999999998,0.0;0.0;0.0;0.0;0.0;0.0;0.0;0.0;0.0,7.621289842063561e-05;0.0;0.0;0.0;7.621289842063561e-05;0.0;0.0;0.0;7.621289842063561e-05,3.999999975690116e-08;0.0;0.0;0.0;3.999999975690116e-08;0.0;0.0;0.0;3.999999975690116e-08
49,340000000,49.34,imu_link,-0.007534067324972725,-0.0002815513824883549,-0.0034611401205942413,-0.6820632548512656,-0.0003360359296944311,13.922295270067497,-1.905345739934046e-10,-6.278948018042483e-06,-6.273724013614832e-08,0.9999999999802854,0.0;0.0;0.0;0.0;0.0;0.0;0.0;0.0;0.0,7.621289842063561e-05;0.0;0.0;0.0;7.621289842063561e-05;0.0;0.0;0.0;7.621289842063561e-05,3.999999975690116e-08;0.0;0.0;0.0;3.999999975690116e-08;0.0;0.0;0.0;3.999999975690116e-08
49,360000000,49.36,imu_link,0.005166266071369675,0.008579765760457611,-0.004410863185222907,-0.5287733125976165,-0.0002074661558503683,9.800030363484034,-2.359005623596968e-10,-5.134893307867392e-06,-6.37578771397791e-08,0.9999999999868144,0.0;0.0;0.0;0.0;0.0;0.0;0.0;0.0;0.0,7.621289842063561e-05;0.0;0.0;0.0;7.621289842063561e-05;0.0;0.0;0.0;7.621289842063561e-05,3.999999975690116e-08;0.0;0.0;0.0;3.999999975690116e-08;0.0;0.0;0.0;3.999999975690116e-08
49,380000000,49.38,imu_link,-0.003885002084285893,0.008590759849019393,0.014148877482739903,-0.5279571787309653,-0.0001312218915371078,9.799805344440756,-2.7300565399972797e-10,-4.199163045900423e-06,-6.475590336679145e-08,0.9999999999911814,0.0;0.0;0.0;0.0;0.0;0.0;0.0;0.0;0.0,7.621289842063561e-05;0.0;0.0;0.0;7.621289842063561e-05;0.0;0.0;0.0;7.621289842063561e-05,3.999999975690116e-08;0.0;0.0;0.0;3.999999975690116e-08;0.0;0.0;0.0;3.999999975690116e-08
49,400000000,49.4,imu_link,-0.0003340788290888403,0.0106243003400548,-0.015806119242427925,-0.5282653237777204,7.69032195016634e-05,9.799750260860701,-3.0335413075850176e-10,-3.4338227920242977e-06,-6.573171666332383e-08,0.9999999999941023,0.0;0.0;0.0;0.0;0.0;0.0;0.0;0.0;0.0,7.621289842063561e-05;0.0;0.0;0.0;7.621289842063561e-05;0.0;0.0;0.0;7.621289842063561e-05,3.999999975690116e-08;0.0;0.0;0.0;3.999999975690116e-08;0.0;0.0;0.0;3.999999975690116e-08
49,420000000,49.42,imu_link,0.0045567473456762575,0.0032722160152902535,0.015820306968909067,-0.5281423568906517,3.201460597365706e-05,9.800000027764344,-3.2817634706975277e-10,-2.8078457045279576e-06,-6.668559012170293e-08,0.9999999999960558,0.0;0.0;0.0;0.0;0.0;0.0;0.0;0.0;0.0,7.621289842063561e-05;0.0;0.0;0.0;7.621289842063561e-05;0.0;0.0;0.0;7.621289842063561e-05,3.999999975690116e-08;0.0;0.0;0.0;3.999999975690116e-08;0.0;0.0;0.0;3.999999975690116e-08
49,440000000,49.44,imu_link,-0.006881143978307833,-0.0021813131537937558,0.019694663870872462,-0.5284820380119647,-5.3451811600241576e-05,9.800170917203449,-3.48478610654211e-10,-2.295854714867322e-06,-6.76176960335864e-08,0.9999999999973622,0.0;0.0;0.0;0.0;0.0;0.0;0.0;0.0;0.0,7.621289842063561e-05;0.0;0.0;0.0;7.621289842063561e-05;0.0;0.0;0.0;7.621289842063561e-05,3.999999975690116e-08;0.0;0.0;0.0;3.999999975690116e-08;0.0;0.0;0.0;3.999999975690116e-08
49,460000000,49.46,imu_link,-0.01658490878663454,-0.009287486057587736,-0.0015675006155397152,-0.52817820266931,-0.00017943264514166433,9.800230687932588,-3.6508398259308434e-10,-1.8770937430958437e-06,-6.852812550388332e-08,0.9999999999982359,0.0;0.0;0.0;0.0;0.0;0.0;0.0;0.0;0.0,7.621289842063561e-05;0.0;0.0;0.0;7.621289842063561e-05;0.0;0.0;0.0;7.621289842063561e-05,3.999999975690116e-08;0.0;0.0;0.0;3.999999975690116e-08;0.0;0.0;0.0;3.999999975690116e-08
49,480000000,49.48,imu_link,0.0003066149354822066,-0.005452944733809588,-0.006725163397913404,-0.5284651379938115,-9.20681174152101e-05,9.800107117754973,-3.78665647317081e-10,-1.5345862478318362e-06,-6.941690450801688e-08,0.99999999999882,0.0;0.0;0.0;0.0;0.0;0.0;0.0;0.0;0.0,7.621289842063561e-05;0.0;0.0;0.0;7.621289842063561e-05;0.0;0.0;0.0;7.621289842063561e-05,3.999999975690116e-08;0.0;0.0;0.0;3.999999975690116e-08;0.0;0.0;0.0;3.999999975690116e-08
49,500000000,49.5,imu_link,0.00068380052338093,-0.0008172880475758941,-0.010751681801988487,-0.5285566161212445,-0.00014361739449999554,9.799945108721245,-3.897742034746507e-10,-1.2544469984395807e-06,-7.028400703911723e-08,0.9999999999992107,0.0;0.0;0.0;0.0;0.0;0.0;0.0;0.0;0.0,7.621289842063561e-05;0.0;0.0;0.0;7.621289842063561e-05;0.0;0.0;0.0;7.621289842063561e-05,3.999999975690116e-08;0.0;0.0;0.0;3.999999975690116e-08;0.0;0.0;0.0;3.999999975690116e-08
49,520000000,49.52,imu_link,-0.005412067875870698,-0.0007939945740951804,0.005952706493304527,-0.5284893917312329,-1.2161387765407397e-05,9.800290575167212,-3.988599891589341e-10,-1.0253191687344015e-06,-7.112936587791515e-08,0.9999999999994719,0.0;0.0;0.0;0.0;0.0;0.0;0.0;0.0;0.0,7.621289842063561e-05;0.0;0.0;0.0;7.621289842063561e-05;0.0;0.0;0.0;7.621289842063561e-05,3.999999975690116e-08;0.0;0.0;0.0;3.999999975690116e-08;0.0;0.0;0.0;3.999999975690116e-08
49,540000000,49.54,imu_link,0.0070918848741079125,0.0061673612918561795,-0.004916015610090576,-0.5282391488425059,-7.788155092575892e-05,9.800316291727723,-4.0629133647833337e-10,-8.379139320224705e-07,-7.195288141343973e-08,0.9999999999996464,0.0;0.0;0.0;0.0;0.0;0.0;0.0;0.0;0.0,7.621289842063561e-05;0.0;0.0;0.0;7.621289842063561e-05;0.0;0.0;0.0;7.621289842063561e-05,3.999999975690116e-08;0.0;0.0;0.0;3.999999975690116e-08;0.0;0.0;0.0;3.999999975690116e-08
49,560000000,49.56,imu_link,0.0036215488055289014,-0.0004675648192409778,-0.00855218464553553,-0.5285580675085274,-0.00010454325744707033,9.800010221856724,-4.123695058414566e-10,-6.84633892704617e-07,-7.275442887371722e-08,0.999999999999763,0.0;0.0;0.0;0.0;0.0;0.0;0.0;0.0;0.0,7.621289842063561e-05;0.0;0.0;0.0;7.621289842063561e-05;0.0;0.0;0.0;7.621289842063561e-05,3.999999975690116e-08;0.0;0.0;0.0;3.999999975690116e-08;0.0;0.0;0.0;3.999999975690116e-08
49,580000000,49.58,imu_link,-0.01755058843773259,-0.008978481030736495,-0.0043977204247674685,-0.5281806508036527,-0.00024318636710589822,9.800411567536822,-4.1734090314586884e-10,-5.592650883670181e-07,-7.353386425482744e-08,0.9999999999998409,0.0;0.0;0.0;0.0;0.0;0.0;0.0;0.0;0.0,7.621289842063561e-05;0.0;0.0;0.0;7.621289842063561e-05;0.0;0.0;0.0;7.621289842063561e-05,3.999999975690116e-08;0.0;0.0;0.0;3.999999975690116e-08;0.0;0.0;0.0;3.999999975690116e-08
49,600000000,49.6,imu_link,0.0027943418448789217,0.008163365114266198,-0.005522762280823157,-0.5286535725013872,0.00021016320262970173,9.799899197920876,-4.2140706055538243e-10,-4.5672507616976813e-07,-7.429102917815173e-08,0.999999999999893,0.0;0.0;0.0;0.0;0.0;0.0;0.0;0.0;0.0,7.621289842063561e-05;0.0;0.0;0.0;7.621289842063561e-05;0.0;0.0;0.0;7.621289842063561e-05,3.999999975690116e-08;0.0;0.0;0.0;3.999999975690116e-08;0.0;0.0;0.0;3.999999975690116e-08
49,620000000,49.62,imu_link,-0.007382627416046763,-0.012680877533485081,0.010820980337077317,-0.5284980902589667,4.866019712229219e-05,9.79991264216363,-4.247328156320902e-10,-3.7285689096468907e-07,-7.502575488399134e-08,0.9999999999999277,0.0;0.0;0.0;0.0;0.0;0.0;0.0;0.0;0.0,7.621289842063561e-05;0.0;0.0;0.0;7.621289842063561e-05;0.0;0.0;0.0;7.621289842063561e-05,3.999999975690116e-08;0.0;0.0;0.0;3.999999975690116e-08;0.0;0.0;0.0;3.999999975690116e-08
49,640000000,49.64,imu_link,-0.007557472807399065,-0.009411708290951643,0.011549355948413833,-0.5286538062891911,0.00011883424564738897,9.80038271287169,-4.274529883098063e-10,-3.0426052221037327e-07,-7.573786550450452e-08,0.9999999999999508,0.0;0.0;0.0;0.0;0.0;0.0;0.0;0.0;0.0,7.621289842063561e-05;0.0;0.0;0.0;7.621289842063561e-05;0.0;0.0;0.0;7.621289842063561e-05,3.999999975690116e-08;0.0;0.0;0.0;3.999999975690116e-08;0.0;0.0;0.0;3.999999975690116e-08
49,660000000,49.66,imu_link,-0.003923054941536762,-0.006119626076699542,-0.007965380812342533,-0.5283391888792571,-1.80703662036249e-05,9.799888245946745,-4.2967784976537094e-10,-2.4815507775170707e-07,-7.64271807566522e-08,0.9999999999999662,0.0;0.0;0.0;0.0;0.0;0.0;0.0;0.0;0.0,7.621289842063561e-05;0.0;0.0;0.0;7.621289842063561e-05;0.0;0.0;0.0;7.621289842063561e-05,3.999999975690116e-08;0.0;0.0;0.0;3.999999975690116e-08;0.0;0.0;0.0;3.999999975690116e-08
49,680000000,49.68,imu_link,-0.0019948938951627033,-0.008213890901586163,-0.010842143088282156,-0.528710959927038,-0.00026427660790253964,9.800036891723881,-4.3149759168213017e-10,-2.0226604666945262e-07,-7.70935181549239e-08,0.9999999999999766,0.0;0.0;0.0;0.0;0.0;0.0;0.0;0.0;0.0,7.621289842063561e-05;0.0;0.0;0.0;7.621289842063561e-05;0.0;0.0;0.0;7.621289842063561e-05,3.999999975690116e-08;0.0;0.0;0.0;3.999999975690116e-08;0.0;0.0;0.0;3.999999975690116e-08
49,700000000,49.7,imu_link,-0.007149224995898942,-0.010590554062078159,0.01162958869858204,-0.5286428531301708,-7.444745068724589e-05,9.80032113869223,-4.3298598184682434e-10,-1.647330907513469e-07,-7.77366948325417e-08,0.9999999999999833,0.0;0.0;0.0;0.0;0.0;0.0;0.0;0.0;0.0,7.621289842063561e-05;0.0;0.0;0.0;7.621289842063561e-05;0.0;0.0;0.0;7.621289842063561e-05,3.999999975690116e-08;0.0;0.0;0.0;3.999999975690116e-08;0.0;0.0;0.0;3.999999975690116e-08
49,720000000,49.72,imu_link,0.02369095304237248,-0.00629896186333256,0.015242832728544688,-0.528600707612845,-0.0005043595156092049,9.800285844144256,-4.3420335538261267e-10,-1.3403462650570005e-07,-7.83565290427218e-08,0.9999999999999879,0.0;0.0;0.0;0.0;0.0;0.0;0.0;0.0;0.0,7.621289842063561e-05;0.0;0.0;0.0;7.621289842063561e-05;0.0;0.0;0.0;7.621289842063561e-05,3.999999975690116e-08;0.0;0.0;0.0;3.999999975690116e-08;0.0;0.0;0.0;3.999999975690116e-08
49,740000000,49.74,imu_link,0.005724512191500648,0.005096155169087423,-0.014166067325476473,-0.5284350381616634,-0.0002025814408156779,9.800086764563089,-4.351990615754027e-10,-1.0892614026913803e-07,-7.895284139711264e-08,0.9999999999999909,0.0;0.0;0.0;0.0;0.0;0.0;0.0;0.0;0.0,7.621289842063561e-05;0.0;0.0;0.0;7.621289842063561e-05;0.0;0.0;0.0;7.621289842063561e-05,3.999999975690116e-08;0.0;0.0;0.0;3.999999975690116e-08;0.0;0.0;0.0;3.999999975690116e-08
49,760000000,49.76,imu_link,0.0015781771092327674,0.004555121989683851,0.006376568183248796,-0.5281356790845562,-0.0001279972836385727,9.799860087837153,-4.360134644323308e-10,-8.838973571126368e-08,-7.952545588852875e-08,0.9999999999999929,0.0;0.0;0.0;0.0;0.0;0.0;0.0;0.0;0.0,7.621289842063561e-05;0.0;0.0;0.0;7.621289842063561e-05;0.0;0.0;0.0;7.621289842063561e-05,3.999999975690116e-08;0.0;0.0;0.0;3.999999975690116e-08;0.0;0.0;0.0;3.999999975690116e-08
49,780000000,49.78,imu_link,0.009798771444929018,-0.0028237332607606767,7.411784584026302e-05,-0.5288828519862159,-0.00038647886398638655,9.800208085618433,-4.3667957471618017e-10,-7.159286838028956e-08,-8.007420073486235e-08,0.9999999999999942,0.0;0.0;0.0;0.0;0.0;0.0;0.0;0.0;0.0,7.621289842063561e-05;0.0;0.0;0.0;7.621289842063561e-05;0.0;0.0;0.0;7.621289842063561e-05,3.999999975690116e-08;0.0;0.0;0.0;3.999999975690116e-08;0.0;0.0;0.0;3.999999975690116e-08
49,800000000,49.8,imu_link,-0.008265749623084007,-0.0024315689306649174,0.004302820000019716,-0.52851968995172,-5.727715048575259e-05,9.800098463072702,-4.3722439660116653e-10,-5.785459441395829e-08,-8.059890908425265e-08,0.9999999999999951,0.0;0.0;0.0;0.0;0.0;0.0;0.0;0.0;0.0,7.621289842063561e-05;0.0;0.0;0.0;7.621289842063561e-05;0.0;0.0;0.0;7.621289842063561e-05,3.999999975690116e-08;0.0;0.0;0.0;3.999999975690116e-08;0.0;0.0;0.0;3.999999975690116e-08
49,820000000,49.82,imu_link,-0.019209527301293747,-0.0023320092972273212,-0.0031885257865655395,-0.5285657798546652,0.00011048290426799276,9.800234032033192,-4.3767001546906586e-10,-4.661796511392661e-08,-8.109941959376687e-08,0.9999999999999957,0.0;0.0;0.0;0.0;0.0;0.0;0.0;0.0;0.0,7.621289842063561e-05;0.0;0.0;0.0;7.621289842063561e-05;0.0;0.0;0.0;7.621289842063561e-05,3.999999975690116e-08;0.0;0.0;0.0;3.999999975690116e-08;0.0;0.0;0.0;3.999999975690116e-08
49,840000000,49.84,imu_link,0.0030262981781901638,-0.0069218971596591095,0.0029213155223294703,-0.5280900754323254,-7.08239058840131e-05,9.799955221117614,-4.3803449384652683e-10,-3.742744828969463e-08,-8.157557691391323e-08,0.999999999999996,0.0;0.0;0.0;0.0;0.0;0.0;0.0;0.0;0.0,7.621289842063561e-05;0.0;0.0;0.0;7.621289842063561e-05;0.0;0.0;0.0;7.621289842063561e-05,3.999999975690116e-08;0.0;0.0;0.0;3.999999975690116e-08;0.0;0.0;0.0;3.999999975690116e-08
49,860000000,49.86,imu_link,-0.003833992466648923,-7.44098856614811e-05,0.021794951808275856,-0.5282013319805933,0.0004360577432942055,9.800142630617541,-4.3833260639947436e-10,-2.9910461012045304e-08,-8.202723209366549e-08,0.9999999999999962,0.0;0.0;0.0;0.0;0.0;0.0;0.0;0.0;0.0,7.621289842063561e-05;0.0;0.0;0.0;7.621289842063561e-05;0.0;0.0;0.0;7.621289842063561e-05,3.999999975690116e-08;0.0;0.0;0.0;3.999999975690116e-08;0.0;0.0;0.0;3.999999975690116e-08
49,880000000,49.88,imu_link,-0.0004167010985476213,0.007854532360490541,0.008856112723040141,-0.5280861544747381,0.0002786255915565118,9.80041164342713,-4.3857643865005025e-10,-2.3762265125157972e-08,-8.245424291766539e-08,0.9999999999999963,0.0;0.0;0.0;0.0;0.0;0.0;0.0;0.0;0.0,7.621289842063561e-05;0.0;0.0;0.0;7.621289842063561e-05;0.0;0.0;0.0;7.621289842063561e-05,3.999999975690116e-08;0.0;0.0;0.0;3.999999975690116e-08;0.0;0.0;0.0;3.999999975690116e-08
49,900000000,49.9,imu_link,-0.015646969388908895,0.006244533050580452,-0.001011820620713339,-0.5283755968482061,-0.0003468978498174847,9.800434661883175,-4.3877587316713215e-10,-1.8733613185627188e-08,-8.285647418704675e-08,0.9999999999999963,0.0;0.0;0.0;0.0;0.0;0.0;0.0;0.0;0.0,7.621289842063561e-05;0.0;0.0;0.0;7.621289842063561e-05;0.0;0.0;0.0;7.621289842063561e-05,3.999999975690116e-08;0.0;0.0;0.0;3.999999975690116e-08;0.0;0.0;0.0;3.999999975690116e-08
49,920000000,49.92,imu_link,0.004665349577894113,-0.009528847806819151,0.00642601635070635,-0.5286892480592779,-0.00014591772824821213,9.800364956710272,-4.389389946386613e-10,-1.4620643981959564e-08,-8.323379795888212e-08,0.9999999999999964,0.0;0.0;0.0;0.0;0.0;0.0;0.0;0.0;0.0,7.621289842063561e-05;0.0;0.0;0.0;7.621289842063561e-05;0.0;0.0;0.0;7.621289842063561e-05,3.999999975690116e-08;0.0;0.0;0.0;3.999999975690116e-08;0.0;0.0;0.0;3.999999975690116e-08
49,940000000,49.94,imu_link,-0.0016880813977217847,0.006632981519222845,-0.01600984639712484,-0.5287413986929062,-0.0005580715918502768,9.799665902197413,-4.3907241389367004e-10,-1.1256618023588495e-08,-8.358609374419207e-08,0.9999999999999964,0.0;0.0;0.0;0.0;0.0;0.0;0.0;0.0;0.0,7.621289842063561e-05;0.0;0.0;0.0;7.621289842063561e-05;0.0;0.0;0.0;7.621289842063561e-05,3.999999975690116e-08;0.0;0.0;0.0;3.999999975690116e-08;0.0;0.0;0.0;3.999999975690116e-08
49,960000000,49.96,imu_link,-0.009673481722064897,0.010974635828788555,0.00037010250397157983,-0.5283049616427276,-0.00017089812872949373,9.79980042134702,-4.391815401605337e-10,-8.505157924210754e-09,-8.391324867854075e-08,0.9999999999999964,0.0;0.0;0.0;0.0;0.0;0.0;0.0;0.0;0.0,7.621289842063561e-05;0.0;0.0;0.0;7.621289842063561e-05;0.0;0.0;0.0;7.621289842063561e-05,3.999999975690116e-08;0.0;0.0;0.0;3.999999975690116e-08;0.0;0.0;0.0;3.999999975690116e-08
49,980000000,49.98,imu_link,0.008787428977621237,-0.025176097615658484,0.012679996726634106,-0.5281175941243496,-0.0002028781327560572,9.799978958105829,-4.392707970750354e-10,-6.254719677972178e-09,-8.421515766313539e-08,0.9999999999999964,0.0;0.0;0.0;0.0;0.0;0.0;0.0;0.0;0.0,7.621289842063561e-05;0.0;0.0;0.0;7.621289842063561e-05;0.0;0.0;0.0;7.621289842063561e-05,3.999999975690116e-08;0.0;0.0;0.0;3.999999975690116e-08;0.0;0.0;0.0;3.999999975690116e-08
50,0,50.0,imu_link,0.018197974963079976,0.0037697626478889463,-0.006167558391179687,-0.5283926537265029,0.0001130679241683092,9.80007247559262,-4.393438006715936e-10,-4.414070671989287e-09,-8.449172348492549e-08,0.9999999999999964,0.0;0.0;0.0;0.0;0.0;0.0;0.0;0.0;0.0,7.621289842063561e-05;0.0;0.0;0.0;7.621289842063561e-05;0.0;0.0;0.0;7.621289842063561e-05,3.999999975690116e-08;0.0;0.0;0.0;3.999999975690116e-08;0.0;0.0;0.0;3.999999975690116e-08
50,20000000,50.02,imu_link,0.006242639679045627,0.011713838292143298,0.0020857158744628547,-0.5286040768605617,-5.4658053847448545e-05,9.800145832371298,-4.3940351250738847e-10,-2.9085911189574226e-09,-8.474285692230031e-08,0.9999999999999964,0.0;0.0;0.0;0.0;0.0;0.0;0.0;0.0;0.0,7.621289842063561e-05;0.0;0.0;0.0;7.621289842063561e-05;0.0;0.0;0.0;7.621289842063561e-05,3.999999975690116e-08;0.0;0.0;0.0;3.999999975690116e-08;0.0;0.0;0.0;3.999999975690116e-08
50,40000000,50.04,imu_link,-0.0011409562217689056,-0.0053220985293079785,0.005661534522439485,-0.5282899232031587,-0.00030869775037597135,9.800161854483205,-4.394523523827759e-10,-1.6772489802080398e-09,-8.496847682855077e-08,0.9999999999999963,0.0;0.0;0.0;0.0;0.0;0.0;0.0;0.0;0.0,7.621289842063561e-05;0.0;0.0;0.0;7.621289842063561e-05;0.0;0.0;0.0;7.621289842063561e-05,3.999999975690116e-08;0.0;0.0;0.0;3.999999975690116e-08;0.0;0.0;0.0;3.999999975690116e-08
50,60000000,50.06,imu_link,0.0047096295992815895,0.02272762380691736,0.024200026480978094,-0.528610751496462,-3.0462851914318814e-05,9.800120088185885,-4.3949229965174405e-10,-6.701257254551279e-10,-8.516851020730166e-08,0.9999999999999963,0.0;0.0;0.0;0.0;0.0;0.0;0.0;0.0;0.0,7.621289842063561e-05;0.0;0.0;0.0;7.621289842063561e-05;0.0;0.0;0.0;7.621289842063561e-05,3.999999975690116e-08;0.0;0.0;0.0;3.999999975690116e-08;0.0;0.0;0.0;3.999999975690116e-08
50,80000000,50.08,imu_link,-0.016863121915208893,-0.0036908625027755578,-0.00033584620122229766,-0.5281058762097635,0.00012557405235169843,9.79987218531782,-4.395249740174729e-10,1.5360734884359583e-10,-8.534289227534252e-08,0.9999999999999963,0.0;0.0;0.0;0.0;0.0;0.0;0.0;0.0;0.0,7.621289842063561e-05;0.0;0.0;0.0;7.621289842063561e-05;0.0;0.0;0.0;7.621289842063561e-05,3.999999975690116e-08;0.0;0.0;0.0;3.999999975690116e-08;0.0;0.0;0.0;3.999999975690116e-08
50,100000000,50.1,imu_link,-0.0009027133236886212,-0.011053987554570766,-0.011984589900922955,-0.5286090667924319,0.0002539924709372313,9.80006794694879,-4.3955169768162654e-10,8.273443272637452e-10,-8.54915665137604e-08,0.9999999999999963,0.0;0.0;0.0;0.0;0.0;0.0;0.0;0.0;0.0,7.621289842063561e-05;0.0;0.0;0.0;7.621289842063561e-05;0.0;0.0;0.0;7.621289842063561e-05,3.999999975690116e-08;0.0;0.0;0.0;3.999999975690116e-08;0.0;0.0;0.0;3.999999975690116e-08
50,120000000,50.12,imu_link,-0.004794766021225263,-0.007537520619459092,0.011114675308462385,-0.5279516255384156,-1.9042544098024663e-05,9.799872909350766,-4.3957355582501824e-10,1.3783984620335202e-09,-8.561448471564839e-08,0.9999999999999963,0.0;0.0;0.0;0.0;0.0;0.0;0.0;0.0;0.0,7.621289842063561e-05;0.0;0.0;0.0;7.621289842063561e-05;0.0;0.0;0.0;7.621289842063561e-05,3.999999975690116e-08;0.0;0.0;0.0;3.999999975690116e-08;0.0;0.0;0.0;3.999999975690116e-08
50,140000000,50.14,imu_link,-0.009035242226526304,-0.004444446671259912,-0.008581878055050056,-0.528111062542619,-0.0001902426559344409,9.799855043313233,-4.395914361373529e-10,1.8291094502155717e-09,-8.571160702087274e-08,0.9999999999999963,0.0;0.0;0.0;0.0;0.0;0.0;0.0;0.0;0.0,7.621289842063561e-05;0.0;0.0;0.0;7.621289842063561e-05;0.0;0.0;0.0;7.621289842063561e-05,3.999999975690116e-08;0.0;0.0;0.0;3.999999975690116e-08;0.0;0.0;0.0;3.999999975690116e-08
50,160000000,50.16,imu_link,0.004124864290839298,-0.011023345331573939,-0.003520272155593283,-0.5285956909463181,-9.033058362427705e-05,9.800479629321341,-4.3960605997488687e-10,2.1977490850844487e-09,-8.578290194420055e-08,0.9999999999999963,0.0;0.0;0.0;0.0;0.0;0.0;0.0;0.0;0.0,7.621289842063561e-05;0.0;0.0;0.0;7.621289842063561e-05;0.0;0.0;0.0;7.621289842063561e-05,3.999999975690116e-08;0.0;0.0;0.0;3.999999975690116e-08;0.0;0.0;0.0;3.999999975690116e-08
50,180000000,50.18,imu_link,0.014038605356971661,-0.0036799363632651926,-0.002208048880003382,-0.52846673876928,-0.000246624302918605,9.799944340370052,-4.396180198520086e-10,2.499261992341519e-09,-8.582834640362018e-08,0.9999999999999963,0.0;0.0;0.0;0.0;0.0;0.0;0.0;0.0;0.0,7.621289842063561e-05;0.0;0.0;0.0;7.621289842063561e-05;0.0;0.0;0.0;7.621289842063561e-05,3.999999975690116e-08;0.0;0.0;0.0;3.999999975690116e-08;0.0;0.0;0.0;3.999999975690116e-08
50,200000000,50.2,imu_link,-0.00759445750759226,-0.0022227353747609883,-0.013682509292353368,-0.5281416394994093,9.341900385212943e-05,9.800327316438624,-4.3962780207032774e-10,2.7458714848860683e-09,-8.584792573887603e-08,0.9999999999999963,0.0;0.0;0.0;0.0;0.0;0.0;0.0;0.0;0.0,7.621289842063561e-05;0.0;0.0;0.0;7.621289842063561e-05;0.0;0.0;0.0;7.621289842063561e-05,3.999999975690116e-08;0.0;0.0;0.0;3.999999975690116e-08;0.0;0.0;0.0;3.999999975690116e-08
50,220000000,50.22,imu_link,0.0009918221829115542,0.01554573029857878,-0.026697412620544207,-0.528270580941024,-0.0004819244022687041,9.800296771746549,-4.39635803297769e-10,2.94757509344293e-09,-8.584163372415622e-08,0.9999999999999963,0.0;0.0;0.0;0.0;0.0;0.0;0.0;0.0;0.0,7.621289842063561e-05;0.0;0.0;0.0;7.621289842063561e-05;0.0;0.0;0.0;7.621289842063561e-05,3.999999975690116e-08;0.0;0.0;0.0;3.999999975690116e-08;0.0;0.0;0.0;3.999999975690116e-08
50,240000000,50.24,imu_link,-0.012784168336666606,-0.006625320082418471,0.0011339808565943529,-0.5284608974152489,-0.00027255804780464176,9.800000746815433,-4.3964234805416315e-10,3.112549870183701e-09,-8.580947257867985e-08,0.9999999999999963,0.0;0.0;0.0;0.0;0.0;0.0;0.0;0.0;0.0,7.621289842063561e-05;0.0;0.0;0.0;7.621289842063561e-05;0.0;0.0;0.0;7.621289842063561e-05,3.999999975690116e-08;0.0;0.0;0.0;3.999999975690116e-08;0.0;0.0;0.0;3.999999975690116e-08
50,260000000,50.26,imu_link,-0.019888305212532265,-0.007462951422183761,-0.011714864680566666,-0.5282602026311223,-8.934930783764395e-05,9.799857948640907,-4.3964770184589874e-10,3.2474838810647386e-09,-8.575145297218949e-08,0.9999999999999963,0.0;0.0;0.0;0.0;0.0;0.0;0.0;0.0;0.0,7.621289842063561e-05;0.0;0.0;0.0;7.621289842063561e-05;0.0;0.0;0.0;7.621289842063561e-05,3.999999975690116e-08;0.0;0.0;0.0;3.999999975690116e-08;0.0;0.0;0.0;3.999999975690116e-08
50,280000000,50.28,imu_link,-0.002787200266441423,-0.006799185705059387,0.005255673809322623,-0.5283474712002524,0.00022159376425045095,9.800248499599077,-4.3965208141743885e-10,3.3578473418841194e-09,-8.566759402638376e-08,0.9999999999999963,0.0;0.0;0.0;0.0;0.0;0.0;0.0;0.0;0.0,7.621289842063561e-05;0.0;0.0;0.0;7.621289842063561e-05;0.0;0.0;0.0;7.621289842063561e-05,3.999999975690116e-08;0.0;0.0;0.0;3.999999975690116e-08;0.0;0.0;0.0;3.999999975690116e-08
50,300000000,50.3,imu_link,0.0035669732851322205,-0.005249017155751363,0.010008000596408958,-0.00017117387231138122,0.0003353357187447916,9.800140058373355,-4.428976524960251e-10,3.323496072250005e-09,-8.564609251001353e-08,0.9999999999999963,0.0;0.0;0.0;0.0;0.0;0.0;0.0;0.0;0.0,7.621289842063561e-05;0.0;0.0;0.0;7.621289842063561e-05;0.0;0.0;0.0;7.621289842063561e-05,3.999999975690116e-08;0.0;0.0;0.0;3.999999975690116e-08;0.0;0.0;0.0;3.999999975690116e-08
50,320000000,50.32,imu_link,-0.007559935428131586,0.004081681953001354,-0.0011355497597176699,0.0001749341751136057,-8.242100292601176e-05,9.800393165467836,-4.463001091938229e-10,3.266649447497468e-09,-8.564609251937038e-08,0.9999999999999963,0.0;0.0;0.0;0.0;0.0;0.0;0.0;0.0;0.0,7.621289842063561e-05;0.0;0.0;0.0;7.621289842063561e-05;0.0;0.0;0.0;7.621289842063561e-05,3.999999975690116e-08;0.0;0.0;0.0;3.999999975690116e-08;0.0;0.0;0.0;3.999999975690116e-08
50,340000000,50.34,imu_link,-0.0023672960436184162,-0.007398397317440171,0.0018807667037555444,8.785812009728507e-05,-0.0002360000302545922,9.800271279627355,-4.490830021730329e-10,3.220154200207413e-09,-8.564609252700828e-08,0.9999999999999963,0.0;0.0;0.0;0.0;0.0;0.0;0.0;0.0;0.0,7.621289842063561e-05;0.0;0.0;0.0;7.621289842063561e-05;0.0;0.0;0.0;7.621289842063561e-05,3.999999975690116e-08;0.0;0.0;0.0;3.999999975690116e-08;0.0;0.0;0.0;3.999999975690116e-08
50,360000000,50.36,imu_link,0.0003219456290282282,-0.0030666574271133178,0.003957029558002069,1.3285256293791182e-05,1.7069942072479727e-05,9.800216256714412,-4.513591489471524e-10,3.1821254165749726e-09,-8.56460925332393e-08,0.9999999999999963,0.0;0.0;0.0;0.0;0.0;0.0;0.0;0.0;0.0,7.621289842063561e-05;0.0;0.0;0.0;7.621289842063561e-05;0.0;0.0;0.0;7.621289842063561e-05,3.999999975690116e-08;0.0;0.0;0.0;3.999999975690116e-08;0.0;0.0;0.0;3.999999975690116e-08
50,380000000,50.38,imu_link,-0.008640089869786052,-0.005283872879838652,-0.006986427007721952,0.00018313255018416252,-0.0002872564181374286,9.800145111142205,-4.532208259845431e-10,3.1510214121059336e-09,-8.564609253832278e-08,0.9999999999999963,0.0;0.0;0.0;0.0;0.0;0.0;0.0;0.0;0.0,7.621289842063561e-05;0.0;0.0;0.0;7.621289842063561e-05;0.0;0.0;0.0;7.621289842063561e-05,3.999999975690116e-08;0.0;0.0;0.0;3.999999975690116e-08;0.0;0.0;0.0;3.999999975690116e-08
50,400000000,50.4,imu_link,-0.0031616994901862614,0.006345083503864062,-0.0015982470130951616,-0.00028164719217037347,-0.0002476361130842702,9.800268563337266,-4.5474350406628853e-10,3.1255812317607575e-09,-8.564609254246203e-08,0.9999999999999963,0.0;0.0;0.0;0.0;0.0;0.0;0.0;0.0;0.0,7.621289842063561e-05;0.0;0.0;0.0;7.621289842063561e-05;0.0;0.0;0.0;7.621289842063561e-05,3.999999975690116e-08;0.0;0.0;0.0;3.999999975690116e-08;0.0;0.0;0.0;3.999999975690116e-08
50,420000000,50.42,imu_link,0.0065218073867125805,-0.008779182697049194,0.004660958392682776,0.00023156968391440725,-0.00042972168411011213,9.799992817515829,-4.5598891205471804e-10,3.104773532720322e-09,-8.564609254583195e-08,0.9999999999999963,0.0;0.0;0.0;0.0;0.0;0.0;0.0;0.0;0.0,7.621289842063561e-05;0.0;0.0;0.0;7.621289842063561e-05;0.0;0.0;0.0;7.621289842063561e-05,3.999999975690116e-08;0.0;0.0;0.0;3.999999975690116e-08;0.0;0.0;0.0;3.999999975690116e-08
50,440000000,50.44,imu_link,-0.010326661755557224,-0.007533755713948849,-0.010316566158961692,0.0001419831377367867,-7.333524069243548e-05,9.80026484651937,-4.5700754096893477e-10,3.087754772499912e-09,-8.56460925485724e-08,0.9999999999999963,0.0;0.0;0.0;0.0;0.0;0.0;0.0;0.0;0.0,7.621289842063561e-05;0.0;0.0;0.0;7.621289842063561e-05;0.0;0.0;0.0;7.621289842063561e-05,3.999999975690116e-08;0.0;0.0;0.0;3.999999975690116e-08;0.0;0.0;0.0;3.999999975690116e-08
50,460000000,50.46,imu_link,-0.004044258801836358,0.007455445583979276,0.002647931971311181,0.00019066537697701137,-0.00016768739155812405,9.800139816638616,-4.5784068456150457e-10,3.073835010660931e-09,-8.564609255079552e-08,0.9999999999999963,0.0;0.0;0.0;0.0;0.0;0.0;0.0;0.0;0.0,7.621289842063561e-05;0.0;0.0;0.0;7.621289842063561e-05;0.0;0.0;0.0;7.621289842063561e-05,3.999999975690116e-08;0.0;0.0;0.0;3.999999975690116e-08;0.0;0.0;0.0;3.999999975690116e-08
50,480000000,50.48,imu_link,0.00864327583011174,-0.0026471460809708606,-0.0003903828318296285,0.0001855761630162084,-6.724498346346531e-05,9.799700069901817,-4.5852211832700185e-10,3.062449941362806e-09,-8.56460925525982e-08,0.9999999999999963,0.0;0.0;0.0;0.0;0.0;0.0;0.0;0.0;0.0,7.621289842063561e-05;0.0;0.0;0.0;7.621289842063561e-05;0.0;0.0;0.0;7.621289842063561e-05,3.999999975690116e-08;0.0;0.0;0.0;3.999999975690116e-08;0.0;0.0;0.0;3.999999975690116e-08
50,500000000,50.5,imu_link,-4.3681235081445525e-05,0.0131563603336302,-0.006992643238241422,0.000263056128877952,-6.330379243160979e-05,9.799986073773171,-4.590794673164197e-10,3.053138014499755e-09,-8.564609255406271e-08,0.9999999999999963,0.0;0.0;0.0;0.0;0.0;0.0;0.0;0.0;0.0,7.621289842063561e-05;0.0;0.0;0.0;7.621289842063561e-05;0.0;0.0;0.0;7.621289842063561e-05,3.999999975690116e-08;0.0;0.0;0.0;3.999999975690116e-08;0.0;0.0;0.0;3.999999975690116e-08
50,520000000,50.52,imu_link,0.011403058613163278,-0.007661153552889847,0.0016276203413510242,1.7074800925143298e-05,3.1306574288141674e-05,9.799820768982348,-4.5953532801358235e-10,3.0455217254382777e-09,-8.564609255524488e-08,0.9999999999999963,0.0;0.0;0.0;0.0;0.0;0.0;0.0;0.0;0.0,7.621289842063561e-05;0.0;0.0;0.0;7.621289842063561e-05;0.0;0.0;0.0;7.621289842063561e-05,3.999999975690116e-08;0.0;0.0;0.0;3.999999975690116e-08;0.0;0.0;0.0;3.999999975690116e-08
50,540000000,50.54,imu_link,-0.010072757122329303,-0.00851141963225568,0.012558907784011409,0.0001549865031109928,-0.00018183347056959014,9.800200067958214,-4.599081771305803e-10,3.0392923108577006e-09,-8.564609255619708e-08,0.9999999999999963,0.0;0.0;0.0;0.0;0.0;0.0;0.0;0.0;0.0,7.621289842063561e-05;0.0;0.0;0.0;7.621289842063561e-05;0.0;0.0;0.0;7.621289842063561e-05,3.999999975690116e-08;0.0;0.0;0.0;3.999999975690116e-08;0.0;0.0;0.0;3.999999975690116e-08
50,560000000,50.56,imu_link,-0.0122362766169995,0.014754406046169856,0.002000710151449607,0.00017757673806685712,-2.5849863175582337e-05,9.800140905678877,-4.602131349791662e-10,3.0341972290294524e-09,-8.564609255695999e-08,0.9999999999999963,0.0;0.0;0.0;0.0;0.0;0.0;0.0;0.0;0.0,7.621289842063561e-05;0.0;0.0;0.0;7.621289842063561e-05;0.0;0.0;0.0;7.621289842063561e-05,3.999999975690116e-08;0.0;0.0;0.0;3.999999975690116e-08;0.0;0.0;0.0;3.999999975690116e-08
50,580000000,50.58,imu_link,-0.007038243537281503,-0.0017676094602587533,-0.011323971248023057,-1.7399298852318462e-05,-0.00035912170979376907,9.800123359119551,-4.604625610688517e-10,3.030029925565264e-09,-8.564609255756299e-08,0.9999999999999963,0.0;0.0;0.0;0.0;0.0;0.0;0.0;0.0;0.0,7.621289842063561e-05;0.0;0.0;0.0;7.621289842063561e-05;0.0;0.0;0.0;7.621289842063561e-05,3.999999975690116e-08;0.0;0.0;0.0;3.999999975690116e-08;0.0;0.0;0.0;3.999999975690116e-08
50,600000000,50.6,imu_link,0.015895419122401364,-0.000800481128593376,0.0038657446868821093,-0.00011356176307885978,-0.00012225913405406185,9.799944307739336,-4.606665678277273e-10,3.0266214595295914e-09,-8.564609255804605e-08,0.9999999999999963,0.0;0.0;0.0;0.0;0.0;0.0;0.0;0.0;0.0,7.621289842063561e-05;0.0;0.0;0.0;7.621289842063561e-05;0.0;0.0;0.0;7.621289842063561e-05,3.999999975690116e-08;0.0;0.0;0.0;3.999999975690116e-08;0.0;0.0;0.0;3.999999975690116e-08
50,620000000,50.62,imu_link,-0.00539603084547219,0.003205407298428247,0.0009969027599802814,0.0003310569972615865,0.00013501429002281122,9.799860662197716,-4.6083342687958535e-10,3.0238336521788614e-09,-8.564609255841993e-08,0.9999999999999963,0.0;0.0;0.0;0.0;0.0;0.0;0.0;0.0;0.0,7.621289842063561e-05;0.0;0.0;0.0;7.621289842063561e-05;0.0;0.0;0.0;7.621289842063561e-05,3.999999975690116e-08;0.0;0.0;0.0;3.999999975690116e-08;0.0;0.0;0.0;3.999999975690116e-08
50,640000000,50.64,imu_link,-0.004605377319063342,-0.017990321400114292,-0.004636499232020499,3.283338275736102e-05,0.000262127993358465,9.80001206467442,-4.6096990304352765e-10,3.0215534857406326e-09,-8.56460925587102e-08,0.9999999999999963,0.0;0.0;0.0;0.0;0.0;0.0;0.0;0.0;0.0,7.621289842063561e-05;0.0;0.0;0.0;7.621289842063561e-05;0.0;0.0;0.0;7.621289842063561e-05,3.999999975690116e-08;0.0;0.0;0.0;3.999999975690116e-08;0.0;0.0;0.0;3.999999975690116e-08
50,660000000,50.66,imu_link,-0.006150750772140595,0.0059600444266598015,-0.021698672567041905,-0.00018162308276347468,8.210946192249946e-05,9.800037351990545,-4.610815269998835e-10,3.0196885209257834e-09,-8.564609255893824e-08,0.9999999999999963,0.0;0.0;0.0;0.0;0.0;0.0;0.0;0.0;0.0,7.621289842063561e-05;0.0;0.0;0.0;7.621289842063561e-05;0.0;0.0;0.0;7.621289842063561e-05,3.999999975690116e-08;0.0;0.0;0.0;3.999999975690116e-08;0.0;0.0;0.0;3.999999975690116e-08
50,680000000,50.68,imu_link,0.02195207280649023,0.012237213576047413,0.002993500612258597,-0.00024124170307079923,-0.00025212159789119294,9.800276136863943,-4.6117282574053995e-10,3.0181631539935465e-09,-8.564609255910473e-08,0.9999999999999963,0.0;0.0;0.0;0.0;0.0;0.0;0.0;0.0;0.0,7.621289842063561e-05;0.0;0.0;0.0;7.621289842063561e-05;0.0;0.0;0.0;7.621289842063561e-05,3.999999975690116e-08;0.0;0.0;0.0;3.999999975690116e-08;0.0;0.0;0.0;3.999999975690116e-08
50,700000000,50.7,imu_link,0.005581108708714125,-0.00800369291337854,-0.00987864315243657,0.0001466773211488005,-0.00020556703941046912,9.800153666873452,-4.612474999670157e-10,3.0169155455790362e-09,-8.564609255922564e-08,0.9999999999999963,0.0;0.0;0.0;0.0;0.0;0.0;0.0;0.0;0.0,7.621289842063561e-05;0.0;0.0;0.0;7.621289842063561e-05;0.0;0.0;0.0;7.621289842063561e-05,3.999999975690116e-08;0.0;0.0;0.0;3.999999975690116e-08;0.0;0.0;0.0;3.999999975690116e-08
50,720000000,50.72,imu_link,-0.0034433022100977227,0.0044497724824147655,-0.02542563654940852,-0.00021015378194123472,0.00045725561287824636,9.8001507593665,-4.6130857478148617e-10,3.0158951178047537e-09,-8.564609255931262e-08,0.9999999999999963,0.0;0.0;0.0;0.0;0.0;0.0;0.0;0.0;0.0,7.621289842063561e-05;0.0;0.0;0.0;7.621289842063561e-05;0.0;0.0;0.0;7.621289842063561e-05,3.999999975690116e-08;0.0;0.0;0.0;3.999999975690116e-08;0.0;0.0;0.0;3.999999975690116e-08
50,740000000,50.74,imu_link,0.003050422186462912,-0.014400774076761906,0.004164949864827049,0.0001569608510179001,-0.0001296919595235252,9.80014791392779,-4.6135852918074664e-10,3.0150605032277434e-09,-8.56460925593637e-08,0.9999999999999963,0.0;0.0;0.0;0.0;0.0;0.0;0.0;0.0;0.0,7.621289842063561e-05;0.0;0.0;0.0;7.621289842063561e-05;0.0;0.0;0.0;7.621289842063561e-05,3.999999975690116e-08;0.0;0.0;0.0;3.999999975690116e-08;0.0;0.0;0.0;3.999999975690116e-08
50,760000000,50.76,imu_link,-0.01382675153804035,0.007977751249722173,-0.016098668120958996,-0.00010715592234851122,-0.0003739816971294481,9.800169122047404,-4.613993877997123e-10,3.0143778664261727e-09,-8.564609255938989e-08,0.9999999999999963,0.0;0.0;0.0;0.0;0.0;0.0;0.0;0.0;0.0,7.621289842063561e-05;0.0;0.0;0.0;7.621289842063561e-05;0.0;0.0;0.0;7.621289842063561e-05,3.999999975690116e-08;0.0;0.0;0.0;3.999999975690116e-08;0.0;0.0;0.0;3.999999975690116e-08
50,780000000,50.78,imu_link,0.005280663532340957,0.009718359774431147,-0.01017087666922502,-0.00012861324840365425,3.6282040344970626e-05,9.80007388678736,-4.614328059763224e-10,3.013819533742754e-09,-8.564609255939868e-08,0.9999999999999963,0.0;0.0;0.0;0.0;0.0;0.0;0.0;0.0;0.0,7.621289842063561e-05;0.0;0.0;0.0;7.621289842063561e-05;0.0;0.0;0.0;7.621289842063561e-05,3.999999975690116e-08;0.0;0.0;0.0;3.999999975690116e-08;0.0;0.0;0.0;3.999999975690116e-08
50,800000000,50.8,imu_link,0.01357631411936455,-0.0030108988727335795,-0.006986687436016168,0.00018581350288217737,-9.87226207330986e-05,9.800176361463793,-4.614601389567905e-10,3.013362867977765e-09,-8.564609255938887e-08,0.9999999999999963,0.0;0.0;0.0;0.0;0.0;0.0;0.0;0.0;0.0,7.621289842063561e-05;0.0;0.0;0.0;7.621289842063561e-05;0.0;0.0;0.0;7.621289842063561e-05,3.999999975690116e-08;0.0;0.0;0.0;3.999999975690116e-08;0.0;0.0;0.0;3.999999975690116e-08
50,820000000,50.82,imu_link,0.00020918508034398298,0.004788292233144549,-0.009332441060996947,0.0003188754795359477,-6.226251444923115e-06,9.800000081069413,-4.6148249587425654e-10,3.0129893581917588e-09,-8.564609255936517e-08,0.9999999999999963,0.0;0.0;0.0;0.0;0.0;0.0;0.0;0.0;0.0,7.621289842063561e-05;0.0;0.0;0.0;7.621289842063561e-05;0.0;0.0;0.0;7.621289842063561e-05,3.999999975690116e-08;0.0;0.0;0.0;3.999999975690116e-08;0.0;0.0;0.0;3.999999975690116e-08
50,840000000,50.84,imu_link,-0.004377638702113658,-0.016480664272358076,-0.007606495848073835,0.0001516102305914632,0.00022034118036900343,9.799894927789378,-4.6150078070975345e-10,3.0126838614138355e-09,-8.564609255932972e-08,0.9999999999999963,0.0;0.0;0.0;0.0;0.0;0.0;0.0;0.0;0.0,7.621289842063561e-05;0.0;0.0;0.0;7.621289842063561e-05;0.0;0.0;0.0;7.621289842063561e-05,3.999999975690116e-08;0.0;0.0;0.0;3.999999975690116e-08;0.0;0.0;0.0;3.999999975690116e-08
50,860000000,50.86,imu_link,-0.013811538700311704,-0.0011829883411624076,-0.008386466022298478,5.846837282868867e-05,-0.0002118405389861357,9.799768630220884,-4.61515735714439e-10,3.012433994164722e-09,-8.564609255928563e-08,0.9999999999999963,0.0;0.0;0.0;0.0;0.0;0.0;0.0;0.0;0.0,7.621289842063561e-05;0.0;0.0;0.0;7.621289842063561e-05;0.0;0.0;0.0;7.621289842063561e-05,3.999999975690116e-08;0.0;0.0;0.0;3.999999975690116e-08;0.0;0.0;0.0;3.999999975690116e-08
50,880000000,50.88,imu_link,-0.0024549054101902987,-0.00013643053746350257,-0.010156743879866653,-0.00015129018349559106,-1.9013251984222038e-05,9.800349836207063,-4.615279670547473e-10,3.012229626242902e-09,-8.564609255923142e-08,0.9999999999999963,0.0;0.0;0.0;0.0;0.0;0.0;0.0;0.0;0.0,7.621289842063561e-05;0.0;0.0;0.0;7.621289842063561e-05;0.0;0.0;0.0;7.621289842063561e-05,3.999999975690116e-08;0.0;0.0;0.0;3.999999975690116e-08;0.0;0.0;0.0;3.999999975690116e-08
50,900000000,50.9,imu_link,-0.026025538735465998,-0.0025754321629952253,0.0006336634901942667,8.4922356102855e-06,-0.0002164184012287944,9.800570034227116,-4.6153797047924425e-10,3.012062472030619e-09,-8.564609255917294e-08,0.9999999999999963,0.0;0.0;0.0;0.0;0.0;0.0;0.0;0.0;0.0,7.621289842063561e-05;0.0;0.0;0.0;7.621289842063561e-05;0.0;0.0;0.0;7.621289842063561e-05,3.999999975690116e-08;0.0;0.0;0.0;3.999999975690116e-08;0.0;0.0;0.0;3.999999975690116e-08
50,920000000,50.92,imu_link,-0.0019402691737454476,0.0054008951510132455,-0.00851597313234576,0.00043561546513673824,0.0002304669565834526,9.800155139327195,-4.615461524936491e-10,3.011925754585233e-09,-8.564609255911061e-08,0.9999999999999963,0.0;0.0;0.0;0.0;0.0;0.0;0.0;0.0;0.0,7.621289842063561e-05;0.0;0.0;0.0;7.621289842063561e-05;0.0;0.0;0.0;7.621289842063561e-05,3.999999975690116e-08;0.0;0.0;0.0;3.999999975690116e-08;0.0;0.0;0.0;3.999999975690116e-08
50,940000000,50.94,imu_link,0.004770886587742706,-0.0071085911573553935,0.003213545558112546,-0.0004071227980962192,-0.00010587331246954001,9.800250573259015,-4.6155284497841584e-10,3.0118139337996112e-09,-8.564609255904372e-08,0.9999999999999963,0.0;0.0;0.0;0.0;0.0;0.0;0.0;0.0;0.0,7.621289842063561e-05;0.0;0.0;0.0;7.621289842063561e-05;0.0;0.0;0.0;7.621289842063561e-05,3.999999975690116e-08;0.0;0.0;0.0;3.999999975690116e-08;0.0;0.0;0.0;3.999999975690116e-08
50,960000000,50.96,imu_link,0.010051598656430958,-0.0023113494974490094,-0.003158732938472305,0.00012816974216835352,-0.00014679365303452258,9.800018370197387,-4.6155831869962536e-10,3.0117224752555773e-09,-8.56460925589748e-08,0.9999999999999963,0.0;0.0;0.0;0.0;0.0;0.0;0.0;0.0;0.0,7.621289842063561e-05;0.0;0.0;0.0;7.621289842063561e-05;0.0;0.0;0.0;7.621289842063561e-05,3.999999975690116e-08;0.0;0.0;0.0;3.999999975690116e-08;0.0;0.0;0.0;3.999999975690116e-08
50,980000000,50.98,imu_link,0.005117371952584962,0.011794058337787662,-0.007997024487570517,0.00014588449904865804,0.0001751557593365667,9.799929961324937,-4.6156279624450626e-10,3.011647669401289e-09,-8.564609255890044e-08,0.9999999999999963,0.0;0.0;0.0;0.0;0.0;0.0;0.0;0.0;0.0,7.621289842063561e-05;0.0;0.0;0.0;7.621289842063561e-05;0.0;0.0;0.0;7.621289842063561e-05,3.999999975690116e-08;0.0;0.0;0.0;3.999999975690116e-08;0.0;0.0;0.0;3.999999975690116e-08
51,0,51.0,imu_link,0.013721169404180122,-0.014888374784320991,-0.011550791937682126,-0.00010825094051322294,2.3469138115754417e-05,9.800516323910701,-4.615664583293611e-10,3.0115864856691464e-09,-8.564609255882749e-08,0.9999999999999963,0.0;0.0;0.0;0.0;0.0;0.0;0.0;0.0;0.0,7.621289842063561e-05;0.0;0.0;0.0;7.621289842063561e-05;0.0;0.0;0.0;7.621289842063561e-05,3.999999975690116e-08;0.0;0.0;0.0;3.999999975690116e-08;0.0;0.0;0.0;3.999999975690116e-08
51,20000000,51.02,imu_link,-0.018120464750174464,-0.0003716125153338037,0.004090440798209607,0.00012570610882207917,2.5130677014472273e-05,9.80005434310621,-4.6156945242299257e-10,3.011536443233027e-09,-8.56460925587527e-08,0.9999999999999963,0.0;0.0;0.0;0.0;0.0;0.0;0.0;0.0;0.0,7.621289842063561e-05;0.0;0.0;0.0;7.621289842063561e-05;0.0;0.0;0.0;7.621289842063561e-05,3.999999975690116e-08;0.0;0.0;0.0;3.999999975690116e-08;0.0;0.0;0.0;3.999999975690116e-08
51,40000000,51.04,imu_link,-0.004950693413126595,-0.0029080294405311982,0.008446164689290608,0.00020449243010563353,-0.00017432653155074305,9.800271421695813,-4.615719029607185e-10,3.0114955124343378e-09,-8.564609255867543e-08,0.9999999999999963,0.0;0.0;0.0;0.0;0.0;0.0;0.0;0.0;0.0,7.621289842063561e-05;0.0;0.0;0.0;7.621289842063561e-05;0.0;0.0;0.0;7.621289842063561e-05,3.999999975690116e-08;0.0;0.0;0.0;3.999999975690116e-08;0.0;0.0;0.0;3.999999975690116e-08
51,60000000,51.06,imu_link,0.010892385908483977,-6.882705717723823e-06,-0.013189828627539767,1.7766203034952612e-05,-4.1065326893408054e-05,9.800181033607005,-4.615739059367783e-10,3.011462035959812e-09,-8.564609255859517e-08,0.9999999999999963,0.0;0.0;0.0;0.0;0.0;0.0;0.0;0.0;0.0,7.621289842063561e-05;0.0;0.0;0.0;7.621289842063561e-05;0.0;0.0;0.0;7.621289842063561e-05,3.999999975690116e-08;0.0;0.0;0.0;3.999999975690116e-08;0.0;0.0;0.0;3.999999975690116e-08
51,80000000,51.08,imu_link,-0.0006027754035721717,0.004635006714522596,-0.0013765442226626103,0.00011349206281862777,0.000398566775830509,9.799996046616348,-4.6157554508854454e-10,3.01143465416209e-09,-8.564609255851275e-08,0.9999999999999963,0.0;0.0;0.0;0.0;0.0;0.0;0.0;0.0;0.0,7.621289842063561e-05;0.0;0.0;0.0;7.621289842063561e-05;0.0;0.0;0.0;7.621289842063561e-05,3.999999975690116e-08;0.0;0.0;0.0;3.999999975690116e-08;0.0;0.0;0.0;3.999999975690116e-08
51,100000000,51.1,imu_link,-0.010168730666667033,-0.020698118071440695,0.0013435035122519416,0.00021302951969932112,6.800659913104195e-05,9.799822308901275,-4.615768858705721e-10,3.011412258998303e-09,-8.564609255842427e-08,0.9999999999999963,0.0;0.0;0.0;0.0;0.0;0.0;0.0;0.0;0.0,7.621289842063561e-05;0.0;0.0;0.0;7.621289842063561e-05;0.0;0.0;0.0;7.621289842063561e-05,3.999999975690116e-08;0.0;0.0;0.0;3.999999975690116e-08;0.0;0.0;0.0;3.999999975690116e-08
51,120000000,51.12,imu_link,-0.005071660044334585,0.0033467300386743524,-0.0047824587819431654,-0.00027439813230131153,0.00015299095510631601,9.80023865506658,-4.6157798331728534e-10,3.011393941715862e-09,-8.564609255833744e-08,0.9999999999999963,0.0;0.0;0.0;0.0;0.0;0.0;0.0;0.0;0.0,7.621289842063561e-05;0.0;0.0;0.0;7.621289842063561e-05;0.0;0.0;0.0;7.621289842063561e-05,3.999999975690116e-08;0.0;0.0;0.0;3.999999975690116e-08;0.0;0.0;0.0;3.999999975690116e-08
51,140000000,51.14,imu_link,0.003587008983527416,0.011536629496205788,-0.0029276996204699057,0.00035147419519201343,-0.00012149230993263028,9.800224435364697,-4.6157887956159603e-10,3.0113789597863234e-09,-8.564609255825271e-08,0.9999999999999963,0.0;0.0;0.0;0.0;0.0;0.0;0.0;0.0;0.0,7.621289842063561e-05;0.0;0.0;0.0;7.621289842063561e-05;0.0;0.0;0.0;7.621289842063561e-05,3.999999975690116e-08;0.0;0.0;0.0;3.999999975690116e-08;0.0;0.0;0.0;3.999999975690116e-08
51,160000000,51.16,imu_link,0.007829393573088893,0.006890581946873508,-0.001839445623011929,-0.0002212102059060052,0.00017608710929810267,9.799905011196126,-4.6157961257140425e-10,3.0113667051401887e-09,-8.564609255816846e-08,0.9999999999999963,0.0;0.0;0.0;0.0;0.0;0.0;0.0;0.0;0.0,7.621289842063561e-05;0.0;0.0;0.0;7.621289842063561e-05;0.0;0.0;0.0;7.621289842063561e-05,3.999999975690116e-08;0.0;0.0;0.0;3.999999975690116e-08;0.0;0.0;0.0;3.999999975690116e-08
51,180000000,51.18,imu_link,0.0021829336034344415,-0.008890266923533322,0.008256071728461394,-3.1434230000404936e-05,0.00020780242025373967,9.800013658848204,-4.615802127437808e-10,3.0113566835870186e-09,-8.564609255808605e-08,0.9999999999999963,0.0;0.0;0.0;0.0;0.0;0.0;0.0;0.0;0.0,7.621289842063561e-05;0.0;0.0;0.0;7.621289842063561e-05;0.0;0.0;0.0;7.621289842063561e-05,3.999999975690116e-08;0.0;0.0;0.0;3.999999975690116e-08;0.0;0.0;0.0;3.999999975690116e-08
51,200000000,51.2,imu_link,-0.015128916588715334,-0.006328622584130459,-8.632469136246838e-05,-5.18479652359222e-05,-0.00046374370475984263,9.800054826868779,-4.6158070404407525e-10,3.0113484872299856e-09,-8.564609255800023e-08,0.9999999999999963,0.0;0.0;0.0;0.0;0.0;0.0;0.0;0.0;0.0,7.621289842063561e-05;0.0;0.0;0.0;7.621289842063561e-05;0.0;0.0;0.0;7.621289842063561e-05,3.999999975690116e-08;0.0;0.0;0.0;3.999999975690116e-08;0.0;0.0;0.0;3.999999975690116e-08
51,220000000,51.22,imu_link,0.013565542095453405,0.0028963316573705094,0.012639017618742077,0.0005924252260368175,0.0002167955109927666,9.80003210034403,-4.6158110552703666e-10,3.0113417822236353e-09,-8.564609255791826e-08,0.9999999999999963,0.0;0.0;0.0;0.0;0.0;0.0;0.0;0.0;0.0,7.621289842063561e-05;0.0;0.0;0.0;7.621289842063561e-05;0.0;0.0;0.0;7.621289842063561e-05,3.999999975690116e-08;0.0;0.0;0.0;3.999999975690116e-08;0.0;0.0;0.0;3.999999975690116e-08
51,240000000,51.24,imu_link,-0.0046862857495363576,-0.0005630712675415068,0.0035115449022703614,0.00013874009420270232,0.00039547186510762746,9.800078699632607,-4.615814342127359e-10,3.0113362982753583e-09,-8.56460925578329e-08,0.9999999999999963,0.0;0.0;0.0;0.0;0.0;0.0;0.0;0.0;0.0,7.621289842063561e-05;0.0;0.0;0.0;7.621289842063561e-05;0.0;0.0;0.0;7.621289842063561e-05,3.999999975690116e-08;0.0;0.0;0.0;3.999999975690116e-08;0.0;0.0;0.0;3.999999975690116e-08
51,260000000,51.26,imu_link,0.010371970188569281,-0.00585574781608277,0.000721276094418094,3.008135103485129e-05,-0.000418781661902963,9.800261106686241,-4.6158170271531036e-10,3.0113318118457425e-09,-8.564609255774805e-08,0.9999999999999963,0.0;0.0;0.0;0.0;0.0;0.0;0.0;0.0;0.0,7.621289842063561e-05;0.0;0.0;0.0;7.621289842063561e-05;0.0;0.0;0.0;7.621289842063561e-05,3.999999975690116e-08;0.0;0.0;0.0;3.999999975690116e-08;0.0;0.0;0.0;3.999999975690116e-08
51,280000000,51.28,imu_link,-0.002464785816809843,-0.009692744741233633,-0.0036479903779394803,-0.00020578622822576832,-0.00011809667874915682,9.799824479583487,-4.615819225802643e-10,3.011328143888732e-09,-8.564609255766415e-08,0.9999999999999963,0.0;0.0;0.0;0.0;0.0;0.0;0.0;0.0;0.0,7.621289842063561e-05;0.0;0.0;0.0;7.621289842063561e-05;0.0;0.0;0.0;7.621289842063561e-05,3.999999975690116e-08;0.0;0.0;0.0;3.999999975690116e-08;0.0;0.0;0.0;3.999999975690116e-08
51,300000000,51.3,imu_link,0.008348875703355246,0.0022847650407786827,0.008939018541318922,-0.00020148435529403991,-0.0001237446906570266,9.800326872200623,-4.615821022320163e-10,3.011325143307018e-09,-8.564609255758165e-08,0.9999999999999963,0.0;0.0;0.0;0.0;0.0;0.0;0.0;0.0;0.0,7.621289842063561e-05;0.0;0.0;0.0;7.621289842063561e-05;0.0;0.0;0.0;7.621289842063561e-05,3.999999975690116e-08;0.0;0.0;0.0;3.999999975690116e-08;0.0;0.0;0.0;3.999999975690116e-08
51,320000000,51.32,imu_link,-0.0015547207354274688,-0.001052159282706148,-0.008638311484367448,0.00026857966058245486,-0.00013705553436687835,9.79997732841277,-4.6158224885007803e-10,3.011322689082366e-09,-8.564609255750086e-08,0.9999999999999963,0.0;0.0;0.0;0.0;0.0;0.0;0.0;0.0;0.0,7.621289842063561e-05;0.0;0.0;0.0;7.621289842063561e-05;0.0;0.0;0.0;7.621289842063561e-05,3.999999975690116e-08;0.0;0.0;0.0;3.999999975690116e-08;0.0;0.0;0.0;3.999999975690116e-08
51,340000000,51.34,imu_link,-0.004716349254591181,0.00896395797299185,-0.008219380003295569,-2.505252935255981e-05,-0.0002977817866983913,9.800186142257964,-4.615823690660833e-10,3.01132068262803e-09,-8.564609255741794e-08,0.9999999999999963,0.0;0.0;0.0;0.0;0.0;0.0;0.0;0.0;0.0,7.621289842063561e-05;0.0;0.0;0.0;7.621289842063561e-05;0.0;0.0;0.0;7.621289842063561e-05,3.999999975690116e-08;0.0;0.0;0.0;3.999999975690116e-08;0.0;0.0;0.0;3.999999975690116e-08
51,360000000,51.36,imu_link,0.0075256648867585395,-0.009511203956461814,0.008018188505628895,0.000303771642587961,-6.733640224726063e-06,9.800027881265134,-4.6158246745054344e-10,3.0113190411573404e-09,-8.564609255733155e-08,0.9999999999999963,0.0;0.0;0.0;0.0;0.0;0.0;0.0;0.0;0.0,7.621289842063561e-05;0.0;0.0;0.0;7.621289842063561e-05;0.0;0.0;0.0;7.621289842063561e-05,3.999999975690116e-08;0.0;0.0;0.0;3.999999975690116e-08;0.0;0.0;0.0;3.999999975690116e-08
51,380000000,51.38,imu_link,0.005041794104837771,0.003608794214644747,-0.005152994106067912,-0.00017300354090843455,-1.6498206571384703e-05,9.80038108862498,-4.6158254847500564e-10,3.0113176987654437e-09,-8.564609255724719e-08,0.9999999999999963,0.0;0.0;0.0;0.0;0.0;0.0;0.0;0.0;0.0,7.621289842063561e-05;0.0;0.0;0.0;7.621289842063561e-05;0.0;0.0;0.0;7.621289842063561e-05,3.999999975690116e-08;0.0;0.0;0.0;3.999999975690116e-08;0.0;0.0;0.0;3.999999975690116e-08
51,400000000,51.4,imu_link,0.0025017826896398337,-0.00686781145425749,-0.0004989337444939302,-1.957018438986403e-06,-0.0005441297024529971,9.799882298687525,-4.6158261425344943e-10,3.0113166002073312e-09,-8.564609255716816e-08,0.9999999999999963,0.0;0.0;0.0;0.0;0.0;0.0;0.0;0.0;0.0,7.621289842063561e-05;0.0;0.0;0.0;7.621289842063561e-05;0.0;0.0;0.0;7.621289842063561e-05,3.999999975690116e-08;0.0;0.0;0.0;3.999999975690116e-08;0.0;0.0;0.0;3.999999975690116e-08
51,420000000,51.42,imu_link,0.004119832157408945,-0.011198028731901344,0.005940060051824052,-1.1073887420227452e-05,-1.8320215544200206e-05,9.800108249875363,-4.6158266731417115e-10,3.0113157000019296e-09,-8.564609255708777e-08,0.9999999999999963,0.0;0.0;0.0;0.0;0.0;0.0;0.0;0.0;0.0,7.621289842063561e-05;0.0;0.0;0.0;7.621289842063561e-05;0.0;0.0;0.0;7.621289842063561e-05,3.999999975690116e-08;0.0;0.0;0.0;3.999999975690116e-08;0.0;0.0;0.0;3.999999975690116e-08
51,440000000,51.44,imu_link,-0.0031388194548589536,-0.005050700878358175,0.012696655124106183,-1.828165425717285e-05,9.824339004167082e-05,9.80032325217757,-4.6158271190353816e-10,3.01131496509209e-09,-8.564609255699948e-08,0.9999999999999963,0.0;0.0;0.0;0.0;0.0;0.0;0.0;0.0;0.0,7.621289842063561e-05;0.0;0.0;0.0;7.621289842063561e-05;0.0;0.0;0.0;7.621289842063561e-05,3.999999975690116e-08;0.0;0.0;0.0;3.999999975690116e-08;0.0;0.0;0.0;3.999999975690116e-08
51,460000000,51.46,imu_link,0.0009940881859012024,-0.007188965650757699,0.011411469308072434,0.0003042220008160711,-0.0005463569659026925,9.800038017972897,-4.615827485174076e-10,3.0113143643334115e-09,-8.564609255691657e-08,0.9999999999999963,0.0;0.0;0.0;0.0;0.0;0.0;0.0;0.0;0.0,7.621289842063561e-05;0.0;0.0;0.0;7.621289842063561e-05;0.0;0.0;0.0;7.621289842063561e-05,3.999999975690116e-08;0.0;0.0;0.0;3.999999975690116e-08;0.0;0.0;0.0;3.999999975690116e-08
51,480000000,51.48,imu_link,0.010231965494894118,0.009432954630525165,0.0029400723962383552,0.0003914169645764061,-0.0003417451560179549,9.799840363615546,-4.6158277683867064e-10,3.0113138743114867e-09,-8.564609255683969e-08,0.9999999999999963,0.0;0.0;0.0;0.0;0.0;0.0;0.0;0.0;0.0,7.621289842063561e-05;0.0;0.0;0.0;7.621289842063561e-05;0.0;0.0;0.0;7.621289842063561e-05,3.999999975690116e-08;0.0;0.0;0.0;3.999999975690116e-08;0.0;0.0;0.0;3.999999975690116e-08
51,500000000,51.5,imu_link,-0.0020866846749607927,-0.0022846450943234038,-0.00772020053448448,-0.00012780283886042838,0.0002221602080469885,9.800017640656794,-4.615828015275646e-10,3.011313471479699e-09,-8.564609255674991e-08,0.9999999999999963,0.0;0.0;0.0;0.0;0.0;0.0;0.0;0.0;0.0,7.621289842063561e-05;0.0;0.0;0.0;7.621289842063561e-05;0.0;0.0;0.0;7.621289842063561e-05,3.999999975690116e-08;0.0;0.0;0.0;3.999999975690116e-08;0.0;0.0;0.0;3.999999975690116e-08
51,520000000,51.52,imu_link,-0.006591594472008603,0.008770246302352742,0.007741329551229332,0.00017682356510984534,0.0001601036873880154,9.800102159596475,-4.615828191486265e-10,3.0113131437341935e-09,-8.5646092556665e-08,0.9999999999999963,0.0;0.0;0.0;0.0;0.0;0.0;0.0;0.0;0.0,7.621289842063561e-05;0.0;0.0;0.0;7.621289842063561e-05;0.0;0.0;0.0;7.621289842063561e-05,3.999999975690116e-08;0.0;0.0;0.0;3.999999975690116e-08;0.0;0.0;0.0;3.999999975690116e-08
51,540000000,51.54,imu_link,0.009829962861937963,0.014821971202942897,-0.003933592667393111,0.00013722177829915996,-0.0002792860846007219,9.799775929537264,-4.6158283685177133e-10,3.011312874759849e-09,-8.564609255658281e-08,0.9999999999999963,0.0;0.0;0.0;0.0;0.0;0.0;0.0;0.0;0.0,7.621289842063561e-05;0.0;0.0;0.0;7.621289842063561e-05;0.0;0.0;0.0;7.621289842063561e-05,3.999999975690116e-08;0.0;0.0;0.0;3.999999975690116e-08;0.0;0.0;0.0;3.999999975690116e-08
51,560000000,51.56,imu_link,-0.0009946117817358927,0.004148305454506386,-0.006997743068096636,6.93612310266612e-05,-0.00021911611285953635,9.800161655378563,-4.615828482627192e-10,3.0113126539047173e-09,-8.564609255651309e-08,0.9999999999999963,0.0;0.0;0.0;0.0;0.0;0.0;0.0;0.0;0.0,7.621289842063561e-05;0.0;0.0;0.0;7.621289842063561e-05;0.0;0.0;0.0;7.621289842063561e-05,3.999999975690116e-08;0.0;0.0;0.0;3.999999975690116e-08;0.0;0.0;0.0;3.999999975690116e-08
51,580000000,51.58,imu_link,0.01585306695915753,-0.005207062609079481,0.008464218981389172,0.00043756788642781205,-0.00011520509969365838,9.800068726476573,-4.615828604512213e-10,3.011312472715024e-09,-8.564609255643405e-08,0.9999999999999963,0.0;0.0;0.0;0.0;0.0;0.0;0.0;0.0;0.0,7.621289842063561e-05;0.0;0.0;0.0;7.621289842063561e-05;0.0;0.0;0.0;7.621289842063561e-05,3.999999975690116e-08;0.0;0.0;0.0;3.999999975690116e-08;0.0;0.0;0.0;3.999999975690116e-08
51,600000000,51.6,imu_link,-0.0037586783796547825,0.001629811839425034,-0.007284341740013586,0.00031606767468919027,-0.00041538205894800463,9.8002708776969,-4.615828706577417e-10,3.01131232604693e-09,-8.564609255635483e-08,0.9999999999999963,0.0;0.0;0.0;0.0;0.0;0.0;0.0;0.0;0.0,7.621289842063561e-05;0.0;0.0;0.0;7.621289842063561e-05;0.0;0.0;0.0;7.621289842063561e-05,3.999999975690116e-08;0.0;0.0;0.0;3.999999975690116e-08;0.0;0.0;0.0;3.999999975690116e-08
51,620000000,51.62,imu_link,0.004026254638674322,0.006059578386142193,0.0027217298821040825,0.0005868297737443615,-0.00016491692596703236,9.799946041212824,-4.615828781377441e-10,3.0113122061695406e-09,-8.564609255627415e-08,0.9999999999999963,0.0;0.0;0.0;0.0;0.0;0.0;0.0;0.0;0.0,7.621289842063561e-05;0.0;0.0;0.0;7.621289842063561e-05;0.0;0.0;0.0;7.621289842063561e-05,3.999999975690116e-08;0.0;0.0;0.0;3.999999975690116e-08;0.0;0.0;0.0;3.999999975690116e-08
51,640000000,51.64,imu_link,0.00014901770189800447,-0.00944407168795392,0.0035138184513396004,-0.000406141752719731,-0.00010377019711060802,9.800091785072413,-4.615828820840172e-10,3.0113121068229367e-09,-8.564609255618882e-08,0.9999999999999963,0.0;0.0;0.0;0.0;0.0;0.0;0.0;0.0;0.0,7.621289842063561e-05;0.0;0.0;0.0;7.621289842063561e-05;0.0;0.0;0.0;7.621289842063561e-05,3.999999975690116e-08;0.0;0.0;0.0;3.999999975690116e-08;0.0;0.0;0.0;3.999999975690116e-08
51,660000000,51.66,imu_link,-0.011995416195005121,0.015073487361487769,-0.007457515923342675,-0.0001965025924594812,0.0001118581860110855,9.800268108743348,-4.615828843068459e-10,3.011312026249541e-09,-8.564609255609738e-08,0.9999999999999963,0.0;0.0;0.0;0.0;0.0;0.0;0.0;0.0;0.0,7.621289842063561e-05;0.0;0.0;0.0;7.621289842063561e-05;0.0;0.0;0.0;7.621289842063561e-05,3.999999975690116e-08;0.0;0.0;0.0;3.999999975690116e-08;0.0;0.0;0.0;3.999999975690116e-08
51,680000000,51.68,imu_link,-0.008626042188786374,-0.001528133953165493,-0.003348092614905489,0.00022542195133392115,-0.000231418764664682,9.800111868852131,-4.6158288407788584e-10,3.011311959165097e-09,-8.564609255601356e-08,0.9999999999999963,0.0;0.0;0.0;0.0;0.0;0.0;0.0;0.0;0.0,7.621289842063561e-05;0.0;0.0;0.0;7.621289842063561e-05;0.0;0.0;0.0;7.621289842063561e-05,3.999999975690116e-08;0.0;0.0;0.0;3.999999975690116e-08;0.0;0.0;0.0;3.999999975690116e-08
51,700000000,51.7,imu_link,-0.020065967661507752,-0.005803716504901065,-0.010732057931482368,-6.005834060228158e-05,-0.00014370266715562792,9.800231460266282,-4.615828843862696e-10,3.0113119058610885e-09,-8.564609255593523e-08,0.9999999999999963,0.0;0.0;0.0;0.0;0.0;0.0;0.0;0.0;0.0,7.621289842063561e-05;0.0;0.0;0.0;7.621289842063561e-05;0.0;0.0;0.0;7.621289842063561e-05,3.999999975690116e-08;0.0;0.0;0.0;3.999999975690116e-08;0.0;0.0;0.0;3.999999975690116e-08
51,720000000,51.72,imu_link,-0.0025154049731159933,-0.004603310046308165,0.005736418772702803,0.00028997603800756157,-0.00024524017719368543,9.79974944904262,-4.6158288728175606e-10,3.0113118618030838e-09,-8.564609255585345e-08,0.9999999999999963,0.0;0.0;0.0;0.0;0.0;0.0;0.0;0.0;0.0,7.621289842063561e-05;0.0;0.0;0.0;7.621289842063561e-05;0.0;0.0;0.0;7.621289842063561e-05,3.999999975690116e-08;0.0;0.0;0.0;3.999999975690116e-08;0.0;0.0;0.0;3.999999975690116e-08
51,740000000,51.74,imu_link,0.0023677229967554903,-0.0023696163744174373,0.003906840317204342,0.00011857167143343786,-9.39546509012173e-05,9.800307683362819,-4.615828925134156e-10,3.0113118281291202e-09,-8.564609255576806e-08,0.9999999999999963,0.0;0.0;0.0;0.0;0.0;0.0;0.0;0.0;0.0,7.621289842063561e-05;0.0;0.0;0.0;7.621289842063561e-05;0.0;0.0;0.0;7.621289842063561e-05,3.999999975690116e-08;0.0;0.0;0.0;3.999999975690116e-08;0.0;0.0;0.0;3.999999975690116e-08
51,760000000,51.76,imu_link,-0.0004675388078519422,-0.0039020687828492423,0.0034701311987671546,8.30611541414926e-05,-6.48409528181871e-05,9.800244014647465,-4.615828962968288e-10,3.011311799871255e-09,-8.564609255568497e-08,0.9999999999999963,0.0;0.0;0.0;0.0;0.0;0.0;0.0;0.0;0.0,7.621289842063561e-05;0.0;0.0;0.0;7.621289842063561e-05;0.0;0.0;0.0;7.621289842063561e-05,3.999999975690116e-08;0.0;0.0;0.0;3.999999975690116e-08;0.0;0.0;0.0;3.999999975690116e-08
51,780000000,51.78,imu_link,0.014855708798897652,0.006495176291996639,-0.020137842987580184,0.0003489061157062153,9.597122773609987e-05,9.800160399417733,-4.615829005817697e-10,3.011311774124014e-09,-8.564609255560535e-08,0.9999999999999963,0.0;0.0;0.0;0.0;0.0;0.0;0.0;0.0;0.0,7.621289842063561e-05;0.0;0.0;0.0;7.621289842063561e-05;0.0;0.0;0.0;7.621289842063561e-05,3.999999975690116e-08;0.0;0.0;0.0;3.999999975690116e-08;0.0;0.0;0.0;3.999999975690116e-08
51,800000000,51.8,imu_link,0.009155445180803735,0.01706137837458675,0.008935264325620343,0.0004715466859257664,-0.0003499384796785368,9.800014311374161,-4.6158290385875627e-10,3.0113117571293896e-09,-8.564609255552198e-08,0.9999999999999963,0.0;0.0;0.0;0.0;0.0;0.0;0.0;0.0;0.0,7.621289842063561e-05;0.0;0.0;0.0;7.621289842063561e-05;0.0;0.0;0.0;7.621289842063561e-05,3.999999975690116e-08;0.0;0.0;0.0;3.999999975690116e-08;0.0;0.0;0.0;3.999999975690116e-08
51,820000000,51.82,imu_link,0.0034509537973377966,0.006883325655989356,0.010754998551616029,0.00028404711955280613,-0.00016624556297394682,9.800087898794493,-4.615829059377769e-10,3.011311741649254e-09,-8.56460925554331e-08,0.9999999999999963,0.0;0.0;0.0;0.0;0.0;0.0;0.0;0.0;0.0,7.621289842063561e-05;0.0;0.0;0.0;7.621289842063561e-05;0.0;0.0;0.0;7.621289842063561e-05,3.999999975690116e-08;0.0;0.0;0.0;3.999999975690116e-08;0.0;0.0;0.0;3.999999975690116e-08
51,840000000,51.84,imu_link,0.027931466867152095,0.01208048070403599,0.005681996473857592,0.00013037998114248352,-0.00019121911192250253,9.800026255868103,-4.6158290803533775e-10,3.011311726190501e-09,-8.564609255533988e-08,0.9999999999999963,0.0;0.0;0.0;0.0;0.0;0.0;0.0;0.0;0.0,7.621289842063561e-05;0.0;0.0;0.0;7.621289842063561e-05;0.0;0.0;0.0;7.621289842063561e-05,3.999999975690116e-08;0.0;0.0;0.0;3.999999975690116e-08;0.0;0.0;0.0;3.999999975690116e-08
51,860000000,51.86,imu_link,-0.0021407430254777185,-0.00952135500351702,0.011187605050426205,1.6901683884859055e-05,-0.00022211645506895955,9.80015283885613,-4.615829090590848e-10,3.0113117187739825e-09,-8.564609255525309e-08,0.9999999999999963,0.0;0.0;0.0;0.0;0.0;0.0;0.0;0.0;0.0,7.621289842063561e-05;0.0;0.0;0.0;7.621289842063561e-05;0.0;0.0;0.0;7.621289842063561e-05,3.999999975690116e-08;0.0;0.0;0.0;3.999999975690116e-08;0.0;0.0;0.0;3.999999975690116e-08
51,880000000,51.88,imu_link,-0.005138147560026481,0.000912846867430747,-0.014367940878606985,4.2701939698702325e-05,3.193054339168691e-05,9.800176529689216,-4.6158290878427514e-10,3.0113117109752765e-09,-8.564609255516415e-08,0.9999999999999963,0.0;0.0;0.0;0.0;0.0;0.0;0.0;0.0;0.0,7.621289842063561e-05;0.0;0.0;0.0;7.621289842063561e-05;0.0;0.0;0.0;7.621289842063561e-05,3.999999975690116e-08;0.0;0.0;0.0;3.999999975690116e-08;0.0;0.0;0.0;3.999999975690116e-08
51,900000000,51.9,imu_link,-0.0067117749664804245,0.0150657433800226,0.008102817736484112,0.00022545541522809006,-0.0004093892791683827,9.800118771667888,-4.61582908481215e-10,3.0113117031656936e-09,-8.564609255507303e-08,0.9999999999999963,0.0;0.0;0.0;0.0;0.0;0.0;0.0;0.0;0.0,7.621289842063561e-05;0.0;0.0;0.0;7.621289842063561e-05;0.0;0.0;0.0;7.621289842063561e-05,3.999999975690116e-08;0.0;0.0;0.0;3.999999975690116e-08;0.0;0.0;0.0;3.999999975690116e-08
51,920000000,51.92,imu_link,-0.0037044387825762993,0.017341850443427047,-0.008482242939186624,6.29236755970883e-05,-0.0001996374885869446,9.80000783125592,-4.6158290821401703e-10,3.0113116957707357e-09,-8.564609255497664e-08,0.9999999999999963,0.0;0.0;0.0;0.0;0.0;0.0;0.0;0.0;0.0,7.621289842063561e-05;0.0;0.0;0.0;7.621289842063561e-05;0.0;0.0;0.0;7.621289842063561e-05,3.999999975690116e-08;0.0;0.0;0.0;3.999999975690116e-08;0.0;0.0;0.0;3.999999975690116e-08
51,940000000,51.94,imu_link,0.007882671193150228,-0.010337468820112067,-0.0029431510624350946,-4.9723554116420566e-05,-0.0002867447437142528,9.800275046194521,-4.6158290792898176e-10,3.011311689986981e-09,-8.564609255488103e-08,0.9999999999999963,0.0;0.0;0.0;0.0;0.0;0.0;0.0;0.0;0.0,7.621289842063561e-05;0.0;0.0;0.0;7.621289842063561e-05;0.0;0.0;0.0;7.621289842063561e-05,3.999999975690116e-08;0.0;0.0;0.0;3.999999975690116e-08;0.0;0.0;0.0;3.999999975690116e-08
51,960000000,51.96,imu_link,-0.013115211238345338,-0.008857031859898312,0.007915364317907188,-3.908578854600639e-05,-0.0003899300435030449,9.799921807751868,-4.6158290767738826e-10,3.0113116841903366e-09,-8.564609255479377e-08,0.9999999999999963,0.0;0.0;0.0;0.0;0.0;0.0;0.0;0.0;0.0,7.621289842063561e-05;0.0;0.0;0.0;7.621289842063561e-05;0.0;0.0;0.0;7.621289842063561e-05,3.999999975690116e-08;0.0;0.0;0.0;3.999999975690116e-08;0.0;0.0;0.0;3.999999975690116e-08
51,980000000,51.98,imu_link,0.0021730919041688156,0.0030779411538951634,-0.0011369677419233372,0.0005508025498340547,0.00024285970599697502,9.799822202778817,-4.6158290747354056e-10,3.0113116791485975e-09,-8.564609255470434e-08,0.9999999999999963,0.0;0.0;0.0;0.0;0.0;0.0;0.0;0.0;0.0,7.621289842063561e-05;0.0;0.0;0.0;7.621289842063561e-05;0.0;0.0;0.0;7.621289842063561e-05,3.999999975690116e-08;0.0;0.0;0.0;3.999999975690116e-08;0.0;0.0;0.0;3.999999975690116e-08
52,0,52.0,imu_link,-0.018536723930351644,0.006367342159184694,-0.007324768409121746,9.684327935574201e-06,-0.00012343013032137693,9.800229290498145,-4.6158290726228856e-10,3.0113116791545578e-09,-8.564609255461315e-08,0.9999999999999963,0.0;0.0;0.0;0.0;0.0;0.0;0.0;0.0;0.0,7.621289842063561e-05;0.0;0.0;0.0;7.621289842063561e-05;0.0;0.0;0.0;7.621289842063561e-05,3.999999975690116e-08;0.0;0.0;0.0;3.999999975690116e-08;0.0;0.0;0.0;3.999999975690116e-08
52,20000000,52.02,imu_link,-0.008690995082798797,0.0031364540593609653,0.008029622832915041,0.0004493121223641891,-0.0004389788199276875,9.800085612544905,-4.615829070595055e-10,3.0113116791684135e-09,-8.564609255452245e-08,0.9999999999999963,0.0;0.0;0.0;0.0;0.0;0.0;0.0;0.0;0.0,7.621289842063561e-05;0.0;0.0;0.0;7.621289842063561e-05;0.0;0.0;0.0;7.621289842063561e-05,3.999999975690116e-08;0.0;0.0;0.0;3.999999975690116e-08;0.0;0.0;0.0;3.999999975690116e-08
52,40000000,52.04,imu_link,0.007423582982229464,-0.0050526660139278085,-0.005022773819854422,-9.442686181704978e-05,-5.7966685948617955e-05,9.799781135082675,-4.61582906864653e-10,3.011311679181706e-09,-8.564609255443424e-08,0.9999999999999963,0.0;0.0;0.0;0.0;0.0;0.0;0.0;0.0;0.0,7.621289842063561e-05;0.0;0.0;0.0;7.621289842063561e-05;0.0;0.0;0.0;7.621289842063561e-05,3.999999975690116e-08;0.0;0.0;0.0;3.999999975690116e-08;0.0;0.0;0.0;3.999999975690116e-08
52,60000000,52.06,imu_link,-0.0013091473252145876,0.007113515544787514,0.0003568035764420344,0.0001480475225506617,0.0001352950847743639,9.799996490305478,-4.6158290665232707e-10,3.011311679193348e-09,-8.564609255434617e-08,0.9999999999999963,0.0;0.0;0.0;0.0;0.0;0.0;0.0;0.0;0.0,7.621289842063561e-05;0.0;0.0;0.0;7.621289842063561e-05;0.0;0.0;0.0;7.621289842063561e-05,3.999999975690116e-08;0.0;0.0;0.0;3.999999975690116e-08;0.0;0.0;0.0;3.999999975690116e-08
52,80000000,52.08,imu_link,0.011268769942148087,0.008411829402106578,-0.0029257015523500795,-0.00022368723360376624,-0.00014704147191746002,9.800012104816634,-4.615829064362901e-10,3.011311679209416e-09,-8.564609255425649e-08,0.9999999999999963,0.0;0.0;0.0;0.0;0.0;0.0;0.0;0.0;0.0,7.621289842063561e-05;0.0;0.0;0.0;7.621289842063561e-05;0.0;0.0;0.0;7.621289842063561e-05,3.999999975690116e-08;0.0;0.0;0.0;3.999999975690116e-08;0.0;0.0;0.0;3.999999975690116e-08
52,100000000,52.1,imu_link,0.0017102868150960376,0.0008437056518884703,0.0012185262144873373,-0.0002660137614075113,-0.00017865043340633223,9.799880349597794,-4.6158290623831847e-10,3.011311679218631e-09,-8.564609255416715e-08,0.9999999999999963,0.0;0.0;0.0;0.0;0.0;0.0;0.0;0.0;0.0,7.621289842063561e-05;0.0;0.0;0.0;7.621289842063561e-05;0.0;0.0;0.0;7.621289842063561e-05,3.999999975690116e-08;0.0;0.0;0.0;3.999999975690116e-08;0.0;0.0;0.0;3.999999975690116e-08
52,120000000,52.12,imu_link,0.005084782154435335,-0.011794626344422746,0.0010863951678781133,-5.657884088266398e-05,0.0002825289185637058,9.800282007944922,-4.615829060176171e-10,3.011311679236389e-09,-8.564609255407619e-08,0.9999999999999963,0.0;0.0;0.0;0.0;0.0;0.0;0.0;0.0;0.0,7.621289842063561e-05;0.0;0.0;0.0;7.621289842063561e-05;0.0;0.0;0.0;7.621289842063561e-05,3.999999975690116e-08;0.0;0.0;0.0;3.999999975690116e-08;0.0;0.0;0.0;3.999999975690116e-08
52,140000000,52.14,imu_link,-0.009594122733724507,-0.013083506890336721,-0.008502046533472234,0.00031489794668957614,4.5118660906310674e-05,9.79995146255051,-4.615829058152302e-10,3.0113116792440418e-09,-8.564609255398521e-08,0.9999999999999963,0.0;0.0;0.0;0.0;0.0;0.0;0.0;0.0;0.0,7.621289842063561e-05;0.0;0.0;0.0;7.621289842063561e-05;0.0;0.0;0.0;7.621289842063561e-05,3.999999975690116e-08;0.0;0.0;0.0;3.999999975690116e-08;0.0;0.0;0.0;3.999999975690116e-08
52,160000000,52.16,imu_link,0.005289080041915551,-0.013563326041014514,-0.01707350844579386,-0.00011786153052081596,-4.7959712690333526e-05,9.800322520689798,-4.615829055993088e-10,3.0113116792598033e-09,-8.564609255389479e-08,0.9999999999999963,0.0;0.0;0.0;0.0;0.0;0.0;0.0;0.0;0.0,7.621289842063561e-05;0.0;0.0;0.0;7.621289842063561e-05;0.0;0.0;0.0;7.621289842063561e-05,3.999999975690116e-08;0.0;0.0;0.0;3.999999975690116e-08;0.0;0.0;0.0;3.999999975690116e-08
52,180000000,52.18,imu_link,0.0008989187809786851,-0.004657282064561542,0.005213742469919527,-2.1920977182752257e-05,-0.00022881496325523603,9.799838534579045,-4.615829054021537e-10,3.011311679275218e-09,-8.564609255380621e-08,0.9999999999999963,0.0;0.0;0.0;0.0;0.0;0.0;0.0;0.0;0.0,7.621289842063561e-05;0.0;0.0;0.0;7.621289842063561e-05;0.0;0.0;0.0;7.621289842063561e-05,3.999999975690116e-08;0.0;0.0;0.0;3.999999975690116e-08;0.0;0.0;0.0;3.999999975690116e-08
52,200000000,52.2,imu_link,-0.004683874534328343,-0.006404451343659282,-0.008679392264702587,-0.00010920490480799764,-0.00035974891987402386,9.800128570595596,-4.6158290520734206e-10,3.0113116792970103e-09,-8.564609255371747e-08,0.9999999999999963,0.0;0.0;0.0;0.0;0.0;0.0;0.0;0.0;0.0,7.621289842063561e-05;0.0;0.0;0.0;7.621289842063561e-05;0.0;0.0;0.0;7.621289842063561e-05,3.999999975690116e-08;0.0;0.0;0.0;3.999999975690116e-08;0.0;0.0;0.0;3.999999975690116e-08
52,220000000,52.22,imu_link,0.002092911583691711,-0.005179698651600142,-0.006720449635349099,5.127608868246882e-05,0.00010018969785521442,9.800177743231243,-4.6158290498991733e-10,3.0113116793158518e-09,-8.564609255363083e-08,0.9999999999999963,0.0;0.0;0.0;0.0;0.0;0.0;0.0;0.0;0.0,7.621289842063561e-05;0.0;0.0;0.0;7.621289842063561e-05;0.0;0.0;0.0;7.621289842063561e-05,3.999999975690116e-08;0.0;0.0;0.0;3.999999975690116e-08;0.0;0.0;0.0;3.999999975690116e-08
52,240000000,52.24,imu_link,-0.003195178986597,0.004455015239569695,-0.0002916869690711161,0.0005357040998107458,1.991190114227932e-05,9.7999977395445,-4.6158290477455377e-10,3.0113116793371645e-09,-8.564609255354416e-08,0.9999999999999963,0.0;0.0;0.0;0.0;0.0;0.0;0.0;0.0;0.0,7.621289842063561e-05;0.0;0.0;0.0;7.621289842063561e-05;0.0;0.0;0.0;7.621289842063561e-05,3.999999975690116e-08;0.0;0.0;0.0;3.999999975690116e-08;0.0;0.0;0.0;3.999999975690116e-08
52,260000000,52.26,imu_link,-0.0020430746770353195,0.0031735243268456365,-0.006722117285069249,0.00014101897346336978,5.189282457672e-05,9.799932166908611,-4.6158290453479635e-10,3.0113116793572625e-09,-8.564609255345914e-08,0.9999999999999963,0.0;0.0;0.0;0.0;0.0;0.0;0.0;0.0;0.0,7.621289842063561e-05;0.0;0.0;0.0;7.621289842063561e-05;0.0;0.0;0.0;7.621289842063561e-05,3.999999975690116e-08;0.0;0.0;0.0;3.999999975690116e-08;0.0;0.0;0.0;3.999999975690116e-08
52,280000000,52.28,imu_link,0.009195577794712735,0.0030316087336427844,-0.012428954111657016,0.0004332801170746789,0.00019353854430668267,9.800187764226708,-4.615829043169935e-10,3.011311679372244e-09,-8.56460925533718e-08,0.9999999999999963,0.0;0.0;0.0;0.0;0.0;0.0;0.0;0.0;0.0,7.621289842063561e-05;0.0;0.0;0.0;7.621289842063561e-05;0.0;0.0;0.0;7.621289842063561e-05,3.999999975690116e-08;0.0;0.0;0.0;3.999999975690116e-08;0.0;0.0;0.0;3.999999975690116e-08
52,300000000,52.3,imu_link,0.0042888626669472935,-0.00984712601686106,0.0017905725165565454,3.41013665327853e-05,0.00014610239388816054,9.800109798204662,-4.615829040806527e-10,3.011311679392952e-09,-8.564609255328579e-08,0.9999999999999963,0.0;0.0;0.0;0.0;0.0;0.0;0.0;0.0;0.0,7.621289842063561e-05;0.0;0.0;0.0;7.621289842063561e-05;0.0;0.0;0.0;7.621289842063561e-05,3.999999975690116e-08;0.0;0.0;0.0;3.999999975690116e-08;0.0;0.0;0.0;3.999999975690116e-08
52,320000000,52.32,imu_link,-0.0015197062814266303,-0.004828827949778822,0.01741608740984858,4.047884694549541e-05,3.800596973260762e-05,9.800000834012462,-4.615829039594659e-10,3.0113116793434887e-09,-8.564609255320046e-08,0.9999999999999963,0.0;0.0;0.0;0.0;0.0;0.0;0.0;0.0;0.0,7.621289842063561e-05;0.0;0.0;0.0;7.621289842063561e-05;0.0;0.0;0.0;7.621289842063561e-05,3.999999975690116e-08;0.0;0.0;0.0;3.999999975690116e-08;0.0;0.0;0.0;3.999999975690116e-08
52,340000000,52.34,imu_link,-0.006872209245234811,-0.0035384405399543815,0.008825257490338924,0.00023408838869349845,-9.086606575362322e-05,9.800059915610671,-4.6158290438009864e-10,3.011311679372395e-09,-8.564609255311262e-08,0.9999999999999963,0.0;0.0;0.0;0.0;0.0;0.0;0.0;0.0;0.0,7.621289842063561e-05;0.0;0.0;0.0;7.621289842063561e-05;0.0;0.0;0.0;7.621289842063561e-05,3.999999975690116e-08;0.0;0.0;0.0;3.999999975690116e-08;0.0;0.0;0.0;3.999999975690116e-08
52,360000000,52.36,imu_link,0.003612417417435346,0.008354995084477743,0.0006361364340602733,0.0001690075370788543,0.0003844512390542153,9.799924160619268,-4.615829048141595e-10,3.011311679411791e-09,-8.564609255302477e-08,0.9999999999999963,0.0;0.0;0.0;0.0;0.0;0.0;0.0;0.0;0.0,7.621289842063561e-05;0.0;0.0;0.0;7.621289842063561e-05;0.0;0.0;0.0;7.621289842063561e-05,3.999999975690116e-08;0.0;0.0;0.0;3.999999975690116e-08;0.0;0.0;0.0;3.999999975690116e-08
52,380000000,52.38,imu_link,0.002024518325284209,0.004193123086261344,0.005878521466071632,0.00039850992279118864,-0.00024690760226921853,9.80011353038686,-4.615829052138136e-10,3.011311679104981e-09,-8.56460925529365e-08,0.9999999999999963,0.0;0.0;0.0;0.0;0.0;0.0;0.0;0.0;0.0,7.621289842063561e-05;0.0;0.0;0.0;7.621289842063561e-05;0.0;0.0;0.0;7.621289842063561e-05,3.999999975690116e-08;0.0;0.0;0.0;3.999999975690116e-08;0.0;0.0;0.0;3.999999975690116e-08
52,400000000,52.4,imu_link,0.01539449445212527,-0.007428914274805041,-0.00910232399923087,0.00027980602090116693,-1.332300715479082e-05,9.799858578684201,-4.6158290561329475e-10,3.0113116791384823e-09,-8.56460925528439e-08,0.9999999999999963,0.0;0.0;0.0;0.0;0.0;0.0;0.0;0.0;0.0,7.621289842063561e-05;0.0;0.0;0.0;7.621289842063561e-05;0.0;0.0;0.0;7.621289842063561e-05,3.999999975690116e-08;0.0;0.0;0.0;3.999999975690116e-08;0.0;0.0;0.0;3.999999975690116e-08
52,420000000,52.42,imu_link,0.0007612135997589753,0.0036475047154101757,-0.020197312232239806,0.00012638540033923433,-1.9097511209506906e-05,9.800220427373088,-4.615829060070747e-10,3.011311679152335e-09,-8.564609255275247e-08,0.9999999999999963,0.0;0.0;0.0;0.0;0.0;0.0;0.0;0.0;0.0,7.621289842063561e-05;0.0;0.0;0.0;7.621289842063561e-05;0.0;0.0;0.0;7.621289842063561e-05,3.999999975690116e-08;0.0;0.0;0.0;3.999999975690116e-08;0.0;0.0;0.0;3.999999975690116e-08
52,440000000,52.44,imu_link,0.007659564310784192,0.01346556139293726,-0.0033314402638182305,6.362091374429826e-05,-5.6328579920136374e-05,9.80024215503797,-4.6158290643606954e-10,3.0113116791873116e-09,-8.564609255266105e-08,0.9999999999999963,0.0;0.0;0.0;0.0;0.0;0.0;0.0;0.0;0.0,7.621289842063561e-05;0.0;0.0;0.0;7.621289842063561e-05;0.0;0.0;0.0;7.621289842063561e-05,3.999999975690116e-08;0.0;0.0;0.0;3.999999975690116e-08;0.0;0.0;0.0;3.999999975690116e-08
52,460000000,52.46,imu_link,-0.002871087634891433,0.005299781000237835,-0.0025340493018258764,-0.0001410164562196323,-0.0002873985979584456,9.80012826040606,-4.615829068512397e-10,3.0113116792128322e-09,-8.564609255256832e-08,0.9999999999999963,0.0;0.0;0.0;0.0;0.0;0.0;0.0;0.0;0.0,7.621289842063561e-05;0.0;0.0;0.0;7.621289842063561e-05;0.0;0.0;0.0;7.621289842063561e-05,3.999999975690116e-08;0.0;0.0;0.0;3.999999975690116e-08;0.0;0.0;0.0;3.999999975690116e-08
52,480000000,52.48,imu_link,0.001361060064622057,-0.021123601734880607,-0.005072837478332377,1.4283574527896285e-05,0.0001291302320654171,9.800181485033752,-4.6158290726642617e-10,3.011311679226512e-09,-8.564609255247654e-08,0.9999999999999963,0.0;0.0;0.0;0.0;0.0;0.0;0.0;0.0;0.0,7.621289842063561e-05;0.0;0.0;0.0;7.621289842063561e-05;0.0;0.0;0.0;7.621289842063561e-05,3.999999975690116e-08;0.0;0.0;0.0;3.999999975690116e-08;0.0;0.0;0.0;3.999999975690116e-08
52,500000000,52.5,imu_link,-0.0018937136446709518,0.00623424053126878,0.001004938665375109,1.4189366986152576e-06,3.395912831758211e-05,9.800035234388423,-4.6158290769706885e-10,3.0113116792671685e-09,-8.564609255238424e-08,0.9999999999999963,0.0;0.0;0.0;0.0;0.0;0.0;0.0;0.0;0.0,7.621289842063561e-05;0.0;0.0;0.0;7.621289842063561e-05;0.0;0.0;0.0;7.621289842063561e-05,3.999999975690116e-08;0.0;0.0;0.0;3.999999975690116e-08;0.0;0.0;0.0;3.999999975690116e-08
52,520000000,52.52,imu_link,-0.0026016277428847095,0.005093795339449107,-0.0050348236223393805,6.797043929272023e-05,-0.0002051647940054162,9.80001553376654,-4.615829081193447e-10,3.0113116792719153e-09,-8.564609255229257e-08,0.9999999999999963,0.0;0.0;0.0;0.0;0.0;0.0;0.0;0.0;0.0,7.621289842063561e-05;0.0;0.0;0.0;7.621289842063561e-05;0.0;0.0;0.0;7.621289842063561e-05,3.999999975690116e-08;0.0;0.0;0.0;3.999999975690116e-08;0.0;0.0;0.0;3.999999975690116e-08
52,540000000,52.54,imu_link,0.011220705620403065,0.0062478420479231194,0.006298457335253919,0.0002299737256717697,6.191449259988676e-05,9.800151049005706,-4.6158290946635214e-10,3.0113116792041067e-09,-8.564609255220068e-08,0.9999999999999963,0.0;0.0;0.0;0.0;0.0;0.0;0.0;0.0;0.0,7.621289842063561e-05;0.0;0.0;0.0;7.621289842063561e-05;0.0;0.0;0.0;7.621289842063561e-05,3.999999975690116e-08;0.0;0.0;0.0;3.999999975690116e-08;0.0;0.0;0.0;3.999999975690116e-08
52,560000000,52.56,imu_link,-0.017328297076794306,0.00996276286445005,0.009519324863938625,7.815397108841727e-05,-0.00026876596357526094,9.7999666579814,-4.6158291309213333e-10,3.0113116792643226e-09,-8.564609255211016e-08,0.9999999999999963,0.0;0.0;0.0;0.0;0.0;0.0;0.0;0.0;0.0,7.621289842063561e-05;0.0;0.0;0.0;7.621289842063561e-05;0.0;0.0;0.0;7.621289842063561e-05,3.999999975690116e-08;0.0;0.0;0.0;3.999999975690116e-08;0.0;0.0;0.0;3.999999975690116e-08
52,580000000,52.58,imu_link,0.0007373158958752258,-0.0037426944676344173,0.004474331325510407,0.0005303941256544608,-9.867637141975642e-05,9.800068300130805,-4.6158291472709283e-10,3.011311679485519e-09,-8.564609255202195e-08,0.9999999999999963,0.0;0.0;0.0;0.0;0.0;0.0;0.0;0.0;0.0,7.621289842063561e-05;0.0;0.0;0.0;7.621289842063561e-05;0.0;0.0;0.0;7.621289842063561e-05,3.999999975690116e-08;0.0;0.0;0.0;3.999999975690116e-08;0.0;0.0;0.0;3.999999975690116e-08
52,600000000,52.6,imu_link,0.008374174522760687,-0.004402669408222877,0.015442520774228967,0.00020430008198722038,-0.00044460536099994954,9.800142370056518,-4.6158291473215145e-10,3.011311679537882e-09,-8.564609255193444e-08,0.9999999999999963,0.0;0.0;0.0;0.0;0.0;0.0;0.0;0.0;0.0,7.621289842063561e-05;0.0;0.0;0.0;7.621289842063561e-05;0.0;0.0;0.0;7.621289842063561e-05,3.999999975690116e-08;0.0;0.0;0.0;3.999999975690116e-08;0.0;0.0;0.0;3.999999975690116e-08
52,620000000,52.62,imu_link,0.004762838957922104,0.0009077636667857992,-0.0014835671744339728,0.00036118350319209737,0.00029571409014886015,9.800007857798562,-4.6158291466339e-10,3.011311679200241e-09,-8.56460925518469e-08,0.9999999999999963,0.0;0.0;0.0;0.0;0.0;0.0;0.0;0.0;0.0,7.621289842063561e-05;0.0;0.0;0.0;7.621289842063561e-05;0.0;0.0;0.0;7.621289842063561e-05,3.999999975690116e-08;0.0;0.0;0.0;3.999999975690116e-08;0.0;0.0;0.0;3.999999975690116e-08
52,640000000,52.64,imu_link,0.01905964313102926,0.007896116273915198,-0.0161604582444198,0.00020613019077087827,0.00011138209267414224,9.799953913475475,-4.6158291470125005e-10,3.0113116792532127e-09,-8.564609255176138e-08,0.9999999999999963,0.0;0.0;0.0;0.0;0.0;0.0;0.0;0.0;0.0,7.621289842063561e-05;0.0;0.0;0.0;7.621289842063561e-05;0.0;0.0;0.0;7.621289842063561e-05,3.999999975690116e-08;0.0;0.0;0.0;3.999999975690116e-08;0.0;0.0;0.0;3.999999975690116e-08
52,660000000,52.66,imu_link,0.008751431663665843,-0.012480148568247739,-0.0025078932218770716,-1.742780332474453e-05,-0.00015209679158948903,9.800171759815274,-4.615829145476285e-10,3.0113116793162464e-09,-8.564609255167417e-08,0.9999999999999963,0.0;0.0;0.0;0.0;0.0;0.0;0.0;0.0;0.0,7.621289842063561e-05;0.0;0.0;0.0;7.621289842063561e-05;0.0;0.0;0.0;7.621289842063561e-05,3.999999975690116e-08;0.0;0.0;0.0;3.999999975690116e-08;0.0;0.0;0.0;3.999999975690116e-08
52,680000000,52.68,imu_link,-0.00839571324711103,0.00035902224983101516,-0.010638571587008969,0.00015426402931077704,-0.0006786405594113236,9.800142850306292,-4.6158291440290157e-10,3.011311679385655e-09,-8.564609255158827e-08,0.9999999999999963,0.0;0.0;0.0;0.0;0.0;0.0;0.0;0.0;0.0,7.621289842063561e-05;0.0;0.0;0.0;7.621289842063561e-05;0.0;0.0;0.0;7.621289842063561e-05,3.999999975690116e-08;0.0;0.0;0.0;3.999999975690116e-08;0.0;0.0;0.0;3.999999975690116e-08
52,700000000,52.7,imu_link,-0.005636589420402337,-0.005784577119531028,-0.0002987928065650186,-6.201499525685857e-05,0.0001181474149015084,9.80002084572971,-4.6158291440211135e-10,3.0113116794490812e-09,-8.564609255150154e-08,0.9999999999999963,0.0;0.0;0.0;0.0;0.0;0.0;0.0;0.0;0.0,7.621289842063561e-05;0.0;0.0;0.0;7.621289842063561e-05;0.0;0.0;0.0;7.621289842063561e-05,3.999999975690116e-08;0.0;0.0;0.0;3.999999975690116e-08;0.0;0.0;0.0;3.999999975690116e-08
52,720000000,52.72,imu_link,0.007646415718305644,0.005691543929485113,-0.006997039075065923,0.00012392093258182353,-0.00012712366294268703,9.800291246395,-4.615829146693424e-10,3.0113116795449027e-09,-8.564609255141345e-08,0.9999999999999963,0.0;0.0;0.0;0.0;0.0;0.0;0.0;0.0;0.0,7.621289842063561e-05;0.0;0.0;0.0;7.621289842063561e-05;0.0;0.0;0.0;7.621289842063561e-05,3.999999975690116e-08;0.0;0.0;0.0;3.999999975690116e-08;0.0;0.0;0.0;3.999999975690116e-08
52,740000000,52.74,imu_link,-0.0001998163880562417,0.00010883807563181197,-0.0011893910322816747,-0.0001246068744051309,-8.840538365840534e-05,9.800194000200698,-4.6158291458850477e-10,3.0113116791928174e-09,-8.564609255132545e-08,0.9999999999999963,0.0;0.0;0.0;0.0;0.0;0.0;0.0;0.0;0.0,7.621289842063561e-05;0.0;0.0;0.0;7.621289842063561e-05;0.0;0.0;0.0;7.621289842063561e-05,3.999999975690116e-08;0.0;0.0;0.0;3.999999975690116e-08;0.0;0.0;0.0;3.999999975690116e-08
52,760000000,52.76,imu_link,-0.0009903136112598228,-0.00839305162035416,0.004373451341251689,-0.000214735061707989,1.6208210793102894e-05,9.799772847906043,-4.615829146055603e-10,3.011311679244143e-09,-8.564609255123879e-08,0.9999999999999963,0.0;0.0;0.0;0.0;0.0;0.0;0.0;0.0;0.0,7.621289842063561e-05;0.0;0.0;0.0;7.621289842063561e-05;0.0;0.0;0.0;7.621289842063561e-05,3.999999975690116e-08;0.0;0.0;0.0;3.999999975690116e-08;0.0;0.0;0.0;3.999999975690116e-08
52,780000000,52.78,imu_link,0.008374063766501067,-0.011318405953216556,0.000744133460828972,0.00010964365685246544,-0.00021249344547426762,9.799913916283211,-4.615829146484751e-10,3.0113116793079146e-09,-8.564609255115374e-08,0.9999999999999963,0.0;0.0;0.0;0.0;0.0;0.0;0.0;0.0;0.0,7.621289842063561e-05;0.0;0.0;0.0;7.621289842063561e-05;0.0;0.0;0.0;7.621289842063561e-05,3.999999975690116e-08;0.0;0.0;0.0;3.999999975690116e-08;0.0;0.0;0.0;3.999999975690116e-08
52,800000000,52.8,imu_link,-0.0010638580733163588,0.0008647479753757384,0.016886244593975253,0.0004069503703486465,0.00036164867300763357,9.800157530582847,-4.61582914482346e-10,3.011311679368303e-09,-8.564609255106702e-08,0.9999999999999963,0.0;0.0;0.0;0.0;0.0;0.0;0.0;0.0;0.0,7.621289842063561e-05;0.0;0.0;0.0;7.621289842063561e-05;0.0;0.0;0.0;7.621289842063561e-05,3.999999975690116e-08;0.0;0.0;0.0;3.999999975690116e-08;0.0;0.0;0.0;3.999999975690116e-08
52,820000000,52.82,imu_link,0.005732214935286409,-0.005817344822134866,0.014023150727626924,0.0003466010261657689,-0.0002031207129930382,9.800800950769503,-4.615829147478017e-10,3.0113116794474256e-09,-8.564609255098147e-08,0.9999999999999963,0.0;0.0;0.0;0.0;0.0;0.0;0.0;0.0;0.0,7.621289842063561e-05;0.0;0.0;0.0;7.621289842063561e-05;0.0;0.0;0.0;7.621289842063561e-05,3.999999975690116e-08;0.0;0.0;0.0;3.999999975690116e-08;0.0;0.0;0.0;3.999999975690116e-08
52,840000000,52.84,imu_link,0.009190009805540212,-0.013220050731357463,0.006326442619135015,5.238149776122338e-05,6.971587042466518e-05,9.800367066417605,-4.615829147673274e-10,3.011311679505388e-09,-8.564609255089815e-08,0.9999999999999963,0.0;0.0;0.0;0.0;0.0;0.0;0.0;0.0;0.0,7.621289842063561e-05;0.0;0.0;0.0;7.621289842063561e-05;0.0;0.0;0.0;7.621289842063561e-05,3.999999975690116e-08;0.0;0.0;0.0;3.999999975690116e-08;0.0;0.0;0.0;3.999999975690116e-08
52,860000000,52.86,imu_link,-0.0008673136044222607,-0.001247275596353494,-0.0048419709663052105,0.00027436351639890315,-7.637342862084741e-05,9.800310242657845,-4.6158291454316995e-10,3.0113116791742054e-09,-8.564609255081049e-08,0.9999999999999963,0.0;0.0;0.0;0.0;0.0;0.0;0.0;0.0;0.0,7.621289842063561e-05;0.0;0.0;0.0;7.621289842063561e-05;0.0;0.0;0.0;7.621289842063561e-05,3.999999975690116e-08;0.0;0.0;0.0;3.999999975690116e-08;0.0;0.0;0.0;3.999999975690116e-08
52,880000000,52.88,imu_link,-0.004055090076974236,0.00031629156434211743,-0.007749434701153198,0.00041989897044819016,0.00017271823871005987,9.800197155991427,-4.615829145691283e-10,3.0113116792386287e-09,-8.564609255072538e-08,0.9999999999999963,0.0;0.0;0.0;0.0;0.0;0.0;0.0;0.0;0.0,7.621289842063561e-05;0.0;0.0;0.0;7.621289842063561e-05;0.0;0.0;0.0;7.621289842063561e-05,3.999999975690116e-08;0.0;0.0;0.0;3.999999975690116e-08;0.0;0.0;0.0;3.999999975690116e-08
52,900000000,52.9,imu_link,-0.006287909149426071,-0.0040830778276719285,0.01806167949257674,0.0004218548348304583,-0.0003675199865274853,9.800023543639915,-4.615829146048463e-10,3.0113116793007508e-09,-8.564609255063997e-08,0.9999999999999963,0.0;0.0;0.0;0.0;0.0;0.0;0.0;0.0;0.0,7.621289842063561e-05;0.0;0.0;0.0;7.621289842063561e-05;0.0;0.0;0.0;7.621289842063561e-05,3.999999975690116e-08;0.0;0.0;0.0;3.999999975690116e-08;0.0;0.0;0.0;3.999999975690116e-08
52,920000000,52.92,imu_link,-0.008195706034649128,-0.0002638689238499492,-0.002060172637978642,0.00023789376480648868,0.00015941088298929843,9.799914513516402,-4.615829144873918e-10,3.011311679364914e-09,-8.564609255055539e-08,0.9999999999999963,0.0;0.0;0.0;0.0;0.0;0.0;0.0;0.0;0.0,7.621289842063561e-05;0.0;0.0;0.0;7.621289842063561e-05;0.0;0.0;0.0;7.621289842063561e-05,3.999999975690116e-08;0.0;0.0;0.0;3.999999975690116e-08;0.0;0.0;0.0;3.999999975690116e-08
52,940000000,52.94,imu_link,-0.007413883518082831,-0.004503970742036031,-0.003211251292165026,0.00020379948131765251,-9.455304586651768e-05,9.800431340367483,-4.615829147419541e-10,3.011311679464725e-09,-8.564609255046889e-08,0.9999999999999963,0.0;0.0;0.0;0.0;0.0;0.0;0.0;0.0;0.0,7.621289842063561e-05;0.0;0.0;0.0;7.621289842063561e-05;0.0;0.0;0.0;7.621289842063561e-05,3.999999975690116e-08;0.0;0.0;0.0;3.999999975690116e-08;0.0;0.0;0.0;3.999999975690116e-08
52,960000000,52.96,imu_link,0.010284772856584204,0.0020444127864226976,-0.01378933139577474,-0.0002796942900438485,-0.00011171744582235744,9.800176298274586,-4.6158291460219647e-10,3.011311679521254e-09,-8.564609255038146e-08,0.9999999999999963,0.0;0.0;0.0;0.0;0.0;0.0;0.0;0.0;0.0,7.621289842063561e-05;0.0;0.0;0.0;7.621289842063561e-05;0.0;0.0;0.0;7.621289842063561e-05,3.999999975690116e-08;0.0;0.0;0.0;3.999999975690116e-08;0.0;0.0;0.0;3.999999975690116e-08
52,980000000,52.98,imu_link,-0.014544312660617315,-0.00042247573855897874,-0.010619222909188286,0.0003631754537735151,-0.00018012757891099697,9.800101182677817,-4.615829145428305e-10,3.0113116791764996e-09,-8.564609255029526e-08,0.9999999999999963,0.0;0.0;0.0;0.0;0.0;0.0;0.0;0.0;0.0,7.621289842063561e-05;0.0;0.0;0.0;7.621289842063561e-05;0.0;0.0;0.0;7.621289842063561e-05,3.999999975690116e-08;0.0;0.0;0.0;3.999999975690116e-08;0.0;0.0;0.0;3.999999975690116e-08
53,0,53.0,imu_link,0.008787662044633321,0.008557094727245725,-0.00030531378743211087,0.00034695271538900117,-0.00013279390511588215,9.800182678675462,-4.615829145682485e-10,3.011311679238841e-09,-8.564609255020894e-08,0.9999999999999963,0.0;0.0;0.0;0.0;0.0;0.0;0.0;0.0;0.0,7.621289842063561e-05;0.0;0.0;0.0;7.621289842063561e-05;0.0;0.0;0.0;7.621289842063561e-05,3.999999975690116e-08;0.0;0.0;0.0;3.999999975690116e-08;0.0;0.0;0.0;3.999999975690116e-08
53,20000000,53.02,imu_link,-0.0044435678153878,-0.013819230530272234,-0.0006032551158833872,0.000333786094770312,-1.2596570057502477e-05,9.799974736954235,-4.6158291458706956e-10,3.011311679306256e-09,-8.564609255012192e-08,0.9999999999999963,0.0;0.0;0.0;0.0;0.0;0.0;0.0;0.0;0.0,7.621289842063561e-05;0.0;0.0;0.0;7.621289842063561e-05;0.0;0.0;0.0;7.621289842063561e-05,3.999999975690116e-08;0.0;0.0;0.0;3.999999975690116e-08;0.0;0.0;0.0;3.999999975690116e-08
53,40000000,53.04,imu_link,0.003863766669711131,0.01360423716515633,0.0019947351732450863,0.00029626221221298985,-7.310754318679821e-05,9.800081017252621,-4.6158291444451796e-10,3.0113116793663867e-09,-8.564609255003817e-08,0.9999999999999963,0.0;0.0;0.0;0.0;0.0;0.0;0.0;0.0;0.0,7.621289842063561e-05;0.0;0.0;0.0;7.621289842063561e-05;0.0;0.0;0.0;7.621289842063561e-05,3.999999975690116e-08;0.0;0.0;0.0;3.999999975690116e-08;0.0;0.0;0.0;3.999999975690116e-08
53,60000000,53.06,imu_link,0.010455440930718353,-0.01195670913624359,-0.016608302038042647,0.0002579291073773624,-2.8282313351693684e-05,9.799803651781716,-4.615829144418106e-10,3.011311679418361e-09,-8.564609254995083e-08,0.9999999999999963,0.0;0.0;0.0;0.0;0.0;0.0;0.0;0.0;0.0,7.621289842063561e-05;0.0;0.0;0.0;7.621289842063561e-05;0.0;0.0;0.0;7.621289842063561e-05,3.999999975690116e-08;0.0;0.0;0.0;3.999999975690116e-08;0.0;0.0;0.0;3.999999975690116e-08
53,80000000,53.08,imu_link,0.008799554660694755,0.005140459867541671,0.001762700342212109,0.00030264153342567524,-4.314330828378518e-05,9.800196344200321,-4.61582914680678e-10,3.0113116795131393e-09,-8.564609254986334e-08,0.9999999999999963,0.0;0.0;0.0;0.0;0.0;0.0;0.0;0.0;0.0,7.621289842063561e-05;0.0;0.0;0.0;7.621289842063561e-05;0.0;0.0;0.0;7.621289842063561e-05,3.999999975690116e-08;0.0;0.0;0.0;3.999999975690116e-08;0.0;0.0;0.0;3.999999975690116e-08
53,100000000,53.1,imu_link,0.007282211013585175,0.002711124124232592,-0.010629366638746425,-0.0003212161484810955,-2.456705843197242e-05,9.800300319624975,-4.615829145963547e-10,3.011311679174108e-09,-8.564609254977714e-08,0.9999999999999963,0.0;0.0;0.0;0.0;0.0;0.0;0.0;0.0;0.0,7.621289842063561e-05;0.0;0.0;0.0;7.621289842063561e-05;0.0;0.0;0.0;7.621289842063561e-05,3.999999975690116e-08;0.0;0.0;0.0;3.999999975690116e-08;0.0;0.0;0.0;3.999999975690116e-08
53,120000000,53.12,imu_link,-0.012693577534304083,-0.00796243128316634,0.0030358200575425196,-2.0904036136579665e-05,-0.00018484005207176424,9.800046672072583,-4.6158291462830286e-10,3.0113116792387048e-09,-8.56460925496919e-08,0.9999999999999963,0.0;0.0;0.0;0.0;0.0;0.0;0.0;0.0;0.0,7.621289842063561e-05;0.0;0.0;0.0;7.621289842063561e-05;0.0;0.0;0.0;7.621289842063561e-05,3.999999975690116e-08;0.0;0.0;0.0;3.999999975690116e-08;0.0;0.0;0.0;3.999999975690116e-08
53,140000000,53.14,imu_link,0.009868388447473729,0.007047232749489265,0.00831387859226049,0.00021856697517837973,-7.317080372556266e-05,9.800581691679557,-4.615829146629311e-10,3.0113116793120612e-09,-8.56460925496045e-08,0.9999999999999963,0.0;0.0;0.0;0.0;0.0;0.0;0.0;0.0;0.0,7.621289842063561e-05;0.0;0.0;0.0;7.621289842063561e-05;0.0;0.0;0.0;7.621289842063561e-05,3.999999975690116e-08;0.0;0.0;0.0;3.999999975690116e-08;0.0;0.0;0.0;3.999999975690116e-08
53,160000000,53.16,imu_link,-0.004303694775711821,-0.016524954596937178,-0.01696720579003291,0.00011494198117589996,9.992002889980499e-05,9.799974974005996,-4.6158291451386356e-10,3.011311679371841e-09,-8.56460925495179e-08,0.9999999999999963,0.0;0.0;0.0;0.0;0.0;0.0;0.0;0.0;0.0,7.621289842063561e-05;0.0;0.0;0.0;7.621289842063561e-05;0.0;0.0;0.0;7.621289842063561e-05,3.999999975690116e-08;0.0;0.0;0.0;3.999999975690116e-08;0.0;0.0;0.0;3.999999975690116e-08
53,180000000,53.18,imu_link,0.0070950294021938105,-0.001054583329009315,0.01075521620742105,-6.680282148495659e-07,-0.0002692841277538363,9.800198587440482,-4.6158291476818344e-10,3.0113116794546953e-09,-8.564609254943389e-08,0.9999999999999963,0.0;0.0;0.0;0.0;0.0;0.0;0.0;0.0;0.0,7.621289842063561e-05;0.0;0.0;0.0;7.621289842063561e-05;0.0;0.0;0.0;7.621289842063561e-05,3.999999975690116e-08;0.0;0.0;0.0;3.999999975690116e-08;0.0;0.0;0.0;3.999999975690116e-08
53,200000000,53.2,imu_link,0.007679366704364874,0.0045356730631054346,-0.01635266396391629,5.9324373171622336e-05,-0.000532724818590804,9.80057138464689,-4.6158291440107303e-10,3.0113116794684658e-09,-8.564609254934886e-08,0.9999999999999963,0.0;0.0;0.0;0.0;0.0;0.0;0.0;0.0;0.0,7.621289842063561e-05;0.0;0.0;0.0;7.621289842063561e-05;0.0;0.0;0.0;7.621289842063561e-05,3.999999975690116e-08;0.0;0.0;0.0;3.999999975690116e-08;0.0;0.0;0.0;3.999999975690116e-08
53,220000000,53.22,imu_link,-0.007095096630908065,-0.004714052885580816,-0.01968042606662037,0.0004944601407415785,-0.00023704949691956444,9.8002308375772,-4.6158291463177324e-10,3.011311679553011e-09,-8.56460925492614e-08,0.9999999999999963,0.0;0.0;0.0;0.0;0.0;0.0;0.0;0.0;0.0,7.621289842063561e-05;0.0;0.0;0.0;7.621289842063561e-05;0.0;0.0;0.0;7.621289842063561e-05,3.999999975690116e-08;0.0;0.0;0.0;3.999999975690116e-08;0.0;0.0;0.0;3.999999975690116e-08
53,240000000,53.24,imu_link,0.003764851813945188,-0.008409192828499784,-0.0018785461157474668,0.0003836378093775259,-0.00042352541634569523,9.800155272681085,-4.615829145681019e-10,3.0113116792178387e-09,-8.56460925491756e-08,0.9999999999999963,0.0;0.0;0.0;0.0;0.0;0.0;0.0;0.0;0.0,7.621289842063561e-05;0.0;0.0;0.0;7.621289842063561e-05;0.0;0.0;0.0;7.621289842063561e-05,3.999999975690116e-08;0.0;0.0;0.0;3.999999975690116e-08;0.0;0.0;0.0;3.999999975690116e-08
53,260000000,53.26,imu_link,-0.0037162135375219743,-0.019825546023555244,-0.008894376539376527,1.7470622197681337e-05,-2.8193003516791126e-05,9.799901163846648,-4.61582914597168e-10,3.011311679281738e-09,-8.564609254908866e-08,0.9999999999999963,0.0;0.0;0.0;0.0;0.0;0.0;0.0;0.0;0.0,7.621289842063561e-05;0.0;0.0;0.0;7.621289842063561e-05;0.0;0.0;0.0;7.621289842063561e-05,3.999999975690116e-08;0.0;0.0;0.0;3.999999975690116e-08;0.0;0.0;0.0;3.999999975690116e-08
53,280000000,53.28,imu_link,-0.008058854869109077,0.004645935758373035,0.0006687064810269268,-0.00011316751810658417,-0.0003710009592405985,9.799715083412261,-4.6158291443902594e-10,3.0113116793442075e-09,-8.56460925490018e-08,0.9999999999999963,0.0;0.0;0.0;0.0;0.0;0.0;0.0;0.0;0.0,7.621289842063561e-05;0.0;0.0;0.0;7.621289842063561e-05;0.0;0.0;0.0;7.621289842063561e-05,3.999999975690116e-08;0.0;0.0;0.0;3.999999975690116e-08;0.0;0.0;0.0;3.999999975690116e-08
53,300000000,53.3,imu_link,-0.0017482565204998714,0.007040794226166093,-0.0071345100489877775,-0.00029153230147187513,-0.00010317141154069253,9.799857936067214,-4.615829144235497e-10,3.01131167940785e-09,-8.564609254891404e-08,0.9999999999999963,0.0;0.0;0.0;0.0;0.0;0.0;0.0;0.0;0.0,7.621289842063561e-05;0.0;0.0;0.0;7.621289842063561e-05;0.0;0.0;0.0;7.621289842063561e-05,3.999999975690116e-08;0.0;0.0;0.0;3.999999975690116e-08;0.0;0.0;0.0;3.999999975690116e-08
53,320000000,53.32,imu_link,0.0038278356172067912,0.0016976745602622898,0.005739076183894563,0.00036979643376859063,0.0001891708759580537,9.799890262903597,-4.615829144159486e-10,3.01131167947006e-09,-8.564609254882867e-08,0.9999999999999963,0.0;0.0;0.0;0.0;0.0;0.0;0.0;0.0;0.0,7.621289842063561e-05;0.0;0.0;0.0;7.621289842063561e-05;0.0;0.0;0.0;7.621289842063561e-05,3.999999975690116e-08;0.0;0.0;0.0;3.999999975690116e-08;0.0;0.0;0.0;3.999999975690116e-08
53,340000000,53.34,imu_link,0.00649560865856883,0.005995820538553515,-0.0013869814309480119,-6.311136639408856e-05,-0.0002777634192197628,9.7998208923541,-4.6158291464078e-10,3.011311679566184e-09,-8.564609254874688e-08,0.9999999999999963,0.0;0.0;0.0;0.0;0.0;0.0;0.0;0.0;0.0,7.621289842063561e-05;0.0;0.0;0.0;7.621289842063561e-05;0.0;0.0;0.0;7.621289842063561e-05,3.999999975690116e-08;0.0;0.0;0.0;3.999999975690116e-08;0.0;0.0;0.0;3.999999975690116e-08
53,360000000,53.36,imu_link,0.005684165762797829,0.0011110008271375698,0.007200495650178874,0.0003711473522721322,-0.00021235262380438257,9.7998894045741,-4.615829145259144e-10,3.011311679227198e-09,-8.564609254866469e-08,0.9999999999999963,0.0;0.0;0.0;0.0;0.0;0.0;0.0;0.0;0.0,7.621289842063561e-05;0.0;0.0;0.0;7.621289842063561e-05;0.0;0.0;0.0;7.621289842063561e-05,3.999999975690116e-08;0.0;0.0;0.0;3.999999975690116e-08;0.0;0.0;0.0;3.999999975690116e-08
53,380000000,53.38,imu_link,-0.01330294612869202,0.007471758876772104,-0.008703427338928316,0.0003747529362671942,0.000159648878709495,9.800276449737776,-4.6158291453015953e-10,3.011311679282297e-09,-8.564609254858313e-08,0.9999999999999963,0.0;0.0;0.0;0.0;0.0;0.0;0.0;0.0;0.0,7.621289842063561e-05;0.0;0.0;0.0;7.621289842063561e-05;0.0;0.0;0.0;7.621289842063561e-05,3.999999975690116e-08;0.0;0.0;0.0;3.999999975690116e-08;0.0;0.0;0.0;3.999999975690116e-08
53,400000000,53.4,imu_link,0.004241811752841884,0.011403093543182117,-0.009560649084196553,3.9556101309468165e-05,-0.00019796930789440871,9.800119329440761,-4.615829144796607e-10,3.0113116793468045e-09,-8.564609254850079e-08,0.9999999999999963,0.0;0.0;0.0;0.0;0.0;0.0;0.0;0.0;0.0,7.621289842063561e-05;0.0;0.0;0.0;7.621289842063561e-05;0.0;0.0;0.0;7.621289842063561e-05,3.999999975690116e-08;0.0;0.0;0.0;3.999999975690116e-08;0.0;0.0;0.0;3.999999975690116e-08
53,420000000,53.42,imu_link,0.0075103134042916134,-0.011242537036785256,-0.004617266500019996,-7.649283455075329e-05,0.00015640964456844914,9.799342692506627,-4.615829144773997e-10,3.0113116794079315e-09,-8.56460925484193e-08,0.9999999999999963,0.0;0.0;0.0;0.0;0.0;0.0;0.0;0.0;0.0,7.621289842063561e-05;0.0;0.0;0.0;7.621289842063561e-05;0.0;0.0;0.0;7.621289842063561e-05,3.999999975690116e-08;0.0;0.0;0.0;3.999999975690116e-08;0.0;0.0;0.0;3.999999975690116e-08
53,440000000,53.44,imu_link,-0.004220565298094313,0.0003701644117042755,0.005852693230594959,1.656139443726969e-05,-8.074325452727467e-05,9.800135100817869,-4.615829144474125e-10,3.011311679473265e-09,-8.564609254833678e-08,0.9999999999999963,0.0;0.0;0.0;0.0;0.0;0.0;0.0;0.0;0.0,7.621289842063561e-05;0.0;0.0;0.0;7.621289842063561e-05;0.0;0.0;0.0;7.621289842063561e-05,3.999999975690116e-08;0.0;0.0;0.0;3.999999975690116e-08;0.0;0.0;0.0;3.999999975690116e-08
53,460000000,53.46,imu_link,0.004535791910550052,-0.005386101801944627,-0.0007343305914802453,6.349467364866591e-05,-0.0003798678745335984,9.800415514466959,-4.615829146391632e-10,3.011311679567524e-09,-8.564609254825403e-08,0.9999999999999963,0.0;0.0;0.0;0.0;0.0;0.0;0.0;0.0;0.0,7.621289842063561e-05;0.0;0.0;0.0;7.621289842063561e-05;0.0;0.0;0.0;7.621289842063561e-05,3.999999975690116e-08;0.0;0.0;0.0;3.999999975690116e-08;0.0;0.0;0.0;3.999999975690116e-08
53,480000000,53.48,imu_link,-0.007904536687525365,-0.0025023784995668614,-0.00846395721772101,-0.00017981465479991414,-0.0003464734566096257,9.800368043624333,-4.61582914674246e-10,3.0113116792223332e-09,-8.564609254817237e-08,0.9999999999999963,0.0;0.0;0.0;0.0;0.0;0.0;0.0;0.0;0.0,7.621289842063561e-05;0.0;0.0;0.0;7.621289842063561e-05;0.0;0.0;0.0;7.621289842063561e-05,3.999999975690116e-08;0.0;0.0;0.0;3.999999975690116e-08;0.0;0.0;0.0;3.999999975690116e-08
53,500000000,53.5,imu_link,-0.02533318257695841,0.001907838550484899,-0.00024938643953714815,-1.6337939550592115e-06,0.00021980828143004056,9.799830136930565,-4.6158291464064625e-10,3.0113116792879258e-09,-8.564609254808818e-08,0.9999999999999963,0.0;0.0;0.0;0.0;0.0;0.0;0.0;0.0;0.0,7.621289842063561e-05;0.0;0.0;0.0;7.621289842063561e-05;0.0;0.0;0.0;7.621289842063561e-05,3.999999975690116e-08;0.0;0.0;0.0;3.999999975690116e-08;0.0;0.0;0.0;3.999999975690116e-08
53,520000000,53.52,imu_link,-0.002325179148650439,-0.00029045495585009693,-0.014722859473743612,0.00033040675994228867,-0.00022202761201240622,9.799999039082369,-4.615829144322407e-10,3.011311679355339e-09,-8.564609254800569e-08,0.9999999999999963,0.0;0.0;0.0;0.0;0.0;0.0;0.0;0.0;0.0,7.621289842063561e-05;0.0;0.0;0.0;7.621289842063561e-05;0.0;0.0;0.0;7.621289842063561e-05,3.999999975690116e-08;0.0;0.0;0.0;3.999999975690116e-08;0.0;0.0;0.0;3.999999975690116e-08
53,540000000,53.54,imu_link,-0.0008953967532195585,-0.00697506314131906,-0.010372601064699146,0.0003595517245076062,-0.00022279948662767498,9.800051316977042,-4.615829144054575e-10,3.0113116794139496e-09,-8.564609254792462e-08,0.9999999999999963,0.0;0.0;0.0;0.0;0.0;0.0;0.0;0.0;0.0,7.621289842063561e-05;0.0;0.0;0.0;7.621289842063561e-05;0.0;0.0;0.0;7.621289842063561e-05,3.999999975690116e-08;0.0;0.0;0.0;3.999999975690116e-08;0.0;0.0;0.0;3.999999975690116e-08
53,560000000,53.56,imu_link,0.0014063180404829201,-0.009348396018937558,0.007288641330839859,0.0003991789864163102,-5.025960574650026e-05,9.80020372925748,-4.615829145971373e-10,3.0113116795118953e-09,-8.564609254784278e-08,0.9999999999999963,0.0;0.0;0.0;0.0;0.0;0.0;0.0;0.0;0.0,7.621289842063561e-05;0.0;0.0;0.0;7.621289842063561e-05;0.0;0.0;0.0;7.621289842063561e-05,3.999999975690116e-08;0.0;0.0;0.0;3.999999975690116e-08;0.0;0.0;0.0;3.999999975690116e-08
53,580000000,53.58,imu_link,-0.005960951558039091,0.012430894283645131,-0.014630180579977184,0.0003395064224110264,-0.00022544734799680302,9.799825807975356,-4.6158291467812524e-10,3.0113116791677894e-09,-8.564609254776308e-08,0.9999999999999963,0.0;0.0;0.0;0.0;0.0;0.0;0.0;0.0;0.0,7.621289842063561e-05;0.0;0.0;0.0;7.621289842063561e-05;0.0;0.0;0.0;7.621289842063561e-05,3.999999975690116e-08;0.0;0.0;0.0;3.999999975690116e-08;0.0;0.0;0.0;3.999999975690116e-08
53,600000000,53.6,imu_link,-0.000782700623141429,0.013032551630494323,-0.002513080978670327,0.0004037161424788584,-0.00013591300096602314,9.800329257758754,-4.615829146408286e-10,3.0113116792288274e-09,-8.564609254768155e-08,0.9999999999999963,0.0;0.0;0.0;0.0;0.0;0.0;0.0;0.0;0.0,7.621289842063561e-05;0.0;0.0;0.0;7.621289842063561e-05;0.0;0.0;0.0;7.621289842063561e-05,3.999999975690116e-08;0.0;0.0;0.0;3.999999975690116e-08;0.0;0.0;0.0;3.999999975690116e-08
53,620000000,53.62,imu_link,-0.0008604355795764841,-0.01579282085355982,-0.0005760084478370541,-3.702457234186816e-05,-0.0005424118424272154,9.800388764390496,-4.615829146334028e-10,3.01131167929906e-09,-8.564609254759959e-08,0.9999999999999963,0.0;0.0;0.0;0.0;0.0;0.0;0.0;0.0;0.0,7.621289842063561e-05;0.0;0.0;0.0;7.621289842063561e-05;0.0;0.0;0.0;7.621289842063561e-05,3.999999975690116e-08;0.0;0.0;0.0;3.999999975690116e-08;0.0;0.0;0.0;3.999999975690116e-08
53,640000000,53.64,imu_link,0.0013008381686607964,-0.0022837834574535787,0.008277330917376655,0.0003112150799019318,6.578225967249554e-05,9.800165822734648,-4.6158291443189864e-10,3.011311679354201e-09,-8.564609254751793e-08,0.9999999999999963,0.0;0.0;0.0;0.0;0.0;0.0;0.0;0.0;0.0,7.621289842063561e-05;0.0;0.0;0.0;7.621289842063561e-05;0.0;0.0;0.0;7.621289842063561e-05,3.999999975690116e-08;0.0;0.0;0.0;3.999999975690116e-08;0.0;0.0;0.0;3.999999975690116e-08
53,660000000,53.66,imu_link,0.004105292287080098,0.00045809044940016126,0.0029620594991445525,-2.747853903107757e-05,-0.00027410764866420557,9.799964186043413,-4.615829144247901e-10,3.0113116794198367e-09,-8.564609254743541e-08,0.9999999999999963,0.0;0.0;0.0;0.0;0.0;0.0;0.0;0.0;0.0,7.621289842063561e-05;0.0;0.0;0.0;7.621289842063561e-05;0.0;0.0;0.0;7.621289842063561e-05,3.999999975690116e-08;0.0;0.0;0.0;3.999999975690116e-08;0.0;0.0;0.0;3.999999975690116e-08
53,680000000,53.68,imu_link,0.0005662685637528236,-0.0054299287259226775,-0.007458649000021733,9.053992925502922e-05,-0.00010263090697148396,9.799886499091562,-4.615829146277489e-10,3.0113116795198225e-09,-8.564609254735327e-08,0.9999999999999963,0.0;0.0;0.0;0.0;0.0;0.0;0.0;0.0;0.0,7.621289842063561e-05;0.0;0.0;0.0;7.621289842063561e-05;0.0;0.0;0.0;7.621289842063561e-05,3.999999975690116e-08;0.0;0.0;0.0;3.999999975690116e-08;0.0;0.0;0.0;3.999999975690116e-08
53,700000000,53.7,imu_link,-0.0017145395035245389,-0.002259410465071645,0.007630012035850091,-0.00020395699494396032,-9.422837201398847e-05,9.80018765087578,-4.6158291466358077e-10,3.0113116791758023e-09,-8.564609254726991e-08,0.9999999999999963,0.0;0.0;0.0;0.0;0.0;0.0;0.0;0.0;0.0,7.621289842063561e-05;0.0;0.0;0.0;7.621289842063561e-05;0.0;0.0;0.0;7.621289842063561e-05,3.999999975690116e-08;0.0;0.0;0.0;3.999999975690116e-08;0.0;0.0;0.0;3.999999975690116e-08
53,720000000,53.72,imu_link,0.0019001307745160827,0.0025712486583783513,-0.005044818449720319,9.004527576732698e-05,-0.00018444098434741046,9.800206651290736,-4.615829146646916e-10,3.0113116792388793e-09,-8.56460925471893e-08,0.9999999999999963,0.0;0.0;0.0;0.0;0.0;0.0;0.0;0.0;0.0,7.621289842063561e-05;0.0;0.0;0.0;7.621289842063561e-05;0.0;0.0;0.0;7.621289842063561e-05,3.999999975690116e-08;0.0;0.0;0.0;3.999999975690116e-08;0.0;0.0;0.0;3.999999975690116e-08
53,740000000,53.74,imu_link,0.004572358449057322,0.026516933645408945,-0.0004182127251143272,-3.2632962593251346e-05,-0.00040171647169694717,9.800378505265622,-4.615829146411004e-10,3.0113116793022604e-09,-8.564609254710769e-08,0.9999999999999963,0.0;0.0;0.0;0.0;0.0;0.0;0.0;0.0;0.0,7.621289842063561e-05;0.0;0.0;0.0;7.621289842063561e-05;0.0;0.0;0.0;7.621289842063561e-05,3.999999975690116e-08;0.0;0.0;0.0;3.999999975690116e-08;0.0;0.0;0.0;3.999999975690116e-08
53,760000000,53.76,imu_link,0.0031537686133054376,0.004443045247105271,-0.00234233310990286,-0.000306257573884607,7.046339249141471e-05,9.80000608804131,-4.6158291444122846e-10,3.011311679367462e-09,-8.564609254702485e-08,0.9999999999999963,0.0;0.0;0.0;0.0;0.0;0.0;0.0;0.0;0.0,7.621289842063561e-05;0.0;0.0;0.0;7.621289842063561e-05;0.0;0.0;0.0;7.621289842063561e-05,3.999999975690116e-08;0.0;0.0;0.0;3.999999975690116e-08;0.0;0.0;0.0;3.999999975690116e-08
53,780000000,53.78,imu_link,0.002591934319024254,0.009077986699233214,-0.0076865336409953616,7.256484151404668e-05,-0.0001300375984466475,9.79992810410783,-4.615829144217359e-10,3.011311679431884e-09,-8.564609254694434e-08,0.9999999999999963,0.0;0.0;0.0;0.0;0.0;0.0;0.0;0.0;0.0,7.621289842063561e-05;0.0;0.0;0.0;7.621289842063561e-05;0.0;0.0;0.0;7.621289842063561e-05,3.999999975690116e-08;0.0;0.0;0.0;3.999999975690116e-08;0.0;0.0;0.0;3.999999975690116e-08
53,800000000,53.8,imu_link,-0.015910163906651915,-0.017267659430778466,0.002753912629440803,0.0003579308395892289,-0.00022778003014347454,9.800053481119482,-4.6158291464633245e-10,3.011311679524365e-09,-8.564609254686321e-08,0.9999999999999963,0.0;0.0;0.0;0.0;0.0;0.0;0.0;0.0;0.0,7.621289842063561e-05;0.0;0.0;0.0;7.621289842063561e-05;0.0;0.0;0.0;7.621289842063561e-05,3.999999975690116e-08;0.0;0.0;0.0;3.999999975690116e-08;0.0;0.0;0.0;3.999999975690116e-08
53,820000000,53.82,imu_link,4.992367864449162e-05,0.0023610216384537946,0.0020976366604223396,4.683474108808009e-05,-0.0003208520376358912,9.799676997339933,-4.615829146872461e-10,3.0113116791891066e-09,-8.564609254678142e-08,0.9999999999999963,0.0;0.0;0.0;0.0;0.0;0.0;0.0;0.0;0.0,7.621289842063561e-05;0.0;0.0;0.0;7.621289842063561e-05;0.0;0.0;0.0;7.621289842063561e-05,3.999999975690116e-08;0.0;0.0;0.0;3.999999975690116e-08;0.0;0.0;0.0;3.999999975690116e-08
53,840000000,53.84,imu_link,-0.0014299726980813723,-0.008959830437340182,0.013681761888082376,-7.941200986159946e-05,0.0002231027858201856,9.800026951604531,-4.6158291467027586e-10,3.0113116792581266e-09,-8.56460925466994e-08,0.9999999999999963,0.0;0.0;0.0;0.0;0.0;0.0;0.0;0.0;0.0,7.621289842063561e-05;0.0;0.0;0.0;7.621289842063561e-05;0.0;0.0;0.0;7.621289842063561e-05,3.999999975690116e-08;0.0;0.0;0.0;3.999999975690116e-08;0.0;0.0;0.0;3.999999975690116e-08
53,860000000,53.86,imu_link,-0.003305920680816018,0.0001914520897488325,-0.012312598368471416,0.00025686334516973803,6.845220560210869e-05,9.799927454398313,-4.6158291449661126e-10,3.011311679340677e-09,-8.56460925466156e-08,0.9999999999999963,0.0;0.0;0.0;0.0;0.0;0.0;0.0;0.0;0.0,7.621289842063561e-05;0.0;0.0;0.0;7.621289842063561e-05;0.0;0.0;0.0;7.621289842063561e-05,3.999999975690116e-08;0.0;0.0;0.0;3.999999975690116e-08;0.0;0.0;0.0;3.999999975690116e-08
53,880000000,53.88,imu_link,-0.00956810001417081,0.003008468253416126,-0.005567252581636216,0.0003162263427991955,-0.00023605993256206451,9.80030078680955,-4.615829144759766e-10,3.0113116794059673e-09,-8.56460925465335e-08,0.9999999999999963,0.0;0.0;0.0;0.0;0.0;0.0;0.0;0.0;0.0,7.621289842063561e-05;0.0;0.0;0.0;7.621289842063561e-05;0.0;0.0;0.0;7.621289842063561e-05,3.999999975690116e-08;0.0;0.0;0.0;3.999999975690116e-08;0.0;0.0;0.0;3.999999975690116e-08
53,900000000,53.9,imu_link,0.008874794446469558,0.012206283854463647,-0.00657551324230211,0.0001721708660623215,2.381163384176226e-05,9.799870623885699,-4.615829144811616e-10,3.011311679476765e-09,-8.564609254645261e-08,0.9999999999999963,0.0;0.0;0.0;0.0;0.0;0.0;0.0;0.0;0.0,7.621289842063561e-05;0.0;0.0;0.0;7.621289842063561e-05;0.0;0.0;0.0;7.621289842063561e-05,3.999999975690116e-08;0.0;0.0;0.0;3.999999975690116e-08;0.0;0.0;0.0;3.999999975690116e-08
53,920000000,53.92,imu_link,-0.016948878360049175,0.0017190250722893634,-0.01594631303169465,0.00014334334575026472,8.376368002316247e-05,9.799815467031413,-4.6158291459670083e-10,3.0113116791879093e-09,-8.564609254637013e-08,0.9999999999999963,0.0;0.0;0.0;0.0;0.0;0.0;0.0;0.0;0.0,7.621289842063561e-05;0.0;0.0;0.0;7.621289842063561e-05;0.0;0.0;0.0;7.621289842063561e-05,3.999999975690116e-08;0.0;0.0;0.0;3.999999975690116e-08;0.0;0.0;0.0;3.999999975690116e-08
53,940000000,53.94,imu_link,0.008640559472204379,-7.004445663126943e-05,-0.0021315274534373066,-0.0001977861726199075,-0.0001107955188582073,9.799952640445566,-4.6158291457701125e-10,3.0113116792534563e-09,-8.564609254628961e-08,0.9999999999999963,0.0;0.0;0.0;0.0;0.0;0.0;0.0;0.0;0.0,7.621289842063561e-05;0.0;0.0;0.0;7.621289842063561e-05;0.0;0.0;0.0;7.621289842063561e-05,3.999999975690116e-08;0.0;0.0;0.0;3.999999975690116e-08;0.0;0.0;0.0;3.999999975690116e-08
53,960000000,53.96,imu_link,0.015042828935905563,-0.0059761071205768485,0.005978185486744984,9.063788873101552e-05,-0.00014535800555859671,9.799734178951962,-4.6158291453335514e-10,3.0113116793158406e-09,-8.564609254620921e-08,0.9999999999999963,0.0;0.0;0.0;0.0;0.0;0.0;0.0;0.0;0.0,7.621289842063561e-05;0.0;0.0;0.0;7.621289842063561e-05;0.0;0.0;0.0;7.621289842063561e-05,3.999999975690116e-08;0.0;0.0;0.0;3.999999975690116e-08;0.0;0.0;0.0;3.999999975690116e-08
53,980000000,53.98,imu_link,0.007068119922043911,0.0012100496482277865,-0.00021920191220850738,-0.00037083822540316517,0.00019491281717247204,9.80020825545073,-4.615829145128542e-10,3.0113116793709404e-09,-8.564609254612854e-08,0.9999999999999963,0.0;0.0;0.0;0.0;0.0;0.0;0.0;0.0;0.0,7.621289842063561e-05;0.0;0.0;0.0;7.621289842063561e-05;0.0;0.0;0.0;7.621289842063561e-05,3.999999975690116e-08;0.0;0.0;0.0;3.999999975690116e-08;0.0;0.0;0.0;3.999999975690116e-08
54,0,54.0,imu_link,0.008576859075344506,0.0026461159535528774,0.013985358093097346,0.0001053924973289819,-1.3533893225123241e-06,9.800117374045994,-4.615829147156272e-10,3.0113116794666733e-09,-8.56460925460477e-08,0.9999999999999963,0.0;0.0;0.0;0.0;0.0;0.0;0.0;0.0;0.0,7.621289842063561e-05;0.0;0.0;0.0;7.621289842063561e-05;0.0;0.0;0.0;7.621289842063561e-05,3.999999975690116e-08;0.0;0.0;0.0;3.999999975690116e-08;0.0;0.0;0.0;3.999999975690116e-08
54,20000000,54.02,imu_link,-0.009180245958546865,-0.001261205512219964,0.002355194216745733,-0.0003500178463087897,-7.77009853041389e-05,9.8003089557001,-4.615829146785827e-10,3.011311679536256e-09,-8.564609254596689e-08,0.9999999999999963,0.0;0.0;0.0;0.0;0.0;0.0;0.0;0.0;0.0,7.621289842063561e-05;0.0;0.0;0.0;7.621289842063561e-05;0.0;0.0;0.0;7.621289842063561e-05,3.999999975690116e-08;0.0;0.0;0.0;3.999999975690116e-08;0.0;0.0;0.0;3.999999975690116e-08
54,40000000,54.04,imu_link,-0.0028414383522672917,-0.019237502866189256,-0.009747228892604742,0.00019047933419238686,1.7499724158100634e-05,9.80004132527152,-4.6158291454874886e-10,3.01131167919588e-09,-8.56460925458845e-08,0.9999999999999963,0.0;0.0;0.0;0.0;0.0;0.0;0.0;0.0;0.0,7.621289842063561e-05;0.0;0.0;0.0;7.621289842063561e-05;0.0;0.0;0.0;7.621289842063561e-05,3.999999975690116e-08;0.0;0.0;0.0;3.999999975690116e-08;0.0;0.0;0.0;3.999999975690116e-08
54,60000000,54.06,imu_link,0.004558610361068178,-0.01027648997266884,-0.018239161053779627,1.7705986206861612e-05,4.99961993596042e-05,9.800029442044476,-4.6158291454399123e-10,3.0113116792580463e-09,-8.564609254580557e-08,0.9999999999999963,0.0;0.0;0.0;0.0;0.0;0.0;0.0;0.0;0.0,7.621289842063561e-05;0.0;0.0;0.0;7.621289842063561e-05;0.0;0.0;0.0;7.621289842063561e-05,3.999999975690116e-08;0.0;0.0;0.0;3.999999975690116e-08;0.0;0.0;0.0;3.999999975690116e-08
54,80000000,54.08,imu_link,-0.009837303255071777,-0.00496514138337833,0.0006009816010630357,0.0003724665946308151,-0.0002160460548338353,9.800289608888624,-4.615829145123378e-10,3.011311679315745e-09,-8.564609254572615e-08,0.9999999999999963,0.0;0.0;0.0;0.0;0.0;0.0;0.0;0.0;0.0,7.621289842063561e-05;0.0;0.0;0.0;7.621289842063561e-05;0.0;0.0;0.0;7.621289842063561e-05,3.999999975690116e-08;0.0;0.0;0.0;3.999999975690116e-08;0.0;0.0;0.0;3.999999975690116e-08
54,100000000,54.1,imu_link,-0.009721394143953802,-0.0018946194639149398,-0.006944340427410895,-0.0003284745843681183,-9.627230972180501e-05,9.8001541779148,-4.6158291451690505e-10,3.0113116793650736e-09,-8.564609254564612e-08,0.9999999999999963,0.0;0.0;0.0;0.0;0.0;0.0;0.0;0.0;0.0,7.621289842063561e-05;0.0;0.0;0.0;7.621289842063561e-05;0.0;0.0;0.0;7.621289842063561e-05,3.999999975690116e-08;0.0;0.0;0.0;3.999999975690116e-08;0.0;0.0;0.0;3.999999975690116e-08
54,120000000,54.12,imu_link,0.0005038265531159166,0.0017398777528638777,0.005926097618585459,-0.00015801443110701532,-1.495991709352302e-05,9.799808423385066,-4.615829147189673e-10,3.0113116794652328e-09,-8.564609254556491e-08,0.9999999999999963,0.0;0.0;0.0;0.0;0.0;0.0;0.0;0.0;0.0,7.621289842063561e-05;0.0;0.0;0.0;7.621289842063561e-05;0.0;0.0;0.0;7.621289842063561e-05,3.999999975690116e-08;0.0;0.0;0.0;3.999999975690116e-08;0.0;0.0;0.0;3.999999975690116e-08
54,140000000,54.14,imu_link,0.0019209232251004857,-0.002524471516696172,0.004336431969014504,0.00031314472000665706,-0.00012197113660226576,9.799978349550322,-4.6158291471586675e-10,3.0113116795409748e-09,-8.56460925454835e-08,0.9999999999999963,0.0;0.0;0.0;0.0;0.0;0.0;0.0;0.0;0.0,7.621289842063561e-05;0.0;0.0;0.0;7.621289842063561e-05;0.0;0.0;0.0;7.621289842063561e-05,3.999999975690116e-08;0.0;0.0;0.0;3.999999975690116e-08;0.0;0.0;0.0;3.999999975690116e-08
54,160000000,54.16,imu_link,-0.00035012579262802334,0.001801305526424735,-0.0013525700660581518,0.0003094978483786485,0.0002659056844418533,9.800101573111831,-4.615829145915005e-10,3.0113116791909277e-09,-8.564609254540335e-08,0.9999999999999963,0.0;0.0;0.0;0.0;0.0;0.0;0.0;0.0;0.0,7.621289842063561e-05;0.0;0.0;0.0;7.621289842063561e-05;0.0;0.0;0.0;7.621289842063561e-05,3.999999975690116e-08;0.0;0.0;0.0;3.999999975690116e-08;0.0;0.0;0.0;3.999999975690116e-08
54,180000000,54.18,imu_link,-0.0022189491812373793,-0.002863967165421787,-0.004425476419016765,-0.0003169865897367346,-3.5647769370774154e-05,9.80012185965324,-4.6158291458270887e-10,3.011311679257734e-09,-8.564609254532181e-08,0.9999999999999963,0.0;0.0;0.0;0.0;0.0;0.0;0.0;0.0;0.0,7.621289842063561e-05;0.0;0.0;0.0;7.621289842063561e-05;0.0;0.0;0.0;7.621289842063561e-05,3.999999975690116e-08;0.0;0.0;0.0;3.999999975690116e-08;0.0;0.0;0.0;3.999999975690116e-08
54,200000000,54.2,imu_link,-0.009735889635824821,-0.009283511555816295,-0.0018902025469968576,0.00019300665918809703,-0.00015478319138762523,9.80020881555295,-4.61582914576401e-10,3.011311679321159e-09,-8.56460925452406e-08,0.9999999999999963,0.0;0.0;0.0;0.0;0.0;0.0;0.0;0.0;0.0,7.621289842063561e-05;0.0;0.0;0.0;7.621289842063561e-05;0.0;0.0;0.0;7.621289842063561e-05,3.999999975690116e-08;0.0;0.0;0.0;3.999999975690116e-08;0.0;0.0;0.0;3.999999975690116e-08
54,220000000,54.22,imu_link,0.0016224114390540844,-0.012440918961071428,-0.007705823037926086,0.00030121452795713646,-0.0003291790110221835,9.800212498027665,-4.6158291477857035e-10,3.011311679413076e-09,-8.564609254516021e-08,0.9999999999999963,0.0;0.0;0.0;0.0;0.0;0.0;0.0;0.0;0.0,7.621289842063561e-05;0.0;0.0;0.0;7.621289842063561e-05;0.0;0.0;0.0;7.621289842063561e-05,3.999999975690116e-08;0.0;0.0;0.0;3.999999975690116e-08;0.0;0.0;0.0;3.999999975690116e-08
54,240000000,54.24,imu_link,-0.023080556413584644,0.0025517695407060617,0.0023230214379336683,8.342622431266578e-05,-0.0003251823149028524,9.799955855726004,-4.6158291474884815e-10,3.011311679481664e-09,-8.564609254507892e-08,0.9999999999999963,0.0;0.0;0.0;0.0;0.0;0.0;0.0;0.0;0.0,7.621289842063561e-05;0.0;0.0;0.0;7.621289842063561e-05;0.0;0.0;0.0;7.621289842063561e-05,3.999999975690116e-08;0.0;0.0;0.0;3.999999975690116e-08;0.0;0.0;0.0;3.999999975690116e-08
54,260000000,54.26,imu_link,-0.0019280989026099378,0.006766659829409859,0.00018624370315643767,-0.00026723395363576787,-0.0003370314138361194,9.799856726248892,-4.615829146589127e-10,3.011311679143976e-09,-8.56460925449993e-08,0.9999999999999963,0.0;0.0;0.0;0.0;0.0;0.0;0.0;0.0;0.0,7.621289842063561e-05;0.0;0.0;0.0;7.621289842063561e-05;0.0;0.0;0.0;7.621289842063561e-05,3.999999975690116e-08;0.0;0.0;0.0;3.999999975690116e-08;0.0;0.0;0.0;3.999999975690116e-08
54,280000000,54.28,imu_link,0.0015063415150202532,0.011514385477103024,-0.0110308269067635,0.00011111178942086451,7.347813462847057e-05,9.799980208514945,-4.6158291462298326e-10,3.011311679205145e-09,-8.564609254491643e-08,0.9999999999999963,0.0;0.0;0.0;0.0;0.0;0.0;0.0;0.0;0.0,7.621289842063561e-05;0.0;0.0;0.0;7.621289842063561e-05;0.0;0.0;0.0;7.621289842063561e-05,3.999999975690116e-08;0.0;0.0;0.0;3.999999975690116e-08;0.0;0.0;0.0;3.999999975690116e-08
54,300000000,54.3,imu_link,0.005989934675400897,-0.011105376859850002,0.0049197580292884985,-0.00026944275838036003,-0.00020117592423593252,9.800143480170425,-4.615829146169563e-10,3.0113116792666176e-09,-8.564609254483441e-08,0.9999999999999963,0.0;0.0;0.0;0.0;0.0;0.0;0.0;0.0;0.0,7.621289842063561e-05;0.0;0.0;0.0;7.621289842063561e-05;0.0;0.0;0.0;7.621289842063561e-05,3.999999975690116e-08;0.0;0.0;0.0;3.999999975690116e-08;0.0;0.0;0.0;3.999999975690116e-08
54,320000000,54.32,imu_link,0.002018014981379895,-0.006058673283535772,0.003022651352900421,-0.00011471649712321738,0.00020386463852177164,9.800217543154806,-4.6158291444806227e-10,3.011311679336199e-09,-8.564609254475303e-08,0.9999999999999963,0.0;0.0;0.0;0.0;0.0;0.0;0.0;0.0;0.0,7.621289842063561e-05;0.0;0.0;0.0;7.621289842063561e-05;0.0;0.0;0.0;7.621289842063561e-05,3.999999975690116e-08;0.0;0.0;0.0;3.999999975690116e-08;0.0;0.0;0.0;3.999999975690116e-08
54,340000000,54.34,imu_link,0.00045280183464149103,-0.00038856364467151195,-0.010067354271622074,-5.794474461485419e-06,-3.356771387269689e-05,9.800131077581817,-4.615829144235422e-10,3.011311679398062e-09,-8.564609254467251e-08,0.9999999999999963,0.0;0.0;0.0;0.0;0.0;0.0;0.0;0.0;0.0,7.621289842063561e-05;0.0;0.0;0.0;7.621289842063561e-05;0.0;0.0;0.0;7.621289842063561e-05,3.999999975690116e-08;0.0;0.0;0.0;3.999999975690116e-08;0.0;0.0;0.0;3.999999975690116e-08
54,360000000,54.36,imu_link,0.017147808741869677,0.00414304433540462,-0.017558377763241238,0.00038941034842436995,0.00011329236858302067,9.800361700528816,-4.615829144109257e-10,3.011311679464349e-09,-8.56460925445908e-08,0.9999999999999963,0.0;0.0;0.0;0.0;0.0;0.0;0.0;0.0;0.0,7.621289842063561e-05;0.0;0.0;0.0;7.621289842063561e-05;0.0;0.0;0.0;7.621289842063561e-05,3.999999975690116e-08;0.0;0.0;0.0;3.999999975690116e-08;0.0;0.0;0.0;3.999999975690116e-08
54,380000000,54.38,imu_link,-0.000998445464102952,-0.007989488301353065,-0.003047946782114877,0.00013109975244385416,9.964724009878221e-05,9.800331458654238,-4.615829146925504e-10,3.0113116791512528e-09,-8.564609254451091e-08,0.9999999999999963,0.0;0.0;0.0;0.0;0.0;0.0;0.0;0.0;0.0,7.621289842063561e-05;0.0;0.0;0.0;7.621289842063561e-05;0.0;0.0;0.0;7.621289842063561e-05,3.999999975690116e-08;0.0;0.0;0.0;3.999999975690116e-08;0.0;0.0;0.0;3.999999975690116e-08
54,400000000,54.4,imu_link,0.01362964701192883,0.006796729672666953,-0.006757489195298694,0.00025575276820378323,2.218380029936405e-06,9.799774610461885,-4.6158291468653317e-10,3.0113116792157592e-09,-8.564609254443024e-08,0.9999999999999963,0.0;0.0;0.0;0.0;0.0;0.0;0.0;0.0;0.0,7.621289842063561e-05;0.0;0.0;0.0;7.621289842063561e-05;0.0;0.0;0.0;7.621289842063561e-05,3.999999975690116e-08;0.0;0.0;0.0;3.999999975690116e-08;0.0;0.0;0.0;3.999999975690116e-08
54,420000000,54.42,imu_link,0.004798911266603358,-0.009454991226213927,-0.022639517887162477,0.0005014626242343643,-0.00016910845421971943,9.800087217448539,-4.615829145070837e-10,3.0113116792703804e-09,-8.564609254434927e-08,0.9999999999999963,0.0;0.0;0.0;0.0;0.0;0.0;0.0;0.0;0.0,7.621289842063561e-05;0.0;0.0;0.0;7.621289842063561e-05;0.0;0.0;0.0;7.621289842063561e-05,3.999999975690116e-08;0.0;0.0;0.0;3.999999975690116e-08;0.0;0.0;0.0;3.999999975690116e-08
54,440000000,54.44,imu_link,0.0067724839604166994,0.0031505956069905233,0.007054752688413977,0.0001750377235501373,-0.00013182625273897033,9.79992417869181,-4.6158291448789443e-10,3.0113116793398318e-09,-8.564609254426937e-08,0.9999999999999963,0.0;0.0;0.0;0.0;0.0;0.0;0.0;0.0;0.0,7.621289842063561e-05;0.0;0.0;0.0;7.621289842063561e-05;0.0;0.0;0.0;7.621289842063561e-05,3.999999975690116e-08;0.0;0.0;0.0;3.999999975690116e-08;0.0;0.0;0.0;3.999999975690116e-08
54,460000000,54.46,imu_link,-0.006191764530514665,-0.0020861964013033562,0.010841348160355653,7.5283123439169e-05,4.214693332397622e-05,9.800151651036558,-4.615829144426887e-10,3.0113116794050347e-09,-8.564609254418676e-08,0.9999999999999963,0.0;0.0;0.0;0.0;0.0;0.0;0.0;0.0;0.0,7.621289842063561e-05;0.0;0.0;0.0;7.621289842063561e-05;0.0;0.0;0.0;7.621289842063561e-05,3.999999975690116e-08;0.0;0.0;0.0;3.999999975690116e-08;0.0;0.0;0.0;3.999999975690116e-08
54,480000000,54.48,imu_link,0.0002420593690361663,-0.010879712929018796,-0.008046619320547937,0.00020562858973780765,-6.489636366280288e-05,9.800127527914213,-4.6158291443347995e-10,3.0113116794722754e-09,-8.564609254410591e-08,0.9999999999999963,0.0;0.0;0.0;0.0;0.0;0.0;0.0;0.0;0.0,7.621289842063561e-05;0.0;0.0;0.0;7.621289842063561e-05;0.0;0.0;0.0;7.621289842063561e-05,3.999999975690116e-08;0.0;0.0;0.0;3.999999975690116e-08;0.0;0.0;0.0;3.999999975690116e-08
54,500000000,54.5,imu_link,-0.0009168337239899082,-5.20070478416482e-07,0.027886775709792096,-0.00038088680590253165,0.00012863592557336257,9.799997312514822,-4.6158291464846295e-10,3.011311679561287e-09,-8.564609254402541e-08,0.9999999999999963,0.0;0.0;0.0;0.0;0.0;0.0;0.0;0.0;0.0,7.621289842063561e-05;0.0;0.0;0.0;7.621289842063561e-05;0.0;0.0;0.0;7.621289842063561e-05,3.999999975690116e-08;0.0;0.0;0.0;3.999999975690116e-08;0.0;0.0;0.0;3.999999975690116e-08
54,520000000,54.52,imu_link,-0.00775755150463877,0.0009398564206479864,-0.012148148873330787,-0.00014668887626528924,0.00011305817608463417,9.800357829928885,-4.6158291457540383e-10,3.011311679219956e-09,-8.564609254394427e-08,0.9999999999999963,0.0;0.0;0.0;0.0;0.0;0.0;0.0;0.0;0.0,7.621289842063561e-05;0.0;0.0;0.0;7.621289842063561e-05;0.0;0.0;0.0;7.621289842063561e-05,3.999999975690116e-08;0.0;0.0;0.0;3.999999975690116e-08;0.0;0.0;0.0;3.999999975690116e-08
54,540000000,54.54,imu_link,0.020116364033126097,0.009999666777623513,0.011149716526631052,-1.784000183371122e-05,0.00046087829255139876,9.800338991243532,-4.6158291459160706e-10,3.0113116792820383e-09,-8.564609254386487e-08,0.9999999999999963,0.0;0.0;0.0;0.0;0.0;0.0;0.0;0.0;0.0,7.621289842063561e-05;0.0;0.0;0.0;7.621289842063561e-05;0.0;0.0;0.0;7.621289842063561e-05,3.999999975690116e-08;0.0;0.0;0.0;3.999999975690116e-08;0.0;0.0;0.0;3.999999975690116e-08
54,560000000,54.56,imu_link,0.02829587928427608,0.013071148420530672,-0.0018292210379902,0.00045951446433879767,-0.0003323938586859893,9.799882225723213,-4.61582914409191e-10,3.0113116793383503e-09,-8.564609254378459e-08,0.9999999999999963,0.0;0.0;0.0;0.0;0.0;0.0;0.0;0.0;0.0,7.621289842063561e-05;0.0;0.0;0.0;7.621289842063561e-05;0.0;0.0;0.0;7.621289842063561e-05,3.999999975690116e-08;0.0;0.0;0.0;3.999999975690116e-08;0.0;0.0;0.0;3.999999975690116e-08
54,580000000,54.58,imu_link,0.008809116326218277,-0.0018197503488211616,-0.004551997804676233,0.00022534656287726028,-9.903723363213292e-05,9.800281038010317,-4.6158291441984124e-10,3.0113116794047216e-09,-8.564609254370084e-08,0.9999999999999963,0.0;0.0;0.0;0.0;0.0;0.0;0.0;0.0;0.0,7.621289842063561e-05;0.0;0.0;0.0;7.621289842063561e-05;0.0;0.0;0.0;7.621289842063561e-05,3.999999975690116e-08;0.0;0.0;0.0;3.999999975690116e-08;0.0;0.0;0.0;3.999999975690116e-08
54,600000000,54.6,imu_link,0.01280468405254846,0.016725981533788296,0.007711021171764283,0.5401590760539622,2.106939250038229e-05,9.800363281653835,-3.994216941792828e-10,2.806610980154296e-09,-8.537717096004663e-08,0.9999999999999963,0.0;0.0;0.0;0.0;0.0;0.0;0.0;0.0;0.0,7.621289842063561e-05;0.0;0.0;0.0;7.621289842063561e-05;0.0;0.0;0.0;7.621289842063561e-05,3.999999975690116e-08;0.0;0.0;0.0;3.999999975690116e-08;0.0;0.0;0.0;3.999999975690116e-08
54,620000000,54.62,imu_link,-0.008043784638524776,-0.0022292914587014835,0.013352542805466567,0.5396744715465781,-0.00017360161861211504,9.799897519574683,-2.4789847599611087e-10,3.140752591274614e-09,-8.456640307163081e-08,0.9999999999999964,0.0;0.0;0.0;0.0;0.0;0.0;0.0;0.0;0.0,7.621289842063561e-05;0.0;0.0;0.0;7.621289842063561e-05;0.0;0.0;0.0;7.621289842063561e-05,3.999999975690116e-08;0.0;0.0;0.0;3.999999975690116e-08;0.0;0.0;0.0;3.999999975690116e-08
54,640000000,54.64,imu_link,-0.00837173776423072,5.763301401053314e-05,-0.007006933701158824,0.5289399185383779,-6.365389017251726e-05,9.800246485246257,-1.1373406601979463e-10,5.1134189716956624e-09,-8.333540265208053e-08,0.9999999999999966,0.0;0.0;0.0;0.0;0.0;0.0;0.0;0.0;0.0,7.621289842063561e-05;0.0;0.0;0.0;7.621289842063561e-05;0.0;0.0;0.0;7.621289842063561e-05,3.999999975690116e-08;0.0;0.0;0.0;3.999999975690116e-08;0.0;0.0;0.0;3.999999975690116e-08
54,660000000,54.66,imu_link,0.0009417584220481817,-0.009657402355377029,-0.015649685303320032,0.5289089931091793,-0.0001648026732859841,9.800275673641428,-4.982598956489694e-12,7.595576670051821e-09,-8.209434447082613e-08,0.9999999999999966,0.0;0.0;0.0;0.0;0.0;0.0;0.0;0.0;0.0,7.621289842063561e-05;0.0;0.0;0.0;7.621289842063561e-05;0.0;0.0;0.0;7.621289842063561e-05,3.999999975690116e-08;0.0;0.0;0.0;3.999999975690116e-08;0.0;0.0;0.0;3.999999975690116e-08
54,680000000,54.68,imu_link,0.012945513540561891,-0.010288122301228825,0.01891148023844527,0.5282682640652757,-0.0001322770687935587,9.800083829511621,8.396587539140867e-11,1.0273590468283773e-08,-8.091241312094627e-08,0.9999999999999967,0.0;0.0;0.0;0.0;0.0;0.0;0.0;0.0;0.0,7.621289842063561e-05;0.0;0.0;0.0;7.621289842063561e-05;0.0;0.0;0.0;7.621289842063561e-05,3.999999975690116e-08;0.0;0.0;0.0;3.999999975690116e-08;0.0;0.0;0.0;3.999999975690116e-08
54,700000000,54.7,imu_link,0.007644033004016421,0.01386383917755981,-0.01735760710600697,0.5290593230757236,-2.857397563109517e-05,9.800046686310937,1.5671734437939292e-10,1.3091471716879417e-08,-7.978673613204864e-08,0.9999999999999967,0.0;0.0;0.0;0.0;0.0;0.0;0.0;0.0;0.0,7.621289842063561e-05;0.0;0.0;0.0;7.621289842063561e-05;0.0;0.0;0.0;7.621289842063561e-05,3.999999975690116e-08;0.0;0.0;0.0;3.999999975690116e-08;0.0;0.0;0.0;3.999999975690116e-08
54,720000000,54.72,imu_link,0.0027445889008367555,-0.005420119236096523,0.0007001389084247843,0.5286295258142067,0.00021211649749045743,9.800043419466322,2.1622112945744753e-10,1.600063901700922e-08,-7.871475739027187e-08,0.9999999999999968,0.0;0.0;0.0;0.0;0.0;0.0;0.0;0.0;0.0,7.621289842063561e-05;0.0;0.0;0.0;7.621289842063561e-05;0.0;0.0;0.0;7.621289842063561e-05,3.999999975690116e-08;0.0;0.0;0.0;3.999999975690116e-08;0.0;0.0;0.0;3.999999975690116e-08
54,740000000,54.74,imu_link,-0.008830997902618307,-0.0019642712431291393,-0.006992207506383511,0.5285320059410192,-0.00024961099793086966,9.800188723770702,2.648895411033739e-10,1.8958672073080152e-08,-7.769417961124447e-08,0.9999999999999968,0.0;0.0;0.0;0.0;0.0;0.0;0.0;0.0;0.0,7.621289842063561e-05;0.0;0.0;0.0;7.621289842063561e-05;0.0;0.0;0.0;7.621289842063561e-05,3.999999975690116e-08;0.0;0.0;0.0;3.999999975690116e-08;0.0;0.0;0.0;3.999999975690116e-08
54,760000000,54.76,imu_link,-0.008788708313616686,0.012743880459309588,0.0001190699759194684,0.5287989343914891,-0.0002879330929758802,9.800094227859285,3.0469561376093375e-10,2.1928304431403982e-08,-7.672291745139889e-08,0.9999999999999968,0.0;0.0;0.0;0.0;0.0;0.0;0.0;0.0;0.0,7.621289842063561e-05;0.0;0.0;0.0;7.621289842063561e-05;0.0;0.0;0.0;7.621289842063561e-05,3.999999975690116e-08;0.0;0.0;0.0;3.999999975690116e-08;0.0;0.0;0.0;3.999999975690116e-08
54,780000000,54.78,imu_link,0.022154783802199065,0.008982433303466984,0.015636436961952115,0.5284663847067813,-1.5124020075560246e-05,9.800077336474414,3.3725308547706266e-10,2.487661102093761e-08,-7.579905926726549e-08,0.9999999999999968,0.0;0.0;0.0;0.0;0.0;0.0;0.0;0.0;0.0,7.621289842063561e-05;0.0;0.0;0.0;7.621289842063561e-05;0.0;0.0;0.0;7.621289842063561e-05,3.999999975690116e-08;0.0;0.0;0.0;3.999999975690116e-08;0.0;0.0;0.0;3.999999975690116e-08
54,800000000,54.8,imu_link,0.012723237342363301,0.006085175841857499,-0.004805358689775067,0.5287763117680027,-0.00042459090640564225,9.800105631883316,3.6388187789818673e-10,2.77743545375397e-08,-7.492083596017774e-08,0.9999999999999968,0.0;0.0;0.0;0.0;0.0;0.0;0.0;0.0;0.0,7.621289842063561e-05;0.0;0.0;0.0;7.621289842063561e-05;0.0;0.0;0.0;7.621289842063561e-05,3.999999975690116e-08;0.0;0.0;0.0;3.999999975690116e-08;0.0;0.0;0.0;3.999999975690116e-08
54,820000000,54.82,imu_link,-0.008937612647947922,-0.013628486039469444,0.0014567585107752123,0.5285523550067526,-0.00011765391442108609,9.79993877154367,3.856615328333697e-10,3.0595461053345065e-08,-7.408659571524135e-08,0.9999999999999968,0.0;0.0;0.0;0.0;0.0;0.0;0.0;0.0;0.0,7.621289842063561e-05;0.0;0.0;0.0;7.621289842063561e-05;0.0;0.0;0.0;7.621289842063561e-05,3.999999975690116e-08;0.0;0.0;0.0;3.999999975690116e-08;0.0;0.0;0.0;3.999999975690116e-08
54,840000000,54.84,imu_link,-0.004531389596490111,0.008243053827735727,0.0004386319100392429,0.5286769071749112,-9.012176776877602e-05,9.799845430148782,4.0347504124716106e-10,3.331660075570987e-08,-7.329478347500328e-08,0.9999999999999968,0.0;0.0;0.0;0.0;0.0;0.0;0.0;0.0;0.0,7.621289842063561e-05;0.0;0.0;0.0;7.621289842063561e-05;0.0;0.0;0.0;7.621289842063561e-05,3.999999975690116e-08;0.0;0.0;0.0;3.999999975690116e-08;0.0;0.0;0.0;3.999999975690116e-08
54,860000000,54.86,imu_link,-0.021514670924111474,-0.011437423281370403,-0.0024029858126608764,0.5287902028587472,-4.8451377905104325e-05,9.800093642406338,4.1804460214522515e-10,3.5916853876893426e-08,-7.254392439459277e-08,0.9999999999999967,0.0;0.0;0.0;0.0;0.0;0.0;0.0;0.0;0.0,7.621289842063561e-05;0.0;0.0;0.0;7.621289842063561e-05;0.0;0.0;0.0;7.621289842063561e-05,3.999999975690116e-08;0.0;0.0;0.0;3.999999975690116e-08;0.0;0.0;0.0;3.999999975690116e-08
54,880000000,54.88,imu_link,0.0009208022842008243,-0.00607860359274259,0.005130407967572926,0.5285466114967646,-0.0002836274107243281,9.800100860648016,4.2996089151318116e-10,3.837744570200136e-08,-7.183261052114824e-08,0.9999999999999967,0.0;0.0;0.0;0.0;0.0;0.0;0.0;0.0;0.0,7.621289842063561e-05;0.0;0.0;0.0;7.621289842063561e-05;0.0;0.0;0.0;7.621289842063561e-05,3.999999975690116e-08;0.0;0.0;0.0;3.999999975690116e-08;0.0;0.0;0.0;3.999999975690116e-08
54,900000000,54.9,imu_link,-0.009988290081660866,0.010334939031145317,0.004633122001877829,0.5282817724519716,-8.842048911096071e-05,9.79972990270285,4.397070496301268e-10,4.068153714346495e-08,-7.115949011290749e-08,0.9999999999999967,0.0;0.0;0.0;0.0;0.0;0.0;0.0;0.0;0.0,7.621289842063561e-05;0.0;0.0;0.0;7.621289842063561e-05;0.0;0.0;0.0;7.621289842063561e-05,3.999999975690116e-08;0.0;0.0;0.0;3.999999975690116e-08;0.0;0.0;0.0;3.999999975690116e-08
54,920000000,54.92,imu_link,-0.002803426485672736,-0.0043228615446652885,-0.0035258561076229444,0.5286755944639251,1.9932012803592698e-05,9.800246998146672,4.4767822896101315e-10,4.281406008866831e-08,-7.052325918227963e-08,0.9999999999999966,0.0;0.0;0.0;0.0;0.0;0.0;0.0;0.0;0.0,7.621289842063561e-05;0.0;0.0;0.0;7.621289842063561e-05;0.0;0.0;0.0;7.621289842063561e-05,3.999999975690116e-08;0.0;0.0;0.0;3.999999975690116e-08;0.0;0.0;0.0;3.999999975690116e-08
54,940000000,54.94,imu_link,0.0011980985723469965,-0.01131255607413625,0.0007269193463376211,0.5288182753830917,-0.00016564832079252949,9.800064588221652,4.541976454753907e-10,4.476158846724697e-08,-6.99226548103055e-08,0.9999999999999966,0.0;0.0;0.0;0.0;0.0;0.0;0.0;0.0;0.0,7.621289842063561e-05;0.0;0.0;0.0;7.621289842063561e-05;0.0;0.0;0.0;7.621289842063561e-05,3.999999975690116e-08;0.0;0.0;0.0;3.999999975690116e-08;0.0;0.0;0.0;3.999999975690116e-08
54,960000000,54.96,imu_link,0.01746442907716062,0.004399298682698016,0.015399695549185796,0.5287149008908268,0.0002063673456692234,9.800106156323212,4.595296361749981e-10,4.651223769619427e-08,-6.935644997692318e-08,0.9999999999999964,0.0;0.0;0.0;0.0;0.0;0.0;0.0;0.0;0.0,7.621289842063561e-05;0.0;0.0;0.0;7.621289842063561e-05;0.0;0.0;0.0;7.621289842063561e-05,3.999999975690116e-08;0.0;0.0;0.0;3.999999975690116e-08;0.0;0.0;0.0;3.999999975690116e-08
54,980000000,54.98,imu_link,-0.0007354356722912815,-0.010061910369809208,-0.011812306078416723,0.528595675852134,6.761149974033492e-05,9.800414918382465,4.638904130747573e-10,4.8055586432138366e-08,-6.8823449577123e-08,0.9999999999999964,0.0;0.0;0.0;0.0;0.0;0.0;0.0;0.0;0.0,7.621289842063561e-05;0.0;0.0;0.0;7.621289842063561e-05;0.0;0.0;0.0;7.621289842063561e-05,3.999999975690116e-08;0.0;0.0;0.0;3.999999975690116e-08;0.0;0.0;0.0;3.999999975690116e-08
55,0,55.0,imu_link,0.00608236777530285,-0.0074250803449034605,0.009109218085965778,0.5289376697621857,-9.839489591801855e-05,9.799995221405206,4.67456839060846e-10,4.938261572654635e-08,-6.832248745278557e-08,0.9999999999999964,0.0;0.0;0.0;0.0;0.0;0.0;0.0;0.0;0.0,7.621289842063561e-05;0.0;0.0;0.0;7.621289842063561e-05;0.0;0.0;0.0;7.621289842063561e-05,3.999999975690116e-08;0.0;0.0;0.0;3.999999975690116e-08;0.0;0.0;0.0;3.999999975690116e-08
55,20000000,55.02,imu_link,-0.012738561104212414,0.01166132654949938,-0.007793178670465156,0.5285975518304136,-0.0001176152719988007,9.800147828923201,4.703735485743655e-10,5.048566140095866e-08,-6.785242427607162e-08,0.9999999999999964,0.0;0.0;0.0;0.0;0.0;0.0;0.0;0.0;0.0,7.621289842063561e-05;0.0;0.0;0.0;7.621289842063561e-05;0.0;0.0;0.0;7.621289842063561e-05,3.999999975690116e-08;0.0;0.0;0.0;3.999999975690116e-08;0.0;0.0;0.0;3.999999975690116e-08
55,40000000,55.04,imu_link,-0.014003141766862747,-0.012820553354568,0.005948425515187993,0.5288279619539873,-0.00015170082270529468,9.799851514612016,4.72758855979865e-10,5.1358376427596674e-08,-6.741214607038576e-08,0.9999999999999963,0.0;0.0;0.0;0.0;0.0;0.0;0.0;0.0;0.0,7.621289842063561e-05;0.0;0.0;0.0;7.621289842063561e-05;0.0;0.0;0.0;7.621289842063561e-05,3.999999975690116e-08;0.0;0.0;0.0;3.999999975690116e-08;0.0;0.0;0.0;3.999999975690116e-08
55,60000000,55.06,imu_link,-0.001270299384413506,0.001624301959206471,-0.008887040537768766,0.5285915606393602,5.3329916970207844e-05,9.800116746490636,4.747095170187251e-10,5.1995700474452914e-08,-6.700056332166506e-08,0.9999999999999963,0.0;0.0;0.0;0.0;0.0;0.0;0.0;0.0;0.0,7.621289842063561e-05;0.0;0.0;0.0;7.621289842063561e-05;0.0;0.0;0.0;7.621289842063561e-05,3.999999975690116e-08;0.0;0.0;0.0;3.999999975690116e-08;0.0;0.0;0.0;3.999999975690116e-08
55,80000000,55.08,imu_link,0.019108596282156373,0.0068267104854429946,-0.003557440032549936,0.5287786539698937,1.9182516841412137e-05,9.800018258823153,4.763046829859644e-10,5.239383441383438e-08,-6.661661051429397e-08,0.9999999999999964,0.0;0.0;0.0;0.0;0.0;0.0;0.0;0.0;0.0,7.621289842063561e-05;0.0;0.0;0.0;7.621289842063561e-05;0.0;0.0;0.0;7.621289842063561e-05,3.999999975690116e-08;0.0;0.0;0.0;3.999999975690116e-08;0.0;0.0;0.0;3.999999975690116e-08
55,100000000,55.1,imu_link,0.008550772436074059,-0.011209456763412213,-0.00793486155824786,0.5285854866096124,3.135699939399412e-06,9.79991317579102,4.775527998753342e-10,5.255070592488933e-08,-6.625927395395138e-08,0.9999999999999964,0.0;0.0;0.0;0.0;0.0;0.0;0.0;0.0;0.0,7.621289842063561e-05;0.0;0.0;0.0;7.621289842063561e-05;0.0;0.0;0.0;7.621289842063561e-05,3.999999975690116e-08;0.0;0.0;0.0;3.999999975690116e-08;0.0;0.0;0.0;3.999999975690116e-08
55,120000000,55.12,imu_link,0.008481609868631368,0.005741202226331138,-0.005373321856249414,0.5281498109619687,-2.129882780095693e-06,9.800100900846747,4.77763178832382e-10,5.247795800130181e-08,-6.59280879984286e-08,0.9999999999999964,0.0;0.0;0.0;0.0;0.0;0.0;0.0;0.0;0.0,7.621289842063561e-05;0.0;0.0;0.0;7.621289842063561e-05;0.0;0.0;0.0;7.621289842063561e-05,3.999999975690116e-08;0.0;0.0;0.0;3.999999975690116e-08;0.0;0.0;0.0;3.999999975690116e-08
55,140000000,55.14,imu_link,0.0016004710336692063,0.002923528036427016,-0.0033579565447284143,0.5287420662080681,-0.00020774901989359759,9.800181678505483,4.768515066025623e-10,5.218000419060713e-08,-6.56226815366637e-08,0.9999999999999964,0.0;0.0;0.0;0.0;0.0;0.0;0.0;0.0;0.0,7.621289842063561e-05;0.0;0.0;0.0;7.621289842063561e-05;0.0;0.0;0.0;7.621289842063561e-05,3.999999975690116e-08;0.0;0.0;0.0;3.999999975690116e-08;0.0;0.0;0.0;3.999999975690116e-08
55,160000000,55.16,imu_link,0.009462240974201784,-0.013273145197041298,-0.012972849066498753,0.5285087260714486,0.0001377613692341088,9.799914177931507,4.74911064466424e-10,5.165641012329144e-08,-6.534244707312176e-08,0.9999999999999966,0.0;0.0;0.0;0.0;0.0;0.0;0.0;0.0;0.0,7.621289842063561e-05;0.0;0.0;0.0;7.621289842063561e-05;0.0;0.0;0.0;7.621289842063561e-05,3.999999975690116e-08;0.0;0.0;0.0;3.999999975690116e-08;0.0;0.0;0.0;3.999999975690116e-08
55,180000000,55.18,imu_link,-0.006683402197071682,-0.001780014196722218,0.001529466518332681,0.5285800637842626,2.424699913277517e-05,9.800453710693885,4.720225950693781e-10,5.090807985375466e-08,-6.508643138194173e-08,0.9999999999999966,0.0;0.0;0.0;0.0;0.0;0.0;0.0;0.0;0.0,7.621289842063561e-05;0.0;0.0;0.0;7.621289842063561e-05;0.0;0.0;0.0;7.621289842063561e-05,3.999999975690116e-08;0.0;0.0;0.0;3.999999975690116e-08;0.0;0.0;0.0;3.999999975690116e-08
55,200000000,55.2,imu_link,0.0031397059920088744,-0.004467555086175542,0.001810501188266128,0.528600128225132,-1.5445129292716817e-05,9.800010772392655,4.682540693215022e-10,4.993724068954423e-08,-6.485367956579217e-08,0.9999999999999967,0.0;0.0;0.0;0.0;0.0;0.0;0.0;0.0;0.0,7.621289842063561e-05;0.0;0.0;0.0;7.621289842063561e-05;0.0;0.0;0.0;7.621289842063561e-05,3.999999975690116e-08;0.0;0.0;0.0;3.999999975690116e-08;0.0;0.0;0.0;3.999999975690116e-08
55,220000000,55.22,imu_link,-0.0012953048512917272,0.001005724413839485,0.003554247542605838,0.5280922376919452,-0.00017444374657625864,9.799997526377952,4.6366030473765584e-10,4.8747426113726074e-08,-6.464326993730194e-08,0.9999999999999967,0.0;0.0;0.0;0.0;0.0;0.0;0.0;0.0;0.0,7.621289842063561e-05;0.0;0.0;0.0;7.621289842063561e-05;0.0;0.0;0.0;7.621289842063561e-05,3.999999975690116e-08;0.0;0.0;0.0;3.999999975690116e-08;0.0;0.0;0.0;3.999999975690116e-08
55,240000000,55.24,imu_link,-0.013223686214294025,-0.0103876517721589,-0.004871738551619795,0.5285403529411147,-5.920698275341151e-05,9.80000248064234,4.58282367531894e-10,4.7343458062627594e-08,-6.445431556550096e-08,0.9999999999999968,0.0;0.0;0.0;0.0;0.0;0.0;0.0;0.0;0.0,7.621289842063561e-05;0.0;0.0;0.0;7.621289842063561e-05;0.0;0.0;0.0;7.621289842063561e-05,3.999999975690116e-08;0.0;0.0;0.0;3.999999975690116e-08;0.0;0.0;0.0;3.999999975690116e-08
55,260000000,55.26,imu_link,0.008330839100687265,-0.0032197097242001814,0.023513663329663852,0.5287704137332763,-3.264975019840178e-05,9.8002201460651,4.5214668066509316e-10,4.5731430211340966e-08,-6.428596591530271e-08,0.9999999999999969,0.0;0.0;0.0;0.0;0.0;0.0;0.0;0.0;0.0,7.621289842063561e-05;0.0;0.0;0.0;7.621289842063561e-05;0.0;0.0;0.0;7.621289842063561e-05,3.999999975690116e-08;0.0;0.0;0.0;3.999999975690116e-08;0.0;0.0;0.0;3.999999975690116e-08
55,280000000,55.28,imu_link,0.010077507790793357,-0.007605018871135524,-0.002454994892980334,0.5289142631343114,-0.00019886742938708354,9.800437315148727,4.452635971274544e-10,4.3918694304961626e-08,-6.41374086764054e-08,0.999999999999997,0.0;0.0;0.0;0.0;0.0;0.0;0.0;0.0;0.0,7.621289842063561e-05;0.0;0.0;0.0;7.621289842063561e-05;0.0;0.0;0.0;7.621289842063561e-05,3.999999975690116e-08;0.0;0.0;0.0;3.999999975690116e-08;0.0;0.0;0.0;3.999999975690116e-08
55,300000000,55.3,imu_link,-0.010305669609781984,-0.004257840146748126,-0.004729620125126215,0.5288957183627883,4.9622274034100025e-05,9.800371949016217,4.376253188696377e-10,4.191385277660214e-08,-6.400787182513396e-08,0.999999999999997,0.0;0.0;0.0;0.0;0.0;0.0;0.0;0.0;0.0,7.621289842063561e-05;0.0;0.0;0.0;7.621289842063561e-05;0.0;0.0;0.0;7.621289842063561e-05,3.999999975690116e-08;0.0;0.0;0.0;3.999999975690116e-08;0.0;0.0;0.0;3.999999975690116e-08
55,320000000,55.32,imu_link,-0.0009254926162176614,0.005752923668983608,-0.008194121486755992,0.5283189727047973,-0.0002511167425206267,9.79969928706264,4.2920281998857356e-10,3.972676210574402e-08,-6.389662606008375e-08,0.9999999999999971,0.0;0.0;0.0;0.0;0.0;0.0;0.0;0.0;0.0,7.621289842063561e-05;0.0;0.0;0.0;7.621289842063561e-05;0.0;0.0;0.0;7.621289842063561e-05,3.999999975690116e-08;0.0;0.0;0.0;3.999999975690116e-08;0.0;0.0;0.0;3.999999975690116e-08
55,340000000,55.34,imu_link,0.001232409709716154,-0.01962025756192922,-0.013031649849487969,0.5283928523575241,-0.0002580370752566676,9.800169384863679,4.19941248823031e-10,3.7368553959299477e-08,-6.380298783077616e-08,0.9999999999999972,0.0;0.0;0.0;0.0;0.0;0.0;0.0;0.0;0.0,7.621289842063561e-05;0.0;0.0;0.0;7.621289842063561e-05;0.0;0.0;0.0;7.621289842063561e-05,3.999999975690116e-08;0.0;0.0;0.0;3.999999975690116e-08;0.0;0.0;0.0;3.999999975690116e-08
55,360000000,55.36,imu_link,0.01844911215079015,0.0023610709674707856,-0.0007568400212092799,-0.5282376484604889,-0.0003080987124453082,9.799629365547577,4.49101874363192e-10,-5.479885687239925e-06,-6.434045178584175e-08,0.9999999999849833,0.0;0.0;0.0;0.0;0.0;0.0;0.0;0.0;0.0,7.621289842063561e-05;0.0;0.0;0.0;7.621289842063561e-05;0.0;0.0;0.0;7.621289842063561e-05,3.999999975690116e-08;0.0;0.0;0.0;3.999999975690116e-08;0.0;0.0;0.0;3.999999975690116e-08
55,380000000,55.38,imu_link,0.001387328185897137,0.004378041725050989,-0.0012198165355967712,-0.5284599747361695,-6.66678552367962e-05,9.799525807002905,4.4736966378773655e-10,-4.475233309479267e-06,-6.514676280330698e-08,0.999999999989984,0.0;0.0;0.0;0.0;0.0;0.0;0.0;0.0;0.0,7.621289842063561e-05;0.0;0.0;0.0;7.621289842063561e-05;0.0;0.0;0.0;7.621289842063561e-05,3.999999975690116e-08;0.0;0.0;0.0;3.999999975690116e-08;0.0;0.0;0.0;3.999999975690116e-08
55,400000000,55.4,imu_link,-0.0043307832161744355,0.01288883713141166,-0.009271149514600799,-0.5281966169093434,0.00013204930817316648,9.800017091643747,4.459545145234881e-10,-3.653521180269388e-06,-6.592930601870249e-08,0.9999999999933237,0.0;0.0;0.0;0.0;0.0;0.0;0.0;0.0;0.0,7.621289842063561e-05;0.0;0.0;0.0;7.621289842063561e-05;0.0;0.0;0.0;7.621289842063561e-05,3.999999975690116e-08;0.0;0.0;0.0;3.999999975690116e-08;0.0;0.0;0.0;3.999999975690116e-08
55,420000000,55.42,imu_link,0.006615226028998587,-0.011476298323660046,-0.0022501510924357,-0.5285378105950814,-0.00010549607674267827,9.799877382488623,4.447983778360247e-10,-2.9814371459730015e-06,-6.66878520494122e-08,0.9999999999955533,0.0;0.0;0.0;0.0;0.0;0.0;0.0;0.0;0.0,7.621289842063561e-05;0.0;0.0;0.0;7.621289842063561e-05;0.0;0.0;0.0;7.621289842063561e-05,3.999999975690116e-08;0.0;0.0;0.0;3.999999975690116e-08;0.0;0.0;0.0;3.999999975690116e-08
55,440000000,55.44,imu_link,-0.009769528258908285,-0.0061658286834785055,-0.0032104007757516513,-0.5285077804565486,-6.944487633031897e-05,9.800026282882317,4.4385383679894014e-10,-2.4317349655873962e-06,-6.742217439814997e-08,0.999999999997041,0.0;0.0;0.0;0.0;0.0;0.0;0.0;0.0;0.0,7.621289842063561e-05;0.0;0.0;0.0;7.621289842063561e-05;0.0;0.0;0.0;7.621289842063561e-05,3.999999975690116e-08;0.0;0.0;0.0;3.999999975690116e-08;0.0;0.0;0.0;3.999999975690116e-08
55,460000000,55.46,imu_link,-0.00595562838774771,0.0031027257311691705,-0.003969502459864849,-0.5285835419907777,-0.0004218605588238146,9.800070715853261,4.430821555192643e-10,-1.982129750070022e-06,-6.81320504442541e-08,0.9999999999980332,0.0;0.0;0.0;0.0;0.0;0.0;0.0;0.0;0.0,7.621289842063561e-05;0.0;0.0;0.0;7.621289842063561e-05;0.0;0.0;0.0;7.621289842063561e-05,3.999999975690116e-08;0.0;0.0;0.0;3.999999975690116e-08;0.0;0.0;0.0;3.999999975690116e-08
55,480000000,55.48,imu_link,0.0017235763387185323,-0.00447329539129376,-0.0026580527579651934,-0.5283283037378067,-1.3057122597804678e-05,9.800081089235208,4.4245169247967974e-10,-1.6143945345000514e-06,-6.881726226149523e-08,0.9999999999986945,0.0;0.0;0.0;0.0;0.0;0.0;0.0;0.0;0.0,7.621289842063561e-05;0.0;0.0;0.0;7.621289842063561e-05;0.0;0.0;0.0;7.621289842063561e-05,3.999999975690116e-08;0.0;0.0;0.0;3.999999975690116e-08;0.0;0.0;0.0;3.999999975690116e-08
55,500000000,55.5,imu_link,0.011459707714129944,0.00014843511037819957,0.00448544982045239,-0.5279286616880425,-0.00022835383541584413,9.799966303091493,4.419365991351271e-10,-1.3136213581740716e-06,-6.947759730046502e-08,0.9999999999991348,0.0;0.0;0.0;0.0;0.0;0.0;0.0;0.0;0.0,7.621289842063561e-05;0.0;0.0;0.0;7.621289842063561e-05;0.0;0.0;0.0;7.621289842063561e-05,3.999999975690116e-08;0.0;0.0;0.0;3.999999975690116e-08;0.0;0.0;0.0;3.999999975690116e-08
55,520000000,55.52,imu_link,-0.010818733051054652,0.007789803435478748,0.013272054922388732,-0.5285836850047305,-0.00017156639062226774,9.799448866738157,4.4151575753922745e-10,-1.0676168969111515e-06,-7.011284895608553e-08,0.9999999999994276,0.0;0.0;0.0;0.0;0.0;0.0;0.0;0.0;0.0,7.621289842063561e-05;0.0;0.0;0.0;7.621289842063561e-05;0.0;0.0;0.0;7.621289842063561e-05,3.999999975690116e-08;0.0;0.0;0.0;3.999999975690116e-08;0.0;0.0;0.0;3.999999975690116e-08
55,540000000,55.54,imu_link,-0.005035835217383826,0.004048865105006292,0.01402567446297916,-0.5282251137575024,-0.0001956243583976363,9.800307616868428,4.4117191832273183e-10,-8.664081465198165e-07,-7.072281703928976e-08,0.9999999999996222,0.0;0.0;0.0;0.0;0.0;0.0;0.0;0.0;0.0,7.621289842063561e-05;0.0;0.0;0.0;7.621289842063561e-05;0.0;0.0;0.0;7.621289842063561e-05,3.999999975690116e-08;0.0;0.0;0.0;3.999999975690116e-08;0.0;0.0;0.0;3.999999975690116e-08
55,560000000,55.56,imu_link,-0.0031118804679555775,0.011291044160651366,-0.011649254587999076,-0.5280421489717454,-9.138577046866576e-05,9.799985801067349,4.4089098836373545e-10,-7.018381178873047e-07,-7.13073081760295e-08,0.9999999999997512,0.0;0.0;0.0;0.0;0.0;0.0;0.0;0.0;0.0,7.621289842063561e-05;0.0;0.0;0.0;7.621289842063561e-05;0.0;0.0;0.0;7.621289842063561e-05,3.999999975690116e-08;0.0;0.0;0.0;3.999999975690116e-08;0.0;0.0;0.0;3.999999975690116e-08
55,580000000,55.58,imu_link,0.005520791915102573,0.011998043913863297,0.016325604866696677,-0.5285274314319836,-7.981430860989002e-05,9.800122354481731,4.4066145502211217e-10,-5.672351532001592e-07,-7.186613613997858e-08,0.9999999999998366,0.0;0.0;0.0;0.0;0.0;0.0;0.0;0.0;0.0,7.621289842063561e-05;0.0;0.0;0.0;7.621289842063561e-05;0.0;0.0;0.0;7.621289842063561e-05,3.999999975690116e-08;0.0;0.0;0.0;3.999999975690116e-08;0.0;0.0;0.0;3.999999975690116e-08
55,600000000,55.6,imu_link,-0.004171168126497405,0.005557486639269308,0.012330554648480428,-0.5284468077149331,-5.4454183072372966e-05,9.799897235968533,4.404739134206648e-10,-4.571424573860689e-07,-7.23991221345933e-08,0.9999999999998929,0.0;0.0;0.0;0.0;0.0;0.0;0.0;0.0;0.0,7.621289842063561e-05;0.0;0.0;0.0;7.621289842063561e-05;0.0;0.0;0.0;7.621289842063561e-05,3.999999975690116e-08;0.0;0.0;0.0;3.999999975690116e-08;0.0;0.0;0.0;3.999999975690116e-08
55,620000000,55.62,imu_link,0.012151756780708204,-0.003980877690434332,0.001244310235488744,-0.528727313930832,0.00013902853944954018,9.800143783664502,4.4032067924936913e-10,-3.670968800109645e-07,-7.290609503253855e-08,0.99999999999993,0.0;0.0;0.0;0.0;0.0;0.0;0.0;0.0;0.0,7.621289842063561e-05;0.0;0.0;0.0;7.621289842063561e-05;0.0;0.0;0.0;7.621289842063561e-05,3.999999975690116e-08;0.0;0.0;0.0;3.999999975690116e-08;0.0;0.0;0.0;3.999999975690116e-08
55,640000000,55.64,imu_link,0.01381162156103067,-0.008382615343523633,-0.022214774139250167,-0.5282776755529308,2.37941510323903e-05,9.800395469609583,4.401954758823327e-10,-2.93447979465825e-07,-7.338689157784374e-08,0.9999999999999543,0.0;0.0;0.0;0.0;0.0;0.0;0.0;0.0;0.0,7.621289842063561e-05;0.0;0.0;0.0;7.621289842063561e-05;0.0;0.0;0.0;7.621289842063561e-05,3.999999975690116e-08;0.0;0.0;0.0;3.999999975690116e-08;0.0;0.0;0.0;3.999999975690116e-08
55,660000000,55.66,imu_link,-0.0074018049799405945,-2.4866284046952746e-05,0.017650330750280604,-0.5280241866848643,-0.0002021203562357318,9.80029597891547,4.400931715734204e-10,-2.3321003430864e-07,-7.384135656200739e-08,0.99999999999997,0.0;0.0;0.0;0.0;0.0;0.0;0.0;0.0;0.0,7.621289842063561e-05;0.0;0.0;0.0;7.621289842063561e-05;0.0;0.0;0.0;7.621289842063561e-05,3.999999975690116e-08;0.0;0.0;0.0;3.999999975690116e-08;0.0;0.0;0.0;3.999999975690116e-08
55,680000000,55.68,imu_link,0.01398004020561642,0.0008599437282513779,0.013729579991611026,-0.5282680726468366,7.232711540143682e-05,9.799947368750244,4.400095804081069e-10,-1.8394100232325715e-07,-7.426934296751455e-08,0.9999999999999803,0.0;0.0;0.0;0.0;0.0;0.0;0.0;0.0;0.0,7.621289842063561e-05;0.0;0.0;0.0;7.621289842063561e-05;0.0;0.0;0.0;7.621289842063561e-05,3.999999975690116e-08;0.0;0.0;0.0;3.999999975690116e-08;0.0;0.0;0.0;3.999999975690116e-08
55,700000000,55.7,imu_link,-0.00803641874333686,0.0010162860821832042,-0.012498838748631596,-0.528353379120671,0.00018973522851112236,9.800090526809559,4.3994127793988016e-10,-1.4364352028691872e-07,-7.467071210207469e-08,0.9999999999999869,0.0;0.0;0.0;0.0;0.0;0.0;0.0;0.0;0.0,7.621289842063561e-05;0.0;0.0;0.0;7.621289842063561e-05;0.0;0.0;0.0;7.621289842063561e-05,3.999999975690116e-08;0.0;0.0;0.0;3.999999975690116e-08;0.0;0.0;0.0;3.999999975690116e-08
55,720000000,55.72,imu_link,0.001771430522240792,-0.003758196939388006,-0.007970780632286237,-0.5287371211411342,0.0003004829024692007,9.799757872759013,4.3988546668425505e-10,-1.1068393100915676e-07,-7.504533370664342e-08,0.999999999999991,0.0;0.0;0.0;0.0;0.0;0.0;0.0;0.0;0.0,7.621289842063561e-05;0.0;0.0;0.0;7.621289842063561e-05;0.0;0.0;0.0;7.621289842063561e-05,3.999999975690116e-08;0.0;0.0;0.0;3.999999975690116e-08;0.0;0.0;0.0;3.999999975690116e-08
55,740000000,55.74,imu_link,0.009801094945837117,-0.0004559699093293839,0.008244110268885281,-0.528369731184926,-0.00018209247976559473,9.79976025604951,4.3983986267616834e-10,-8.372605496945405e-08,-7.539308605085428e-08,0.9999999999999937,0.0;0.0;0.0;0.0;0.0;0.0;0.0;0.0;0.0,7.621289842063561e-05;0.0;0.0;0.0;7.621289842063561e-05;0.0;0.0;0.0;7.621289842063561e-05,3.999999975690116e-08;0.0;0.0;0.0;3.999999975690116e-08;0.0;0.0;0.0;3.999999975690116e-08
55,760000000,55.76,imu_link,0.0009017345535143962,-0.004870825444493761,-0.005817781205832016,-0.5286187632061119,-6.24247205293648e-05,9.799923697022871,4.3980259648217624e-10,-6.16770216994664e-08,-7.571385601901138e-08,0.9999999999999952,0.0;0.0;0.0;0.0;0.0;0.0;0.0;0.0;0.0,7.621289842063561e-05;0.0;0.0;0.0;7.621289842063561e-05;0.0;0.0;0.0;7.621289842063561e-05,3.999999975690116e-08;0.0;0.0;0.0;3.999999975690116e-08;0.0;0.0;0.0;3.999999975690116e-08
55,780000000,55.78,imu_link,0.004512776563695026,-0.0013405298963484376,-0.006944532095577443,-0.5285710553535838,0.00010855774004096548,9.800284482851534,4.39772146063076e-10,-4.36429648831303e-08,-7.600753917818909e-08,0.9999999999999961,0.0;0.0;0.0;0.0;0.0;0.0;0.0;0.0;0.0,7.621289842063561e-05;0.0;0.0;0.0;7.621289842063561e-05;0.0;0.0;0.0;7.621289842063561e-05,3.999999975690116e-08;0.0;0.0;0.0;3.999999975690116e-08;0.0;0.0;0.0;3.999999975690116e-08
55,800000000,55.8,imu_link,0.005621509884696079,-0.0020646775081587312,0.006627171141575903,-0.5283854018794628,0.00036474166552124344,9.799990195912368,4.397472618344939e-10,-2.8892785078886088e-08,-7.627403984757048e-08,0.9999999999999967,0.0;0.0;0.0;0.0;0.0;0.0;0.0;0.0;0.0,7.621289842063561e-05;0.0;0.0;0.0;7.621289842063561e-05;0.0;0.0;0.0;7.621289842063561e-05,3.999999975690116e-08;0.0;0.0;0.0;3.999999975690116e-08;0.0;0.0;0.0;3.999999975690116e-08
55,820000000,55.82,imu_link,0.019088500929607892,-0.0019698188010156543,-0.005810981692758502,-0.5285548912598418,-8.528688055096569e-05,9.800232266541972,4.397269271472656e-10,-1.6828510996217625e-08,-7.65132711478375e-08,0.9999999999999969,0.0;0.0;0.0;0.0;0.0;0.0;0.0;0.0;0.0,7.621289842063561e-05;0.0;0.0;0.0;7.621289842063561e-05;0.0;0.0;0.0;7.621289842063561e-05,3.999999975690116e-08;0.0;0.0;0.0;3.999999975690116e-08;0.0;0.0;0.0;3.999999975690116e-08
55,840000000,55.84,imu_link,-0.005274268793933987,0.006300190987598368,-0.004032531117179581,-0.5287130592101474,0.00019372697321151173,9.799937042239423,4.3971031063718504e-10,-6.961057779746003e-09,-7.672515505189009e-08,0.999999999999997,0.0;0.0;0.0;0.0;0.0;0.0;0.0;0.0;0.0,7.621289842063561e-05;0.0;0.0;0.0;7.621289842063561e-05;0.0;0.0;0.0;7.621289842063561e-05,3.999999975690116e-08;0.0;0.0;0.0;3.999999975690116e-08;0.0;0.0;0.0;3.999999975690116e-08
55,860000000,55.86,imu_link,0.0010298969405994783,-0.0016262404837729687,0.004049315809001385,-0.5283909440618991,-0.0003427613862141533,9.800176530698991,4.3969673161852513e-10,1.1096004547755154e-09,-7.690962242649787e-08,0.999999999999997,0.0;0.0;0.0;0.0;0.0;0.0;0.0;0.0;0.0,7.621289842063561e-05;0.0;0.0;0.0;7.621289842063561e-05;0.0;0.0;0.0;7.621289842063561e-05,3.999999975690116e-08;0.0;0.0;0.0;3.999999975690116e-08;0.0;0.0;0.0;3.999999975690116e-08
55,880000000,55.88,imu_link,-0.006576234527200279,-0.009511829490895504,0.006205245160480298,-0.5283988023100005,-0.0003400525177377727,9.799993786425562,4.3968563455995925e-10,7.71064764648276e-09,-7.706661306668285e-08,0.999999999999997,0.0;0.0;0.0;0.0;0.0;0.0;0.0;0.0;0.0,7.621289842063561e-05;0.0;0.0;0.0;7.621289842063561e-05;0.0;0.0;0.0;7.621289842063561e-05,3.999999975690116e-08;0.0;0.0;0.0;3.999999975690116e-08;0.0;0.0;0.0;3.999999975690116e-08
55,900000000,55.9,imu_link,0.00846294732276695,0.00545816526331326,0.003993569763296863,-0.5286440145558358,-0.00014372125758300362,9.800748376474688,4.396765649320858e-10,1.3109689801472443e-08,-7.719607572677884e-08,0.9999999999999969,0.0;0.0;0.0;0.0;0.0;0.0;0.0;0.0;0.0,7.621289842063561e-05;0.0;0.0;0.0;7.621289842063561e-05;0.0;0.0;0.0;7.621289842063561e-05,3.999999975690116e-08;0.0;0.0;0.0;3.999999975690116e-08;0.0;0.0;0.0;3.999999975690116e-08
55,920000000,55.92,imu_link,0.006177240894293972,-0.003567518941795953,0.0049998818924756735,-0.5284947176176864,-0.00023048634663865548,9.79987011863096,4.3966915431928655e-10,1.7525603724230465e-08,-7.72979681439077e-08,0.9999999999999968,0.0;0.0;0.0;0.0;0.0;0.0;0.0;0.0;0.0,7.621289842063561e-05;0.0;0.0;0.0;7.621289842063561e-05;0.0;0.0;0.0;7.621289842063561e-05,3.999999975690116e-08;0.0;0.0;0.0;3.999999975690116e-08;0.0;0.0;0.0;3.999999975690116e-08
55,940000000,55.94,imu_link,-0.012778759437907709,-0.002044881084349744,0.01040918976885949,-0.5282493783172401,0.0003571151015397639,9.800140658779512,4.39663095538472e-10,2.1137410263514932e-08,-7.737225706363198e-08,0.9999999999999968,0.0;0.0;0.0;0.0;0.0;0.0;0.0;0.0;0.0,7.621289842063561e-05;0.0;0.0;0.0;7.621289842063561e-05;0.0;0.0;0.0;7.621289842063561e-05,3.999999975690116e-08;0.0;0.0;0.0;3.999999975690116e-08;0.0;0.0;0.0;3.999999975690116e-08
55,960000000,55.96,imu_link,0.008954456924969455,0.00785254329357605,-0.005216784367686657,-0.5287121603027121,-0.00034333172988394077,9.800232543384091,4.3965814304453083e-10,2.4091531812598094e-08,-7.741891825034758e-08,0.9999999999999967,0.0;0.0;0.0;0.0;0.0;0.0;0.0;0.0;0.0,7.621289842063561e-05;0.0;0.0;0.0;7.621289842063561e-05;0.0;0.0;0.0;7.621289842063561e-05,3.999999975690116e-08;0.0;0.0;0.0;3.999999975690116e-08;0.0;0.0;0.0;3.999999975690116e-08
55,980000000,55.98,imu_link,0.004446385927509926,-0.006182181618461774,0.02792144682475343,-0.5283059401140076,-1.871327382247421e-05,9.800102546622464,4.396540956634384e-10,2.650772826126202e-08,-7.743793650335588e-08,0.9999999999999967,0.0;0.0;0.0;0.0;0.0;0.0;0.0;0.0;0.0,7.621289842063561e-05;0.0;0.0;0.0;7.621289842063561e-05;0.0;0.0;0.0;7.621289842063561e-05,3.999999975690116e-08;0.0;0.0;0.0;3.999999975690116e-08;0.0;0.0;0.0;3.999999975690116e-08
56,0,56.0,imu_link,0.007977394089709823,-0.012543850816419873,0.011488838217921656,-0.5284337670077102,3.364574740697979e-05,9.800250081374971,4.396507870141974e-10,2.8483952048947854e-08,-7.742930566639222e-08,0.9999999999999966,0.0;0.0;0.0;0.0;0.0;0.0;0.0;0.0;0.0,7.621289842063561e-05;0.0;0.0;0.0;7.621289842063561e-05;0.0;0.0;0.0;7.621289842063561e-05,3.999999975690116e-08;0.0;0.0;0.0;3.999999975690116e-08;0.0;0.0;0.0;3.999999975690116e-08
56,20000000,56.02,imu_link,0.0020650001319795124,-0.0024671030858408297,-0.0021583392356021584,-0.5285008307585838,-0.00036838828794052265,9.80033653255994,4.3964808090737324e-10,3.010031915224882e-08,-7.739302863164047e-08,0.9999999999999966,0.0;0.0;0.0;0.0;0.0;0.0;0.0;0.0;0.0,7.621289842063561e-05;0.0;0.0;0.0;7.621289842063561e-05;0.0;0.0;0.0;7.621289842063561e-05,3.999999975690116e-08;0.0;0.0;0.0;3.999999975690116e-08;0.0;0.0;0.0;3.999999975690116e-08
56,40000000,56.04,imu_link,-0.003103835428604651,-0.010230254373469078,0.001367568137522123,-0.5284541767904276,0.0001756178329168125,9.800247910387371,4.3964586755424105e-10,3.1422356985813865e-08,-7.732911734045169e-08,0.9999999999999964,0.0;0.0;0.0;0.0;0.0;0.0;0.0;0.0;0.0,7.621289842063561e-05;0.0;0.0;0.0;7.621289842063561e-05;0.0;0.0;0.0;7.621289842063561e-05,3.999999975690116e-08;0.0;0.0;0.0;3.999999975690116e-08;0.0;0.0;0.0;3.999999975690116e-08
56,60000000,56.06,imu_link,-0.007241506501594583,0.0006707328049275019,-0.008875734710264503,-0.5283314798294682,0.00028714947897307865,9.80033378030423,4.396440566743397e-10,3.250366087451822e-08,-7.72375927827783e-08,0.9999999999999964,0.0;0.0;0.0;0.0;0.0;0.0;0.0;0.0;0.0,7.621289842063561e-05;0.0;0.0;0.0;7.621289842063561e-05;0.0;0.0;0.0;7.621289842063561e-05,3.999999975690116e-08;0.0;0.0;0.0;3.999999975690116e-08;0.0;0.0;0.0;3.999999975690116e-08
56,80000000,56.08,imu_link,0.006505495307877183,-0.0031689925909592926,-0.013066745905722021,-0.528822757525961,5.032042374917284e-06,9.800456438326306,4.39642575827078e-10,3.3388066803790104e-08,-7.71184849909294e-08,0.9999999999999964,0.0;0.0;0.0;0.0;0.0;0.0;0.0;0.0;0.0,7.621289842063561e-05;0.0;0.0;0.0;7.621289842063561e-05;0.0;0.0;0.0;7.621289842063561e-05,3.999999975690116e-08;0.0;0.0;0.0;3.999999975690116e-08;0.0;0.0;0.0;3.999999975690116e-08
56,100000000,56.1,imu_link,-0.007267246255324197,0.0018239213218380589,-0.015602602430607116,-0.5288310109000888,0.0002705614818320283,9.8003669506704,4.3964136351111664e-10,3.411142853050493e-08,-7.697183303301614e-08,0.9999999999999964,0.0;0.0;0.0;0.0;0.0;0.0;0.0;0.0;0.0,7.621289842063561e-05;0.0;0.0;0.0;7.621289842063561e-05;0.0;0.0;0.0;7.621289842063561e-05,3.999999975690116e-08;0.0;0.0;0.0;3.999999975690116e-08;0.0;0.0;0.0;3.999999975690116e-08
56,120000000,56.12,imu_link,-0.012034883153451364,0.01530916363704448,0.007260337213606199,0.00034479527387279614,-9.946654451866757e-05,9.80020642498962,4.419085048085598e-10,3.461588093731012e-08,-7.689989168254131e-08,0.9999999999999964,0.0;0.0;0.0;0.0;0.0;0.0;0.0;0.0;0.0,7.621289842063561e-05;0.0;0.0;0.0;7.621289842063561e-05;0.0;0.0;0.0;7.621289842063561e-05,3.999999975690116e-08;0.0;0.0;0.0;3.999999975690116e-08;0.0;0.0;0.0;3.999999975690116e-08
56,140000000,56.14,imu_link,-0.010960710830954887,0.005643742582317466,-0.007801853402670402,0.00015837789421422398,-0.00034422042209911755,9.800386757931362,4.4548456837869393e-10,3.496229741997091e-08,-7.689989177850184e-08,0.9999999999999964,0.0;0.0;0.0;0.0;0.0;0.0;0.0;0.0;0.0,7.621289842063561e-05;0.0;0.0;0.0;7.621289842063561e-05;0.0;0.0;0.0;7.621289842063561e-05,3.999999975690116e-08;0.0;0.0;0.0;3.999999975690116e-08;0.0;0.0;0.0;3.999999975690116e-08
56,160000000,56.16,imu_link,0.0012368455261808561,-0.005883217281868559,0.007212388461126947,0.00031547328790425586,-2.2061014801637378e-05,9.800067192127308,4.4840945529342837e-10,3.5245633849583716e-08,-7.689989185700915e-08,0.9999999999999964,0.0;0.0;0.0;0.0;0.0;0.0;0.0;0.0;0.0,7.621289842063561e-05;0.0;0.0;0.0;7.621289842063561e-05;0.0;0.0;0.0;7.621289842063561e-05,3.999999975690116e-08;0.0;0.0;0.0;3.999999975690116e-08;0.0;0.0;0.0;3.999999975690116e-08
56,180000000,56.18,imu_link,-0.00025106696471825427,-9.249788844575734e-05,-0.008843007911146379,0.00019348185574270875,0.00025414034565954025,9.800031758062557,4.5080174165068304e-10,3.547737667173076e-08,-7.689989192123409e-08,0.9999999999999963,0.0;0.0;0.0;0.0;0.0;0.0;0.0;0.0;0.0,7.621289842063561e-05;0.0;0.0;0.0;7.621289842063561e-05;0.0;0.0;0.0;7.621289842063561e-05,3.999999975690116e-08;0.0;0.0;0.0;3.999999975690116e-08;0.0;0.0;0.0;3.999999975690116e-08
56,200000000,56.2,imu_link,0.00464082061014092,-0.005327489695104336,-0.0034789871426378436,4.1203926767975505e-05,0.0001296686993929702,9.799982076557741,4.5275840957190497e-10,3.566692072605571e-08,-7.689989197377074e-08,0.9999999999999963,0.0;0.0;0.0;0.0;0.0;0.0;0.0;0.0;0.0,7.621289842063561e-05;0.0;0.0;0.0;7.621289842063561e-05;0.0;0.0;0.0;7.621289842063561e-05,3.999999975690116e-08;0.0;0.0;0.0;3.999999975690116e-08;0.0;0.0;0.0;3.999999975690116e-08
56,220000000,56.22,imu_link,-0.01020177680954705,-0.002055045389329417,-0.0046485900271861095,-0.00014819038650324751,-1.883652230239363e-06,9.800261626844632,4.5435878171332086e-10,3.582195011341472e-08,-7.68998920167556e-08,0.9999999999999963,0.0;0.0;0.0;0.0;0.0;0.0;0.0;0.0;0.0,7.621289842063561e-05;0.0;0.0;0.0;7.621289842063561e-05;0.0;0.0;0.0;7.621289842063561e-05,3.999999975690116e-08;0.0;0.0;0.0;3.999999975690116e-08;0.0;0.0;0.0;3.999999975690116e-08
56,240000000,56.24,imu_link,-0.0013254667759079457,0.016937511724850647,0.0055360303263836015,0.00022313489694652183,-0.00012541793181796663,9.800118734810209,4.556677373474939e-10,3.594874971937518e-08,-7.689989205192614e-08,0.9999999999999963,0.0;0.0;0.0;0.0;0.0;0.0;0.0;0.0;0.0,7.621289842063561e-05;0.0;0.0;0.0;7.621289842063561e-05;0.0;0.0;0.0;7.621289842063561e-05,3.999999975690116e-08;0.0;0.0;0.0;3.999999975690116e-08;0.0;0.0;0.0;3.999999975690116e-08
56,260000000,56.26,imu_link,-0.002337439228809192,0.008752130644615259,0.008527472617035159,0.00018084659925457649,-0.00021380604804861357,9.799825033069059,4.567383407162406e-10,3.605245999171298e-08,-7.689989208071256e-08,0.9999999999999963,0.0;0.0;0.0;0.0;0.0;0.0;0.0;0.0;0.0,7.621289842063561e-05;0.0;0.0;0.0;7.621289842063561e-05;0.0;0.0;0.0;7.621289842063561e-05,3.999999975690116e-08;0.0;0.0;0.0;3.999999975690116e-08;0.0;0.0;0.0;3.999999975690116e-08
56,280000000,56.28,imu_link,0.005920204609758699,0.004238838320395699,0.009203520392877723,0.0002506692045111682,0.00010037133831011447,9.800430774884235,4.5761399500380503e-10,3.6137285339080844e-08,-7.689989210427837e-08,0.9999999999999963,0.0;0.0;0.0;0.0;0.0;0.0;0.0;0.0;0.0,7.621289842063561e-05;0.0;0.0;0.0;7.621289842063561e-05;0.0;0.0;0.0;7.621289842063561e-05,3.999999975690116e-08;0.0;0.0;0.0;3.999999975690116e-08;0.0;0.0;0.0;3.999999975690116e-08
56,300000000,56.3,imu_link,-0.0044691929356011715,0.0012136928710064783,-0.0089147989093668,0.00010593845387070552,-2.7514804750181025e-05,9.799984177155737,4.583301999183047e-10,3.620666457657405e-08,-7.689989212356466e-08,0.9999999999999963,0.0;0.0;0.0;0.0;0.0;0.0;0.0;0.0;0.0,7.621289842063561e-05;0.0;0.0;0.0;7.621289842063561e-05;0.0;0.0;0.0;7.621289842063561e-05,3.999999975690116e-08;0.0;0.0;0.0;3.999999975690116e-08;0.0;0.0;0.0;3.999999975690116e-08
56,320000000,56.32,imu_link,-0.001111762921429003,0.004133623155479513,-0.00455943167917775,0.00016544736456529241,-0.00033647580987294576,9.79996026253943,4.589159874855013e-10,3.6263410334459804e-08,-7.689989213936016e-08,0.9999999999999963,0.0;0.0;0.0;0.0;0.0;0.0;0.0;0.0;0.0,7.621289842063561e-05;0.0;0.0;0.0;7.621289842063561e-05;0.0;0.0;0.0;7.621289842063561e-05,3.999999975690116e-08;0.0;0.0;0.0;3.999999975690116e-08;0.0;0.0;0.0;3.999999975690116e-08
56,340000000,56.34,imu_link,0.00816590766165466,-0.00034542259598627613,-0.010335441268774687,-0.00024637886022399507,-0.00029289916788248797,9.800142827482542,4.5939510775352156e-10,3.6309823081670664e-08,-7.689989215228878e-08,0.9999999999999963,0.0;0.0;0.0;0.0;0.0;0.0;0.0;0.0;0.0,7.621289842063561e-05;0.0;0.0;0.0;7.621289842063561e-05;0.0;0.0;0.0;7.621289842063561e-05,3.999999975690116e-08;0.0;0.0;0.0;3.999999975690116e-08;0.0;0.0;0.0;3.999999975690116e-08
56,360000000,56.36,imu_link,0.00835256384334848,-0.018173167811763383,0.0008271991291880062,1.6197393249281684e-05,-4.426609426347423e-05,9.800166737927517,4.5978698377715955e-10,3.6347784386321715e-08,-7.689989216286597e-08,0.9999999999999963,0.0;0.0;0.0;0.0;0.0;0.0;0.0;0.0;0.0,7.621289842063561e-05;0.0;0.0;0.0;7.621289842063561e-05;0.0;0.0;0.0;7.621289842063561e-05,3.999999975690116e-08;0.0;0.0;0.0;3.999999975690116e-08;0.0;0.0;0.0;3.999999975690116e-08
56,380000000,56.38,imu_link,-0.00815834871907912,0.013858726338711828,-0.005031980222198701,0.00012032203308052445,-0.0002430137345413556,9.800198439766291,4.601075019178977e-10,3.6378833199907797e-08,-7.68998921715549e-08,0.9999999999999963,0.0;0.0;0.0;0.0;0.0;0.0;0.0;0.0;0.0,7.621289842063561e-05;0.0;0.0;0.0;7.621289842063561e-05;0.0;0.0;0.0;7.621289842063561e-05,3.999999975690116e-08;0.0;0.0;0.0;3.999999975690116e-08;0.0;0.0;0.0;3.999999975690116e-08
56,400000000,56.4,imu_link,-0.010719096275294326,0.0161583117547796,0.004068855745032853,0.00028023196787950564,-0.00024446938242796417,9.800417108598825,4.603696557839357e-10,3.640422823926893e-08,-7.689989217867095e-08,0.9999999999999963,0.0;0.0;0.0;0.0;0.0;0.0;0.0;0.0;0.0,7.621289842063561e-05;0.0;0.0;0.0;7.621289842063561e-05;0.0;0.0;0.0;7.621289842063561e-05,3.999999975690116e-08;0.0;0.0;0.0;3.999999975690116e-08;0.0;0.0;0.0;3.999999975690116e-08
56,420000000,56.42,imu_link,-0.0056009637649247525,0.0022731233886203682,-0.0011205352681833676,-1.974013329436003e-05,-7.365425906470854e-05,9.800495149646972,4.6058407303198634e-10,3.6424999016531066e-08,-7.689989218451238e-08,0.9999999999999963,0.0;0.0;0.0;0.0;0.0;0.0;0.0;0.0;0.0,7.621289842063561e-05;0.0;0.0;0.0;7.621289842063561e-05;0.0;0.0;0.0;7.621289842063561e-05,3.999999975690116e-08;0.0;0.0;0.0;3.999999975690116e-08;0.0;0.0;0.0;3.999999975690116e-08
56,440000000,56.44,imu_link,0.00670693836902405,-0.01177340103706864,0.008091614253539643,-0.00029426750662784755,-7.759302856751013e-05,9.800211150880774,4.607594470321627e-10,3.6441987578625996e-08,-7.689989218929636e-08,0.9999999999999963,0.0;0.0;0.0;0.0;0.0;0.0;0.0;0.0;0.0,7.621289842063561e-05;0.0;0.0;0.0;7.621289842063561e-05;0.0;0.0;0.0;7.621289842063561e-05,3.999999975690116e-08;0.0;0.0;0.0;3.999999975690116e-08;0.0;0.0;0.0;3.999999975690116e-08
56,460000000,56.46,imu_link,-0.018518519629066393,-0.0003760289266846784,0.012138685164276514,-1.5581628253893216e-05,-0.00038403224534006096,9.800362244003018,4.6090288618669017e-10,3.645588264166402e-08,-7.68998921932412e-08,0.9999999999999963,0.0;0.0;0.0;0.0;0.0;0.0;0.0;0.0;0.0,7.621289842063561e-05;0.0;0.0;0.0;7.621289842063561e-05;0.0;0.0;0.0;7.621289842063561e-05,3.999999975690116e-08;0.0;0.0;0.0;3.999999975690116e-08;0.0;0.0;0.0;3.999999975690116e-08
56,480000000,56.48,imu_link,0.001565764626500492,-0.0032009924816809006,0.011052850935839452,-0.0002898951583434452,-1.4410470260800196e-05,9.800097354269502,4.610202059650226e-10,3.6467247509616824e-08,-7.689989219647309e-08,0.9999999999999963,0.0;0.0;0.0;0.0;0.0;0.0;0.0;0.0;0.0,7.621289842063561e-05;0.0;0.0;0.0;7.621289842063561e-05;0.0;0.0;0.0;7.621289842063561e-05,3.999999975690116e-08;0.0;0.0;0.0;3.999999975690116e-08;0.0;0.0;0.0;3.999999975690116e-08
56,500000000,56.5,imu_link,0.0098733168070166,7.29742573448254e-05,0.0006848030065036898,0.00042089438012084994,9.66540377268015e-06,9.799986779718994,4.6111616249552265e-10,3.647654291289401e-08,-7.689989219913517e-08,0.9999999999999963,0.0;0.0;0.0;0.0;0.0;0.0;0.0;0.0;0.0,7.621289842063561e-05;0.0;0.0;0.0;7.621289842063561e-05;0.0;0.0;0.0;7.621289842063561e-05,3.999999975690116e-08;0.0;0.0;0.0;3.999999975690116e-08;0.0;0.0;0.0;3.999999975690116e-08
56,520000000,56.52,imu_link,0.00810495931795174,-0.004356624548016093,-0.02061778513913339,0.0002776072044635413,0.0001586973985810359,9.800204500144615,4.61194647047988e-10,3.648414568721653e-08,-7.689989220132802e-08,0.9999999999999963,0.0;0.0;0.0;0.0;0.0;0.0;0.0;0.0;0.0,7.621289842063561e-05;0.0;0.0;0.0;7.621289842063561e-05;0.0;0.0;0.0;7.621289842063561e-05,3.999999975690116e-08;0.0;0.0;0.0;3.999999975690116e-08;0.0;0.0;0.0;3.999999975690116e-08
56,540000000,56.54,imu_link,-0.0037368193419105218,-0.0005786904328557783,-0.0010838446745961084,-0.0002756164364697727,-0.00010325810189045818,9.800339161910616,4.6125883966740036e-10,3.64903640489984e-08,-7.689989220313834e-08,0.9999999999999963,0.0;0.0;0.0;0.0;0.0;0.0;0.0;0.0;0.0,7.621289842063561e-05;0.0;0.0;0.0;7.621289842063561e-05;0.0;0.0;0.0;7.621289842063561e-05,3.999999975690116e-08;0.0;0.0;0.0;3.999999975690116e-08;0.0;0.0;0.0;3.999999975690116e-08
56,560000000,56.56,imu_link,-0.011571976445216356,-0.002940740673326808,0.0023100129022595338,0.00030187121623812587,-2.5686638194008813e-05,9.800045839331146,4.613113418909141e-10,3.649545009049242e-08,-7.689989220463112e-08,0.9999999999999963,0.0;0.0;0.0;0.0;0.0;0.0;0.0;0.0;0.0,7.621289842063561e-05;0.0;0.0;0.0;7.621289842063561e-05;0.0;0.0;0.0;7.621289842063561e-05,3.999999975690116e-08;0.0;0.0;0.0;3.999999975690116e-08;0.0;0.0;0.0;3.999999975690116e-08
56,580000000,56.58,imu_link,-2.2366334531818183e-05,0.01677575808979783,0.00113996875513839,-8.464836953175946e-05,-0.00023754045651175646,9.800334155311294,4.6135428449400935e-10,3.649960999762738e-08,-7.689989220587097e-08,0.9999999999999963,0.0;0.0;0.0;0.0;0.0;0.0;0.0;0.0;0.0,7.621289842063561e-05;0.0;0.0;0.0;7.621289842063561e-05;0.0;0.0;0.0;7.621289842063561e-05,3.999999975690116e-08;0.0;0.0;0.0;3.999999975690116e-08;0.0;0.0;0.0;3.999999975690116e-08
56,600000000,56.6,imu_link,-0.008053089848185695,-0.0002894879603894107,-0.0022307612586385424,0.0003113129130990733,0.00014662683090574952,9.799983406524598,4.6138940689885553e-10,3.6503012413736396e-08,-7.689989220690307e-08,0.9999999999999963,0.0;0.0;0.0;0.0;0.0;0.0;0.0;0.0;0.0,7.621289842063561e-05;0.0;0.0;0.0;7.621289842063561e-05;0.0;0.0;0.0;7.621289842063561e-05,3.999999975690116e-08;0.0;0.0;0.0;3.999999975690116e-08;0.0;0.0;0.0;3.999999975690116e-08
56,620000000,56.62,imu_link,0.016555657932196162,0.008132580346781519,0.015030477046327997,0.0003298635313635349,-0.0001472176813407709,9.800285987647095,4.614181345953398e-10,3.650579527420292e-08,-7.689989220776842e-08,0.9999999999999963,0.0;0.0;0.0;0.0;0.0;0.0;0.0;0.0;0.0,7.621289842063561e-05;0.0;0.0;0.0;7.621289842063561e-05;0.0;0.0;0.0;7.621289842063561e-05,3.999999975690116e-08;0.0;0.0;0.0;3.999999975690116e-08;0.0;0.0;0.0;3.999999975690116e-08
56,640000000,56.64,imu_link,0.0021525002801878294,-0.0025176617779535896,0.004750605448403619,-9.287280684970054e-05,-0.00012015037975625721,9.800057898547283,4.614416310532913e-10,3.650807139381883e-08,-7.689989220848951e-08,0.9999999999999963,0.0;0.0;0.0;0.0;0.0;0.0;0.0;0.0;0.0,7.621289842063561e-05;0.0;0.0;0.0;7.621289842063561e-05;0.0;0.0;0.0;7.621289842063561e-05,3.999999975690116e-08;0.0;0.0;0.0;3.999999975690116e-08;0.0;0.0;0.0;3.999999975690116e-08
56,660000000,56.66,imu_link,0.013104266257838547,0.017589113609950892,0.007768710055388032,9.74022046784191e-05,-0.00015079729881344503,9.800174526652793,4.6146084968619796e-10,3.6509933049235606e-08,-7.6899892209093e-08,0.9999999999999963,0.0;0.0;0.0;0.0;0.0;0.0;0.0;0.0;0.0,7.621289842063561e-05;0.0;0.0;0.0;7.621289842063561e-05;0.0;0.0;0.0;7.621289842063561e-05,3.999999975690116e-08;0.0;0.0;0.0;3.999999975690116e-08;0.0;0.0;0.0;3.999999975690116e-08
56,680000000,56.68,imu_link,-0.006692687175055602,0.010752036993561054,-0.0013882802815293701,0.00022950674718889597,-0.00031026051285085724,9.800354932042913,4.614765684654443e-10,3.65114557102755e-08,-7.689989220960487e-08,0.9999999999999963,0.0;0.0;0.0;0.0;0.0;0.0;0.0;0.0;0.0,7.621289842063561e-05;0.0;0.0;0.0;7.621289842063561e-05;0.0;0.0;0.0;7.621289842063561e-05,3.999999975690116e-08;0.0;0.0;0.0;3.999999975690116e-08;0.0;0.0;0.0;3.999999975690116e-08
56,700000000,56.7,imu_link,0.0037192651024102494,0.009382512094832419,0.0037062519318491177,-0.00015447919441956913,-0.00021860087128962777,9.800006810781229,4.6148942559709665e-10,3.6512701105103486e-08,-7.689989221003556e-08,0.9999999999999963,0.0;0.0;0.0;0.0;0.0;0.0;0.0;0.0;0.0,7.621289842063561e-05;0.0;0.0;0.0;7.621289842063561e-05;0.0;0.0;0.0;7.621289842063561e-05,3.999999975690116e-08;0.0;0.0;0.0;3.999999975690116e-08;0.0;0.0;0.0;3.999999975690116e-08
56,720000000,56.72,imu_link,-0.01107297019479555,5.26129831871007e-05,0.007221422246933714,0.00020302085109098788,-1.2571851388778297e-05,9.800087070379506,4.614999405136707e-10,3.651371972270569e-08,-7.68998922104078e-08,0.9999999999999963,0.0;0.0;0.0;0.0;0.0;0.0;0.0;0.0;0.0,7.621289842063561e-05;0.0;0.0;0.0;7.621289842063561e-05;0.0;0.0;0.0;7.621289842063561e-05,3.999999975690116e-08;0.0;0.0;0.0;3.999999975690116e-08;0.0;0.0;0.0;3.999999975690116e-08
56,740000000,56.74,imu_link,0.0014612821360424485,-0.002628624381061959,-0.006135220447203059,0.0002186740040086061,-0.00020496667862949443,9.800042009070959,4.615085408530727e-10,3.651455285613158e-08,-7.689989221072533e-08,0.9999999999999963,0.0;0.0;0.0;0.0;0.0;0.0;0.0;0.0;0.0,7.621289842063561e-05;0.0;0.0;0.0;7.621289842063561e-05;0.0;0.0;0.0;7.621289842063561e-05,3.999999975690116e-08;0.0;0.0;0.0;3.999999975690116e-08;0.0;0.0;0.0;3.999999975690116e-08
56,760000000,56.76,imu_link,-0.0040694103045700964,0.009602037609463886,-0.00567638744668507,4.773467095407112e-05,0.00017959913327954556,9.799928454391134,4.6151557580757484e-10,3.6515234281746863e-08,-7.689989221100914e-08,0.9999999999999963,0.0;0.0;0.0;0.0;0.0;0.0;0.0;0.0;0.0,7.621289842063561e-05;0.0;0.0;0.0;7.621289842063561e-05;0.0;0.0;0.0;7.621289842063561e-05,3.999999975690116e-08;0.0;0.0;0.0;3.999999975690116e-08;0.0;0.0;0.0;3.999999975690116e-08
56,780000000,56.78,imu_link,-0.013868516672252204,-0.0015809249667072852,-0.0024214987946272215,0.0005227058012648464,3.794245560974863e-05,9.79999693606534,4.6152132988464057e-10,3.6515791624781875e-08,-7.689989221125523e-08,0.9999999999999963,0.0;0.0;0.0;0.0;0.0;0.0;0.0;0.0;0.0,7.621289842063561e-05;0.0;0.0;0.0;7.621289842063561e-05;0.0;0.0;0.0;7.621289842063561e-05,3.999999975690116e-08;0.0;0.0;0.0;3.999999975690116e-08;0.0;0.0;0.0;3.999999975690116e-08
56,800000000,56.8,imu_link,0.002757178089667191,0.0056925274112723375,-0.007508175523682183,0.00017807186373442092,3.45325602487958e-05,9.80019388919692,4.615260368093571e-10,3.651624747850197e-08,-7.689989221147252e-08,0.9999999999999963,0.0;0.0;0.0;0.0;0.0;0.0;0.0;0.0;0.0,7.621289842063561e-05;0.0;0.0;0.0;7.621289842063561e-05;0.0;0.0;0.0;7.621289842063561e-05,3.999999975690116e-08;0.0;0.0;0.0;3.999999975690116e-08;0.0;0.0;0.0;3.999999975690116e-08
56,820000000,56.82,imu_link,0.007659950551813232,0.0019613131976666106,0.00200167944768145,-5.582675930072534e-05,-0.0002938829339074004,9.800052278334137,4.61529885156016e-10,3.651662032490725e-08,-7.689989221166764e-08,0.9999999999999963,0.0;0.0;0.0;0.0;0.0;0.0;0.0;0.0;0.0,7.621289842063561e-05;0.0;0.0;0.0;7.621289842063561e-05;0.0;0.0;0.0;7.621289842063561e-05,3.999999975690116e-08;0.0;0.0;0.0;3.999999975690116e-08;0.0;0.0;0.0;3.999999975690116e-08
56,840000000,56.84,imu_link,-0.0056692876691217696,0.00026133647589036166,-0.0033811740565855217,-0.00035314438936200033,0.0003419489284611552,9.799986708333035,4.6153303359941084e-10,3.6516925278163384e-08,-7.689989221184671e-08,0.9999999999999963,0.0;0.0;0.0;0.0;0.0;0.0;0.0;0.0;0.0,7.621289842063561e-05;0.0;0.0;0.0;7.621289842063561e-05;0.0;0.0;0.0;7.621289842063561e-05,3.999999975690116e-08;0.0;0.0;0.0;3.999999975690116e-08;0.0;0.0;0.0;3.999999975690116e-08
56,860000000,56.86,imu_link,-0.026665159313339414,-0.015075491347476752,-0.004752486318349704,0.00021026930428259588,-7.798521906329049e-05,9.799872918761256,4.615356081330395e-10,3.6517174702809214e-08,-7.689989221201336e-08,0.9999999999999963,0.0;0.0;0.0;0.0;0.0;0.0;0.0;0.0;0.0,7.621289842063561e-05;0.0;0.0;0.0;7.621289842063561e-05;0.0;0.0;0.0;7.621289842063561e-05,3.999999975690116e-08;0.0;0.0;0.0;3.999999975690116e-08;0.0;0.0;0.0;3.999999975690116e-08
56,880000000,56.88,imu_link,0.01001416870446236,-0.011349734639943604,-0.006834519558331172,0.0003015118649674457,0.00030782893419114394,9.800613758655986,4.615377137630169e-10,3.651737870785386e-08,-7.689989221216759e-08,0.9999999999999963,0.0;0.0;0.0;0.0;0.0;0.0;0.0;0.0;0.0,7.621289842063561e-05;0.0;0.0;0.0;7.621289842063561e-05;0.0;0.0;0.0;7.621289842063561e-05,3.999999975690116e-08;0.0;0.0;0.0;3.999999975690116e-08;0.0;0.0;0.0;3.999999975690116e-08
56,900000000,56.9,imu_link,0.005975580200609985,-0.0026454231967062013,0.008195779530048767,8.432493702438464e-05,-0.0002757014259956134,9.800165420708561,4.615394359376203e-10,3.6517545565550704e-08,-7.689989221230619e-08,0.9999999999999963,0.0;0.0;0.0;0.0;0.0;0.0;0.0;0.0;0.0,7.621289842063561e-05;0.0;0.0;0.0;7.621289842063561e-05;0.0;0.0;0.0;7.621289842063561e-05,3.999999975690116e-08;0.0;0.0;0.0;3.999999975690116e-08;0.0;0.0;0.0;3.999999975690116e-08
56,920000000,56.92,imu_link,-0.002429733610213527,0.0014236464108717272,-0.002484828967908135,0.0004258964283828875,-2.5420894445448612e-05,9.799887044750985,4.615408439125982e-10,3.651768203914809e-08,-7.68998922124361e-08,0.9999999999999963,0.0;0.0;0.0;0.0;0.0;0.0;0.0;0.0;0.0,7.621289842063561e-05;0.0;0.0;0.0;7.621289842063561e-05;0.0;0.0;0.0;7.621289842063561e-05,3.999999975690116e-08;0.0;0.0;0.0;3.999999975690116e-08;0.0;0.0;0.0;3.999999975690116e-08
56,940000000,56.94,imu_link,-0.0032021296327804484,-0.011235821829805875,-0.014210274005227376,0.00032625562479111534,0.0003472081320286059,9.800262795838378,4.615419969572683e-10,3.651779366264243e-08,-7.689989221255791e-08,0.9999999999999963,0.0;0.0;0.0;0.0;0.0;0.0;0.0;0.0;0.0,7.621289842063561e-05;0.0;0.0;0.0;7.621289842063561e-05;0.0;0.0;0.0;7.621289842063561e-05,3.999999975690116e-08;0.0;0.0;0.0;3.999999975690116e-08;0.0;0.0;0.0;3.999999975690116e-08
56,960000000,56.96,imu_link,-0.012337329342566797,-0.001854581055608206,0.019133115904425544,0.0003897149482489632,-5.7472848136926096e-05,9.800197738465764,4.6154293882650953e-10,3.651788496056001e-08,-7.689989221268083e-08,0.9999999999999963,0.0;0.0;0.0;0.0;0.0;0.0;0.0;0.0;0.0,7.621289842063561e-05;0.0;0.0;0.0;7.621289842063561e-05;0.0;0.0;0.0;7.621289842063561e-05,3.999999975690116e-08;0.0;0.0;0.0;3.999999975690116e-08;0.0;0.0;0.0;3.999999975690116e-08
56,980000000,56.98,imu_link,0.001697347453406885,0.006744122927000534,-0.002327530902935069,0.00010345144298902588,0.00010172520839124798,9.800031712074311,4.6154371000085693e-10,3.6517959633288564e-08,-7.689989221279164e-08,0.9999999999999963,0.0;0.0;0.0;0.0;0.0;0.0;0.0;0.0;0.0,7.621289842063561e-05;0.0;0.0;0.0;7.621289842063561e-05;0.0;0.0;0.0;7.621289842063561e-05,3.999999975690116e-08;0.0;0.0;0.0;3.999999975690116e-08;0.0;0.0;0.0;3.999999975690116e-08
57,0,57.0,imu_link,0.015365553382751206,-0.0040378681522546984,3.34610356574298e-05,-0.00017650865934983723,-6.550903003159318e-06,9.800020487089748,4.6154434058320544e-10,3.6518020708130366e-08,-7.68998922129038e-08,0.9999999999999963,0.0;0.0;0.0;0.0;0.0;0.0;0.0;0.0;0.0,7.621289842063561e-05;0.0;0.0;0.0;7.621289842063561e-05;0.0;0.0;0.0;7.621289842063561e-05,3.999999975690116e-08;0.0;0.0;0.0;3.999999975690116e-08;0.0;0.0;0.0;3.999999975690116e-08
57,20000000,57.02,imu_link,-0.005382785075816886,0.008306315116208085,-0.016268776651999838,0.00022173979309379603,-0.00011912069796067264,9.80022699469171,4.6154485624418506e-10,3.651807066197709e-08,-7.689989221300622e-08,0.9999999999999963,0.0;0.0;0.0;0.0;0.0;0.0;0.0;0.0;0.0,7.621289842063561e-05;0.0;0.0;0.0;7.621289842063561e-05;0.0;0.0;0.0;7.621289842063561e-05,3.999999975690116e-08;0.0;0.0;0.0;3.999999975690116e-08;0.0;0.0;0.0;3.999999975690116e-08
57,40000000,57.04,imu_link,0.0008190835785320111,0.0003353891303225988,-0.001979887485605129,-8.982613882482715e-05,-0.0002569378740253492,9.800481371368775,4.615452779076238e-10,3.651811151854526e-08,-7.68998922131041e-08,0.9999999999999963,0.0;0.0;0.0;0.0;0.0;0.0;0.0;0.0;0.0,7.621289842063561e-05;0.0;0.0;0.0;7.621289842063561e-05;0.0;0.0;0.0;7.621289842063561e-05,3.999999975690116e-08;0.0;0.0;0.0;3.999999975690116e-08;0.0;0.0;0.0;3.999999975690116e-08
57,60000000,57.06,imu_link,0.003296389512349885,0.01071694315250764,0.004175730096179187,5.668867789497738e-05,0.00011616919823330787,9.799875669468525,4.615456229891193e-10,3.651814493626233e-08,-7.689989221321773e-08,0.9999999999999963,0.0;0.0;0.0;0.0;0.0;0.0;0.0;0.0;0.0,7.621289842063561e-05;0.0;0.0;0.0;7.621289842063561e-05;0.0;0.0;0.0;7.621289842063561e-05,3.999999975690116e-08;0.0;0.0;0.0;3.999999975690116e-08;0.0;0.0;0.0;3.999999975690116e-08
57,80000000,57.08,imu_link,0.008318432827108362,-0.015704960624114462,0.005861108756821368,0.00021216915318269408,9.45200682327628e-05,9.79984251319977,4.615459057931399e-10,3.6518172268321315e-08,-7.689989221331995e-08,0.9999999999999963,0.0;0.0;0.0;0.0;0.0;0.0;0.0;0.0;0.0,7.621289842063561e-05;0.0;0.0;0.0;7.621289842063561e-05;0.0;0.0;0.0;7.621289842063561e-05,3.999999975690116e-08;0.0;0.0;0.0;3.999999975690116e-08;0.0;0.0;0.0;3.999999975690116e-08
57,100000000,57.1,imu_link,0.013704159578677782,-0.0015440708769727592,0.001989217102448204,2.1691514193137212e-05,0.00033478791106037413,9.799826268572884,4.6154613682172274e-10,3.651819462393202e-08,-7.689989221341972e-08,0.9999999999999963,0.0;0.0;0.0;0.0;0.0;0.0;0.0;0.0;0.0,7.621289842063561e-05;0.0;0.0;0.0;7.621289842063561e-05;0.0;0.0;0.0;7.621289842063561e-05,3.999999975690116e-08;0.0;0.0;0.0;3.999999975690116e-08;0.0;0.0;0.0;3.999999975690116e-08
57,120000000,57.12,imu_link,0.003537346361250641,0.003238555418312575,-0.005469176336158814,-0.00038318493977474734,-0.0002432445738006751,9.800383764036397,4.6154632550359096e-10,3.6518212909137864e-08,-7.68998922135173e-08,0.9999999999999963,0.0;0.0;0.0;0.0;0.0;0.0;0.0;0.0;0.0,7.621289842063561e-05;0.0;0.0;0.0;7.621289842063561e-05;0.0;0.0;0.0;7.621289842063561e-05,3.999999975690116e-08;0.0;0.0;0.0;3.999999975690116e-08;0.0;0.0;0.0;3.999999975690116e-08
57,140000000,57.14,imu_link,0.002548052175670281,-0.005634609760784229,-0.000668140738206354,-0.0001641643613996797,-0.00018207870811605268,9.799977444093146,4.615464800875193e-10,3.6518227863543875e-08,-7.689989221361276e-08,0.9999999999999963,0.0;0.0;0.0;0.0;0.0;0.0;0.0;0.0;0.0,7.621289842063561e-05;0.0;0.0;0.0;7.621289842063561e-05;0.0;0.0;0.0;7.621289842063561e-05,3.999999975690116e-08;0.0;0.0;0.0;3.999999975690116e-08;0.0;0.0;0.0;3.999999975690116e-08
57,160000000,57.16,imu_link,-0.00198486844580016,0.019353573466058187,-0.010526189132826663,0.00011737413756549439,-6.519437930239125e-05,9.799953342336691,4.615466065867326e-10,3.651824009641863e-08,-7.689989221370298e-08,0.9999999999999963,0.0;0.0;0.0;0.0;0.0;0.0;0.0;0.0;0.0,7.621289842063561e-05;0.0;0.0;0.0;7.621289842063561e-05;0.0;0.0;0.0;7.621289842063561e-05,3.999999975690116e-08;0.0;0.0;0.0;3.999999975690116e-08;0.0;0.0;0.0;3.999999975690116e-08
57,180000000,57.18,imu_link,0.01475835056522371,-0.003930456458505721,-0.005888601871122688,0.00032382627124473375,-0.00040888999572346116,9.799988217603161,4.6154670992693896e-10,3.65182501020712e-08,-7.689989221379626e-08,0.9999999999999963,0.0;0.0;0.0;0.0;0.0;0.0;0.0;0.0;0.0,7.621289842063561e-05;0.0;0.0;0.0;7.621289842063561e-05;0.0;0.0;0.0;7.621289842063561e-05,3.999999975690116e-08;0.0;0.0;0.0;3.999999975690116e-08;0.0;0.0;0.0;3.999999975690116e-08
57,200000000,57.2,imu_link,0.009237723114113788,-0.011263496132390045,0.010846267551326753,-0.0004280489559704246,0.00019437510513462103,9.799907446855865,4.6154679405961674e-10,3.6518258284307515e-08,-7.689989221389537e-08,0.9999999999999963,0.0;0.0;0.0;0.0;0.0;0.0;0.0;0.0;0.0,7.621289842063561e-05;0.0;0.0;0.0;7.621289842063561e-05;0.0;0.0;0.0;7.621289842063561e-05,3.999999975690116e-08;0.0;0.0;0.0;3.999999975690116e-08;0.0;0.0;0.0;3.999999975690116e-08
57,220000000,57.22,imu_link,-0.02212364910502679,-0.00023505493627555164,-0.01684154084587855,0.00013716525117632092,-0.0001310427940951642,9.799776054765776,4.6154686260881903e-10,3.651826497768586e-08,-7.689989221398744e-08,0.9999999999999963,0.0;0.0;0.0;0.0;0.0;0.0;0.0;0.0;0.0,7.621289842063561e-05;0.0;0.0;0.0;7.621289842063561e-05;0.0;0.0;0.0;7.621289842063561e-05,3.999999975690116e-08;0.0;0.0;0.0;3.999999975690116e-08;0.0;0.0;0.0;3.999999975690116e-08
57,240000000,57.24,imu_link,0.005274411710317911,0.005970486026892995,-0.003715185055405988,0.00016030527712104526,7.823207219091216e-05,9.800322921393326,4.615469188784679e-10,3.651827045038934e-08,-7.689989221407352e-08,0.9999999999999963,0.0;0.0;0.0;0.0;0.0;0.0;0.0;0.0;0.0,7.621289842063561e-05;0.0;0.0;0.0;7.621289842063561e-05;0.0;0.0;0.0;7.621289842063561e-05,3.999999975690116e-08;0.0;0.0;0.0;3.999999975690116e-08;0.0;0.0;0.0;3.999999975690116e-08
57,260000000,57.26,imu_link,0.005797366824599769,0.008305635545527266,0.004969609740902481,0.0002833882364208716,-0.00015621299217637397,9.799833933756938,4.615469653602503e-10,3.651827492837942e-08,-7.68998922141738e-08,0.9999999999999963,0.0;0.0;0.0;0.0;0.0;0.0;0.0;0.0;0.0,7.621289842063561e-05;0.0;0.0;0.0;7.621289842063561e-05;0.0;0.0;0.0;7.621289842063561e-05,3.999999975690116e-08;0.0;0.0;0.0;3.999999975690116e-08;0.0;0.0;0.0;3.999999975690116e-08
57,280000000,57.28,imu_link,-0.008485723826640852,-0.004676545622417799,-0.004858661544392358,4.417936789847629e-05,-1.2557074096293468e-05,9.800109843674951,4.6154700304248165e-10,3.6518278590487075e-08,-7.689989221426343e-08,0.9999999999999963,0.0;0.0;0.0;0.0;0.0;0.0;0.0;0.0;0.0,7.621289842063561e-05;0.0;0.0;0.0;7.621289842063561e-05;0.0;0.0;0.0;7.621289842063561e-05,3.999999975690116e-08;0.0;0.0;0.0;3.999999975690116e-08;0.0;0.0;0.0;3.999999975690116e-08
57,300000000,57.3,imu_link,-0.0019814088012483173,0.009138250119439528,-0.008083549568336562,0.00017110180256889562,-0.00017502696310791558,9.800219261921418,4.6154703314055666e-10,3.651828158530993e-08,-7.689989221435812e-08,0.9999999999999963,0.0;0.0;0.0;0.0;0.0;0.0;0.0;0.0;0.0,7.621289842063561e-05;0.0;0.0;0.0;7.621289842063561e-05;0.0;0.0;0.0;7.621289842063561e-05,3.999999975690116e-08;0.0;0.0;0.0;3.999999975690116e-08;0.0;0.0;0.0;3.999999975690116e-08
57,320000000,57.32,imu_link,-0.006132345280901004,0.002260408070971407,0.002565624496336312,0.00016988688022640327,-0.00015837937616961677,9.80018570527834,4.6154705802057945e-10,3.65182840346254e-08,-7.689989221445835e-08,0.9999999999999963,0.0;0.0;0.0;0.0;0.0;0.0;0.0;0.0;0.0,7.621289842063561e-05;0.0;0.0;0.0;7.621289842063561e-05;0.0;0.0;0.0;7.621289842063561e-05,3.999999975690116e-08;0.0;0.0;0.0;3.999999975690116e-08;0.0;0.0;0.0;3.999999975690116e-08
57,340000000,57.34,imu_link,-0.0046625030325635865,0.0075866375964149385,0.0001805173748899588,-8.034559438827714e-05,-0.0006601084838685444,9.79987868221917,4.6154707975469074e-10,3.65182860383429e-08,-7.689989221456657e-08,0.9999999999999963,0.0;0.0;0.0;0.0;0.0;0.0;0.0;0.0;0.0,7.621289842063561e-05;0.0;0.0;0.0;7.621289842063561e-05;0.0;0.0;0.0;7.621289842063561e-05,3.999999975690116e-08;0.0;0.0;0.0;3.999999975690116e-08;0.0;0.0;0.0;3.999999975690116e-08
57,360000000,57.36,imu_link,-0.00938996535005093,0.01398681116905609,-0.010827684319252585,0.00017682269783680053,0.00015170966645631636,9.799769798175017,4.6154709478296813e-10,3.6518287676900555e-08,-7.689989221465985e-08,0.9999999999999963,0.0;0.0;0.0;0.0;0.0;0.0;0.0;0.0;0.0,7.621289842063561e-05;0.0;0.0;0.0;7.621289842063561e-05;0.0;0.0;0.0;7.621289842063561e-05,3.999999975690116e-08;0.0;0.0;0.0;3.999999975690116e-08;0.0;0.0;0.0;3.999999975690116e-08
57,380000000,57.38,imu_link,0.008330688035061718,0.015339036325825409,-0.013012755361551772,-0.0003534424407469302,-6.996887324195241e-05,9.800329578802556,4.615471089680131e-10,3.651828901735406e-08,-7.68998922147489e-08,0.9999999999999963,0.0;0.0;0.0;0.0;0.0;0.0;0.0;0.0;0.0,7.621289842063561e-05;0.0;0.0;0.0;7.621289842063561e-05;0.0;0.0;0.0;7.621289842063561e-05,3.999999975690116e-08;0.0;0.0;0.0;3.999999975690116e-08;0.0;0.0;0.0;3.999999975690116e-08
57,400000000,57.4,imu_link,0.005802934473289392,-0.0017800584587358158,0.021412690285770152,0.0003490764685924015,-0.0003753837662299965,9.799962442462741,4.615471229137437e-10,3.6518290113860064e-08,-7.689989221484337e-08,0.9999999999999963,0.0;0.0;0.0;0.0;0.0;0.0;0.0;0.0;0.0,7.621289842063561e-05;0.0;0.0;0.0;7.621289842063561e-05;0.0;0.0;0.0;7.621289842063561e-05,3.999999975690116e-08;0.0;0.0;0.0;3.999999975690116e-08;0.0;0.0;0.0;3.999999975690116e-08
57,420000000,57.42,imu_link,-0.004424620718910452,0.0037045006434172183,0.0017097233560167053,-0.0001181976097668697,4.2981590311172815e-05,9.799903153144099,4.61547129261417e-10,3.6518291011266584e-08,-7.689989221493978e-08,0.9999999999999963,0.0;0.0;0.0;0.0;0.0;0.0;0.0;0.0;0.0,7.621289842063561e-05;0.0;0.0;0.0;7.621289842063561e-05;0.0;0.0;0.0;7.621289842063561e-05,3.999999975690116e-08;0.0;0.0;0.0;3.999999975690116e-08;0.0;0.0;0.0;3.999999975690116e-08
57,440000000,57.44,imu_link,-0.00016652696676583523,-0.011794760638385247,-0.0006823393382677409,0.00047337020147971814,0.00014643925204413992,9.800287548260458,4.6154713484068225e-10,3.651829174459556e-08,-7.68998922150282e-08,0.9999999999999963,0.0;0.0;0.0;0.0;0.0;0.0;0.0;0.0;0.0,7.621289842063561e-05;0.0;0.0;0.0;7.621289842063561e-05;0.0;0.0;0.0;7.621289842063561e-05,3.999999975690116e-08;0.0;0.0;0.0;3.999999975690116e-08;0.0;0.0;0.0;3.999999975690116e-08
57,460000000,57.46,imu_link,-0.0013487058258410038,-0.01558507172006082,0.0012640673890566183,0.00020939821706476668,3.6477566350153634e-05,9.800157775519287,4.6154714109882683e-10,3.651829234465242e-08,-7.689989221511859e-08,0.9999999999999963,0.0;0.0;0.0;0.0;0.0;0.0;0.0;0.0;0.0,7.621289842063561e-05;0.0;0.0;0.0;7.621289842063561e-05;0.0;0.0;0.0;7.621289842063561e-05,3.999999975690116e-08;0.0;0.0;0.0;3.999999975690116e-08;0.0;0.0;0.0;3.999999975690116e-08
57,480000000,57.48,imu_link,-0.014577389375980946,-0.0032236744750082573,-0.01079648138834058,5.0626801544818494e-05,0.00041024482019247447,9.800301782781021,4.6154714716558963e-10,3.6518292836068606e-08,-7.689989221520277e-08,0.9999999999999963,0.0;0.0;0.0;0.0;0.0;0.0;0.0;0.0;0.0,7.621289842063561e-05;0.0;0.0;0.0;7.621289842063561e-05;0.0;0.0;0.0;7.621289842063561e-05,3.999999975690116e-08;0.0;0.0;0.0;3.999999975690116e-08;0.0;0.0;0.0;3.999999975690116e-08
57,500000000,57.5,imu_link,0.002387034239651333,0.007020559460528277,0.015065824232131644,1.0553520519806611e-05,-0.00030106629481715545,9.800232399042493,4.615471510035269e-10,3.6518293237307345e-08,-7.689989221529134e-08,0.9999999999999963,0.0;0.0;0.0;0.0;0.0;0.0;0.0;0.0;0.0,7.621289842063561e-05;0.0;0.0;0.0;7.621289842063561e-05;0.0;0.0;0.0;7.621289842063561e-05,3.999999975690116e-08;0.0;0.0;0.0;3.999999975690116e-08;0.0;0.0;0.0;3.999999975690116e-08
57,520000000,57.52,imu_link,0.00981351772423533,0.0020689341415006976,0.0031226887531294574,5.0754686643463634e-05,-9.539399135844367e-05,9.800007583322472,4.615471559962365e-10,3.651829356475995e-08,-7.689989221538186e-08,0.9999999999999963,0.0;0.0;0.0;0.0;0.0;0.0;0.0;0.0;0.0,7.621289842063561e-05;0.0;0.0;0.0;7.621289842063561e-05;0.0;0.0;0.0;7.621289842063561e-05,3.999999975690116e-08;0.0;0.0;0.0;3.999999975690116e-08;0.0;0.0;0.0;3.999999975690116e-08
57,540000000,57.54,imu_link,-0.00095015166765648,0.011256793237329992,-0.0076516201930351534,0.00016770575968860004,-0.00013382161848400436,9.800248341154102,4.615471628879407e-10,3.651829383383539e-08,-7.689989221548105e-08,0.9999999999999963,0.0;0.0;0.0;0.0;0.0;0.0;0.0;0.0;0.0,7.621289842063561e-05;0.0;0.0;0.0;7.621289842063561e-05;0.0;0.0;0.0;7.621289842063561e-05,3.999999975690116e-08;0.0;0.0;0.0;3.999999975690116e-08;0.0;0.0;0.0;3.999999975690116e-08
57,560000000,57.56,imu_link,0.008965954301319448,0.009233916522819059,0.0025557744340523655,-7.535759926264597e-05,-0.00032420987822704897,9.80068069203096,4.6154716263800945e-10,3.6518294052601584e-08,-7.689989221559204e-08,0.9999999999999963,0.0;0.0;0.0;0.0;0.0;0.0;0.0;0.0;0.0,7.621289842063561e-05;0.0;0.0;0.0;7.621289842063561e-05;0.0;0.0;0.0;7.621289842063561e-05,3.999999975690116e-08;0.0;0.0;0.0;3.999999975690116e-08;0.0;0.0;0.0;3.999999975690116e-08
57,580000000,57.58,imu_link,0.009843868568193968,0.00048159991405111424,0.018568959190810103,0.0002519093415405088,-0.00032014184095466194,9.800126941353465,4.615471627456275e-10,3.6518294231793025e-08,-7.689989221568879e-08,0.9999999999999963,0.0;0.0;0.0;0.0;0.0;0.0;0.0;0.0;0.0,7.621289842063561e-05;0.0;0.0;0.0;7.621289842063561e-05;0.0;0.0;0.0;7.621289842063561e-05,3.999999975690116e-08;0.0;0.0;0.0;3.999999975690116e-08;0.0;0.0;0.0;3.999999975690116e-08
57,600000000,57.6,imu_link,-0.003215779363777456,-0.0065655896424881895,0.006317124596568266,-0.0002075371479416183,-0.00015646028170965309,9.799874992248634,4.6154716266019485e-10,3.651829437877728e-08,-7.689989221578319e-08,0.9999999999999963,0.0;0.0;0.0;0.0;0.0;0.0;0.0;0.0;0.0,7.621289842063561e-05;0.0;0.0;0.0;7.621289842063561e-05;0.0;0.0;0.0;7.621289842063561e-05,3.999999975690116e-08;0.0;0.0;0.0;3.999999975690116e-08;0.0;0.0;0.0;3.999999975690116e-08
57,620000000,57.62,imu_link,0.01108655645173826,0.014303472776041042,0.017882831418304906,-9.353934866849039e-05,0.0002495718345150102,9.799768087564393,4.6154716269589307e-10,3.6518294498979715e-08,-7.689989221588772e-08,0.9999999999999963,0.0;0.0;0.0;0.0;0.0;0.0;0.0;0.0;0.0,7.621289842063561e-05;0.0;0.0;0.0;7.621289842063561e-05;0.0;0.0;0.0;7.621289842063561e-05,3.999999975690116e-08;0.0;0.0;0.0;3.999999975690116e-08;0.0;0.0;0.0;3.999999975690116e-08
57,640000000,57.64,imu_link,-0.00472410139613518,-0.007805249320311229,-0.00039095660659362155,0.00040241713247847976,0.00038523135443244643,9.800340548743934,4.615471627099432e-10,3.651829459753843e-08,-7.689989221597208e-08,0.9999999999999963,0.0;0.0;0.0;0.0;0.0;0.0;0.0;0.0;0.0,7.621289842063561e-05;0.0;0.0;0.0;7.621289842063561e-05;0.0;0.0;0.0;7.621289842063561e-05,3.999999975690116e-08;0.0;0.0;0.0;3.999999975690116e-08;0.0;0.0;0.0;3.999999975690116e-08
57,660000000,57.66,imu_link,-0.012744636509771583,-0.013443968084630673,-0.015193616522283808,3.48007671394087e-05,-0.00040575803230079365,9.800030437954913,4.6154716247168897e-10,3.6518294679297154e-08,-7.689989221607674e-08,0.9999999999999963,0.0;0.0;0.0;0.0;0.0;0.0;0.0;0.0;0.0,7.621289842063561e-05;0.0;0.0;0.0;7.621289842063561e-05;0.0;0.0;0.0;7.621289842063561e-05,3.999999975690116e-08;0.0;0.0;0.0;3.999999975690116e-08;0.0;0.0;0.0;3.999999975690116e-08
57,680000000,57.68,imu_link,0.0074337245528330025,0.0025483833181102083,-0.007420645143275901,0.00027702529918169247,8.03370349673105e-05,9.800164877391603,4.6154716269873883e-10,3.651829474462101e-08,-7.689989221617076e-08,0.9999999999999963,0.0;0.0;0.0;0.0;0.0;0.0;0.0;0.0;0.0,7.621289842063561e-05;0.0;0.0;0.0;7.621289842063561e-05;0.0;0.0;0.0;7.621289842063561e-05,3.999999975690116e-08;0.0;0.0;0.0;3.999999975690116e-08;0.0;0.0;0.0;3.999999975690116e-08
57,700000000,57.7,imu_link,-0.005243703889115622,-0.012282987646152235,-0.0075555507681089335,0.0003393738348917127,-0.00034740841692804667,9.79999207180775,4.6154716249085397e-10,3.651829479677568e-08,-7.689989221626274e-08,0.9999999999999963,0.0;0.0;0.0;0.0;0.0;0.0;0.0;0.0;0.0,7.621289842063561e-05;0.0;0.0;0.0;7.621289842063561e-05;0.0;0.0;0.0;7.621289842063561e-05,3.999999975690116e-08;0.0;0.0;0.0;3.999999975690116e-08;0.0;0.0;0.0;3.999999975690116e-08
57,720000000,57.72,imu_link,-0.0052715689302150065,-0.0004816436456714894,-0.009758079241230575,-3.473202411386254e-05,-0.00013831584454676772,9.800038482614083,4.6154716261049897e-10,3.651829483928681e-08,-7.689989221633445e-08,0.9999999999999963,0.0;0.0;0.0;0.0;0.0;0.0;0.0;0.0;0.0,7.621289842063561e-05;0.0;0.0;0.0;7.621289842063561e-05;0.0;0.0;0.0;7.621289842063561e-05,3.999999975690116e-08;0.0;0.0;0.0;3.999999975690116e-08;0.0;0.0;0.0;3.999999975690116e-08
57,740000000,57.74,imu_link,-0.0021091280143143674,0.0005435456195453099,0.00026400719198530674,0.00010837595950056478,-0.00025295417445427086,9.800000315691118,4.615471630305598e-10,3.651829487504304e-08,-7.689989221642724e-08,0.9999999999999963,0.0;0.0;0.0;0.0;0.0;0.0;0.0;0.0;0.0,7.621289842063561e-05;0.0;0.0;0.0;7.621289842063561e-05;0.0;0.0;0.0;7.621289842063561e-05,3.999999975690116e-08;0.0;0.0;0.0;3.999999975690116e-08;0.0;0.0;0.0;3.999999975690116e-08
57,760000000,57.76,imu_link,0.004385840192952229,0.0031210066170076402,-0.015540591686481095,0.0001816033027579103,-0.00029799621761383057,9.800185610441932,4.615471630924542e-10,3.651829490598847e-08,-7.689989221651046e-08,0.9999999999999963,0.0;0.0;0.0;0.0;0.0;0.0;0.0;0.0;0.0,7.621289842063561e-05;0.0;0.0;0.0;7.621289842063561e-05;0.0;0.0;0.0;7.621289842063561e-05,3.999999975690116e-08;0.0;0.0;0.0;3.999999975690116e-08;0.0;0.0;0.0;3.999999975690116e-08
57,780000000,57.78,imu_link,-0.007043445361409936,-0.002870918326794165,0.0006022005469548909,0.00016974895957390192,-1.651882144311132e-06,9.799852886521567,4.615471626953989e-10,3.651829492885402e-08,-7.689989221659201e-08,0.9999999999999963,0.0;0.0;0.0;0.0;0.0;0.0;0.0;0.0;0.0,7.621289842063561e-05;0.0;0.0;0.0;7.621289842063561e-05;0.0;0.0;0.0;7.621289842063561e-05,3.999999975690116e-08;0.0;0.0;0.0;3.999999975690116e-08;0.0;0.0;0.0;3.999999975690116e-08
57,800000000,57.8,imu_link,0.006363185085359346,-0.0057339883808873605,0.02272794546507149,-0.0001480388456144612,-2.567564503035236e-05,9.79988637022637,4.615471627709111e-10,3.651829495124314e-08,-7.689989221665971e-08,0.9999999999999963,0.0;0.0;0.0;0.0;0.0;0.0;0.0;0.0;0.0,7.621289842063561e-05;0.0;0.0;0.0;7.621289842063561e-05;0.0;0.0;0.0;7.621289842063561e-05,3.999999975690116e-08;0.0;0.0;0.0;3.999999975690116e-08;0.0;0.0;0.0;3.999999975690116e-08
57,820000000,57.82,imu_link,-0.0018292862835515788,0.0012127688978824877,0.004855518669958865,0.0003930499139008282,-0.00023373746518255792,9.800147025385813,4.615471628214584e-10,3.6518294965051984e-08,-7.689989221671379e-08,0.9999999999999963,0.0;0.0;0.0;0.0;0.0;0.0;0.0;0.0;0.0,7.621289842063561e-05;0.0;0.0;0.0;7.621289842063561e-05;0.0;0.0;0.0;7.621289842063561e-05,3.999999975690116e-08;0.0;0.0;0.0;3.999999975690116e-08;0.0;0.0;0.0;3.999999975690116e-08
57,840000000,57.84,imu_link,-0.009313375601960041,0.01607328148982353,0.010465491143318462,7.85903962102585e-05,-0.00012768247389025001,9.799910957789576,4.615471628908173e-10,3.651829497889131e-08,-7.689989221676987e-08,0.9999999999999963,0.0;0.0;0.0;0.0;0.0;0.0;0.0;0.0;0.0,7.621289842063561e-05;0.0;0.0;0.0;7.621289842063561e-05;0.0;0.0;0.0;7.621289842063561e-05,3.999999975690116e-08;0.0;0.0;0.0;3.999999975690116e-08;0.0;0.0;0.0;3.999999975690116e-08
57,860000000,57.86,imu_link,-0.005657130757386749,0.008291412496003885,0.002595608060803382,0.00032197538356909896,-0.00045342066056311203,9.800358696645922,4.615471627453323e-10,3.6518294993047945e-08,-7.689989221682311e-08,0.9999999999999963,0.0;0.0;0.0;0.0;0.0;0.0;0.0;0.0;0.0,7.621289842063561e-05;0.0;0.0;0.0;7.621289842063561e-05;0.0;0.0;0.0;7.621289842063561e-05,3.999999975690116e-08;0.0;0.0;0.0;3.999999975690116e-08;0.0;0.0;0.0;3.999999975690116e-08
57,880000000,57.88,imu_link,0.004310874417765601,0.004759777806577373,-0.0075821130555090875,0.00012090459233351677,-0.00012614362242575273,9.80026549019732,4.6154716261640085e-10,3.651829500081229e-08,-7.689989221688163e-08,0.9999999999999963,0.0;0.0;0.0;0.0;0.0;0.0;0.0;0.0;0.0,7.621289842063561e-05;0.0;0.0;0.0;7.621289842063561e-05;0.0;0.0;0.0;7.621289842063561e-05,3.999999975690116e-08;0.0;0.0;0.0;3.999999975690116e-08;0.0;0.0;0.0;3.999999975690116e-08
57,900000000,57.9,imu_link,0.0039252734443543,0.0024064204389751616,-0.0014344304467715742,-5.741665145851828e-05,-0.00013778779727115898,9.800020360471416,4.615471627272927e-10,3.651829500630359e-08,-7.689989221695746e-08,0.9999999999999963,0.0;0.0;0.0;0.0;0.0;0.0;0.0;0.0;0.0,7.621289842063561e-05;0.0;0.0;0.0;7.621289842063561e-05;0.0;0.0;0.0;7.621289842063561e-05,3.999999975690116e-08;0.0;0.0;0.0;3.999999975690116e-08;0.0;0.0;0.0;3.999999975690116e-08
57,920000000,57.92,imu_link,0.007380851420005581,0.0023095514579040918,0.014840489530420527,0.00012454145117241937,-0.0001845471031744907,9.799812717816613,4.615471627966482e-10,3.651829501179773e-08,-7.689989221703532e-08,0.9999999999999963,0.0;0.0;0.0;0.0;0.0;0.0;0.0;0.0;0.0,7.621289842063561e-05;0.0;0.0;0.0;7.621289842063561e-05;0.0;0.0;0.0;7.621289842063561e-05,3.999999975690116e-08;0.0;0.0;0.0;3.999999975690116e-08;0.0;0.0;0.0;3.999999975690116e-08
57,940000000,57.94,imu_link,-0.004663406619750922,0.00189006502598373,0.0015251543699284654,0.00017600494944595757,4.5233414458012105e-05,9.799546592952387,4.6154716287641014e-10,3.6518295017298035e-08,-7.689989221711053e-08,0.9999999999999963,0.0;0.0;0.0;0.0;0.0;0.0;0.0;0.0;0.0,7.621289842063561e-05;0.0;0.0;0.0;7.621289842063561e-05;0.0;0.0;0.0;7.621289842063561e-05,3.999999975690116e-08;0.0;0.0;0.0;3.999999975690116e-08;0.0;0.0;0.0;3.999999975690116e-08
57,960000000,57.96,imu_link,0.009811951525202136,-0.019656135284461248,0.004720255882833308,-0.00037437114687101375,4.8425196259904526e-05,9.799833088225604,4.6154716258310983e-10,3.651829502276998e-08,-7.689989221720483e-08,0.9999999999999963,0.0;0.0;0.0;0.0;0.0;0.0;0.0;0.0;0.0,7.621289842063561e-05;0.0;0.0;0.0;7.621289842063561e-05;0.0;0.0;0.0;7.621289842063561e-05,3.999999975690116e-08;0.0;0.0;0.0;3.999999975690116e-08;0.0;0.0;0.0;3.999999975690116e-08
57,980000000,57.98,imu_link,-0.01024963244910259,-0.013618510769222436,0.009015686288529032,0.000255564798976553,-0.0002106348578522894,9.80012642283399,4.6154716266973374e-10,3.651829502830533e-08,-7.689989221730142e-08,0.9999999999999963,0.0;0.0;0.0;0.0;0.0;0.0;0.0;0.0;0.0,7.621289842063561e-05;0.0;0.0;0.0;7.621289842063561e-05;0.0;0.0;0.0;7.621289842063561e-05,3.999999975690116e-08;0.0;0.0;0.0;3.999999975690116e-08;0.0;0.0;0.0;3.999999975690116e-08
58,0,58.0,imu_link,0.005739096766118331,0.010093443762364514,0.0022518078292504276,0.00019294165062751407,0.0002836116856348874,9.800524482826882,4.6154716274201257e-10,3.651829503386657e-08,-7.68998922173951e-08,0.9999999999999963,0.0;0.0;0.0;0.0;0.0;0.0;0.0;0.0;0.0,7.621289842063561e-05;0.0;0.0;0.0;7.621289842063561e-05;0.0;0.0;0.0;7.621289842063561e-05,3.999999975690116e-08;0.0;0.0;0.0;3.999999975690116e-08;0.0;0.0;0.0;3.999999975690116e-08
58,20000000,58.02,imu_link,-0.0022160771139454064,-0.007946320586635141,-0.0023799395634897277,0.00011137166750349936,0.00025523091438878166,9.80044743642504,4.615471628025283e-10,3.651829503941525e-08,-7.68998922174915e-08,0.9999999999999963,0.0;0.0;0.0;0.0;0.0;0.0;0.0;0.0;0.0,7.621289842063561e-05;0.0;0.0;0.0;7.621289842063561e-05;0.0;0.0;0.0;7.621289842063561e-05,3.999999975690116e-08;0.0;0.0;0.0;3.999999975690116e-08;0.0;0.0;0.0;3.999999975690116e-08
58,40000000,58.04,imu_link,-0.011006993170864206,-0.007740547198632784,0.008952604867842828,0.0001715956693875717,-0.00017459083266221584,9.800139037886783,4.615471626289521e-10,3.651829504210149e-08,-7.68998922175859e-08,0.9999999999999963,0.0;0.0;0.0;0.0;0.0;0.0;0.0;0.0;0.0,7.621289842063561e-05;0.0;0.0;0.0;7.621289842063561e-05;0.0;0.0;0.0;7.621289842063561e-05,3.999999975690116e-08;0.0;0.0;0.0;3.999999975690116e-08;0.0;0.0;0.0;3.999999975690116e-08
58,60000000,58.06,imu_link,0.011371237377172638,-0.012266020145581284,0.014373067686904722,-0.0001559004218368254,-0.00026232745213887573,9.800136436295297,4.6154716267345553e-10,3.6518295042423276e-08,-7.689989221767918e-08,0.9999999999999963,0.0;0.0;0.0;0.0;0.0;0.0;0.0;0.0;0.0,7.621289842063561e-05;0.0;0.0;0.0;7.621289842063561e-05;0.0;0.0;0.0;7.621289842063561e-05,3.999999975690116e-08;0.0;0.0;0.0;3.999999975690116e-08;0.0;0.0;0.0;3.999999975690116e-08
58,80000000,58.08,imu_link,-0.010979903516661851,0.0051295604041485246,-0.0011598681996223307,-0.0001148114774144787,-0.00048614372158209645,9.800165916332539,4.615471625863838e-10,3.651829504230596e-08,-7.689989221776604e-08,0.9999999999999963,0.0;0.0;0.0;0.0;0.0;0.0;0.0;0.0;0.0,7.621289842063561e-05;0.0;0.0;0.0;7.621289842063561e-05;0.0;0.0;0.0;7.621289842063561e-05,3.999999975690116e-08;0.0;0.0;0.0;3.999999975690116e-08;0.0;0.0;0.0;3.999999975690116e-08
58,100000000,58.1,imu_link,0.006359457859556792,0.004542336362073899,-0.005571225316213065,0.00017643719528474542,-0.0001324458455090595,9.800530965496423,4.6154716277974866e-10,3.651829504223072e-08,-7.689989221785272e-08,0.9999999999999963,0.0;0.0;0.0;0.0;0.0;0.0;0.0;0.0;0.0,7.621289842063561e-05;0.0;0.0;0.0;7.621289842063561e-05;0.0;0.0;0.0;7.621289842063561e-05,3.999999975690116e-08;0.0;0.0;0.0;3.999999975690116e-08;0.0;0.0;0.0;3.999999975690116e-08
58,120000000,58.12,imu_link,-0.004284139479907573,0.015804238614087727,0.009193348069372682,6.121580166225694e-06,-0.0001636973667466634,9.800246747620406,4.6154716262226825e-10,3.6518295042098234e-08,-7.68998922179418e-08,0.9999999999999963,0.0;0.0;0.0;0.0;0.0;0.0;0.0;0.0;0.0,7.621289842063561e-05;0.0;0.0;0.0;7.621289842063561e-05;0.0;0.0;0.0;7.621289842063561e-05,3.999999975690116e-08;0.0;0.0;0.0;3.999999975690116e-08;0.0;0.0;0.0;3.999999975690116e-08
58,140000000,58.14,imu_link,-0.009171230494655703,0.00956644989551551,0.001921185605289328,3.1208253138768265e-05,6.98055305470706e-05,9.799969020947056,4.6154716266948626e-10,3.651829504241395e-08,-7.68998922180283e-08,0.9999999999999963,0.0;0.0;0.0;0.0;0.0;0.0;0.0;0.0;0.0,7.621289842063561e-05;0.0;0.0;0.0;7.621289842063561e-05;0.0;0.0;0.0;7.621289842063561e-05,3.999999975690116e-08;0.0;0.0;0.0;3.999999975690116e-08;0.0;0.0;0.0;3.999999975690116e-08
58,160000000,58.16,imu_link,0.0007443098026878148,-0.010149173192583029,-0.0029823826766070083,0.0004199126233462702,-0.00014287608477192313,9.799584915286198,4.615471627330149e-10,3.651829504232352e-08,-7.689989221811313e-08,0.9999999999999963,0.0;0.0;0.0;0.0;0.0;0.0;0.0;0.0;0.0,7.621289842063561e-05;0.0;0.0;0.0;7.621289842063561e-05;0.0;0.0;0.0;7.621289842063561e-05,3.999999975690116e-08;0.0;0.0;0.0;3.999999975690116e-08;0.0;0.0;0.0;3.999999975690116e-08
58,180000000,58.18,imu_link,-0.008360762563906768,-0.0034467715789110918,0.013249616478366233,0.0004294828605500597,-0.0001811165662520639,9.800048176917976,4.6154716265685986e-10,3.651829504220055e-08,-7.689989221820151e-08,0.9999999999999963,0.0;0.0;0.0;0.0;0.0;0.0;0.0;0.0;0.0,7.621289842063561e-05;0.0;0.0;0.0;7.621289842063561e-05;0.0;0.0;0.0;7.621289842063561e-05,3.999999975690116e-08;0.0;0.0;0.0;3.999999975690116e-08;0.0;0.0;0.0;3.999999975690116e-08
58,200000000,58.2,imu_link,0.016050690637967668,0.00786149338677076,0.007152075048754344,-0.0002699372422809671,9.63333258889309e-05,9.800382722826313,4.6154716284576093e-10,3.651829504212985e-08,-7.689989221829746e-08,0.9999999999999963,0.0;0.0;0.0;0.0;0.0;0.0;0.0;0.0;0.0,7.621289842063561e-05;0.0;0.0;0.0;7.621289842063561e-05;0.0;0.0;0.0;7.621289842063561e-05,3.999999975690116e-08;0.0;0.0;0.0;3.999999975690116e-08;0.0;0.0;0.0;3.999999975690116e-08
58,220000000,58.22,imu_link,0.012540071435602354,0.006132910995491428,-0.01171574603929185,-0.0001585107747192646,7.392586639173252e-05,9.799951066100348,4.6154716264285916e-10,3.651829504239483e-08,-7.689989221838217e-08,0.9999999999999963,0.0;0.0;0.0;0.0;0.0;0.0;0.0;0.0;0.0,7.621289842063561e-05;0.0;0.0;0.0;7.621289842063561e-05;0.0;0.0;0.0;7.621289842063561e-05,3.999999975690116e-08;0.0;0.0;0.0;3.999999975690116e-08;0.0;0.0;0.0;3.999999975690116e-08
58,240000000,58.24,imu_link,-0.0011088348239675515,-0.0021225372581673003,-0.0032733085821114332,-0.0003934557626993904,-5.4274384193379864e-05,9.799905615475947,4.6154716280861126e-10,3.6518295042315895e-08,-7.689989221847251e-08,0.9999999999999963,0.0;0.0;0.0;0.0;0.0;0.0;0.0;0.0;0.0,7.621289842063561e-05;0.0;0.0;0.0;7.621289842063561e-05;0.0;0.0;0.0;7.621289842063561e-05,3.999999975690116e-08;0.0;0.0;0.0;3.999999975690116e-08;0.0;0.0;0.0;3.999999975690116e-08
58,260000000,58.26,imu_link,0.010241841751216379,-0.015232425233774027,-0.01804851947010657,8.210559725967402e-05,1.6970600761629566e-05,9.80001942933725,4.615471627294553e-10,3.651829504218862e-08,-7.689989221856078e-08,0.9999999999999963,0.0;0.0;0.0;0.0;0.0;0.0;0.0;0.0;0.0,7.621289842063561e-05;0.0;0.0;0.0;7.621289842063561e-05;0.0;0.0;0.0;7.621289842063561e-05,3.999999975690116e-08;0.0;0.0;0.0;3.999999975690116e-08;0.0;0.0;0.0;3.999999975690116e-08
58,280000000,58.28,imu_link,0.012788094003866287,0.014250198840010473,-0.013443437928953559,0.00026030400089276865,1.4364266870960565e-05,9.800354198994372,4.615471625436652e-10,3.651829504246161e-08,-7.689989221864873e-08,0.9999999999999963,0.0;0.0;0.0;0.0;0.0;0.0;0.0;0.0;0.0,7.621289842063561e-05;0.0;0.0;0.0;7.621289842063561e-05;0.0;0.0;0.0;7.621289842063561e-05,3.999999975690116e-08;0.0;0.0;0.0;3.999999975690116e-08;0.0;0.0;0.0;3.999999975690116e-08
58,300000000,58.3,imu_link,-0.0014478614963577712,-0.003679648001338581,0.0021296693285159855,-0.0001265485099237202,-0.0003771390605762729,9.80000202364181,4.6154716261775743e-10,3.651829504238203e-08,-7.689989221873814e-08,0.9999999999999963,0.0;0.0;0.0;0.0;0.0;0.0;0.0;0.0;0.0,7.621289842063561e-05;0.0;0.0;0.0;7.621289842063561e-05;0.0;0.0;0.0;7.621289842063561e-05,3.999999975690116e-08;0.0;0.0;0.0;3.999999975690116e-08;0.0;0.0;0.0;3.999999975690116e-08
58,320000000,58.32,imu_link,0.002887936935915265,0.007747093463088995,-0.00403674879967047,-0.00013997292975074716,-0.0001312335369751688,9.799832971390016,4.6154716267224004e-10,3.6518295042307424e-08,-7.689989221882056e-08,0.9999999999999963,0.0;0.0;0.0;0.0;0.0;0.0;0.0;0.0;0.0,7.621289842063561e-05;0.0;0.0;0.0;7.621289842063561e-05;0.0;0.0;0.0;7.621289842063561e-05,3.999999975690116e-08;0.0;0.0;0.0;3.999999975690116e-08;0.0;0.0;0.0;3.999999975690116e-08
58,340000000,58.34,imu_link,0.0015841863669060303,-0.008799177123294416,0.009968753044210887,0.0003261376091119678,-0.00033295539790015696,9.800041663003924,4.6154716274336744e-10,3.651829504223043e-08,-7.68998922189054e-08,0.9999999999999963,0.0;0.0;0.0;0.0;0.0;0.0;0.0;0.0;0.0,7.621289842063561e-05;0.0;0.0;0.0;7.621289842063561e-05;0.0;0.0;0.0;7.621289842063561e-05,3.999999975690116e-08;0.0;0.0;0.0;3.999999975690116e-08;0.0;0.0;0.0;3.999999975690116e-08
58,360000000,58.36,imu_link,0.004919644586257147,0.012048208309088175,0.015192408783529584,0.00021565979785951643,2.0566754555053387e-06,9.800317624142982,4.6154716257543194e-10,3.6518295042106174e-08,-7.689989221900006e-08,0.9999999999999963,0.0;0.0;0.0;0.0;0.0;0.0;0.0;0.0;0.0,7.621289842063561e-05;0.0;0.0;0.0;7.621289842063561e-05;0.0;0.0;0.0;7.621289842063561e-05,3.999999975690116e-08;0.0;0.0;0.0;3.999999975690116e-08;0.0;0.0;0.0;3.999999975690116e-08
58,380000000,58.38,imu_link,0.004132202195697691,-0.00040158087618840727,-0.016021259218259844,0.000294693093442278,4.2753483310604105e-05,9.800327629875646,4.6154716289040505e-10,3.65182950424232e-08,-7.689989221908981e-08,0.9999999999999963,0.0;0.0;0.0;0.0;0.0;0.0;0.0;0.0;0.0,7.621289842063561e-05;0.0;0.0;0.0;7.621289842063561e-05;0.0;0.0;0.0;7.621289842063561e-05,3.999999975690116e-08;0.0;0.0;0.0;3.999999975690116e-08;0.0;0.0;0.0;3.999999975690116e-08
58,400000000,58.4,imu_link,-0.006110096184493604,-0.0019598716808238562,-0.004166976508439431,0.00023011240684456935,0.00014037275696576816,9.799990030869681,4.6154716273386567e-10,3.651829504227531e-08,-7.689989221917941e-08,0.9999999999999963,0.0;0.0;0.0;0.0;0.0;0.0;0.0;0.0;0.0,7.621289842063561e-05;0.0;0.0;0.0;7.621289842063561e-05;0.0;0.0;0.0;7.621289842063561e-05,3.999999975690116e-08;0.0;0.0;0.0;3.999999975690116e-08;0.0;0.0;0.0;3.999999975690116e-08
58,420000000,58.42,imu_link,0.005361251495900301,0.005835261708435793,0.0015396880766470214,0.0003581410486311298,0.00015127468505779577,9.800116993025462,4.6154716256646985e-10,3.6518295042111376e-08,-7.689989221927204e-08,0.9999999999999963,0.0;0.0;0.0;0.0;0.0;0.0;0.0;0.0;0.0,7.621289842063561e-05;0.0;0.0;0.0;7.621289842063561e-05;0.0;0.0;0.0;7.621289842063561e-05,3.999999975690116e-08;0.0;0.0;0.0;3.999999975690116e-08;0.0;0.0;0.0;3.999999975690116e-08
58,440000000,58.44,imu_link,0.012871106744645741,0.01286783215984259,-0.013238118862486206,-1.1854121510688757e-05,-6.873386666460782e-05,9.800234802997311,4.615471627687234e-10,3.6518295042408876e-08,-7.689989221936018e-08,0.9999999999999963,0.0;0.0;0.0;0.0;0.0;0.0;0.0;0.0;0.0,7.621289842063561e-05;0.0;0.0;0.0;7.621289842063561e-05;0.0;0.0;0.0;7.621289842063561e-05,3.999999975690116e-08;0.0;0.0;0.0;3.999999975690116e-08;0.0;0.0;0.0;3.999999975690116e-08
58,460000000,58.46,imu_link,0.004202159630930809,-0.0036316853034373256,0.0038618507127409388,0.0002362359827257627,7.310341722523996e-05,9.800026440464338,4.6154716262660154e-10,3.6518295042250144e-08,-7.689989221944687e-08,0.9999999999999963,0.0;0.0;0.0;0.0;0.0;0.0;0.0;0.0;0.0,7.621289842063561e-05;0.0;0.0;0.0;7.621289842063561e-05;0.0;0.0;0.0;7.621289842063561e-05,3.999999975690116e-08;0.0;0.0;0.0;3.999999975690116e-08;0.0;0.0;0.0;3.999999975690116e-08
58,480000000,58.48,imu_link,-0.006781536543273513,-0.008078600730088297,-0.014094685273416528,1.2222452133308636e-05,-0.00020027194482071827,9.800098799172687,4.61547162716729e-10,3.651829504214431e-08,-7.689989221953283e-08,0.9999999999999963,0.0;0.0;0.0;0.0;0.0;0.0;0.0;0.0;0.0,7.621289842063561e-05;0.0;0.0;0.0;7.621289842063561e-05;0.0;0.0;0.0;7.621289842063561e-05,3.999999975690116e-08;0.0;0.0;0.0;3.999999975690116e-08;0.0;0.0;0.0;3.999999975690116e-08
58,500000000,58.5,imu_link,-0.0105765518814941,0.003924867016453903,-0.011155414470958122,0.00016480210869737944,-8.589426067133672e-05,9.799716292355246,4.61547162891241e-10,3.651829504243986e-08,-7.689989221962532e-08,0.9999999999999963,0.0;0.0;0.0;0.0;0.0;0.0;0.0;0.0;0.0,7.621289842063561e-05;0.0;0.0;0.0;7.621289842063561e-05;0.0;0.0;0.0;7.621289842063561e-05,3.999999975690116e-08;0.0;0.0;0.0;3.999999975690116e-08;0.0;0.0;0.0;3.999999975690116e-08
58,520000000,58.52,imu_link,0.004211585543001842,-0.004538581504535302,-0.0159316300122632,0.00030743805099518127,-0.000312172716200661,9.79961639403367,4.615471627485869e-10,3.6518295042273536e-08,-7.689989221971524e-08,0.9999999999999963,0.0;0.0;0.0;0.0;0.0;0.0;0.0;0.0;0.0,7.621289842063561e-05;0.0;0.0;0.0;7.621289842063561e-05;0.0;0.0;0.0;7.621289842063561e-05,3.999999975690116e-08;0.0;0.0;0.0;3.999999975690116e-08;0.0;0.0;0.0;3.999999975690116e-08
58,540000000,58.54,imu_link,-0.0012010390757498798,-0.002468021135575627,0.005343210460617847,0.0004317364367235891,-5.1167813180533706e-05,9.800215505760917,4.6154716264105213e-10,3.6518295042327316e-08,-7.689989221979773e-08,0.9999999999999963,0.0;0.0;0.0;0.0;0.0;0.0;0.0;0.0;0.0,7.621289842063561e-05;0.0;0.0;0.0;7.621289842063561e-05;0.0;0.0;0.0;7.621289842063561e-05,3.999999975690116e-08;0.0;0.0;0.0;3.999999975690116e-08;0.0;0.0;0.0;3.999999975690116e-08
58,560000000,58.56,imu_link,0.012369789430418129,-0.003375919431942097,0.016828890119935026,6.725991007916397e-05,0.00013910273172945483,9.800229733498364,4.615471626988022e-10,3.651829504227114e-08,-7.689989221988067e-08,0.9999999999999963,0.0;0.0;0.0;0.0;0.0;0.0;0.0;0.0;0.0,7.621289842063561e-05;0.0;0.0;0.0;7.621289842063561e-05;0.0;0.0;0.0;7.621289842063561e-05,3.999999975690116e-08;0.0;0.0;0.0;3.999999975690116e-08;0.0;0.0;0.0;3.999999975690116e-08
58,580000000,58.58,imu_link,-0.008248139884702448,-0.01075837263011847,-0.022424496252046473,0.00013419928286696506,-5.6929907436870786e-05,9.799997267318739,4.6154716276970157e-10,3.6518295042224084e-08,-7.689989221996466e-08,0.9999999999999963,0.0;0.0;0.0;0.0;0.0;0.0;0.0;0.0;0.0,7.621289842063561e-05;0.0;0.0;0.0;7.621289842063561e-05;0.0;0.0;0.0;7.621289842063561e-05,3.999999975690116e-08;0.0;0.0;0.0;3.999999975690116e-08;0.0;0.0;0.0;3.999999975690116e-08
58,600000000,58.6,imu_link,-0.010430092527928602,-0.0020185261795504492,0.006231013836751554,-0.00014419775778085292,0.00027011923683553977,9.799926917866415,4.615471628620668e-10,3.6518295042178755e-08,-7.689989222004341e-08,0.9999999999999963,0.0;0.0;0.0;0.0;0.0;0.0;0.0;0.0;0.0,7.621289842063561e-05;0.0;0.0;0.0;7.621289842063561e-05;0.0;0.0;0.0;7.621289842063561e-05,3.999999975690116e-08;0.0;0.0;0.0;3.999999975690116e-08;0.0;0.0;0.0;3.999999975690116e-08
58,620000000,58.62,imu_link,-0.01897501808934972,0.009782684334206586,-0.009304189600679837,-3.41250156878696e-05,-0.0001988704259606949,9.800305683368949,4.615471629289281e-10,3.6518295042115426e-08,-7.689989222013419e-08,0.9999999999999963,0.0;0.0;0.0;0.0;0.0;0.0;0.0;0.0;0.0,7.621289842063561e-05;0.0;0.0;0.0;7.621289842063561e-05;0.0;0.0;0.0;7.621289842063561e-05,3.999999975690116e-08;0.0;0.0;0.0;3.999999975690116e-08;0.0;0.0;0.0;3.999999975690116e-08
58,640000000,58.64,imu_link,-0.0014129252885430115,-0.00483559704192978,0.010006227604503908,0.000526770292996289,-2.218350781949327e-05,9.800168352245617,4.615471630062784e-10,3.651829504244328e-08,-7.689989222022343e-08,0.9999999999999963,0.0;0.0;0.0;0.0;0.0;0.0;0.0;0.0;0.0,7.621289842063561e-05;0.0;0.0;0.0;7.621289842063561e-05;0.0;0.0;0.0;7.621289842063561e-05,3.999999975690116e-08;0.0;0.0;0.0;3.999999975690116e-08;0.0;0.0;0.0;3.999999975690116e-08
58,660000000,58.66,imu_link,0.011325340320942017,2.4441242707028644e-05,-0.006435994975593644,0.00019760640016752826,4.083407678800396e-05,9.79985076482133,4.6154716308842754e-10,3.651829504238623e-08,-7.689989222030696e-08,0.9999999999999963,0.0;0.0;0.0;0.0;0.0;0.0;0.0;0.0;0.0,7.621289842063561e-05;0.0;0.0;0.0;7.621289842063561e-05;0.0;0.0;0.0;7.621289842063561e-05,3.999999975690116e-08;0.0;0.0;0.0;3.999999975690116e-08;0.0;0.0;0.0;3.999999975690116e-08
58,680000000,58.68,imu_link,0.0071715157176082175,0.002444222357989994,-0.008198374822014558,-9.045372689951201e-05,-7.156360378592151e-05,9.799959839113477,4.6154716316938133e-10,3.651829504232811e-08,-7.689989222039257e-08,0.9999999999999963,0.0;0.0;0.0;0.0;0.0;0.0;0.0;0.0;0.0,7.621289842063561e-05;0.0;0.0;0.0;7.621289842063561e-05;0.0;0.0;0.0;7.621289842063561e-05,3.999999975690116e-08;0.0;0.0;0.0;3.999999975690116e-08;0.0;0.0;0.0;3.999999975690116e-08
58,700000000,58.7,imu_link,-0.007798527191905752,-0.01124805130357115,-0.007376704491604316,0.0002934451717407193,-0.00014058846880746965,9.799799222091663,4.6154716325955353e-10,3.651829504227953e-08,-7.689989222047773e-08,0.9999999999999963,0.0;0.0;0.0;0.0;0.0;0.0;0.0;0.0;0.0,7.621289842063561e-05;0.0;0.0;0.0;7.621289842063561e-05;0.0;0.0;0.0;7.621289842063561e-05,3.999999975690116e-08;0.0;0.0;0.0;3.999999975690116e-08;0.0;0.0;0.0;3.999999975690116e-08
58,720000000,58.72,imu_link,-0.0010294002051124494,-0.00025703371589364324,-0.0014974203614626785,-7.8767302881143e-05,0.00012627307477036036,9.800374176481792,4.6154716336989193e-10,3.651829504222315e-08,-7.689989222056504e-08,0.9999999999999963,0.0;0.0;0.0;0.0;0.0;0.0;0.0;0.0;0.0,7.621289842063561e-05;0.0;0.0;0.0;7.621289842063561e-05;0.0;0.0;0.0;7.621289842063561e-05,3.999999975690116e-08;0.0;0.0;0.0;3.999999975690116e-08;0.0;0.0;0.0;3.999999975690116e-08
58,740000000,58.74,imu_link,-0.007256688804296929,0.003608278061326863,0.0007764766173304126,3.8546696037330535e-05,-0.0001324539861800725,9.800283517803116,4.6154716344784827e-10,3.651829504216243e-08,-7.689989222064789e-08,0.9999999999999963,0.0;0.0;0.0;0.0;0.0;0.0;0.0;0.0;0.0,7.621289842063561e-05;0.0;0.0;0.0;7.621289842063561e-05;0.0;0.0;0.0;7.621289842063561e-05,3.999999975690116e-08;0.0;0.0;0.0;3.999999975690116e-08;0.0;0.0;0.0;3.999999975690116e-08
58,760000000,58.76,imu_link,-0.0025653225226092637,0.0010755441706319696,-0.00867495747258804,0.00027752667377728673,-0.00027711922494164304,9.799900035485933,4.615471635224917e-10,3.65182950421132e-08,-7.689989222073435e-08,0.9999999999999963,0.0;0.0;0.0;0.0;0.0;0.0;0.0;0.0;0.0,7.621289842063561e-05;0.0;0.0;0.0;7.621289842063561e-05;0.0;0.0;0.0;7.621289842063561e-05,3.999999975690116e-08;0.0;0.0;0.0;3.999999975690116e-08;0.0;0.0;0.0;3.999999975690116e-08
58,780000000,58.78,imu_link,0.002527597514291861,-0.009945723650673855,-0.009394047198410402,0.0004470098334005723,-7.103291733623958e-05,9.80045391546848,4.6154716361553464e-10,3.6518295042457766e-08,-7.689989222081549e-08,0.9999999999999963,0.0;0.0;0.0;0.0;0.0;0.0;0.0;0.0;0.0,7.621289842063561e-05;0.0;0.0;0.0;7.621289842063561e-05;0.0;0.0;0.0;7.621289842063561e-05,3.999999975690116e-08;0.0;0.0;0.0;3.999999975690116e-08;0.0;0.0;0.0;3.999999975690116e-08
58,800000000,58.8,imu_link,0.004546539397888821,-0.011110618105445549,-0.0030351440203828066,1.235027681446156e-05,-0.00014828471020330967,9.799994858993959,4.6154716369253734e-10,3.651829504239792e-08,-7.68998922209022e-08,0.9999999999999963,0.0;0.0;0.0;0.0;0.0;0.0;0.0;0.0;0.0,7.621289842063561e-05;0.0;0.0;0.0;7.621289842063561e-05;0.0;0.0;0.0;7.621289842063561e-05,3.999999975690116e-08;0.0;0.0;0.0;3.999999975690116e-08;0.0;0.0;0.0;3.999999975690116e-08
58,820000000,58.82,imu_link,0.011407688221772681,-0.00684522953886946,-9.837163574267691e-05,0.00048603721409252396,-0.00011727963836290655,9.80007444513997,4.6154716376519606e-10,3.65182950423528e-08,-7.68998922209896e-08,0.9999999999999963,0.0;0.0;0.0;0.0;0.0;0.0;0.0;0.0;0.0,7.621289842063561e-05;0.0;0.0;0.0;7.621289842063561e-05;0.0;0.0;0.0;7.621289842063561e-05,3.999999975690116e-08;0.0;0.0;0.0;3.999999975690116e-08;0.0;0.0;0.0;3.999999975690116e-08
58,840000000,58.84,imu_link,-0.015379846615292635,-0.01103838137924212,-0.004654782238940174,7.88457946408469e-05,1.1415389623486765e-06,9.799812755605906,4.6154716383284775e-10,3.651829504229794e-08,-7.689989222107352e-08,0.9999999999999963,0.0;0.0;0.0;0.0;0.0;0.0;0.0;0.0;0.0,7.621289842063561e-05;0.0;0.0;0.0;7.621289842063561e-05;0.0;0.0;0.0;7.621289842063561e-05,3.999999975690116e-08;0.0;0.0;0.0;3.999999975690116e-08;0.0;0.0;0.0;3.999999975690116e-08
58,860000000,58.86,imu_link,0.005093488189801455,-0.0003794187228263003,-0.0012560546843518332,0.000159490448519881,-0.00013780727280251595,9.799895405743722,4.615471638828003e-10,3.6518295042235486e-08,-7.689989222115578e-08,0.9999999999999963,0.0;0.0;0.0;0.0;0.0;0.0;0.0;0.0;0.0,7.621289842063561e-05;0.0;0.0;0.0;7.621289842063561e-05;0.0;0.0;0.0;7.621289842063561e-05,3.999999975690116e-08;0.0;0.0;0.0;3.999999975690116e-08;0.0;0.0;0.0;3.999999975690116e-08
58,880000000,58.88,imu_link,0.003540050526594757,-0.016843516866342268,0.002267946859966527,0.0002658085148144889,9.582606509264167e-05,9.800136592512159,4.6154716396073417e-10,3.6518295042188866e-08,-7.689989222123938e-08,0.9999999999999963,0.0;0.0;0.0;0.0;0.0;0.0;0.0;0.0;0.0,7.621289842063561e-05;0.0;0.0;0.0;7.621289842063561e-05;0.0;0.0;0.0;7.621289842063561e-05,3.999999975690116e-08;0.0;0.0;0.0;3.999999975690116e-08;0.0;0.0;0.0;3.999999975690116e-08
58,900000000,58.9,imu_link,-0.000986851821926287,0.00710657677088941,-0.005270645623459091,0.00024627521238470526,0.00010928136729251604,9.800164735481696,4.615471640360896e-10,3.651829504212814e-08,-7.68998922213253e-08,0.9999999999999963,0.0;0.0;0.0;0.0;0.0;0.0;0.0;0.0;0.0,7.621289842063561e-05;0.0;0.0;0.0;7.621289842063561e-05;0.0;0.0;0.0;7.621289842063561e-05,3.999999975690116e-08;0.0;0.0;0.0;3.999999975690116e-08;0.0;0.0;0.0;3.999999975690116e-08
58,920000000,58.92,imu_link,-0.0002353965502506158,0.002480048776400505,-0.0008169022892005155,0.00027476397300525555,4.763768194186096e-05,9.799883872966538,4.6154716412208355e-10,3.651829504246055e-08,-7.689989222141718e-08,0.9999999999999963,0.0;0.0;0.0;0.0;0.0;0.0;0.0;0.0;0.0,7.621289842063561e-05;0.0;0.0;0.0;7.621289842063561e-05;0.0;0.0;0.0;7.621289842063561e-05,3.999999975690116e-08;0.0;0.0;0.0;3.999999975690116e-08;0.0;0.0;0.0;3.999999975690116e-08
58,940000000,58.94,imu_link,-0.0016897240376811714,0.0009107025287928926,0.01057626278948558,0.0003034020024254175,1.8575275090360922e-05,9.800003160062182,4.615471642013755e-10,3.65182950424096e-08,-7.689989222150111e-08,0.9999999999999963,0.0;0.0;0.0;0.0;0.0;0.0;0.0;0.0;0.0,7.621289842063561e-05;0.0;0.0;0.0;7.621289842063561e-05;0.0;0.0;0.0;7.621289842063561e-05,3.999999975690116e-08;0.0;0.0;0.0;3.999999975690116e-08;0.0;0.0;0.0;3.999999975690116e-08
58,960000000,58.96,imu_link,0.010554274004464686,-0.008481274744936004,0.006092136766149174,0.00036136065433188427,-0.0002731791399533136,9.800243188880838,4.6154716427633495e-10,3.6518295042355824e-08,-7.68998922215836e-08,0.9999999999999963,0.0;0.0;0.0;0.0;0.0;0.0;0.0;0.0;0.0,7.621289842063561e-05;0.0;0.0;0.0;7.621289842063561e-05;0.0;0.0;0.0;7.621289842063561e-05,3.999999975690116e-08;0.0;0.0;0.0;3.999999975690116e-08;0.0;0.0;0.0;3.999999975690116e-08
58,980000000,58.98,imu_link,0.019884368458529006,0.0010229643535849976,0.002343086936056331,-1.950205084798796e-05,2.510372978015793e-05,9.800235389469718,4.6154716434938456e-10,3.6518295042304e-08,-7.689989222166815e-08,0.9999999999999963,0.0;0.0;0.0;0.0;0.0;0.0;0.0;0.0;0.0,7.621289842063561e-05;0.0;0.0;0.0;7.621289842063561e-05;0.0;0.0;0.0;7.621289842063561e-05,3.999999975690116e-08;0.0;0.0;0.0;3.999999975690116e-08;0.0;0.0;0.0;3.999999975690116e-08
59,0,59.0,imu_link,-0.0018624010659916443,0.00032869523996621904,-0.011654342582734747,-0.0001299088009943511,0.00013390491886524183,9.79996578947063,4.6154716442231336e-10,3.651829504225824e-08,-7.68998922217473e-08,0.9999999999999963,0.0;0.0;0.0;0.0;0.0;0.0;0.0;0.0;0.0,7.621289842063561e-05;0.0;0.0;0.0;7.621289842063561e-05;0.0;0.0;0.0;7.621289842063561e-05,3.999999975690116e-08;0.0;0.0;0.0;3.999999975690116e-08;0.0;0.0;0.0;3.999999975690116e-08
59,20000000,59.02,imu_link,-0.004322587935131383,-0.013472067791054327,-0.004681454529758428,0.00024319266178405403,5.1219357966699955e-05,9.79990000842768,4.615471645000046e-10,3.651829504220445e-08,-7.689989222182902e-08,0.9999999999999963,0.0;0.0;0.0;0.0;0.0;0.0;0.0;0.0;0.0,7.621289842063561e-05;0.0;0.0;0.0;7.621289842063561e-05;0.0;0.0;0.0;7.621289842063561e-05,3.999999975690116e-08;0.0;0.0;0.0;3.999999975690116e-08;0.0;0.0;0.0;3.999999975690116e-08
59,40000000,59.04,imu_link,7.118371327678109e-06,-0.010374954857607753,-0.009466043329651246,-0.00027532662033699184,-0.0001758768568202331,9.800359635615253,4.615471645776498e-10,3.6518295042147414e-08,-7.689989222191625e-08,0.9999999999999963,0.0;0.0;0.0;0.0;0.0;0.0;0.0;0.0;0.0,7.621289842063561e-05;0.0;0.0;0.0;7.621289842063561e-05;0.0;0.0;0.0;7.621289842063561e-05,3.999999975690116e-08;0.0;0.0;0.0;3.999999975690116e-08;0.0;0.0;0.0;3.999999975690116e-08
59,60000000,59.06,imu_link,-0.0009232162754725612,0.0049754893116292,0.008897955205193042,0.00015313678581602144,-6.119172125173193e-05,9.800249811289202,4.615471646385738e-10,3.6518295042085164e-08,-7.689989222200441e-08,0.9999999999999963,0.0;0.0;0.0;0.0;0.0;0.0;0.0;0.0;0.0,7.621289842063561e-05;0.0;0.0;0.0;7.621289842063561e-05;0.0;0.0;0.0;7.621289842063561e-05,3.999999975690116e-08;0.0;0.0;0.0;3.999999975690116e-08;0.0;0.0;0.0;3.999999975690116e-08
59,80000000,59.08,imu_link,-0.005587481436449505,0.00025087640175125854,-0.004139742987133254,0.00039979880778102483,-0.00014240391898373344,9.79982179625135,4.615471647036913e-10,3.651829504241866e-08,-7.689989222208866e-08,0.9999999999999963,0.0;0.0;0.0;0.0;0.0;0.0;0.0;0.0;0.0,7.621289842063561e-05;0.0;0.0;0.0;7.621289842063561e-05;0.0;0.0;0.0;7.621289842063561e-05,3.999999975690116e-08;0.0;0.0;0.0;3.999999975690116e-08;0.0;0.0;0.0;3.999999975690116e-08
59,100000000,59.1,imu_link,-0.004692214444046376,0.0026086719489554324,0.01583927860590963,0.0002904552629728071,-0.00033394113801849727,9.800150114514715,4.615471647815697e-10,3.651829504235923e-08,-7.689989222217241e-08,0.9999999999999963,0.0;0.0;0.0;0.0;0.0;0.0;0.0;0.0;0.0,7.621289842063561e-05;0.0;0.0;0.0;7.621289842063561e-05;0.0;0.0;0.0;7.621289842063561e-05,3.999999975690116e-08;0.0;0.0;0.0;3.999999975690116e-08;0.0;0.0;0.0;3.999999975690116e-08
59,120000000,59.12,imu_link,0.013186021877129873,0.010166705429867645,-0.008608071426042422,0.00015570982027248256,3.6982988497529998e-06,9.799889594549805,4.6154716486657185e-10,3.651829504231108e-08,-7.689989222226007e-08,0.9999999999999963,0.0;0.0;0.0;0.0;0.0;0.0;0.0;0.0;0.0,7.621289842063561e-05;0.0;0.0;0.0;7.621289842063561e-05;0.0;0.0;0.0;7.621289842063561e-05,3.999999975690116e-08;0.0;0.0;0.0;3.999999975690116e-08;0.0;0.0;0.0;3.999999975690116e-08
59,140000000,59.14,imu_link,-0.008102274734209183,-0.022581157836774304,-0.002378637977339635,0.00026162422653387165,-9.57244834779034e-05,9.80020088383408,4.615471649466773e-10,3.651829504226292e-08,-7.689989222234799e-08,0.9999999999999963,0.0;0.0;0.0;0.0;0.0;0.0;0.0;0.0;0.0,7.621289842063561e-05;0.0;0.0;0.0;7.621289842063561e-05;0.0;0.0;0.0;7.621289842063561e-05,3.999999975690116e-08;0.0;0.0;0.0;3.999999975690116e-08;0.0;0.0;0.0;3.999999975690116e-08
59,160000000,59.16,imu_link,-0.013484026026461662,-0.012009677352411057,0.013894860180709581,-4.0869666846347176e-05,0.00014994446594647143,9.800257702393534,4.615471650061552e-10,3.651829504220133e-08,-7.689989222243101e-08,0.9999999999999963,0.0;0.0;0.0;0.0;0.0;0.0;0.0;0.0;0.0,7.621289842063561e-05;0.0;0.0;0.0;7.621289842063561e-05;0.0;0.0;0.0;7.621289842063561e-05,3.999999975690116e-08;0.0;0.0;0.0;3.999999975690116e-08;0.0;0.0;0.0;3.999999975690116e-08
59,180000000,59.18,imu_link,0.0008173395980633357,0.002388279242681504,-0.004637834305378961,0.00017574467155809044,-1.998792728176034e-07,9.800154039301994,4.6154716506180095e-10,3.6518295042161635e-08,-7.689989222251438e-08,0.9999999999999963,0.0;0.0;0.0;0.0;0.0;0.0;0.0;0.0;0.0,7.621289842063561e-05;0.0;0.0;0.0;7.621289842063561e-05;0.0;0.0;0.0;7.621289842063561e-05,3.999999975690116e-08;0.0;0.0;0.0;3.999999975690116e-08;0.0;0.0;0.0;3.999999975690116e-08
59,200000000,59.2,imu_link,0.008911766670290457,-0.005876580099578915,-0.01425235586967383,-0.00022292615146704927,6.689889743613351e-05,9.800143362822707,4.6154716511695864e-10,3.6518295042102654e-08,-7.689989222259778e-08,0.9999999999999963,0.0;0.0;0.0;0.0;0.0;0.0;0.0;0.0;0.0,7.621289842063561e-05;0.0;0.0;0.0;7.621289842063561e-05;0.0;0.0;0.0;7.621289842063561e-05,3.999999975690116e-08;0.0;0.0;0.0;3.999999975690116e-08;0.0;0.0;0.0;3.999999975690116e-08
59,220000000,59.22,imu_link,0.0003868958732545451,0.006511888890044639,0.019090277750055975,0.0001998799320529918,0.00024428740691126395,9.80025777484027,4.615471651865027e-10,3.651829504244072e-08,-7.689989222268114e-08,0.9999999999999963,0.0;0.0;0.0;0.0;0.0;0.0;0.0;0.0;0.0,7.621289842063561e-05;0.0;0.0;0.0;7.621289842063561e-05;0.0;0.0;0.0;7.621289842063561e-05,3.999999975690116e-08;0.0;0.0;0.0;3.999999975690116e-08;0.0;0.0;0.0;3.999999975690116e-08
59,240000000,59.24,imu_link,-0.023784900822700034,-0.004878213271173979,-0.007569382676639082,-4.392731676776946e-05,-5.768624860899139e-05,9.800299172826751,4.615471652560489e-10,3.6518295042393656e-08,-7.689989222276847e-08,0.9999999999999963,0.0;0.0;0.0;0.0;0.0;0.0;0.0;0.0;0.0,7.621289842063561e-05;0.0;0.0;0.0;7.621289842063561e-05;0.0;0.0;0.0;7.621289842063561e-05,3.999999975690116e-08;0.0;0.0;0.0;3.999999975690116e-08;0.0;0.0;0.0;3.999999975690116e-08
59,260000000,59.26,imu_link,0.00018374352556849486,-0.012914017042233107,-0.022201986267830248,3.4845483612457e-05,-0.0003276985477568155,9.799974541314118,4.6154716533305327e-10,3.6518295042343555e-08,-7.689989222285406e-08,0.9999999999999963,0.0;0.0;0.0;0.0;0.0;0.0;0.0;0.0;0.0,7.621289842063561e-05;0.0;0.0;0.0;7.621289842063561e-05;0.0;0.0;0.0;7.621289842063561e-05,3.999999975690116e-08;0.0;0.0;0.0;3.999999975690116e-08;0.0;0.0;0.0;3.999999975690116e-08
59,280000000,59.28,imu_link,-0.0055607012610306115,-0.00042785202758705563,0.007496947631506636,-2.8426393033796252e-05,-0.00041074180876698985,9.799939503959186,4.6154716541720437e-10,3.651829504229258e-08,-7.689989222293726e-08,0.9999999999999963,0.0;0.0;0.0;0.0;0.0;0.0;0.0;0.0;0.0,7.621289842063561e-05;0.0;0.0;0.0;7.621289842063561e-05;0.0;0.0;0.0;7.621289842063561e-05,3.999999975690116e-08;0.0;0.0;0.0;3.999999975690116e-08;0.0;0.0;0.0;3.999999975690116e-08
59,300000000,59.3,imu_link,0.004630902757733397,0.003093035023703517,-0.002266162225041559,0.0001907244606235028,9.095008407358284e-05,9.800310271826191,4.6154716548810104e-10,3.6518295042237054e-08,-7.689989222302138e-08,0.9999999999999963,0.0;0.0;0.0;0.0;0.0;0.0;0.0;0.0;0.0,7.621289842063561e-05;0.0;0.0;0.0;7.621289842063561e-05;0.0;0.0;0.0;7.621289842063561e-05,3.999999975690116e-08;0.0;0.0;0.0;3.999999975690116e-08;0.0;0.0;0.0;3.999999975690116e-08
59,320000000,59.32,imu_link,-0.009636442237768937,-0.007942681900124825,0.0009288814171823159,7.830391613841247e-05,7.614587339774823e-06,9.800166767104669,4.615471655765158e-10,3.651829504219324e-08,-7.689989222310547e-08,0.9999999999999963,0.0;0.0;0.0;0.0;0.0;0.0;0.0;0.0;0.0,7.621289842063561e-05;0.0;0.0;0.0;7.621289842063561e-05;0.0;0.0;0.0;7.621289842063561e-05,3.999999975690116e-08;0.0;0.0;0.0;3.999999975690116e-08;0.0;0.0;0.0;3.999999975690116e-08
59,340000000,59.34,imu_link,-0.011200865494974422,-0.00547760489117899,-0.0005328458595948288,9.148605486689404e-05,4.353784190224787e-05,9.800146003460137,4.6154716565552984e-10,3.6518295042139665e-08,-7.68998922231931e-08,0.9999999999999963,0.0;0.0;0.0;0.0;0.0;0.0;0.0;0.0;0.0,7.621289842063561e-05;0.0;0.0;0.0;7.621289842063561e-05;0.0;0.0;0.0;7.621289842063561e-05,3.999999975690116e-08;0.0;0.0;0.0;3.999999975690116e-08;0.0;0.0;0.0;3.999999975690116e-08
59,360000000,59.36,imu_link,-0.005734659852444298,0.013351804006453645,0.003388902482842998,3.2472791535428615e-05,-0.0001747880404499996,9.800209516974778,4.615471657131554e-10,3.651829504207872e-08,-7.689989222328023e-08,0.9999999999999963,0.0;0.0;0.0;0.0;0.0;0.0;0.0;0.0;0.0,7.621289842063561e-05;0.0;0.0;0.0;7.621289842063561e-05;0.0;0.0;0.0;7.621289842063561e-05,3.999999975690116e-08;0.0;0.0;0.0;3.999999975690116e-08;0.0;0.0;0.0;3.999999975690116e-08
59,380000000,59.38,imu_link,0.007769784789748179,0.0011847732350557501,-0.0012771857350211478,-3.3958450295442673e-06,-1.5031631553022145e-05,9.800094894348385,4.6154716575279155e-10,3.651829504240549e-08,-7.68998922233588e-08,0.9999999999999963,0.0;0.0;0.0;0.0;0.0;0.0;0.0;0.0;0.0,7.621289842063561e-05;0.0;0.0;0.0;7.621289842063561e-05;0.0;0.0;0.0;7.621289842063561e-05,3.999999975690116e-08;0.0;0.0;0.0;3.999999975690116e-08;0.0;0.0;0.0;3.999999975690116e-08
59,400000000,59.4,imu_link,0.001994493498797132,0.006198987107098193,0.011461842118551854,0.00025612855471493566,0.00024037838167189103,9.800074643611415,4.615471658011712e-10,3.651829504234152e-08,-7.689989222345044e-08,0.9999999999999963,0.0;0.0;0.0;0.0;0.0;0.0;0.0;0.0;0.0,7.621289842063561e-05;0.0;0.0;0.0;7.621289842063561e-05;0.0;0.0;0.0;7.621289842063561e-05,3.999999975690116e-08;0.0;0.0;0.0;3.999999975690116e-08;0.0;0.0;0.0;3.999999975690116e-08
59,420000000,59.42,imu_link,-0.010465152457192924,0.0002553951556479786,0.006781394079099634,0.0001444636986266027,-0.0003270132537593509,9.799735223709897,4.615471658323301e-10,3.651829504227234e-08,-7.689989222354011e-08,0.9999999999999963,0.0;0.0;0.0;0.0;0.0;0.0;0.0;0.0;0.0,7.621289842063561e-05;0.0;0.0;0.0;7.621289842063561e-05;0.0;0.0;0.0;7.621289842063561e-05,3.999999975690116e-08;0.0;0.0;0.0;3.999999975690116e-08;0.0;0.0;0.0;3.999999975690116e-08
59,440000000,59.44,imu_link,0.0026224721522693333,-0.007329952270867475,0.008467057496619149,7.363084798436235e-05,-0.00029208603651969373,9.79997199061724,4.615471658381712e-10,3.651829504219145e-08,-7.689989222362259e-08,0.9999999999999963,0.0;0.0;0.0;0.0;0.0;0.0;0.0;0.0;0.0,7.621289842063561e-05;0.0;0.0;0.0;7.621289842063561e-05;0.0;0.0;0.0;7.621289842063561e-05,3.999999975690116e-08;0.0;0.0;0.0;3.999999975690116e-08;0.0;0.0;0.0;3.999999975690116e-08
59,460000000,59.46,imu_link,0.008560863668760086,-0.005922721848018518,-0.006715525426516054,-5.9429923370778306e-05,-9.509101665167144e-05,9.799916468045248,4.615471658808392e-10,3.651829504211856e-08,-7.689989222370357e-08,0.9999999999999963,0.0;0.0;0.0;0.0;0.0;0.0;0.0;0.0;0.0,7.621289842063561e-05;0.0;0.0;0.0;7.621289842063561e-05;0.0;0.0;0.0;7.621289842063561e-05,3.999999975690116e-08;0.0;0.0;0.0;3.999999975690116e-08;0.0;0.0;0.0;3.999999975690116e-08
59,480000000,59.48,imu_link,0.001358866234692125,-0.00911420458919251,-0.01102400636167571,0.00025998188362088724,-0.0003477105895148196,9.80028895037992,4.6154716590603373e-10,3.651829504243383e-08,-7.689989222379378e-08,0.9999999999999963,0.0;0.0;0.0;0.0;0.0;0.0;0.0;0.0;0.0,7.621289842063561e-05;0.0;0.0;0.0;7.621289842063561e-05;0.0;0.0;0.0;7.621289842063561e-05,3.999999975690116e-08;0.0;0.0;0.0;3.999999975690116e-08;0.0;0.0;0.0;3.999999975690116e-08
59,500000000,59.5,imu_link,-0.00545174677869746,0.008843409680229243,0.006812923365700657,-3.50165623232908e-05,0.00023681788292719097,9.800160454932405,4.6154716596036523e-10,3.6518295042366604e-08,-7.689989222387769e-08,0.9999999999999963,0.0;0.0;0.0;0.0;0.0;0.0;0.0;0.0;0.0,7.621289842063561e-05;0.0;0.0;0.0;7.621289842063561e-05;0.0;0.0;0.0;7.621289842063561e-05,3.999999975690116e-08;0.0;0.0;0.0;3.999999975690116e-08;0.0;0.0;0.0;3.999999975690116e-08
59,520000000,59.52,imu_link,-0.0048625793437530925,-0.0012361684854002202,-0.0054892542181233725,-1.1086519533501691e-05,-5.5747460951731964e-05,9.79997958270936,4.615471660123502e-10,3.6518295042305e-08,-7.689989222396361e-08,0.9999999999999963,0.0;0.0;0.0;0.0;0.0;0.0;0.0;0.0;0.0,7.621289842063561e-05;0.0;0.0;0.0;7.621289842063561e-05;0.0;0.0;0.0;7.621289842063561e-05,3.999999975690116e-08;0.0;0.0;0.0;3.999999975690116e-08;0.0;0.0;0.0;3.999999975690116e-08
59,540000000,59.54,imu_link,0.004497491726142258,-0.002311344163934004,0.001742685171604901,-6.112648133053708e-06,0.00011986474108254783,9.800263164898475,4.6154716603860214e-10,3.6518295042236915e-08,-7.689989222405677e-08,0.9999999999999963,0.0;0.0;0.0;0.0;0.0;0.0;0.0;0.0;0.0,7.621289842063561e-05;0.0;0.0;0.0;7.621289842063561e-05;0.0;0.0;0.0;7.621289842063561e-05,3.999999975690116e-08;0.0;0.0;0.0;3.999999975690116e-08;0.0;0.0;0.0;3.999999975690116e-08
59,560000000,59.56,imu_link,0.0017293131425778273,-0.006294019137851611,-0.01876734696980796,-3.927420066218864e-05,-9.670682062509932e-05,9.800135966236665,4.6154716608735183e-10,3.651829504217491e-08,-7.689989222414551e-08,0.9999999999999963,0.0;0.0;0.0;0.0;0.0;0.0;0.0;0.0;0.0,7.621289842063561e-05;0.0;0.0;0.0;7.621289842063561e-05;0.0;0.0;0.0;7.621289842063561e-05,3.999999975690116e-08;0.0;0.0;0.0;3.999999975690116e-08;0.0;0.0;0.0;3.999999975690116e-08
59,580000000,59.58,imu_link,-0.0034175587298305105,0.004812336229740729,-0.00475390202488459,0.0003358051583646184,-0.0003885979998993612,9.800241702343405,4.615471661156396e-10,3.651829504211158e-08,-7.689989222423461e-08,0.9999999999999963,0.0;0.0;0.0;0.0;0.0;0.0;0.0;0.0;0.0,7.621289842063561e-05;0.0;0.0;0.0;7.621289842063561e-05;0.0;0.0;0.0;7.621289842063561e-05,3.999999975690116e-08;0.0;0.0;0.0;3.999999975690116e-08;0.0;0.0;0.0;3.999999975690116e-08
59,600000000,59.6,imu_link,0.008652678595889949,-0.00850696886762681,-0.005535236044495133,0.0002185355407475559,9.448108056626887e-06,9.800199517935704,4.615471661465089e-10,3.6518295042437265e-08,-7.689989222432345e-08,0.9999999999999963,0.0;0.0;0.0;0.0;0.0;0.0;0.0;0.0;0.0,7.621289842063561e-05;0.0;0.0;0.0;7.621289842063561e-05;0.0;0.0;0.0;7.621289842063561e-05,3.999999975690116e-08;0.0;0.0;0.0;3.999999975690116e-08;0.0;0.0;0.0;3.999999975690116e-08
59,620000000,59.62,imu_link,-0.008390016905587598,0.003565325080835824,-0.011279143503079191,3.05587311269616e-06,-0.0001562325064003447,9.79992422825173,4.6154716617901693e-10,3.6518295042364625e-08,-7.689989222440417e-08,0.9999999999999963,0.0;0.0;0.0;0.0;0.0;0.0;0.0;0.0;0.0,7.621289842063561e-05;0.0;0.0;0.0;7.621289842063561e-05;0.0;0.0;0.0;7.621289842063561e-05,3.999999975690116e-08;0.0;0.0;0.0;3.999999975690116e-08;0.0;0.0;0.0;3.999999975690116e-08
59,640000000,59.64,imu_link,0.0002299598103564745,0.017354575902425153,0.014407990041873575,8.368724698259063e-05,4.2662068006214964e-05,9.79972254210744,4.615471662292257e-10,3.6518295042321466e-08,-7.68998922244922e-08,0.9999999999999963,0.0;0.0;0.0;0.0;0.0;0.0;0.0;0.0;0.0,7.621289842063561e-05;0.0;0.0;0.0;7.621289842063561e-05;0.0;0.0;0.0;7.621289842063561e-05,3.999999975690116e-08;0.0;0.0;0.0;3.999999975690116e-08;0.0;0.0;0.0;3.999999975690116e-08
59,660000000,59.66,imu_link,0.009602075652876393,0.009698698679011684,-0.008805145993514257,0.0003009416544596404,-9.30654085332965e-05,9.799789544137843,4.6154716627620564e-10,3.651829504228027e-08,-7.689989222457616e-08,0.9999999999999963,0.0;0.0;0.0;0.0;0.0;0.0;0.0;0.0;0.0,7.621289842063561e-05;0.0;0.0;0.0;7.621289842063561e-05;0.0;0.0;0.0;7.621289842063561e-05,3.999999975690116e-08;0.0;0.0;0.0;3.999999975690116e-08;0.0;0.0;0.0;3.999999975690116e-08
59,680000000,59.68,imu_link,0.0020111587205560717,-0.008710526754528616,0.0006149267705736547,8.13565683793418e-05,-0.0002291563498441449,9.800593701918519,4.6154716632615117e-10,3.651829504223192e-08,-7.689989222466228e-08,0.9999999999999963,0.0;0.0;0.0;0.0;0.0;0.0;0.0;0.0;0.0,7.621289842063561e-05;0.0;0.0;0.0;7.621289842063561e-05;0.0;0.0;0.0;7.621289842063561e-05,3.999999975690116e-08;0.0;0.0;0.0;3.999999975690116e-08;0.0;0.0;0.0;3.999999975690116e-08
59,700000000,59.7,imu_link,0.00955629655113562,0.0051819697510144015,0.016189732214318478,0.00014180265919214502,-2.998217457579109e-05,9.799930329899324,4.6154716638380105e-10,3.651829504217879e-08,-7.689989222474873e-08,0.9999999999999963,0.0;0.0;0.0;0.0;0.0;0.0;0.0;0.0;0.0,7.621289842063561e-05;0.0;0.0;0.0;7.621289842063561e-05;0.0;0.0;0.0;7.621289842063561e-05,3.999999975690116e-08;0.0;0.0;0.0;3.999999975690116e-08;0.0;0.0;0.0;3.999999975690116e-08
59,720000000,59.72,imu_link,0.007422635104656424,0.003043808763605092,0.010714901173661499,0.00011797395578871626,1.4782249223717017e-05,9.799909612711952,4.615471664637413e-10,3.651829504214192e-08,-7.689989222483649e-08,0.9999999999999963,0.0;0.0;0.0;0.0;0.0;0.0;0.0;0.0;0.0,7.621289842063561e-05;0.0;0.0;0.0;7.621289842063561e-05;0.0;0.0;0.0;7.621289842063561e-05,3.999999975690116e-08;0.0;0.0;0.0;3.999999975690116e-08;0.0;0.0;0.0;3.999999975690116e-08
59,740000000,59.74,imu_link,-0.0017825459649768744,-0.008915700743412549,-0.0031133333181000856,-0.00011706924065177353,8.110762523414849e-05,9.799989996986325,4.6154716654355016e-10,3.6518295042099636e-08,-7.689989222492326e-08,0.9999999999999963,0.0;0.0;0.0;0.0;0.0;0.0;0.0;0.0;0.0,7.621289842063561e-05;0.0;0.0;0.0;7.621289842063561e-05;0.0;0.0;0.0;7.621289842063561e-05,3.999999975690116e-08;0.0;0.0;0.0;3.999999975690116e-08;0.0;0.0;0.0;3.999999975690116e-08
59,760000000,59.76,imu_link,-0.014713937275202489,-0.010906284647826697,-0.00201222051800612,6.769715876535401e-05,-0.0002392175935473121,9.800214678962126,4.615471666246079e-10,3.65182950424548e-08,-7.689989222500913e-08,0.9999999999999963,0.0;0.0;0.0;0.0;0.0;0.0;0.0;0.0;0.0,7.621289842063561e-05;0.0;0.0;0.0;7.621289842063561e-05;0.0;0.0;0.0;7.621289842063561e-05,3.999999975690116e-08;0.0;0.0;0.0;3.999999975690116e-08;0.0;0.0;0.0;3.999999975690116e-08
59,780000000,59.78,imu_link,0.003096926322223612,0.004403863643858949,-0.005583787940239468,-0.00034382676661384026,8.147283250328459e-05,9.800088060028445,4.615471666833309e-10,3.651829504239016e-08,-7.689989222509803e-08,0.9999999999999963,0.0;0.0;0.0;0.0;0.0;0.0;0.0;0.0;0.0,7.621289842063561e-05;0.0;0.0;0.0;7.621289842063561e-05;0.0;0.0;0.0;7.621289842063561e-05,3.999999975690116e-08;0.0;0.0;0.0;3.999999975690116e-08;0.0;0.0;0.0;3.999999975690116e-08
59,800000000,59.8,imu_link,0.0004062744880870331,0.022413853958006342,0.0014373949319118682,0.00012889387307616325,0.00013816881953241007,9.800211205155591,4.6154716673231556e-10,3.651829504233897e-08,-7.689989222518741e-08,0.9999999999999963,0.0;0.0;0.0;0.0;0.0;0.0;0.0;0.0;0.0,7.621289842063561e-05;0.0;0.0;0.0;7.621289842063561e-05;0.0;0.0;0.0;7.621289842063561e-05,3.999999975690116e-08;0.0;0.0;0.0;3.999999975690116e-08;0.0;0.0;0.0;3.999999975690116e-08
59,820000000,59.82,imu_link,-0.0042315127351669375,-0.013651414445623525,-0.020295394734617098,-0.0001286204019543817,-0.0001555958619711622,9.800101996003836,4.6154716678020043e-10,3.651829504228214e-08,-7.68998922252744e-08,0.9999999999999963,0.0;0.0;0.0;0.0;0.0;0.0;0.0;0.0;0.0,7.621289842063561e-05;0.0;0.0;0.0;7.621289842063561e-05;0.0;0.0;0.0;7.621289842063561e-05,3.999999975690116e-08;0.0;0.0;0.0;3.999999975690116e-08;0.0;0.0;0.0;3.999999975690116e-08
59,840000000,59.84,imu_link,0.002965496884216438,-0.0029316770349393484,0.0005710828976370328,0.00019547558616849237,-0.00018490424559249193,9.799867502827679,4.615471668308413e-10,3.651829504223335e-08,-7.689989222536045e-08,0.9999999999999963,0.0;0.0;0.0;0.0;0.0;0.0;0.0;0.0;0.0,7.621289842063561e-05;0.0;0.0;0.0;7.621289842063561e-05;0.0;0.0;0.0;7.621289842063561e-05,3.999999975690116e-08;0.0;0.0;0.0;3.999999975690116e-08;0.0;0.0;0.0;3.999999975690116e-08
59,860000000,59.86,imu_link,0.009043682561118987,0.0008113476539269995,0.006287857987657141,0.0001513492640351368,-7.987179418829401e-05,9.800119474865474,4.6154716689219174e-10,3.651829504218151e-08,-7.689989222544846e-08,0.9999999999999963,0.0;0.0;0.0;0.0;0.0;0.0;0.0;0.0;0.0,7.621289842063561e-05;0.0;0.0;0.0;7.621289842063561e-05;0.0;0.0;0.0;7.621289842063561e-05,3.999999975690116e-08;0.0;0.0;0.0;3.999999975690116e-08;0.0;0.0;0.0;3.999999975690116e-08
59,880000000,59.88,imu_link,-0.00991079412016449,0.0013933393218114776,-0.00882685073393621,-0.00013280647634421902,-0.0001651873680277082,9.800274943305137,4.615471669496374e-10,3.651829504212468e-08,-7.689989222553029e-08,0.9999999999999963,0.0;0.0;0.0;0.0;0.0;0.0;0.0;0.0;0.0,7.621289842063561e-05;0.0;0.0;0.0;7.621289842063561e-05;0.0;0.0;0.0;7.621289842063561e-05,3.999999975690116e-08;0.0;0.0;0.0;3.999999975690116e-08;0.0;0.0;0.0;3.999999975690116e-08
59,900000000,59.9,imu_link,-0.005831863277680784,0.008057817708569965,-0.0021511177895763537,0.00026924212382737614,-0.00022822440471536267,9.800050255483633,4.615471670045489e-10,3.651829504246662e-08,-7.689989222562173e-08,0.9999999999999963,0.0;0.0;0.0;0.0;0.0;0.0;0.0;0.0;0.0,7.621289842063561e-05;0.0;0.0;0.0;7.621289842063561e-05;0.0;0.0;0.0;7.621289842063561e-05,3.999999975690116e-08;0.0;0.0;0.0;3.999999975690116e-08;0.0;0.0;0.0;3.999999975690116e-08
59,920000000,59.92,imu_link,-0.0006863097960565365,-0.0004528968895692011,0.0035285186086838343,-5.615472120318832e-05,-8.04794490785476e-05,9.799998314462732,4.615471670245236e-10,3.651829504239984e-08,-7.689989222570987e-08,0.9999999999999963,0.0;0.0;0.0;0.0;0.0;0.0;0.0;0.0;0.0,7.621289842063561e-05;0.0;0.0;0.0;7.621289842063561e-05;0.0;0.0;0.0;7.621289842063561e-05,3.999999975690116e-08;0.0;0.0;0.0;3.999999975690116e-08;0.0;0.0;0.0;3.999999975690116e-08
59,940000000,59.94,imu_link,0.013381111661294097,0.000652124130097569,-0.013964954973254867,3.473559288575855e-05,-0.000273085465286946,9.79982133481089,4.615471670655784e-10,3.651829504234953e-08,-7.68998922257994e-08,0.9999999999999963,0.0;0.0;0.0;0.0;0.0;0.0;0.0;0.0;0.0,7.621289842063561e-05;0.0;0.0;0.0;7.621289842063561e-05;0.0;0.0;0.0;7.621289842063561e-05,3.999999975690116e-08;0.0;0.0;0.0;3.999999975690116e-08;0.0;0.0;0.0;3.999999975690116e-08
59,960000000,59.96,imu_link,-0.0016293333004321307,-0.00950758764538659,-0.013596356151663104,0.00012602114409650803,-0.0004065430443863072,9.79994501103136,4.6154716709340316e-10,3.651829504229553e-08,-7.689989222588185e-08,0.9999999999999963,0.0;0.0;0.0;0.0;0.0;0.0;0.0;0.0;0.0,7.621289842063561e-05;0.0;0.0;0.0;7.621289842063561e-05;0.0;0.0;0.0;7.621289842063561e-05,3.999999975690116e-08;0.0;0.0;0.0;3.999999975690116e-08;0.0;0.0;0.0;3.999999975690116e-08
59,980000000,59.98,imu_link,0.004247643204911889,0.0040631380933117195,-0.007880523188435467,0.0001746401210836796,-0.000270908024222981,9.799833909146942,4.6154716714625525e-10,3.651829504224696e-08,-7.689989222596569e-08,0.9999999999999963,0.0;0.0;0.0;0.0;0.0;0.0;0.0;0.0;0.0,7.621289842063561e-05;0.0;0.0;0.0;7.621289842063561e-05;0.0;0.0;0.0;7.621289842063561e-05,3.999999975690116e-08;0.0;0.0;0.0;3.999999975690116e-08;0.0;0.0;0.0;3.999999975690116e-08
60,0,60.0,imu_link,0.009554589645890203,-0.0021762156427781207,0.0100276048195788,0.00011369191154452653,5.627265639877666e-05,9.800208371990356,4.615471671983705e-10,3.6518295042201624e-08,-7.689989222605313e-08,0.9999999999999963,0.0;0.0;0.0;0.0;0.0;0.0;0.0;0.0;0.0,7.621289842063561e-05;0.0;0.0;0.0;7.621289842063561e-05;0.0;0.0;0.0;7.621289842063561e-05,3.999999975690116e-08;0.0;0.0;0.0;3.999999975690116e-08;0.0;0.0;0.0;3.999999975690116e-08
60,20000000,60.02,imu_link,-0.0062170918050577645,0.009504641844327321,-0.0021474539221793686,0.0002505459578710631,-0.0002416496287080086,9.800049446663829,4.615471672436461e-10,3.651829504214675e-08,-7.689989222614256e-08,0.9999999999999963,0.0;0.0;0.0;0.0;0.0;0.0;0.0;0.0;0.0,7.621289842063561e-05;0.0;0.0;0.0;7.621289842063561e-05;0.0;0.0;0.0;7.621289842063561e-05,3.999999975690116e-08;0.0;0.0;0.0;3.999999975690116e-08;0.0;0.0;0.0;3.999999975690116e-08
60,40000000,60.04,imu_link,-0.000686453150304196,0.012370198415907942,0.005546688470893301,-0.00025794992479869964,8.934043126189053e-05,9.800083261851912,4.615471672889017e-10,3.651829504209079e-08,-7.689989222623196e-08,0.9999999999999963,0.0;0.0;0.0;0.0;0.0;0.0;0.0;0.0;0.0,7.621289842063561e-05;0.0;0.0;0.0;7.621289842063561e-05;0.0;0.0;0.0;7.621289842063561e-05,3.999999975690116e-08;0.0;0.0;0.0;3.999999975690116e-08;0.0;0.0;0.0;3.999999975690116e-08
60,60000000,60.06,imu_link,-0.007388747475539676,-0.001749074754602055,0.0048330145274811855,0.00026936864010658674,-0.00010794646527446324,9.799983680015458,4.61547167359291e-10,3.651829504243792e-08,-7.689989222631861e-08,0.9999999999999963,0.0;0.0;0.0;0.0;0.0;0.0;0.0;0.0;0.0,7.621289842063561e-05;0.0;0.0;0.0;7.621289842063561e-05;0.0;0.0;0.0;7.621289842063561e-05,3.999999975690116e-08;0.0;0.0;0.0;3.999999975690116e-08;0.0;0.0;0.0;3.999999975690116e-08
60,80000000,60.08,imu_link,-0.003461453628944838,-0.0025050186743698346,0.0019897591618246516,-0.0001598006555112547,0.00014086480088585247,9.8000161920823,4.6154716741411996e-10,3.6518295042378926e-08,-7.68998922264083e-08,0.9999999999999963,0.0;0.0;0.0;0.0;0.0;0.0;0.0;0.0;0.0,7.621289842063561e-05;0.0;0.0;0.0;7.621289842063561e-05;0.0;0.0;0.0;7.621289842063561e-05,3.999999975690116e-08;0.0;0.0;0.0;3.999999975690116e-08;0.0;0.0;0.0;3.999999975690116e-08
60,100000000,60.1,imu_link,0.012062233959202575,0.019002846386813974,0.0015694147820203952,-0.00015832929859445656,-0.00012422387279543,9.80030886400718,4.615471674752614e-10,3.6518295042335323e-08,-7.689989222650115e-08,0.9999999999999963,0.0;0.0;0.0;0.0;0.0;0.0;0.0;0.0;0.0,7.621289842063561e-05;0.0;0.0;0.0;7.621289842063561e-05;0.0;0.0;0.0;7.621289842063561e-05,3.999999975690116e-08;0.0;0.0;0.0;3.999999975690116e-08;0.0;0.0;0.0;3.999999975690116e-08
60,120000000,60.12,imu_link,0.006335809744216307,0.0009220369445036267,0.009014566445523531,-0.0002873936424772804,-0.00018258486815446006,9.800046182785216,4.615471675237245e-10,3.6518295042274595e-08,-7.689989222658553e-08,0.9999999999999963,0.0;0.0;0.0;0.0;0.0;0.0;0.0;0.0;0.0,7.621289842063561e-05;0.0;0.0;0.0;7.621289842063561e-05;0.0;0.0;0.0;7.621289842063561e-05,3.999999975690116e-08;0.0;0.0;0.0;3.999999975690116e-08;0.0;0.0;0.0;3.999999975690116e-08
60,140000000,60.14,imu_link,-0.00333321999222765,-0.0009637019963170065,0.016028920662408387,0.00013495959082531817,-5.672364105721267e-05,9.800140623662468,4.6154716759132484e-10,3.6518295042214304e-08,-7.689989222667447e-08,0.9999999999999963,0.0;0.0;0.0;0.0;0.0;0.0;0.0;0.0;0.0,7.621289842063561e-05;0.0;0.0;0.0;7.621289842063561e-05;0.0;0.0;0.0;7.621289842063561e-05,3.999999975690116e-08;0.0;0.0;0.0;3.999999975690116e-08;0.0;0.0;0.0;3.999999975690116e-08
60,160000000,60.16,imu_link,-0.0069709816287012874,-0.0025757139276684857,0.0011166786436519153,1.3932726810788368e-05,-0.00011188584384217688,9.800239873980074,4.6154716764235284e-10,3.6518295042175274e-08,-7.689989222676688e-08,0.9999999999999963,0.0;0.0;0.0;0.0;0.0;0.0;0.0;0.0;0.0,7.621289842063561e-05;0.0;0.0;0.0;7.621289842063561e-05;0.0;0.0;0.0;7.621289842063561e-05,3.999999975690116e-08;0.0;0.0;0.0;3.999999975690116e-08;0.0;0.0;0.0;3.999999975690116e-08
60,180000000,60.18,imu_link,0.004591020920319588,-0.0011818903296856788,-0.00033744290323423,0.00023219808582951323,-0.0003564297514053854,9.800044872432464,4.615471677010827e-10,3.651829504212408e-08,-7.689989222685093e-08,0.9999999999999963,0.0;0.0;0.0;0.0;0.0;0.0;0.0;0.0;0.0,7.621289842063561e-05;0.0;0.0;0.0;7.621289842063561e-05;0.0;0.0;0.0;7.621289842063561e-05,3.999999975690116e-08;0.0;0.0;0.0;3.999999975690116e-08;0.0;0.0;0.0;3.999999975690116e-08
60,200000000,60.2,imu_link,0.010930471780758289,-0.001709800751865785,0.004798592151852058,3.536997927038106e-05,0.00016922524160949517,9.8003358718181,4.6154716776050804e-10,3.6518295042457574e-08,-7.689989222693659e-08,0.9999999999999963,0.0;0.0;0.0;0.0;0.0;0.0;0.0;0.0;0.0,7.621289842063561e-05;0.0;0.0;0.0;7.621289842063561e-05;0.0;0.0;0.0;7.621289842063561e-05,3.999999975690116e-08;0.0;0.0;0.0;3.999999975690116e-08;0.0;0.0;0.0;3.999999975690116e-08
60,220000000,60.22,imu_link,0.0068280437608927045,0.008225809305466052,-0.029068146728081258,0.0001855178395732839,-0.00011650452455186209,9.80014826507997,4.615471678077326e-10,3.651829504240791e-08,-7.689989222701192e-08,0.9999999999999963,0.0;0.0;0.0;0.0;0.0;0.0;0.0;0.0;0.0,7.621289842063561e-05;0.0;0.0;0.0;7.621289842063561e-05;0.0;0.0;0.0;7.621289842063561e-05,3.999999975690116e-08;0.0;0.0;0.0;3.999999975690116e-08;0.0;0.0;0.0;3.999999975690116e-08
60,240000000,60.24,imu_link,-0.00026139278188942944,0.012136158726105444,-0.0251242827158549,0.00022845941414409635,-0.00023340934356515334,9.799828820820201,4.615471678615695e-10,3.651829504235195e-08,-7.689989222709902e-08,0.9999999999999963,0.0;0.0;0.0;0.0;0.0;0.0;0.0;0.0;0.0,7.621289842063561e-05;0.0;0.0;0.0;7.621289842063561e-05;0.0;0.0;0.0;7.621289842063561e-05,3.999999975690116e-08;0.0;0.0;0.0;3.999999975690116e-08;0.0;0.0;0.0;3.999999975690116e-08
60,260000000,60.26,imu_link,0.002539035008923779,-0.0029184146885543496,0.0038591222307359538,0.000130000997053057,0.00014409935889789403,9.800001611837232,4.615471679004466e-10,3.651829504230099e-08,-7.689989222718844e-08,0.9999999999999963,0.0;0.0;0.0;0.0;0.0;0.0;0.0;0.0;0.0,7.621289842063561e-05;0.0;0.0;0.0;7.621289842063561e-05;0.0;0.0;0.0;7.621289842063561e-05,3.999999975690116e-08;0.0;0.0;0.0;3.999999975690116e-08;0.0;0.0;0.0;3.999999975690116e-08
60,280000000,60.28,imu_link,0.0076174156502243654,0.01120077629763475,-0.00812720336097021,0.00023602448865531997,-0.00028229446327891555,9.799996649160612,4.6154716792210057e-10,3.65182950422431e-08,-7.689989222728685e-08,0.9999999999999963,0.0;0.0;0.0;0.0;0.0;0.0;0.0;0.0;0.0,7.621289842063561e-05;0.0;0.0;0.0;7.621289842063561e-05;0.0;0.0;0.0;7.621289842063561e-05,3.999999975690116e-08;0.0;0.0;0.0;3.999999975690116e-08;0.0;0.0;0.0;3.999999975690116e-08
60,300000000,60.3,imu_link,0.0070148605883487555,0.0017202236971699896,-0.0062521101259583305,0.0001300058718391453,0.00017889627677047384,9.79981857703353,4.615471679532434e-10,3.651829504218671e-08,-7.689989222737934e-08,0.9999999999999963,0.0;0.0;0.0;0.0;0.0;0.0;0.0;0.0;0.0,7.621289842063561e-05;0.0;0.0;0.0;7.621289842063561e-05;0.0;0.0;0.0;7.621289842063561e-05,3.999999975690116e-08;0.0;0.0;0.0;3.999999975690116e-08;0.0;0.0;0.0;3.999999975690116e-08
60,320000000,60.32,imu_link,-0.002195091511989116,-0.0033599718044646427,0.0009259967222774382,0.00020351023459779145,-4.65903555175929e-05,9.800097800233596,4.6154716795786967e-10,3.6518295042111455e-08,-7.689989222747146e-08,0.9999999999999963,0.0;0.0;0.0;0.0;0.0;0.0;0.0;0.0;0.0,7.621289842063561e-05;0.0;0.0;0.0;7.621289842063561e-05;0.0;0.0;0.0;7.621289842063561e-05,3.999999975690116e-08;0.0;0.0;0.0;3.999999975690116e-08;0.0;0.0;0.0;3.999999975690116e-08
60,340000000,60.34,imu_link,-0.0052849799589748635,0.004732285231749887,0.0003761677333602148,-0.00011182366912945074,-2.2639636639610765e-06,9.799875618793278,4.615471679911223e-10,3.651829504242586e-08,-7.689989222757021e-08,0.9999999999999963,0.0;0.0;0.0;0.0;0.0;0.0;0.0;0.0;0.0,7.621289842063561e-05;0.0;0.0;0.0;7.621289842063561e-05;0.0;0.0;0.0;7.621289842063561e-05,3.999999975690116e-08;0.0;0.0;0.0;3.999999975690116e-08;0.0;0.0;0.0;3.999999975690116e-08
60,360000000,60.36,imu_link,-0.006694247390853509,-0.00889454016142343,0.0034235600486355777,-0.0001231414389865055,-0.00037269846665278095,9.800021787389538,4.615471680482505e-10,3.651829504236472e-08,-7.689989222766606e-08,0.9999999999999963,0.0;0.0;0.0;0.0;0.0;0.0;0.0;0.0;0.0,7.621289842063561e-05;0.0;0.0;0.0;7.621289842063561e-05;0.0;0.0;0.0;7.621289842063561e-05,3.999999975690116e-08;0.0;0.0;0.0;3.999999975690116e-08;0.0;0.0;0.0;3.999999975690116e-08
60,380000000,60.38,imu_link,-0.005753319269552103,-0.01129524392156636,0.012493455618374213,-5.153892128779873e-05,-0.0003092670435030558,9.800053563227864,4.6154716808623223e-10,3.6518295042294686e-08,-7.689989222776279e-08,0.9999999999999963,0.0;0.0;0.0;0.0;0.0;0.0;0.0;0.0;0.0,7.621289842063561e-05;0.0;0.0;0.0;7.621289842063561e-05;0.0;0.0;0.0;7.621289842063561e-05,3.999999975690116e-08;0.0;0.0;0.0;3.999999975690116e-08;0.0;0.0;0.0;3.999999975690116e-08
60,400000000,60.4,imu_link,0.0022987352626674252,0.004901107794065879,-0.0069993363094878755,-6.179537242629159e-05,-0.00023561351835859994,9.800243929995437,4.6154716812828423e-10,3.651829504222899e-08,-7.689989222785874e-08,0.9999999999999963,0.0;0.0;0.0;0.0;0.0;0.0;0.0;0.0;0.0,7.621289842063561e-05;0.0;0.0;0.0;7.621289842063561e-05;0.0;0.0;0.0;7.621289842063561e-05,3.999999975690116e-08;0.0;0.0;0.0;3.999999975690116e-08;0.0;0.0;0.0;3.999999975690116e-08
60,420000000,60.42,imu_link,0.0017915915006598729,-0.0008925717568597136,-0.00010936928597517151,-0.00011409873364936708,-0.00024868264635139126,9.800337142697897,4.615471681789839e-10,3.6518295042157427e-08,-7.689989222795634e-08,0.9999999999999963,0.0;0.0;0.0;0.0;0.0;0.0;0.0;0.0;0.0,7.621289842063561e-05;0.0;0.0;0.0;7.621289842063561e-05;0.0;0.0;0.0;7.621289842063561e-05,3.999999975690116e-08;0.0;0.0;0.0;3.999999975690116e-08;0.0;0.0;0.0;3.999999975690116e-08
60,440000000,60.44,imu_link,0.0032178904261494015,0.00732689578918947,0.006288265930447557,8.076694217294035e-05,-9.791834289398083e-05,9.799934253704661,4.6154716820551917e-10,3.651829504208997e-08,-7.689989222805895e-08,0.9999999999999963,0.0;0.0;0.0;0.0;0.0;0.0;0.0;0.0;0.0,7.621289842063561e-05;0.0;0.0;0.0;7.621289842063561e-05;0.0;0.0;0.0;7.621289842063561e-05,3.999999975690116e-08;0.0;0.0;0.0;3.999999975690116e-08;0.0;0.0;0.0;3.999999975690116e-08
60,460000000,60.46,imu_link,-7.78418796085424e-06,0.01021205742772524,0.0049775368829793115,0.00018162827212689142,-0.0003106986291723125,9.799889710608817,4.6154716824035645e-10,3.6518295042424546e-08,-7.689989222814855e-08,0.9999999999999963,0.0;0.0;0.0;0.0;0.0;0.0;0.0;0.0;0.0,7.621289842063561e-05;0.0;0.0;0.0;7.621289842063561e-05;0.0;0.0;0.0;7.621289842063561e-05,3.999999975690116e-08;0.0;0.0;0.0;3.999999975690116e-08;0.0;0.0;0.0;3.999999975690116e-08
60,480000000,60.48,imu_link,0.001845660645426831,-0.01265531250488917,0.011134099908688244,0.0002249959291937837,0.00024337864594750207,9.800022030082221,4.615471682818613e-10,3.651829504235494e-08,-7.689989222824475e-08,0.9999999999999963,0.0;0.0;0.0;0.0;0.0;0.0;0.0;0.0;0.0,7.621289842063561e-05;0.0;0.0;0.0;7.621289842063561e-05;0.0;0.0;0.0;7.621289842063561e-05,3.999999975690116e-08;0.0;0.0;0.0;3.999999975690116e-08;0.0;0.0;0.0;3.999999975690116e-08
60,500000000,60.5,imu_link,-0.026135608367894813,-0.017848194765407686,-0.013035062785679037,-0.0001436265407359554,-0.00037451334295346184,9.800011425818525,4.6154716831866714e-10,3.6518295042284885e-08,-7.689989222834351e-08,0.9999999999999963,0.0;0.0;0.0;0.0;0.0;0.0;0.0;0.0;0.0,7.621289842063561e-05;0.0;0.0;0.0;7.621289842063561e-05;0.0;0.0;0.0;7.621289842063561e-05,3.999999975690116e-08;0.0;0.0;0.0;3.999999975690116e-08;0.0;0.0;0.0;3.999999975690116e-08
60,520000000,60.52,imu_link,-0.010558557485986565,-0.021243395645879057,-0.0031517667838465834,-5.848478745091726e-05,0.0001878271830399198,9.799813629256306,4.615471683456364e-10,3.651829504222156e-08,-7.689989222844296e-08,0.9999999999999963,0.0;0.0;0.0;0.0;0.0;0.0;0.0;0.0;0.0,7.621289842063561e-05;0.0;0.0;0.0;7.621289842063561e-05;0.0;0.0;0.0;7.621289842063561e-05,3.999999975690116e-08;0.0;0.0;0.0;3.999999975690116e-08;0.0;0.0;0.0;3.999999975690116e-08
60,540000000,60.54,imu_link,0.006860962574202925,0.0008144348351030629,0.0073712267973920385,-9.553420916797615e-05,-0.00012202192704659047,9.80019840673678,4.615471683933965e-10,3.6518295042152166e-08,-7.689989222854528e-08,0.9999999999999963,0.0;0.0;0.0;0.0;0.0;0.0;0.0;0.0;0.0,7.621289842063561e-05;0.0;0.0;0.0;7.621289842063561e-05;0.0;0.0;0.0;7.621289842063561e-05,3.999999975690116e-08;0.0;0.0;0.0;3.999999975690116e-08;0.0;0.0;0.0;3.999999975690116e-08
60,560000000,60.56,imu_link,-0.0023367248794260507,0.011604145104112194,-0.002822549489702365,0.00014695684648987188,-0.00012885341443089833,9.7998872695677,4.615471684238246e-10,3.651829504208885e-08,-7.689989222864157e-08,0.9999999999999963,0.0;0.0;0.0;0.0;0.0;0.0;0.0;0.0;0.0,7.621289842063561e-05;0.0;0.0;0.0;7.621289842063561e-05;0.0;0.0;0.0;7.621289842063561e-05,3.999999975690116e-08;0.0;0.0;0.0;3.999999975690116e-08;0.0;0.0;0.0;3.999999975690116e-08
60,580000000,60.58,imu_link,-0.0034762521909562786,0.0018121656742076315,0.006586680405166365,0.0004415782167368532,-0.00037850706524521444,9.800279821149278,4.615471684753963e-10,3.651829504241735e-08,-7.689989222874086e-08,0.9999999999999963,0.0;0.0;0.0;0.0;0.0;0.0;0.0;0.0;0.0,7.621289842063561e-05;0.0;0.0;0.0;7.621289842063561e-05;0.0;0.0;0.0;7.621289842063561e-05,3.999999975690116e-08;0.0;0.0;0.0;3.999999975690116e-08;0.0;0.0;0.0;3.999999975690116e-08
60,600000000,60.6,imu_link,0.023032147318720133,-0.004913713814865547,0.018006513421002755,0.00012177648026327813,0.00021320575601984677,9.800428233222625,4.6154716853090736e-10,3.651829504235489e-08,-7.689989222883486e-08,0.9999999999999963,0.0;0.0;0.0;0.0;0.0;0.0;0.0;0.0;0.0,7.621289842063561e-05;0.0;0.0;0.0;7.621289842063561e-05;0.0;0.0;0.0;7.621289842063561e-05,3.999999975690116e-08;0.0;0.0;0.0;3.999999975690116e-08;0.0;0.0;0.0;3.999999975690116e-08
60,620000000,60.62,imu_link,0.010124272775796831,0.013255052877999928,-0.012732108187838488,-3.986613707035089e-05,-0.00013256006852383002,9.800253986819376,4.6154716856773453e-10,3.651829504229525e-08,-7.689989222893246e-08,0.9999999999999963,0.0;0.0;0.0;0.0;0.0;0.0;0.0;0.0;0.0,7.621289842063561e-05;0.0;0.0;0.0;7.621289842063561e-05;0.0;0.0;0.0;7.621289842063561e-05,3.999999975690116e-08;0.0;0.0;0.0;3.999999975690116e-08;0.0;0.0;0.0;3.999999975690116e-08
60,640000000,60.64,imu_link,-0.0047895407001983204,-0.0002101536470431262,0.0038652356632722083,8.188480814992898e-05,0.00019811136789787048,9.80006956160358,4.6154716860076747e-10,3.651829504223474e-08,-7.689989222902915e-08,0.9999999999999963,0.0;0.0;0.0;0.0;0.0;0.0;0.0;0.0;0.0,7.621289842063561e-05;0.0;0.0;0.0;7.621289842063561e-05;0.0;0.0;0.0;7.621289842063561e-05,3.999999975690116e-08;0.0;0.0;0.0;3.999999975690116e-08;0.0;0.0;0.0;3.999999975690116e-08
60,660000000,60.66,imu_link,0.0041427575009084176,0.008546854462272198,-0.0030793741605924423,9.299467169750806e-05,-1.0706232531379882e-05,9.800119537792376,4.6154716862746245e-10,3.6518295042179224e-08,-7.68998922291236e-08,0.9999999999999963,0.0;0.0;0.0;0.0;0.0;0.0;0.0;0.0;0.0,7.621289842063561e-05;0.0;0.0;0.0;7.621289842063561e-05;0.0;0.0;0.0;7.621289842063561e-05,3.999999975690116e-08;0.0;0.0;0.0;3.999999975690116e-08;0.0;0.0;0.0;3.999999975690116e-08
60,680000000,60.68,imu_link,0.004398487894966429,-0.001996249247476703,-0.0032821471355875104,-3.097392522846855e-06,-0.00023841867982546166,9.800316418264648,4.615471686783635e-10,3.6518295042113526e-08,-7.689989222922384e-08,0.9999999999999963,0.0;0.0;0.0;0.0;0.0;0.0;0.0;0.0;0.0,7.621289842063561e-05;0.0;0.0;0.0;7.621289842063561e-05;0.0;0.0;0.0;7.621289842063561e-05,3.999999975690116e-08;0.0;0.0;0.0;3.999999975690116e-08;0.0;0.0;0.0;3.999999975690116e-08
60,700000000,60.7,imu_link,-0.0073780654795482835,0.008681949275799645,-0.005079176420176108,2.8870580056999056e-05,-0.0002488035499281775,9.800104041844113,4.61547168724004e-10,3.651829504244484e-08,-7.689989222932497e-08,0.9999999999999963,0.0;0.0;0.0;0.0;0.0;0.0;0.0;0.0;0.0,7.621289842063561e-05;0.0;0.0;0.0;7.621289842063561e-05;0.0;0.0;0.0;7.621289842063561e-05,3.999999975690116e-08;0.0;0.0;0.0;3.999999975690116e-08;0.0;0.0;0.0;3.999999975690116e-08
60,720000000,60.72,imu_link,0.0021733467385968994,-0.002193198779452522,-0.0037936596476016034,-4.980848510616475e-06,-0.00018624752366358852,9.799858373771176,4.615471687561853e-10,3.651829504238759e-08,-7.689989222941764e-08,0.9999999999999963,0.0;0.0;0.0;0.0;0.0;0.0;0.0;0.0;0.0,7.621289842063561e-05;0.0;0.0;0.0;7.621289842063561e-05;0.0;0.0;0.0;7.621289842063561e-05,3.999999975690116e-08;0.0;0.0;0.0;3.999999975690116e-08;0.0;0.0;0.0;3.999999975690116e-08
